language_code,infinitive,mood,tense,pronoun,conjugated_form,batch,review_status,source_note
ES,ser,Indicativo,Presente,yo,soy,1,reviewed,
ES,ser,Indicativo,Presente,tú,eres,1,reviewed,
ES,ser,Indicativo,Presente,él,es,1,reviewed,
ES,ser,Indicativo,Presente,nosotros,somos,1,reviewed,
ES,ser,Indicativo,Presente,vosotros,sois,1,reviewed,
ES,ser,Indicativo,Presente,ellos,son,1,reviewed,
ES,ser,Indicativo,Futuro,yo,seré,1,reviewed,
ES,ser,Indicativo,Futuro,tú,serás,1,reviewed,
ES,ser,Indicativo,Futuro,él,será,1,reviewed,
ES,ser,Indicativo,Futuro,nosotros,seremos,1,reviewed,
ES,ser,Indicativo,Futuro,vosotros,seréis,1,reviewed,
ES,ser,Indicativo,Futuro,ellos,serán,1,reviewed,
ES,ser,Indicativo,Pretérito perfecto compuesto,yo,he sido,1,reviewed,
ES,ser,Indicativo,Pretérito perfecto compuesto,tú,has sido,1,reviewed,
ES,ser,Indicativo,Pretérito perfecto compuesto,él,ha sido,1,reviewed,
ES,ser,Indicativo,Pretérito perfecto compuesto,nosotros,hemos sido,1,reviewed,
ES,ser,Indicativo,Pretérito perfecto compuesto,vosotros,habéis sido,1,reviewed,
ES,ser,Indicativo,Pretérito perfecto compuesto,ellos,han sido,1,reviewed,
ES,ser,Indicativo,Pretérito imperfecto,yo,era,1,reviewed,
ES,ser,Indicativo,Pretérito imperfecto,tú,eras,1,reviewed,
ES,ser,Indicativo,Pretérito imperfecto,él,era,1,reviewed,
ES,ser,Indicativo,Pretérito imperfecto,nosotros,éramos,1,reviewed,
ES,ser,Indicativo,Pretérito imperfecto,vosotros,erais,1,reviewed,
ES,ser,Indicativo,Pretérito imperfecto,ellos,eran,1,reviewed,
ES,ser,Condicional,Condicional,yo,sería,1,reviewed,
ES,ser,Condicional,Condicional,tú,serías,1,reviewed,
ES,ser,Condicional,Condicional,él,sería,1,reviewed,
ES,ser,Condicional,Condicional,nosotros,seríamos,1,reviewed,
ES,ser,Condicional,Condicional,vosotros,seríais,1,reviewed,
ES,ser,Condicional,Condicional,ellos,serían,1,reviewed,
ES,ser,Imperativo,Imperativo,yo,-,1,reviewed,yo imperative placeholder -; no standard form
ES,ser,Imperativo,Imperativo,tú,sé,1,reviewed,
ES,ser,Imperativo,Imperativo,él,sea,1,reviewed,
ES,ser,Imperativo,Imperativo,nosotros,seamos,1,reviewed,
ES,ser,Imperativo,Imperativo,vosotros,sed,1,reviewed,
ES,ser,Imperativo,Imperativo,ellos,sean,1,reviewed,
ES,ser,Indicativo,Futuro perfecto,yo,habré sido,1,reviewed,
ES,ser,Indicativo,Futuro perfecto,tú,habrás sido,1,reviewed,
ES,ser,Indicativo,Futuro perfecto,él,habrá sido,1,reviewed,
ES,ser,Indicativo,Futuro perfecto,nosotros,habremos sido,1,reviewed,
ES,ser,Indicativo,Futuro perfecto,vosotros,habréis sido,1,reviewed,
ES,ser,Indicativo,Futuro perfecto,ellos,habrán sido,1,reviewed,
ES,ser,Subjuntivo,Subjuntivo presente,yo,sea,1,reviewed,
ES,ser,Subjuntivo,Subjuntivo presente,tú,seas,1,reviewed,
ES,ser,Subjuntivo,Subjuntivo presente,él,sea,1,reviewed,
ES,ser,Subjuntivo,Subjuntivo presente,nosotros,seamos,1,reviewed,
ES,ser,Subjuntivo,Subjuntivo presente,vosotros,seáis,1,reviewed,
ES,ser,Subjuntivo,Subjuntivo presente,ellos,sean,1,reviewed,
ES,ser,Indicativo,Pretérito perfecto simple,yo,fui,1,reviewed,
ES,ser,Indicativo,Pretérito perfecto simple,tú,fuiste,1,reviewed,
ES,ser,Indicativo,Pretérito perfecto simple,él,fue,1,reviewed,
ES,ser,Indicativo,Pretérito perfecto simple,nosotros,fuimos,1,reviewed,
ES,ser,Indicativo,Pretérito perfecto simple,vosotros,fuisteis,1,reviewed,
ES,ser,Indicativo,Pretérito perfecto simple,ellos,fueron,1,reviewed,
ES,ser,Indicativo,Pretérito pluscuamperfecto,yo,había sido,1,reviewed,
ES,ser,Indicativo,Pretérito pluscuamperfecto,tú,habías sido,1,reviewed,
ES,ser,Indicativo,Pretérito pluscuamperfecto,él,había sido,1,reviewed,
ES,ser,Indicativo,Pretérito pluscuamperfecto,nosotros,habíamos sido,1,reviewed,
ES,ser,Indicativo,Pretérito pluscuamperfecto,vosotros,habíais sido,1,reviewed,
ES,ser,Indicativo,Pretérito pluscuamperfecto,ellos,habían sido,1,reviewed,
ES,estar,Indicativo,Presente,yo,estoy,1,reviewed,
ES,estar,Indicativo,Presente,tú,estás,1,reviewed,
ES,estar,Indicativo,Presente,él,está,1,reviewed,
ES,estar,Indicativo,Presente,nosotros,estamos,1,reviewed,
ES,estar,Indicativo,Presente,vosotros,estáis,1,reviewed,
ES,estar,Indicativo,Presente,ellos,están,1,reviewed,
ES,estar,Indicativo,Futuro,yo,estaré,1,reviewed,
ES,estar,Indicativo,Futuro,tú,estarás,1,reviewed,
ES,estar,Indicativo,Futuro,él,estará,1,reviewed,
ES,estar,Indicativo,Futuro,nosotros,estaremos,1,reviewed,
ES,estar,Indicativo,Futuro,vosotros,estaréis,1,reviewed,
ES,estar,Indicativo,Futuro,ellos,estarán,1,reviewed,
ES,estar,Indicativo,Pretérito perfecto compuesto,yo,he estado,1,reviewed,
ES,estar,Indicativo,Pretérito perfecto compuesto,tú,has estado,1,reviewed,
ES,estar,Indicativo,Pretérito perfecto compuesto,él,ha estado,1,reviewed,
ES,estar,Indicativo,Pretérito perfecto compuesto,nosotros,hemos estado,1,reviewed,
ES,estar,Indicativo,Pretérito perfecto compuesto,vosotros,habéis estado,1,reviewed,
ES,estar,Indicativo,Pretérito perfecto compuesto,ellos,han estado,1,reviewed,
ES,estar,Indicativo,Pretérito imperfecto,yo,estaba,1,reviewed,
ES,estar,Indicativo,Pretérito imperfecto,tú,estabas,1,reviewed,
ES,estar,Indicativo,Pretérito imperfecto,él,estaba,1,reviewed,
ES,estar,Indicativo,Pretérito imperfecto,nosotros,estábamos,1,reviewed,
ES,estar,Indicativo,Pretérito imperfecto,vosotros,estabais,1,reviewed,
ES,estar,Indicativo,Pretérito imperfecto,ellos,estaban,1,reviewed,
ES,estar,Condicional,Condicional,yo,estaría,1,reviewed,
ES,estar,Condicional,Condicional,tú,estarías,1,reviewed,
ES,estar,Condicional,Condicional,él,estaría,1,reviewed,
ES,estar,Condicional,Condicional,nosotros,estaríamos,1,reviewed,
ES,estar,Condicional,Condicional,vosotros,estaríais,1,reviewed,
ES,estar,Condicional,Condicional,ellos,estarían,1,reviewed,
ES,estar,Imperativo,Imperativo,yo,-,1,reviewed,yo imperative placeholder -; no standard form
ES,estar,Imperativo,Imperativo,tú,está,1,reviewed,
ES,estar,Imperativo,Imperativo,él,esté,1,reviewed,
ES,estar,Imperativo,Imperativo,nosotros,estemos,1,reviewed,
ES,estar,Imperativo,Imperativo,vosotros,estad,1,reviewed,
ES,estar,Imperativo,Imperativo,ellos,estén,1,reviewed,
ES,estar,Indicativo,Futuro perfecto,yo,habré estado,1,reviewed,
ES,estar,Indicativo,Futuro perfecto,tú,habrás estado,1,reviewed,
ES,estar,Indicativo,Futuro perfecto,él,habrá estado,1,reviewed,
ES,estar,Indicativo,Futuro perfecto,nosotros,habremos estado,1,reviewed,
ES,estar,Indicativo,Futuro perfecto,vosotros,habréis estado,1,reviewed,
ES,estar,Indicativo,Futuro perfecto,ellos,habrán estado,1,reviewed,
ES,estar,Subjuntivo,Subjuntivo presente,yo,esté,1,reviewed,
ES,estar,Subjuntivo,Subjuntivo presente,tú,estés,1,reviewed,
ES,estar,Subjuntivo,Subjuntivo presente,él,esté,1,reviewed,
ES,estar,Subjuntivo,Subjuntivo presente,nosotros,estemos,1,reviewed,
ES,estar,Subjuntivo,Subjuntivo presente,vosotros,estéis,1,reviewed,
ES,estar,Subjuntivo,Subjuntivo presente,ellos,estén,1,reviewed,
ES,estar,Indicativo,Pretérito perfecto simple,yo,estuve,1,reviewed,
ES,estar,Indicativo,Pretérito perfecto simple,tú,estuviste,1,reviewed,
ES,estar,Indicativo,Pretérito perfecto simple,él,estuvo,1,reviewed,
ES,estar,Indicativo,Pretérito perfecto simple,nosotros,estuvimos,1,reviewed,
ES,estar,Indicativo,Pretérito perfecto simple,vosotros,estuvisteis,1,reviewed,
ES,estar,Indicativo,Pretérito perfecto simple,ellos,estuvieron,1,reviewed,
ES,estar,Indicativo,Pretérito pluscuamperfecto,yo,había estado,1,reviewed,
ES,estar,Indicativo,Pretérito pluscuamperfecto,tú,habías estado,1,reviewed,
ES,estar,Indicativo,Pretérito pluscuamperfecto,él,había estado,1,reviewed,
ES,estar,Indicativo,Pretérito pluscuamperfecto,nosotros,habíamos estado,1,reviewed,
ES,estar,Indicativo,Pretérito pluscuamperfecto,vosotros,habíais estado,1,reviewed,
ES,estar,Indicativo,Pretérito pluscuamperfecto,ellos,habían estado,1,reviewed,
ES,tener,Indicativo,Presente,yo,tengo,1,reviewed,
ES,tener,Indicativo,Presente,tú,tienes,1,reviewed,
ES,tener,Indicativo,Presente,él,tiene,1,reviewed,
ES,tener,Indicativo,Presente,nosotros,tenemos,1,reviewed,
ES,tener,Indicativo,Presente,vosotros,tenéis,1,reviewed,
ES,tener,Indicativo,Presente,ellos,tienen,1,reviewed,
ES,tener,Indicativo,Futuro,yo,tendré,1,reviewed,
ES,tener,Indicativo,Futuro,tú,tendrás,1,reviewed,
ES,tener,Indicativo,Futuro,él,tendrá,1,reviewed,
ES,tener,Indicativo,Futuro,nosotros,tendremos,1,reviewed,
ES,tener,Indicativo,Futuro,vosotros,tendréis,1,reviewed,
ES,tener,Indicativo,Futuro,ellos,tendrán,1,reviewed,
ES,tener,Indicativo,Pretérito perfecto compuesto,yo,he tenido,1,reviewed,
ES,tener,Indicativo,Pretérito perfecto compuesto,tú,has tenido,1,reviewed,
ES,tener,Indicativo,Pretérito perfecto compuesto,él,ha tenido,1,reviewed,
ES,tener,Indicativo,Pretérito perfecto compuesto,nosotros,hemos tenido,1,reviewed,
ES,tener,Indicativo,Pretérito perfecto compuesto,vosotros,habéis tenido,1,reviewed,
ES,tener,Indicativo,Pretérito perfecto compuesto,ellos,han tenido,1,reviewed,
ES,tener,Indicativo,Pretérito imperfecto,yo,tenía,1,reviewed,
ES,tener,Indicativo,Pretérito imperfecto,tú,tenías,1,reviewed,
ES,tener,Indicativo,Pretérito imperfecto,él,tenía,1,reviewed,
ES,tener,Indicativo,Pretérito imperfecto,nosotros,teníamos,1,reviewed,
ES,tener,Indicativo,Pretérito imperfecto,vosotros,teníais,1,reviewed,
ES,tener,Indicativo,Pretérito imperfecto,ellos,tenían,1,reviewed,
ES,tener,Condicional,Condicional,yo,tendría,1,reviewed,
ES,tener,Condicional,Condicional,tú,tendrías,1,reviewed,
ES,tener,Condicional,Condicional,él,tendría,1,reviewed,
ES,tener,Condicional,Condicional,nosotros,tendríamos,1,reviewed,
ES,tener,Condicional,Condicional,vosotros,tendríais,1,reviewed,
ES,tener,Condicional,Condicional,ellos,tendrían,1,reviewed,
ES,tener,Imperativo,Imperativo,yo,-,1,reviewed,yo imperative placeholder -; no standard form
ES,tener,Imperativo,Imperativo,tú,ten,1,reviewed,
ES,tener,Imperativo,Imperativo,él,tenga,1,reviewed,
ES,tener,Imperativo,Imperativo,nosotros,tengamos,1,reviewed,
ES,tener,Imperativo,Imperativo,vosotros,tened,1,reviewed,
ES,tener,Imperativo,Imperativo,ellos,tengan,1,reviewed,
ES,tener,Indicativo,Futuro perfecto,yo,habré tenido,1,reviewed,
ES,tener,Indicativo,Futuro perfecto,tú,habrás tenido,1,reviewed,
ES,tener,Indicativo,Futuro perfecto,él,habrá tenido,1,reviewed,
ES,tener,Indicativo,Futuro perfecto,nosotros,habremos tenido,1,reviewed,
ES,tener,Indicativo,Futuro perfecto,vosotros,habréis tenido,1,reviewed,
ES,tener,Indicativo,Futuro perfecto,ellos,habrán tenido,1,reviewed,
ES,tener,Subjuntivo,Subjuntivo presente,yo,tenga,1,reviewed,
ES,tener,Subjuntivo,Subjuntivo presente,tú,tengas,1,reviewed,
ES,tener,Subjuntivo,Subjuntivo presente,él,tenga,1,reviewed,
ES,tener,Subjuntivo,Subjuntivo presente,nosotros,tengamos,1,reviewed,
ES,tener,Subjuntivo,Subjuntivo presente,vosotros,tengáis,1,reviewed,
ES,tener,Subjuntivo,Subjuntivo presente,ellos,tengan,1,reviewed,
ES,tener,Indicativo,Pretérito perfecto simple,yo,tuve,1,reviewed,
ES,tener,Indicativo,Pretérito perfecto simple,tú,tuviste,1,reviewed,
ES,tener,Indicativo,Pretérito perfecto simple,él,tuvo,1,reviewed,
ES,tener,Indicativo,Pretérito perfecto simple,nosotros,tuvimos,1,reviewed,
ES,tener,Indicativo,Pretérito perfecto simple,vosotros,tuvisteis,1,reviewed,
ES,tener,Indicativo,Pretérito perfecto simple,ellos,tuvieron,1,reviewed,
ES,tener,Indicativo,Pretérito pluscuamperfecto,yo,había tenido,1,reviewed,
ES,tener,Indicativo,Pretérito pluscuamperfecto,tú,habías tenido,1,reviewed,
ES,tener,Indicativo,Pretérito pluscuamperfecto,él,había tenido,1,reviewed,
ES,tener,Indicativo,Pretérito pluscuamperfecto,nosotros,habíamos tenido,1,reviewed,
ES,tener,Indicativo,Pretérito pluscuamperfecto,vosotros,habíais tenido,1,reviewed,
ES,tener,Indicativo,Pretérito pluscuamperfecto,ellos,habían tenido,1,reviewed,
ES,haber,Indicativo,Presente,yo,he,1,reviewed,lexical haber uncommon; full paradigm kept
ES,haber,Indicativo,Presente,tú,has,1,reviewed,lexical haber uncommon; full paradigm kept
ES,haber,Indicativo,Presente,él,ha,1,reviewed,lexical haber uncommon; full paradigm kept
ES,haber,Indicativo,Presente,nosotros,hemos,1,reviewed,lexical haber uncommon; full paradigm kept
ES,haber,Indicativo,Presente,vosotros,habéis,1,reviewed,lexical haber uncommon; full paradigm kept
ES,haber,Indicativo,Presente,ellos,han,1,reviewed,lexical haber uncommon; full paradigm kept
ES,haber,Indicativo,Futuro,yo,habré,1,reviewed,lexical haber uncommon; full paradigm kept
ES,haber,Indicativo,Futuro,tú,habrás,1,reviewed,lexical haber uncommon; full paradigm kept
ES,haber,Indicativo,Futuro,él,habrá,1,reviewed,lexical haber uncommon; full paradigm kept
ES,haber,Indicativo,Futuro,nosotros,habremos,1,reviewed,lexical haber uncommon; full paradigm kept
ES,haber,Indicativo,Futuro,vosotros,habréis,1,reviewed,lexical haber uncommon; full paradigm kept
ES,haber,Indicativo,Futuro,ellos,habrán,1,reviewed,lexical haber uncommon; full paradigm kept
ES,haber,Indicativo,Pretérito perfecto compuesto,yo,he habido,1,reviewed,lexical haber uncommon; full paradigm kept
ES,haber,Indicativo,Pretérito perfecto compuesto,tú,has habido,1,reviewed,lexical haber uncommon; full paradigm kept
ES,haber,Indicativo,Pretérito perfecto compuesto,él,ha habido,1,reviewed,lexical haber uncommon; full paradigm kept
ES,haber,Indicativo,Pretérito perfecto compuesto,nosotros,hemos habido,1,reviewed,lexical haber uncommon; full paradigm kept
ES,haber,Indicativo,Pretérito perfecto compuesto,vosotros,habéis habido,1,reviewed,lexical haber uncommon; full paradigm kept
ES,haber,Indicativo,Pretérito perfecto compuesto,ellos,han habido,1,reviewed,lexical haber uncommon; full paradigm kept
ES,haber,Indicativo,Pretérito imperfecto,yo,había,1,reviewed,lexical haber uncommon; full paradigm kept
ES,haber,Indicativo,Pretérito imperfecto,tú,habías,1,reviewed,lexical haber uncommon; full paradigm kept
ES,haber,Indicativo,Pretérito imperfecto,él,había,1,reviewed,lexical haber uncommon; full paradigm kept
ES,haber,Indicativo,Pretérito imperfecto,nosotros,habíamos,1,reviewed,lexical haber uncommon; full paradigm kept
ES,haber,Indicativo,Pretérito imperfecto,vosotros,habíais,1,reviewed,lexical haber uncommon; full paradigm kept
ES,haber,Indicativo,Pretérito imperfecto,ellos,habían,1,reviewed,lexical haber uncommon; full paradigm kept
ES,haber,Condicional,Condicional,yo,habría,1,reviewed,lexical haber uncommon; full paradigm kept
ES,haber,Condicional,Condicional,tú,habrías,1,reviewed,lexical haber uncommon; full paradigm kept
ES,haber,Condicional,Condicional,él,habría,1,reviewed,lexical haber uncommon; full paradigm kept
ES,haber,Condicional,Condicional,nosotros,habríamos,1,reviewed,lexical haber uncommon; full paradigm kept
ES,haber,Condicional,Condicional,vosotros,habríais,1,reviewed,lexical haber uncommon; full paradigm kept
ES,haber,Condicional,Condicional,ellos,habrían,1,reviewed,lexical haber uncommon; full paradigm kept
ES,haber,Imperativo,Imperativo,yo,-,1,reviewed,lexical haber uncommon; imperative unavailable in current usage
ES,haber,Imperativo,Imperativo,tú,-,1,reviewed,lexical haber uncommon; imperative unavailable in current usage
ES,haber,Imperativo,Imperativo,él,-,1,reviewed,lexical haber uncommon; imperative unavailable in current usage
ES,haber,Imperativo,Imperativo,nosotros,-,1,reviewed,lexical haber uncommon; imperative unavailable in current usage
ES,haber,Imperativo,Imperativo,vosotros,-,1,reviewed,lexical haber uncommon; imperative unavailable in current usage
ES,haber,Imperativo,Imperativo,ellos,-,1,reviewed,lexical haber uncommon; imperative unavailable in current usage
ES,haber,Indicativo,Futuro perfecto,yo,habré habido,1,reviewed,lexical haber uncommon; full paradigm kept
ES,haber,Indicativo,Futuro perfecto,tú,habrás habido,1,reviewed,lexical haber uncommon; full paradigm kept
ES,haber,Indicativo,Futuro perfecto,él,habrá habido,1,reviewed,lexical haber uncommon; full paradigm kept
ES,haber,Indicativo,Futuro perfecto,nosotros,habremos habido,1,reviewed,lexical haber uncommon; full paradigm kept
ES,haber,Indicativo,Futuro perfecto,vosotros,habréis habido,1,reviewed,lexical haber uncommon; full paradigm kept
ES,haber,Indicativo,Futuro perfecto,ellos,habrán habido,1,reviewed,lexical haber uncommon; full paradigm kept
ES,haber,Subjuntivo,Subjuntivo presente,yo,haya,1,reviewed,lexical haber uncommon; full paradigm kept
ES,haber,Subjuntivo,Subjuntivo presente,tú,hayas,1,reviewed,lexical haber uncommon; full paradigm kept
ES,haber,Subjuntivo,Subjuntivo presente,él,haya,1,reviewed,lexical haber uncommon; full paradigm kept
ES,haber,Subjuntivo,Subjuntivo presente,nosotros,hayamos,1,reviewed,lexical haber uncommon; full paradigm kept
ES,haber,Subjuntivo,Subjuntivo presente,vosotros,hayáis,1,reviewed,lexical haber uncommon; full paradigm kept
ES,haber,Subjuntivo,Subjuntivo presente,ellos,hayan,1,reviewed,lexical haber uncommon; full paradigm kept
ES,haber,Indicativo,Pretérito perfecto simple,yo,hube,1,reviewed,lexical haber uncommon; full paradigm kept
ES,haber,Indicativo,Pretérito perfecto simple,tú,hubiste,1,reviewed,lexical haber uncommon; full paradigm kept
ES,haber,Indicativo,Pretérito perfecto simple,él,hubo,1,reviewed,lexical haber uncommon; full paradigm kept
ES,haber,Indicativo,Pretérito perfecto simple,nosotros,hubimos,1,reviewed,lexical haber uncommon; full paradigm kept
ES,haber,Indicativo,Pretérito perfecto simple,vosotros,hubisteis,1,reviewed,lexical haber uncommon; full paradigm kept
ES,haber,Indicativo,Pretérito perfecto simple,ellos,hubieron,1,reviewed,lexical haber uncommon; full paradigm kept
ES,haber,Indicativo,Pretérito pluscuamperfecto,yo,había habido,1,reviewed,lexical haber uncommon; full paradigm kept
ES,haber,Indicativo,Pretérito pluscuamperfecto,tú,habías habido,1,reviewed,lexical haber uncommon; full paradigm kept
ES,haber,Indicativo,Pretérito pluscuamperfecto,él,había habido,1,reviewed,lexical haber uncommon; full paradigm kept
ES,haber,Indicativo,Pretérito pluscuamperfecto,nosotros,habíamos habido,1,reviewed,lexical haber uncommon; full paradigm kept
ES,haber,Indicativo,Pretérito pluscuamperfecto,vosotros,habíais habido,1,reviewed,lexical haber uncommon; full paradigm kept
ES,haber,Indicativo,Pretérito pluscuamperfecto,ellos,habían habido,1,reviewed,lexical haber uncommon; full paradigm kept
ES,hacer,Indicativo,Presente,yo,hago,1,reviewed,
ES,hacer,Indicativo,Presente,tú,haces,1,reviewed,
ES,hacer,Indicativo,Presente,él,hace,1,reviewed,
ES,hacer,Indicativo,Presente,nosotros,hacemos,1,reviewed,
ES,hacer,Indicativo,Presente,vosotros,hacéis,1,reviewed,
ES,hacer,Indicativo,Presente,ellos,hacen,1,reviewed,
ES,hacer,Indicativo,Futuro,yo,haré,1,reviewed,
ES,hacer,Indicativo,Futuro,tú,harás,1,reviewed,
ES,hacer,Indicativo,Futuro,él,hará,1,reviewed,
ES,hacer,Indicativo,Futuro,nosotros,haremos,1,reviewed,
ES,hacer,Indicativo,Futuro,vosotros,haréis,1,reviewed,
ES,hacer,Indicativo,Futuro,ellos,harán,1,reviewed,
ES,hacer,Indicativo,Pretérito perfecto compuesto,yo,he hecho,1,reviewed,
ES,hacer,Indicativo,Pretérito perfecto compuesto,tú,has hecho,1,reviewed,
ES,hacer,Indicativo,Pretérito perfecto compuesto,él,ha hecho,1,reviewed,
ES,hacer,Indicativo,Pretérito perfecto compuesto,nosotros,hemos hecho,1,reviewed,
ES,hacer,Indicativo,Pretérito perfecto compuesto,vosotros,habéis hecho,1,reviewed,
ES,hacer,Indicativo,Pretérito perfecto compuesto,ellos,han hecho,1,reviewed,
ES,hacer,Indicativo,Pretérito imperfecto,yo,hacía,1,reviewed,
ES,hacer,Indicativo,Pretérito imperfecto,tú,hacías,1,reviewed,
ES,hacer,Indicativo,Pretérito imperfecto,él,hacía,1,reviewed,
ES,hacer,Indicativo,Pretérito imperfecto,nosotros,hacíamos,1,reviewed,
ES,hacer,Indicativo,Pretérito imperfecto,vosotros,hacíais,1,reviewed,
ES,hacer,Indicativo,Pretérito imperfecto,ellos,hacían,1,reviewed,
ES,hacer,Condicional,Condicional,yo,haría,1,reviewed,
ES,hacer,Condicional,Condicional,tú,harías,1,reviewed,
ES,hacer,Condicional,Condicional,él,haría,1,reviewed,
ES,hacer,Condicional,Condicional,nosotros,haríamos,1,reviewed,
ES,hacer,Condicional,Condicional,vosotros,haríais,1,reviewed,
ES,hacer,Condicional,Condicional,ellos,harían,1,reviewed,
ES,hacer,Imperativo,Imperativo,yo,-,1,reviewed,yo imperative placeholder -; no standard form
ES,hacer,Imperativo,Imperativo,tú,haz,1,reviewed,
ES,hacer,Imperativo,Imperativo,él,haga,1,reviewed,
ES,hacer,Imperativo,Imperativo,nosotros,hagamos,1,reviewed,
ES,hacer,Imperativo,Imperativo,vosotros,haced,1,reviewed,
ES,hacer,Imperativo,Imperativo,ellos,hagan,1,reviewed,
ES,hacer,Indicativo,Futuro perfecto,yo,habré hecho,1,reviewed,
ES,hacer,Indicativo,Futuro perfecto,tú,habrás hecho,1,reviewed,
ES,hacer,Indicativo,Futuro perfecto,él,habrá hecho,1,reviewed,
ES,hacer,Indicativo,Futuro perfecto,nosotros,habremos hecho,1,reviewed,
ES,hacer,Indicativo,Futuro perfecto,vosotros,habréis hecho,1,reviewed,
ES,hacer,Indicativo,Futuro perfecto,ellos,habrán hecho,1,reviewed,
ES,hacer,Subjuntivo,Subjuntivo presente,yo,haga,1,reviewed,
ES,hacer,Subjuntivo,Subjuntivo presente,tú,hagas,1,reviewed,
ES,hacer,Subjuntivo,Subjuntivo presente,él,haga,1,reviewed,
ES,hacer,Subjuntivo,Subjuntivo presente,nosotros,hagamos,1,reviewed,
ES,hacer,Subjuntivo,Subjuntivo presente,vosotros,hagáis,1,reviewed,
ES,hacer,Subjuntivo,Subjuntivo presente,ellos,hagan,1,reviewed,
ES,hacer,Indicativo,Pretérito perfecto simple,yo,hice,1,reviewed,
ES,hacer,Indicativo,Pretérito perfecto simple,tú,hiciste,1,reviewed,
ES,hacer,Indicativo,Pretérito perfecto simple,él,hizo,1,reviewed,
ES,hacer,Indicativo,Pretérito perfecto simple,nosotros,hicimos,1,reviewed,
ES,hacer,Indicativo,Pretérito perfecto simple,vosotros,hicisteis,1,reviewed,
ES,hacer,Indicativo,Pretérito perfecto simple,ellos,hicieron,1,reviewed,
ES,hacer,Indicativo,Pretérito pluscuamperfecto,yo,había hecho,1,reviewed,
ES,hacer,Indicativo,Pretérito pluscuamperfecto,tú,habías hecho,1,reviewed,
ES,hacer,Indicativo,Pretérito pluscuamperfecto,él,había hecho,1,reviewed,
ES,hacer,Indicativo,Pretérito pluscuamperfecto,nosotros,habíamos hecho,1,reviewed,
ES,hacer,Indicativo,Pretérito pluscuamperfecto,vosotros,habíais hecho,1,reviewed,
ES,hacer,Indicativo,Pretérito pluscuamperfecto,ellos,habían hecho,1,reviewed,
ES,decir,Indicativo,Presente,yo,digo,1,reviewed,
ES,decir,Indicativo,Presente,tú,dices,1,reviewed,
ES,decir,Indicativo,Presente,él,dice,1,reviewed,
ES,decir,Indicativo,Presente,nosotros,decimos,1,reviewed,
ES,decir,Indicativo,Presente,vosotros,decís,1,reviewed,
ES,decir,Indicativo,Presente,ellos,dicen,1,reviewed,
ES,decir,Indicativo,Futuro,yo,diré,1,reviewed,
ES,decir,Indicativo,Futuro,tú,dirás,1,reviewed,
ES,decir,Indicativo,Futuro,él,dirá,1,reviewed,
ES,decir,Indicativo,Futuro,nosotros,diremos,1,reviewed,
ES,decir,Indicativo,Futuro,vosotros,diréis,1,reviewed,
ES,decir,Indicativo,Futuro,ellos,dirán,1,reviewed,
ES,decir,Indicativo,Pretérito perfecto compuesto,yo,he dicho,1,reviewed,
ES,decir,Indicativo,Pretérito perfecto compuesto,tú,has dicho,1,reviewed,
ES,decir,Indicativo,Pretérito perfecto compuesto,él,ha dicho,1,reviewed,
ES,decir,Indicativo,Pretérito perfecto compuesto,nosotros,hemos dicho,1,reviewed,
ES,decir,Indicativo,Pretérito perfecto compuesto,vosotros,habéis dicho,1,reviewed,
ES,decir,Indicativo,Pretérito perfecto compuesto,ellos,han dicho,1,reviewed,
ES,decir,Indicativo,Pretérito imperfecto,yo,decía,1,reviewed,
ES,decir,Indicativo,Pretérito imperfecto,tú,decías,1,reviewed,
ES,decir,Indicativo,Pretérito imperfecto,él,decía,1,reviewed,
ES,decir,Indicativo,Pretérito imperfecto,nosotros,decíamos,1,reviewed,
ES,decir,Indicativo,Pretérito imperfecto,vosotros,decíais,1,reviewed,
ES,decir,Indicativo,Pretérito imperfecto,ellos,decían,1,reviewed,
ES,decir,Condicional,Condicional,yo,diría,1,reviewed,
ES,decir,Condicional,Condicional,tú,dirías,1,reviewed,
ES,decir,Condicional,Condicional,él,diría,1,reviewed,
ES,decir,Condicional,Condicional,nosotros,diríamos,1,reviewed,
ES,decir,Condicional,Condicional,vosotros,diríais,1,reviewed,
ES,decir,Condicional,Condicional,ellos,dirían,1,reviewed,
ES,decir,Imperativo,Imperativo,yo,-,1,reviewed,yo imperative placeholder -; no standard form
ES,decir,Imperativo,Imperativo,tú,di,1,reviewed,
ES,decir,Imperativo,Imperativo,él,diga,1,reviewed,
ES,decir,Imperativo,Imperativo,nosotros,digamos,1,reviewed,
ES,decir,Imperativo,Imperativo,vosotros,decid,1,reviewed,
ES,decir,Imperativo,Imperativo,ellos,digan,1,reviewed,
ES,decir,Indicativo,Futuro perfecto,yo,habré dicho,1,reviewed,
ES,decir,Indicativo,Futuro perfecto,tú,habrás dicho,1,reviewed,
ES,decir,Indicativo,Futuro perfecto,él,habrá dicho,1,reviewed,
ES,decir,Indicativo,Futuro perfecto,nosotros,habremos dicho,1,reviewed,
ES,decir,Indicativo,Futuro perfecto,vosotros,habréis dicho,1,reviewed,
ES,decir,Indicativo,Futuro perfecto,ellos,habrán dicho,1,reviewed,
ES,decir,Subjuntivo,Subjuntivo presente,yo,diga,1,reviewed,
ES,decir,Subjuntivo,Subjuntivo presente,tú,digas,1,reviewed,
ES,decir,Subjuntivo,Subjuntivo presente,él,diga,1,reviewed,
ES,decir,Subjuntivo,Subjuntivo presente,nosotros,digamos,1,reviewed,
ES,decir,Subjuntivo,Subjuntivo presente,vosotros,digáis,1,reviewed,
ES,decir,Subjuntivo,Subjuntivo presente,ellos,digan,1,reviewed,
ES,decir,Indicativo,Pretérito perfecto simple,yo,dije,1,reviewed,
ES,decir,Indicativo,Pretérito perfecto simple,tú,dijiste,1,reviewed,
ES,decir,Indicativo,Pretérito perfecto simple,él,dijo,1,reviewed,
ES,decir,Indicativo,Pretérito perfecto simple,nosotros,dijimos,1,reviewed,
ES,decir,Indicativo,Pretérito perfecto simple,vosotros,dijisteis,1,reviewed,
ES,decir,Indicativo,Pretérito perfecto simple,ellos,dijeron,1,reviewed,
ES,decir,Indicativo,Pretérito pluscuamperfecto,yo,había dicho,1,reviewed,
ES,decir,Indicativo,Pretérito pluscuamperfecto,tú,habías dicho,1,reviewed,
ES,decir,Indicativo,Pretérito pluscuamperfecto,él,había dicho,1,reviewed,
ES,decir,Indicativo,Pretérito pluscuamperfecto,nosotros,habíamos dicho,1,reviewed,
ES,decir,Indicativo,Pretérito pluscuamperfecto,vosotros,habíais dicho,1,reviewed,
ES,decir,Indicativo,Pretérito pluscuamperfecto,ellos,habían dicho,1,reviewed,
ES,ver,Indicativo,Presente,yo,veo,1,reviewed,
ES,ver,Indicativo,Presente,tú,ves,1,reviewed,
ES,ver,Indicativo,Presente,él,ve,1,reviewed,
ES,ver,Indicativo,Presente,nosotros,vemos,1,reviewed,
ES,ver,Indicativo,Presente,vosotros,veis,1,reviewed,
ES,ver,Indicativo,Presente,ellos,ven,1,reviewed,
ES,ver,Indicativo,Futuro,yo,veré,1,reviewed,
ES,ver,Indicativo,Futuro,tú,verás,1,reviewed,
ES,ver,Indicativo,Futuro,él,verá,1,reviewed,
ES,ver,Indicativo,Futuro,nosotros,veremos,1,reviewed,
ES,ver,Indicativo,Futuro,vosotros,veréis,1,reviewed,
ES,ver,Indicativo,Futuro,ellos,verán,1,reviewed,
ES,ver,Indicativo,Pretérito perfecto compuesto,yo,he visto,1,reviewed,
ES,ver,Indicativo,Pretérito perfecto compuesto,tú,has visto,1,reviewed,
ES,ver,Indicativo,Pretérito perfecto compuesto,él,ha visto,1,reviewed,
ES,ver,Indicativo,Pretérito perfecto compuesto,nosotros,hemos visto,1,reviewed,
ES,ver,Indicativo,Pretérito perfecto compuesto,vosotros,habéis visto,1,reviewed,
ES,ver,Indicativo,Pretérito perfecto compuesto,ellos,han visto,1,reviewed,
ES,ver,Indicativo,Pretérito imperfecto,yo,veía,1,reviewed,
ES,ver,Indicativo,Pretérito imperfecto,tú,veías,1,reviewed,
ES,ver,Indicativo,Pretérito imperfecto,él,veía,1,reviewed,
ES,ver,Indicativo,Pretérito imperfecto,nosotros,veíamos,1,reviewed,
ES,ver,Indicativo,Pretérito imperfecto,vosotros,veíais,1,reviewed,
ES,ver,Indicativo,Pretérito imperfecto,ellos,veían,1,reviewed,
ES,ver,Condicional,Condicional,yo,vería,1,reviewed,
ES,ver,Condicional,Condicional,tú,verías,1,reviewed,
ES,ver,Condicional,Condicional,él,vería,1,reviewed,
ES,ver,Condicional,Condicional,nosotros,veríamos,1,reviewed,
ES,ver,Condicional,Condicional,vosotros,veríais,1,reviewed,
ES,ver,Condicional,Condicional,ellos,verían,1,reviewed,
ES,ver,Imperativo,Imperativo,yo,-,1,reviewed,yo imperative placeholder -; no standard form
ES,ver,Imperativo,Imperativo,tú,ve,1,reviewed,
ES,ver,Imperativo,Imperativo,él,vea,1,reviewed,
ES,ver,Imperativo,Imperativo,nosotros,veamos,1,reviewed,
ES,ver,Imperativo,Imperativo,vosotros,ved,1,reviewed,
ES,ver,Imperativo,Imperativo,ellos,vean,1,reviewed,
ES,ver,Indicativo,Futuro perfecto,yo,habré visto,1,reviewed,
ES,ver,Indicativo,Futuro perfecto,tú,habrás visto,1,reviewed,
ES,ver,Indicativo,Futuro perfecto,él,habrá visto,1,reviewed,
ES,ver,Indicativo,Futuro perfecto,nosotros,habremos visto,1,reviewed,
ES,ver,Indicativo,Futuro perfecto,vosotros,habréis visto,1,reviewed,
ES,ver,Indicativo,Futuro perfecto,ellos,habrán visto,1,reviewed,
ES,ver,Subjuntivo,Subjuntivo presente,yo,vea,1,reviewed,
ES,ver,Subjuntivo,Subjuntivo presente,tú,veas,1,reviewed,
ES,ver,Subjuntivo,Subjuntivo presente,él,vea,1,reviewed,
ES,ver,Subjuntivo,Subjuntivo presente,nosotros,veamos,1,reviewed,
ES,ver,Subjuntivo,Subjuntivo presente,vosotros,veáis,1,reviewed,
ES,ver,Subjuntivo,Subjuntivo presente,ellos,vean,1,reviewed,
ES,ver,Indicativo,Pretérito perfecto simple,yo,vi,1,reviewed,
ES,ver,Indicativo,Pretérito perfecto simple,tú,viste,1,reviewed,
ES,ver,Indicativo,Pretérito perfecto simple,él,vio,1,reviewed,
ES,ver,Indicativo,Pretérito perfecto simple,nosotros,vimos,1,reviewed,
ES,ver,Indicativo,Pretérito perfecto simple,vosotros,visteis,1,reviewed,
ES,ver,Indicativo,Pretérito perfecto simple,ellos,vieron,1,reviewed,
ES,ver,Indicativo,Pretérito pluscuamperfecto,yo,había visto,1,reviewed,
ES,ver,Indicativo,Pretérito pluscuamperfecto,tú,habías visto,1,reviewed,
ES,ver,Indicativo,Pretérito pluscuamperfecto,él,había visto,1,reviewed,
ES,ver,Indicativo,Pretérito pluscuamperfecto,nosotros,habíamos visto,1,reviewed,
ES,ver,Indicativo,Pretérito pluscuamperfecto,vosotros,habíais visto,1,reviewed,
ES,ver,Indicativo,Pretérito pluscuamperfecto,ellos,habían visto,1,reviewed,
ES,tomar,Indicativo,Presente,yo,tomo,1,reviewed,
ES,tomar,Indicativo,Presente,tú,tomas,1,reviewed,
ES,tomar,Indicativo,Presente,él,toma,1,reviewed,
ES,tomar,Indicativo,Presente,nosotros,tomamos,1,reviewed,
ES,tomar,Indicativo,Presente,vosotros,tomáis,1,reviewed,
ES,tomar,Indicativo,Presente,ellos,toman,1,reviewed,
ES,tomar,Indicativo,Futuro,yo,tomaré,1,reviewed,
ES,tomar,Indicativo,Futuro,tú,tomarás,1,reviewed,
ES,tomar,Indicativo,Futuro,él,tomará,1,reviewed,
ES,tomar,Indicativo,Futuro,nosotros,tomaremos,1,reviewed,
ES,tomar,Indicativo,Futuro,vosotros,tomaréis,1,reviewed,
ES,tomar,Indicativo,Futuro,ellos,tomarán,1,reviewed,
ES,tomar,Indicativo,Pretérito perfecto compuesto,yo,he tomado,1,reviewed,
ES,tomar,Indicativo,Pretérito perfecto compuesto,tú,has tomado,1,reviewed,
ES,tomar,Indicativo,Pretérito perfecto compuesto,él,ha tomado,1,reviewed,
ES,tomar,Indicativo,Pretérito perfecto compuesto,nosotros,hemos tomado,1,reviewed,
ES,tomar,Indicativo,Pretérito perfecto compuesto,vosotros,habéis tomado,1,reviewed,
ES,tomar,Indicativo,Pretérito perfecto compuesto,ellos,han tomado,1,reviewed,
ES,tomar,Indicativo,Pretérito imperfecto,yo,tomaba,1,reviewed,
ES,tomar,Indicativo,Pretérito imperfecto,tú,tomabas,1,reviewed,
ES,tomar,Indicativo,Pretérito imperfecto,él,tomaba,1,reviewed,
ES,tomar,Indicativo,Pretérito imperfecto,nosotros,tomábamos,1,reviewed,
ES,tomar,Indicativo,Pretérito imperfecto,vosotros,tomabais,1,reviewed,
ES,tomar,Indicativo,Pretérito imperfecto,ellos,tomaban,1,reviewed,
ES,tomar,Condicional,Condicional,yo,tomaría,1,reviewed,
ES,tomar,Condicional,Condicional,tú,tomarías,1,reviewed,
ES,tomar,Condicional,Condicional,él,tomaría,1,reviewed,
ES,tomar,Condicional,Condicional,nosotros,tomaríamos,1,reviewed,
ES,tomar,Condicional,Condicional,vosotros,tomaríais,1,reviewed,
ES,tomar,Condicional,Condicional,ellos,tomarían,1,reviewed,
ES,tomar,Imperativo,Imperativo,yo,-,1,reviewed,yo imperative placeholder -; no standard form
ES,tomar,Imperativo,Imperativo,tú,toma,1,reviewed,
ES,tomar,Imperativo,Imperativo,él,tome,1,reviewed,
ES,tomar,Imperativo,Imperativo,nosotros,tomemos,1,reviewed,
ES,tomar,Imperativo,Imperativo,vosotros,tomad,1,reviewed,
ES,tomar,Imperativo,Imperativo,ellos,tomen,1,reviewed,
ES,tomar,Indicativo,Futuro perfecto,yo,habré tomado,1,reviewed,
ES,tomar,Indicativo,Futuro perfecto,tú,habrás tomado,1,reviewed,
ES,tomar,Indicativo,Futuro perfecto,él,habrá tomado,1,reviewed,
ES,tomar,Indicativo,Futuro perfecto,nosotros,habremos tomado,1,reviewed,
ES,tomar,Indicativo,Futuro perfecto,vosotros,habréis tomado,1,reviewed,
ES,tomar,Indicativo,Futuro perfecto,ellos,habrán tomado,1,reviewed,
ES,tomar,Subjuntivo,Subjuntivo presente,yo,tome,1,reviewed,
ES,tomar,Subjuntivo,Subjuntivo presente,tú,tomes,1,reviewed,
ES,tomar,Subjuntivo,Subjuntivo presente,él,tome,1,reviewed,
ES,tomar,Subjuntivo,Subjuntivo presente,nosotros,tomemos,1,reviewed,
ES,tomar,Subjuntivo,Subjuntivo presente,vosotros,toméis,1,reviewed,
ES,tomar,Subjuntivo,Subjuntivo presente,ellos,tomen,1,reviewed,
ES,tomar,Indicativo,Pretérito perfecto simple,yo,tomé,1,reviewed,
ES,tomar,Indicativo,Pretérito perfecto simple,tú,tomaste,1,reviewed,
ES,tomar,Indicativo,Pretérito perfecto simple,él,tomó,1,reviewed,
ES,tomar,Indicativo,Pretérito perfecto simple,nosotros,tomamos,1,reviewed,
ES,tomar,Indicativo,Pretérito perfecto simple,vosotros,tomasteis,1,reviewed,
ES,tomar,Indicativo,Pretérito perfecto simple,ellos,tomaron,1,reviewed,
ES,tomar,Indicativo,Pretérito pluscuamperfecto,yo,había tomado,1,reviewed,
ES,tomar,Indicativo,Pretérito pluscuamperfecto,tú,habías tomado,1,reviewed,
ES,tomar,Indicativo,Pretérito pluscuamperfecto,él,había tomado,1,reviewed,
ES,tomar,Indicativo,Pretérito pluscuamperfecto,nosotros,habíamos tomado,1,reviewed,
ES,tomar,Indicativo,Pretérito pluscuamperfecto,vosotros,habíais tomado,1,reviewed,
ES,tomar,Indicativo,Pretérito pluscuamperfecto,ellos,habían tomado,1,reviewed,
ES,coger,Indicativo,Presente,yo,cojo,1,reviewed,
ES,coger,Indicativo,Presente,tú,coges,1,reviewed,
ES,coger,Indicativo,Presente,él,coge,1,reviewed,
ES,coger,Indicativo,Presente,nosotros,cogemos,1,reviewed,
ES,coger,Indicativo,Presente,vosotros,cogéis,1,reviewed,
ES,coger,Indicativo,Presente,ellos,cogen,1,reviewed,
ES,coger,Indicativo,Futuro,yo,cogeré,1,reviewed,
ES,coger,Indicativo,Futuro,tú,cogerás,1,reviewed,
ES,coger,Indicativo,Futuro,él,cogerá,1,reviewed,
ES,coger,Indicativo,Futuro,nosotros,cogeremos,1,reviewed,
ES,coger,Indicativo,Futuro,vosotros,cogeréis,1,reviewed,
ES,coger,Indicativo,Futuro,ellos,cogerán,1,reviewed,
ES,coger,Indicativo,Pretérito perfecto compuesto,yo,he cogido,1,reviewed,
ES,coger,Indicativo,Pretérito perfecto compuesto,tú,has cogido,1,reviewed,
ES,coger,Indicativo,Pretérito perfecto compuesto,él,ha cogido,1,reviewed,
ES,coger,Indicativo,Pretérito perfecto compuesto,nosotros,hemos cogido,1,reviewed,
ES,coger,Indicativo,Pretérito perfecto compuesto,vosotros,habéis cogido,1,reviewed,
ES,coger,Indicativo,Pretérito perfecto compuesto,ellos,han cogido,1,reviewed,
ES,coger,Indicativo,Pretérito imperfecto,yo,cogía,1,reviewed,
ES,coger,Indicativo,Pretérito imperfecto,tú,cogías,1,reviewed,
ES,coger,Indicativo,Pretérito imperfecto,él,cogía,1,reviewed,
ES,coger,Indicativo,Pretérito imperfecto,nosotros,cogíamos,1,reviewed,
ES,coger,Indicativo,Pretérito imperfecto,vosotros,cogíais,1,reviewed,
ES,coger,Indicativo,Pretérito imperfecto,ellos,cogían,1,reviewed,
ES,coger,Condicional,Condicional,yo,cogería,1,reviewed,
ES,coger,Condicional,Condicional,tú,cogerías,1,reviewed,
ES,coger,Condicional,Condicional,él,cogería,1,reviewed,
ES,coger,Condicional,Condicional,nosotros,cogeríamos,1,reviewed,
ES,coger,Condicional,Condicional,vosotros,cogeríais,1,reviewed,
ES,coger,Condicional,Condicional,ellos,cogerían,1,reviewed,
ES,coger,Imperativo,Imperativo,yo,-,1,reviewed,yo imperative placeholder -; no standard form
ES,coger,Imperativo,Imperativo,tú,coge,1,reviewed,
ES,coger,Imperativo,Imperativo,él,coja,1,reviewed,
ES,coger,Imperativo,Imperativo,nosotros,cojamos,1,reviewed,
ES,coger,Imperativo,Imperativo,vosotros,coged,1,reviewed,
ES,coger,Imperativo,Imperativo,ellos,cojan,1,reviewed,
ES,coger,Indicativo,Futuro perfecto,yo,habré cogido,1,reviewed,
ES,coger,Indicativo,Futuro perfecto,tú,habrás cogido,1,reviewed,
ES,coger,Indicativo,Futuro perfecto,él,habrá cogido,1,reviewed,
ES,coger,Indicativo,Futuro perfecto,nosotros,habremos cogido,1,reviewed,
ES,coger,Indicativo,Futuro perfecto,vosotros,habréis cogido,1,reviewed,
ES,coger,Indicativo,Futuro perfecto,ellos,habrán cogido,1,reviewed,
ES,coger,Subjuntivo,Subjuntivo presente,yo,coja,1,reviewed,
ES,coger,Subjuntivo,Subjuntivo presente,tú,cojas,1,reviewed,
ES,coger,Subjuntivo,Subjuntivo presente,él,coja,1,reviewed,
ES,coger,Subjuntivo,Subjuntivo presente,nosotros,cojamos,1,reviewed,
ES,coger,Subjuntivo,Subjuntivo presente,vosotros,cojáis,1,reviewed,
ES,coger,Subjuntivo,Subjuntivo presente,ellos,cojan,1,reviewed,
ES,coger,Indicativo,Pretérito perfecto simple,yo,cogí,1,reviewed,
ES,coger,Indicativo,Pretérito perfecto simple,tú,cogiste,1,reviewed,
ES,coger,Indicativo,Pretérito perfecto simple,él,cogió,1,reviewed,
ES,coger,Indicativo,Pretérito perfecto simple,nosotros,cogimos,1,reviewed,
ES,coger,Indicativo,Pretérito perfecto simple,vosotros,cogisteis,1,reviewed,
ES,coger,Indicativo,Pretérito perfecto simple,ellos,cogieron,1,reviewed,
ES,coger,Indicativo,Pretérito pluscuamperfecto,yo,había cogido,1,reviewed,
ES,coger,Indicativo,Pretérito pluscuamperfecto,tú,habías cogido,1,reviewed,
ES,coger,Indicativo,Pretérito pluscuamperfecto,él,había cogido,1,reviewed,
ES,coger,Indicativo,Pretérito pluscuamperfecto,nosotros,habíamos cogido,1,reviewed,
ES,coger,Indicativo,Pretérito pluscuamperfecto,vosotros,habíais cogido,1,reviewed,
ES,coger,Indicativo,Pretérito pluscuamperfecto,ellos,habían cogido,1,reviewed,
ES,poder,Indicativo,Presente,yo,puedo,1,reviewed,
ES,poder,Indicativo,Presente,tú,puedes,1,reviewed,
ES,poder,Indicativo,Presente,él,puede,1,reviewed,
ES,poder,Indicativo,Presente,nosotros,podemos,1,reviewed,
ES,poder,Indicativo,Presente,vosotros,podéis,1,reviewed,
ES,poder,Indicativo,Presente,ellos,pueden,1,reviewed,
ES,poder,Indicativo,Futuro,yo,podré,1,reviewed,
ES,poder,Indicativo,Futuro,tú,podrás,1,reviewed,
ES,poder,Indicativo,Futuro,él,podrá,1,reviewed,
ES,poder,Indicativo,Futuro,nosotros,podremos,1,reviewed,
ES,poder,Indicativo,Futuro,vosotros,podréis,1,reviewed,
ES,poder,Indicativo,Futuro,ellos,podrán,1,reviewed,
ES,poder,Indicativo,Pretérito perfecto compuesto,yo,he podido,1,reviewed,
ES,poder,Indicativo,Pretérito perfecto compuesto,tú,has podido,1,reviewed,
ES,poder,Indicativo,Pretérito perfecto compuesto,él,ha podido,1,reviewed,
ES,poder,Indicativo,Pretérito perfecto compuesto,nosotros,hemos podido,1,reviewed,
ES,poder,Indicativo,Pretérito perfecto compuesto,vosotros,habéis podido,1,reviewed,
ES,poder,Indicativo,Pretérito perfecto compuesto,ellos,han podido,1,reviewed,
ES,poder,Indicativo,Pretérito imperfecto,yo,podía,1,reviewed,
ES,poder,Indicativo,Pretérito imperfecto,tú,podías,1,reviewed,
ES,poder,Indicativo,Pretérito imperfecto,él,podía,1,reviewed,
ES,poder,Indicativo,Pretérito imperfecto,nosotros,podíamos,1,reviewed,
ES,poder,Indicativo,Pretérito imperfecto,vosotros,podíais,1,reviewed,
ES,poder,Indicativo,Pretérito imperfecto,ellos,podían,1,reviewed,
ES,poder,Condicional,Condicional,yo,podría,1,reviewed,
ES,poder,Condicional,Condicional,tú,podrías,1,reviewed,
ES,poder,Condicional,Condicional,él,podría,1,reviewed,
ES,poder,Condicional,Condicional,nosotros,podríamos,1,reviewed,
ES,poder,Condicional,Condicional,vosotros,podríais,1,reviewed,
ES,poder,Condicional,Condicional,ellos,podrían,1,reviewed,
ES,poder,Imperativo,Imperativo,yo,-,1,reviewed,yo imperative placeholder -; no standard form
ES,poder,Imperativo,Imperativo,tú,puede,1,reviewed,imperative usage uncommon; QA recommended
ES,poder,Imperativo,Imperativo,él,pueda,1,reviewed,imperative usage uncommon; QA recommended
ES,poder,Imperativo,Imperativo,nosotros,podamos,1,reviewed,imperative usage uncommon; QA recommended
ES,poder,Imperativo,Imperativo,vosotros,poded,1,reviewed,imperative usage uncommon; QA recommended
ES,poder,Imperativo,Imperativo,ellos,puedan,1,reviewed,imperative usage uncommon; QA recommended
ES,poder,Indicativo,Futuro perfecto,yo,habré podido,1,reviewed,
ES,poder,Indicativo,Futuro perfecto,tú,habrás podido,1,reviewed,
ES,poder,Indicativo,Futuro perfecto,él,habrá podido,1,reviewed,
ES,poder,Indicativo,Futuro perfecto,nosotros,habremos podido,1,reviewed,
ES,poder,Indicativo,Futuro perfecto,vosotros,habréis podido,1,reviewed,
ES,poder,Indicativo,Futuro perfecto,ellos,habrán podido,1,reviewed,
ES,poder,Subjuntivo,Subjuntivo presente,yo,pueda,1,reviewed,
ES,poder,Subjuntivo,Subjuntivo presente,tú,puedas,1,reviewed,
ES,poder,Subjuntivo,Subjuntivo presente,él,pueda,1,reviewed,
ES,poder,Subjuntivo,Subjuntivo presente,nosotros,podamos,1,reviewed,
ES,poder,Subjuntivo,Subjuntivo presente,vosotros,podáis,1,reviewed,
ES,poder,Subjuntivo,Subjuntivo presente,ellos,puedan,1,reviewed,
ES,poder,Indicativo,Pretérito perfecto simple,yo,pude,1,reviewed,
ES,poder,Indicativo,Pretérito perfecto simple,tú,pudiste,1,reviewed,
ES,poder,Indicativo,Pretérito perfecto simple,él,pudo,1,reviewed,
ES,poder,Indicativo,Pretérito perfecto simple,nosotros,pudimos,1,reviewed,
ES,poder,Indicativo,Pretérito perfecto simple,vosotros,pudisteis,1,reviewed,
ES,poder,Indicativo,Pretérito perfecto simple,ellos,pudieron,1,reviewed,
ES,poder,Indicativo,Pretérito pluscuamperfecto,yo,había podido,1,reviewed,
ES,poder,Indicativo,Pretérito pluscuamperfecto,tú,habías podido,1,reviewed,
ES,poder,Indicativo,Pretérito pluscuamperfecto,él,había podido,1,reviewed,
ES,poder,Indicativo,Pretérito pluscuamperfecto,nosotros,habíamos podido,1,reviewed,
ES,poder,Indicativo,Pretérito pluscuamperfecto,vosotros,habíais podido,1,reviewed,
ES,poder,Indicativo,Pretérito pluscuamperfecto,ellos,habían podido,1,reviewed,
ES,hablar,Indicativo,Presente,yo,hablo,1,reviewed,
ES,hablar,Indicativo,Presente,tú,hablas,1,reviewed,
ES,hablar,Indicativo,Presente,él,habla,1,reviewed,
ES,hablar,Indicativo,Presente,nosotros,hablamos,1,reviewed,
ES,hablar,Indicativo,Presente,vosotros,habláis,1,reviewed,
ES,hablar,Indicativo,Presente,ellos,hablan,1,reviewed,
ES,hablar,Indicativo,Futuro,yo,hablaré,1,reviewed,
ES,hablar,Indicativo,Futuro,tú,hablarás,1,reviewed,
ES,hablar,Indicativo,Futuro,él,hablará,1,reviewed,
ES,hablar,Indicativo,Futuro,nosotros,hablaremos,1,reviewed,
ES,hablar,Indicativo,Futuro,vosotros,hablaréis,1,reviewed,
ES,hablar,Indicativo,Futuro,ellos,hablarán,1,reviewed,
ES,hablar,Indicativo,Pretérito perfecto compuesto,yo,he hablado,1,reviewed,
ES,hablar,Indicativo,Pretérito perfecto compuesto,tú,has hablado,1,reviewed,
ES,hablar,Indicativo,Pretérito perfecto compuesto,él,ha hablado,1,reviewed,
ES,hablar,Indicativo,Pretérito perfecto compuesto,nosotros,hemos hablado,1,reviewed,
ES,hablar,Indicativo,Pretérito perfecto compuesto,vosotros,habéis hablado,1,reviewed,
ES,hablar,Indicativo,Pretérito perfecto compuesto,ellos,han hablado,1,reviewed,
ES,hablar,Indicativo,Pretérito imperfecto,yo,hablaba,1,reviewed,
ES,hablar,Indicativo,Pretérito imperfecto,tú,hablabas,1,reviewed,
ES,hablar,Indicativo,Pretérito imperfecto,él,hablaba,1,reviewed,
ES,hablar,Indicativo,Pretérito imperfecto,nosotros,hablábamos,1,reviewed,
ES,hablar,Indicativo,Pretérito imperfecto,vosotros,hablabais,1,reviewed,
ES,hablar,Indicativo,Pretérito imperfecto,ellos,hablaban,1,reviewed,
ES,hablar,Condicional,Condicional,yo,hablaría,1,reviewed,
ES,hablar,Condicional,Condicional,tú,hablarías,1,reviewed,
ES,hablar,Condicional,Condicional,él,hablaría,1,reviewed,
ES,hablar,Condicional,Condicional,nosotros,hablaríamos,1,reviewed,
ES,hablar,Condicional,Condicional,vosotros,hablaríais,1,reviewed,
ES,hablar,Condicional,Condicional,ellos,hablarían,1,reviewed,
ES,hablar,Imperativo,Imperativo,yo,-,1,reviewed,yo imperative placeholder -; no standard form
ES,hablar,Imperativo,Imperativo,tú,habla,1,reviewed,
ES,hablar,Imperativo,Imperativo,él,hable,1,reviewed,
ES,hablar,Imperativo,Imperativo,nosotros,hablemos,1,reviewed,
ES,hablar,Imperativo,Imperativo,vosotros,hablad,1,reviewed,
ES,hablar,Imperativo,Imperativo,ellos,hablen,1,reviewed,
ES,hablar,Indicativo,Futuro perfecto,yo,habré hablado,1,reviewed,
ES,hablar,Indicativo,Futuro perfecto,tú,habrás hablado,1,reviewed,
ES,hablar,Indicativo,Futuro perfecto,él,habrá hablado,1,reviewed,
ES,hablar,Indicativo,Futuro perfecto,nosotros,habremos hablado,1,reviewed,
ES,hablar,Indicativo,Futuro perfecto,vosotros,habréis hablado,1,reviewed,
ES,hablar,Indicativo,Futuro perfecto,ellos,habrán hablado,1,reviewed,
ES,hablar,Subjuntivo,Subjuntivo presente,yo,hable,1,reviewed,
ES,hablar,Subjuntivo,Subjuntivo presente,tú,hables,1,reviewed,
ES,hablar,Subjuntivo,Subjuntivo presente,él,hable,1,reviewed,
ES,hablar,Subjuntivo,Subjuntivo presente,nosotros,hablemos,1,reviewed,
ES,hablar,Subjuntivo,Subjuntivo presente,vosotros,habléis,1,reviewed,
ES,hablar,Subjuntivo,Subjuntivo presente,ellos,hablen,1,reviewed,
ES,hablar,Indicativo,Pretérito perfecto simple,yo,hablé,1,reviewed,
ES,hablar,Indicativo,Pretérito perfecto simple,tú,hablaste,1,reviewed,
ES,hablar,Indicativo,Pretérito perfecto simple,él,habló,1,reviewed,
ES,hablar,Indicativo,Pretérito perfecto simple,nosotros,hablamos,1,reviewed,
ES,hablar,Indicativo,Pretérito perfecto simple,vosotros,hablasteis,1,reviewed,
ES,hablar,Indicativo,Pretérito perfecto simple,ellos,hablaron,1,reviewed,
ES,hablar,Indicativo,Pretérito pluscuamperfecto,yo,había hablado,1,reviewed,
ES,hablar,Indicativo,Pretérito pluscuamperfecto,tú,habías hablado,1,reviewed,
ES,hablar,Indicativo,Pretérito pluscuamperfecto,él,había hablado,1,reviewed,
ES,hablar,Indicativo,Pretérito pluscuamperfecto,nosotros,habíamos hablado,1,reviewed,
ES,hablar,Indicativo,Pretérito pluscuamperfecto,vosotros,habíais hablado,1,reviewed,
ES,hablar,Indicativo,Pretérito pluscuamperfecto,ellos,habían hablado,1,reviewed,
ES,ir,Indicativo,Presente,yo,voy,1,reviewed,
ES,ir,Indicativo,Presente,tú,vas,1,reviewed,
ES,ir,Indicativo,Presente,él,va,1,reviewed,
ES,ir,Indicativo,Presente,nosotros,vamos,1,reviewed,
ES,ir,Indicativo,Presente,vosotros,vais,1,reviewed,
ES,ir,Indicativo,Presente,ellos,van,1,reviewed,
ES,ir,Indicativo,Futuro,yo,iré,1,reviewed,
ES,ir,Indicativo,Futuro,tú,irás,1,reviewed,
ES,ir,Indicativo,Futuro,él,irá,1,reviewed,
ES,ir,Indicativo,Futuro,nosotros,iremos,1,reviewed,
ES,ir,Indicativo,Futuro,vosotros,iréis,1,reviewed,
ES,ir,Indicativo,Futuro,ellos,irán,1,reviewed,
ES,ir,Indicativo,Pretérito perfecto compuesto,yo,he ido,1,reviewed,
ES,ir,Indicativo,Pretérito perfecto compuesto,tú,has ido,1,reviewed,
ES,ir,Indicativo,Pretérito perfecto compuesto,él,ha ido,1,reviewed,
ES,ir,Indicativo,Pretérito perfecto compuesto,nosotros,hemos ido,1,reviewed,
ES,ir,Indicativo,Pretérito perfecto compuesto,vosotros,habéis ido,1,reviewed,
ES,ir,Indicativo,Pretérito perfecto compuesto,ellos,han ido,1,reviewed,
ES,ir,Indicativo,Pretérito imperfecto,yo,iba,1,reviewed,
ES,ir,Indicativo,Pretérito imperfecto,tú,ibas,1,reviewed,
ES,ir,Indicativo,Pretérito imperfecto,él,iba,1,reviewed,
ES,ir,Indicativo,Pretérito imperfecto,nosotros,íbamos,1,reviewed,
ES,ir,Indicativo,Pretérito imperfecto,vosotros,ibais,1,reviewed,
ES,ir,Indicativo,Pretérito imperfecto,ellos,iban,1,reviewed,
ES,ir,Condicional,Condicional,yo,iría,1,reviewed,
ES,ir,Condicional,Condicional,tú,irías,1,reviewed,
ES,ir,Condicional,Condicional,él,iría,1,reviewed,
ES,ir,Condicional,Condicional,nosotros,iríamos,1,reviewed,
ES,ir,Condicional,Condicional,vosotros,iríais,1,reviewed,
ES,ir,Condicional,Condicional,ellos,irían,1,reviewed,
ES,ir,Imperativo,Imperativo,yo,-,1,reviewed,yo imperative placeholder -; no standard form
ES,ir,Imperativo,Imperativo,tú,ve,1,reviewed,
ES,ir,Imperativo,Imperativo,él,vaya,1,reviewed,
ES,ir,Imperativo,Imperativo,nosotros,vayamos,1,reviewed,
ES,ir,Imperativo,Imperativo,vosotros,id,1,reviewed,
ES,ir,Imperativo,Imperativo,ellos,vayan,1,reviewed,
ES,ir,Indicativo,Futuro perfecto,yo,habré ido,1,reviewed,
ES,ir,Indicativo,Futuro perfecto,tú,habrás ido,1,reviewed,
ES,ir,Indicativo,Futuro perfecto,él,habrá ido,1,reviewed,
ES,ir,Indicativo,Futuro perfecto,nosotros,habremos ido,1,reviewed,
ES,ir,Indicativo,Futuro perfecto,vosotros,habréis ido,1,reviewed,
ES,ir,Indicativo,Futuro perfecto,ellos,habrán ido,1,reviewed,
ES,ir,Subjuntivo,Subjuntivo presente,yo,vaya,1,reviewed,
ES,ir,Subjuntivo,Subjuntivo presente,tú,vayas,1,reviewed,
ES,ir,Subjuntivo,Subjuntivo presente,él,vaya,1,reviewed,
ES,ir,Subjuntivo,Subjuntivo presente,nosotros,vayamos,1,reviewed,
ES,ir,Subjuntivo,Subjuntivo presente,vosotros,vayáis,1,reviewed,
ES,ir,Subjuntivo,Subjuntivo presente,ellos,vayan,1,reviewed,
ES,ir,Indicativo,Pretérito perfecto simple,yo,fui,1,reviewed,
ES,ir,Indicativo,Pretérito perfecto simple,tú,fuiste,1,reviewed,
ES,ir,Indicativo,Pretérito perfecto simple,él,fue,1,reviewed,
ES,ir,Indicativo,Pretérito perfecto simple,nosotros,fuimos,1,reviewed,
ES,ir,Indicativo,Pretérito perfecto simple,vosotros,fuisteis,1,reviewed,
ES,ir,Indicativo,Pretérito perfecto simple,ellos,fueron,1,reviewed,
ES,ir,Indicativo,Pretérito pluscuamperfecto,yo,había ido,1,reviewed,
ES,ir,Indicativo,Pretérito pluscuamperfecto,tú,habías ido,1,reviewed,
ES,ir,Indicativo,Pretérito pluscuamperfecto,él,había ido,1,reviewed,
ES,ir,Indicativo,Pretérito pluscuamperfecto,nosotros,habíamos ido,1,reviewed,
ES,ir,Indicativo,Pretérito pluscuamperfecto,vosotros,habíais ido,1,reviewed,
ES,ir,Indicativo,Pretérito pluscuamperfecto,ellos,habían ido,1,reviewed,
ES,saber,Indicativo,Presente,yo,sé,1,reviewed,
ES,saber,Indicativo,Presente,tú,sabes,1,reviewed,
ES,saber,Indicativo,Presente,él,sabe,1,reviewed,
ES,saber,Indicativo,Presente,nosotros,sabemos,1,reviewed,
ES,saber,Indicativo,Presente,vosotros,sabéis,1,reviewed,
ES,saber,Indicativo,Presente,ellos,saben,1,reviewed,
ES,saber,Indicativo,Futuro,yo,sabré,1,reviewed,
ES,saber,Indicativo,Futuro,tú,sabrás,1,reviewed,
ES,saber,Indicativo,Futuro,él,sabrá,1,reviewed,
ES,saber,Indicativo,Futuro,nosotros,sabremos,1,reviewed,
ES,saber,Indicativo,Futuro,vosotros,sabréis,1,reviewed,
ES,saber,Indicativo,Futuro,ellos,sabrán,1,reviewed,
ES,saber,Indicativo,Pretérito perfecto compuesto,yo,he sabido,1,reviewed,
ES,saber,Indicativo,Pretérito perfecto compuesto,tú,has sabido,1,reviewed,
ES,saber,Indicativo,Pretérito perfecto compuesto,él,ha sabido,1,reviewed,
ES,saber,Indicativo,Pretérito perfecto compuesto,nosotros,hemos sabido,1,reviewed,
ES,saber,Indicativo,Pretérito perfecto compuesto,vosotros,habéis sabido,1,reviewed,
ES,saber,Indicativo,Pretérito perfecto compuesto,ellos,han sabido,1,reviewed,
ES,saber,Indicativo,Pretérito imperfecto,yo,sabía,1,reviewed,
ES,saber,Indicativo,Pretérito imperfecto,tú,sabías,1,reviewed,
ES,saber,Indicativo,Pretérito imperfecto,él,sabía,1,reviewed,
ES,saber,Indicativo,Pretérito imperfecto,nosotros,sabíamos,1,reviewed,
ES,saber,Indicativo,Pretérito imperfecto,vosotros,sabíais,1,reviewed,
ES,saber,Indicativo,Pretérito imperfecto,ellos,sabían,1,reviewed,
ES,saber,Condicional,Condicional,yo,sabría,1,reviewed,
ES,saber,Condicional,Condicional,tú,sabrías,1,reviewed,
ES,saber,Condicional,Condicional,él,sabría,1,reviewed,
ES,saber,Condicional,Condicional,nosotros,sabríamos,1,reviewed,
ES,saber,Condicional,Condicional,vosotros,sabríais,1,reviewed,
ES,saber,Condicional,Condicional,ellos,sabrían,1,reviewed,
ES,saber,Imperativo,Imperativo,yo,-,1,reviewed,yo imperative placeholder -; no standard form
ES,saber,Imperativo,Imperativo,tú,sabe,1,reviewed,
ES,saber,Imperativo,Imperativo,él,sepa,1,reviewed,
ES,saber,Imperativo,Imperativo,nosotros,sepamos,1,reviewed,
ES,saber,Imperativo,Imperativo,vosotros,sabed,1,reviewed,
ES,saber,Imperativo,Imperativo,ellos,sepan,1,reviewed,
ES,saber,Indicativo,Futuro perfecto,yo,habré sabido,1,reviewed,
ES,saber,Indicativo,Futuro perfecto,tú,habrás sabido,1,reviewed,
ES,saber,Indicativo,Futuro perfecto,él,habrá sabido,1,reviewed,
ES,saber,Indicativo,Futuro perfecto,nosotros,habremos sabido,1,reviewed,
ES,saber,Indicativo,Futuro perfecto,vosotros,habréis sabido,1,reviewed,
ES,saber,Indicativo,Futuro perfecto,ellos,habrán sabido,1,reviewed,
ES,saber,Subjuntivo,Subjuntivo presente,yo,sepa,1,reviewed,
ES,saber,Subjuntivo,Subjuntivo presente,tú,sepas,1,reviewed,
ES,saber,Subjuntivo,Subjuntivo presente,él,sepa,1,reviewed,
ES,saber,Subjuntivo,Subjuntivo presente,nosotros,sepamos,1,reviewed,
ES,saber,Subjuntivo,Subjuntivo presente,vosotros,sepáis,1,reviewed,
ES,saber,Subjuntivo,Subjuntivo presente,ellos,sepan,1,reviewed,
ES,saber,Indicativo,Pretérito perfecto simple,yo,supe,1,reviewed,
ES,saber,Indicativo,Pretérito perfecto simple,tú,supiste,1,reviewed,
ES,saber,Indicativo,Pretérito perfecto simple,él,supo,1,reviewed,
ES,saber,Indicativo,Pretérito perfecto simple,nosotros,supimos,1,reviewed,
ES,saber,Indicativo,Pretérito perfecto simple,vosotros,supisteis,1,reviewed,
ES,saber,Indicativo,Pretérito perfecto simple,ellos,supieron,1,reviewed,
ES,saber,Indicativo,Pretérito pluscuamperfecto,yo,había sabido,1,reviewed,
ES,saber,Indicativo,Pretérito pluscuamperfecto,tú,habías sabido,1,reviewed,
ES,saber,Indicativo,Pretérito pluscuamperfecto,él,había sabido,1,reviewed,
ES,saber,Indicativo,Pretérito pluscuamperfecto,nosotros,habíamos sabido,1,reviewed,
ES,saber,Indicativo,Pretérito pluscuamperfecto,vosotros,habíais sabido,1,reviewed,
ES,saber,Indicativo,Pretérito pluscuamperfecto,ellos,habían sabido,1,reviewed,
ES,dar,Indicativo,Presente,yo,doy,1,reviewed,
ES,dar,Indicativo,Presente,tú,das,1,reviewed,
ES,dar,Indicativo,Presente,él,da,1,reviewed,
ES,dar,Indicativo,Presente,nosotros,damos,1,reviewed,
ES,dar,Indicativo,Presente,vosotros,dais,1,reviewed,
ES,dar,Indicativo,Presente,ellos,dan,1,reviewed,
ES,dar,Indicativo,Futuro,yo,daré,1,reviewed,
ES,dar,Indicativo,Futuro,tú,darás,1,reviewed,
ES,dar,Indicativo,Futuro,él,dará,1,reviewed,
ES,dar,Indicativo,Futuro,nosotros,daremos,1,reviewed,
ES,dar,Indicativo,Futuro,vosotros,daréis,1,reviewed,
ES,dar,Indicativo,Futuro,ellos,darán,1,reviewed,
ES,dar,Indicativo,Pretérito perfecto compuesto,yo,he dado,1,reviewed,
ES,dar,Indicativo,Pretérito perfecto compuesto,tú,has dado,1,reviewed,
ES,dar,Indicativo,Pretérito perfecto compuesto,él,ha dado,1,reviewed,
ES,dar,Indicativo,Pretérito perfecto compuesto,nosotros,hemos dado,1,reviewed,
ES,dar,Indicativo,Pretérito perfecto compuesto,vosotros,habéis dado,1,reviewed,
ES,dar,Indicativo,Pretérito perfecto compuesto,ellos,han dado,1,reviewed,
ES,dar,Indicativo,Pretérito imperfecto,yo,daba,1,reviewed,
ES,dar,Indicativo,Pretérito imperfecto,tú,dabas,1,reviewed,
ES,dar,Indicativo,Pretérito imperfecto,él,daba,1,reviewed,
ES,dar,Indicativo,Pretérito imperfecto,nosotros,dábamos,1,reviewed,
ES,dar,Indicativo,Pretérito imperfecto,vosotros,dabais,1,reviewed,
ES,dar,Indicativo,Pretérito imperfecto,ellos,daban,1,reviewed,
ES,dar,Condicional,Condicional,yo,daría,1,reviewed,
ES,dar,Condicional,Condicional,tú,darías,1,reviewed,
ES,dar,Condicional,Condicional,él,daría,1,reviewed,
ES,dar,Condicional,Condicional,nosotros,daríamos,1,reviewed,
ES,dar,Condicional,Condicional,vosotros,daríais,1,reviewed,
ES,dar,Condicional,Condicional,ellos,darían,1,reviewed,
ES,dar,Imperativo,Imperativo,yo,-,1,reviewed,yo imperative placeholder -; no standard form
ES,dar,Imperativo,Imperativo,tú,da,1,reviewed,
ES,dar,Imperativo,Imperativo,él,dé,1,reviewed,
ES,dar,Imperativo,Imperativo,nosotros,demos,1,reviewed,
ES,dar,Imperativo,Imperativo,vosotros,dad,1,reviewed,
ES,dar,Imperativo,Imperativo,ellos,den,1,reviewed,
ES,dar,Indicativo,Futuro perfecto,yo,habré dado,1,reviewed,
ES,dar,Indicativo,Futuro perfecto,tú,habrás dado,1,reviewed,
ES,dar,Indicativo,Futuro perfecto,él,habrá dado,1,reviewed,
ES,dar,Indicativo,Futuro perfecto,nosotros,habremos dado,1,reviewed,
ES,dar,Indicativo,Futuro perfecto,vosotros,habréis dado,1,reviewed,
ES,dar,Indicativo,Futuro perfecto,ellos,habrán dado,1,reviewed,
ES,dar,Subjuntivo,Subjuntivo presente,yo,dé,1,reviewed,
ES,dar,Subjuntivo,Subjuntivo presente,tú,des,1,reviewed,
ES,dar,Subjuntivo,Subjuntivo presente,él,dé,1,reviewed,
ES,dar,Subjuntivo,Subjuntivo presente,nosotros,demos,1,reviewed,
ES,dar,Subjuntivo,Subjuntivo presente,vosotros,deis,1,reviewed,
ES,dar,Subjuntivo,Subjuntivo presente,ellos,den,1,reviewed,
ES,dar,Indicativo,Pretérito perfecto simple,yo,di,1,reviewed,
ES,dar,Indicativo,Pretérito perfecto simple,tú,diste,1,reviewed,
ES,dar,Indicativo,Pretérito perfecto simple,él,dio,1,reviewed,
ES,dar,Indicativo,Pretérito perfecto simple,nosotros,dimos,1,reviewed,
ES,dar,Indicativo,Pretérito perfecto simple,vosotros,disteis,1,reviewed,
ES,dar,Indicativo,Pretérito perfecto simple,ellos,dieron,1,reviewed,
ES,dar,Indicativo,Pretérito pluscuamperfecto,yo,había dado,1,reviewed,
ES,dar,Indicativo,Pretérito pluscuamperfecto,tú,habías dado,1,reviewed,
ES,dar,Indicativo,Pretérito pluscuamperfecto,él,había dado,1,reviewed,
ES,dar,Indicativo,Pretérito pluscuamperfecto,nosotros,habíamos dado,1,reviewed,
ES,dar,Indicativo,Pretérito pluscuamperfecto,vosotros,habíais dado,1,reviewed,
ES,dar,Indicativo,Pretérito pluscuamperfecto,ellos,habían dado,1,reviewed,
ES,pasar,Indicativo,Presente,yo,paso,1,reviewed,
ES,pasar,Indicativo,Presente,tú,pasas,1,reviewed,
ES,pasar,Indicativo,Presente,él,pasa,1,reviewed,
ES,pasar,Indicativo,Presente,nosotros,pasamos,1,reviewed,
ES,pasar,Indicativo,Presente,vosotros,pasáis,1,reviewed,
ES,pasar,Indicativo,Presente,ellos,pasan,1,reviewed,
ES,pasar,Indicativo,Futuro,yo,pasaré,1,reviewed,
ES,pasar,Indicativo,Futuro,tú,pasarás,1,reviewed,
ES,pasar,Indicativo,Futuro,él,pasará,1,reviewed,
ES,pasar,Indicativo,Futuro,nosotros,pasaremos,1,reviewed,
ES,pasar,Indicativo,Futuro,vosotros,pasaréis,1,reviewed,
ES,pasar,Indicativo,Futuro,ellos,pasarán,1,reviewed,
ES,pasar,Indicativo,Pretérito perfecto compuesto,yo,he pasado,1,reviewed,
ES,pasar,Indicativo,Pretérito perfecto compuesto,tú,has pasado,1,reviewed,
ES,pasar,Indicativo,Pretérito perfecto compuesto,él,ha pasado,1,reviewed,
ES,pasar,Indicativo,Pretérito perfecto compuesto,nosotros,hemos pasado,1,reviewed,
ES,pasar,Indicativo,Pretérito perfecto compuesto,vosotros,habéis pasado,1,reviewed,
ES,pasar,Indicativo,Pretérito perfecto compuesto,ellos,han pasado,1,reviewed,
ES,pasar,Indicativo,Pretérito imperfecto,yo,pasaba,1,reviewed,
ES,pasar,Indicativo,Pretérito imperfecto,tú,pasabas,1,reviewed,
ES,pasar,Indicativo,Pretérito imperfecto,él,pasaba,1,reviewed,
ES,pasar,Indicativo,Pretérito imperfecto,nosotros,pasábamos,1,reviewed,
ES,pasar,Indicativo,Pretérito imperfecto,vosotros,pasabais,1,reviewed,
ES,pasar,Indicativo,Pretérito imperfecto,ellos,pasaban,1,reviewed,
ES,pasar,Condicional,Condicional,yo,pasaría,1,reviewed,
ES,pasar,Condicional,Condicional,tú,pasarías,1,reviewed,
ES,pasar,Condicional,Condicional,él,pasaría,1,reviewed,
ES,pasar,Condicional,Condicional,nosotros,pasaríamos,1,reviewed,
ES,pasar,Condicional,Condicional,vosotros,pasaríais,1,reviewed,
ES,pasar,Condicional,Condicional,ellos,pasarían,1,reviewed,
ES,pasar,Imperativo,Imperativo,yo,-,1,reviewed,yo imperative placeholder -; no standard form
ES,pasar,Imperativo,Imperativo,tú,pasa,1,reviewed,
ES,pasar,Imperativo,Imperativo,él,pase,1,reviewed,
ES,pasar,Imperativo,Imperativo,nosotros,pasemos,1,reviewed,
ES,pasar,Imperativo,Imperativo,vosotros,pasad,1,reviewed,
ES,pasar,Imperativo,Imperativo,ellos,pasen,1,reviewed,
ES,pasar,Indicativo,Futuro perfecto,yo,habré pasado,1,reviewed,
ES,pasar,Indicativo,Futuro perfecto,tú,habrás pasado,1,reviewed,
ES,pasar,Indicativo,Futuro perfecto,él,habrá pasado,1,reviewed,
ES,pasar,Indicativo,Futuro perfecto,nosotros,habremos pasado,1,reviewed,
ES,pasar,Indicativo,Futuro perfecto,vosotros,habréis pasado,1,reviewed,
ES,pasar,Indicativo,Futuro perfecto,ellos,habrán pasado,1,reviewed,
ES,pasar,Subjuntivo,Subjuntivo presente,yo,pase,1,reviewed,
ES,pasar,Subjuntivo,Subjuntivo presente,tú,pases,1,reviewed,
ES,pasar,Subjuntivo,Subjuntivo presente,él,pase,1,reviewed,
ES,pasar,Subjuntivo,Subjuntivo presente,nosotros,pasemos,1,reviewed,
ES,pasar,Subjuntivo,Subjuntivo presente,vosotros,paséis,1,reviewed,
ES,pasar,Subjuntivo,Subjuntivo presente,ellos,pasen,1,reviewed,
ES,pasar,Indicativo,Pretérito perfecto simple,yo,pasé,1,reviewed,
ES,pasar,Indicativo,Pretérito perfecto simple,tú,pasaste,1,reviewed,
ES,pasar,Indicativo,Pretérito perfecto simple,él,pasó,1,reviewed,
ES,pasar,Indicativo,Pretérito perfecto simple,nosotros,pasamos,1,reviewed,
ES,pasar,Indicativo,Pretérito perfecto simple,vosotros,pasasteis,1,reviewed,
ES,pasar,Indicativo,Pretérito perfecto simple,ellos,pasaron,1,reviewed,
ES,pasar,Indicativo,Pretérito pluscuamperfecto,yo,había pasado,1,reviewed,
ES,pasar,Indicativo,Pretérito pluscuamperfecto,tú,habías pasado,1,reviewed,
ES,pasar,Indicativo,Pretérito pluscuamperfecto,él,había pasado,1,reviewed,
ES,pasar,Indicativo,Pretérito pluscuamperfecto,nosotros,habíamos pasado,1,reviewed,
ES,pasar,Indicativo,Pretérito pluscuamperfecto,vosotros,habíais pasado,1,reviewed,
ES,pasar,Indicativo,Pretérito pluscuamperfecto,ellos,habían pasado,1,reviewed,
ES,poner,Indicativo,Presente,yo,pongo,1,reviewed,
ES,poner,Indicativo,Presente,tú,pones,1,reviewed,
ES,poner,Indicativo,Presente,él,pone,1,reviewed,
ES,poner,Indicativo,Presente,nosotros,ponemos,1,reviewed,
ES,poner,Indicativo,Presente,vosotros,ponéis,1,reviewed,
ES,poner,Indicativo,Presente,ellos,ponen,1,reviewed,
ES,poner,Indicativo,Futuro,yo,pondré,1,reviewed,
ES,poner,Indicativo,Futuro,tú,pondrás,1,reviewed,
ES,poner,Indicativo,Futuro,él,pondrá,1,reviewed,
ES,poner,Indicativo,Futuro,nosotros,pondremos,1,reviewed,
ES,poner,Indicativo,Futuro,vosotros,pondréis,1,reviewed,
ES,poner,Indicativo,Futuro,ellos,pondrán,1,reviewed,
ES,poner,Indicativo,Pretérito perfecto compuesto,yo,he puesto,1,reviewed,
ES,poner,Indicativo,Pretérito perfecto compuesto,tú,has puesto,1,reviewed,
ES,poner,Indicativo,Pretérito perfecto compuesto,él,ha puesto,1,reviewed,
ES,poner,Indicativo,Pretérito perfecto compuesto,nosotros,hemos puesto,1,reviewed,
ES,poner,Indicativo,Pretérito perfecto compuesto,vosotros,habéis puesto,1,reviewed,
ES,poner,Indicativo,Pretérito perfecto compuesto,ellos,han puesto,1,reviewed,
ES,poner,Indicativo,Pretérito imperfecto,yo,ponía,1,reviewed,
ES,poner,Indicativo,Pretérito imperfecto,tú,ponías,1,reviewed,
ES,poner,Indicativo,Pretérito imperfecto,él,ponía,1,reviewed,
ES,poner,Indicativo,Pretérito imperfecto,nosotros,poníamos,1,reviewed,
ES,poner,Indicativo,Pretérito imperfecto,vosotros,poníais,1,reviewed,
ES,poner,Indicativo,Pretérito imperfecto,ellos,ponían,1,reviewed,
ES,poner,Condicional,Condicional,yo,pondría,1,reviewed,
ES,poner,Condicional,Condicional,tú,pondrías,1,reviewed,
ES,poner,Condicional,Condicional,él,pondría,1,reviewed,
ES,poner,Condicional,Condicional,nosotros,pondríamos,1,reviewed,
ES,poner,Condicional,Condicional,vosotros,pondríais,1,reviewed,
ES,poner,Condicional,Condicional,ellos,pondrían,1,reviewed,
ES,poner,Imperativo,Imperativo,yo,-,1,reviewed,yo imperative placeholder -; no standard form
ES,poner,Imperativo,Imperativo,tú,pon,1,reviewed,
ES,poner,Imperativo,Imperativo,él,ponga,1,reviewed,
ES,poner,Imperativo,Imperativo,nosotros,pongamos,1,reviewed,
ES,poner,Imperativo,Imperativo,vosotros,poned,1,reviewed,
ES,poner,Imperativo,Imperativo,ellos,pongan,1,reviewed,
ES,poner,Indicativo,Futuro perfecto,yo,habré puesto,1,reviewed,
ES,poner,Indicativo,Futuro perfecto,tú,habrás puesto,1,reviewed,
ES,poner,Indicativo,Futuro perfecto,él,habrá puesto,1,reviewed,
ES,poner,Indicativo,Futuro perfecto,nosotros,habremos puesto,1,reviewed,
ES,poner,Indicativo,Futuro perfecto,vosotros,habréis puesto,1,reviewed,
ES,poner,Indicativo,Futuro perfecto,ellos,habrán puesto,1,reviewed,
ES,poner,Subjuntivo,Subjuntivo presente,yo,ponga,1,reviewed,
ES,poner,Subjuntivo,Subjuntivo presente,tú,pongas,1,reviewed,
ES,poner,Subjuntivo,Subjuntivo presente,él,ponga,1,reviewed,
ES,poner,Subjuntivo,Subjuntivo presente,nosotros,pongamos,1,reviewed,
ES,poner,Subjuntivo,Subjuntivo presente,vosotros,pongáis,1,reviewed,
ES,poner,Subjuntivo,Subjuntivo presente,ellos,pongan,1,reviewed,
ES,poner,Indicativo,Pretérito perfecto simple,yo,puse,1,reviewed,
ES,poner,Indicativo,Pretérito perfecto simple,tú,pusiste,1,reviewed,
ES,poner,Indicativo,Pretérito perfecto simple,él,puso,1,reviewed,
ES,poner,Indicativo,Pretérito perfecto simple,nosotros,pusimos,1,reviewed,
ES,poner,Indicativo,Pretérito perfecto simple,vosotros,pusisteis,1,reviewed,
ES,poner,Indicativo,Pretérito perfecto simple,ellos,pusieron,1,reviewed,
ES,poner,Indicativo,Pretérito pluscuamperfecto,yo,había puesto,1,reviewed,
ES,poner,Indicativo,Pretérito pluscuamperfecto,tú,habías puesto,1,reviewed,
ES,poner,Indicativo,Pretérito pluscuamperfecto,él,había puesto,1,reviewed,
ES,poner,Indicativo,Pretérito pluscuamperfecto,nosotros,habíamos puesto,1,reviewed,
ES,poner,Indicativo,Pretérito pluscuamperfecto,vosotros,habíais puesto,1,reviewed,
ES,poner,Indicativo,Pretérito pluscuamperfecto,ellos,habían puesto,1,reviewed,
ES,meter,Indicativo,Presente,yo,meto,1,reviewed,
ES,meter,Indicativo,Presente,tú,metes,1,reviewed,
ES,meter,Indicativo,Presente,él,mete,1,reviewed,
ES,meter,Indicativo,Presente,nosotros,metemos,1,reviewed,
ES,meter,Indicativo,Presente,vosotros,metéis,1,reviewed,
ES,meter,Indicativo,Presente,ellos,meten,1,reviewed,
ES,meter,Indicativo,Futuro,yo,meteré,1,reviewed,
ES,meter,Indicativo,Futuro,tú,meterás,1,reviewed,
ES,meter,Indicativo,Futuro,él,meterá,1,reviewed,
ES,meter,Indicativo,Futuro,nosotros,meteremos,1,reviewed,
ES,meter,Indicativo,Futuro,vosotros,meteréis,1,reviewed,
ES,meter,Indicativo,Futuro,ellos,meterán,1,reviewed,
ES,meter,Indicativo,Pretérito perfecto compuesto,yo,he metido,1,reviewed,
ES,meter,Indicativo,Pretérito perfecto compuesto,tú,has metido,1,reviewed,
ES,meter,Indicativo,Pretérito perfecto compuesto,él,ha metido,1,reviewed,
ES,meter,Indicativo,Pretérito perfecto compuesto,nosotros,hemos metido,1,reviewed,
ES,meter,Indicativo,Pretérito perfecto compuesto,vosotros,habéis metido,1,reviewed,
ES,meter,Indicativo,Pretérito perfecto compuesto,ellos,han metido,1,reviewed,
ES,meter,Indicativo,Pretérito imperfecto,yo,metía,1,reviewed,
ES,meter,Indicativo,Pretérito imperfecto,tú,metías,1,reviewed,
ES,meter,Indicativo,Pretérito imperfecto,él,metía,1,reviewed,
ES,meter,Indicativo,Pretérito imperfecto,nosotros,metíamos,1,reviewed,
ES,meter,Indicativo,Pretérito imperfecto,vosotros,metíais,1,reviewed,
ES,meter,Indicativo,Pretérito imperfecto,ellos,metían,1,reviewed,
ES,meter,Condicional,Condicional,yo,metería,1,reviewed,
ES,meter,Condicional,Condicional,tú,meterías,1,reviewed,
ES,meter,Condicional,Condicional,él,metería,1,reviewed,
ES,meter,Condicional,Condicional,nosotros,meteríamos,1,reviewed,
ES,meter,Condicional,Condicional,vosotros,meteríais,1,reviewed,
ES,meter,Condicional,Condicional,ellos,meterían,1,reviewed,
ES,meter,Imperativo,Imperativo,yo,-,1,reviewed,yo imperative placeholder -; no standard form
ES,meter,Imperativo,Imperativo,tú,mete,1,reviewed,
ES,meter,Imperativo,Imperativo,él,meta,1,reviewed,
ES,meter,Imperativo,Imperativo,nosotros,metamos,1,reviewed,
ES,meter,Imperativo,Imperativo,vosotros,meted,1,reviewed,
ES,meter,Imperativo,Imperativo,ellos,metan,1,reviewed,
ES,meter,Indicativo,Futuro perfecto,yo,habré metido,1,reviewed,
ES,meter,Indicativo,Futuro perfecto,tú,habrás metido,1,reviewed,
ES,meter,Indicativo,Futuro perfecto,él,habrá metido,1,reviewed,
ES,meter,Indicativo,Futuro perfecto,nosotros,habremos metido,1,reviewed,
ES,meter,Indicativo,Futuro perfecto,vosotros,habréis metido,1,reviewed,
ES,meter,Indicativo,Futuro perfecto,ellos,habrán metido,1,reviewed,
ES,meter,Subjuntivo,Subjuntivo presente,yo,meta,1,reviewed,
ES,meter,Subjuntivo,Subjuntivo presente,tú,metas,1,reviewed,
ES,meter,Subjuntivo,Subjuntivo presente,él,meta,1,reviewed,
ES,meter,Subjuntivo,Subjuntivo presente,nosotros,metamos,1,reviewed,
ES,meter,Subjuntivo,Subjuntivo presente,vosotros,metáis,1,reviewed,
ES,meter,Subjuntivo,Subjuntivo presente,ellos,metan,1,reviewed,
ES,meter,Indicativo,Pretérito perfecto simple,yo,metí,1,reviewed,
ES,meter,Indicativo,Pretérito perfecto simple,tú,metiste,1,reviewed,
ES,meter,Indicativo,Pretérito perfecto simple,él,metió,1,reviewed,
ES,meter,Indicativo,Pretérito perfecto simple,nosotros,metimos,1,reviewed,
ES,meter,Indicativo,Pretérito perfecto simple,vosotros,metisteis,1,reviewed,
ES,meter,Indicativo,Pretérito perfecto simple,ellos,metieron,1,reviewed,
ES,meter,Indicativo,Pretérito pluscuamperfecto,yo,había metido,1,reviewed,
ES,meter,Indicativo,Pretérito pluscuamperfecto,tú,habías metido,1,reviewed,
ES,meter,Indicativo,Pretérito pluscuamperfecto,él,había metido,1,reviewed,
ES,meter,Indicativo,Pretérito pluscuamperfecto,nosotros,habíamos metido,1,reviewed,
ES,meter,Indicativo,Pretérito pluscuamperfecto,vosotros,habíais metido,1,reviewed,
ES,meter,Indicativo,Pretérito pluscuamperfecto,ellos,habían metido,1,reviewed,
ES,partir,Indicativo,Presente,yo,parto,1,reviewed,
ES,partir,Indicativo,Presente,tú,partes,1,reviewed,
ES,partir,Indicativo,Presente,él,parte,1,reviewed,
ES,partir,Indicativo,Presente,nosotros,partimos,1,reviewed,
ES,partir,Indicativo,Presente,vosotros,partís,1,reviewed,
ES,partir,Indicativo,Presente,ellos,parten,1,reviewed,
ES,partir,Indicativo,Futuro,yo,partiré,1,reviewed,
ES,partir,Indicativo,Futuro,tú,partirás,1,reviewed,
ES,partir,Indicativo,Futuro,él,partirá,1,reviewed,
ES,partir,Indicativo,Futuro,nosotros,partiremos,1,reviewed,
ES,partir,Indicativo,Futuro,vosotros,partiréis,1,reviewed,
ES,partir,Indicativo,Futuro,ellos,partirán,1,reviewed,
ES,partir,Indicativo,Pretérito perfecto compuesto,yo,he partido,1,reviewed,
ES,partir,Indicativo,Pretérito perfecto compuesto,tú,has partido,1,reviewed,
ES,partir,Indicativo,Pretérito perfecto compuesto,él,ha partido,1,reviewed,
ES,partir,Indicativo,Pretérito perfecto compuesto,nosotros,hemos partido,1,reviewed,
ES,partir,Indicativo,Pretérito perfecto compuesto,vosotros,habéis partido,1,reviewed,
ES,partir,Indicativo,Pretérito perfecto compuesto,ellos,han partido,1,reviewed,
ES,partir,Indicativo,Pretérito imperfecto,yo,partía,1,reviewed,
ES,partir,Indicativo,Pretérito imperfecto,tú,partías,1,reviewed,
ES,partir,Indicativo,Pretérito imperfecto,él,partía,1,reviewed,
ES,partir,Indicativo,Pretérito imperfecto,nosotros,partíamos,1,reviewed,
ES,partir,Indicativo,Pretérito imperfecto,vosotros,partíais,1,reviewed,
ES,partir,Indicativo,Pretérito imperfecto,ellos,partían,1,reviewed,
ES,partir,Condicional,Condicional,yo,partiría,1,reviewed,
ES,partir,Condicional,Condicional,tú,partirías,1,reviewed,
ES,partir,Condicional,Condicional,él,partiría,1,reviewed,
ES,partir,Condicional,Condicional,nosotros,partiríamos,1,reviewed,
ES,partir,Condicional,Condicional,vosotros,partiríais,1,reviewed,
ES,partir,Condicional,Condicional,ellos,partirían,1,reviewed,
ES,partir,Imperativo,Imperativo,yo,-,1,reviewed,yo imperative placeholder -; no standard form
ES,partir,Imperativo,Imperativo,tú,parte,1,reviewed,
ES,partir,Imperativo,Imperativo,él,parta,1,reviewed,
ES,partir,Imperativo,Imperativo,nosotros,partamos,1,reviewed,
ES,partir,Imperativo,Imperativo,vosotros,partid,1,reviewed,
ES,partir,Imperativo,Imperativo,ellos,partan,1,reviewed,
ES,partir,Indicativo,Futuro perfecto,yo,habré partido,1,reviewed,
ES,partir,Indicativo,Futuro perfecto,tú,habrás partido,1,reviewed,
ES,partir,Indicativo,Futuro perfecto,él,habrá partido,1,reviewed,
ES,partir,Indicativo,Futuro perfecto,nosotros,habremos partido,1,reviewed,
ES,partir,Indicativo,Futuro perfecto,vosotros,habréis partido,1,reviewed,
ES,partir,Indicativo,Futuro perfecto,ellos,habrán partido,1,reviewed,
ES,partir,Subjuntivo,Subjuntivo presente,yo,parta,1,reviewed,
ES,partir,Subjuntivo,Subjuntivo presente,tú,partas,1,reviewed,
ES,partir,Subjuntivo,Subjuntivo presente,él,parta,1,reviewed,
ES,partir,Subjuntivo,Subjuntivo presente,nosotros,partamos,1,reviewed,
ES,partir,Subjuntivo,Subjuntivo presente,vosotros,partáis,1,reviewed,
ES,partir,Subjuntivo,Subjuntivo presente,ellos,partan,1,reviewed,
ES,partir,Indicativo,Pretérito perfecto simple,yo,partí,1,reviewed,
ES,partir,Indicativo,Pretérito perfecto simple,tú,partiste,1,reviewed,
ES,partir,Indicativo,Pretérito perfecto simple,él,partió,1,reviewed,
ES,partir,Indicativo,Pretérito perfecto simple,nosotros,partimos,1,reviewed,
ES,partir,Indicativo,Pretérito perfecto simple,vosotros,partisteis,1,reviewed,
ES,partir,Indicativo,Pretérito perfecto simple,ellos,partieron,1,reviewed,
ES,partir,Indicativo,Pretérito pluscuamperfecto,yo,había partido,1,reviewed,
ES,partir,Indicativo,Pretérito pluscuamperfecto,tú,habías partido,1,reviewed,
ES,partir,Indicativo,Pretérito pluscuamperfecto,él,había partido,1,reviewed,
ES,partir,Indicativo,Pretérito pluscuamperfecto,nosotros,habíamos partido,1,reviewed,
ES,partir,Indicativo,Pretérito pluscuamperfecto,vosotros,habíais partido,1,reviewed,
ES,partir,Indicativo,Pretérito pluscuamperfecto,ellos,habían partido,1,reviewed,
ES,encontrar,Indicativo,Presente,yo,encuentro,1,reviewed,
ES,encontrar,Indicativo,Presente,tú,encuentras,1,reviewed,
ES,encontrar,Indicativo,Presente,él,encuentra,1,reviewed,
ES,encontrar,Indicativo,Presente,nosotros,encontramos,1,reviewed,
ES,encontrar,Indicativo,Presente,vosotros,encontráis,1,reviewed,
ES,encontrar,Indicativo,Presente,ellos,encuentran,1,reviewed,
ES,encontrar,Indicativo,Futuro,yo,encontraré,1,reviewed,
ES,encontrar,Indicativo,Futuro,tú,encontrarás,1,reviewed,
ES,encontrar,Indicativo,Futuro,él,encontrará,1,reviewed,
ES,encontrar,Indicativo,Futuro,nosotros,encontraremos,1,reviewed,
ES,encontrar,Indicativo,Futuro,vosotros,encontraréis,1,reviewed,
ES,encontrar,Indicativo,Futuro,ellos,encontrarán,1,reviewed,
ES,encontrar,Indicativo,Pretérito perfecto compuesto,yo,he encontrado,1,reviewed,
ES,encontrar,Indicativo,Pretérito perfecto compuesto,tú,has encontrado,1,reviewed,
ES,encontrar,Indicativo,Pretérito perfecto compuesto,él,ha encontrado,1,reviewed,
ES,encontrar,Indicativo,Pretérito perfecto compuesto,nosotros,hemos encontrado,1,reviewed,
ES,encontrar,Indicativo,Pretérito perfecto compuesto,vosotros,habéis encontrado,1,reviewed,
ES,encontrar,Indicativo,Pretérito perfecto compuesto,ellos,han encontrado,1,reviewed,
ES,encontrar,Indicativo,Pretérito imperfecto,yo,encontraba,1,reviewed,
ES,encontrar,Indicativo,Pretérito imperfecto,tú,encontrabas,1,reviewed,
ES,encontrar,Indicativo,Pretérito imperfecto,él,encontraba,1,reviewed,
ES,encontrar,Indicativo,Pretérito imperfecto,nosotros,encontrábamos,1,reviewed,
ES,encontrar,Indicativo,Pretérito imperfecto,vosotros,encontrabais,1,reviewed,
ES,encontrar,Indicativo,Pretérito imperfecto,ellos,encontraban,1,reviewed,
ES,encontrar,Condicional,Condicional,yo,encontraría,1,reviewed,
ES,encontrar,Condicional,Condicional,tú,encontrarías,1,reviewed,
ES,encontrar,Condicional,Condicional,él,encontraría,1,reviewed,
ES,encontrar,Condicional,Condicional,nosotros,encontraríamos,1,reviewed,
ES,encontrar,Condicional,Condicional,vosotros,encontraríais,1,reviewed,
ES,encontrar,Condicional,Condicional,ellos,encontrarían,1,reviewed,
ES,encontrar,Imperativo,Imperativo,yo,-,1,reviewed,yo imperative placeholder -; no standard form
ES,encontrar,Imperativo,Imperativo,tú,encuentra,1,reviewed,
ES,encontrar,Imperativo,Imperativo,él,encuentre,1,reviewed,
ES,encontrar,Imperativo,Imperativo,nosotros,encontremos,1,reviewed,
ES,encontrar,Imperativo,Imperativo,vosotros,encontrad,1,reviewed,
ES,encontrar,Imperativo,Imperativo,ellos,encuentren,1,reviewed,
ES,encontrar,Indicativo,Futuro perfecto,yo,habré encontrado,1,reviewed,
ES,encontrar,Indicativo,Futuro perfecto,tú,habrás encontrado,1,reviewed,
ES,encontrar,Indicativo,Futuro perfecto,él,habrá encontrado,1,reviewed,
ES,encontrar,Indicativo,Futuro perfecto,nosotros,habremos encontrado,1,reviewed,
ES,encontrar,Indicativo,Futuro perfecto,vosotros,habréis encontrado,1,reviewed,
ES,encontrar,Indicativo,Futuro perfecto,ellos,habrán encontrado,1,reviewed,
ES,encontrar,Subjuntivo,Subjuntivo presente,yo,encuentre,1,reviewed,
ES,encontrar,Subjuntivo,Subjuntivo presente,tú,encuentres,1,reviewed,
ES,encontrar,Subjuntivo,Subjuntivo presente,él,encuentre,1,reviewed,
ES,encontrar,Subjuntivo,Subjuntivo presente,nosotros,encontremos,1,reviewed,
ES,encontrar,Subjuntivo,Subjuntivo presente,vosotros,encontréis,1,reviewed,
ES,encontrar,Subjuntivo,Subjuntivo presente,ellos,encuentren,1,reviewed,
ES,encontrar,Indicativo,Pretérito perfecto simple,yo,encontré,1,reviewed,
ES,encontrar,Indicativo,Pretérito perfecto simple,tú,encontraste,1,reviewed,
ES,encontrar,Indicativo,Pretérito perfecto simple,él,encontró,1,reviewed,
ES,encontrar,Indicativo,Pretérito perfecto simple,nosotros,encontramos,1,reviewed,
ES,encontrar,Indicativo,Pretérito perfecto simple,vosotros,encontrasteis,1,reviewed,
ES,encontrar,Indicativo,Pretérito perfecto simple,ellos,encontraron,1,reviewed,
ES,encontrar,Indicativo,Pretérito pluscuamperfecto,yo,había encontrado,1,reviewed,
ES,encontrar,Indicativo,Pretérito pluscuamperfecto,tú,habías encontrado,1,reviewed,
ES,encontrar,Indicativo,Pretérito pluscuamperfecto,él,había encontrado,1,reviewed,
ES,encontrar,Indicativo,Pretérito pluscuamperfecto,nosotros,habíamos encontrado,1,reviewed,
ES,encontrar,Indicativo,Pretérito pluscuamperfecto,vosotros,habíais encontrado,1,reviewed,
ES,encontrar,Indicativo,Pretérito pluscuamperfecto,ellos,habían encontrado,1,reviewed,
ES,irse,Indicativo,Presente,yo,me voy,1,reviewed,
ES,irse,Indicativo,Presente,tú,te vas,1,reviewed,
ES,irse,Indicativo,Presente,él,se va,1,reviewed,
ES,irse,Indicativo,Presente,nosotros,nos vamos,1,reviewed,
ES,irse,Indicativo,Presente,vosotros,os vais,1,reviewed,
ES,irse,Indicativo,Presente,ellos,se van,1,reviewed,
ES,irse,Indicativo,Futuro,yo,me iré,1,reviewed,
ES,irse,Indicativo,Futuro,tú,te irás,1,reviewed,
ES,irse,Indicativo,Futuro,él,se irá,1,reviewed,
ES,irse,Indicativo,Futuro,nosotros,nos iremos,1,reviewed,
ES,irse,Indicativo,Futuro,vosotros,os iréis,1,reviewed,
ES,irse,Indicativo,Futuro,ellos,se irán,1,reviewed,
ES,irse,Indicativo,Pretérito perfecto compuesto,yo,me he ido,1,reviewed,
ES,irse,Indicativo,Pretérito perfecto compuesto,tú,te has ido,1,reviewed,
ES,irse,Indicativo,Pretérito perfecto compuesto,él,se ha ido,1,reviewed,
ES,irse,Indicativo,Pretérito perfecto compuesto,nosotros,nos hemos ido,1,reviewed,
ES,irse,Indicativo,Pretérito perfecto compuesto,vosotros,os habéis ido,1,reviewed,
ES,irse,Indicativo,Pretérito perfecto compuesto,ellos,se han ido,1,reviewed,
ES,irse,Indicativo,Pretérito imperfecto,yo,me iba,1,reviewed,
ES,irse,Indicativo,Pretérito imperfecto,tú,te ibas,1,reviewed,
ES,irse,Indicativo,Pretérito imperfecto,él,se iba,1,reviewed,
ES,irse,Indicativo,Pretérito imperfecto,nosotros,nos íbamos,1,reviewed,
ES,irse,Indicativo,Pretérito imperfecto,vosotros,os ibais,1,reviewed,
ES,irse,Indicativo,Pretérito imperfecto,ellos,se iban,1,reviewed,
ES,irse,Condicional,Condicional,yo,me iría,1,reviewed,
ES,irse,Condicional,Condicional,tú,te irías,1,reviewed,
ES,irse,Condicional,Condicional,él,se iría,1,reviewed,
ES,irse,Condicional,Condicional,nosotros,nos iríamos,1,reviewed,
ES,irse,Condicional,Condicional,vosotros,os iríais,1,reviewed,
ES,irse,Condicional,Condicional,ellos,se irían,1,reviewed,
ES,irse,Imperativo,Imperativo,yo,-,1,reviewed,yo imperative placeholder -; no standard form
ES,irse,Imperativo,Imperativo,tú,vete,1,reviewed,
ES,irse,Imperativo,Imperativo,él,váyase,1,reviewed,
ES,irse,Imperativo,Imperativo,nosotros,vayámonos,1,reviewed,
ES,irse,Imperativo,Imperativo,vosotros,idos,1,reviewed,standard affirmative vosotros chosen; colloquial iros omitted
ES,irse,Imperativo,Imperativo,ellos,váyanse,1,reviewed,
ES,irse,Indicativo,Futuro perfecto,yo,me habré ido,1,reviewed,
ES,irse,Indicativo,Futuro perfecto,tú,te habrás ido,1,reviewed,
ES,irse,Indicativo,Futuro perfecto,él,se habrá ido,1,reviewed,
ES,irse,Indicativo,Futuro perfecto,nosotros,nos habremos ido,1,reviewed,
ES,irse,Indicativo,Futuro perfecto,vosotros,os habréis ido,1,reviewed,
ES,irse,Indicativo,Futuro perfecto,ellos,se habrán ido,1,reviewed,
ES,irse,Subjuntivo,Subjuntivo presente,yo,me vaya,1,reviewed,
ES,irse,Subjuntivo,Subjuntivo presente,tú,te vayas,1,reviewed,
ES,irse,Subjuntivo,Subjuntivo presente,él,se vaya,1,reviewed,
ES,irse,Subjuntivo,Subjuntivo presente,nosotros,nos vayamos,1,reviewed,
ES,irse,Subjuntivo,Subjuntivo presente,vosotros,os vayáis,1,reviewed,
ES,irse,Subjuntivo,Subjuntivo presente,ellos,se vayan,1,reviewed,
ES,irse,Indicativo,Pretérito perfecto simple,yo,me fui,1,reviewed,
ES,irse,Indicativo,Pretérito perfecto simple,tú,te fuiste,1,reviewed,
ES,irse,Indicativo,Pretérito perfecto simple,él,se fue,1,reviewed,
ES,irse,Indicativo,Pretérito perfecto simple,nosotros,nos fuimos,1,reviewed,
ES,irse,Indicativo,Pretérito perfecto simple,vosotros,os fuisteis,1,reviewed,
ES,irse,Indicativo,Pretérito perfecto simple,ellos,se fueron,1,reviewed,
ES,irse,Indicativo,Pretérito pluscuamperfecto,yo,me había ido,1,reviewed,
ES,irse,Indicativo,Pretérito pluscuamperfecto,tú,te habías ido,1,reviewed,
ES,irse,Indicativo,Pretérito pluscuamperfecto,él,se había ido,1,reviewed,
ES,irse,Indicativo,Pretérito pluscuamperfecto,nosotros,nos habíamos ido,1,reviewed,
ES,irse,Indicativo,Pretérito pluscuamperfecto,vosotros,os habíais ido,1,reviewed,
ES,irse,Indicativo,Pretérito pluscuamperfecto,ellos,se habían ido,1,reviewed,
ES,reír,Indicativo,Presente,yo,río,1,reviewed,
ES,reír,Indicativo,Presente,tú,ríes,1,reviewed,
ES,reír,Indicativo,Presente,él,ríe,1,reviewed,
ES,reír,Indicativo,Presente,nosotros,reímos,1,reviewed,
ES,reír,Indicativo,Presente,vosotros,reís,1,reviewed,
ES,reír,Indicativo,Presente,ellos,ríen,1,reviewed,
ES,reír,Indicativo,Futuro,yo,reiré,1,reviewed,
ES,reír,Indicativo,Futuro,tú,reirás,1,reviewed,
ES,reír,Indicativo,Futuro,él,reirá,1,reviewed,
ES,reír,Indicativo,Futuro,nosotros,reiremos,1,reviewed,
ES,reír,Indicativo,Futuro,vosotros,reiréis,1,reviewed,
ES,reír,Indicativo,Futuro,ellos,reirán,1,reviewed,
ES,reír,Indicativo,Pretérito perfecto compuesto,yo,he reído,1,reviewed,
ES,reír,Indicativo,Pretérito perfecto compuesto,tú,has reído,1,reviewed,
ES,reír,Indicativo,Pretérito perfecto compuesto,él,ha reído,1,reviewed,
ES,reír,Indicativo,Pretérito perfecto compuesto,nosotros,hemos reído,1,reviewed,
ES,reír,Indicativo,Pretérito perfecto compuesto,vosotros,habéis reído,1,reviewed,
ES,reír,Indicativo,Pretérito perfecto compuesto,ellos,han reído,1,reviewed,
ES,reír,Indicativo,Pretérito imperfecto,yo,reía,1,reviewed,
ES,reír,Indicativo,Pretérito imperfecto,tú,reías,1,reviewed,
ES,reír,Indicativo,Pretérito imperfecto,él,reía,1,reviewed,
ES,reír,Indicativo,Pretérito imperfecto,nosotros,reíamos,1,reviewed,
ES,reír,Indicativo,Pretérito imperfecto,vosotros,reíais,1,reviewed,
ES,reír,Indicativo,Pretérito imperfecto,ellos,reían,1,reviewed,
ES,reír,Condicional,Condicional,yo,reiría,1,reviewed,
ES,reír,Condicional,Condicional,tú,reirías,1,reviewed,
ES,reír,Condicional,Condicional,él,reiría,1,reviewed,
ES,reír,Condicional,Condicional,nosotros,reiríamos,1,reviewed,
ES,reír,Condicional,Condicional,vosotros,reiríais,1,reviewed,
ES,reír,Condicional,Condicional,ellos,reirían,1,reviewed,
ES,reír,Imperativo,Imperativo,yo,-,1,reviewed,yo imperative placeholder -; no standard form
ES,reír,Imperativo,Imperativo,tú,ríe,1,reviewed,
ES,reír,Imperativo,Imperativo,él,ría,1,reviewed,
ES,reír,Imperativo,Imperativo,nosotros,riamos,1,reviewed,accent QA recommended
ES,reír,Imperativo,Imperativo,vosotros,reíd,1,reviewed,
ES,reír,Imperativo,Imperativo,ellos,rían,1,reviewed,
ES,reír,Indicativo,Futuro perfecto,yo,habré reído,1,reviewed,
ES,reír,Indicativo,Futuro perfecto,tú,habrás reído,1,reviewed,
ES,reír,Indicativo,Futuro perfecto,él,habrá reído,1,reviewed,
ES,reír,Indicativo,Futuro perfecto,nosotros,habremos reído,1,reviewed,
ES,reír,Indicativo,Futuro perfecto,vosotros,habréis reído,1,reviewed,
ES,reír,Indicativo,Futuro perfecto,ellos,habrán reído,1,reviewed,
ES,reír,Subjuntivo,Subjuntivo presente,yo,ría,1,reviewed,
ES,reír,Subjuntivo,Subjuntivo presente,tú,rías,1,reviewed,
ES,reír,Subjuntivo,Subjuntivo presente,él,ría,1,reviewed,
ES,reír,Subjuntivo,Subjuntivo presente,nosotros,riamos,1,reviewed,accent QA recommended
ES,reír,Subjuntivo,Subjuntivo presente,vosotros,riáis,1,reviewed,accent QA recommended
ES,reír,Subjuntivo,Subjuntivo presente,ellos,rían,1,reviewed,
ES,reír,Indicativo,Pretérito perfecto simple,yo,reí,1,reviewed,
ES,reír,Indicativo,Pretérito perfecto simple,tú,reíste,1,reviewed,
ES,reír,Indicativo,Pretérito perfecto simple,él,rió,1,reviewed,accent QA recommended
ES,reír,Indicativo,Pretérito perfecto simple,nosotros,reímos,1,reviewed,
ES,reír,Indicativo,Pretérito perfecto simple,vosotros,reísteis,1,reviewed,
ES,reír,Indicativo,Pretérito perfecto simple,ellos,rieron,1,reviewed,
ES,reír,Indicativo,Pretérito pluscuamperfecto,yo,había reído,1,reviewed,
ES,reír,Indicativo,Pretérito pluscuamperfecto,tú,habías reído,1,reviewed,
ES,reír,Indicativo,Pretérito pluscuamperfecto,él,había reído,1,reviewed,
ES,reír,Indicativo,Pretérito pluscuamperfecto,nosotros,habíamos reído,1,reviewed,
ES,reír,Indicativo,Pretérito pluscuamperfecto,vosotros,habíais reído,1,reviewed,
ES,reír,Indicativo,Pretérito pluscuamperfecto,ellos,habían reído,1,reviewed,
ES,vivir,Indicativo,Presente,yo,vivo,1,reviewed,
ES,vivir,Indicativo,Presente,tú,vives,1,reviewed,
ES,vivir,Indicativo,Presente,él,vive,1,reviewed,
ES,vivir,Indicativo,Presente,nosotros,vivimos,1,reviewed,
ES,vivir,Indicativo,Presente,vosotros,vivís,1,reviewed,
ES,vivir,Indicativo,Presente,ellos,viven,1,reviewed,
ES,vivir,Indicativo,Futuro,yo,viviré,1,reviewed,
ES,vivir,Indicativo,Futuro,tú,vivirás,1,reviewed,
ES,vivir,Indicativo,Futuro,él,vivirá,1,reviewed,
ES,vivir,Indicativo,Futuro,nosotros,viviremos,1,reviewed,
ES,vivir,Indicativo,Futuro,vosotros,viviréis,1,reviewed,
ES,vivir,Indicativo,Futuro,ellos,vivirán,1,reviewed,
ES,vivir,Indicativo,Pretérito perfecto compuesto,yo,he vivido,1,reviewed,
ES,vivir,Indicativo,Pretérito perfecto compuesto,tú,has vivido,1,reviewed,
ES,vivir,Indicativo,Pretérito perfecto compuesto,él,ha vivido,1,reviewed,
ES,vivir,Indicativo,Pretérito perfecto compuesto,nosotros,hemos vivido,1,reviewed,
ES,vivir,Indicativo,Pretérito perfecto compuesto,vosotros,habéis vivido,1,reviewed,
ES,vivir,Indicativo,Pretérito perfecto compuesto,ellos,han vivido,1,reviewed,
ES,vivir,Indicativo,Pretérito imperfecto,yo,vivía,1,reviewed,
ES,vivir,Indicativo,Pretérito imperfecto,tú,vivías,1,reviewed,
ES,vivir,Indicativo,Pretérito imperfecto,él,vivía,1,reviewed,
ES,vivir,Indicativo,Pretérito imperfecto,nosotros,vivíamos,1,reviewed,
ES,vivir,Indicativo,Pretérito imperfecto,vosotros,vivíais,1,reviewed,
ES,vivir,Indicativo,Pretérito imperfecto,ellos,vivían,1,reviewed,
ES,vivir,Condicional,Condicional,yo,viviría,1,reviewed,
ES,vivir,Condicional,Condicional,tú,vivirías,1,reviewed,
ES,vivir,Condicional,Condicional,él,viviría,1,reviewed,
ES,vivir,Condicional,Condicional,nosotros,viviríamos,1,reviewed,
ES,vivir,Condicional,Condicional,vosotros,viviríais,1,reviewed,
ES,vivir,Condicional,Condicional,ellos,vivirían,1,reviewed,
ES,vivir,Imperativo,Imperativo,yo,-,1,reviewed,yo imperative placeholder -; no standard form
ES,vivir,Imperativo,Imperativo,tú,vive,1,reviewed,
ES,vivir,Imperativo,Imperativo,él,viva,1,reviewed,
ES,vivir,Imperativo,Imperativo,nosotros,vivamos,1,reviewed,
ES,vivir,Imperativo,Imperativo,vosotros,vivid,1,reviewed,
ES,vivir,Imperativo,Imperativo,ellos,vivan,1,reviewed,
ES,vivir,Indicativo,Futuro perfecto,yo,habré vivido,1,reviewed,
ES,vivir,Indicativo,Futuro perfecto,tú,habrás vivido,1,reviewed,
ES,vivir,Indicativo,Futuro perfecto,él,habrá vivido,1,reviewed,
ES,vivir,Indicativo,Futuro perfecto,nosotros,habremos vivido,1,reviewed,
ES,vivir,Indicativo,Futuro perfecto,vosotros,habréis vivido,1,reviewed,
ES,vivir,Indicativo,Futuro perfecto,ellos,habrán vivido,1,reviewed,
ES,vivir,Subjuntivo,Subjuntivo presente,yo,viva,1,reviewed,
ES,vivir,Subjuntivo,Subjuntivo presente,tú,vivas,1,reviewed,
ES,vivir,Subjuntivo,Subjuntivo presente,él,viva,1,reviewed,
ES,vivir,Subjuntivo,Subjuntivo presente,nosotros,vivamos,1,reviewed,
ES,vivir,Subjuntivo,Subjuntivo presente,vosotros,viváis,1,reviewed,
ES,vivir,Subjuntivo,Subjuntivo presente,ellos,vivan,1,reviewed,
ES,vivir,Indicativo,Pretérito perfecto simple,yo,viví,1,reviewed,
ES,vivir,Indicativo,Pretérito perfecto simple,tú,viviste,1,reviewed,
ES,vivir,Indicativo,Pretérito perfecto simple,él,vivió,1,reviewed,
ES,vivir,Indicativo,Pretérito perfecto simple,nosotros,vivimos,1,reviewed,
ES,vivir,Indicativo,Pretérito perfecto simple,vosotros,vivisteis,1,reviewed,
ES,vivir,Indicativo,Pretérito perfecto simple,ellos,vivieron,1,reviewed,
ES,vivir,Indicativo,Pretérito pluscuamperfecto,yo,había vivido,1,reviewed,
ES,vivir,Indicativo,Pretérito pluscuamperfecto,tú,habías vivido,1,reviewed,
ES,vivir,Indicativo,Pretérito pluscuamperfecto,él,había vivido,1,reviewed,
ES,vivir,Indicativo,Pretérito pluscuamperfecto,nosotros,habíamos vivido,1,reviewed,
ES,vivir,Indicativo,Pretérito pluscuamperfecto,vosotros,habíais vivido,1,reviewed,
ES,vivir,Indicativo,Pretérito pluscuamperfecto,ellos,habían vivido,1,reviewed,
ES,dejar,Indicativo,Presente,yo,dejo,1,reviewed,
ES,dejar,Indicativo,Presente,tú,dejas,1,reviewed,
ES,dejar,Indicativo,Presente,él,deja,1,reviewed,
ES,dejar,Indicativo,Presente,nosotros,dejamos,1,reviewed,
ES,dejar,Indicativo,Presente,vosotros,dejáis,1,reviewed,
ES,dejar,Indicativo,Presente,ellos,dejan,1,reviewed,
ES,dejar,Indicativo,Futuro,yo,dejaré,1,reviewed,
ES,dejar,Indicativo,Futuro,tú,dejarás,1,reviewed,
ES,dejar,Indicativo,Futuro,él,dejará,1,reviewed,
ES,dejar,Indicativo,Futuro,nosotros,dejaremos,1,reviewed,
ES,dejar,Indicativo,Futuro,vosotros,dejaréis,1,reviewed,
ES,dejar,Indicativo,Futuro,ellos,dejarán,1,reviewed,
ES,dejar,Indicativo,Pretérito perfecto compuesto,yo,he dejado,1,reviewed,
ES,dejar,Indicativo,Pretérito perfecto compuesto,tú,has dejado,1,reviewed,
ES,dejar,Indicativo,Pretérito perfecto compuesto,él,ha dejado,1,reviewed,
ES,dejar,Indicativo,Pretérito perfecto compuesto,nosotros,hemos dejado,1,reviewed,
ES,dejar,Indicativo,Pretérito perfecto compuesto,vosotros,habéis dejado,1,reviewed,
ES,dejar,Indicativo,Pretérito perfecto compuesto,ellos,han dejado,1,reviewed,
ES,dejar,Indicativo,Pretérito imperfecto,yo,dejaba,1,reviewed,
ES,dejar,Indicativo,Pretérito imperfecto,tú,dejabas,1,reviewed,
ES,dejar,Indicativo,Pretérito imperfecto,él,dejaba,1,reviewed,
ES,dejar,Indicativo,Pretérito imperfecto,nosotros,dejábamos,1,reviewed,
ES,dejar,Indicativo,Pretérito imperfecto,vosotros,dejabais,1,reviewed,
ES,dejar,Indicativo,Pretérito imperfecto,ellos,dejaban,1,reviewed,
ES,dejar,Condicional,Condicional,yo,dejaría,1,reviewed,
ES,dejar,Condicional,Condicional,tú,dejarías,1,reviewed,
ES,dejar,Condicional,Condicional,él,dejaría,1,reviewed,
ES,dejar,Condicional,Condicional,nosotros,dejaríamos,1,reviewed,
ES,dejar,Condicional,Condicional,vosotros,dejaríais,1,reviewed,
ES,dejar,Condicional,Condicional,ellos,dejarían,1,reviewed,
ES,dejar,Imperativo,Imperativo,yo,-,1,reviewed,yo imperative placeholder -; no standard form
ES,dejar,Imperativo,Imperativo,tú,deja,1,reviewed,
ES,dejar,Imperativo,Imperativo,él,deje,1,reviewed,
ES,dejar,Imperativo,Imperativo,nosotros,dejemos,1,reviewed,
ES,dejar,Imperativo,Imperativo,vosotros,dejad,1,reviewed,
ES,dejar,Imperativo,Imperativo,ellos,dejen,1,reviewed,
ES,dejar,Indicativo,Futuro perfecto,yo,habré dejado,1,reviewed,
ES,dejar,Indicativo,Futuro perfecto,tú,habrás dejado,1,reviewed,
ES,dejar,Indicativo,Futuro perfecto,él,habrá dejado,1,reviewed,
ES,dejar,Indicativo,Futuro perfecto,nosotros,habremos dejado,1,reviewed,
ES,dejar,Indicativo,Futuro perfecto,vosotros,habréis dejado,1,reviewed,
ES,dejar,Indicativo,Futuro perfecto,ellos,habrán dejado,1,reviewed,
ES,dejar,Subjuntivo,Subjuntivo presente,yo,deje,1,reviewed,
ES,dejar,Subjuntivo,Subjuntivo presente,tú,dejes,1,reviewed,
ES,dejar,Subjuntivo,Subjuntivo presente,él,deje,1,reviewed,
ES,dejar,Subjuntivo,Subjuntivo presente,nosotros,dejemos,1,reviewed,
ES,dejar,Subjuntivo,Subjuntivo presente,vosotros,dejéis,1,reviewed,
ES,dejar,Subjuntivo,Subjuntivo presente,ellos,dejen,1,reviewed,
ES,dejar,Indicativo,Pretérito perfecto simple,yo,dejé,1,reviewed,
ES,dejar,Indicativo,Pretérito perfecto simple,tú,dejaste,1,reviewed,
ES,dejar,Indicativo,Pretérito perfecto simple,él,dejó,1,reviewed,
ES,dejar,Indicativo,Pretérito perfecto simple,nosotros,dejamos,1,reviewed,
ES,dejar,Indicativo,Pretérito perfecto simple,vosotros,dejasteis,1,reviewed,
ES,dejar,Indicativo,Pretérito perfecto simple,ellos,dejaron,1,reviewed,
ES,dejar,Indicativo,Pretérito pluscuamperfecto,yo,había dejado,1,reviewed,
ES,dejar,Indicativo,Pretérito pluscuamperfecto,tú,habías dejado,1,reviewed,
ES,dejar,Indicativo,Pretérito pluscuamperfecto,él,había dejado,1,reviewed,
ES,dejar,Indicativo,Pretérito pluscuamperfecto,nosotros,habíamos dejado,1,reviewed,
ES,dejar,Indicativo,Pretérito pluscuamperfecto,vosotros,habíais dejado,1,reviewed,
ES,dejar,Indicativo,Pretérito pluscuamperfecto,ellos,habían dejado,1,reviewed,
ES,devolver,Indicativo,Presente,yo,devuelvo,1,reviewed,
ES,devolver,Indicativo,Presente,tú,devuelves,1,reviewed,
ES,devolver,Indicativo,Presente,él,devuelve,1,reviewed,
ES,devolver,Indicativo,Presente,nosotros,devolvemos,1,reviewed,
ES,devolver,Indicativo,Presente,vosotros,devolvéis,1,reviewed,
ES,devolver,Indicativo,Presente,ellos,devuelven,1,reviewed,
ES,devolver,Indicativo,Futuro,yo,devolveré,1,reviewed,
ES,devolver,Indicativo,Futuro,tú,devolverás,1,reviewed,
ES,devolver,Indicativo,Futuro,él,devolverá,1,reviewed,
ES,devolver,Indicativo,Futuro,nosotros,devolveremos,1,reviewed,
ES,devolver,Indicativo,Futuro,vosotros,devolveréis,1,reviewed,
ES,devolver,Indicativo,Futuro,ellos,devolverán,1,reviewed,
ES,devolver,Indicativo,Pretérito perfecto compuesto,yo,he devuelto,1,reviewed,
ES,devolver,Indicativo,Pretérito perfecto compuesto,tú,has devuelto,1,reviewed,
ES,devolver,Indicativo,Pretérito perfecto compuesto,él,ha devuelto,1,reviewed,
ES,devolver,Indicativo,Pretérito perfecto compuesto,nosotros,hemos devuelto,1,reviewed,
ES,devolver,Indicativo,Pretérito perfecto compuesto,vosotros,habéis devuelto,1,reviewed,
ES,devolver,Indicativo,Pretérito perfecto compuesto,ellos,han devuelto,1,reviewed,
ES,devolver,Indicativo,Pretérito imperfecto,yo,devolvía,1,reviewed,
ES,devolver,Indicativo,Pretérito imperfecto,tú,devolvías,1,reviewed,
ES,devolver,Indicativo,Pretérito imperfecto,él,devolvía,1,reviewed,
ES,devolver,Indicativo,Pretérito imperfecto,nosotros,devolvíamos,1,reviewed,
ES,devolver,Indicativo,Pretérito imperfecto,vosotros,devolvíais,1,reviewed,
ES,devolver,Indicativo,Pretérito imperfecto,ellos,devolvían,1,reviewed,
ES,devolver,Condicional,Condicional,yo,devolvería,1,reviewed,
ES,devolver,Condicional,Condicional,tú,devolverías,1,reviewed,
ES,devolver,Condicional,Condicional,él,devolvería,1,reviewed,
ES,devolver,Condicional,Condicional,nosotros,devolveríamos,1,reviewed,
ES,devolver,Condicional,Condicional,vosotros,devolveríais,1,reviewed,
ES,devolver,Condicional,Condicional,ellos,devolverían,1,reviewed,
ES,devolver,Imperativo,Imperativo,yo,-,1,reviewed,yo imperative placeholder -; no standard form
ES,devolver,Imperativo,Imperativo,tú,devuelve,1,reviewed,
ES,devolver,Imperativo,Imperativo,él,devuelva,1,reviewed,
ES,devolver,Imperativo,Imperativo,nosotros,devolvamos,1,reviewed,
ES,devolver,Imperativo,Imperativo,vosotros,devolved,1,reviewed,
ES,devolver,Imperativo,Imperativo,ellos,devuelvan,1,reviewed,
ES,devolver,Indicativo,Futuro perfecto,yo,habré devuelto,1,reviewed,
ES,devolver,Indicativo,Futuro perfecto,tú,habrás devuelto,1,reviewed,
ES,devolver,Indicativo,Futuro perfecto,él,habrá devuelto,1,reviewed,
ES,devolver,Indicativo,Futuro perfecto,nosotros,habremos devuelto,1,reviewed,
ES,devolver,Indicativo,Futuro perfecto,vosotros,habréis devuelto,1,reviewed,
ES,devolver,Indicativo,Futuro perfecto,ellos,habrán devuelto,1,reviewed,
ES,devolver,Subjuntivo,Subjuntivo presente,yo,devuelva,1,reviewed,
ES,devolver,Subjuntivo,Subjuntivo presente,tú,devuelvas,1,reviewed,
ES,devolver,Subjuntivo,Subjuntivo presente,él,devuelva,1,reviewed,
ES,devolver,Subjuntivo,Subjuntivo presente,nosotros,devolvamos,1,reviewed,
ES,devolver,Subjuntivo,Subjuntivo presente,vosotros,devolváis,1,reviewed,
ES,devolver,Subjuntivo,Subjuntivo presente,ellos,devuelvan,1,reviewed,
ES,devolver,Indicativo,Pretérito perfecto simple,yo,devolví,1,reviewed,
ES,devolver,Indicativo,Pretérito perfecto simple,tú,devolviste,1,reviewed,
ES,devolver,Indicativo,Pretérito perfecto simple,él,devolvió,1,reviewed,
ES,devolver,Indicativo,Pretérito perfecto simple,nosotros,devolvimos,1,reviewed,
ES,devolver,Indicativo,Pretérito perfecto simple,vosotros,devolvisteis,1,reviewed,
ES,devolver,Indicativo,Pretérito perfecto simple,ellos,devolvieron,1,reviewed,
ES,devolver,Indicativo,Pretérito pluscuamperfecto,yo,había devuelto,1,reviewed,
ES,devolver,Indicativo,Pretérito pluscuamperfecto,tú,habías devuelto,1,reviewed,
ES,devolver,Indicativo,Pretérito pluscuamperfecto,él,había devuelto,1,reviewed,
ES,devolver,Indicativo,Pretérito pluscuamperfecto,nosotros,habíamos devuelto,1,reviewed,
ES,devolver,Indicativo,Pretérito pluscuamperfecto,vosotros,habíais devuelto,1,reviewed,
ES,devolver,Indicativo,Pretérito pluscuamperfecto,ellos,habían devuelto,1,reviewed,
ES,rendir,Indicativo,Presente,yo,rindo,1,reviewed,
ES,rendir,Indicativo,Presente,tú,rindes,1,reviewed,
ES,rendir,Indicativo,Presente,él,rinde,1,reviewed,
ES,rendir,Indicativo,Presente,nosotros,rendimos,1,reviewed,
ES,rendir,Indicativo,Presente,vosotros,rendís,1,reviewed,
ES,rendir,Indicativo,Presente,ellos,rinden,1,reviewed,
ES,rendir,Indicativo,Futuro,yo,rendiré,1,reviewed,
ES,rendir,Indicativo,Futuro,tú,rendirás,1,reviewed,
ES,rendir,Indicativo,Futuro,él,rendirá,1,reviewed,
ES,rendir,Indicativo,Futuro,nosotros,rendiremos,1,reviewed,
ES,rendir,Indicativo,Futuro,vosotros,rendiréis,1,reviewed,
ES,rendir,Indicativo,Futuro,ellos,rendirán,1,reviewed,
ES,rendir,Indicativo,Pretérito perfecto compuesto,yo,he rendido,1,reviewed,
ES,rendir,Indicativo,Pretérito perfecto compuesto,tú,has rendido,1,reviewed,
ES,rendir,Indicativo,Pretérito perfecto compuesto,él,ha rendido,1,reviewed,
ES,rendir,Indicativo,Pretérito perfecto compuesto,nosotros,hemos rendido,1,reviewed,
ES,rendir,Indicativo,Pretérito perfecto compuesto,vosotros,habéis rendido,1,reviewed,
ES,rendir,Indicativo,Pretérito perfecto compuesto,ellos,han rendido,1,reviewed,
ES,rendir,Indicativo,Pretérito imperfecto,yo,rendía,1,reviewed,
ES,rendir,Indicativo,Pretérito imperfecto,tú,rendías,1,reviewed,
ES,rendir,Indicativo,Pretérito imperfecto,él,rendía,1,reviewed,
ES,rendir,Indicativo,Pretérito imperfecto,nosotros,rendíamos,1,reviewed,
ES,rendir,Indicativo,Pretérito imperfecto,vosotros,rendíais,1,reviewed,
ES,rendir,Indicativo,Pretérito imperfecto,ellos,rendían,1,reviewed,
ES,rendir,Condicional,Condicional,yo,rendiría,1,reviewed,
ES,rendir,Condicional,Condicional,tú,rendirías,1,reviewed,
ES,rendir,Condicional,Condicional,él,rendiría,1,reviewed,
ES,rendir,Condicional,Condicional,nosotros,rendiríamos,1,reviewed,
ES,rendir,Condicional,Condicional,vosotros,rendiríais,1,reviewed,
ES,rendir,Condicional,Condicional,ellos,rendirían,1,reviewed,
ES,rendir,Imperativo,Imperativo,yo,-,1,reviewed,yo imperative placeholder -; no standard form
ES,rendir,Imperativo,Imperativo,tú,rinde,1,reviewed,
ES,rendir,Imperativo,Imperativo,él,rinda,1,reviewed,
ES,rendir,Imperativo,Imperativo,nosotros,rindamos,1,reviewed,
ES,rendir,Imperativo,Imperativo,vosotros,rendid,1,reviewed,
ES,rendir,Imperativo,Imperativo,ellos,rindan,1,reviewed,
ES,rendir,Indicativo,Futuro perfecto,yo,habré rendido,1,reviewed,
ES,rendir,Indicativo,Futuro perfecto,tú,habrás rendido,1,reviewed,
ES,rendir,Indicativo,Futuro perfecto,él,habrá rendido,1,reviewed,
ES,rendir,Indicativo,Futuro perfecto,nosotros,habremos rendido,1,reviewed,
ES,rendir,Indicativo,Futuro perfecto,vosotros,habréis rendido,1,reviewed,
ES,rendir,Indicativo,Futuro perfecto,ellos,habrán rendido,1,reviewed,
ES,rendir,Subjuntivo,Subjuntivo presente,yo,rinda,1,reviewed,
ES,rendir,Subjuntivo,Subjuntivo presente,tú,rindas,1,reviewed,
ES,rendir,Subjuntivo,Subjuntivo presente,él,rinda,1,reviewed,
ES,rendir,Subjuntivo,Subjuntivo presente,nosotros,rindamos,1,reviewed,
ES,rendir,Subjuntivo,Subjuntivo presente,vosotros,rindáis,1,reviewed,
ES,rendir,Subjuntivo,Subjuntivo presente,ellos,rindan,1,reviewed,
ES,rendir,Indicativo,Pretérito perfecto simple,yo,rendí,1,reviewed,
ES,rendir,Indicativo,Pretérito perfecto simple,tú,rendiste,1,reviewed,
ES,rendir,Indicativo,Pretérito perfecto simple,él,rindió,1,reviewed,
ES,rendir,Indicativo,Pretérito perfecto simple,nosotros,rendimos,1,reviewed,
ES,rendir,Indicativo,Pretérito perfecto simple,vosotros,rendisteis,1,reviewed,
ES,rendir,Indicativo,Pretérito perfecto simple,ellos,rindieron,1,reviewed,
ES,rendir,Indicativo,Pretérito pluscuamperfecto,yo,había rendido,1,reviewed,
ES,rendir,Indicativo,Pretérito pluscuamperfecto,tú,habías rendido,1,reviewed,
ES,rendir,Indicativo,Pretérito pluscuamperfecto,él,había rendido,1,reviewed,
ES,rendir,Indicativo,Pretérito pluscuamperfecto,nosotros,habíamos rendido,1,reviewed,
ES,rendir,Indicativo,Pretérito pluscuamperfecto,vosotros,habíais rendido,1,reviewed,
ES,rendir,Indicativo,Pretérito pluscuamperfecto,ellos,habían rendido,1,reviewed,
ES,sonreír,Indicativo,Presente,yo,sonrío,1,reviewed,
ES,sonreír,Indicativo,Presente,tú,sonríes,1,reviewed,
ES,sonreír,Indicativo,Presente,él,sonríe,1,reviewed,
ES,sonreír,Indicativo,Presente,nosotros,sonreímos,1,reviewed,
ES,sonreír,Indicativo,Presente,vosotros,sonreís,1,reviewed,
ES,sonreír,Indicativo,Presente,ellos,sonríen,1,reviewed,
ES,sonreír,Indicativo,Futuro,yo,sonreiré,1,reviewed,
ES,sonreír,Indicativo,Futuro,tú,sonreirás,1,reviewed,
ES,sonreír,Indicativo,Futuro,él,sonreirá,1,reviewed,
ES,sonreír,Indicativo,Futuro,nosotros,sonreiremos,1,reviewed,
ES,sonreír,Indicativo,Futuro,vosotros,sonreiréis,1,reviewed,
ES,sonreír,Indicativo,Futuro,ellos,sonreirán,1,reviewed,
ES,sonreír,Indicativo,Pretérito perfecto compuesto,yo,he sonreído,1,reviewed,
ES,sonreír,Indicativo,Pretérito perfecto compuesto,tú,has sonreído,1,reviewed,
ES,sonreír,Indicativo,Pretérito perfecto compuesto,él,ha sonreído,1,reviewed,
ES,sonreír,Indicativo,Pretérito perfecto compuesto,nosotros,hemos sonreído,1,reviewed,
ES,sonreír,Indicativo,Pretérito perfecto compuesto,vosotros,habéis sonreído,1,reviewed,
ES,sonreír,Indicativo,Pretérito perfecto compuesto,ellos,han sonreído,1,reviewed,
ES,sonreír,Indicativo,Pretérito imperfecto,yo,sonreía,1,reviewed,
ES,sonreír,Indicativo,Pretérito imperfecto,tú,sonreías,1,reviewed,
ES,sonreír,Indicativo,Pretérito imperfecto,él,sonreía,1,reviewed,
ES,sonreír,Indicativo,Pretérito imperfecto,nosotros,sonreíamos,1,reviewed,
ES,sonreír,Indicativo,Pretérito imperfecto,vosotros,sonreíais,1,reviewed,
ES,sonreír,Indicativo,Pretérito imperfecto,ellos,sonreían,1,reviewed,
ES,sonreír,Condicional,Condicional,yo,sonreiría,1,reviewed,
ES,sonreír,Condicional,Condicional,tú,sonreirías,1,reviewed,
ES,sonreír,Condicional,Condicional,él,sonreiría,1,reviewed,
ES,sonreír,Condicional,Condicional,nosotros,sonreiríamos,1,reviewed,
ES,sonreír,Condicional,Condicional,vosotros,sonreiríais,1,reviewed,
ES,sonreír,Condicional,Condicional,ellos,sonreirían,1,reviewed,
ES,sonreír,Imperativo,Imperativo,yo,-,1,reviewed,yo imperative placeholder -; no standard form
ES,sonreír,Imperativo,Imperativo,tú,sonríe,1,reviewed,
ES,sonreír,Imperativo,Imperativo,él,sonría,1,reviewed,
ES,sonreír,Imperativo,Imperativo,nosotros,sonriamos,1,reviewed,accent QA recommended
ES,sonreír,Imperativo,Imperativo,vosotros,sonreíd,1,reviewed,
ES,sonreír,Imperativo,Imperativo,ellos,sonrían,1,reviewed,
ES,sonreír,Indicativo,Futuro perfecto,yo,habré sonreído,1,reviewed,
ES,sonreír,Indicativo,Futuro perfecto,tú,habrás sonreído,1,reviewed,
ES,sonreír,Indicativo,Futuro perfecto,él,habrá sonreído,1,reviewed,
ES,sonreír,Indicativo,Futuro perfecto,nosotros,habremos sonreído,1,reviewed,
ES,sonreír,Indicativo,Futuro perfecto,vosotros,habréis sonreído,1,reviewed,
ES,sonreír,Indicativo,Futuro perfecto,ellos,habrán sonreído,1,reviewed,
ES,sonreír,Subjuntivo,Subjuntivo presente,yo,sonría,1,reviewed,
ES,sonreír,Subjuntivo,Subjuntivo presente,tú,sonrías,1,reviewed,
ES,sonreír,Subjuntivo,Subjuntivo presente,él,sonría,1,reviewed,
ES,sonreír,Subjuntivo,Subjuntivo presente,nosotros,sonriamos,1,reviewed,accent QA recommended
ES,sonreír,Subjuntivo,Subjuntivo presente,vosotros,sonriáis,1,reviewed,accent QA recommended
ES,sonreír,Subjuntivo,Subjuntivo presente,ellos,sonrían,1,reviewed,
ES,sonreír,Indicativo,Pretérito perfecto simple,yo,sonreí,1,reviewed,
ES,sonreír,Indicativo,Pretérito perfecto simple,tú,sonreíste,1,reviewed,
ES,sonreír,Indicativo,Pretérito perfecto simple,él,sonrió,1,reviewed,accent QA recommended
ES,sonreír,Indicativo,Pretérito perfecto simple,nosotros,sonreímos,1,reviewed,
ES,sonreír,Indicativo,Pretérito perfecto simple,vosotros,sonreísteis,1,reviewed,
ES,sonreír,Indicativo,Pretérito perfecto simple,ellos,sonrieron,1,reviewed,
ES,sonreír,Indicativo,Pretérito pluscuamperfecto,yo,había sonreído,1,reviewed,
ES,sonreír,Indicativo,Pretérito pluscuamperfecto,tú,habías sonreído,1,reviewed,
ES,sonreír,Indicativo,Pretérito pluscuamperfecto,él,había sonreído,1,reviewed,
ES,sonreír,Indicativo,Pretérito pluscuamperfecto,nosotros,habíamos sonreído,1,reviewed,
ES,sonreír,Indicativo,Pretérito pluscuamperfecto,vosotros,habíais sonreído,1,reviewed,
ES,sonreír,Indicativo,Pretérito pluscuamperfecto,ellos,habían sonreído,1,reviewed,
ES,venir,Indicativo,Presente,yo,vengo,1,reviewed,
ES,venir,Indicativo,Presente,tú,vienes,1,reviewed,
ES,venir,Indicativo,Presente,él,viene,1,reviewed,
ES,venir,Indicativo,Presente,nosotros,venimos,1,reviewed,
ES,venir,Indicativo,Presente,vosotros,venís,1,reviewed,
ES,venir,Indicativo,Presente,ellos,vienen,1,reviewed,
ES,venir,Indicativo,Futuro,yo,vendré,1,reviewed,
ES,venir,Indicativo,Futuro,tú,vendrás,1,reviewed,
ES,venir,Indicativo,Futuro,él,vendrá,1,reviewed,
ES,venir,Indicativo,Futuro,nosotros,vendremos,1,reviewed,
ES,venir,Indicativo,Futuro,vosotros,vendréis,1,reviewed,
ES,venir,Indicativo,Futuro,ellos,vendrán,1,reviewed,
ES,venir,Indicativo,Pretérito perfecto compuesto,yo,he venido,1,reviewed,
ES,venir,Indicativo,Pretérito perfecto compuesto,tú,has venido,1,reviewed,
ES,venir,Indicativo,Pretérito perfecto compuesto,él,ha venido,1,reviewed,
ES,venir,Indicativo,Pretérito perfecto compuesto,nosotros,hemos venido,1,reviewed,
ES,venir,Indicativo,Pretérito perfecto compuesto,vosotros,habéis venido,1,reviewed,
ES,venir,Indicativo,Pretérito perfecto compuesto,ellos,han venido,1,reviewed,
ES,venir,Indicativo,Pretérito imperfecto,yo,venía,1,reviewed,
ES,venir,Indicativo,Pretérito imperfecto,tú,venías,1,reviewed,
ES,venir,Indicativo,Pretérito imperfecto,él,venía,1,reviewed,
ES,venir,Indicativo,Pretérito imperfecto,nosotros,veníamos,1,reviewed,
ES,venir,Indicativo,Pretérito imperfecto,vosotros,veníais,1,reviewed,
ES,venir,Indicativo,Pretérito imperfecto,ellos,venían,1,reviewed,
ES,venir,Condicional,Condicional,yo,vendría,1,reviewed,
ES,venir,Condicional,Condicional,tú,vendrías,1,reviewed,
ES,venir,Condicional,Condicional,él,vendría,1,reviewed,
ES,venir,Condicional,Condicional,nosotros,vendríamos,1,reviewed,
ES,venir,Condicional,Condicional,vosotros,vendríais,1,reviewed,
ES,venir,Condicional,Condicional,ellos,vendrían,1,reviewed,
ES,venir,Imperativo,Imperativo,yo,-,1,reviewed,yo imperative placeholder -; no standard form
ES,venir,Imperativo,Imperativo,tú,ven,1,reviewed,
ES,venir,Imperativo,Imperativo,él,venga,1,reviewed,
ES,venir,Imperativo,Imperativo,nosotros,vengamos,1,reviewed,
ES,venir,Imperativo,Imperativo,vosotros,venid,1,reviewed,
ES,venir,Imperativo,Imperativo,ellos,vengan,1,reviewed,
ES,venir,Indicativo,Futuro perfecto,yo,habré venido,1,reviewed,
ES,venir,Indicativo,Futuro perfecto,tú,habrás venido,1,reviewed,
ES,venir,Indicativo,Futuro perfecto,él,habrá venido,1,reviewed,
ES,venir,Indicativo,Futuro perfecto,nosotros,habremos venido,1,reviewed,
ES,venir,Indicativo,Futuro perfecto,vosotros,habréis venido,1,reviewed,
ES,venir,Indicativo,Futuro perfecto,ellos,habrán venido,1,reviewed,
ES,venir,Subjuntivo,Subjuntivo presente,yo,venga,1,reviewed,
ES,venir,Subjuntivo,Subjuntivo presente,tú,vengas,1,reviewed,
ES,venir,Subjuntivo,Subjuntivo presente,él,venga,1,reviewed,
ES,venir,Subjuntivo,Subjuntivo presente,nosotros,vengamos,1,reviewed,
ES,venir,Subjuntivo,Subjuntivo presente,vosotros,vengáis,1,reviewed,
ES,venir,Subjuntivo,Subjuntivo presente,ellos,vengan,1,reviewed,
ES,venir,Indicativo,Pretérito perfecto simple,yo,vine,1,reviewed,
ES,venir,Indicativo,Pretérito perfecto simple,tú,viniste,1,reviewed,
ES,venir,Indicativo,Pretérito perfecto simple,él,vino,1,reviewed,
ES,venir,Indicativo,Pretérito perfecto simple,nosotros,vinimos,1,reviewed,
ES,venir,Indicativo,Pretérito perfecto simple,vosotros,vinisteis,1,reviewed,
ES,venir,Indicativo,Pretérito perfecto simple,ellos,vinieron,1,reviewed,
ES,venir,Indicativo,Pretérito pluscuamperfecto,yo,había venido,1,reviewed,
ES,venir,Indicativo,Pretérito pluscuamperfecto,tú,habías venido,1,reviewed,
ES,venir,Indicativo,Pretérito pluscuamperfecto,él,había venido,1,reviewed,
ES,venir,Indicativo,Pretérito pluscuamperfecto,nosotros,habíamos venido,1,reviewed,
ES,venir,Indicativo,Pretérito pluscuamperfecto,vosotros,habíais venido,1,reviewed,
ES,venir,Indicativo,Pretérito pluscuamperfecto,ellos,habían venido,1,reviewed,
ES,comprender,Indicativo,Presente,yo,comprendo,1,reviewed,
ES,comprender,Indicativo,Presente,tú,comprendes,1,reviewed,
ES,comprender,Indicativo,Presente,él,comprende,1,reviewed,
ES,comprender,Indicativo,Presente,nosotros,comprendemos,1,reviewed,
ES,comprender,Indicativo,Presente,vosotros,comprendéis,1,reviewed,
ES,comprender,Indicativo,Presente,ellos,comprenden,1,reviewed,
ES,comprender,Indicativo,Futuro,yo,comprenderé,1,reviewed,
ES,comprender,Indicativo,Futuro,tú,comprenderás,1,reviewed,
ES,comprender,Indicativo,Futuro,él,comprenderá,1,reviewed,
ES,comprender,Indicativo,Futuro,nosotros,comprenderemos,1,reviewed,
ES,comprender,Indicativo,Futuro,vosotros,comprenderéis,1,reviewed,
ES,comprender,Indicativo,Futuro,ellos,comprenderán,1,reviewed,
ES,comprender,Indicativo,Pretérito perfecto compuesto,yo,he comprendido,1,reviewed,
ES,comprender,Indicativo,Pretérito perfecto compuesto,tú,has comprendido,1,reviewed,
ES,comprender,Indicativo,Pretérito perfecto compuesto,él,ha comprendido,1,reviewed,
ES,comprender,Indicativo,Pretérito perfecto compuesto,nosotros,hemos comprendido,1,reviewed,
ES,comprender,Indicativo,Pretérito perfecto compuesto,vosotros,habéis comprendido,1,reviewed,
ES,comprender,Indicativo,Pretérito perfecto compuesto,ellos,han comprendido,1,reviewed,
ES,comprender,Indicativo,Pretérito imperfecto,yo,comprendía,1,reviewed,
ES,comprender,Indicativo,Pretérito imperfecto,tú,comprendías,1,reviewed,
ES,comprender,Indicativo,Pretérito imperfecto,él,comprendía,1,reviewed,
ES,comprender,Indicativo,Pretérito imperfecto,nosotros,comprendíamos,1,reviewed,
ES,comprender,Indicativo,Pretérito imperfecto,vosotros,comprendíais,1,reviewed,
ES,comprender,Indicativo,Pretérito imperfecto,ellos,comprendían,1,reviewed,
ES,comprender,Condicional,Condicional,yo,comprendería,1,reviewed,
ES,comprender,Condicional,Condicional,tú,comprenderías,1,reviewed,
ES,comprender,Condicional,Condicional,él,comprendería,1,reviewed,
ES,comprender,Condicional,Condicional,nosotros,comprenderíamos,1,reviewed,
ES,comprender,Condicional,Condicional,vosotros,comprenderíais,1,reviewed,
ES,comprender,Condicional,Condicional,ellos,comprenderían,1,reviewed,
ES,comprender,Imperativo,Imperativo,yo,-,1,reviewed,yo imperative placeholder -; no standard form
ES,comprender,Imperativo,Imperativo,tú,comprende,1,reviewed,
ES,comprender,Imperativo,Imperativo,él,comprenda,1,reviewed,
ES,comprender,Imperativo,Imperativo,nosotros,comprendamos,1,reviewed,
ES,comprender,Imperativo,Imperativo,vosotros,comprended,1,reviewed,
ES,comprender,Imperativo,Imperativo,ellos,comprendan,1,reviewed,
ES,comprender,Indicativo,Futuro perfecto,yo,habré comprendido,1,reviewed,
ES,comprender,Indicativo,Futuro perfecto,tú,habrás comprendido,1,reviewed,
ES,comprender,Indicativo,Futuro perfecto,él,habrá comprendido,1,reviewed,
ES,comprender,Indicativo,Futuro perfecto,nosotros,habremos comprendido,1,reviewed,
ES,comprender,Indicativo,Futuro perfecto,vosotros,habréis comprendido,1,reviewed,
ES,comprender,Indicativo,Futuro perfecto,ellos,habrán comprendido,1,reviewed,
ES,comprender,Subjuntivo,Subjuntivo presente,yo,comprenda,1,reviewed,
ES,comprender,Subjuntivo,Subjuntivo presente,tú,comprendas,1,reviewed,
ES,comprender,Subjuntivo,Subjuntivo presente,él,comprenda,1,reviewed,
ES,comprender,Subjuntivo,Subjuntivo presente,nosotros,comprendamos,1,reviewed,
ES,comprender,Subjuntivo,Subjuntivo presente,vosotros,comprendáis,1,reviewed,
ES,comprender,Subjuntivo,Subjuntivo presente,ellos,comprendan,1,reviewed,
ES,comprender,Indicativo,Pretérito perfecto simple,yo,comprendí,1,reviewed,
ES,comprender,Indicativo,Pretérito perfecto simple,tú,comprendiste,1,reviewed,
ES,comprender,Indicativo,Pretérito perfecto simple,él,comprendió,1,reviewed,
ES,comprender,Indicativo,Pretérito perfecto simple,nosotros,comprendimos,1,reviewed,
ES,comprender,Indicativo,Pretérito perfecto simple,vosotros,comprendisteis,1,reviewed,
ES,comprender,Indicativo,Pretérito perfecto simple,ellos,comprendieron,1,reviewed,
ES,comprender,Indicativo,Pretérito pluscuamperfecto,yo,había comprendido,1,reviewed,
ES,comprender,Indicativo,Pretérito pluscuamperfecto,tú,habías comprendido,1,reviewed,
ES,comprender,Indicativo,Pretérito pluscuamperfecto,él,había comprendido,1,reviewed,
ES,comprender,Indicativo,Pretérito pluscuamperfecto,nosotros,habíamos comprendido,1,reviewed,
ES,comprender,Indicativo,Pretérito pluscuamperfecto,vosotros,habíais comprendido,1,reviewed,
ES,comprender,Indicativo,Pretérito pluscuamperfecto,ellos,habían comprendido,1,reviewed,
ES,entender,Indicativo,Presente,yo,entiendo,1,reviewed,
ES,entender,Indicativo,Presente,tú,entiendes,1,reviewed,
ES,entender,Indicativo,Presente,él,entiende,1,reviewed,
ES,entender,Indicativo,Presente,nosotros,entendemos,1,reviewed,
ES,entender,Indicativo,Presente,vosotros,entendéis,1,reviewed,
ES,entender,Indicativo,Presente,ellos,entienden,1,reviewed,
ES,entender,Indicativo,Futuro,yo,entenderé,1,reviewed,
ES,entender,Indicativo,Futuro,tú,entenderás,1,reviewed,
ES,entender,Indicativo,Futuro,él,entenderá,1,reviewed,
ES,entender,Indicativo,Futuro,nosotros,entenderemos,1,reviewed,
ES,entender,Indicativo,Futuro,vosotros,entenderéis,1,reviewed,
ES,entender,Indicativo,Futuro,ellos,entenderán,1,reviewed,
ES,entender,Indicativo,Pretérito perfecto compuesto,yo,he entendido,1,reviewed,
ES,entender,Indicativo,Pretérito perfecto compuesto,tú,has entendido,1,reviewed,
ES,entender,Indicativo,Pretérito perfecto compuesto,él,ha entendido,1,reviewed,
ES,entender,Indicativo,Pretérito perfecto compuesto,nosotros,hemos entendido,1,reviewed,
ES,entender,Indicativo,Pretérito perfecto compuesto,vosotros,habéis entendido,1,reviewed,
ES,entender,Indicativo,Pretérito perfecto compuesto,ellos,han entendido,1,reviewed,
ES,entender,Indicativo,Pretérito imperfecto,yo,entendía,1,reviewed,
ES,entender,Indicativo,Pretérito imperfecto,tú,entendías,1,reviewed,
ES,entender,Indicativo,Pretérito imperfecto,él,entendía,1,reviewed,
ES,entender,Indicativo,Pretérito imperfecto,nosotros,entendíamos,1,reviewed,
ES,entender,Indicativo,Pretérito imperfecto,vosotros,entendíais,1,reviewed,
ES,entender,Indicativo,Pretérito imperfecto,ellos,entendían,1,reviewed,
ES,entender,Condicional,Condicional,yo,entendería,1,reviewed,
ES,entender,Condicional,Condicional,tú,entenderías,1,reviewed,
ES,entender,Condicional,Condicional,él,entendería,1,reviewed,
ES,entender,Condicional,Condicional,nosotros,entenderíamos,1,reviewed,
ES,entender,Condicional,Condicional,vosotros,entenderíais,1,reviewed,
ES,entender,Condicional,Condicional,ellos,entenderían,1,reviewed,
ES,entender,Imperativo,Imperativo,yo,-,1,reviewed,yo imperative placeholder -; no standard form
ES,entender,Imperativo,Imperativo,tú,entiende,1,reviewed,
ES,entender,Imperativo,Imperativo,él,entienda,1,reviewed,
ES,entender,Imperativo,Imperativo,nosotros,entendamos,1,reviewed,
ES,entender,Imperativo,Imperativo,vosotros,entended,1,reviewed,
ES,entender,Imperativo,Imperativo,ellos,entiendan,1,reviewed,
ES,entender,Indicativo,Futuro perfecto,yo,habré entendido,1,reviewed,
ES,entender,Indicativo,Futuro perfecto,tú,habrás entendido,1,reviewed,
ES,entender,Indicativo,Futuro perfecto,él,habrá entendido,1,reviewed,
ES,entender,Indicativo,Futuro perfecto,nosotros,habremos entendido,1,reviewed,
ES,entender,Indicativo,Futuro perfecto,vosotros,habréis entendido,1,reviewed,
ES,entender,Indicativo,Futuro perfecto,ellos,habrán entendido,1,reviewed,
ES,entender,Subjuntivo,Subjuntivo presente,yo,entienda,1,reviewed,
ES,entender,Subjuntivo,Subjuntivo presente,tú,entiendas,1,reviewed,
ES,entender,Subjuntivo,Subjuntivo presente,él,entienda,1,reviewed,
ES,entender,Subjuntivo,Subjuntivo presente,nosotros,entendamos,1,reviewed,
ES,entender,Subjuntivo,Subjuntivo presente,vosotros,entendáis,1,reviewed,
ES,entender,Subjuntivo,Subjuntivo presente,ellos,entiendan,1,reviewed,
ES,entender,Indicativo,Pretérito perfecto simple,yo,entendí,1,reviewed,
ES,entender,Indicativo,Pretérito perfecto simple,tú,entendiste,1,reviewed,
ES,entender,Indicativo,Pretérito perfecto simple,él,entendió,1,reviewed,
ES,entender,Indicativo,Pretérito perfecto simple,nosotros,entendimos,1,reviewed,
ES,entender,Indicativo,Pretérito perfecto simple,vosotros,entendisteis,1,reviewed,
ES,entender,Indicativo,Pretérito perfecto simple,ellos,entendieron,1,reviewed,
ES,entender,Indicativo,Pretérito pluscuamperfecto,yo,había entendido,1,reviewed,
ES,entender,Indicativo,Pretérito pluscuamperfecto,tú,habías entendido,1,reviewed,
ES,entender,Indicativo,Pretérito pluscuamperfecto,él,había entendido,1,reviewed,
ES,entender,Indicativo,Pretérito pluscuamperfecto,nosotros,habíamos entendido,1,reviewed,
ES,entender,Indicativo,Pretérito pluscuamperfecto,vosotros,habíais entendido,1,reviewed,
ES,entender,Indicativo,Pretérito pluscuamperfecto,ellos,habían entendido,1,reviewed,
ES,pensar,Indicativo,Presente,yo,pienso,1,reviewed,
ES,pensar,Indicativo,Presente,tú,piensas,1,reviewed,
ES,pensar,Indicativo,Presente,él,piensa,1,reviewed,
ES,pensar,Indicativo,Presente,nosotros,pensamos,1,reviewed,
ES,pensar,Indicativo,Presente,vosotros,pensáis,1,reviewed,
ES,pensar,Indicativo,Presente,ellos,piensan,1,reviewed,
ES,pensar,Indicativo,Futuro,yo,pensaré,1,reviewed,
ES,pensar,Indicativo,Futuro,tú,pensarás,1,reviewed,
ES,pensar,Indicativo,Futuro,él,pensará,1,reviewed,
ES,pensar,Indicativo,Futuro,nosotros,pensaremos,1,reviewed,
ES,pensar,Indicativo,Futuro,vosotros,pensaréis,1,reviewed,
ES,pensar,Indicativo,Futuro,ellos,pensarán,1,reviewed,
ES,pensar,Indicativo,Pretérito perfecto compuesto,yo,he pensado,1,reviewed,
ES,pensar,Indicativo,Pretérito perfecto compuesto,tú,has pensado,1,reviewed,
ES,pensar,Indicativo,Pretérito perfecto compuesto,él,ha pensado,1,reviewed,
ES,pensar,Indicativo,Pretérito perfecto compuesto,nosotros,hemos pensado,1,reviewed,
ES,pensar,Indicativo,Pretérito perfecto compuesto,vosotros,habéis pensado,1,reviewed,
ES,pensar,Indicativo,Pretérito perfecto compuesto,ellos,han pensado,1,reviewed,
ES,pensar,Indicativo,Pretérito imperfecto,yo,pensaba,1,reviewed,
ES,pensar,Indicativo,Pretérito imperfecto,tú,pensabas,1,reviewed,
ES,pensar,Indicativo,Pretérito imperfecto,él,pensaba,1,reviewed,
ES,pensar,Indicativo,Pretérito imperfecto,nosotros,pensábamos,1,reviewed,
ES,pensar,Indicativo,Pretérito imperfecto,vosotros,pensabais,1,reviewed,
ES,pensar,Indicativo,Pretérito imperfecto,ellos,pensaban,1,reviewed,
ES,pensar,Condicional,Condicional,yo,pensaría,1,reviewed,
ES,pensar,Condicional,Condicional,tú,pensarías,1,reviewed,
ES,pensar,Condicional,Condicional,él,pensaría,1,reviewed,
ES,pensar,Condicional,Condicional,nosotros,pensaríamos,1,reviewed,
ES,pensar,Condicional,Condicional,vosotros,pensaríais,1,reviewed,
ES,pensar,Condicional,Condicional,ellos,pensarían,1,reviewed,
ES,pensar,Imperativo,Imperativo,yo,-,1,reviewed,yo imperative placeholder -; no standard form
ES,pensar,Imperativo,Imperativo,tú,piensa,1,reviewed,
ES,pensar,Imperativo,Imperativo,él,piense,1,reviewed,
ES,pensar,Imperativo,Imperativo,nosotros,pensemos,1,reviewed,
ES,pensar,Imperativo,Imperativo,vosotros,pensad,1,reviewed,
ES,pensar,Imperativo,Imperativo,ellos,piensen,1,reviewed,
ES,pensar,Indicativo,Futuro perfecto,yo,habré pensado,1,reviewed,
ES,pensar,Indicativo,Futuro perfecto,tú,habrás pensado,1,reviewed,
ES,pensar,Indicativo,Futuro perfecto,él,habrá pensado,1,reviewed,
ES,pensar,Indicativo,Futuro perfecto,nosotros,habremos pensado,1,reviewed,
ES,pensar,Indicativo,Futuro perfecto,vosotros,habréis pensado,1,reviewed,
ES,pensar,Indicativo,Futuro perfecto,ellos,habrán pensado,1,reviewed,
ES,pensar,Subjuntivo,Subjuntivo presente,yo,piense,1,reviewed,
ES,pensar,Subjuntivo,Subjuntivo presente,tú,pienses,1,reviewed,
ES,pensar,Subjuntivo,Subjuntivo presente,él,piense,1,reviewed,
ES,pensar,Subjuntivo,Subjuntivo presente,nosotros,pensemos,1,reviewed,
ES,pensar,Subjuntivo,Subjuntivo presente,vosotros,penséis,1,reviewed,
ES,pensar,Subjuntivo,Subjuntivo presente,ellos,piensen,1,reviewed,
ES,pensar,Indicativo,Pretérito perfecto simple,yo,pensé,1,reviewed,
ES,pensar,Indicativo,Pretérito perfecto simple,tú,pensaste,1,reviewed,
ES,pensar,Indicativo,Pretérito perfecto simple,él,pensó,1,reviewed,
ES,pensar,Indicativo,Pretérito perfecto simple,nosotros,pensamos,1,reviewed,
ES,pensar,Indicativo,Pretérito perfecto simple,vosotros,pensasteis,1,reviewed,
ES,pensar,Indicativo,Pretérito perfecto simple,ellos,pensaron,1,reviewed,
ES,pensar,Indicativo,Pretérito pluscuamperfecto,yo,había pensado,1,reviewed,
ES,pensar,Indicativo,Pretérito pluscuamperfecto,tú,habías pensado,1,reviewed,
ES,pensar,Indicativo,Pretérito pluscuamperfecto,él,había pensado,1,reviewed,
ES,pensar,Indicativo,Pretérito pluscuamperfecto,nosotros,habíamos pensado,1,reviewed,
ES,pensar,Indicativo,Pretérito pluscuamperfecto,vosotros,habíais pensado,1,reviewed,
ES,pensar,Indicativo,Pretérito pluscuamperfecto,ellos,habían pensado,1,reviewed,
ES,buscar,Indicativo,Presente,yo,busco,1,reviewed,
ES,buscar,Indicativo,Presente,tú,buscas,1,reviewed,
ES,buscar,Indicativo,Presente,él,busca,1,reviewed,
ES,buscar,Indicativo,Presente,nosotros,buscamos,1,reviewed,
ES,buscar,Indicativo,Presente,vosotros,buscáis,1,reviewed,
ES,buscar,Indicativo,Presente,ellos,buscan,1,reviewed,
ES,buscar,Indicativo,Futuro,yo,buscaré,1,reviewed,
ES,buscar,Indicativo,Futuro,tú,buscarás,1,reviewed,
ES,buscar,Indicativo,Futuro,él,buscará,1,reviewed,
ES,buscar,Indicativo,Futuro,nosotros,buscaremos,1,reviewed,
ES,buscar,Indicativo,Futuro,vosotros,buscaréis,1,reviewed,
ES,buscar,Indicativo,Futuro,ellos,buscarán,1,reviewed,
ES,buscar,Indicativo,Pretérito perfecto compuesto,yo,he buscado,1,reviewed,
ES,buscar,Indicativo,Pretérito perfecto compuesto,tú,has buscado,1,reviewed,
ES,buscar,Indicativo,Pretérito perfecto compuesto,él,ha buscado,1,reviewed,
ES,buscar,Indicativo,Pretérito perfecto compuesto,nosotros,hemos buscado,1,reviewed,
ES,buscar,Indicativo,Pretérito perfecto compuesto,vosotros,habéis buscado,1,reviewed,
ES,buscar,Indicativo,Pretérito perfecto compuesto,ellos,han buscado,1,reviewed,
ES,buscar,Indicativo,Pretérito imperfecto,yo,buscaba,1,reviewed,
ES,buscar,Indicativo,Pretérito imperfecto,tú,buscabas,1,reviewed,
ES,buscar,Indicativo,Pretérito imperfecto,él,buscaba,1,reviewed,
ES,buscar,Indicativo,Pretérito imperfecto,nosotros,buscábamos,1,reviewed,
ES,buscar,Indicativo,Pretérito imperfecto,vosotros,buscabais,1,reviewed,
ES,buscar,Indicativo,Pretérito imperfecto,ellos,buscaban,1,reviewed,
ES,buscar,Condicional,Condicional,yo,buscaría,1,reviewed,
ES,buscar,Condicional,Condicional,tú,buscarías,1,reviewed,
ES,buscar,Condicional,Condicional,él,buscaría,1,reviewed,
ES,buscar,Condicional,Condicional,nosotros,buscaríamos,1,reviewed,
ES,buscar,Condicional,Condicional,vosotros,buscaríais,1,reviewed,
ES,buscar,Condicional,Condicional,ellos,buscarían,1,reviewed,
ES,buscar,Imperativo,Imperativo,yo,-,1,reviewed,yo imperative placeholder -; no standard form
ES,buscar,Imperativo,Imperativo,tú,busca,1,reviewed,
ES,buscar,Imperativo,Imperativo,él,busque,1,reviewed,
ES,buscar,Imperativo,Imperativo,nosotros,busquemos,1,reviewed,
ES,buscar,Imperativo,Imperativo,vosotros,buscad,1,reviewed,
ES,buscar,Imperativo,Imperativo,ellos,busquen,1,reviewed,
ES,buscar,Indicativo,Futuro perfecto,yo,habré buscado,1,reviewed,
ES,buscar,Indicativo,Futuro perfecto,tú,habrás buscado,1,reviewed,
ES,buscar,Indicativo,Futuro perfecto,él,habrá buscado,1,reviewed,
ES,buscar,Indicativo,Futuro perfecto,nosotros,habremos buscado,1,reviewed,
ES,buscar,Indicativo,Futuro perfecto,vosotros,habréis buscado,1,reviewed,
ES,buscar,Indicativo,Futuro perfecto,ellos,habrán buscado,1,reviewed,
ES,buscar,Subjuntivo,Subjuntivo presente,yo,busque,1,reviewed,
ES,buscar,Subjuntivo,Subjuntivo presente,tú,busques,1,reviewed,
ES,buscar,Subjuntivo,Subjuntivo presente,él,busque,1,reviewed,
ES,buscar,Subjuntivo,Subjuntivo presente,nosotros,busquemos,1,reviewed,
ES,buscar,Subjuntivo,Subjuntivo presente,vosotros,busquéis,1,reviewed,
ES,buscar,Subjuntivo,Subjuntivo presente,ellos,busquen,1,reviewed,
ES,buscar,Indicativo,Pretérito perfecto simple,yo,busqué,1,reviewed,
ES,buscar,Indicativo,Pretérito perfecto simple,tú,buscaste,1,reviewed,
ES,buscar,Indicativo,Pretérito perfecto simple,él,buscó,1,reviewed,
ES,buscar,Indicativo,Pretérito perfecto simple,nosotros,buscamos,1,reviewed,
ES,buscar,Indicativo,Pretérito perfecto simple,vosotros,buscasteis,1,reviewed,
ES,buscar,Indicativo,Pretérito perfecto simple,ellos,buscaron,1,reviewed,
ES,buscar,Indicativo,Pretérito pluscuamperfecto,yo,había buscado,1,reviewed,
ES,buscar,Indicativo,Pretérito pluscuamperfecto,tú,habías buscado,1,reviewed,
ES,buscar,Indicativo,Pretérito pluscuamperfecto,él,había buscado,1,reviewed,
ES,buscar,Indicativo,Pretérito pluscuamperfecto,nosotros,habíamos buscado,1,reviewed,
ES,buscar,Indicativo,Pretérito pluscuamperfecto,vosotros,habíais buscado,1,reviewed,
ES,buscar,Indicativo,Pretérito pluscuamperfecto,ellos,habían buscado,1,reviewed,
ES,creer,Indicativo,Presente,yo,creo,1,reviewed,
ES,creer,Indicativo,Presente,tú,crees,1,reviewed,
ES,creer,Indicativo,Presente,él,cree,1,reviewed,
ES,creer,Indicativo,Presente,nosotros,creemos,1,reviewed,
ES,creer,Indicativo,Presente,vosotros,creéis,1,reviewed,
ES,creer,Indicativo,Presente,ellos,creen,1,reviewed,
ES,creer,Indicativo,Futuro,yo,creeré,1,reviewed,
ES,creer,Indicativo,Futuro,tú,creerás,1,reviewed,
ES,creer,Indicativo,Futuro,él,creerá,1,reviewed,
ES,creer,Indicativo,Futuro,nosotros,creeremos,1,reviewed,
ES,creer,Indicativo,Futuro,vosotros,creeréis,1,reviewed,
ES,creer,Indicativo,Futuro,ellos,creerán,1,reviewed,
ES,creer,Indicativo,Pretérito perfecto compuesto,yo,he creído,1,reviewed,
ES,creer,Indicativo,Pretérito perfecto compuesto,tú,has creído,1,reviewed,
ES,creer,Indicativo,Pretérito perfecto compuesto,él,ha creído,1,reviewed,
ES,creer,Indicativo,Pretérito perfecto compuesto,nosotros,hemos creído,1,reviewed,
ES,creer,Indicativo,Pretérito perfecto compuesto,vosotros,habéis creído,1,reviewed,
ES,creer,Indicativo,Pretérito perfecto compuesto,ellos,han creído,1,reviewed,
ES,creer,Indicativo,Pretérito imperfecto,yo,creía,1,reviewed,
ES,creer,Indicativo,Pretérito imperfecto,tú,creías,1,reviewed,
ES,creer,Indicativo,Pretérito imperfecto,él,creía,1,reviewed,
ES,creer,Indicativo,Pretérito imperfecto,nosotros,creíamos,1,reviewed,
ES,creer,Indicativo,Pretérito imperfecto,vosotros,creíais,1,reviewed,
ES,creer,Indicativo,Pretérito imperfecto,ellos,creían,1,reviewed,
ES,creer,Condicional,Condicional,yo,creería,1,reviewed,
ES,creer,Condicional,Condicional,tú,creerías,1,reviewed,
ES,creer,Condicional,Condicional,él,creería,1,reviewed,
ES,creer,Condicional,Condicional,nosotros,creeríamos,1,reviewed,
ES,creer,Condicional,Condicional,vosotros,creeríais,1,reviewed,
ES,creer,Condicional,Condicional,ellos,creerían,1,reviewed,
ES,creer,Imperativo,Imperativo,yo,-,1,reviewed,yo imperative placeholder -; no standard form
ES,creer,Imperativo,Imperativo,tú,cree,1,reviewed,
ES,creer,Imperativo,Imperativo,él,crea,1,reviewed,
ES,creer,Imperativo,Imperativo,nosotros,creamos,1,reviewed,
ES,creer,Imperativo,Imperativo,vosotros,creed,1,reviewed,
ES,creer,Imperativo,Imperativo,ellos,crean,1,reviewed,
ES,creer,Indicativo,Futuro perfecto,yo,habré creído,1,reviewed,
ES,creer,Indicativo,Futuro perfecto,tú,habrás creído,1,reviewed,
ES,creer,Indicativo,Futuro perfecto,él,habrá creído,1,reviewed,
ES,creer,Indicativo,Futuro perfecto,nosotros,habremos creído,1,reviewed,
ES,creer,Indicativo,Futuro perfecto,vosotros,habréis creído,1,reviewed,
ES,creer,Indicativo,Futuro perfecto,ellos,habrán creído,1,reviewed,
ES,creer,Subjuntivo,Subjuntivo presente,yo,crea,1,reviewed,
ES,creer,Subjuntivo,Subjuntivo presente,tú,creas,1,reviewed,
ES,creer,Subjuntivo,Subjuntivo presente,él,crea,1,reviewed,
ES,creer,Subjuntivo,Subjuntivo presente,nosotros,creamos,1,reviewed,
ES,creer,Subjuntivo,Subjuntivo presente,vosotros,creáis,1,reviewed,
ES,creer,Subjuntivo,Subjuntivo presente,ellos,crean,1,reviewed,
ES,creer,Indicativo,Pretérito perfecto simple,yo,creí,1,reviewed,
ES,creer,Indicativo,Pretérito perfecto simple,tú,creíste,1,reviewed,
ES,creer,Indicativo,Pretérito perfecto simple,él,creyó,1,reviewed,
ES,creer,Indicativo,Pretérito perfecto simple,nosotros,creímos,1,reviewed,
ES,creer,Indicativo,Pretérito perfecto simple,vosotros,creísteis,1,reviewed,
ES,creer,Indicativo,Pretérito perfecto simple,ellos,creyeron,1,reviewed,
ES,creer,Indicativo,Pretérito pluscuamperfecto,yo,había creído,1,reviewed,
ES,creer,Indicativo,Pretérito pluscuamperfecto,tú,habías creído,1,reviewed,
ES,creer,Indicativo,Pretérito pluscuamperfecto,él,había creído,1,reviewed,
ES,creer,Indicativo,Pretérito pluscuamperfecto,nosotros,habíamos creído,1,reviewed,
ES,creer,Indicativo,Pretérito pluscuamperfecto,vosotros,habíais creído,1,reviewed,
ES,creer,Indicativo,Pretérito pluscuamperfecto,ellos,habían creído,1,reviewed,
ES,oír,Indicativo,Presente,yo,oigo,1,reviewed,
ES,oír,Indicativo,Presente,tú,oyes,1,reviewed,
ES,oír,Indicativo,Presente,él,oye,1,reviewed,
ES,oír,Indicativo,Presente,nosotros,oímos,1,reviewed,
ES,oír,Indicativo,Presente,vosotros,oís,1,reviewed,
ES,oír,Indicativo,Presente,ellos,oyen,1,reviewed,
ES,oír,Indicativo,Futuro,yo,oiré,1,reviewed,
ES,oír,Indicativo,Futuro,tú,oirás,1,reviewed,
ES,oír,Indicativo,Futuro,él,oirá,1,reviewed,
ES,oír,Indicativo,Futuro,nosotros,oiremos,1,reviewed,
ES,oír,Indicativo,Futuro,vosotros,oiréis,1,reviewed,
ES,oír,Indicativo,Futuro,ellos,oirán,1,reviewed,
ES,oír,Indicativo,Pretérito perfecto compuesto,yo,he oído,1,reviewed,
ES,oír,Indicativo,Pretérito perfecto compuesto,tú,has oído,1,reviewed,
ES,oír,Indicativo,Pretérito perfecto compuesto,él,ha oído,1,reviewed,
ES,oír,Indicativo,Pretérito perfecto compuesto,nosotros,hemos oído,1,reviewed,
ES,oír,Indicativo,Pretérito perfecto compuesto,vosotros,habéis oído,1,reviewed,
ES,oír,Indicativo,Pretérito perfecto compuesto,ellos,han oído,1,reviewed,
ES,oír,Indicativo,Pretérito imperfecto,yo,oía,1,reviewed,
ES,oír,Indicativo,Pretérito imperfecto,tú,oías,1,reviewed,
ES,oír,Indicativo,Pretérito imperfecto,él,oía,1,reviewed,
ES,oír,Indicativo,Pretérito imperfecto,nosotros,oíamos,1,reviewed,
ES,oír,Indicativo,Pretérito imperfecto,vosotros,oíais,1,reviewed,
ES,oír,Indicativo,Pretérito imperfecto,ellos,oían,1,reviewed,
ES,oír,Condicional,Condicional,yo,oiría,1,reviewed,
ES,oír,Condicional,Condicional,tú,oirías,1,reviewed,
ES,oír,Condicional,Condicional,él,oiría,1,reviewed,
ES,oír,Condicional,Condicional,nosotros,oiríamos,1,reviewed,
ES,oír,Condicional,Condicional,vosotros,oiríais,1,reviewed,
ES,oír,Condicional,Condicional,ellos,oirían,1,reviewed,
ES,oír,Imperativo,Imperativo,yo,-,1,reviewed,yo imperative placeholder -; no standard form
ES,oír,Imperativo,Imperativo,tú,oye,1,reviewed,
ES,oír,Imperativo,Imperativo,él,oiga,1,reviewed,
ES,oír,Imperativo,Imperativo,nosotros,oigamos,1,reviewed,
ES,oír,Imperativo,Imperativo,vosotros,oíd,1,reviewed,
ES,oír,Imperativo,Imperativo,ellos,oigan,1,reviewed,
ES,oír,Indicativo,Futuro perfecto,yo,habré oído,1,reviewed,
ES,oír,Indicativo,Futuro perfecto,tú,habrás oído,1,reviewed,
ES,oír,Indicativo,Futuro perfecto,él,habrá oído,1,reviewed,
ES,oír,Indicativo,Futuro perfecto,nosotros,habremos oído,1,reviewed,
ES,oír,Indicativo,Futuro perfecto,vosotros,habréis oído,1,reviewed,
ES,oír,Indicativo,Futuro perfecto,ellos,habrán oído,1,reviewed,
ES,oír,Subjuntivo,Subjuntivo presente,yo,oiga,1,reviewed,
ES,oír,Subjuntivo,Subjuntivo presente,tú,oigas,1,reviewed,
ES,oír,Subjuntivo,Subjuntivo presente,él,oiga,1,reviewed,
ES,oír,Subjuntivo,Subjuntivo presente,nosotros,oigamos,1,reviewed,
ES,oír,Subjuntivo,Subjuntivo presente,vosotros,oigáis,1,reviewed,
ES,oír,Subjuntivo,Subjuntivo presente,ellos,oigan,1,reviewed,
ES,oír,Indicativo,Pretérito perfecto simple,yo,oí,1,reviewed,
ES,oír,Indicativo,Pretérito perfecto simple,tú,oíste,1,reviewed,
ES,oír,Indicativo,Pretérito perfecto simple,él,oyó,1,reviewed,
ES,oír,Indicativo,Pretérito perfecto simple,nosotros,oímos,1,reviewed,
ES,oír,Indicativo,Pretérito perfecto simple,vosotros,oísteis,1,reviewed,
ES,oír,Indicativo,Pretérito perfecto simple,ellos,oyeron,1,reviewed,
ES,oír,Indicativo,Pretérito pluscuamperfecto,yo,había oído,1,reviewed,
ES,oír,Indicativo,Pretérito pluscuamperfecto,tú,habías oído,1,reviewed,
ES,oír,Indicativo,Pretérito pluscuamperfecto,él,había oído,1,reviewed,
ES,oír,Indicativo,Pretérito pluscuamperfecto,nosotros,habíamos oído,1,reviewed,
ES,oír,Indicativo,Pretérito pluscuamperfecto,vosotros,habíais oído,1,reviewed,
ES,oír,Indicativo,Pretérito pluscuamperfecto,ellos,habían oído,1,reviewed,
ES,sostener,Indicativo,Presente,yo,sostengo,1,reviewed,
ES,sostener,Indicativo,Presente,tú,sostienes,1,reviewed,
ES,sostener,Indicativo,Presente,él,sostiene,1,reviewed,
ES,sostener,Indicativo,Presente,nosotros,sostenemos,1,reviewed,
ES,sostener,Indicativo,Presente,vosotros,sostenéis,1,reviewed,
ES,sostener,Indicativo,Presente,ellos,sostienen,1,reviewed,
ES,sostener,Indicativo,Futuro,yo,sostendré,1,reviewed,
ES,sostener,Indicativo,Futuro,tú,sostendrás,1,reviewed,
ES,sostener,Indicativo,Futuro,él,sostendrá,1,reviewed,
ES,sostener,Indicativo,Futuro,nosotros,sostendremos,1,reviewed,
ES,sostener,Indicativo,Futuro,vosotros,sostendréis,1,reviewed,
ES,sostener,Indicativo,Futuro,ellos,sostendrán,1,reviewed,
ES,sostener,Indicativo,Pretérito perfecto compuesto,yo,he sostenido,1,reviewed,
ES,sostener,Indicativo,Pretérito perfecto compuesto,tú,has sostenido,1,reviewed,
ES,sostener,Indicativo,Pretérito perfecto compuesto,él,ha sostenido,1,reviewed,
ES,sostener,Indicativo,Pretérito perfecto compuesto,nosotros,hemos sostenido,1,reviewed,
ES,sostener,Indicativo,Pretérito perfecto compuesto,vosotros,habéis sostenido,1,reviewed,
ES,sostener,Indicativo,Pretérito perfecto compuesto,ellos,han sostenido,1,reviewed,
ES,sostener,Indicativo,Pretérito imperfecto,yo,sostenía,1,reviewed,
ES,sostener,Indicativo,Pretérito imperfecto,tú,sostenías,1,reviewed,
ES,sostener,Indicativo,Pretérito imperfecto,él,sostenía,1,reviewed,
ES,sostener,Indicativo,Pretérito imperfecto,nosotros,sosteníamos,1,reviewed,
ES,sostener,Indicativo,Pretérito imperfecto,vosotros,sosteníais,1,reviewed,
ES,sostener,Indicativo,Pretérito imperfecto,ellos,sostenían,1,reviewed,
ES,sostener,Condicional,Condicional,yo,sostendría,1,reviewed,
ES,sostener,Condicional,Condicional,tú,sostendrías,1,reviewed,
ES,sostener,Condicional,Condicional,él,sostendría,1,reviewed,
ES,sostener,Condicional,Condicional,nosotros,sostendríamos,1,reviewed,
ES,sostener,Condicional,Condicional,vosotros,sostendríais,1,reviewed,
ES,sostener,Condicional,Condicional,ellos,sostendrían,1,reviewed,
ES,sostener,Imperativo,Imperativo,yo,-,1,reviewed,yo imperative placeholder -; no standard form
ES,sostener,Imperativo,Imperativo,tú,sostén,1,reviewed,
ES,sostener,Imperativo,Imperativo,él,sostenga,1,reviewed,
ES,sostener,Imperativo,Imperativo,nosotros,sostengamos,1,reviewed,
ES,sostener,Imperativo,Imperativo,vosotros,sostened,1,reviewed,
ES,sostener,Imperativo,Imperativo,ellos,sostengan,1,reviewed,
ES,sostener,Indicativo,Futuro perfecto,yo,habré sostenido,1,reviewed,
ES,sostener,Indicativo,Futuro perfecto,tú,habrás sostenido,1,reviewed,
ES,sostener,Indicativo,Futuro perfecto,él,habrá sostenido,1,reviewed,
ES,sostener,Indicativo,Futuro perfecto,nosotros,habremos sostenido,1,reviewed,
ES,sostener,Indicativo,Futuro perfecto,vosotros,habréis sostenido,1,reviewed,
ES,sostener,Indicativo,Futuro perfecto,ellos,habrán sostenido,1,reviewed,
ES,sostener,Subjuntivo,Subjuntivo presente,yo,sostenga,1,reviewed,
ES,sostener,Subjuntivo,Subjuntivo presente,tú,sostengas,1,reviewed,
ES,sostener,Subjuntivo,Subjuntivo presente,él,sostenga,1,reviewed,
ES,sostener,Subjuntivo,Subjuntivo presente,nosotros,sostengamos,1,reviewed,
ES,sostener,Subjuntivo,Subjuntivo presente,vosotros,sostengáis,1,reviewed,
ES,sostener,Subjuntivo,Subjuntivo presente,ellos,sostengan,1,reviewed,
ES,sostener,Indicativo,Pretérito perfecto simple,yo,sostuve,1,reviewed,
ES,sostener,Indicativo,Pretérito perfecto simple,tú,sostuviste,1,reviewed,
ES,sostener,Indicativo,Pretérito perfecto simple,él,sostuvo,1,reviewed,
ES,sostener,Indicativo,Pretérito perfecto simple,nosotros,sostuvimos,1,reviewed,
ES,sostener,Indicativo,Pretérito perfecto simple,vosotros,sostuvisteis,1,reviewed,
ES,sostener,Indicativo,Pretérito perfecto simple,ellos,sostuvieron,1,reviewed,
ES,sostener,Indicativo,Pretérito pluscuamperfecto,yo,había sostenido,1,reviewed,
ES,sostener,Indicativo,Pretérito pluscuamperfecto,tú,habías sostenido,1,reviewed,
ES,sostener,Indicativo,Pretérito pluscuamperfecto,él,había sostenido,1,reviewed,
ES,sostener,Indicativo,Pretérito pluscuamperfecto,nosotros,habíamos sostenido,1,reviewed,
ES,sostener,Indicativo,Pretérito pluscuamperfecto,vosotros,habíais sostenido,1,reviewed,
ES,sostener,Indicativo,Pretérito pluscuamperfecto,ellos,habían sostenido,1,reviewed,
ES,pedir,Indicativo,Presente,yo,pido,1,reviewed,
ES,pedir,Indicativo,Presente,tú,pides,1,reviewed,
ES,pedir,Indicativo,Presente,él,pide,1,reviewed,
ES,pedir,Indicativo,Presente,nosotros,pedimos,1,reviewed,
ES,pedir,Indicativo,Presente,vosotros,pedís,1,reviewed,
ES,pedir,Indicativo,Presente,ellos,piden,1,reviewed,
ES,pedir,Indicativo,Futuro,yo,pediré,1,reviewed,
ES,pedir,Indicativo,Futuro,tú,pedirás,1,reviewed,
ES,pedir,Indicativo,Futuro,él,pedirá,1,reviewed,
ES,pedir,Indicativo,Futuro,nosotros,pediremos,1,reviewed,
ES,pedir,Indicativo,Futuro,vosotros,pediréis,1,reviewed,
ES,pedir,Indicativo,Futuro,ellos,pedirán,1,reviewed,
ES,pedir,Indicativo,Pretérito perfecto compuesto,yo,he pedido,1,reviewed,
ES,pedir,Indicativo,Pretérito perfecto compuesto,tú,has pedido,1,reviewed,
ES,pedir,Indicativo,Pretérito perfecto compuesto,él,ha pedido,1,reviewed,
ES,pedir,Indicativo,Pretérito perfecto compuesto,nosotros,hemos pedido,1,reviewed,
ES,pedir,Indicativo,Pretérito perfecto compuesto,vosotros,habéis pedido,1,reviewed,
ES,pedir,Indicativo,Pretérito perfecto compuesto,ellos,han pedido,1,reviewed,
ES,pedir,Indicativo,Pretérito imperfecto,yo,pedía,1,reviewed,
ES,pedir,Indicativo,Pretérito imperfecto,tú,pedías,1,reviewed,
ES,pedir,Indicativo,Pretérito imperfecto,él,pedía,1,reviewed,
ES,pedir,Indicativo,Pretérito imperfecto,nosotros,pedíamos,1,reviewed,
ES,pedir,Indicativo,Pretérito imperfecto,vosotros,pedíais,1,reviewed,
ES,pedir,Indicativo,Pretérito imperfecto,ellos,pedían,1,reviewed,
ES,pedir,Condicional,Condicional,yo,pediría,1,reviewed,
ES,pedir,Condicional,Condicional,tú,pedirías,1,reviewed,
ES,pedir,Condicional,Condicional,él,pediría,1,reviewed,
ES,pedir,Condicional,Condicional,nosotros,pediríamos,1,reviewed,
ES,pedir,Condicional,Condicional,vosotros,pediríais,1,reviewed,
ES,pedir,Condicional,Condicional,ellos,pedirían,1,reviewed,
ES,pedir,Imperativo,Imperativo,yo,-,1,reviewed,yo imperative placeholder -; no standard form
ES,pedir,Imperativo,Imperativo,tú,pide,1,reviewed,
ES,pedir,Imperativo,Imperativo,él,pida,1,reviewed,
ES,pedir,Imperativo,Imperativo,nosotros,pidamos,1,reviewed,
ES,pedir,Imperativo,Imperativo,vosotros,pedid,1,reviewed,
ES,pedir,Imperativo,Imperativo,ellos,pidan,1,reviewed,
ES,pedir,Indicativo,Futuro perfecto,yo,habré pedido,1,reviewed,
ES,pedir,Indicativo,Futuro perfecto,tú,habrás pedido,1,reviewed,
ES,pedir,Indicativo,Futuro perfecto,él,habrá pedido,1,reviewed,
ES,pedir,Indicativo,Futuro perfecto,nosotros,habremos pedido,1,reviewed,
ES,pedir,Indicativo,Futuro perfecto,vosotros,habréis pedido,1,reviewed,
ES,pedir,Indicativo,Futuro perfecto,ellos,habrán pedido,1,reviewed,
ES,pedir,Subjuntivo,Subjuntivo presente,yo,pida,1,reviewed,
ES,pedir,Subjuntivo,Subjuntivo presente,tú,pidas,1,reviewed,
ES,pedir,Subjuntivo,Subjuntivo presente,él,pida,1,reviewed,
ES,pedir,Subjuntivo,Subjuntivo presente,nosotros,pidamos,1,reviewed,
ES,pedir,Subjuntivo,Subjuntivo presente,vosotros,pidáis,1,reviewed,
ES,pedir,Subjuntivo,Subjuntivo presente,ellos,pidan,1,reviewed,
ES,pedir,Indicativo,Pretérito perfecto simple,yo,pedí,1,reviewed,
ES,pedir,Indicativo,Pretérito perfecto simple,tú,pediste,1,reviewed,
ES,pedir,Indicativo,Pretérito perfecto simple,él,pidió,1,reviewed,
ES,pedir,Indicativo,Pretérito perfecto simple,nosotros,pedimos,1,reviewed,
ES,pedir,Indicativo,Pretérito perfecto simple,vosotros,pedisteis,1,reviewed,
ES,pedir,Indicativo,Pretérito perfecto simple,ellos,pidieron,1,reviewed,
ES,pedir,Indicativo,Pretérito pluscuamperfecto,yo,había pedido,1,reviewed,
ES,pedir,Indicativo,Pretérito pluscuamperfecto,tú,habías pedido,1,reviewed,
ES,pedir,Indicativo,Pretérito pluscuamperfecto,él,había pedido,1,reviewed,
ES,pedir,Indicativo,Pretérito pluscuamperfecto,nosotros,habíamos pedido,1,reviewed,
ES,pedir,Indicativo,Pretérito pluscuamperfecto,vosotros,habíais pedido,1,reviewed,
ES,pedir,Indicativo,Pretérito pluscuamperfecto,ellos,habían pedido,1,reviewed,
ES,preguntar,Indicativo,Presente,yo,pregunto,1,reviewed,
ES,preguntar,Indicativo,Presente,tú,preguntas,1,reviewed,
ES,preguntar,Indicativo,Presente,él,pregunta,1,reviewed,
ES,preguntar,Indicativo,Presente,nosotros,preguntamos,1,reviewed,
ES,preguntar,Indicativo,Presente,vosotros,preguntáis,1,reviewed,
ES,preguntar,Indicativo,Presente,ellos,preguntan,1,reviewed,
ES,preguntar,Indicativo,Futuro,yo,preguntaré,1,reviewed,
ES,preguntar,Indicativo,Futuro,tú,preguntarás,1,reviewed,
ES,preguntar,Indicativo,Futuro,él,preguntará,1,reviewed,
ES,preguntar,Indicativo,Futuro,nosotros,preguntaremos,1,reviewed,
ES,preguntar,Indicativo,Futuro,vosotros,preguntaréis,1,reviewed,
ES,preguntar,Indicativo,Futuro,ellos,preguntarán,1,reviewed,
ES,preguntar,Indicativo,Pretérito perfecto compuesto,yo,he preguntado,1,reviewed,
ES,preguntar,Indicativo,Pretérito perfecto compuesto,tú,has preguntado,1,reviewed,
ES,preguntar,Indicativo,Pretérito perfecto compuesto,él,ha preguntado,1,reviewed,
ES,preguntar,Indicativo,Pretérito perfecto compuesto,nosotros,hemos preguntado,1,reviewed,
ES,preguntar,Indicativo,Pretérito perfecto compuesto,vosotros,habéis preguntado,1,reviewed,
ES,preguntar,Indicativo,Pretérito perfecto compuesto,ellos,han preguntado,1,reviewed,
ES,preguntar,Indicativo,Pretérito imperfecto,yo,preguntaba,1,reviewed,
ES,preguntar,Indicativo,Pretérito imperfecto,tú,preguntabas,1,reviewed,
ES,preguntar,Indicativo,Pretérito imperfecto,él,preguntaba,1,reviewed,
ES,preguntar,Indicativo,Pretérito imperfecto,nosotros,preguntábamos,1,reviewed,
ES,preguntar,Indicativo,Pretérito imperfecto,vosotros,preguntabais,1,reviewed,
ES,preguntar,Indicativo,Pretérito imperfecto,ellos,preguntaban,1,reviewed,
ES,preguntar,Condicional,Condicional,yo,preguntaría,1,reviewed,
ES,preguntar,Condicional,Condicional,tú,preguntarías,1,reviewed,
ES,preguntar,Condicional,Condicional,él,preguntaría,1,reviewed,
ES,preguntar,Condicional,Condicional,nosotros,preguntaríamos,1,reviewed,
ES,preguntar,Condicional,Condicional,vosotros,preguntaríais,1,reviewed,
ES,preguntar,Condicional,Condicional,ellos,preguntarían,1,reviewed,
ES,preguntar,Imperativo,Imperativo,yo,-,1,reviewed,yo imperative placeholder -; no standard form
ES,preguntar,Imperativo,Imperativo,tú,pregunta,1,reviewed,
ES,preguntar,Imperativo,Imperativo,él,pregunte,1,reviewed,
ES,preguntar,Imperativo,Imperativo,nosotros,preguntemos,1,reviewed,
ES,preguntar,Imperativo,Imperativo,vosotros,preguntad,1,reviewed,
ES,preguntar,Imperativo,Imperativo,ellos,pregunten,1,reviewed,
ES,preguntar,Indicativo,Futuro perfecto,yo,habré preguntado,1,reviewed,
ES,preguntar,Indicativo,Futuro perfecto,tú,habrás preguntado,1,reviewed,
ES,preguntar,Indicativo,Futuro perfecto,él,habrá preguntado,1,reviewed,
ES,preguntar,Indicativo,Futuro perfecto,nosotros,habremos preguntado,1,reviewed,
ES,preguntar,Indicativo,Futuro perfecto,vosotros,habréis preguntado,1,reviewed,
ES,preguntar,Indicativo,Futuro perfecto,ellos,habrán preguntado,1,reviewed,
ES,preguntar,Subjuntivo,Subjuntivo presente,yo,pregunte,1,reviewed,
ES,preguntar,Subjuntivo,Subjuntivo presente,tú,preguntes,1,reviewed,
ES,preguntar,Subjuntivo,Subjuntivo presente,él,pregunte,1,reviewed,
ES,preguntar,Subjuntivo,Subjuntivo presente,nosotros,preguntemos,1,reviewed,
ES,preguntar,Subjuntivo,Subjuntivo presente,vosotros,preguntéis,1,reviewed,
ES,preguntar,Subjuntivo,Subjuntivo presente,ellos,pregunten,1,reviewed,
ES,preguntar,Indicativo,Pretérito perfecto simple,yo,pregunté,1,reviewed,
ES,preguntar,Indicativo,Pretérito perfecto simple,tú,preguntaste,1,reviewed,
ES,preguntar,Indicativo,Pretérito perfecto simple,él,preguntó,1,reviewed,
ES,preguntar,Indicativo,Pretérito perfecto simple,nosotros,preguntamos,1,reviewed,
ES,preguntar,Indicativo,Pretérito perfecto simple,vosotros,preguntasteis,1,reviewed,
ES,preguntar,Indicativo,Pretérito perfecto simple,ellos,preguntaron,1,reviewed,
ES,preguntar,Indicativo,Pretérito pluscuamperfecto,yo,había preguntado,1,reviewed,
ES,preguntar,Indicativo,Pretérito pluscuamperfecto,tú,habías preguntado,1,reviewed,
ES,preguntar,Indicativo,Pretérito pluscuamperfecto,él,había preguntado,1,reviewed,
ES,preguntar,Indicativo,Pretérito pluscuamperfecto,nosotros,habíamos preguntado,1,reviewed,
ES,preguntar,Indicativo,Pretérito pluscuamperfecto,vosotros,habíais preguntado,1,reviewed,
ES,preguntar,Indicativo,Pretérito pluscuamperfecto,ellos,habían preguntado,1,reviewed,
ES,recordar,Indicativo,Presente,yo,recuerdo,1,reviewed,
ES,recordar,Indicativo,Presente,tú,recuerdas,1,reviewed,
ES,recordar,Indicativo,Presente,él,recuerda,1,reviewed,
ES,recordar,Indicativo,Presente,nosotros,recordamos,1,reviewed,
ES,recordar,Indicativo,Presente,vosotros,recordáis,1,reviewed,
ES,recordar,Indicativo,Presente,ellos,recuerdan,1,reviewed,
ES,recordar,Indicativo,Futuro,yo,recordaré,1,reviewed,
ES,recordar,Indicativo,Futuro,tú,recordarás,1,reviewed,
ES,recordar,Indicativo,Futuro,él,recordará,1,reviewed,
ES,recordar,Indicativo,Futuro,nosotros,recordaremos,1,reviewed,
ES,recordar,Indicativo,Futuro,vosotros,recordaréis,1,reviewed,
ES,recordar,Indicativo,Futuro,ellos,recordarán,1,reviewed,
ES,recordar,Indicativo,Pretérito perfecto compuesto,yo,he recordado,1,reviewed,
ES,recordar,Indicativo,Pretérito perfecto compuesto,tú,has recordado,1,reviewed,
ES,recordar,Indicativo,Pretérito perfecto compuesto,él,ha recordado,1,reviewed,
ES,recordar,Indicativo,Pretérito perfecto compuesto,nosotros,hemos recordado,1,reviewed,
ES,recordar,Indicativo,Pretérito perfecto compuesto,vosotros,habéis recordado,1,reviewed,
ES,recordar,Indicativo,Pretérito perfecto compuesto,ellos,han recordado,1,reviewed,
ES,recordar,Indicativo,Pretérito imperfecto,yo,recordaba,1,reviewed,
ES,recordar,Indicativo,Pretérito imperfecto,tú,recordabas,1,reviewed,
ES,recordar,Indicativo,Pretérito imperfecto,él,recordaba,1,reviewed,
ES,recordar,Indicativo,Pretérito imperfecto,nosotros,recordábamos,1,reviewed,
ES,recordar,Indicativo,Pretérito imperfecto,vosotros,recordabais,1,reviewed,
ES,recordar,Indicativo,Pretérito imperfecto,ellos,recordaban,1,reviewed,
ES,recordar,Condicional,Condicional,yo,recordaría,1,reviewed,
ES,recordar,Condicional,Condicional,tú,recordarías,1,reviewed,
ES,recordar,Condicional,Condicional,él,recordaría,1,reviewed,
ES,recordar,Condicional,Condicional,nosotros,recordaríamos,1,reviewed,
ES,recordar,Condicional,Condicional,vosotros,recordaríais,1,reviewed,
ES,recordar,Condicional,Condicional,ellos,recordarían,1,reviewed,
ES,recordar,Imperativo,Imperativo,yo,-,1,reviewed,yo imperative placeholder -; no standard form
ES,recordar,Imperativo,Imperativo,tú,recuerda,1,reviewed,
ES,recordar,Imperativo,Imperativo,él,recuerde,1,reviewed,
ES,recordar,Imperativo,Imperativo,nosotros,recordemos,1,reviewed,
ES,recordar,Imperativo,Imperativo,vosotros,recordad,1,reviewed,
ES,recordar,Imperativo,Imperativo,ellos,recuerden,1,reviewed,
ES,recordar,Indicativo,Futuro perfecto,yo,habré recordado,1,reviewed,
ES,recordar,Indicativo,Futuro perfecto,tú,habrás recordado,1,reviewed,
ES,recordar,Indicativo,Futuro perfecto,él,habrá recordado,1,reviewed,
ES,recordar,Indicativo,Futuro perfecto,nosotros,habremos recordado,1,reviewed,
ES,recordar,Indicativo,Futuro perfecto,vosotros,habréis recordado,1,reviewed,
ES,recordar,Indicativo,Futuro perfecto,ellos,habrán recordado,1,reviewed,
ES,recordar,Subjuntivo,Subjuntivo presente,yo,recuerde,1,reviewed,
ES,recordar,Subjuntivo,Subjuntivo presente,tú,recuerdes,1,reviewed,
ES,recordar,Subjuntivo,Subjuntivo presente,él,recuerde,1,reviewed,
ES,recordar,Subjuntivo,Subjuntivo presente,nosotros,recordemos,1,reviewed,
ES,recordar,Subjuntivo,Subjuntivo presente,vosotros,recordéis,1,reviewed,
ES,recordar,Subjuntivo,Subjuntivo presente,ellos,recuerden,1,reviewed,
ES,recordar,Indicativo,Pretérito perfecto simple,yo,recordé,1,reviewed,
ES,recordar,Indicativo,Pretérito perfecto simple,tú,recordaste,1,reviewed,
ES,recordar,Indicativo,Pretérito perfecto simple,él,recordó,1,reviewed,
ES,recordar,Indicativo,Pretérito perfecto simple,nosotros,recordamos,1,reviewed,
ES,recordar,Indicativo,Pretérito perfecto simple,vosotros,recordasteis,1,reviewed,
ES,recordar,Indicativo,Pretérito perfecto simple,ellos,recordaron,1,reviewed,
ES,recordar,Indicativo,Pretérito pluscuamperfecto,yo,había recordado,1,reviewed,
ES,recordar,Indicativo,Pretérito pluscuamperfecto,tú,habías recordado,1,reviewed,
ES,recordar,Indicativo,Pretérito pluscuamperfecto,él,había recordado,1,reviewed,
ES,recordar,Indicativo,Pretérito pluscuamperfecto,nosotros,habíamos recordado,1,reviewed,
ES,recordar,Indicativo,Pretérito pluscuamperfecto,vosotros,habíais recordado,1,reviewed,
ES,recordar,Indicativo,Pretérito pluscuamperfecto,ellos,habían recordado,1,reviewed,
ES,acordarse,Indicativo,Presente,yo,me acuerdo,1,reviewed,
ES,acordarse,Indicativo,Presente,tú,te acuerdas,1,reviewed,
ES,acordarse,Indicativo,Presente,él,se acuerda,1,reviewed,
ES,acordarse,Indicativo,Presente,nosotros,nos acordamos,1,reviewed,
ES,acordarse,Indicativo,Presente,vosotros,os acordáis,1,reviewed,
ES,acordarse,Indicativo,Presente,ellos,se acuerdan,1,reviewed,
ES,acordarse,Indicativo,Futuro,yo,me acordaré,1,reviewed,
ES,acordarse,Indicativo,Futuro,tú,te acordarás,1,reviewed,
ES,acordarse,Indicativo,Futuro,él,se acordará,1,reviewed,
ES,acordarse,Indicativo,Futuro,nosotros,nos acordaremos,1,reviewed,
ES,acordarse,Indicativo,Futuro,vosotros,os acordaréis,1,reviewed,
ES,acordarse,Indicativo,Futuro,ellos,se acordarán,1,reviewed,
ES,acordarse,Indicativo,Pretérito perfecto compuesto,yo,me he acordado,1,reviewed,
ES,acordarse,Indicativo,Pretérito perfecto compuesto,tú,te has acordado,1,reviewed,
ES,acordarse,Indicativo,Pretérito perfecto compuesto,él,se ha acordado,1,reviewed,
ES,acordarse,Indicativo,Pretérito perfecto compuesto,nosotros,nos hemos acordado,1,reviewed,
ES,acordarse,Indicativo,Pretérito perfecto compuesto,vosotros,os habéis acordado,1,reviewed,
ES,acordarse,Indicativo,Pretérito perfecto compuesto,ellos,se han acordado,1,reviewed,
ES,acordarse,Indicativo,Pretérito imperfecto,yo,me acordaba,1,reviewed,
ES,acordarse,Indicativo,Pretérito imperfecto,tú,te acordabas,1,reviewed,
ES,acordarse,Indicativo,Pretérito imperfecto,él,se acordaba,1,reviewed,
ES,acordarse,Indicativo,Pretérito imperfecto,nosotros,nos acordábamos,1,reviewed,
ES,acordarse,Indicativo,Pretérito imperfecto,vosotros,os acordabais,1,reviewed,
ES,acordarse,Indicativo,Pretérito imperfecto,ellos,se acordaban,1,reviewed,
ES,acordarse,Condicional,Condicional,yo,me acordaría,1,reviewed,
ES,acordarse,Condicional,Condicional,tú,te acordarías,1,reviewed,
ES,acordarse,Condicional,Condicional,él,se acordaría,1,reviewed,
ES,acordarse,Condicional,Condicional,nosotros,nos acordaríamos,1,reviewed,
ES,acordarse,Condicional,Condicional,vosotros,os acordaríais,1,reviewed,
ES,acordarse,Condicional,Condicional,ellos,se acordarían,1,reviewed,
ES,acordarse,Imperativo,Imperativo,yo,-,1,reviewed,yo imperative placeholder -; no standard form
ES,acordarse,Imperativo,Imperativo,tú,acuérdate,1,reviewed,
ES,acordarse,Imperativo,Imperativo,él,acuérdese,1,reviewed,
ES,acordarse,Imperativo,Imperativo,nosotros,acordémonos,1,reviewed,
ES,acordarse,Imperativo,Imperativo,vosotros,acordaos,1,reviewed,
ES,acordarse,Imperativo,Imperativo,ellos,acuérdense,1,reviewed,
ES,acordarse,Indicativo,Futuro perfecto,yo,me habré acordado,1,reviewed,
ES,acordarse,Indicativo,Futuro perfecto,tú,te habrás acordado,1,reviewed,
ES,acordarse,Indicativo,Futuro perfecto,él,se habrá acordado,1,reviewed,
ES,acordarse,Indicativo,Futuro perfecto,nosotros,nos habremos acordado,1,reviewed,
ES,acordarse,Indicativo,Futuro perfecto,vosotros,os habréis acordado,1,reviewed,
ES,acordarse,Indicativo,Futuro perfecto,ellos,se habrán acordado,1,reviewed,
ES,acordarse,Subjuntivo,Subjuntivo presente,yo,me acuerde,1,reviewed,
ES,acordarse,Subjuntivo,Subjuntivo presente,tú,te acuerdes,1,reviewed,
ES,acordarse,Subjuntivo,Subjuntivo presente,él,se acuerde,1,reviewed,
ES,acordarse,Subjuntivo,Subjuntivo presente,nosotros,nos acordemos,1,reviewed,
ES,acordarse,Subjuntivo,Subjuntivo presente,vosotros,os acordéis,1,reviewed,
ES,acordarse,Subjuntivo,Subjuntivo presente,ellos,se acuerden,1,reviewed,
ES,acordarse,Indicativo,Pretérito perfecto simple,yo,me acordé,1,reviewed,
ES,acordarse,Indicativo,Pretérito perfecto simple,tú,te acordaste,1,reviewed,
ES,acordarse,Indicativo,Pretérito perfecto simple,él,se acordó,1,reviewed,
ES,acordarse,Indicativo,Pretérito perfecto simple,nosotros,nos acordamos,1,reviewed,
ES,acordarse,Indicativo,Pretérito perfecto simple,vosotros,os acordasteis,1,reviewed,
ES,acordarse,Indicativo,Pretérito perfecto simple,ellos,se acordaron,1,reviewed,
ES,acordarse,Indicativo,Pretérito pluscuamperfecto,yo,me había acordado,1,reviewed,
ES,acordarse,Indicativo,Pretérito pluscuamperfecto,tú,te habías acordado,1,reviewed,
ES,acordarse,Indicativo,Pretérito pluscuamperfecto,él,se había acordado,1,reviewed,
ES,acordarse,Indicativo,Pretérito pluscuamperfecto,nosotros,nos habíamos acordado,1,reviewed,
ES,acordarse,Indicativo,Pretérito pluscuamperfecto,vosotros,os habíais acordado,1,reviewed,
ES,acordarse,Indicativo,Pretérito pluscuamperfecto,ellos,se habían acordado,1,reviewed,
ES,esperar,Indicativo,Presente,yo,espero,1,reviewed,
ES,esperar,Indicativo,Presente,tú,esperas,1,reviewed,
ES,esperar,Indicativo,Presente,él,espera,1,reviewed,
ES,esperar,Indicativo,Presente,nosotros,esperamos,1,reviewed,
ES,esperar,Indicativo,Presente,vosotros,esperáis,1,reviewed,
ES,esperar,Indicativo,Presente,ellos,esperan,1,reviewed,
ES,esperar,Indicativo,Futuro,yo,esperaré,1,reviewed,
ES,esperar,Indicativo,Futuro,tú,esperarás,1,reviewed,
ES,esperar,Indicativo,Futuro,él,esperará,1,reviewed,
ES,esperar,Indicativo,Futuro,nosotros,esperaremos,1,reviewed,
ES,esperar,Indicativo,Futuro,vosotros,esperaréis,1,reviewed,
ES,esperar,Indicativo,Futuro,ellos,esperarán,1,reviewed,
ES,esperar,Indicativo,Pretérito perfecto compuesto,yo,he esperado,1,reviewed,
ES,esperar,Indicativo,Pretérito perfecto compuesto,tú,has esperado,1,reviewed,
ES,esperar,Indicativo,Pretérito perfecto compuesto,él,ha esperado,1,reviewed,
ES,esperar,Indicativo,Pretérito perfecto compuesto,nosotros,hemos esperado,1,reviewed,
ES,esperar,Indicativo,Pretérito perfecto compuesto,vosotros,habéis esperado,1,reviewed,
ES,esperar,Indicativo,Pretérito perfecto compuesto,ellos,han esperado,1,reviewed,
ES,esperar,Indicativo,Pretérito imperfecto,yo,esperaba,1,reviewed,
ES,esperar,Indicativo,Pretérito imperfecto,tú,esperabas,1,reviewed,
ES,esperar,Indicativo,Pretérito imperfecto,él,esperaba,1,reviewed,
ES,esperar,Indicativo,Pretérito imperfecto,nosotros,esperábamos,1,reviewed,
ES,esperar,Indicativo,Pretérito imperfecto,vosotros,esperabais,1,reviewed,
ES,esperar,Indicativo,Pretérito imperfecto,ellos,esperaban,1,reviewed,
ES,esperar,Condicional,Condicional,yo,esperaría,1,reviewed,
ES,esperar,Condicional,Condicional,tú,esperarías,1,reviewed,
ES,esperar,Condicional,Condicional,él,esperaría,1,reviewed,
ES,esperar,Condicional,Condicional,nosotros,esperaríamos,1,reviewed,
ES,esperar,Condicional,Condicional,vosotros,esperaríais,1,reviewed,
ES,esperar,Condicional,Condicional,ellos,esperarían,1,reviewed,
ES,esperar,Imperativo,Imperativo,yo,-,1,reviewed,yo imperative placeholder -; no standard form
ES,esperar,Imperativo,Imperativo,tú,espera,1,reviewed,
ES,esperar,Imperativo,Imperativo,él,espere,1,reviewed,
ES,esperar,Imperativo,Imperativo,nosotros,esperemos,1,reviewed,
ES,esperar,Imperativo,Imperativo,vosotros,esperad,1,reviewed,
ES,esperar,Imperativo,Imperativo,ellos,esperen,1,reviewed,
ES,esperar,Indicativo,Futuro perfecto,yo,habré esperado,1,reviewed,
ES,esperar,Indicativo,Futuro perfecto,tú,habrás esperado,1,reviewed,
ES,esperar,Indicativo,Futuro perfecto,él,habrá esperado,1,reviewed,
ES,esperar,Indicativo,Futuro perfecto,nosotros,habremos esperado,1,reviewed,
ES,esperar,Indicativo,Futuro perfecto,vosotros,habréis esperado,1,reviewed,
ES,esperar,Indicativo,Futuro perfecto,ellos,habrán esperado,1,reviewed,
ES,esperar,Subjuntivo,Subjuntivo presente,yo,espere,1,reviewed,
ES,esperar,Subjuntivo,Subjuntivo presente,tú,esperes,1,reviewed,
ES,esperar,Subjuntivo,Subjuntivo presente,él,espere,1,reviewed,
ES,esperar,Subjuntivo,Subjuntivo presente,nosotros,esperemos,1,reviewed,
ES,esperar,Subjuntivo,Subjuntivo presente,vosotros,esperéis,1,reviewed,
ES,esperar,Subjuntivo,Subjuntivo presente,ellos,esperen,1,reviewed,
ES,esperar,Indicativo,Pretérito perfecto simple,yo,esperé,1,reviewed,
ES,esperar,Indicativo,Pretérito perfecto simple,tú,esperaste,1,reviewed,
ES,esperar,Indicativo,Pretérito perfecto simple,él,esperó,1,reviewed,
ES,esperar,Indicativo,Pretérito perfecto simple,nosotros,esperamos,1,reviewed,
ES,esperar,Indicativo,Pretérito perfecto simple,vosotros,esperasteis,1,reviewed,
ES,esperar,Indicativo,Pretérito perfecto simple,ellos,esperaron,1,reviewed,
ES,esperar,Indicativo,Pretérito pluscuamperfecto,yo,había esperado,1,reviewed,
ES,esperar,Indicativo,Pretérito pluscuamperfecto,tú,habías esperado,1,reviewed,
ES,esperar,Indicativo,Pretérito pluscuamperfecto,él,había esperado,1,reviewed,
ES,esperar,Indicativo,Pretérito pluscuamperfecto,nosotros,habíamos esperado,1,reviewed,
ES,esperar,Indicativo,Pretérito pluscuamperfecto,vosotros,habíais esperado,1,reviewed,
ES,esperar,Indicativo,Pretérito pluscuamperfecto,ellos,habían esperado,1,reviewed,
ES,salir,Indicativo,Presente,yo,salgo,1,reviewed,
ES,salir,Indicativo,Presente,tú,sales,1,reviewed,
ES,salir,Indicativo,Presente,él,sale,1,reviewed,
ES,salir,Indicativo,Presente,nosotros,salimos,1,reviewed,
ES,salir,Indicativo,Presente,vosotros,salís,1,reviewed,
ES,salir,Indicativo,Presente,ellos,salen,1,reviewed,
ES,salir,Indicativo,Futuro,yo,saldré,1,reviewed,
ES,salir,Indicativo,Futuro,tú,saldrás,1,reviewed,
ES,salir,Indicativo,Futuro,él,saldrá,1,reviewed,
ES,salir,Indicativo,Futuro,nosotros,saldremos,1,reviewed,
ES,salir,Indicativo,Futuro,vosotros,saldréis,1,reviewed,
ES,salir,Indicativo,Futuro,ellos,saldrán,1,reviewed,
ES,salir,Indicativo,Pretérito perfecto compuesto,yo,he salido,1,reviewed,
ES,salir,Indicativo,Pretérito perfecto compuesto,tú,has salido,1,reviewed,
ES,salir,Indicativo,Pretérito perfecto compuesto,él,ha salido,1,reviewed,
ES,salir,Indicativo,Pretérito perfecto compuesto,nosotros,hemos salido,1,reviewed,
ES,salir,Indicativo,Pretérito perfecto compuesto,vosotros,habéis salido,1,reviewed,
ES,salir,Indicativo,Pretérito perfecto compuesto,ellos,han salido,1,reviewed,
ES,salir,Indicativo,Pretérito imperfecto,yo,salía,1,reviewed,
ES,salir,Indicativo,Pretérito imperfecto,tú,salías,1,reviewed,
ES,salir,Indicativo,Pretérito imperfecto,él,salía,1,reviewed,
ES,salir,Indicativo,Pretérito imperfecto,nosotros,salíamos,1,reviewed,
ES,salir,Indicativo,Pretérito imperfecto,vosotros,salíais,1,reviewed,
ES,salir,Indicativo,Pretérito imperfecto,ellos,salían,1,reviewed,
ES,salir,Condicional,Condicional,yo,saldría,1,reviewed,
ES,salir,Condicional,Condicional,tú,saldrías,1,reviewed,
ES,salir,Condicional,Condicional,él,saldría,1,reviewed,
ES,salir,Condicional,Condicional,nosotros,saldríamos,1,reviewed,
ES,salir,Condicional,Condicional,vosotros,saldríais,1,reviewed,
ES,salir,Condicional,Condicional,ellos,saldrían,1,reviewed,
ES,salir,Imperativo,Imperativo,yo,-,1,reviewed,yo imperative placeholder -; no standard form
ES,salir,Imperativo,Imperativo,tú,sal,1,reviewed,
ES,salir,Imperativo,Imperativo,él,salga,1,reviewed,
ES,salir,Imperativo,Imperativo,nosotros,salgamos,1,reviewed,
ES,salir,Imperativo,Imperativo,vosotros,salid,1,reviewed,
ES,salir,Imperativo,Imperativo,ellos,salgan,1,reviewed,
ES,salir,Indicativo,Futuro perfecto,yo,habré salido,1,reviewed,
ES,salir,Indicativo,Futuro perfecto,tú,habrás salido,1,reviewed,
ES,salir,Indicativo,Futuro perfecto,él,habrá salido,1,reviewed,
ES,salir,Indicativo,Futuro perfecto,nosotros,habremos salido,1,reviewed,
ES,salir,Indicativo,Futuro perfecto,vosotros,habréis salido,1,reviewed,
ES,salir,Indicativo,Futuro perfecto,ellos,habrán salido,1,reviewed,
ES,salir,Subjuntivo,Subjuntivo presente,yo,salga,1,reviewed,
ES,salir,Subjuntivo,Subjuntivo presente,tú,salgas,1,reviewed,
ES,salir,Subjuntivo,Subjuntivo presente,él,salga,1,reviewed,
ES,salir,Subjuntivo,Subjuntivo presente,nosotros,salgamos,1,reviewed,
ES,salir,Subjuntivo,Subjuntivo presente,vosotros,salgáis,1,reviewed,
ES,salir,Subjuntivo,Subjuntivo presente,ellos,salgan,1,reviewed,
ES,salir,Indicativo,Pretérito perfecto simple,yo,salí,1,reviewed,
ES,salir,Indicativo,Pretérito perfecto simple,tú,saliste,1,reviewed,
ES,salir,Indicativo,Pretérito perfecto simple,él,salió,1,reviewed,
ES,salir,Indicativo,Pretérito perfecto simple,nosotros,salimos,1,reviewed,
ES,salir,Indicativo,Pretérito perfecto simple,vosotros,salisteis,1,reviewed,
ES,salir,Indicativo,Pretérito perfecto simple,ellos,salieron,1,reviewed,
ES,salir,Indicativo,Pretérito pluscuamperfecto,yo,había salido,1,reviewed,
ES,salir,Indicativo,Pretérito pluscuamperfecto,tú,habías salido,1,reviewed,
ES,salir,Indicativo,Pretérito pluscuamperfecto,él,había salido,1,reviewed,
ES,salir,Indicativo,Pretérito pluscuamperfecto,nosotros,habíamos salido,1,reviewed,
ES,salir,Indicativo,Pretérito pluscuamperfecto,vosotros,habíais salido,1,reviewed,
ES,salir,Indicativo,Pretérito pluscuamperfecto,ellos,habían salido,1,reviewed,
ES,mirar,Indicativo,Presente,yo,miro,1,reviewed,
ES,mirar,Indicativo,Presente,tú,miras,1,reviewed,
ES,mirar,Indicativo,Presente,él,mira,1,reviewed,
ES,mirar,Indicativo,Presente,nosotros,miramos,1,reviewed,
ES,mirar,Indicativo,Presente,vosotros,miráis,1,reviewed,
ES,mirar,Indicativo,Presente,ellos,miran,1,reviewed,
ES,mirar,Indicativo,Futuro,yo,miraré,1,reviewed,
ES,mirar,Indicativo,Futuro,tú,mirarás,1,reviewed,
ES,mirar,Indicativo,Futuro,él,mirará,1,reviewed,
ES,mirar,Indicativo,Futuro,nosotros,miraremos,1,reviewed,
ES,mirar,Indicativo,Futuro,vosotros,miraréis,1,reviewed,
ES,mirar,Indicativo,Futuro,ellos,mirarán,1,reviewed,
ES,mirar,Indicativo,Pretérito perfecto compuesto,yo,he mirado,1,reviewed,
ES,mirar,Indicativo,Pretérito perfecto compuesto,tú,has mirado,1,reviewed,
ES,mirar,Indicativo,Pretérito perfecto compuesto,él,ha mirado,1,reviewed,
ES,mirar,Indicativo,Pretérito perfecto compuesto,nosotros,hemos mirado,1,reviewed,
ES,mirar,Indicativo,Pretérito perfecto compuesto,vosotros,habéis mirado,1,reviewed,
ES,mirar,Indicativo,Pretérito perfecto compuesto,ellos,han mirado,1,reviewed,
ES,mirar,Indicativo,Pretérito imperfecto,yo,miraba,1,reviewed,
ES,mirar,Indicativo,Pretérito imperfecto,tú,mirabas,1,reviewed,
ES,mirar,Indicativo,Pretérito imperfecto,él,miraba,1,reviewed,
ES,mirar,Indicativo,Pretérito imperfecto,nosotros,mirábamos,1,reviewed,
ES,mirar,Indicativo,Pretérito imperfecto,vosotros,mirabais,1,reviewed,
ES,mirar,Indicativo,Pretérito imperfecto,ellos,miraban,1,reviewed,
ES,mirar,Condicional,Condicional,yo,miraría,1,reviewed,
ES,mirar,Condicional,Condicional,tú,mirarías,1,reviewed,
ES,mirar,Condicional,Condicional,él,miraría,1,reviewed,
ES,mirar,Condicional,Condicional,nosotros,miraríamos,1,reviewed,
ES,mirar,Condicional,Condicional,vosotros,miraríais,1,reviewed,
ES,mirar,Condicional,Condicional,ellos,mirarían,1,reviewed,
ES,mirar,Imperativo,Imperativo,yo,-,1,reviewed,yo imperative placeholder -; no standard form
ES,mirar,Imperativo,Imperativo,tú,mira,1,reviewed,
ES,mirar,Imperativo,Imperativo,él,mire,1,reviewed,
ES,mirar,Imperativo,Imperativo,nosotros,miremos,1,reviewed,
ES,mirar,Imperativo,Imperativo,vosotros,mirad,1,reviewed,
ES,mirar,Imperativo,Imperativo,ellos,miren,1,reviewed,
ES,mirar,Indicativo,Futuro perfecto,yo,habré mirado,1,reviewed,
ES,mirar,Indicativo,Futuro perfecto,tú,habrás mirado,1,reviewed,
ES,mirar,Indicativo,Futuro perfecto,él,habrá mirado,1,reviewed,
ES,mirar,Indicativo,Futuro perfecto,nosotros,habremos mirado,1,reviewed,
ES,mirar,Indicativo,Futuro perfecto,vosotros,habréis mirado,1,reviewed,
ES,mirar,Indicativo,Futuro perfecto,ellos,habrán mirado,1,reviewed,
ES,mirar,Subjuntivo,Subjuntivo presente,yo,mire,1,reviewed,
ES,mirar,Subjuntivo,Subjuntivo presente,tú,mires,1,reviewed,
ES,mirar,Subjuntivo,Subjuntivo presente,él,mire,1,reviewed,
ES,mirar,Subjuntivo,Subjuntivo presente,nosotros,miremos,1,reviewed,
ES,mirar,Subjuntivo,Subjuntivo presente,vosotros,miréis,1,reviewed,
ES,mirar,Subjuntivo,Subjuntivo presente,ellos,miren,1,reviewed,
ES,mirar,Indicativo,Pretérito perfecto simple,yo,miré,1,reviewed,
ES,mirar,Indicativo,Pretérito perfecto simple,tú,miraste,1,reviewed,
ES,mirar,Indicativo,Pretérito perfecto simple,él,miró,1,reviewed,
ES,mirar,Indicativo,Pretérito perfecto simple,nosotros,miramos,1,reviewed,
ES,mirar,Indicativo,Pretérito perfecto simple,vosotros,mirasteis,1,reviewed,
ES,mirar,Indicativo,Pretérito perfecto simple,ellos,miraron,1,reviewed,
ES,mirar,Indicativo,Pretérito pluscuamperfecto,yo,había mirado,1,reviewed,
ES,mirar,Indicativo,Pretérito pluscuamperfecto,tú,habías mirado,1,reviewed,
ES,mirar,Indicativo,Pretérito pluscuamperfecto,él,había mirado,1,reviewed,
ES,mirar,Indicativo,Pretérito pluscuamperfecto,nosotros,habíamos mirado,1,reviewed,
ES,mirar,Indicativo,Pretérito pluscuamperfecto,vosotros,habíais mirado,1,reviewed,
ES,mirar,Indicativo,Pretérito pluscuamperfecto,ellos,habían mirado,1,reviewed,
ES,jugar,Indicativo,Presente,yo,juego,1,reviewed,
ES,jugar,Indicativo,Presente,tú,juegas,1,reviewed,
ES,jugar,Indicativo,Presente,él,juega,1,reviewed,
ES,jugar,Indicativo,Presente,nosotros,jugamos,1,reviewed,
ES,jugar,Indicativo,Presente,vosotros,jugáis,1,reviewed,
ES,jugar,Indicativo,Presente,ellos,juegan,1,reviewed,
ES,jugar,Indicativo,Futuro,yo,jugaré,1,reviewed,
ES,jugar,Indicativo,Futuro,tú,jugarás,1,reviewed,
ES,jugar,Indicativo,Futuro,él,jugará,1,reviewed,
ES,jugar,Indicativo,Futuro,nosotros,jugaremos,1,reviewed,
ES,jugar,Indicativo,Futuro,vosotros,jugaréis,1,reviewed,
ES,jugar,Indicativo,Futuro,ellos,jugarán,1,reviewed,
ES,jugar,Indicativo,Pretérito perfecto compuesto,yo,he jugado,1,reviewed,
ES,jugar,Indicativo,Pretérito perfecto compuesto,tú,has jugado,1,reviewed,
ES,jugar,Indicativo,Pretérito perfecto compuesto,él,ha jugado,1,reviewed,
ES,jugar,Indicativo,Pretérito perfecto compuesto,nosotros,hemos jugado,1,reviewed,
ES,jugar,Indicativo,Pretérito perfecto compuesto,vosotros,habéis jugado,1,reviewed,
ES,jugar,Indicativo,Pretérito perfecto compuesto,ellos,han jugado,1,reviewed,
ES,jugar,Indicativo,Pretérito imperfecto,yo,jugaba,1,reviewed,
ES,jugar,Indicativo,Pretérito imperfecto,tú,jugabas,1,reviewed,
ES,jugar,Indicativo,Pretérito imperfecto,él,jugaba,1,reviewed,
ES,jugar,Indicativo,Pretérito imperfecto,nosotros,jugábamos,1,reviewed,
ES,jugar,Indicativo,Pretérito imperfecto,vosotros,jugabais,1,reviewed,
ES,jugar,Indicativo,Pretérito imperfecto,ellos,jugaban,1,reviewed,
ES,jugar,Condicional,Condicional,yo,jugaría,1,reviewed,
ES,jugar,Condicional,Condicional,tú,jugarías,1,reviewed,
ES,jugar,Condicional,Condicional,él,jugaría,1,reviewed,
ES,jugar,Condicional,Condicional,nosotros,jugaríamos,1,reviewed,
ES,jugar,Condicional,Condicional,vosotros,jugaríais,1,reviewed,
ES,jugar,Condicional,Condicional,ellos,jugarían,1,reviewed,
ES,jugar,Imperativo,Imperativo,yo,-,1,reviewed,yo imperative placeholder -; no standard form
ES,jugar,Imperativo,Imperativo,tú,juega,1,reviewed,
ES,jugar,Imperativo,Imperativo,él,juegue,1,reviewed,
ES,jugar,Imperativo,Imperativo,nosotros,juguemos,1,reviewed,
ES,jugar,Imperativo,Imperativo,vosotros,jugad,1,reviewed,
ES,jugar,Imperativo,Imperativo,ellos,jueguen,1,reviewed,
ES,jugar,Indicativo,Futuro perfecto,yo,habré jugado,1,reviewed,
ES,jugar,Indicativo,Futuro perfecto,tú,habrás jugado,1,reviewed,
ES,jugar,Indicativo,Futuro perfecto,él,habrá jugado,1,reviewed,
ES,jugar,Indicativo,Futuro perfecto,nosotros,habremos jugado,1,reviewed,
ES,jugar,Indicativo,Futuro perfecto,vosotros,habréis jugado,1,reviewed,
ES,jugar,Indicativo,Futuro perfecto,ellos,habrán jugado,1,reviewed,
ES,jugar,Subjuntivo,Subjuntivo presente,yo,juegue,1,reviewed,
ES,jugar,Subjuntivo,Subjuntivo presente,tú,juegues,1,reviewed,
ES,jugar,Subjuntivo,Subjuntivo presente,él,juegue,1,reviewed,
ES,jugar,Subjuntivo,Subjuntivo presente,nosotros,juguemos,1,reviewed,
ES,jugar,Subjuntivo,Subjuntivo presente,vosotros,juguéis,1,reviewed,
ES,jugar,Subjuntivo,Subjuntivo presente,ellos,jueguen,1,reviewed,
ES,jugar,Indicativo,Pretérito perfecto simple,yo,jugué,1,reviewed,
ES,jugar,Indicativo,Pretérito perfecto simple,tú,jugaste,1,reviewed,
ES,jugar,Indicativo,Pretérito perfecto simple,él,jugó,1,reviewed,
ES,jugar,Indicativo,Pretérito perfecto simple,nosotros,jugamos,1,reviewed,
ES,jugar,Indicativo,Pretérito perfecto simple,vosotros,jugasteis,1,reviewed,
ES,jugar,Indicativo,Pretérito perfecto simple,ellos,jugaron,1,reviewed,
ES,jugar,Indicativo,Pretérito pluscuamperfecto,yo,había jugado,1,reviewed,
ES,jugar,Indicativo,Pretérito pluscuamperfecto,tú,habías jugado,1,reviewed,
ES,jugar,Indicativo,Pretérito pluscuamperfecto,él,había jugado,1,reviewed,
ES,jugar,Indicativo,Pretérito pluscuamperfecto,nosotros,habíamos jugado,1,reviewed,
ES,jugar,Indicativo,Pretérito pluscuamperfecto,vosotros,habíais jugado,1,reviewed,
ES,jugar,Indicativo,Pretérito pluscuamperfecto,ellos,habían jugado,1,reviewed,
ES,escribir,Indicativo,Presente,yo,escribo,1,reviewed,
ES,escribir,Indicativo,Presente,tú,escribes,1,reviewed,
ES,escribir,Indicativo,Presente,él,escribe,1,reviewed,
ES,escribir,Indicativo,Presente,nosotros,escribimos,1,reviewed,
ES,escribir,Indicativo,Presente,vosotros,escribís,1,reviewed,
ES,escribir,Indicativo,Presente,ellos,escriben,1,reviewed,
ES,escribir,Indicativo,Futuro,yo,escribiré,1,reviewed,
ES,escribir,Indicativo,Futuro,tú,escribirás,1,reviewed,
ES,escribir,Indicativo,Futuro,él,escribirá,1,reviewed,
ES,escribir,Indicativo,Futuro,nosotros,escribiremos,1,reviewed,
ES,escribir,Indicativo,Futuro,vosotros,escribiréis,1,reviewed,
ES,escribir,Indicativo,Futuro,ellos,escribirán,1,reviewed,
ES,escribir,Indicativo,Pretérito perfecto compuesto,yo,he escrito,1,reviewed,
ES,escribir,Indicativo,Pretérito perfecto compuesto,tú,has escrito,1,reviewed,
ES,escribir,Indicativo,Pretérito perfecto compuesto,él,ha escrito,1,reviewed,
ES,escribir,Indicativo,Pretérito perfecto compuesto,nosotros,hemos escrito,1,reviewed,
ES,escribir,Indicativo,Pretérito perfecto compuesto,vosotros,habéis escrito,1,reviewed,
ES,escribir,Indicativo,Pretérito perfecto compuesto,ellos,han escrito,1,reviewed,
ES,escribir,Indicativo,Pretérito imperfecto,yo,escribía,1,reviewed,
ES,escribir,Indicativo,Pretérito imperfecto,tú,escribías,1,reviewed,
ES,escribir,Indicativo,Pretérito imperfecto,él,escribía,1,reviewed,
ES,escribir,Indicativo,Pretérito imperfecto,nosotros,escribíamos,1,reviewed,
ES,escribir,Indicativo,Pretérito imperfecto,vosotros,escribíais,1,reviewed,
ES,escribir,Indicativo,Pretérito imperfecto,ellos,escribían,1,reviewed,
ES,escribir,Condicional,Condicional,yo,escribiría,1,reviewed,
ES,escribir,Condicional,Condicional,tú,escribirías,1,reviewed,
ES,escribir,Condicional,Condicional,él,escribiría,1,reviewed,
ES,escribir,Condicional,Condicional,nosotros,escribiríamos,1,reviewed,
ES,escribir,Condicional,Condicional,vosotros,escribiríais,1,reviewed,
ES,escribir,Condicional,Condicional,ellos,escribirían,1,reviewed,
ES,escribir,Imperativo,Imperativo,yo,-,1,reviewed,yo imperative placeholder -; no standard form
ES,escribir,Imperativo,Imperativo,tú,escribe,1,reviewed,
ES,escribir,Imperativo,Imperativo,él,escriba,1,reviewed,
ES,escribir,Imperativo,Imperativo,nosotros,escribamos,1,reviewed,
ES,escribir,Imperativo,Imperativo,vosotros,escribid,1,reviewed,
ES,escribir,Imperativo,Imperativo,ellos,escriban,1,reviewed,
ES,escribir,Indicativo,Futuro perfecto,yo,habré escrito,1,reviewed,
ES,escribir,Indicativo,Futuro perfecto,tú,habrás escrito,1,reviewed,
ES,escribir,Indicativo,Futuro perfecto,él,habrá escrito,1,reviewed,
ES,escribir,Indicativo,Futuro perfecto,nosotros,habremos escrito,1,reviewed,
ES,escribir,Indicativo,Futuro perfecto,vosotros,habréis escrito,1,reviewed,
ES,escribir,Indicativo,Futuro perfecto,ellos,habrán escrito,1,reviewed,
ES,escribir,Subjuntivo,Subjuntivo presente,yo,escriba,1,reviewed,
ES,escribir,Subjuntivo,Subjuntivo presente,tú,escribas,1,reviewed,
ES,escribir,Subjuntivo,Subjuntivo presente,él,escriba,1,reviewed,
ES,escribir,Subjuntivo,Subjuntivo presente,nosotros,escribamos,1,reviewed,
ES,escribir,Subjuntivo,Subjuntivo presente,vosotros,escribáis,1,reviewed,
ES,escribir,Subjuntivo,Subjuntivo presente,ellos,escriban,1,reviewed,
ES,escribir,Indicativo,Pretérito perfecto simple,yo,escribí,1,reviewed,
ES,escribir,Indicativo,Pretérito perfecto simple,tú,escribiste,1,reviewed,
ES,escribir,Indicativo,Pretérito perfecto simple,él,escribió,1,reviewed,
ES,escribir,Indicativo,Pretérito perfecto simple,nosotros,escribimos,1,reviewed,
ES,escribir,Indicativo,Pretérito perfecto simple,vosotros,escribisteis,1,reviewed,
ES,escribir,Indicativo,Pretérito perfecto simple,ellos,escribieron,1,reviewed,
ES,escribir,Indicativo,Pretérito pluscuamperfecto,yo,había escrito,1,reviewed,
ES,escribir,Indicativo,Pretérito pluscuamperfecto,tú,habías escrito,1,reviewed,
ES,escribir,Indicativo,Pretérito pluscuamperfecto,él,había escrito,1,reviewed,
ES,escribir,Indicativo,Pretérito pluscuamperfecto,nosotros,habíamos escrito,1,reviewed,
ES,escribir,Indicativo,Pretérito pluscuamperfecto,vosotros,habíais escrito,1,reviewed,
ES,escribir,Indicativo,Pretérito pluscuamperfecto,ellos,habían escrito,1,reviewed,
ES,conocer,Indicativo,Presente,yo,conozco,1,reviewed,
ES,conocer,Indicativo,Presente,tú,conoces,1,reviewed,
ES,conocer,Indicativo,Presente,él,conoce,1,reviewed,
ES,conocer,Indicativo,Presente,nosotros,conocemos,1,reviewed,
ES,conocer,Indicativo,Presente,vosotros,conocéis,1,reviewed,
ES,conocer,Indicativo,Presente,ellos,conocen,1,reviewed,
ES,conocer,Indicativo,Futuro,yo,conoceré,1,reviewed,
ES,conocer,Indicativo,Futuro,tú,conocerás,1,reviewed,
ES,conocer,Indicativo,Futuro,él,conocerá,1,reviewed,
ES,conocer,Indicativo,Futuro,nosotros,conoceremos,1,reviewed,
ES,conocer,Indicativo,Futuro,vosotros,conoceréis,1,reviewed,
ES,conocer,Indicativo,Futuro,ellos,conocerán,1,reviewed,
ES,conocer,Indicativo,Pretérito perfecto compuesto,yo,he conocido,1,reviewed,
ES,conocer,Indicativo,Pretérito perfecto compuesto,tú,has conocido,1,reviewed,
ES,conocer,Indicativo,Pretérito perfecto compuesto,él,ha conocido,1,reviewed,
ES,conocer,Indicativo,Pretérito perfecto compuesto,nosotros,hemos conocido,1,reviewed,
ES,conocer,Indicativo,Pretérito perfecto compuesto,vosotros,habéis conocido,1,reviewed,
ES,conocer,Indicativo,Pretérito perfecto compuesto,ellos,han conocido,1,reviewed,
ES,conocer,Indicativo,Pretérito imperfecto,yo,conocía,1,reviewed,
ES,conocer,Indicativo,Pretérito imperfecto,tú,conocías,1,reviewed,
ES,conocer,Indicativo,Pretérito imperfecto,él,conocía,1,reviewed,
ES,conocer,Indicativo,Pretérito imperfecto,nosotros,conocíamos,1,reviewed,
ES,conocer,Indicativo,Pretérito imperfecto,vosotros,conocíais,1,reviewed,
ES,conocer,Indicativo,Pretérito imperfecto,ellos,conocían,1,reviewed,
ES,conocer,Condicional,Condicional,yo,conocería,1,reviewed,
ES,conocer,Condicional,Condicional,tú,conocerías,1,reviewed,
ES,conocer,Condicional,Condicional,él,conocería,1,reviewed,
ES,conocer,Condicional,Condicional,nosotros,conoceríamos,1,reviewed,
ES,conocer,Condicional,Condicional,vosotros,conoceríais,1,reviewed,
ES,conocer,Condicional,Condicional,ellos,conocerían,1,reviewed,
ES,conocer,Imperativo,Imperativo,yo,-,1,reviewed,yo imperative placeholder -; no standard form
ES,conocer,Imperativo,Imperativo,tú,conoce,1,reviewed,
ES,conocer,Imperativo,Imperativo,él,conozca,1,reviewed,
ES,conocer,Imperativo,Imperativo,nosotros,conozcamos,1,reviewed,
ES,conocer,Imperativo,Imperativo,vosotros,conoced,1,reviewed,
ES,conocer,Imperativo,Imperativo,ellos,conozcan,1,reviewed,
ES,conocer,Indicativo,Futuro perfecto,yo,habré conocido,1,reviewed,
ES,conocer,Indicativo,Futuro perfecto,tú,habrás conocido,1,reviewed,
ES,conocer,Indicativo,Futuro perfecto,él,habrá conocido,1,reviewed,
ES,conocer,Indicativo,Futuro perfecto,nosotros,habremos conocido,1,reviewed,
ES,conocer,Indicativo,Futuro perfecto,vosotros,habréis conocido,1,reviewed,
ES,conocer,Indicativo,Futuro perfecto,ellos,habrán conocido,1,reviewed,
ES,conocer,Subjuntivo,Subjuntivo presente,yo,conozca,1,reviewed,
ES,conocer,Subjuntivo,Subjuntivo presente,tú,conozcas,1,reviewed,
ES,conocer,Subjuntivo,Subjuntivo presente,él,conozca,1,reviewed,
ES,conocer,Subjuntivo,Subjuntivo presente,nosotros,conozcamos,1,reviewed,
ES,conocer,Subjuntivo,Subjuntivo presente,vosotros,conozcáis,1,reviewed,
ES,conocer,Subjuntivo,Subjuntivo presente,ellos,conozcan,1,reviewed,
ES,conocer,Indicativo,Pretérito perfecto simple,yo,conocí,1,reviewed,
ES,conocer,Indicativo,Pretérito perfecto simple,tú,conociste,1,reviewed,
ES,conocer,Indicativo,Pretérito perfecto simple,él,conoció,1,reviewed,
ES,conocer,Indicativo,Pretérito perfecto simple,nosotros,conocimos,1,reviewed,
ES,conocer,Indicativo,Pretérito perfecto simple,vosotros,conocisteis,1,reviewed,
ES,conocer,Indicativo,Pretérito perfecto simple,ellos,conocieron,1,reviewed,
ES,conocer,Indicativo,Pretérito pluscuamperfecto,yo,había conocido,1,reviewed,
ES,conocer,Indicativo,Pretérito pluscuamperfecto,tú,habías conocido,1,reviewed,
ES,conocer,Indicativo,Pretérito pluscuamperfecto,él,había conocido,1,reviewed,
ES,conocer,Indicativo,Pretérito pluscuamperfecto,nosotros,habíamos conocido,1,reviewed,
ES,conocer,Indicativo,Pretérito pluscuamperfecto,vosotros,habíais conocido,1,reviewed,
ES,conocer,Indicativo,Pretérito pluscuamperfecto,ellos,habían conocido,1,reviewed,
ES,llegar a ser,Indicativo,Presente,yo,llego a ser,1,reviewed,
ES,llegar a ser,Indicativo,Presente,tú,llegas a ser,1,reviewed,
ES,llegar a ser,Indicativo,Presente,él,llega a ser,1,reviewed,
ES,llegar a ser,Indicativo,Presente,nosotros,llegamos a ser,1,reviewed,
ES,llegar a ser,Indicativo,Presente,vosotros,llegáis a ser,1,reviewed,
ES,llegar a ser,Indicativo,Presente,ellos,llegan a ser,1,reviewed,
ES,llegar a ser,Indicativo,Futuro,yo,llegaré a ser,1,reviewed,
ES,llegar a ser,Indicativo,Futuro,tú,llegarás a ser,1,reviewed,
ES,llegar a ser,Indicativo,Futuro,él,llegará a ser,1,reviewed,
ES,llegar a ser,Indicativo,Futuro,nosotros,llegaremos a ser,1,reviewed,
ES,llegar a ser,Indicativo,Futuro,vosotros,llegaréis a ser,1,reviewed,
ES,llegar a ser,Indicativo,Futuro,ellos,llegarán a ser,1,reviewed,
ES,llegar a ser,Indicativo,Pretérito perfecto compuesto,yo,he llegado a ser,1,reviewed,
ES,llegar a ser,Indicativo,Pretérito perfecto compuesto,tú,has llegado a ser,1,reviewed,
ES,llegar a ser,Indicativo,Pretérito perfecto compuesto,él,ha llegado a ser,1,reviewed,
ES,llegar a ser,Indicativo,Pretérito perfecto compuesto,nosotros,hemos llegado a ser,1,reviewed,
ES,llegar a ser,Indicativo,Pretérito perfecto compuesto,vosotros,habéis llegado a ser,1,reviewed,
ES,llegar a ser,Indicativo,Pretérito perfecto compuesto,ellos,han llegado a ser,1,reviewed,
ES,llegar a ser,Indicativo,Pretérito imperfecto,yo,llegaba a ser,1,reviewed,
ES,llegar a ser,Indicativo,Pretérito imperfecto,tú,llegabas a ser,1,reviewed,
ES,llegar a ser,Indicativo,Pretérito imperfecto,él,llegaba a ser,1,reviewed,
ES,llegar a ser,Indicativo,Pretérito imperfecto,nosotros,llegábamos a ser,1,reviewed,
ES,llegar a ser,Indicativo,Pretérito imperfecto,vosotros,llegabais a ser,1,reviewed,
ES,llegar a ser,Indicativo,Pretérito imperfecto,ellos,llegaban a ser,1,reviewed,
ES,llegar a ser,Condicional,Condicional,yo,llegaría a ser,1,reviewed,
ES,llegar a ser,Condicional,Condicional,tú,llegarías a ser,1,reviewed,
ES,llegar a ser,Condicional,Condicional,él,llegaría a ser,1,reviewed,
ES,llegar a ser,Condicional,Condicional,nosotros,llegaríamos a ser,1,reviewed,
ES,llegar a ser,Condicional,Condicional,vosotros,llegaríais a ser,1,reviewed,
ES,llegar a ser,Condicional,Condicional,ellos,llegarían a ser,1,reviewed,
ES,llegar a ser,Imperativo,Imperativo,yo,-,1,reviewed,yo imperative placeholder -; no standard form
ES,llegar a ser,Imperativo,Imperativo,tú,llega a ser,1,reviewed,
ES,llegar a ser,Imperativo,Imperativo,él,llegue a ser,1,reviewed,
ES,llegar a ser,Imperativo,Imperativo,nosotros,lleguemos a ser,1,reviewed,
ES,llegar a ser,Imperativo,Imperativo,vosotros,llegad a ser,1,reviewed,
ES,llegar a ser,Imperativo,Imperativo,ellos,lleguen a ser,1,reviewed,
ES,llegar a ser,Indicativo,Futuro perfecto,yo,habré llegado a ser,1,reviewed,
ES,llegar a ser,Indicativo,Futuro perfecto,tú,habrás llegado a ser,1,reviewed,
ES,llegar a ser,Indicativo,Futuro perfecto,él,habrá llegado a ser,1,reviewed,
ES,llegar a ser,Indicativo,Futuro perfecto,nosotros,habremos llegado a ser,1,reviewed,
ES,llegar a ser,Indicativo,Futuro perfecto,vosotros,habréis llegado a ser,1,reviewed,
ES,llegar a ser,Indicativo,Futuro perfecto,ellos,habrán llegado a ser,1,reviewed,
ES,llegar a ser,Subjuntivo,Subjuntivo presente,yo,llegue a ser,1,reviewed,
ES,llegar a ser,Subjuntivo,Subjuntivo presente,tú,llegues a ser,1,reviewed,
ES,llegar a ser,Subjuntivo,Subjuntivo presente,él,llegue a ser,1,reviewed,
ES,llegar a ser,Subjuntivo,Subjuntivo presente,nosotros,lleguemos a ser,1,reviewed,
ES,llegar a ser,Subjuntivo,Subjuntivo presente,vosotros,lleguéis a ser,1,reviewed,
ES,llegar a ser,Subjuntivo,Subjuntivo presente,ellos,lleguen a ser,1,reviewed,
ES,llegar a ser,Indicativo,Pretérito perfecto simple,yo,llegué a ser,1,reviewed,
ES,llegar a ser,Indicativo,Pretérito perfecto simple,tú,llegaste a ser,1,reviewed,
ES,llegar a ser,Indicativo,Pretérito perfecto simple,él,llegó a ser,1,reviewed,
ES,llegar a ser,Indicativo,Pretérito perfecto simple,nosotros,llegamos a ser,1,reviewed,
ES,llegar a ser,Indicativo,Pretérito perfecto simple,vosotros,llegasteis a ser,1,reviewed,
ES,llegar a ser,Indicativo,Pretérito perfecto simple,ellos,llegaron a ser,1,reviewed,
ES,llegar a ser,Indicativo,Pretérito pluscuamperfecto,yo,había llegado a ser,1,reviewed,
ES,llegar a ser,Indicativo,Pretérito pluscuamperfecto,tú,habías llegado a ser,1,reviewed,
ES,llegar a ser,Indicativo,Pretérito pluscuamperfecto,él,había llegado a ser,1,reviewed,
ES,llegar a ser,Indicativo,Pretérito pluscuamperfecto,nosotros,habíamos llegado a ser,1,reviewed,
ES,llegar a ser,Indicativo,Pretérito pluscuamperfecto,vosotros,habíais llegado a ser,1,reviewed,
ES,llegar a ser,Indicativo,Pretérito pluscuamperfecto,ellos,habían llegado a ser,1,reviewed,
ES,morir,Indicativo,Presente,yo,muero,1,reviewed,
ES,morir,Indicativo,Presente,tú,mueres,1,reviewed,
ES,morir,Indicativo,Presente,él,muere,1,reviewed,
ES,morir,Indicativo,Presente,nosotros,morimos,1,reviewed,
ES,morir,Indicativo,Presente,vosotros,morís,1,reviewed,
ES,morir,Indicativo,Presente,ellos,mueren,1,reviewed,
ES,morir,Indicativo,Futuro,yo,moriré,1,reviewed,
ES,morir,Indicativo,Futuro,tú,morirás,1,reviewed,
ES,morir,Indicativo,Futuro,él,morirá,1,reviewed,
ES,morir,Indicativo,Futuro,nosotros,moriremos,1,reviewed,
ES,morir,Indicativo,Futuro,vosotros,moriréis,1,reviewed,
ES,morir,Indicativo,Futuro,ellos,morirán,1,reviewed,
ES,morir,Indicativo,Pretérito perfecto compuesto,yo,he muerto,1,reviewed,
ES,morir,Indicativo,Pretérito perfecto compuesto,tú,has muerto,1,reviewed,
ES,morir,Indicativo,Pretérito perfecto compuesto,él,ha muerto,1,reviewed,
ES,morir,Indicativo,Pretérito perfecto compuesto,nosotros,hemos muerto,1,reviewed,
ES,morir,Indicativo,Pretérito perfecto compuesto,vosotros,habéis muerto,1,reviewed,
ES,morir,Indicativo,Pretérito perfecto compuesto,ellos,han muerto,1,reviewed,
ES,morir,Indicativo,Pretérito imperfecto,yo,moría,1,reviewed,
ES,morir,Indicativo,Pretérito imperfecto,tú,morías,1,reviewed,
ES,morir,Indicativo,Pretérito imperfecto,él,moría,1,reviewed,
ES,morir,Indicativo,Pretérito imperfecto,nosotros,moríamos,1,reviewed,
ES,morir,Indicativo,Pretérito imperfecto,vosotros,moríais,1,reviewed,
ES,morir,Indicativo,Pretérito imperfecto,ellos,morían,1,reviewed,
ES,morir,Condicional,Condicional,yo,moriría,1,reviewed,
ES,morir,Condicional,Condicional,tú,morirías,1,reviewed,
ES,morir,Condicional,Condicional,él,moriría,1,reviewed,
ES,morir,Condicional,Condicional,nosotros,moriríamos,1,reviewed,
ES,morir,Condicional,Condicional,vosotros,moriríais,1,reviewed,
ES,morir,Condicional,Condicional,ellos,morirían,1,reviewed,
ES,morir,Imperativo,Imperativo,yo,-,1,reviewed,yo imperative placeholder -; no standard form
ES,morir,Imperativo,Imperativo,tú,muere,1,reviewed,
ES,morir,Imperativo,Imperativo,él,muera,1,reviewed,
ES,morir,Imperativo,Imperativo,nosotros,muramos,1,reviewed,
ES,morir,Imperativo,Imperativo,vosotros,morid,1,reviewed,
ES,morir,Imperativo,Imperativo,ellos,mueran,1,reviewed,
ES,morir,Indicativo,Futuro perfecto,yo,habré muerto,1,reviewed,
ES,morir,Indicativo,Futuro perfecto,tú,habrás muerto,1,reviewed,
ES,morir,Indicativo,Futuro perfecto,él,habrá muerto,1,reviewed,
ES,morir,Indicativo,Futuro perfecto,nosotros,habremos muerto,1,reviewed,
ES,morir,Indicativo,Futuro perfecto,vosotros,habréis muerto,1,reviewed,
ES,morir,Indicativo,Futuro perfecto,ellos,habrán muerto,1,reviewed,
ES,morir,Subjuntivo,Subjuntivo presente,yo,muera,1,reviewed,
ES,morir,Subjuntivo,Subjuntivo presente,tú,mueras,1,reviewed,
ES,morir,Subjuntivo,Subjuntivo presente,él,muera,1,reviewed,
ES,morir,Subjuntivo,Subjuntivo presente,nosotros,muramos,1,reviewed,
ES,morir,Subjuntivo,Subjuntivo presente,vosotros,muráis,1,reviewed,
ES,morir,Subjuntivo,Subjuntivo presente,ellos,mueran,1,reviewed,
ES,morir,Indicativo,Pretérito perfecto simple,yo,morí,1,reviewed,
ES,morir,Indicativo,Pretérito perfecto simple,tú,moriste,1,reviewed,
ES,morir,Indicativo,Pretérito perfecto simple,él,murió,1,reviewed,
ES,morir,Indicativo,Pretérito perfecto simple,nosotros,morimos,1,reviewed,
ES,morir,Indicativo,Pretérito perfecto simple,vosotros,moristeis,1,reviewed,
ES,morir,Indicativo,Pretérito perfecto simple,ellos,murieron,1,reviewed,
ES,morir,Indicativo,Pretérito pluscuamperfecto,yo,había muerto,1,reviewed,
ES,morir,Indicativo,Pretérito pluscuamperfecto,tú,habías muerto,1,reviewed,
ES,morir,Indicativo,Pretérito pluscuamperfecto,él,había muerto,1,reviewed,
ES,morir,Indicativo,Pretérito pluscuamperfecto,nosotros,habíamos muerto,1,reviewed,
ES,morir,Indicativo,Pretérito pluscuamperfecto,vosotros,habíais muerto,1,reviewed,
ES,morir,Indicativo,Pretérito pluscuamperfecto,ellos,habían muerto,1,reviewed,
ES,fallecer,Indicativo,Presente,yo,fallezco,1,reviewed,
ES,fallecer,Indicativo,Presente,tú,falleces,1,reviewed,
ES,fallecer,Indicativo,Presente,él,fallece,1,reviewed,
ES,fallecer,Indicativo,Presente,nosotros,fallecemos,1,reviewed,
ES,fallecer,Indicativo,Presente,vosotros,fallecéis,1,reviewed,
ES,fallecer,Indicativo,Presente,ellos,fallecen,1,reviewed,
ES,fallecer,Indicativo,Futuro,yo,falleceré,1,reviewed,
ES,fallecer,Indicativo,Futuro,tú,fallecerás,1,reviewed,
ES,fallecer,Indicativo,Futuro,él,fallecerá,1,reviewed,
ES,fallecer,Indicativo,Futuro,nosotros,falleceremos,1,reviewed,
ES,fallecer,Indicativo,Futuro,vosotros,falleceréis,1,reviewed,
ES,fallecer,Indicativo,Futuro,ellos,fallecerán,1,reviewed,
ES,fallecer,Indicativo,Pretérito perfecto compuesto,yo,he fallecido,1,reviewed,
ES,fallecer,Indicativo,Pretérito perfecto compuesto,tú,has fallecido,1,reviewed,
ES,fallecer,Indicativo,Pretérito perfecto compuesto,él,ha fallecido,1,reviewed,
ES,fallecer,Indicativo,Pretérito perfecto compuesto,nosotros,hemos fallecido,1,reviewed,
ES,fallecer,Indicativo,Pretérito perfecto compuesto,vosotros,habéis fallecido,1,reviewed,
ES,fallecer,Indicativo,Pretérito perfecto compuesto,ellos,han fallecido,1,reviewed,
ES,fallecer,Indicativo,Pretérito imperfecto,yo,fallecía,1,reviewed,
ES,fallecer,Indicativo,Pretérito imperfecto,tú,fallecías,1,reviewed,
ES,fallecer,Indicativo,Pretérito imperfecto,él,fallecía,1,reviewed,
ES,fallecer,Indicativo,Pretérito imperfecto,nosotros,fallecíamos,1,reviewed,
ES,fallecer,Indicativo,Pretérito imperfecto,vosotros,fallecíais,1,reviewed,
ES,fallecer,Indicativo,Pretérito imperfecto,ellos,fallecían,1,reviewed,
ES,fallecer,Condicional,Condicional,yo,fallecería,1,reviewed,
ES,fallecer,Condicional,Condicional,tú,fallecerías,1,reviewed,
ES,fallecer,Condicional,Condicional,él,fallecería,1,reviewed,
ES,fallecer,Condicional,Condicional,nosotros,falleceríamos,1,reviewed,
ES,fallecer,Condicional,Condicional,vosotros,falleceríais,1,reviewed,
ES,fallecer,Condicional,Condicional,ellos,fallecerían,1,reviewed,
ES,fallecer,Imperativo,Imperativo,yo,-,1,reviewed,yo imperative placeholder -; no standard form
ES,fallecer,Imperativo,Imperativo,tú,fallece,1,reviewed,
ES,fallecer,Imperativo,Imperativo,él,fallezca,1,reviewed,
ES,fallecer,Imperativo,Imperativo,nosotros,fallezcamos,1,reviewed,
ES,fallecer,Imperativo,Imperativo,vosotros,falleced,1,reviewed,
ES,fallecer,Imperativo,Imperativo,ellos,fallezcan,1,reviewed,
ES,fallecer,Indicativo,Futuro perfecto,yo,habré fallecido,1,reviewed,
ES,fallecer,Indicativo,Futuro perfecto,tú,habrás fallecido,1,reviewed,
ES,fallecer,Indicativo,Futuro perfecto,él,habrá fallecido,1,reviewed,
ES,fallecer,Indicativo,Futuro perfecto,nosotros,habremos fallecido,1,reviewed,
ES,fallecer,Indicativo,Futuro perfecto,vosotros,habréis fallecido,1,reviewed,
ES,fallecer,Indicativo,Futuro perfecto,ellos,habrán fallecido,1,reviewed,
ES,fallecer,Subjuntivo,Subjuntivo presente,yo,fallezca,1,reviewed,
ES,fallecer,Subjuntivo,Subjuntivo presente,tú,fallezcas,1,reviewed,
ES,fallecer,Subjuntivo,Subjuntivo presente,él,fallezca,1,reviewed,
ES,fallecer,Subjuntivo,Subjuntivo presente,nosotros,fallezcamos,1,reviewed,
ES,fallecer,Subjuntivo,Subjuntivo presente,vosotros,fallezcáis,1,reviewed,
ES,fallecer,Subjuntivo,Subjuntivo presente,ellos,fallezcan,1,reviewed,
ES,fallecer,Indicativo,Pretérito perfecto simple,yo,fallecí,1,reviewed,
ES,fallecer,Indicativo,Pretérito perfecto simple,tú,falleciste,1,reviewed,
ES,fallecer,Indicativo,Pretérito perfecto simple,él,falleció,1,reviewed,
ES,fallecer,Indicativo,Pretérito perfecto simple,nosotros,fallecimos,1,reviewed,
ES,fallecer,Indicativo,Pretérito perfecto simple,vosotros,fallecisteis,1,reviewed,
ES,fallecer,Indicativo,Pretérito perfecto simple,ellos,fallecieron,1,reviewed,
ES,fallecer,Indicativo,Pretérito pluscuamperfecto,yo,había fallecido,1,reviewed,
ES,fallecer,Indicativo,Pretérito pluscuamperfecto,tú,habías fallecido,1,reviewed,
ES,fallecer,Indicativo,Pretérito pluscuamperfecto,él,había fallecido,1,reviewed,
ES,fallecer,Indicativo,Pretérito pluscuamperfecto,nosotros,habíamos fallecido,1,reviewed,
ES,fallecer,Indicativo,Pretérito pluscuamperfecto,vosotros,habíais fallecido,1,reviewed,
ES,fallecer,Indicativo,Pretérito pluscuamperfecto,ellos,habían fallecido,1,reviewed,
ES,permanecer,Indicativo,Presente,yo,permanezco,1,reviewed,
ES,permanecer,Indicativo,Presente,tú,permaneces,1,reviewed,
ES,permanecer,Indicativo,Presente,él,permanece,1,reviewed,
ES,permanecer,Indicativo,Presente,nosotros,permanecemos,1,reviewed,
ES,permanecer,Indicativo,Presente,vosotros,permanecéis,1,reviewed,
ES,permanecer,Indicativo,Presente,ellos,permanecen,1,reviewed,
ES,permanecer,Indicativo,Futuro,yo,permaneceré,1,reviewed,
ES,permanecer,Indicativo,Futuro,tú,permanecerás,1,reviewed,
ES,permanecer,Indicativo,Futuro,él,permanecerá,1,reviewed,
ES,permanecer,Indicativo,Futuro,nosotros,permaneceremos,1,reviewed,
ES,permanecer,Indicativo,Futuro,vosotros,permaneceréis,1,reviewed,
ES,permanecer,Indicativo,Futuro,ellos,permanecerán,1,reviewed,
ES,permanecer,Indicativo,Pretérito perfecto compuesto,yo,he permanecido,1,reviewed,
ES,permanecer,Indicativo,Pretérito perfecto compuesto,tú,has permanecido,1,reviewed,
ES,permanecer,Indicativo,Pretérito perfecto compuesto,él,ha permanecido,1,reviewed,
ES,permanecer,Indicativo,Pretérito perfecto compuesto,nosotros,hemos permanecido,1,reviewed,
ES,permanecer,Indicativo,Pretérito perfecto compuesto,vosotros,habéis permanecido,1,reviewed,
ES,permanecer,Indicativo,Pretérito perfecto compuesto,ellos,han permanecido,1,reviewed,
ES,permanecer,Indicativo,Pretérito imperfecto,yo,permanecía,1,reviewed,
ES,permanecer,Indicativo,Pretérito imperfecto,tú,permanecías,1,reviewed,
ES,permanecer,Indicativo,Pretérito imperfecto,él,permanecía,1,reviewed,
ES,permanecer,Indicativo,Pretérito imperfecto,nosotros,permanecíamos,1,reviewed,
ES,permanecer,Indicativo,Pretérito imperfecto,vosotros,permanecíais,1,reviewed,
ES,permanecer,Indicativo,Pretérito imperfecto,ellos,permanecían,1,reviewed,
ES,permanecer,Condicional,Condicional,yo,permanecería,1,reviewed,
ES,permanecer,Condicional,Condicional,tú,permanecerías,1,reviewed,
ES,permanecer,Condicional,Condicional,él,permanecería,1,reviewed,
ES,permanecer,Condicional,Condicional,nosotros,permaneceríamos,1,reviewed,
ES,permanecer,Condicional,Condicional,vosotros,permaneceríais,1,reviewed,
ES,permanecer,Condicional,Condicional,ellos,permanecerían,1,reviewed,
ES,permanecer,Imperativo,Imperativo,yo,-,1,reviewed,yo imperative placeholder -; no standard form
ES,permanecer,Imperativo,Imperativo,tú,permanece,1,reviewed,
ES,permanecer,Imperativo,Imperativo,él,permanezca,1,reviewed,
ES,permanecer,Imperativo,Imperativo,nosotros,permanezcamos,1,reviewed,
ES,permanecer,Imperativo,Imperativo,vosotros,permaneced,1,reviewed,
ES,permanecer,Imperativo,Imperativo,ellos,permanezcan,1,reviewed,
ES,permanecer,Indicativo,Futuro perfecto,yo,habré permanecido,1,reviewed,
ES,permanecer,Indicativo,Futuro perfecto,tú,habrás permanecido,1,reviewed,
ES,permanecer,Indicativo,Futuro perfecto,él,habrá permanecido,1,reviewed,
ES,permanecer,Indicativo,Futuro perfecto,nosotros,habremos permanecido,1,reviewed,
ES,permanecer,Indicativo,Futuro perfecto,vosotros,habréis permanecido,1,reviewed,
ES,permanecer,Indicativo,Futuro perfecto,ellos,habrán permanecido,1,reviewed,
ES,permanecer,Subjuntivo,Subjuntivo presente,yo,permanezca,1,reviewed,
ES,permanecer,Subjuntivo,Subjuntivo presente,tú,permanezcas,1,reviewed,
ES,permanecer,Subjuntivo,Subjuntivo presente,él,permanezca,1,reviewed,
ES,permanecer,Subjuntivo,Subjuntivo presente,nosotros,permanezcamos,1,reviewed,
ES,permanecer,Subjuntivo,Subjuntivo presente,vosotros,permanezcáis,1,reviewed,
ES,permanecer,Subjuntivo,Subjuntivo presente,ellos,permanezcan,1,reviewed,
ES,permanecer,Indicativo,Pretérito perfecto simple,yo,permanecí,1,reviewed,
ES,permanecer,Indicativo,Pretérito perfecto simple,tú,permaneciste,1,reviewed,
ES,permanecer,Indicativo,Pretérito perfecto simple,él,permaneció,1,reviewed,
ES,permanecer,Indicativo,Pretérito perfecto simple,nosotros,permanecimos,1,reviewed,
ES,permanecer,Indicativo,Pretérito perfecto simple,vosotros,permanecisteis,1,reviewed,
ES,permanecer,Indicativo,Pretérito perfecto simple,ellos,permanecieron,1,reviewed,
ES,permanecer,Indicativo,Pretérito pluscuamperfecto,yo,había permanecido,1,reviewed,
ES,permanecer,Indicativo,Pretérito pluscuamperfecto,tú,habías permanecido,1,reviewed,
ES,permanecer,Indicativo,Pretérito pluscuamperfecto,él,había permanecido,1,reviewed,
ES,permanecer,Indicativo,Pretérito pluscuamperfecto,nosotros,habíamos permanecido,1,reviewed,
ES,permanecer,Indicativo,Pretérito pluscuamperfecto,vosotros,habíais permanecido,1,reviewed,
ES,permanecer,Indicativo,Pretérito pluscuamperfecto,ellos,habían permanecido,1,reviewed,
ES,quedarse,Indicativo,Presente,yo,me quedo,1,reviewed,
ES,quedarse,Indicativo,Presente,tú,te quedas,1,reviewed,
ES,quedarse,Indicativo,Presente,él,se queda,1,reviewed,
ES,quedarse,Indicativo,Presente,nosotros,nos quedamos,1,reviewed,
ES,quedarse,Indicativo,Presente,vosotros,os quedáis,1,reviewed,
ES,quedarse,Indicativo,Presente,ellos,se quedan,1,reviewed,
ES,quedarse,Indicativo,Futuro,yo,me quedaré,1,reviewed,
ES,quedarse,Indicativo,Futuro,tú,te quedarás,1,reviewed,
ES,quedarse,Indicativo,Futuro,él,se quedará,1,reviewed,
ES,quedarse,Indicativo,Futuro,nosotros,nos quedaremos,1,reviewed,
ES,quedarse,Indicativo,Futuro,vosotros,os quedaréis,1,reviewed,
ES,quedarse,Indicativo,Futuro,ellos,se quedarán,1,reviewed,
ES,quedarse,Indicativo,Pretérito perfecto compuesto,yo,me he quedado,1,reviewed,
ES,quedarse,Indicativo,Pretérito perfecto compuesto,tú,te has quedado,1,reviewed,
ES,quedarse,Indicativo,Pretérito perfecto compuesto,él,se ha quedado,1,reviewed,
ES,quedarse,Indicativo,Pretérito perfecto compuesto,nosotros,nos hemos quedado,1,reviewed,
ES,quedarse,Indicativo,Pretérito perfecto compuesto,vosotros,os habéis quedado,1,reviewed,
ES,quedarse,Indicativo,Pretérito perfecto compuesto,ellos,se han quedado,1,reviewed,
ES,quedarse,Indicativo,Pretérito imperfecto,yo,me quedaba,1,reviewed,
ES,quedarse,Indicativo,Pretérito imperfecto,tú,te quedabas,1,reviewed,
ES,quedarse,Indicativo,Pretérito imperfecto,él,se quedaba,1,reviewed,
ES,quedarse,Indicativo,Pretérito imperfecto,nosotros,nos quedábamos,1,reviewed,
ES,quedarse,Indicativo,Pretérito imperfecto,vosotros,os quedabais,1,reviewed,
ES,quedarse,Indicativo,Pretérito imperfecto,ellos,se quedaban,1,reviewed,
ES,quedarse,Condicional,Condicional,yo,me quedaría,1,reviewed,
ES,quedarse,Condicional,Condicional,tú,te quedarías,1,reviewed,
ES,quedarse,Condicional,Condicional,él,se quedaría,1,reviewed,
ES,quedarse,Condicional,Condicional,nosotros,nos quedaríamos,1,reviewed,
ES,quedarse,Condicional,Condicional,vosotros,os quedaríais,1,reviewed,
ES,quedarse,Condicional,Condicional,ellos,se quedarían,1,reviewed,
ES,quedarse,Imperativo,Imperativo,yo,-,1,reviewed,yo imperative placeholder -; no standard form
ES,quedarse,Imperativo,Imperativo,tú,quédate,1,reviewed,
ES,quedarse,Imperativo,Imperativo,él,quédese,1,reviewed,
ES,quedarse,Imperativo,Imperativo,nosotros,quedémonos,1,reviewed,
ES,quedarse,Imperativo,Imperativo,vosotros,quedaos,1,reviewed,
ES,quedarse,Imperativo,Imperativo,ellos,quédense,1,reviewed,
ES,quedarse,Indicativo,Futuro perfecto,yo,me habré quedado,1,reviewed,
ES,quedarse,Indicativo,Futuro perfecto,tú,te habrás quedado,1,reviewed,
ES,quedarse,Indicativo,Futuro perfecto,él,se habrá quedado,1,reviewed,
ES,quedarse,Indicativo,Futuro perfecto,nosotros,nos habremos quedado,1,reviewed,
ES,quedarse,Indicativo,Futuro perfecto,vosotros,os habréis quedado,1,reviewed,
ES,quedarse,Indicativo,Futuro perfecto,ellos,se habrán quedado,1,reviewed,
ES,quedarse,Subjuntivo,Subjuntivo presente,yo,me quede,1,reviewed,
ES,quedarse,Subjuntivo,Subjuntivo presente,tú,te quedes,1,reviewed,
ES,quedarse,Subjuntivo,Subjuntivo presente,él,se quede,1,reviewed,
ES,quedarse,Subjuntivo,Subjuntivo presente,nosotros,nos quedemos,1,reviewed,
ES,quedarse,Subjuntivo,Subjuntivo presente,vosotros,os quedéis,1,reviewed,
ES,quedarse,Subjuntivo,Subjuntivo presente,ellos,se queden,1,reviewed,
ES,quedarse,Indicativo,Pretérito perfecto simple,yo,me quedé,1,reviewed,
ES,quedarse,Indicativo,Pretérito perfecto simple,tú,te quedaste,1,reviewed,
ES,quedarse,Indicativo,Pretérito perfecto simple,él,se quedó,1,reviewed,
ES,quedarse,Indicativo,Pretérito perfecto simple,nosotros,nos quedamos,1,reviewed,
ES,quedarse,Indicativo,Pretérito perfecto simple,vosotros,os quedasteis,1,reviewed,
ES,quedarse,Indicativo,Pretérito perfecto simple,ellos,se quedaron,1,reviewed,
ES,quedarse,Indicativo,Pretérito pluscuamperfecto,yo,me había quedado,1,reviewed,
ES,quedarse,Indicativo,Pretérito pluscuamperfecto,tú,te habías quedado,1,reviewed,
ES,quedarse,Indicativo,Pretérito pluscuamperfecto,él,se había quedado,1,reviewed,
ES,quedarse,Indicativo,Pretérito pluscuamperfecto,nosotros,nos habíamos quedado,1,reviewed,
ES,quedarse,Indicativo,Pretérito pluscuamperfecto,vosotros,os habíais quedado,1,reviewed,
ES,quedarse,Indicativo,Pretérito pluscuamperfecto,ellos,se habían quedado,1,reviewed,
ES,reencontrar,Indicativo,Presente,yo,reencuentro,1,reviewed,
ES,reencontrar,Indicativo,Presente,tú,reencuentras,1,reviewed,
ES,reencontrar,Indicativo,Presente,él,reencuentra,1,reviewed,
ES,reencontrar,Indicativo,Presente,nosotros,reencontramos,1,reviewed,
ES,reencontrar,Indicativo,Presente,vosotros,reencontráis,1,reviewed,
ES,reencontrar,Indicativo,Presente,ellos,reencuentran,1,reviewed,
ES,reencontrar,Indicativo,Futuro,yo,reencontraré,1,reviewed,
ES,reencontrar,Indicativo,Futuro,tú,reencontrarás,1,reviewed,
ES,reencontrar,Indicativo,Futuro,él,reencontrará,1,reviewed,
ES,reencontrar,Indicativo,Futuro,nosotros,reencontraremos,1,reviewed,
ES,reencontrar,Indicativo,Futuro,vosotros,reencontraréis,1,reviewed,
ES,reencontrar,Indicativo,Futuro,ellos,reencontrarán,1,reviewed,
ES,reencontrar,Indicativo,Pretérito perfecto compuesto,yo,he reencontrado,1,reviewed,
ES,reencontrar,Indicativo,Pretérito perfecto compuesto,tú,has reencontrado,1,reviewed,
ES,reencontrar,Indicativo,Pretérito perfecto compuesto,él,ha reencontrado,1,reviewed,
ES,reencontrar,Indicativo,Pretérito perfecto compuesto,nosotros,hemos reencontrado,1,reviewed,
ES,reencontrar,Indicativo,Pretérito perfecto compuesto,vosotros,habéis reencontrado,1,reviewed,
ES,reencontrar,Indicativo,Pretérito perfecto compuesto,ellos,han reencontrado,1,reviewed,
ES,reencontrar,Indicativo,Pretérito imperfecto,yo,reencontraba,1,reviewed,
ES,reencontrar,Indicativo,Pretérito imperfecto,tú,reencontrabas,1,reviewed,
ES,reencontrar,Indicativo,Pretérito imperfecto,él,reencontraba,1,reviewed,
ES,reencontrar,Indicativo,Pretérito imperfecto,nosotros,reencontrábamos,1,reviewed,
ES,reencontrar,Indicativo,Pretérito imperfecto,vosotros,reencontrabais,1,reviewed,
ES,reencontrar,Indicativo,Pretérito imperfecto,ellos,reencontraban,1,reviewed,
ES,reencontrar,Condicional,Condicional,yo,reencontraría,1,reviewed,
ES,reencontrar,Condicional,Condicional,tú,reencontrarías,1,reviewed,
ES,reencontrar,Condicional,Condicional,él,reencontraría,1,reviewed,
ES,reencontrar,Condicional,Condicional,nosotros,reencontraríamos,1,reviewed,
ES,reencontrar,Condicional,Condicional,vosotros,reencontraríais,1,reviewed,
ES,reencontrar,Condicional,Condicional,ellos,reencontrarían,1,reviewed,
ES,reencontrar,Imperativo,Imperativo,yo,-,1,reviewed,yo imperative placeholder -; no standard form
ES,reencontrar,Imperativo,Imperativo,tú,reencuentra,1,reviewed,
ES,reencontrar,Imperativo,Imperativo,él,reencuentre,1,reviewed,
ES,reencontrar,Imperativo,Imperativo,nosotros,reencontremos,1,reviewed,
ES,reencontrar,Imperativo,Imperativo,vosotros,reencontrad,1,reviewed,
ES,reencontrar,Imperativo,Imperativo,ellos,reencuentren,1,reviewed,
ES,reencontrar,Indicativo,Futuro perfecto,yo,habré reencontrado,1,reviewed,
ES,reencontrar,Indicativo,Futuro perfecto,tú,habrás reencontrado,1,reviewed,
ES,reencontrar,Indicativo,Futuro perfecto,él,habrá reencontrado,1,reviewed,
ES,reencontrar,Indicativo,Futuro perfecto,nosotros,habremos reencontrado,1,reviewed,
ES,reencontrar,Indicativo,Futuro perfecto,vosotros,habréis reencontrado,1,reviewed,
ES,reencontrar,Indicativo,Futuro perfecto,ellos,habrán reencontrado,1,reviewed,
ES,reencontrar,Subjuntivo,Subjuntivo presente,yo,reencuentre,1,reviewed,
ES,reencontrar,Subjuntivo,Subjuntivo presente,tú,reencuentres,1,reviewed,
ES,reencontrar,Subjuntivo,Subjuntivo presente,él,reencuentre,1,reviewed,
ES,reencontrar,Subjuntivo,Subjuntivo presente,nosotros,reencontremos,1,reviewed,
ES,reencontrar,Subjuntivo,Subjuntivo presente,vosotros,reencontréis,1,reviewed,
ES,reencontrar,Subjuntivo,Subjuntivo presente,ellos,reencuentren,1,reviewed,
ES,reencontrar,Indicativo,Pretérito perfecto simple,yo,reencontré,1,reviewed,
ES,reencontrar,Indicativo,Pretérito perfecto simple,tú,reencontraste,1,reviewed,
ES,reencontrar,Indicativo,Pretérito perfecto simple,él,reencontró,1,reviewed,
ES,reencontrar,Indicativo,Pretérito perfecto simple,nosotros,reencontramos,1,reviewed,
ES,reencontrar,Indicativo,Pretérito perfecto simple,vosotros,reencontrasteis,1,reviewed,
ES,reencontrar,Indicativo,Pretérito perfecto simple,ellos,reencontraron,1,reviewed,
ES,reencontrar,Indicativo,Pretérito pluscuamperfecto,yo,había reencontrado,1,reviewed,
ES,reencontrar,Indicativo,Pretérito pluscuamperfecto,tú,habías reencontrado,1,reviewed,
ES,reencontrar,Indicativo,Pretérito pluscuamperfecto,él,había reencontrado,1,reviewed,
ES,reencontrar,Indicativo,Pretérito pluscuamperfecto,nosotros,habíamos reencontrado,1,reviewed,
ES,reencontrar,Indicativo,Pretérito pluscuamperfecto,vosotros,habíais reencontrado,1,reviewed,
ES,reencontrar,Indicativo,Pretérito pluscuamperfecto,ellos,habían reencontrado,1,reviewed,
ES,convertirse,Indicativo,Presente,yo,me convierto,1,reviewed,
ES,convertirse,Indicativo,Presente,tú,te conviertes,1,reviewed,
ES,convertirse,Indicativo,Presente,él,se convierte,1,reviewed,
ES,convertirse,Indicativo,Presente,nosotros,nos convertimos,1,reviewed,
ES,convertirse,Indicativo,Presente,vosotros,os convertís,1,reviewed,
ES,convertirse,Indicativo,Presente,ellos,se convierten,1,reviewed,
ES,convertirse,Indicativo,Futuro,yo,me convertiré,1,reviewed,
ES,convertirse,Indicativo,Futuro,tú,te convertirás,1,reviewed,
ES,convertirse,Indicativo,Futuro,él,se convertirá,1,reviewed,
ES,convertirse,Indicativo,Futuro,nosotros,nos convertiremos,1,reviewed,
ES,convertirse,Indicativo,Futuro,vosotros,os convertiréis,1,reviewed,
ES,convertirse,Indicativo,Futuro,ellos,se convertirán,1,reviewed,
ES,convertirse,Indicativo,Pretérito perfecto compuesto,yo,me he convertido,1,reviewed,
ES,convertirse,Indicativo,Pretérito perfecto compuesto,tú,te has convertido,1,reviewed,
ES,convertirse,Indicativo,Pretérito perfecto compuesto,él,se ha convertido,1,reviewed,
ES,convertirse,Indicativo,Pretérito perfecto compuesto,nosotros,nos hemos convertido,1,reviewed,
ES,convertirse,Indicativo,Pretérito perfecto compuesto,vosotros,os habéis convertido,1,reviewed,
ES,convertirse,Indicativo,Pretérito perfecto compuesto,ellos,se han convertido,1,reviewed,
ES,convertirse,Indicativo,Pretérito imperfecto,yo,me convertía,1,reviewed,
ES,convertirse,Indicativo,Pretérito imperfecto,tú,te convertías,1,reviewed,
ES,convertirse,Indicativo,Pretérito imperfecto,él,se convertía,1,reviewed,
ES,convertirse,Indicativo,Pretérito imperfecto,nosotros,nos convertíamos,1,reviewed,
ES,convertirse,Indicativo,Pretérito imperfecto,vosotros,os convertíais,1,reviewed,
ES,convertirse,Indicativo,Pretérito imperfecto,ellos,se convertían,1,reviewed,
ES,convertirse,Condicional,Condicional,yo,me convertiría,1,reviewed,
ES,convertirse,Condicional,Condicional,tú,te convertirías,1,reviewed,
ES,convertirse,Condicional,Condicional,él,se convertiría,1,reviewed,
ES,convertirse,Condicional,Condicional,nosotros,nos convertiríamos,1,reviewed,
ES,convertirse,Condicional,Condicional,vosotros,os convertiríais,1,reviewed,
ES,convertirse,Condicional,Condicional,ellos,se convertirían,1,reviewed,
ES,convertirse,Imperativo,Imperativo,yo,-,1,reviewed,yo imperative placeholder -; no standard form
ES,convertirse,Imperativo,Imperativo,tú,conviértete,1,reviewed,
ES,convertirse,Imperativo,Imperativo,él,conviértase,1,reviewed,
ES,convertirse,Imperativo,Imperativo,nosotros,convirtámonos,1,reviewed,
ES,convertirse,Imperativo,Imperativo,vosotros,convertíos,1,reviewed,
ES,convertirse,Imperativo,Imperativo,ellos,conviértanse,1,reviewed,
ES,convertirse,Indicativo,Futuro perfecto,yo,me habré convertido,1,reviewed,
ES,convertirse,Indicativo,Futuro perfecto,tú,te habrás convertido,1,reviewed,
ES,convertirse,Indicativo,Futuro perfecto,él,se habrá convertido,1,reviewed,
ES,convertirse,Indicativo,Futuro perfecto,nosotros,nos habremos convertido,1,reviewed,
ES,convertirse,Indicativo,Futuro perfecto,vosotros,os habréis convertido,1,reviewed,
ES,convertirse,Indicativo,Futuro perfecto,ellos,se habrán convertido,1,reviewed,
ES,convertirse,Subjuntivo,Subjuntivo presente,yo,me convierta,1,reviewed,
ES,convertirse,Subjuntivo,Subjuntivo presente,tú,te conviertas,1,reviewed,
ES,convertirse,Subjuntivo,Subjuntivo presente,él,se convierta,1,reviewed,
ES,convertirse,Subjuntivo,Subjuntivo presente,nosotros,nos convirtamos,1,reviewed,
ES,convertirse,Subjuntivo,Subjuntivo presente,vosotros,os convirtáis,1,reviewed,
ES,convertirse,Subjuntivo,Subjuntivo presente,ellos,se conviertan,1,reviewed,
ES,convertirse,Indicativo,Pretérito perfecto simple,yo,me convertí,1,reviewed,
ES,convertirse,Indicativo,Pretérito perfecto simple,tú,te convertiste,1,reviewed,
ES,convertirse,Indicativo,Pretérito perfecto simple,él,se convirtió,1,reviewed,
ES,convertirse,Indicativo,Pretérito perfecto simple,nosotros,nos convertimos,1,reviewed,
ES,convertirse,Indicativo,Pretérito perfecto simple,vosotros,os convertisteis,1,reviewed,
ES,convertirse,Indicativo,Pretérito perfecto simple,ellos,se convirtieron,1,reviewed,
ES,convertirse,Indicativo,Pretérito pluscuamperfecto,yo,me había convertido,1,reviewed,
ES,convertirse,Indicativo,Pretérito pluscuamperfecto,tú,te habías convertido,1,reviewed,
ES,convertirse,Indicativo,Pretérito pluscuamperfecto,él,se había convertido,1,reviewed,
ES,convertirse,Indicativo,Pretérito pluscuamperfecto,nosotros,nos habíamos convertido,1,reviewed,
ES,convertirse,Indicativo,Pretérito pluscuamperfecto,vosotros,os habíais convertido,1,reviewed,
ES,convertirse,Indicativo,Pretérito pluscuamperfecto,ellos,se habían convertido,1,reviewed,
ES,entrar,Indicativo,Presente,yo,entro,1,reviewed,
ES,entrar,Indicativo,Presente,tú,entras,1,reviewed,
ES,entrar,Indicativo,Presente,él,entra,1,reviewed,
ES,entrar,Indicativo,Presente,nosotros,entramos,1,reviewed,
ES,entrar,Indicativo,Presente,vosotros,entráis,1,reviewed,
ES,entrar,Indicativo,Presente,ellos,entran,1,reviewed,
ES,entrar,Indicativo,Futuro,yo,entraré,1,reviewed,
ES,entrar,Indicativo,Futuro,tú,entrarás,1,reviewed,
ES,entrar,Indicativo,Futuro,él,entrará,1,reviewed,
ES,entrar,Indicativo,Futuro,nosotros,entraremos,1,reviewed,
ES,entrar,Indicativo,Futuro,vosotros,entraréis,1,reviewed,
ES,entrar,Indicativo,Futuro,ellos,entrarán,1,reviewed,
ES,entrar,Indicativo,Pretérito perfecto compuesto,yo,he entrado,1,reviewed,
ES,entrar,Indicativo,Pretérito perfecto compuesto,tú,has entrado,1,reviewed,
ES,entrar,Indicativo,Pretérito perfecto compuesto,él,ha entrado,1,reviewed,
ES,entrar,Indicativo,Pretérito perfecto compuesto,nosotros,hemos entrado,1,reviewed,
ES,entrar,Indicativo,Pretérito perfecto compuesto,vosotros,habéis entrado,1,reviewed,
ES,entrar,Indicativo,Pretérito perfecto compuesto,ellos,han entrado,1,reviewed,
ES,entrar,Indicativo,Pretérito imperfecto,yo,entraba,1,reviewed,
ES,entrar,Indicativo,Pretérito imperfecto,tú,entrabas,1,reviewed,
ES,entrar,Indicativo,Pretérito imperfecto,él,entraba,1,reviewed,
ES,entrar,Indicativo,Pretérito imperfecto,nosotros,entrábamos,1,reviewed,
ES,entrar,Indicativo,Pretérito imperfecto,vosotros,entrabais,1,reviewed,
ES,entrar,Indicativo,Pretérito imperfecto,ellos,entraban,1,reviewed,
ES,entrar,Condicional,Condicional,yo,entraría,1,reviewed,
ES,entrar,Condicional,Condicional,tú,entrarías,1,reviewed,
ES,entrar,Condicional,Condicional,él,entraría,1,reviewed,
ES,entrar,Condicional,Condicional,nosotros,entraríamos,1,reviewed,
ES,entrar,Condicional,Condicional,vosotros,entraríais,1,reviewed,
ES,entrar,Condicional,Condicional,ellos,entrarían,1,reviewed,
ES,entrar,Imperativo,Imperativo,yo,-,1,reviewed,yo imperative placeholder -; no standard form
ES,entrar,Imperativo,Imperativo,tú,entra,1,reviewed,
ES,entrar,Imperativo,Imperativo,él,entre,1,reviewed,
ES,entrar,Imperativo,Imperativo,nosotros,entremos,1,reviewed,
ES,entrar,Imperativo,Imperativo,vosotros,entrad,1,reviewed,
ES,entrar,Imperativo,Imperativo,ellos,entren,1,reviewed,
ES,entrar,Indicativo,Futuro perfecto,yo,habré entrado,1,reviewed,
ES,entrar,Indicativo,Futuro perfecto,tú,habrás entrado,1,reviewed,
ES,entrar,Indicativo,Futuro perfecto,él,habrá entrado,1,reviewed,
ES,entrar,Indicativo,Futuro perfecto,nosotros,habremos entrado,1,reviewed,
ES,entrar,Indicativo,Futuro perfecto,vosotros,habréis entrado,1,reviewed,
ES,entrar,Indicativo,Futuro perfecto,ellos,habrán entrado,1,reviewed,
ES,entrar,Subjuntivo,Subjuntivo presente,yo,entre,1,reviewed,
ES,entrar,Subjuntivo,Subjuntivo presente,tú,entres,1,reviewed,
ES,entrar,Subjuntivo,Subjuntivo presente,él,entre,1,reviewed,
ES,entrar,Subjuntivo,Subjuntivo presente,nosotros,entremos,1,reviewed,
ES,entrar,Subjuntivo,Subjuntivo presente,vosotros,entréis,1,reviewed,
ES,entrar,Subjuntivo,Subjuntivo presente,ellos,entren,1,reviewed,
ES,entrar,Indicativo,Pretérito perfecto simple,yo,entré,1,reviewed,
ES,entrar,Indicativo,Pretérito perfecto simple,tú,entraste,1,reviewed,
ES,entrar,Indicativo,Pretérito perfecto simple,él,entró,1,reviewed,
ES,entrar,Indicativo,Pretérito perfecto simple,nosotros,entramos,1,reviewed,
ES,entrar,Indicativo,Pretérito perfecto simple,vosotros,entrasteis,1,reviewed,
ES,entrar,Indicativo,Pretérito perfecto simple,ellos,entraron,1,reviewed,
ES,entrar,Indicativo,Pretérito pluscuamperfecto,yo,había entrado,1,reviewed,
ES,entrar,Indicativo,Pretérito pluscuamperfecto,tú,habías entrado,1,reviewed,
ES,entrar,Indicativo,Pretérito pluscuamperfecto,él,había entrado,1,reviewed,
ES,entrar,Indicativo,Pretérito pluscuamperfecto,nosotros,habíamos entrado,1,reviewed,
ES,entrar,Indicativo,Pretérito pluscuamperfecto,vosotros,habíais entrado,1,reviewed,
ES,entrar,Indicativo,Pretérito pluscuamperfecto,ellos,habían entrado,1,reviewed,
ES,comer,Indicativo,Presente,yo,como,1,reviewed,
ES,comer,Indicativo,Presente,tú,comes,1,reviewed,
ES,comer,Indicativo,Presente,él,come,1,reviewed,
ES,comer,Indicativo,Presente,nosotros,comemos,1,reviewed,
ES,comer,Indicativo,Presente,vosotros,coméis,1,reviewed,
ES,comer,Indicativo,Presente,ellos,comen,1,reviewed,
ES,comer,Indicativo,Futuro,yo,comeré,1,reviewed,
ES,comer,Indicativo,Futuro,tú,comerás,1,reviewed,
ES,comer,Indicativo,Futuro,él,comerá,1,reviewed,
ES,comer,Indicativo,Futuro,nosotros,comeremos,1,reviewed,
ES,comer,Indicativo,Futuro,vosotros,comeréis,1,reviewed,
ES,comer,Indicativo,Futuro,ellos,comerán,1,reviewed,
ES,comer,Indicativo,Pretérito perfecto compuesto,yo,he comido,1,reviewed,
ES,comer,Indicativo,Pretérito perfecto compuesto,tú,has comido,1,reviewed,
ES,comer,Indicativo,Pretérito perfecto compuesto,él,ha comido,1,reviewed,
ES,comer,Indicativo,Pretérito perfecto compuesto,nosotros,hemos comido,1,reviewed,
ES,comer,Indicativo,Pretérito perfecto compuesto,vosotros,habéis comido,1,reviewed,
ES,comer,Indicativo,Pretérito perfecto compuesto,ellos,han comido,1,reviewed,
ES,comer,Indicativo,Pretérito imperfecto,yo,comía,1,reviewed,
ES,comer,Indicativo,Pretérito imperfecto,tú,comías,1,reviewed,
ES,comer,Indicativo,Pretérito imperfecto,él,comía,1,reviewed,
ES,comer,Indicativo,Pretérito imperfecto,nosotros,comíamos,1,reviewed,
ES,comer,Indicativo,Pretérito imperfecto,vosotros,comíais,1,reviewed,
ES,comer,Indicativo,Pretérito imperfecto,ellos,comían,1,reviewed,
ES,comer,Condicional,Condicional,yo,comería,1,reviewed,
ES,comer,Condicional,Condicional,tú,comerías,1,reviewed,
ES,comer,Condicional,Condicional,él,comería,1,reviewed,
ES,comer,Condicional,Condicional,nosotros,comeríamos,1,reviewed,
ES,comer,Condicional,Condicional,vosotros,comeríais,1,reviewed,
ES,comer,Condicional,Condicional,ellos,comerían,1,reviewed,
ES,comer,Imperativo,Imperativo,yo,-,1,reviewed,yo imperative placeholder -; no standard form
ES,comer,Imperativo,Imperativo,tú,come,1,reviewed,
ES,comer,Imperativo,Imperativo,él,coma,1,reviewed,
ES,comer,Imperativo,Imperativo,nosotros,comamos,1,reviewed,
ES,comer,Imperativo,Imperativo,vosotros,comed,1,reviewed,
ES,comer,Imperativo,Imperativo,ellos,coman,1,reviewed,
ES,comer,Indicativo,Futuro perfecto,yo,habré comido,1,reviewed,
ES,comer,Indicativo,Futuro perfecto,tú,habrás comido,1,reviewed,
ES,comer,Indicativo,Futuro perfecto,él,habrá comido,1,reviewed,
ES,comer,Indicativo,Futuro perfecto,nosotros,habremos comido,1,reviewed,
ES,comer,Indicativo,Futuro perfecto,vosotros,habréis comido,1,reviewed,
ES,comer,Indicativo,Futuro perfecto,ellos,habrán comido,1,reviewed,
ES,comer,Subjuntivo,Subjuntivo presente,yo,coma,1,reviewed,
ES,comer,Subjuntivo,Subjuntivo presente,tú,comas,1,reviewed,
ES,comer,Subjuntivo,Subjuntivo presente,él,coma,1,reviewed,
ES,comer,Subjuntivo,Subjuntivo presente,nosotros,comamos,1,reviewed,
ES,comer,Subjuntivo,Subjuntivo presente,vosotros,comáis,1,reviewed,
ES,comer,Subjuntivo,Subjuntivo presente,ellos,coman,1,reviewed,
ES,comer,Indicativo,Pretérito perfecto simple,yo,comí,1,reviewed,
ES,comer,Indicativo,Pretérito perfecto simple,tú,comiste,1,reviewed,
ES,comer,Indicativo,Pretérito perfecto simple,él,comió,1,reviewed,
ES,comer,Indicativo,Pretérito perfecto simple,nosotros,comimos,1,reviewed,
ES,comer,Indicativo,Pretérito perfecto simple,vosotros,comisteis,1,reviewed,
ES,comer,Indicativo,Pretérito perfecto simple,ellos,comieron,1,reviewed,
ES,comer,Indicativo,Pretérito pluscuamperfecto,yo,había comido,1,reviewed,
ES,comer,Indicativo,Pretérito pluscuamperfecto,tú,habías comido,1,reviewed,
ES,comer,Indicativo,Pretérito pluscuamperfecto,él,había comido,1,reviewed,
ES,comer,Indicativo,Pretérito pluscuamperfecto,nosotros,habíamos comido,1,reviewed,
ES,comer,Indicativo,Pretérito pluscuamperfecto,vosotros,habíais comido,1,reviewed,
ES,comer,Indicativo,Pretérito pluscuamperfecto,ellos,habían comido,1,reviewed,
ES,caer,Indicativo,Presente,yo,caigo,1,reviewed,
ES,caer,Indicativo,Presente,tú,caes,1,reviewed,
ES,caer,Indicativo,Presente,él,cae,1,reviewed,
ES,caer,Indicativo,Presente,nosotros,caemos,1,reviewed,
ES,caer,Indicativo,Presente,vosotros,caéis,1,reviewed,
ES,caer,Indicativo,Presente,ellos,caen,1,reviewed,
ES,caer,Indicativo,Futuro,yo,caeré,1,reviewed,
ES,caer,Indicativo,Futuro,tú,caerás,1,reviewed,
ES,caer,Indicativo,Futuro,él,caerá,1,reviewed,
ES,caer,Indicativo,Futuro,nosotros,caeremos,1,reviewed,
ES,caer,Indicativo,Futuro,vosotros,caeréis,1,reviewed,
ES,caer,Indicativo,Futuro,ellos,caerán,1,reviewed,
ES,caer,Indicativo,Pretérito perfecto compuesto,yo,he caído,1,reviewed,
ES,caer,Indicativo,Pretérito perfecto compuesto,tú,has caído,1,reviewed,
ES,caer,Indicativo,Pretérito perfecto compuesto,él,ha caído,1,reviewed,
ES,caer,Indicativo,Pretérito perfecto compuesto,nosotros,hemos caído,1,reviewed,
ES,caer,Indicativo,Pretérito perfecto compuesto,vosotros,habéis caído,1,reviewed,
ES,caer,Indicativo,Pretérito perfecto compuesto,ellos,han caído,1,reviewed,
ES,caer,Indicativo,Pretérito imperfecto,yo,caía,1,reviewed,
ES,caer,Indicativo,Pretérito imperfecto,tú,caías,1,reviewed,
ES,caer,Indicativo,Pretérito imperfecto,él,caía,1,reviewed,
ES,caer,Indicativo,Pretérito imperfecto,nosotros,caíamos,1,reviewed,
ES,caer,Indicativo,Pretérito imperfecto,vosotros,caíais,1,reviewed,
ES,caer,Indicativo,Pretérito imperfecto,ellos,caían,1,reviewed,
ES,caer,Condicional,Condicional,yo,caería,1,reviewed,
ES,caer,Condicional,Condicional,tú,caerías,1,reviewed,
ES,caer,Condicional,Condicional,él,caería,1,reviewed,
ES,caer,Condicional,Condicional,nosotros,caeríamos,1,reviewed,
ES,caer,Condicional,Condicional,vosotros,caeríais,1,reviewed,
ES,caer,Condicional,Condicional,ellos,caerían,1,reviewed,
ES,caer,Imperativo,Imperativo,yo,-,1,reviewed,yo imperative placeholder -; no standard form
ES,caer,Imperativo,Imperativo,tú,cae,1,reviewed,
ES,caer,Imperativo,Imperativo,él,caiga,1,reviewed,
ES,caer,Imperativo,Imperativo,nosotros,caigamos,1,reviewed,
ES,caer,Imperativo,Imperativo,vosotros,caed,1,reviewed,
ES,caer,Imperativo,Imperativo,ellos,caigan,1,reviewed,
ES,caer,Indicativo,Futuro perfecto,yo,habré caído,1,reviewed,
ES,caer,Indicativo,Futuro perfecto,tú,habrás caído,1,reviewed,
ES,caer,Indicativo,Futuro perfecto,él,habrá caído,1,reviewed,
ES,caer,Indicativo,Futuro perfecto,nosotros,habremos caído,1,reviewed,
ES,caer,Indicativo,Futuro perfecto,vosotros,habréis caído,1,reviewed,
ES,caer,Indicativo,Futuro perfecto,ellos,habrán caído,1,reviewed,
ES,caer,Subjuntivo,Subjuntivo presente,yo,caiga,1,reviewed,
ES,caer,Subjuntivo,Subjuntivo presente,tú,caigas,1,reviewed,
ES,caer,Subjuntivo,Subjuntivo presente,él,caiga,1,reviewed,
ES,caer,Subjuntivo,Subjuntivo presente,nosotros,caigamos,1,reviewed,
ES,caer,Subjuntivo,Subjuntivo presente,vosotros,caigáis,1,reviewed,
ES,caer,Subjuntivo,Subjuntivo presente,ellos,caigan,1,reviewed,
ES,caer,Indicativo,Pretérito perfecto simple,yo,caí,1,reviewed,
ES,caer,Indicativo,Pretérito perfecto simple,tú,caíste,1,reviewed,
ES,caer,Indicativo,Pretérito perfecto simple,él,cayó,1,reviewed,
ES,caer,Indicativo,Pretérito perfecto simple,nosotros,caímos,1,reviewed,
ES,caer,Indicativo,Pretérito perfecto simple,vosotros,caísteis,1,reviewed,
ES,caer,Indicativo,Pretérito perfecto simple,ellos,cayeron,1,reviewed,
ES,caer,Indicativo,Pretérito pluscuamperfecto,yo,había caído,1,reviewed,
ES,caer,Indicativo,Pretérito pluscuamperfecto,tú,habías caído,1,reviewed,
ES,caer,Indicativo,Pretérito pluscuamperfecto,él,había caído,1,reviewed,
ES,caer,Indicativo,Pretérito pluscuamperfecto,nosotros,habíamos caído,1,reviewed,
ES,caer,Indicativo,Pretérito pluscuamperfecto,vosotros,habíais caído,1,reviewed,
ES,caer,Indicativo,Pretérito pluscuamperfecto,ellos,habían caído,1,reviewed,
ES,tirar,Indicativo,Presente,yo,tiro,1,reviewed,
ES,tirar,Indicativo,Presente,tú,tiras,1,reviewed,
ES,tirar,Indicativo,Presente,él,tira,1,reviewed,
ES,tirar,Indicativo,Presente,nosotros,tiramos,1,reviewed,
ES,tirar,Indicativo,Presente,vosotros,tiráis,1,reviewed,
ES,tirar,Indicativo,Presente,ellos,tiran,1,reviewed,
ES,tirar,Indicativo,Futuro,yo,tiraré,1,reviewed,
ES,tirar,Indicativo,Futuro,tú,tirarás,1,reviewed,
ES,tirar,Indicativo,Futuro,él,tirará,1,reviewed,
ES,tirar,Indicativo,Futuro,nosotros,tiraremos,1,reviewed,
ES,tirar,Indicativo,Futuro,vosotros,tiraréis,1,reviewed,
ES,tirar,Indicativo,Futuro,ellos,tirarán,1,reviewed,
ES,tirar,Indicativo,Pretérito perfecto compuesto,yo,he tirado,1,reviewed,
ES,tirar,Indicativo,Pretérito perfecto compuesto,tú,has tirado,1,reviewed,
ES,tirar,Indicativo,Pretérito perfecto compuesto,él,ha tirado,1,reviewed,
ES,tirar,Indicativo,Pretérito perfecto compuesto,nosotros,hemos tirado,1,reviewed,
ES,tirar,Indicativo,Pretérito perfecto compuesto,vosotros,habéis tirado,1,reviewed,
ES,tirar,Indicativo,Pretérito perfecto compuesto,ellos,han tirado,1,reviewed,
ES,tirar,Indicativo,Pretérito imperfecto,yo,tiraba,1,reviewed,
ES,tirar,Indicativo,Pretérito imperfecto,tú,tirabas,1,reviewed,
ES,tirar,Indicativo,Pretérito imperfecto,él,tiraba,1,reviewed,
ES,tirar,Indicativo,Pretérito imperfecto,nosotros,tirábamos,1,reviewed,
ES,tirar,Indicativo,Pretérito imperfecto,vosotros,tirabais,1,reviewed,
ES,tirar,Indicativo,Pretérito imperfecto,ellos,tiraban,1,reviewed,
ES,tirar,Condicional,Condicional,yo,tiraría,1,reviewed,
ES,tirar,Condicional,Condicional,tú,tirarías,1,reviewed,
ES,tirar,Condicional,Condicional,él,tiraría,1,reviewed,
ES,tirar,Condicional,Condicional,nosotros,tiraríamos,1,reviewed,
ES,tirar,Condicional,Condicional,vosotros,tiraríais,1,reviewed,
ES,tirar,Condicional,Condicional,ellos,tirarían,1,reviewed,
ES,tirar,Imperativo,Imperativo,yo,-,1,reviewed,yo imperative placeholder -; no standard form
ES,tirar,Imperativo,Imperativo,tú,tira,1,reviewed,
ES,tirar,Imperativo,Imperativo,él,tire,1,reviewed,
ES,tirar,Imperativo,Imperativo,nosotros,tiremos,1,reviewed,
ES,tirar,Imperativo,Imperativo,vosotros,tirad,1,reviewed,
ES,tirar,Imperativo,Imperativo,ellos,tiren,1,reviewed,
ES,tirar,Indicativo,Futuro perfecto,yo,habré tirado,1,reviewed,
ES,tirar,Indicativo,Futuro perfecto,tú,habrás tirado,1,reviewed,
ES,tirar,Indicativo,Futuro perfecto,él,habrá tirado,1,reviewed,
ES,tirar,Indicativo,Futuro perfecto,nosotros,habremos tirado,1,reviewed,
ES,tirar,Indicativo,Futuro perfecto,vosotros,habréis tirado,1,reviewed,
ES,tirar,Indicativo,Futuro perfecto,ellos,habrán tirado,1,reviewed,
ES,tirar,Subjuntivo,Subjuntivo presente,yo,tire,1,reviewed,
ES,tirar,Subjuntivo,Subjuntivo presente,tú,tires,1,reviewed,
ES,tirar,Subjuntivo,Subjuntivo presente,él,tire,1,reviewed,
ES,tirar,Subjuntivo,Subjuntivo presente,nosotros,tiremos,1,reviewed,
ES,tirar,Subjuntivo,Subjuntivo presente,vosotros,tiréis,1,reviewed,
ES,tirar,Subjuntivo,Subjuntivo presente,ellos,tiren,1,reviewed,
ES,tirar,Indicativo,Pretérito perfecto simple,yo,tiré,1,reviewed,
ES,tirar,Indicativo,Pretérito perfecto simple,tú,tiraste,1,reviewed,
ES,tirar,Indicativo,Pretérito perfecto simple,él,tiró,1,reviewed,
ES,tirar,Indicativo,Pretérito perfecto simple,nosotros,tiramos,1,reviewed,
ES,tirar,Indicativo,Pretérito perfecto simple,vosotros,tirasteis,1,reviewed,
ES,tirar,Indicativo,Pretérito perfecto simple,ellos,tiraron,1,reviewed,
ES,tirar,Indicativo,Pretérito pluscuamperfecto,yo,había tirado,1,reviewed,
ES,tirar,Indicativo,Pretérito pluscuamperfecto,tú,habías tirado,1,reviewed,
ES,tirar,Indicativo,Pretérito pluscuamperfecto,él,había tirado,1,reviewed,
ES,tirar,Indicativo,Pretérito pluscuamperfecto,nosotros,habíamos tirado,1,reviewed,
ES,tirar,Indicativo,Pretérito pluscuamperfecto,vosotros,habíais tirado,1,reviewed,
ES,tirar,Indicativo,Pretérito pluscuamperfecto,ellos,habían tirado,1,reviewed,
ES,disparar,Indicativo,Presente,yo,disparo,1,reviewed,
ES,disparar,Indicativo,Presente,tú,disparas,1,reviewed,
ES,disparar,Indicativo,Presente,él,dispara,1,reviewed,
ES,disparar,Indicativo,Presente,nosotros,disparamos,1,reviewed,
ES,disparar,Indicativo,Presente,vosotros,disparáis,1,reviewed,
ES,disparar,Indicativo,Presente,ellos,disparan,1,reviewed,
ES,disparar,Indicativo,Futuro,yo,dispararé,1,reviewed,
ES,disparar,Indicativo,Futuro,tú,dispararás,1,reviewed,
ES,disparar,Indicativo,Futuro,él,disparará,1,reviewed,
ES,disparar,Indicativo,Futuro,nosotros,dispararemos,1,reviewed,
ES,disparar,Indicativo,Futuro,vosotros,dispararéis,1,reviewed,
ES,disparar,Indicativo,Futuro,ellos,dispararán,1,reviewed,
ES,disparar,Indicativo,Pretérito perfecto compuesto,yo,he disparado,1,reviewed,
ES,disparar,Indicativo,Pretérito perfecto compuesto,tú,has disparado,1,reviewed,
ES,disparar,Indicativo,Pretérito perfecto compuesto,él,ha disparado,1,reviewed,
ES,disparar,Indicativo,Pretérito perfecto compuesto,nosotros,hemos disparado,1,reviewed,
ES,disparar,Indicativo,Pretérito perfecto compuesto,vosotros,habéis disparado,1,reviewed,
ES,disparar,Indicativo,Pretérito perfecto compuesto,ellos,han disparado,1,reviewed,
ES,disparar,Indicativo,Pretérito imperfecto,yo,disparaba,1,reviewed,
ES,disparar,Indicativo,Pretérito imperfecto,tú,disparabas,1,reviewed,
ES,disparar,Indicativo,Pretérito imperfecto,él,disparaba,1,reviewed,
ES,disparar,Indicativo,Pretérito imperfecto,nosotros,disparábamos,1,reviewed,
ES,disparar,Indicativo,Pretérito imperfecto,vosotros,disparabais,1,reviewed,
ES,disparar,Indicativo,Pretérito imperfecto,ellos,disparaban,1,reviewed,
ES,disparar,Condicional,Condicional,yo,dispararía,1,reviewed,
ES,disparar,Condicional,Condicional,tú,dispararías,1,reviewed,
ES,disparar,Condicional,Condicional,él,dispararía,1,reviewed,
ES,disparar,Condicional,Condicional,nosotros,dispararíamos,1,reviewed,
ES,disparar,Condicional,Condicional,vosotros,dispararíais,1,reviewed,
ES,disparar,Condicional,Condicional,ellos,dispararían,1,reviewed,
ES,disparar,Imperativo,Imperativo,yo,-,1,reviewed,yo imperative placeholder -; no standard form
ES,disparar,Imperativo,Imperativo,tú,dispara,1,reviewed,
ES,disparar,Imperativo,Imperativo,él,dispare,1,reviewed,
ES,disparar,Imperativo,Imperativo,nosotros,disparemos,1,reviewed,
ES,disparar,Imperativo,Imperativo,vosotros,disparad,1,reviewed,
ES,disparar,Imperativo,Imperativo,ellos,disparen,1,reviewed,
ES,disparar,Indicativo,Futuro perfecto,yo,habré disparado,1,reviewed,
ES,disparar,Indicativo,Futuro perfecto,tú,habrás disparado,1,reviewed,
ES,disparar,Indicativo,Futuro perfecto,él,habrá disparado,1,reviewed,
ES,disparar,Indicativo,Futuro perfecto,nosotros,habremos disparado,1,reviewed,
ES,disparar,Indicativo,Futuro perfecto,vosotros,habréis disparado,1,reviewed,
ES,disparar,Indicativo,Futuro perfecto,ellos,habrán disparado,1,reviewed,
ES,disparar,Subjuntivo,Subjuntivo presente,yo,dispare,1,reviewed,
ES,disparar,Subjuntivo,Subjuntivo presente,tú,dispares,1,reviewed,
ES,disparar,Subjuntivo,Subjuntivo presente,él,dispare,1,reviewed,
ES,disparar,Subjuntivo,Subjuntivo presente,nosotros,disparemos,1,reviewed,
ES,disparar,Subjuntivo,Subjuntivo presente,vosotros,disparéis,1,reviewed,
ES,disparar,Subjuntivo,Subjuntivo presente,ellos,disparen,1,reviewed,
ES,disparar,Indicativo,Pretérito perfecto simple,yo,disparé,1,reviewed,
ES,disparar,Indicativo,Pretérito perfecto simple,tú,disparaste,1,reviewed,
ES,disparar,Indicativo,Pretérito perfecto simple,él,disparó,1,reviewed,
ES,disparar,Indicativo,Pretérito perfecto simple,nosotros,disparamos,1,reviewed,
ES,disparar,Indicativo,Pretérito perfecto simple,vosotros,disparasteis,1,reviewed,
ES,disparar,Indicativo,Pretérito perfecto simple,ellos,dispararon,1,reviewed,
ES,disparar,Indicativo,Pretérito pluscuamperfecto,yo,había disparado,1,reviewed,
ES,disparar,Indicativo,Pretérito pluscuamperfecto,tú,habías disparado,1,reviewed,
ES,disparar,Indicativo,Pretérito pluscuamperfecto,él,había disparado,1,reviewed,
ES,disparar,Indicativo,Pretérito pluscuamperfecto,nosotros,habíamos disparado,1,reviewed,
ES,disparar,Indicativo,Pretérito pluscuamperfecto,vosotros,habíais disparado,1,reviewed,
ES,disparar,Indicativo,Pretérito pluscuamperfecto,ellos,habían disparado,1,reviewed,
ES,leer,Indicativo,Presente,yo,leo,1,reviewed,
ES,leer,Indicativo,Presente,tú,lees,1,reviewed,
ES,leer,Indicativo,Presente,él,lee,1,reviewed,
ES,leer,Indicativo,Presente,nosotros,leemos,1,reviewed,
ES,leer,Indicativo,Presente,vosotros,leéis,1,reviewed,
ES,leer,Indicativo,Presente,ellos,leen,1,reviewed,
ES,leer,Indicativo,Futuro,yo,leeré,1,reviewed,
ES,leer,Indicativo,Futuro,tú,leerás,1,reviewed,
ES,leer,Indicativo,Futuro,él,leerá,1,reviewed,
ES,leer,Indicativo,Futuro,nosotros,leeremos,1,reviewed,
ES,leer,Indicativo,Futuro,vosotros,leeréis,1,reviewed,
ES,leer,Indicativo,Futuro,ellos,leerán,1,reviewed,
ES,leer,Indicativo,Pretérito perfecto compuesto,yo,he leído,1,reviewed,
ES,leer,Indicativo,Pretérito perfecto compuesto,tú,has leído,1,reviewed,
ES,leer,Indicativo,Pretérito perfecto compuesto,él,ha leído,1,reviewed,
ES,leer,Indicativo,Pretérito perfecto compuesto,nosotros,hemos leído,1,reviewed,
ES,leer,Indicativo,Pretérito perfecto compuesto,vosotros,habéis leído,1,reviewed,
ES,leer,Indicativo,Pretérito perfecto compuesto,ellos,han leído,1,reviewed,
ES,leer,Indicativo,Pretérito imperfecto,yo,leía,1,reviewed,
ES,leer,Indicativo,Pretérito imperfecto,tú,leías,1,reviewed,
ES,leer,Indicativo,Pretérito imperfecto,él,leía,1,reviewed,
ES,leer,Indicativo,Pretérito imperfecto,nosotros,leíamos,1,reviewed,
ES,leer,Indicativo,Pretérito imperfecto,vosotros,leíais,1,reviewed,
ES,leer,Indicativo,Pretérito imperfecto,ellos,leían,1,reviewed,
ES,leer,Condicional,Condicional,yo,leería,1,reviewed,
ES,leer,Condicional,Condicional,tú,leerías,1,reviewed,
ES,leer,Condicional,Condicional,él,leería,1,reviewed,
ES,leer,Condicional,Condicional,nosotros,leeríamos,1,reviewed,
ES,leer,Condicional,Condicional,vosotros,leeríais,1,reviewed,
ES,leer,Condicional,Condicional,ellos,leerían,1,reviewed,
ES,leer,Imperativo,Imperativo,yo,-,1,reviewed,yo imperative placeholder -; no standard form
ES,leer,Imperativo,Imperativo,tú,lee,1,reviewed,
ES,leer,Imperativo,Imperativo,él,lea,1,reviewed,
ES,leer,Imperativo,Imperativo,nosotros,leamos,1,reviewed,
ES,leer,Imperativo,Imperativo,vosotros,leed,1,reviewed,
ES,leer,Imperativo,Imperativo,ellos,lean,1,reviewed,
ES,leer,Indicativo,Futuro perfecto,yo,habré leído,1,reviewed,
ES,leer,Indicativo,Futuro perfecto,tú,habrás leído,1,reviewed,
ES,leer,Indicativo,Futuro perfecto,él,habrá leído,1,reviewed,
ES,leer,Indicativo,Futuro perfecto,nosotros,habremos leído,1,reviewed,
ES,leer,Indicativo,Futuro perfecto,vosotros,habréis leído,1,reviewed,
ES,leer,Indicativo,Futuro perfecto,ellos,habrán leído,1,reviewed,
ES,leer,Subjuntivo,Subjuntivo presente,yo,lea,1,reviewed,
ES,leer,Subjuntivo,Subjuntivo presente,tú,leas,1,reviewed,
ES,leer,Subjuntivo,Subjuntivo presente,él,lea,1,reviewed,
ES,leer,Subjuntivo,Subjuntivo presente,nosotros,leamos,1,reviewed,
ES,leer,Subjuntivo,Subjuntivo presente,vosotros,leáis,1,reviewed,
ES,leer,Subjuntivo,Subjuntivo presente,ellos,lean,1,reviewed,
ES,leer,Indicativo,Pretérito perfecto simple,yo,leí,1,reviewed,
ES,leer,Indicativo,Pretérito perfecto simple,tú,leíste,1,reviewed,
ES,leer,Indicativo,Pretérito perfecto simple,él,leyó,1,reviewed,
ES,leer,Indicativo,Pretérito perfecto simple,nosotros,leímos,1,reviewed,
ES,leer,Indicativo,Pretérito perfecto simple,vosotros,leísteis,1,reviewed,
ES,leer,Indicativo,Pretérito perfecto simple,ellos,leyeron,1,reviewed,
ES,leer,Indicativo,Pretérito pluscuamperfecto,yo,había leído,1,reviewed,
ES,leer,Indicativo,Pretérito pluscuamperfecto,tú,habías leído,1,reviewed,
ES,leer,Indicativo,Pretérito pluscuamperfecto,él,había leído,1,reviewed,
ES,leer,Indicativo,Pretérito pluscuamperfecto,nosotros,habíamos leído,1,reviewed,
ES,leer,Indicativo,Pretérito pluscuamperfecto,vosotros,habíais leído,1,reviewed,
ES,leer,Indicativo,Pretérito pluscuamperfecto,ellos,habían leído,1,reviewed,
ES,seguir,Indicativo,Presente,yo,sigo,1,reviewed,
ES,seguir,Indicativo,Presente,tú,sigues,1,reviewed,
ES,seguir,Indicativo,Presente,él,sigue,1,reviewed,
ES,seguir,Indicativo,Presente,nosotros,seguimos,1,reviewed,
ES,seguir,Indicativo,Presente,vosotros,seguís,1,reviewed,
ES,seguir,Indicativo,Presente,ellos,siguen,1,reviewed,
ES,seguir,Indicativo,Futuro,yo,seguiré,1,reviewed,
ES,seguir,Indicativo,Futuro,tú,seguirás,1,reviewed,
ES,seguir,Indicativo,Futuro,él,seguirá,1,reviewed,
ES,seguir,Indicativo,Futuro,nosotros,seguiremos,1,reviewed,
ES,seguir,Indicativo,Futuro,vosotros,seguiréis,1,reviewed,
ES,seguir,Indicativo,Futuro,ellos,seguirán,1,reviewed,
ES,seguir,Indicativo,Pretérito perfecto compuesto,yo,he seguido,1,reviewed,
ES,seguir,Indicativo,Pretérito perfecto compuesto,tú,has seguido,1,reviewed,
ES,seguir,Indicativo,Pretérito perfecto compuesto,él,ha seguido,1,reviewed,
ES,seguir,Indicativo,Pretérito perfecto compuesto,nosotros,hemos seguido,1,reviewed,
ES,seguir,Indicativo,Pretérito perfecto compuesto,vosotros,habéis seguido,1,reviewed,
ES,seguir,Indicativo,Pretérito perfecto compuesto,ellos,han seguido,1,reviewed,
ES,seguir,Indicativo,Pretérito imperfecto,yo,seguía,1,reviewed,
ES,seguir,Indicativo,Pretérito imperfecto,tú,seguías,1,reviewed,
ES,seguir,Indicativo,Pretérito imperfecto,él,seguía,1,reviewed,
ES,seguir,Indicativo,Pretérito imperfecto,nosotros,seguíamos,1,reviewed,
ES,seguir,Indicativo,Pretérito imperfecto,vosotros,seguíais,1,reviewed,
ES,seguir,Indicativo,Pretérito imperfecto,ellos,seguían,1,reviewed,
ES,seguir,Condicional,Condicional,yo,seguiría,1,reviewed,
ES,seguir,Condicional,Condicional,tú,seguirías,1,reviewed,
ES,seguir,Condicional,Condicional,él,seguiría,1,reviewed,
ES,seguir,Condicional,Condicional,nosotros,seguiríamos,1,reviewed,
ES,seguir,Condicional,Condicional,vosotros,seguiríais,1,reviewed,
ES,seguir,Condicional,Condicional,ellos,seguirían,1,reviewed,
ES,seguir,Imperativo,Imperativo,yo,-,1,reviewed,yo imperative placeholder -; no standard form
ES,seguir,Imperativo,Imperativo,tú,sigue,1,reviewed,
ES,seguir,Imperativo,Imperativo,él,siga,1,reviewed,
ES,seguir,Imperativo,Imperativo,nosotros,sigamos,1,reviewed,
ES,seguir,Imperativo,Imperativo,vosotros,seguid,1,reviewed,
ES,seguir,Imperativo,Imperativo,ellos,sigan,1,reviewed,
ES,seguir,Indicativo,Futuro perfecto,yo,habré seguido,1,reviewed,
ES,seguir,Indicativo,Futuro perfecto,tú,habrás seguido,1,reviewed,
ES,seguir,Indicativo,Futuro perfecto,él,habrá seguido,1,reviewed,
ES,seguir,Indicativo,Futuro perfecto,nosotros,habremos seguido,1,reviewed,
ES,seguir,Indicativo,Futuro perfecto,vosotros,habréis seguido,1,reviewed,
ES,seguir,Indicativo,Futuro perfecto,ellos,habrán seguido,1,reviewed,
ES,seguir,Subjuntivo,Subjuntivo presente,yo,siga,1,reviewed,
ES,seguir,Subjuntivo,Subjuntivo presente,tú,sigas,1,reviewed,
ES,seguir,Subjuntivo,Subjuntivo presente,él,siga,1,reviewed,
ES,seguir,Subjuntivo,Subjuntivo presente,nosotros,sigamos,1,reviewed,
ES,seguir,Subjuntivo,Subjuntivo presente,vosotros,sigáis,1,reviewed,
ES,seguir,Subjuntivo,Subjuntivo presente,ellos,sigan,1,reviewed,
ES,seguir,Indicativo,Pretérito perfecto simple,yo,seguí,1,reviewed,
ES,seguir,Indicativo,Pretérito perfecto simple,tú,seguiste,1,reviewed,
ES,seguir,Indicativo,Pretérito perfecto simple,él,siguió,1,reviewed,
ES,seguir,Indicativo,Pretérito perfecto simple,nosotros,seguimos,1,reviewed,
ES,seguir,Indicativo,Pretérito perfecto simple,vosotros,seguisteis,1,reviewed,
ES,seguir,Indicativo,Pretérito perfecto simple,ellos,siguieron,1,reviewed,
ES,seguir,Indicativo,Pretérito pluscuamperfecto,yo,había seguido,1,reviewed,
ES,seguir,Indicativo,Pretérito pluscuamperfecto,tú,habías seguido,1,reviewed,
ES,seguir,Indicativo,Pretérito pluscuamperfecto,él,había seguido,1,reviewed,
ES,seguir,Indicativo,Pretérito pluscuamperfecto,nosotros,habíamos seguido,1,reviewed,
ES,seguir,Indicativo,Pretérito pluscuamperfecto,vosotros,habíais seguido,1,reviewed,
ES,seguir,Indicativo,Pretérito pluscuamperfecto,ellos,habían seguido,1,reviewed,
ES,responder,Indicativo,Presente,yo,respondo,1,reviewed,
ES,responder,Indicativo,Presente,tú,respondes,1,reviewed,
ES,responder,Indicativo,Presente,él,responde,1,reviewed,
ES,responder,Indicativo,Presente,nosotros,respondemos,1,reviewed,
ES,responder,Indicativo,Presente,vosotros,respondéis,1,reviewed,
ES,responder,Indicativo,Presente,ellos,responden,1,reviewed,
ES,responder,Indicativo,Futuro,yo,responderé,1,reviewed,
ES,responder,Indicativo,Futuro,tú,responderás,1,reviewed,
ES,responder,Indicativo,Futuro,él,responderá,1,reviewed,
ES,responder,Indicativo,Futuro,nosotros,responderemos,1,reviewed,
ES,responder,Indicativo,Futuro,vosotros,responderéis,1,reviewed,
ES,responder,Indicativo,Futuro,ellos,responderán,1,reviewed,
ES,responder,Indicativo,Pretérito perfecto compuesto,yo,he respondido,1,reviewed,
ES,responder,Indicativo,Pretérito perfecto compuesto,tú,has respondido,1,reviewed,
ES,responder,Indicativo,Pretérito perfecto compuesto,él,ha respondido,1,reviewed,
ES,responder,Indicativo,Pretérito perfecto compuesto,nosotros,hemos respondido,1,reviewed,
ES,responder,Indicativo,Pretérito perfecto compuesto,vosotros,habéis respondido,1,reviewed,
ES,responder,Indicativo,Pretérito perfecto compuesto,ellos,han respondido,1,reviewed,
ES,responder,Indicativo,Pretérito imperfecto,yo,respondía,1,reviewed,
ES,responder,Indicativo,Pretérito imperfecto,tú,respondías,1,reviewed,
ES,responder,Indicativo,Pretérito imperfecto,él,respondía,1,reviewed,
ES,responder,Indicativo,Pretérito imperfecto,nosotros,respondíamos,1,reviewed,
ES,responder,Indicativo,Pretérito imperfecto,vosotros,respondíais,1,reviewed,
ES,responder,Indicativo,Pretérito imperfecto,ellos,respondían,1,reviewed,
ES,responder,Condicional,Condicional,yo,respondería,1,reviewed,
ES,responder,Condicional,Condicional,tú,responderías,1,reviewed,
ES,responder,Condicional,Condicional,él,respondería,1,reviewed,
ES,responder,Condicional,Condicional,nosotros,responderíamos,1,reviewed,
ES,responder,Condicional,Condicional,vosotros,responderíais,1,reviewed,
ES,responder,Condicional,Condicional,ellos,responderían,1,reviewed,
ES,responder,Imperativo,Imperativo,yo,-,1,reviewed,yo imperative placeholder -; no standard form
ES,responder,Imperativo,Imperativo,tú,responde,1,reviewed,
ES,responder,Imperativo,Imperativo,él,responda,1,reviewed,
ES,responder,Imperativo,Imperativo,nosotros,respondamos,1,reviewed,
ES,responder,Imperativo,Imperativo,vosotros,responded,1,reviewed,
ES,responder,Imperativo,Imperativo,ellos,respondan,1,reviewed,
ES,responder,Indicativo,Futuro perfecto,yo,habré respondido,1,reviewed,
ES,responder,Indicativo,Futuro perfecto,tú,habrás respondido,1,reviewed,
ES,responder,Indicativo,Futuro perfecto,él,habrá respondido,1,reviewed,
ES,responder,Indicativo,Futuro perfecto,nosotros,habremos respondido,1,reviewed,
ES,responder,Indicativo,Futuro perfecto,vosotros,habréis respondido,1,reviewed,
ES,responder,Indicativo,Futuro perfecto,ellos,habrán respondido,1,reviewed,
ES,responder,Subjuntivo,Subjuntivo presente,yo,responda,1,reviewed,
ES,responder,Subjuntivo,Subjuntivo presente,tú,respondas,1,reviewed,
ES,responder,Subjuntivo,Subjuntivo presente,él,responda,1,reviewed,
ES,responder,Subjuntivo,Subjuntivo presente,nosotros,respondamos,1,reviewed,
ES,responder,Subjuntivo,Subjuntivo presente,vosotros,respondáis,1,reviewed,
ES,responder,Subjuntivo,Subjuntivo presente,ellos,respondan,1,reviewed,
ES,responder,Indicativo,Pretérito perfecto simple,yo,respondí,1,reviewed,
ES,responder,Indicativo,Pretérito perfecto simple,tú,respondiste,1,reviewed,
ES,responder,Indicativo,Pretérito perfecto simple,él,respondió,1,reviewed,
ES,responder,Indicativo,Pretérito perfecto simple,nosotros,respondimos,1,reviewed,
ES,responder,Indicativo,Pretérito perfecto simple,vosotros,respondisteis,1,reviewed,
ES,responder,Indicativo,Pretérito perfecto simple,ellos,respondieron,1,reviewed,
ES,responder,Indicativo,Pretérito pluscuamperfecto,yo,había respondido,1,reviewed,
ES,responder,Indicativo,Pretérito pluscuamperfecto,tú,habías respondido,1,reviewed,
ES,responder,Indicativo,Pretérito pluscuamperfecto,él,había respondido,1,reviewed,
ES,responder,Indicativo,Pretérito pluscuamperfecto,nosotros,habíamos respondido,1,reviewed,
ES,responder,Indicativo,Pretérito pluscuamperfecto,vosotros,habíais respondido,1,reviewed,
ES,responder,Indicativo,Pretérito pluscuamperfecto,ellos,habían respondido,1,reviewed,
ES,contestar,Indicativo,Presente,yo,contesto,1,reviewed,
ES,contestar,Indicativo,Presente,tú,contestas,1,reviewed,
ES,contestar,Indicativo,Presente,él,contesta,1,reviewed,
ES,contestar,Indicativo,Presente,nosotros,contestamos,1,reviewed,
ES,contestar,Indicativo,Presente,vosotros,contestáis,1,reviewed,
ES,contestar,Indicativo,Presente,ellos,contestan,1,reviewed,
ES,contestar,Indicativo,Futuro,yo,contestaré,1,reviewed,
ES,contestar,Indicativo,Futuro,tú,contestarás,1,reviewed,
ES,contestar,Indicativo,Futuro,él,contestará,1,reviewed,
ES,contestar,Indicativo,Futuro,nosotros,contestaremos,1,reviewed,
ES,contestar,Indicativo,Futuro,vosotros,contestaréis,1,reviewed,
ES,contestar,Indicativo,Futuro,ellos,contestarán,1,reviewed,
ES,contestar,Indicativo,Pretérito perfecto compuesto,yo,he contestado,1,reviewed,
ES,contestar,Indicativo,Pretérito perfecto compuesto,tú,has contestado,1,reviewed,
ES,contestar,Indicativo,Pretérito perfecto compuesto,él,ha contestado,1,reviewed,
ES,contestar,Indicativo,Pretérito perfecto compuesto,nosotros,hemos contestado,1,reviewed,
ES,contestar,Indicativo,Pretérito perfecto compuesto,vosotros,habéis contestado,1,reviewed,
ES,contestar,Indicativo,Pretérito perfecto compuesto,ellos,han contestado,1,reviewed,
ES,contestar,Indicativo,Pretérito imperfecto,yo,contestaba,1,reviewed,
ES,contestar,Indicativo,Pretérito imperfecto,tú,contestabas,1,reviewed,
ES,contestar,Indicativo,Pretérito imperfecto,él,contestaba,1,reviewed,
ES,contestar,Indicativo,Pretérito imperfecto,nosotros,contestábamos,1,reviewed,
ES,contestar,Indicativo,Pretérito imperfecto,vosotros,contestabais,1,reviewed,
ES,contestar,Indicativo,Pretérito imperfecto,ellos,contestaban,1,reviewed,
ES,contestar,Condicional,Condicional,yo,contestaría,1,reviewed,
ES,contestar,Condicional,Condicional,tú,contestarías,1,reviewed,
ES,contestar,Condicional,Condicional,él,contestaría,1,reviewed,
ES,contestar,Condicional,Condicional,nosotros,contestaríamos,1,reviewed,
ES,contestar,Condicional,Condicional,vosotros,contestaríais,1,reviewed,
ES,contestar,Condicional,Condicional,ellos,contestarían,1,reviewed,
ES,contestar,Imperativo,Imperativo,yo,-,1,reviewed,yo imperative placeholder -; no standard form
ES,contestar,Imperativo,Imperativo,tú,contesta,1,reviewed,
ES,contestar,Imperativo,Imperativo,él,conteste,1,reviewed,
ES,contestar,Imperativo,Imperativo,nosotros,contestemos,1,reviewed,
ES,contestar,Imperativo,Imperativo,vosotros,contestad,1,reviewed,
ES,contestar,Imperativo,Imperativo,ellos,contesten,1,reviewed,
ES,contestar,Indicativo,Futuro perfecto,yo,habré contestado,1,reviewed,
ES,contestar,Indicativo,Futuro perfecto,tú,habrás contestado,1,reviewed,
ES,contestar,Indicativo,Futuro perfecto,él,habrá contestado,1,reviewed,
ES,contestar,Indicativo,Futuro perfecto,nosotros,habremos contestado,1,reviewed,
ES,contestar,Indicativo,Futuro perfecto,vosotros,habréis contestado,1,reviewed,
ES,contestar,Indicativo,Futuro perfecto,ellos,habrán contestado,1,reviewed,
ES,contestar,Subjuntivo,Subjuntivo presente,yo,conteste,1,reviewed,
ES,contestar,Subjuntivo,Subjuntivo presente,tú,contestes,1,reviewed,
ES,contestar,Subjuntivo,Subjuntivo presente,él,conteste,1,reviewed,
ES,contestar,Subjuntivo,Subjuntivo presente,nosotros,contestemos,1,reviewed,
ES,contestar,Subjuntivo,Subjuntivo presente,vosotros,contestéis,1,reviewed,
ES,contestar,Subjuntivo,Subjuntivo presente,ellos,contesten,1,reviewed,
ES,contestar,Indicativo,Pretérito perfecto simple,yo,contesté,1,reviewed,
ES,contestar,Indicativo,Pretérito perfecto simple,tú,contestaste,1,reviewed,
ES,contestar,Indicativo,Pretérito perfecto simple,él,contestó,1,reviewed,
ES,contestar,Indicativo,Pretérito perfecto simple,nosotros,contestamos,1,reviewed,
ES,contestar,Indicativo,Pretérito perfecto simple,vosotros,contestasteis,1,reviewed,
ES,contestar,Indicativo,Pretérito perfecto simple,ellos,contestaron,1,reviewed,
ES,contestar,Indicativo,Pretérito pluscuamperfecto,yo,había contestado,1,reviewed,
ES,contestar,Indicativo,Pretérito pluscuamperfecto,tú,habías contestado,1,reviewed,
ES,contestar,Indicativo,Pretérito pluscuamperfecto,él,había contestado,1,reviewed,
ES,contestar,Indicativo,Pretérito pluscuamperfecto,nosotros,habíamos contestado,1,reviewed,
ES,contestar,Indicativo,Pretérito pluscuamperfecto,vosotros,habíais contestado,1,reviewed,
ES,contestar,Indicativo,Pretérito pluscuamperfecto,ellos,habían contestado,1,reviewed,
ES,obtener,Indicativo,Presente,yo,obtengo,1,reviewed,
ES,obtener,Indicativo,Presente,tú,obtienes,1,reviewed,
ES,obtener,Indicativo,Presente,él,obtiene,1,reviewed,
ES,obtener,Indicativo,Presente,nosotros,obtenemos,1,reviewed,
ES,obtener,Indicativo,Presente,vosotros,obtenéis,1,reviewed,
ES,obtener,Indicativo,Presente,ellos,obtienen,1,reviewed,
ES,obtener,Indicativo,Futuro,yo,obtendré,1,reviewed,
ES,obtener,Indicativo,Futuro,tú,obtendrás,1,reviewed,
ES,obtener,Indicativo,Futuro,él,obtendrá,1,reviewed,
ES,obtener,Indicativo,Futuro,nosotros,obtendremos,1,reviewed,
ES,obtener,Indicativo,Futuro,vosotros,obtendréis,1,reviewed,
ES,obtener,Indicativo,Futuro,ellos,obtendrán,1,reviewed,
ES,obtener,Indicativo,Pretérito perfecto compuesto,yo,he obtenido,1,reviewed,
ES,obtener,Indicativo,Pretérito perfecto compuesto,tú,has obtenido,1,reviewed,
ES,obtener,Indicativo,Pretérito perfecto compuesto,él,ha obtenido,1,reviewed,
ES,obtener,Indicativo,Pretérito perfecto compuesto,nosotros,hemos obtenido,1,reviewed,
ES,obtener,Indicativo,Pretérito perfecto compuesto,vosotros,habéis obtenido,1,reviewed,
ES,obtener,Indicativo,Pretérito perfecto compuesto,ellos,han obtenido,1,reviewed,
ES,obtener,Indicativo,Pretérito imperfecto,yo,obtenía,1,reviewed,
ES,obtener,Indicativo,Pretérito imperfecto,tú,obtenías,1,reviewed,
ES,obtener,Indicativo,Pretérito imperfecto,él,obtenía,1,reviewed,
ES,obtener,Indicativo,Pretérito imperfecto,nosotros,obteníamos,1,reviewed,
ES,obtener,Indicativo,Pretérito imperfecto,vosotros,obteníais,1,reviewed,
ES,obtener,Indicativo,Pretérito imperfecto,ellos,obtenían,1,reviewed,
ES,obtener,Condicional,Condicional,yo,obtendría,1,reviewed,
ES,obtener,Condicional,Condicional,tú,obtendrías,1,reviewed,
ES,obtener,Condicional,Condicional,él,obtendría,1,reviewed,
ES,obtener,Condicional,Condicional,nosotros,obtendríamos,1,reviewed,
ES,obtener,Condicional,Condicional,vosotros,obtendríais,1,reviewed,
ES,obtener,Condicional,Condicional,ellos,obtendrían,1,reviewed,
ES,obtener,Imperativo,Imperativo,yo,-,1,reviewed,yo imperative placeholder -; no standard form
ES,obtener,Imperativo,Imperativo,tú,obtén,1,reviewed,
ES,obtener,Imperativo,Imperativo,él,obtenga,1,reviewed,
ES,obtener,Imperativo,Imperativo,nosotros,obtengamos,1,reviewed,
ES,obtener,Imperativo,Imperativo,vosotros,obtened,1,reviewed,
ES,obtener,Imperativo,Imperativo,ellos,obtengan,1,reviewed,
ES,obtener,Indicativo,Futuro perfecto,yo,habré obtenido,1,reviewed,
ES,obtener,Indicativo,Futuro perfecto,tú,habrás obtenido,1,reviewed,
ES,obtener,Indicativo,Futuro perfecto,él,habrá obtenido,1,reviewed,
ES,obtener,Indicativo,Futuro perfecto,nosotros,habremos obtenido,1,reviewed,
ES,obtener,Indicativo,Futuro perfecto,vosotros,habréis obtenido,1,reviewed,
ES,obtener,Indicativo,Futuro perfecto,ellos,habrán obtenido,1,reviewed,
ES,obtener,Subjuntivo,Subjuntivo presente,yo,obtenga,1,reviewed,
ES,obtener,Subjuntivo,Subjuntivo presente,tú,obtengas,1,reviewed,
ES,obtener,Subjuntivo,Subjuntivo presente,él,obtenga,1,reviewed,
ES,obtener,Subjuntivo,Subjuntivo presente,nosotros,obtengamos,1,reviewed,
ES,obtener,Subjuntivo,Subjuntivo presente,vosotros,obtengáis,1,reviewed,
ES,obtener,Subjuntivo,Subjuntivo presente,ellos,obtengan,1,reviewed,
ES,obtener,Indicativo,Pretérito perfecto simple,yo,obtuve,1,reviewed,
ES,obtener,Indicativo,Pretérito perfecto simple,tú,obtuviste,1,reviewed,
ES,obtener,Indicativo,Pretérito perfecto simple,él,obtuvo,1,reviewed,
ES,obtener,Indicativo,Pretérito perfecto simple,nosotros,obtuvimos,1,reviewed,
ES,obtener,Indicativo,Pretérito perfecto simple,vosotros,obtuvisteis,1,reviewed,
ES,obtener,Indicativo,Pretérito perfecto simple,ellos,obtuvieron,1,reviewed,
ES,obtener,Indicativo,Pretérito pluscuamperfecto,yo,había obtenido,1,reviewed,
ES,obtener,Indicativo,Pretérito pluscuamperfecto,tú,habías obtenido,1,reviewed,
ES,obtener,Indicativo,Pretérito pluscuamperfecto,él,había obtenido,1,reviewed,
ES,obtener,Indicativo,Pretérito pluscuamperfecto,nosotros,habíamos obtenido,1,reviewed,
ES,obtener,Indicativo,Pretérito pluscuamperfecto,vosotros,habíais obtenido,1,reviewed,
ES,obtener,Indicativo,Pretérito pluscuamperfecto,ellos,habían obtenido,1,reviewed,
ES,conseguir,Indicativo,Presente,yo,consigo,1,reviewed,
ES,conseguir,Indicativo,Presente,tú,consigues,1,reviewed,
ES,conseguir,Indicativo,Presente,él,consigue,1,reviewed,
ES,conseguir,Indicativo,Presente,nosotros,conseguimos,1,reviewed,
ES,conseguir,Indicativo,Presente,vosotros,conseguís,1,reviewed,
ES,conseguir,Indicativo,Presente,ellos,consiguen,1,reviewed,
ES,conseguir,Indicativo,Futuro,yo,conseguiré,1,reviewed,
ES,conseguir,Indicativo,Futuro,tú,conseguirás,1,reviewed,
ES,conseguir,Indicativo,Futuro,él,conseguirá,1,reviewed,
ES,conseguir,Indicativo,Futuro,nosotros,conseguiremos,1,reviewed,
ES,conseguir,Indicativo,Futuro,vosotros,conseguiréis,1,reviewed,
ES,conseguir,Indicativo,Futuro,ellos,conseguirán,1,reviewed,
ES,conseguir,Indicativo,Pretérito perfecto compuesto,yo,he conseguido,1,reviewed,
ES,conseguir,Indicativo,Pretérito perfecto compuesto,tú,has conseguido,1,reviewed,
ES,conseguir,Indicativo,Pretérito perfecto compuesto,él,ha conseguido,1,reviewed,
ES,conseguir,Indicativo,Pretérito perfecto compuesto,nosotros,hemos conseguido,1,reviewed,
ES,conseguir,Indicativo,Pretérito perfecto compuesto,vosotros,habéis conseguido,1,reviewed,
ES,conseguir,Indicativo,Pretérito perfecto compuesto,ellos,han conseguido,1,reviewed,
ES,conseguir,Indicativo,Pretérito imperfecto,yo,conseguía,1,reviewed,
ES,conseguir,Indicativo,Pretérito imperfecto,tú,conseguías,1,reviewed,
ES,conseguir,Indicativo,Pretérito imperfecto,él,conseguía,1,reviewed,
ES,conseguir,Indicativo,Pretérito imperfecto,nosotros,conseguíamos,1,reviewed,
ES,conseguir,Indicativo,Pretérito imperfecto,vosotros,conseguíais,1,reviewed,
ES,conseguir,Indicativo,Pretérito imperfecto,ellos,conseguían,1,reviewed,
ES,conseguir,Condicional,Condicional,yo,conseguiría,1,reviewed,
ES,conseguir,Condicional,Condicional,tú,conseguirías,1,reviewed,
ES,conseguir,Condicional,Condicional,él,conseguiría,1,reviewed,
ES,conseguir,Condicional,Condicional,nosotros,conseguiríamos,1,reviewed,
ES,conseguir,Condicional,Condicional,vosotros,conseguiríais,1,reviewed,
ES,conseguir,Condicional,Condicional,ellos,conseguirían,1,reviewed,
ES,conseguir,Imperativo,Imperativo,yo,-,1,reviewed,yo imperative placeholder -; no standard form
ES,conseguir,Imperativo,Imperativo,tú,consigue,1,reviewed,
ES,conseguir,Imperativo,Imperativo,él,consiga,1,reviewed,
ES,conseguir,Imperativo,Imperativo,nosotros,consigamos,1,reviewed,
ES,conseguir,Imperativo,Imperativo,vosotros,conseguid,1,reviewed,
ES,conseguir,Imperativo,Imperativo,ellos,consigan,1,reviewed,
ES,conseguir,Indicativo,Futuro perfecto,yo,habré conseguido,1,reviewed,
ES,conseguir,Indicativo,Futuro perfecto,tú,habrás conseguido,1,reviewed,
ES,conseguir,Indicativo,Futuro perfecto,él,habrá conseguido,1,reviewed,
ES,conseguir,Indicativo,Futuro perfecto,nosotros,habremos conseguido,1,reviewed,
ES,conseguir,Indicativo,Futuro perfecto,vosotros,habréis conseguido,1,reviewed,
ES,conseguir,Indicativo,Futuro perfecto,ellos,habrán conseguido,1,reviewed,
ES,conseguir,Subjuntivo,Subjuntivo presente,yo,consiga,1,reviewed,
ES,conseguir,Subjuntivo,Subjuntivo presente,tú,consigas,1,reviewed,
ES,conseguir,Subjuntivo,Subjuntivo presente,él,consiga,1,reviewed,
ES,conseguir,Subjuntivo,Subjuntivo presente,nosotros,consigamos,1,reviewed,
ES,conseguir,Subjuntivo,Subjuntivo presente,vosotros,consigáis,1,reviewed,
ES,conseguir,Subjuntivo,Subjuntivo presente,ellos,consigan,1,reviewed,
ES,conseguir,Indicativo,Pretérito perfecto simple,yo,conseguí,1,reviewed,
ES,conseguir,Indicativo,Pretérito perfecto simple,tú,conseguiste,1,reviewed,
ES,conseguir,Indicativo,Pretérito perfecto simple,él,consiguió,1,reviewed,
ES,conseguir,Indicativo,Pretérito perfecto simple,nosotros,conseguimos,1,reviewed,
ES,conseguir,Indicativo,Pretérito perfecto simple,vosotros,conseguisteis,1,reviewed,
ES,conseguir,Indicativo,Pretérito perfecto simple,ellos,consiguieron,1,reviewed,
ES,conseguir,Indicativo,Pretérito pluscuamperfecto,yo,había conseguido,1,reviewed,
ES,conseguir,Indicativo,Pretérito pluscuamperfecto,tú,habías conseguido,1,reviewed,
ES,conseguir,Indicativo,Pretérito pluscuamperfecto,él,había conseguido,1,reviewed,
ES,conseguir,Indicativo,Pretérito pluscuamperfecto,nosotros,habíamos conseguido,1,reviewed,
ES,conseguir,Indicativo,Pretérito pluscuamperfecto,vosotros,habíais conseguido,1,reviewed,
ES,conseguir,Indicativo,Pretérito pluscuamperfecto,ellos,habían conseguido,1,reviewed,
ES,perder,Indicativo,Presente,yo,pierdo,1,reviewed,
ES,perder,Indicativo,Presente,tú,pierdes,1,reviewed,
ES,perder,Indicativo,Presente,él,pierde,1,reviewed,
ES,perder,Indicativo,Presente,nosotros,perdemos,1,reviewed,
ES,perder,Indicativo,Presente,vosotros,perdéis,1,reviewed,
ES,perder,Indicativo,Presente,ellos,pierden,1,reviewed,
ES,perder,Indicativo,Futuro,yo,perderé,1,reviewed,
ES,perder,Indicativo,Futuro,tú,perderás,1,reviewed,
ES,perder,Indicativo,Futuro,él,perderá,1,reviewed,
ES,perder,Indicativo,Futuro,nosotros,perderemos,1,reviewed,
ES,perder,Indicativo,Futuro,vosotros,perderéis,1,reviewed,
ES,perder,Indicativo,Futuro,ellos,perderán,1,reviewed,
ES,perder,Indicativo,Pretérito perfecto compuesto,yo,he perdido,1,reviewed,
ES,perder,Indicativo,Pretérito perfecto compuesto,tú,has perdido,1,reviewed,
ES,perder,Indicativo,Pretérito perfecto compuesto,él,ha perdido,1,reviewed,
ES,perder,Indicativo,Pretérito perfecto compuesto,nosotros,hemos perdido,1,reviewed,
ES,perder,Indicativo,Pretérito perfecto compuesto,vosotros,habéis perdido,1,reviewed,
ES,perder,Indicativo,Pretérito perfecto compuesto,ellos,han perdido,1,reviewed,
ES,perder,Indicativo,Pretérito imperfecto,yo,perdía,1,reviewed,
ES,perder,Indicativo,Pretérito imperfecto,tú,perdías,1,reviewed,
ES,perder,Indicativo,Pretérito imperfecto,él,perdía,1,reviewed,
ES,perder,Indicativo,Pretérito imperfecto,nosotros,perdíamos,1,reviewed,
ES,perder,Indicativo,Pretérito imperfecto,vosotros,perdíais,1,reviewed,
ES,perder,Indicativo,Pretérito imperfecto,ellos,perdían,1,reviewed,
ES,perder,Condicional,Condicional,yo,perdería,1,reviewed,
ES,perder,Condicional,Condicional,tú,perderías,1,reviewed,
ES,perder,Condicional,Condicional,él,perdería,1,reviewed,
ES,perder,Condicional,Condicional,nosotros,perderíamos,1,reviewed,
ES,perder,Condicional,Condicional,vosotros,perderíais,1,reviewed,
ES,perder,Condicional,Condicional,ellos,perderían,1,reviewed,
ES,perder,Imperativo,Imperativo,yo,-,1,reviewed,yo imperative placeholder -; no standard form
ES,perder,Imperativo,Imperativo,tú,pierde,1,reviewed,
ES,perder,Imperativo,Imperativo,él,pierda,1,reviewed,
ES,perder,Imperativo,Imperativo,nosotros,perdamos,1,reviewed,
ES,perder,Imperativo,Imperativo,vosotros,perded,1,reviewed,
ES,perder,Imperativo,Imperativo,ellos,pierdan,1,reviewed,
ES,perder,Indicativo,Futuro perfecto,yo,habré perdido,1,reviewed,
ES,perder,Indicativo,Futuro perfecto,tú,habrás perdido,1,reviewed,
ES,perder,Indicativo,Futuro perfecto,él,habrá perdido,1,reviewed,
ES,perder,Indicativo,Futuro perfecto,nosotros,habremos perdido,1,reviewed,
ES,perder,Indicativo,Futuro perfecto,vosotros,habréis perdido,1,reviewed,
ES,perder,Indicativo,Futuro perfecto,ellos,habrán perdido,1,reviewed,
ES,perder,Subjuntivo,Subjuntivo presente,yo,pierda,1,reviewed,
ES,perder,Subjuntivo,Subjuntivo presente,tú,pierdas,1,reviewed,
ES,perder,Subjuntivo,Subjuntivo presente,él,pierda,1,reviewed,
ES,perder,Subjuntivo,Subjuntivo presente,nosotros,perdamos,1,reviewed,
ES,perder,Subjuntivo,Subjuntivo presente,vosotros,perdáis,1,reviewed,
ES,perder,Subjuntivo,Subjuntivo presente,ellos,pierdan,1,reviewed,
ES,perder,Indicativo,Pretérito perfecto simple,yo,perdí,1,reviewed,
ES,perder,Indicativo,Pretérito perfecto simple,tú,perdiste,1,reviewed,
ES,perder,Indicativo,Pretérito perfecto simple,él,perdió,1,reviewed,
ES,perder,Indicativo,Pretérito perfecto simple,nosotros,perdimos,1,reviewed,
ES,perder,Indicativo,Pretérito perfecto simple,vosotros,perdisteis,1,reviewed,
ES,perder,Indicativo,Pretérito perfecto simple,ellos,perdieron,1,reviewed,
ES,perder,Indicativo,Pretérito pluscuamperfecto,yo,había perdido,1,reviewed,
ES,perder,Indicativo,Pretérito pluscuamperfecto,tú,habías perdido,1,reviewed,
ES,perder,Indicativo,Pretérito pluscuamperfecto,él,había perdido,1,reviewed,
ES,perder,Indicativo,Pretérito pluscuamperfecto,nosotros,habíamos perdido,1,reviewed,
ES,perder,Indicativo,Pretérito pluscuamperfecto,vosotros,habíais perdido,1,reviewed,
ES,perder,Indicativo,Pretérito pluscuamperfecto,ellos,habían perdido,1,reviewed,
