language_code,infinitive,mood,tense,pronoun,conjugated_form,batch,review_status,source_note
FR,contenir,Indicatif,Présent,je,contiens,10,reviewed,irregular/compound paradigm patched manually; QA recommended
FR,contenir,Indicatif,Présent,tu,contiens,10,reviewed,irregular/compound paradigm patched manually; QA recommended
FR,contenir,Indicatif,Présent,"il (elle, on)",contient,10,reviewed,irregular/compound paradigm patched manually; QA recommended
FR,contenir,Indicatif,Présent,nous,contenons,10,reviewed,irregular/compound paradigm patched manually; QA recommended
FR,contenir,Indicatif,Présent,vous,contenez,10,reviewed,irregular/compound paradigm patched manually; QA recommended
FR,contenir,Indicatif,Présent,ils (elles),contiennent,10,reviewed,irregular/compound paradigm patched manually; QA recommended
FR,contenir,Indicatif,Futur,je,contiendrai,10,reviewed,irregular/compound paradigm patched manually; QA recommended
FR,contenir,Indicatif,Futur,tu,contiendras,10,reviewed,irregular/compound paradigm patched manually; QA recommended
FR,contenir,Indicatif,Futur,"il (elle, on)",contiendra,10,reviewed,irregular/compound paradigm patched manually; QA recommended
FR,contenir,Indicatif,Futur,nous,contiendrons,10,reviewed,irregular/compound paradigm patched manually; QA recommended
FR,contenir,Indicatif,Futur,vous,contiendrez,10,reviewed,irregular/compound paradigm patched manually; QA recommended
FR,contenir,Indicatif,Futur,ils (elles),contiendront,10,reviewed,irregular/compound paradigm patched manually; QA recommended
FR,contenir,Indicatif,Passé composé,je,ai contenu,10,reviewed,irregular/compound paradigm patched manually; QA recommended
FR,contenir,Indicatif,Passé composé,tu,as contenu,10,reviewed,irregular/compound paradigm patched manually; QA recommended
FR,contenir,Indicatif,Passé composé,"il (elle, on)",a contenu,10,reviewed,irregular/compound paradigm patched manually; QA recommended
FR,contenir,Indicatif,Passé composé,nous,avons contenu,10,reviewed,irregular/compound paradigm patched manually; QA recommended
FR,contenir,Indicatif,Passé composé,vous,avez contenu,10,reviewed,irregular/compound paradigm patched manually; QA recommended
FR,contenir,Indicatif,Passé composé,ils (elles),ont contenu,10,reviewed,irregular/compound paradigm patched manually; QA recommended
FR,contenir,Indicatif,Imparfait,je,contenais,10,reviewed,irregular/compound paradigm patched manually; QA recommended
FR,contenir,Indicatif,Imparfait,tu,contenais,10,reviewed,irregular/compound paradigm patched manually; QA recommended
FR,contenir,Indicatif,Imparfait,"il (elle, on)",contenait,10,reviewed,irregular/compound paradigm patched manually; QA recommended
FR,contenir,Indicatif,Imparfait,nous,contenions,10,reviewed,irregular/compound paradigm patched manually; QA recommended
FR,contenir,Indicatif,Imparfait,vous,conteniez,10,reviewed,irregular/compound paradigm patched manually; QA recommended
FR,contenir,Indicatif,Imparfait,ils (elles),contenaient,10,reviewed,irregular/compound paradigm patched manually; QA recommended
FR,contenir,Conditionnel,Conditionnel présent,je,contiendrais,10,reviewed,irregular/compound paradigm patched manually; QA recommended
FR,contenir,Conditionnel,Conditionnel présent,tu,contiendrais,10,reviewed,irregular/compound paradigm patched manually; QA recommended
FR,contenir,Conditionnel,Conditionnel présent,"il (elle, on)",contiendrait,10,reviewed,irregular/compound paradigm patched manually; QA recommended
FR,contenir,Conditionnel,Conditionnel présent,nous,contiendrions,10,reviewed,irregular/compound paradigm patched manually; QA recommended
FR,contenir,Conditionnel,Conditionnel présent,vous,contiendriez,10,reviewed,irregular/compound paradigm patched manually; QA recommended
FR,contenir,Conditionnel,Conditionnel présent,ils (elles),contiendraient,10,reviewed,irregular/compound paradigm patched manually; QA recommended
FR,contenir,Impératif,Impératif,je,-,10,reviewed,irregular/compound paradigm patched manually; QA recommended; French imperative only uses tu / nous / vous; placeholder - used for unsupported slot
FR,contenir,Impératif,Impératif,tu,contiens,10,reviewed,irregular/compound paradigm patched manually; QA recommended
FR,contenir,Impératif,Impératif,"il (elle, on)",-,10,reviewed,irregular/compound paradigm patched manually; QA recommended; French imperative only uses tu / nous / vous; placeholder - used for unsupported slot
FR,contenir,Impératif,Impératif,nous,contenons,10,reviewed,irregular/compound paradigm patched manually; QA recommended
FR,contenir,Impératif,Impératif,vous,contenez,10,reviewed,irregular/compound paradigm patched manually; QA recommended
FR,contenir,Impératif,Impératif,ils (elles),-,10,reviewed,irregular/compound paradigm patched manually; QA recommended; French imperative only uses tu / nous / vous; placeholder - used for unsupported slot
FR,contenir,Subjonctif,Subjonctif présent,je,contienne,10,reviewed,irregular/compound paradigm patched manually; QA recommended
FR,contenir,Subjonctif,Subjonctif présent,tu,contiennes,10,reviewed,irregular/compound paradigm patched manually; QA recommended
FR,contenir,Subjonctif,Subjonctif présent,"il (elle, on)",contienne,10,reviewed,irregular/compound paradigm patched manually; QA recommended
FR,contenir,Subjonctif,Subjonctif présent,nous,contenions,10,reviewed,irregular/compound paradigm patched manually; QA recommended
FR,contenir,Subjonctif,Subjonctif présent,vous,conteniez,10,reviewed,irregular/compound paradigm patched manually; QA recommended
FR,contenir,Subjonctif,Subjonctif présent,ils (elles),contiennent,10,reviewed,irregular/compound paradigm patched manually; QA recommended
FR,contenir,Indicatif,Passé Simple,je,contins,10,reviewed,irregular/compound paradigm patched manually; QA recommended
FR,contenir,Indicatif,Passé Simple,tu,contins,10,reviewed,irregular/compound paradigm patched manually; QA recommended
FR,contenir,Indicatif,Passé Simple,"il (elle, on)",contint,10,reviewed,irregular/compound paradigm patched manually; QA recommended
FR,contenir,Indicatif,Passé Simple,nous,contînmes,10,reviewed,irregular/compound paradigm patched manually; QA recommended
FR,contenir,Indicatif,Passé Simple,vous,contîntes,10,reviewed,irregular/compound paradigm patched manually; QA recommended
FR,contenir,Indicatif,Passé Simple,ils (elles),continrent,10,reviewed,irregular/compound paradigm patched manually; QA recommended
FR,contenir,Subjonctif,Subjonctif imparfait,je,continsse,10,reviewed,irregular/compound paradigm patched manually; QA recommended
FR,contenir,Subjonctif,Subjonctif imparfait,tu,continsses,10,reviewed,irregular/compound paradigm patched manually; QA recommended
FR,contenir,Subjonctif,Subjonctif imparfait,"il (elle, on)",contînt,10,reviewed,irregular/compound paradigm patched manually; QA recommended
FR,contenir,Subjonctif,Subjonctif imparfait,nous,continssions,10,reviewed,irregular/compound paradigm patched manually; QA recommended
FR,contenir,Subjonctif,Subjonctif imparfait,vous,continssiez,10,reviewed,irregular/compound paradigm patched manually; QA recommended
FR,contenir,Subjonctif,Subjonctif imparfait,ils (elles),continssent,10,reviewed,irregular/compound paradigm patched manually; QA recommended
FR,dominer,Indicatif,Présent,je,domine,10,reviewed,repo-local legacy seed normalized into curated contract; QA recommended
FR,dominer,Indicatif,Présent,tu,domines,10,reviewed,repo-local legacy seed normalized into curated contract; QA recommended
FR,dominer,Indicatif,Présent,"il (elle, on)",domine,10,reviewed,repo-local legacy seed normalized into curated contract; QA recommended
FR,dominer,Indicatif,Présent,nous,dominons,10,reviewed,repo-local legacy seed normalized into curated contract; QA recommended
FR,dominer,Indicatif,Présent,vous,dominez,10,reviewed,repo-local legacy seed normalized into curated contract; QA recommended
FR,dominer,Indicatif,Présent,ils (elles),dominent,10,reviewed,repo-local legacy seed normalized into curated contract; QA recommended
FR,dominer,Indicatif,Futur,je,dominerai,10,reviewed,repo-local legacy seed normalized into curated contract; QA recommended
FR,dominer,Indicatif,Futur,tu,domineras,10,reviewed,repo-local legacy seed normalized into curated contract; QA recommended
FR,dominer,Indicatif,Futur,"il (elle, on)",dominera,10,reviewed,repo-local legacy seed normalized into curated contract; QA recommended
FR,dominer,Indicatif,Futur,nous,dominerons,10,reviewed,repo-local legacy seed normalized into curated contract; QA recommended
FR,dominer,Indicatif,Futur,vous,dominerez,10,reviewed,repo-local legacy seed normalized into curated contract; QA recommended
FR,dominer,Indicatif,Futur,ils (elles),domineront,10,reviewed,repo-local legacy seed normalized into curated contract; QA recommended
FR,dominer,Indicatif,Passé composé,je,ai dominé,10,reviewed,repo-local legacy seed normalized into curated contract; QA recommended
FR,dominer,Indicatif,Passé composé,tu,as dominé,10,reviewed,repo-local legacy seed normalized into curated contract; QA recommended
FR,dominer,Indicatif,Passé composé,"il (elle, on)",a dominé,10,reviewed,repo-local legacy seed normalized into curated contract; QA recommended
FR,dominer,Indicatif,Passé composé,nous,avons dominé,10,reviewed,repo-local legacy seed normalized into curated contract; QA recommended
FR,dominer,Indicatif,Passé composé,vous,avez dominé,10,reviewed,repo-local legacy seed normalized into curated contract; QA recommended
FR,dominer,Indicatif,Passé composé,ils (elles),ont dominé,10,reviewed,repo-local legacy seed normalized into curated contract; QA recommended
FR,dominer,Indicatif,Imparfait,je,dominais,10,reviewed,repo-local legacy seed normalized into curated contract; QA recommended
FR,dominer,Indicatif,Imparfait,tu,dominais,10,reviewed,repo-local legacy seed normalized into curated contract; QA recommended
FR,dominer,Indicatif,Imparfait,"il (elle, on)",dominait,10,reviewed,repo-local legacy seed normalized into curated contract; QA recommended
FR,dominer,Indicatif,Imparfait,nous,dominions,10,reviewed,repo-local legacy seed normalized into curated contract; QA recommended
FR,dominer,Indicatif,Imparfait,vous,dominiez,10,reviewed,repo-local legacy seed normalized into curated contract; QA recommended
FR,dominer,Indicatif,Imparfait,ils (elles),dominaient,10,reviewed,repo-local legacy seed normalized into curated contract; QA recommended
FR,dominer,Conditionnel,Conditionnel présent,je,dominerais,10,reviewed,repo-local legacy seed normalized into curated contract; QA recommended
FR,dominer,Conditionnel,Conditionnel présent,tu,dominerais,10,reviewed,repo-local legacy seed normalized into curated contract; QA recommended
FR,dominer,Conditionnel,Conditionnel présent,"il (elle, on)",dominerait,10,reviewed,repo-local legacy seed normalized into curated contract; QA recommended
FR,dominer,Conditionnel,Conditionnel présent,nous,dominerions,10,reviewed,repo-local legacy seed normalized into curated contract; QA recommended
FR,dominer,Conditionnel,Conditionnel présent,vous,domineriez,10,reviewed,repo-local legacy seed normalized into curated contract; QA recommended
FR,dominer,Conditionnel,Conditionnel présent,ils (elles),domineraient,10,reviewed,repo-local legacy seed normalized into curated contract; QA recommended
FR,dominer,Impératif,Impératif,je,-,10,reviewed,repo-local legacy seed normalized into curated contract; QA recommended; French imperative only uses tu / nous / vous; placeholder - used for unsupported slot
FR,dominer,Impératif,Impératif,tu,domine,10,reviewed,repo-local legacy seed normalized into curated contract; QA recommended
FR,dominer,Impératif,Impératif,"il (elle, on)",-,10,reviewed,repo-local legacy seed normalized into curated contract; QA recommended; French imperative only uses tu / nous / vous; placeholder - used for unsupported slot
FR,dominer,Impératif,Impératif,nous,dominons,10,reviewed,repo-local legacy seed normalized into curated contract; QA recommended
FR,dominer,Impératif,Impératif,vous,dominez,10,reviewed,repo-local legacy seed normalized into curated contract; QA recommended
FR,dominer,Impératif,Impératif,ils (elles),-,10,reviewed,repo-local legacy seed normalized into curated contract; QA recommended; French imperative only uses tu / nous / vous; placeholder - used for unsupported slot
FR,dominer,Subjonctif,Subjonctif présent,je,domine,10,reviewed,repo-local legacy seed normalized into curated contract; QA recommended
FR,dominer,Subjonctif,Subjonctif présent,tu,domines,10,reviewed,repo-local legacy seed normalized into curated contract; QA recommended
FR,dominer,Subjonctif,Subjonctif présent,"il (elle, on)",domine,10,reviewed,repo-local legacy seed normalized into curated contract; QA recommended
FR,dominer,Subjonctif,Subjonctif présent,nous,dominions,10,reviewed,repo-local legacy seed normalized into curated contract; QA recommended
FR,dominer,Subjonctif,Subjonctif présent,vous,dominiez,10,reviewed,repo-local legacy seed normalized into curated contract; QA recommended
FR,dominer,Subjonctif,Subjonctif présent,ils (elles),dominent,10,reviewed,repo-local legacy seed normalized into curated contract; QA recommended
FR,dominer,Indicatif,Passé Simple,je,dominai,10,reviewed,repo-local legacy seed normalized into curated contract; QA recommended
FR,dominer,Indicatif,Passé Simple,tu,dominas,10,reviewed,repo-local legacy seed normalized into curated contract; QA recommended
FR,dominer,Indicatif,Passé Simple,"il (elle, on)",domina,10,reviewed,repo-local legacy seed normalized into curated contract; QA recommended
FR,dominer,Indicatif,Passé Simple,nous,dominâmes,10,reviewed,repo-local legacy seed normalized into curated contract; QA recommended
FR,dominer,Indicatif,Passé Simple,vous,dominâtes,10,reviewed,repo-local legacy seed normalized into curated contract; QA recommended
FR,dominer,Indicatif,Passé Simple,ils (elles),dominèrent,10,reviewed,repo-local legacy seed normalized into curated contract; QA recommended
FR,dominer,Subjonctif,Subjonctif imparfait,je,dominasse,10,reviewed,repo-local legacy seed normalized into curated contract; QA recommended
FR,dominer,Subjonctif,Subjonctif imparfait,tu,dominasses,10,reviewed,repo-local legacy seed normalized into curated contract; QA recommended
FR,dominer,Subjonctif,Subjonctif imparfait,"il (elle, on)",dominât,10,reviewed,repo-local legacy seed normalized into curated contract; QA recommended
FR,dominer,Subjonctif,Subjonctif imparfait,nous,dominassions,10,reviewed,repo-local legacy seed normalized into curated contract; QA recommended
FR,dominer,Subjonctif,Subjonctif imparfait,vous,dominassiez,10,reviewed,repo-local legacy seed normalized into curated contract; QA recommended
FR,dominer,Subjonctif,Subjonctif imparfait,ils (elles),dominassent,10,reviewed,repo-local legacy seed normalized into curated contract; QA recommended
FR,transmettre,Indicatif,Présent,je,transmets,10,reviewed,irregular/compound paradigm patched manually; QA recommended
FR,transmettre,Indicatif,Présent,tu,transmets,10,reviewed,irregular/compound paradigm patched manually; QA recommended
FR,transmettre,Indicatif,Présent,"il (elle, on)",transmet,10,reviewed,irregular/compound paradigm patched manually; QA recommended
FR,transmettre,Indicatif,Présent,nous,transmettons,10,reviewed,irregular/compound paradigm patched manually; QA recommended
FR,transmettre,Indicatif,Présent,vous,transmettez,10,reviewed,irregular/compound paradigm patched manually; QA recommended
FR,transmettre,Indicatif,Présent,ils (elles),transmettent,10,reviewed,irregular/compound paradigm patched manually; QA recommended
FR,transmettre,Indicatif,Futur,je,transmettrai,10,reviewed,irregular/compound paradigm patched manually; QA recommended
FR,transmettre,Indicatif,Futur,tu,transmettras,10,reviewed,irregular/compound paradigm patched manually; QA recommended
FR,transmettre,Indicatif,Futur,"il (elle, on)",transmettra,10,reviewed,irregular/compound paradigm patched manually; QA recommended
FR,transmettre,Indicatif,Futur,nous,transmettrons,10,reviewed,irregular/compound paradigm patched manually; QA recommended
FR,transmettre,Indicatif,Futur,vous,transmettrez,10,reviewed,irregular/compound paradigm patched manually; QA recommended
FR,transmettre,Indicatif,Futur,ils (elles),transmettront,10,reviewed,irregular/compound paradigm patched manually; QA recommended
FR,transmettre,Indicatif,Passé composé,je,ai transmis,10,reviewed,irregular/compound paradigm patched manually; QA recommended
FR,transmettre,Indicatif,Passé composé,tu,as transmis,10,reviewed,irregular/compound paradigm patched manually; QA recommended
FR,transmettre,Indicatif,Passé composé,"il (elle, on)",a transmis,10,reviewed,irregular/compound paradigm patched manually; QA recommended
FR,transmettre,Indicatif,Passé composé,nous,avons transmis,10,reviewed,irregular/compound paradigm patched manually; QA recommended
FR,transmettre,Indicatif,Passé composé,vous,avez transmis,10,reviewed,irregular/compound paradigm patched manually; QA recommended
FR,transmettre,Indicatif,Passé composé,ils (elles),ont transmis,10,reviewed,irregular/compound paradigm patched manually; QA recommended
FR,transmettre,Indicatif,Imparfait,je,transmettais,10,reviewed,irregular/compound paradigm patched manually; QA recommended
FR,transmettre,Indicatif,Imparfait,tu,transmettais,10,reviewed,irregular/compound paradigm patched manually; QA recommended
FR,transmettre,Indicatif,Imparfait,"il (elle, on)",transmettait,10,reviewed,irregular/compound paradigm patched manually; QA recommended
FR,transmettre,Indicatif,Imparfait,nous,transmettions,10,reviewed,irregular/compound paradigm patched manually; QA recommended
FR,transmettre,Indicatif,Imparfait,vous,transmettiez,10,reviewed,irregular/compound paradigm patched manually; QA recommended
FR,transmettre,Indicatif,Imparfait,ils (elles),transmettaient,10,reviewed,irregular/compound paradigm patched manually; QA recommended
FR,transmettre,Conditionnel,Conditionnel présent,je,transmettrais,10,reviewed,irregular/compound paradigm patched manually; QA recommended
FR,transmettre,Conditionnel,Conditionnel présent,tu,transmettrais,10,reviewed,irregular/compound paradigm patched manually; QA recommended
FR,transmettre,Conditionnel,Conditionnel présent,"il (elle, on)",transmettrait,10,reviewed,irregular/compound paradigm patched manually; QA recommended
FR,transmettre,Conditionnel,Conditionnel présent,nous,transmettrions,10,reviewed,irregular/compound paradigm patched manually; QA recommended
FR,transmettre,Conditionnel,Conditionnel présent,vous,transmettriez,10,reviewed,irregular/compound paradigm patched manually; QA recommended
FR,transmettre,Conditionnel,Conditionnel présent,ils (elles),transmettraient,10,reviewed,irregular/compound paradigm patched manually; QA recommended
FR,transmettre,Impératif,Impératif,je,-,10,reviewed,irregular/compound paradigm patched manually; QA recommended; French imperative only uses tu / nous / vous; placeholder - used for unsupported slot
FR,transmettre,Impératif,Impératif,tu,transmets,10,reviewed,irregular/compound paradigm patched manually; QA recommended
FR,transmettre,Impératif,Impératif,"il (elle, on)",-,10,reviewed,irregular/compound paradigm patched manually; QA recommended; French imperative only uses tu / nous / vous; placeholder - used for unsupported slot
FR,transmettre,Impératif,Impératif,nous,transmettons,10,reviewed,irregular/compound paradigm patched manually; QA recommended
FR,transmettre,Impératif,Impératif,vous,transmettez,10,reviewed,irregular/compound paradigm patched manually; QA recommended
FR,transmettre,Impératif,Impératif,ils (elles),-,10,reviewed,irregular/compound paradigm patched manually; QA recommended; French imperative only uses tu / nous / vous; placeholder - used for unsupported slot
FR,transmettre,Subjonctif,Subjonctif présent,je,transmette,10,reviewed,irregular/compound paradigm patched manually; QA recommended
FR,transmettre,Subjonctif,Subjonctif présent,tu,transmettes,10,reviewed,irregular/compound paradigm patched manually; QA recommended
FR,transmettre,Subjonctif,Subjonctif présent,"il (elle, on)",transmette,10,reviewed,irregular/compound paradigm patched manually; QA recommended
FR,transmettre,Subjonctif,Subjonctif présent,nous,transmettions,10,reviewed,irregular/compound paradigm patched manually; QA recommended
FR,transmettre,Subjonctif,Subjonctif présent,vous,transmettiez,10,reviewed,irregular/compound paradigm patched manually; QA recommended
FR,transmettre,Subjonctif,Subjonctif présent,ils (elles),transmettent,10,reviewed,irregular/compound paradigm patched manually; QA recommended
FR,transmettre,Indicatif,Passé Simple,je,transmis,10,reviewed,irregular/compound paradigm patched manually; QA recommended
FR,transmettre,Indicatif,Passé Simple,tu,transmis,10,reviewed,irregular/compound paradigm patched manually; QA recommended
FR,transmettre,Indicatif,Passé Simple,"il (elle, on)",transmit,10,reviewed,irregular/compound paradigm patched manually; QA recommended
FR,transmettre,Indicatif,Passé Simple,nous,transmîmes,10,reviewed,irregular/compound paradigm patched manually; QA recommended
FR,transmettre,Indicatif,Passé Simple,vous,transmîtes,10,reviewed,irregular/compound paradigm patched manually; QA recommended
FR,transmettre,Indicatif,Passé Simple,ils (elles),transmirent,10,reviewed,irregular/compound paradigm patched manually; QA recommended
FR,transmettre,Subjonctif,Subjonctif imparfait,je,transmisse,10,reviewed,irregular/compound paradigm patched manually; QA recommended
FR,transmettre,Subjonctif,Subjonctif imparfait,tu,transmisses,10,reviewed,irregular/compound paradigm patched manually; QA recommended
FR,transmettre,Subjonctif,Subjonctif imparfait,"il (elle, on)",transmît,10,reviewed,irregular/compound paradigm patched manually; QA recommended
FR,transmettre,Subjonctif,Subjonctif imparfait,nous,transmissions,10,reviewed,irregular/compound paradigm patched manually; QA recommended
FR,transmettre,Subjonctif,Subjonctif imparfait,vous,transmissiez,10,reviewed,irregular/compound paradigm patched manually; QA recommended
FR,transmettre,Subjonctif,Subjonctif imparfait,ils (elles),transmissent,10,reviewed,irregular/compound paradigm patched manually; QA recommended
FR,causer,Indicatif,Présent,je,cause,10,reviewed,repo-local legacy seed normalized into curated contract; QA recommended
FR,causer,Indicatif,Présent,tu,causes,10,reviewed,repo-local legacy seed normalized into curated contract; QA recommended
FR,causer,Indicatif,Présent,"il (elle, on)",cause,10,reviewed,repo-local legacy seed normalized into curated contract; QA recommended
FR,causer,Indicatif,Présent,nous,causons,10,reviewed,repo-local legacy seed normalized into curated contract; QA recommended
FR,causer,Indicatif,Présent,vous,causez,10,reviewed,repo-local legacy seed normalized into curated contract; QA recommended
FR,causer,Indicatif,Présent,ils (elles),causent,10,reviewed,repo-local legacy seed normalized into curated contract; QA recommended
FR,causer,Indicatif,Futur,je,causerai,10,reviewed,repo-local legacy seed normalized into curated contract; QA recommended
FR,causer,Indicatif,Futur,tu,causeras,10,reviewed,repo-local legacy seed normalized into curated contract; QA recommended
FR,causer,Indicatif,Futur,"il (elle, on)",causera,10,reviewed,repo-local legacy seed normalized into curated contract; QA recommended
FR,causer,Indicatif,Futur,nous,causerons,10,reviewed,repo-local legacy seed normalized into curated contract; QA recommended
FR,causer,Indicatif,Futur,vous,causerez,10,reviewed,repo-local legacy seed normalized into curated contract; QA recommended
FR,causer,Indicatif,Futur,ils (elles),causeront,10,reviewed,repo-local legacy seed normalized into curated contract; QA recommended
FR,causer,Indicatif,Passé composé,je,ai causé,10,reviewed,repo-local legacy seed normalized into curated contract; QA recommended
FR,causer,Indicatif,Passé composé,tu,as causé,10,reviewed,repo-local legacy seed normalized into curated contract; QA recommended
FR,causer,Indicatif,Passé composé,"il (elle, on)",a causé,10,reviewed,repo-local legacy seed normalized into curated contract; QA recommended
FR,causer,Indicatif,Passé composé,nous,avons causé,10,reviewed,repo-local legacy seed normalized into curated contract; QA recommended
FR,causer,Indicatif,Passé composé,vous,avez causé,10,reviewed,repo-local legacy seed normalized into curated contract; QA recommended
FR,causer,Indicatif,Passé composé,ils (elles),ont causé,10,reviewed,repo-local legacy seed normalized into curated contract; QA recommended
FR,causer,Indicatif,Imparfait,je,causais,10,reviewed,repo-local legacy seed normalized into curated contract; QA recommended
FR,causer,Indicatif,Imparfait,tu,causais,10,reviewed,repo-local legacy seed normalized into curated contract; QA recommended
FR,causer,Indicatif,Imparfait,"il (elle, on)",causait,10,reviewed,repo-local legacy seed normalized into curated contract; QA recommended
FR,causer,Indicatif,Imparfait,nous,causions,10,reviewed,repo-local legacy seed normalized into curated contract; QA recommended
FR,causer,Indicatif,Imparfait,vous,causiez,10,reviewed,repo-local legacy seed normalized into curated contract; QA recommended
FR,causer,Indicatif,Imparfait,ils (elles),causaient,10,reviewed,repo-local legacy seed normalized into curated contract; QA recommended
FR,causer,Conditionnel,Conditionnel présent,je,causerais,10,reviewed,repo-local legacy seed normalized into curated contract; QA recommended
FR,causer,Conditionnel,Conditionnel présent,tu,causerais,10,reviewed,repo-local legacy seed normalized into curated contract; QA recommended
FR,causer,Conditionnel,Conditionnel présent,"il (elle, on)",causerait,10,reviewed,repo-local legacy seed normalized into curated contract; QA recommended
FR,causer,Conditionnel,Conditionnel présent,nous,causerions,10,reviewed,repo-local legacy seed normalized into curated contract; QA recommended
FR,causer,Conditionnel,Conditionnel présent,vous,causeriez,10,reviewed,repo-local legacy seed normalized into curated contract; QA recommended
FR,causer,Conditionnel,Conditionnel présent,ils (elles),causeraient,10,reviewed,repo-local legacy seed normalized into curated contract; QA recommended
FR,causer,Impératif,Impératif,je,-,10,reviewed,repo-local legacy seed normalized into curated contract; QA recommended; French imperative only uses tu / nous / vous; placeholder - used for unsupported slot
FR,causer,Impératif,Impératif,tu,cause,10,reviewed,repo-local legacy seed normalized into curated contract; QA recommended
FR,causer,Impératif,Impératif,"il (elle, on)",-,10,reviewed,repo-local legacy seed normalized into curated contract; QA recommended; French imperative only uses tu / nous / vous; placeholder - used for unsupported slot
FR,causer,Impératif,Impératif,nous,causons,10,reviewed,repo-local legacy seed normalized into curated contract; QA recommended
FR,causer,Impératif,Impératif,vous,causez,10,reviewed,repo-local legacy seed normalized into curated contract; QA recommended
FR,causer,Impératif,Impératif,ils (elles),-,10,reviewed,repo-local legacy seed normalized into curated contract; QA recommended; French imperative only uses tu / nous / vous; placeholder - used for unsupported slot
FR,causer,Subjonctif,Subjonctif présent,je,cause,10,reviewed,repo-local legacy seed normalized into curated contract; QA recommended
FR,causer,Subjonctif,Subjonctif présent,tu,causes,10,reviewed,repo-local legacy seed normalized into curated contract; QA recommended
FR,causer,Subjonctif,Subjonctif présent,"il (elle, on)",cause,10,reviewed,repo-local legacy seed normalized into curated contract; QA recommended
FR,causer,Subjonctif,Subjonctif présent,nous,causions,10,reviewed,repo-local legacy seed normalized into curated contract; QA recommended
FR,causer,Subjonctif,Subjonctif présent,vous,causiez,10,reviewed,repo-local legacy seed normalized into curated contract; QA recommended
FR,causer,Subjonctif,Subjonctif présent,ils (elles),causent,10,reviewed,repo-local legacy seed normalized into curated contract; QA recommended
FR,causer,Indicatif,Passé Simple,je,causai,10,reviewed,repo-local legacy seed normalized into curated contract; QA recommended
FR,causer,Indicatif,Passé Simple,tu,causas,10,reviewed,repo-local legacy seed normalized into curated contract; QA recommended
FR,causer,Indicatif,Passé Simple,"il (elle, on)",causa,10,reviewed,repo-local legacy seed normalized into curated contract; QA recommended
FR,causer,Indicatif,Passé Simple,nous,causâmes,10,reviewed,repo-local legacy seed normalized into curated contract; QA recommended
FR,causer,Indicatif,Passé Simple,vous,causâtes,10,reviewed,repo-local legacy seed normalized into curated contract; QA recommended
FR,causer,Indicatif,Passé Simple,ils (elles),causèrent,10,reviewed,repo-local legacy seed normalized into curated contract; QA recommended
FR,causer,Subjonctif,Subjonctif imparfait,je,causasse,10,reviewed,repo-local legacy seed normalized into curated contract; QA recommended
FR,causer,Subjonctif,Subjonctif imparfait,tu,causasses,10,reviewed,repo-local legacy seed normalized into curated contract; QA recommended
FR,causer,Subjonctif,Subjonctif imparfait,"il (elle, on)",causât,10,reviewed,repo-local legacy seed normalized into curated contract; QA recommended
FR,causer,Subjonctif,Subjonctif imparfait,nous,causassions,10,reviewed,repo-local legacy seed normalized into curated contract; QA recommended
FR,causer,Subjonctif,Subjonctif imparfait,vous,causassiez,10,reviewed,repo-local legacy seed normalized into curated contract; QA recommended
FR,causer,Subjonctif,Subjonctif imparfait,ils (elles),causassent,10,reviewed,repo-local legacy seed normalized into curated contract; QA recommended
FR,situer,Indicatif,Présent,je,situe,10,reviewed,repo-local legacy seed normalized into curated contract; QA recommended
FR,situer,Indicatif,Présent,tu,situes,10,reviewed,repo-local legacy seed normalized into curated contract; QA recommended
FR,situer,Indicatif,Présent,"il (elle, on)",situe,10,reviewed,repo-local legacy seed normalized into curated contract; QA recommended
FR,situer,Indicatif,Présent,nous,situons,10,reviewed,repo-local legacy seed normalized into curated contract; QA recommended
FR,situer,Indicatif,Présent,vous,situez,10,reviewed,repo-local legacy seed normalized into curated contract; QA recommended
FR,situer,Indicatif,Présent,ils (elles),situent,10,reviewed,repo-local legacy seed normalized into curated contract; QA recommended
FR,situer,Indicatif,Futur,je,situerai,10,reviewed,repo-local legacy seed normalized into curated contract; QA recommended
FR,situer,Indicatif,Futur,tu,situeras,10,reviewed,repo-local legacy seed normalized into curated contract; QA recommended
FR,situer,Indicatif,Futur,"il (elle, on)",situera,10,reviewed,repo-local legacy seed normalized into curated contract; QA recommended
FR,situer,Indicatif,Futur,nous,situerons,10,reviewed,repo-local legacy seed normalized into curated contract; QA recommended
FR,situer,Indicatif,Futur,vous,situerez,10,reviewed,repo-local legacy seed normalized into curated contract; QA recommended
FR,situer,Indicatif,Futur,ils (elles),situeront,10,reviewed,repo-local legacy seed normalized into curated contract; QA recommended
FR,situer,Indicatif,Passé composé,je,ai situé,10,reviewed,repo-local legacy seed normalized into curated contract; QA recommended
FR,situer,Indicatif,Passé composé,tu,as situé,10,reviewed,repo-local legacy seed normalized into curated contract; QA recommended
FR,situer,Indicatif,Passé composé,"il (elle, on)",a situé,10,reviewed,repo-local legacy seed normalized into curated contract; QA recommended
FR,situer,Indicatif,Passé composé,nous,avons situé,10,reviewed,repo-local legacy seed normalized into curated contract; QA recommended
FR,situer,Indicatif,Passé composé,vous,avez situé,10,reviewed,repo-local legacy seed normalized into curated contract; QA recommended
FR,situer,Indicatif,Passé composé,ils (elles),ont situé,10,reviewed,repo-local legacy seed normalized into curated contract; QA recommended
FR,situer,Indicatif,Imparfait,je,situais,10,reviewed,repo-local legacy seed normalized into curated contract; QA recommended
FR,situer,Indicatif,Imparfait,tu,situais,10,reviewed,repo-local legacy seed normalized into curated contract; QA recommended
FR,situer,Indicatif,Imparfait,"il (elle, on)",situait,10,reviewed,repo-local legacy seed normalized into curated contract; QA recommended
FR,situer,Indicatif,Imparfait,nous,situions,10,reviewed,repo-local legacy seed normalized into curated contract; QA recommended
FR,situer,Indicatif,Imparfait,vous,situiez,10,reviewed,repo-local legacy seed normalized into curated contract; QA recommended
FR,situer,Indicatif,Imparfait,ils (elles),situaient,10,reviewed,repo-local legacy seed normalized into curated contract; QA recommended
FR,situer,Conditionnel,Conditionnel présent,je,situerais,10,reviewed,repo-local legacy seed normalized into curated contract; QA recommended
FR,situer,Conditionnel,Conditionnel présent,tu,situerais,10,reviewed,repo-local legacy seed normalized into curated contract; QA recommended
FR,situer,Conditionnel,Conditionnel présent,"il (elle, on)",situerait,10,reviewed,repo-local legacy seed normalized into curated contract; QA recommended
FR,situer,Conditionnel,Conditionnel présent,nous,situerions,10,reviewed,repo-local legacy seed normalized into curated contract; QA recommended
FR,situer,Conditionnel,Conditionnel présent,vous,situeriez,10,reviewed,repo-local legacy seed normalized into curated contract; QA recommended
FR,situer,Conditionnel,Conditionnel présent,ils (elles),situeraient,10,reviewed,repo-local legacy seed normalized into curated contract; QA recommended
FR,situer,Impératif,Impératif,je,-,10,reviewed,repo-local legacy seed normalized into curated contract; QA recommended; French imperative only uses tu / nous / vous; placeholder - used for unsupported slot
FR,situer,Impératif,Impératif,tu,situe,10,reviewed,repo-local legacy seed normalized into curated contract; QA recommended
FR,situer,Impératif,Impératif,"il (elle, on)",-,10,reviewed,repo-local legacy seed normalized into curated contract; QA recommended; French imperative only uses tu / nous / vous; placeholder - used for unsupported slot
FR,situer,Impératif,Impératif,nous,situons,10,reviewed,repo-local legacy seed normalized into curated contract; QA recommended
FR,situer,Impératif,Impératif,vous,situez,10,reviewed,repo-local legacy seed normalized into curated contract; QA recommended
FR,situer,Impératif,Impératif,ils (elles),-,10,reviewed,repo-local legacy seed normalized into curated contract; QA recommended; French imperative only uses tu / nous / vous; placeholder - used for unsupported slot
FR,situer,Subjonctif,Subjonctif présent,je,situe,10,reviewed,repo-local legacy seed normalized into curated contract; QA recommended
FR,situer,Subjonctif,Subjonctif présent,tu,situes,10,reviewed,repo-local legacy seed normalized into curated contract; QA recommended
FR,situer,Subjonctif,Subjonctif présent,"il (elle, on)",situe,10,reviewed,repo-local legacy seed normalized into curated contract; QA recommended
FR,situer,Subjonctif,Subjonctif présent,nous,situions,10,reviewed,repo-local legacy seed normalized into curated contract; QA recommended
FR,situer,Subjonctif,Subjonctif présent,vous,situiez,10,reviewed,repo-local legacy seed normalized into curated contract; QA recommended
FR,situer,Subjonctif,Subjonctif présent,ils (elles),situent,10,reviewed,repo-local legacy seed normalized into curated contract; QA recommended
FR,situer,Indicatif,Passé Simple,je,situai,10,reviewed,repo-local legacy seed normalized into curated contract; QA recommended
FR,situer,Indicatif,Passé Simple,tu,situas,10,reviewed,repo-local legacy seed normalized into curated contract; QA recommended
FR,situer,Indicatif,Passé Simple,"il (elle, on)",situa,10,reviewed,repo-local legacy seed normalized into curated contract; QA recommended
FR,situer,Indicatif,Passé Simple,nous,situâmes,10,reviewed,repo-local legacy seed normalized into curated contract; QA recommended
FR,situer,Indicatif,Passé Simple,vous,situâtes,10,reviewed,repo-local legacy seed normalized into curated contract; QA recommended
FR,situer,Indicatif,Passé Simple,ils (elles),situèrent,10,reviewed,repo-local legacy seed normalized into curated contract; QA recommended
FR,situer,Subjonctif,Subjonctif imparfait,je,situasse,10,reviewed,repo-local legacy seed normalized into curated contract; QA recommended
FR,situer,Subjonctif,Subjonctif imparfait,tu,situasses,10,reviewed,repo-local legacy seed normalized into curated contract; QA recommended
FR,situer,Subjonctif,Subjonctif imparfait,"il (elle, on)",situât,10,reviewed,repo-local legacy seed normalized into curated contract; QA recommended
FR,situer,Subjonctif,Subjonctif imparfait,nous,situassions,10,reviewed,repo-local legacy seed normalized into curated contract; QA recommended
FR,situer,Subjonctif,Subjonctif imparfait,vous,situassiez,10,reviewed,repo-local legacy seed normalized into curated contract; QA recommended
FR,situer,Subjonctif,Subjonctif imparfait,ils (elles),situassent,10,reviewed,repo-local legacy seed normalized into curated contract; QA recommended
FR,détacher,Indicatif,Présent,je,détache,10,reviewed,repo-local legacy seed normalized into curated contract; QA recommended
FR,détacher,Indicatif,Présent,tu,détaches,10,reviewed,repo-local legacy seed normalized into curated contract; QA recommended
FR,détacher,Indicatif,Présent,"il (elle, on)",détache,10,reviewed,repo-local legacy seed normalized into curated contract; QA recommended
FR,détacher,Indicatif,Présent,nous,détachons,10,reviewed,repo-local legacy seed normalized into curated contract; QA recommended
FR,détacher,Indicatif,Présent,vous,détachez,10,reviewed,repo-local legacy seed normalized into curated contract; QA recommended
FR,détacher,Indicatif,Présent,ils (elles),détachent,10,reviewed,repo-local legacy seed normalized into curated contract; QA recommended
FR,détacher,Indicatif,Futur,je,détacherai,10,reviewed,repo-local legacy seed normalized into curated contract; QA recommended
FR,détacher,Indicatif,Futur,tu,détacheras,10,reviewed,repo-local legacy seed normalized into curated contract; QA recommended
FR,détacher,Indicatif,Futur,"il (elle, on)",détachera,10,reviewed,repo-local legacy seed normalized into curated contract; QA recommended
FR,détacher,Indicatif,Futur,nous,détacherons,10,reviewed,repo-local legacy seed normalized into curated contract; QA recommended
FR,détacher,Indicatif,Futur,vous,détacherez,10,reviewed,repo-local legacy seed normalized into curated contract; QA recommended
FR,détacher,Indicatif,Futur,ils (elles),détacheront,10,reviewed,repo-local legacy seed normalized into curated contract; QA recommended
FR,détacher,Indicatif,Passé composé,je,ai détaché,10,reviewed,repo-local legacy seed normalized into curated contract; QA recommended
FR,détacher,Indicatif,Passé composé,tu,as détaché,10,reviewed,repo-local legacy seed normalized into curated contract; QA recommended
FR,détacher,Indicatif,Passé composé,"il (elle, on)",a détaché,10,reviewed,repo-local legacy seed normalized into curated contract; QA recommended
FR,détacher,Indicatif,Passé composé,nous,avons détaché,10,reviewed,repo-local legacy seed normalized into curated contract; QA recommended
FR,détacher,Indicatif,Passé composé,vous,avez détaché,10,reviewed,repo-local legacy seed normalized into curated contract; QA recommended
FR,détacher,Indicatif,Passé composé,ils (elles),ont détaché,10,reviewed,repo-local legacy seed normalized into curated contract; QA recommended
FR,détacher,Indicatif,Imparfait,je,détachais,10,reviewed,repo-local legacy seed normalized into curated contract; QA recommended
FR,détacher,Indicatif,Imparfait,tu,détachais,10,reviewed,repo-local legacy seed normalized into curated contract; QA recommended
FR,détacher,Indicatif,Imparfait,"il (elle, on)",détachait,10,reviewed,repo-local legacy seed normalized into curated contract; QA recommended
FR,détacher,Indicatif,Imparfait,nous,détachions,10,reviewed,repo-local legacy seed normalized into curated contract; QA recommended
FR,détacher,Indicatif,Imparfait,vous,détachiez,10,reviewed,repo-local legacy seed normalized into curated contract; QA recommended
FR,détacher,Indicatif,Imparfait,ils (elles),détachaient,10,reviewed,repo-local legacy seed normalized into curated contract; QA recommended
FR,détacher,Conditionnel,Conditionnel présent,je,détacherais,10,reviewed,repo-local legacy seed normalized into curated contract; QA recommended
FR,détacher,Conditionnel,Conditionnel présent,tu,détacherais,10,reviewed,repo-local legacy seed normalized into curated contract; QA recommended
FR,détacher,Conditionnel,Conditionnel présent,"il (elle, on)",détacherait,10,reviewed,repo-local legacy seed normalized into curated contract; QA recommended
FR,détacher,Conditionnel,Conditionnel présent,nous,détacherions,10,reviewed,repo-local legacy seed normalized into curated contract; QA recommended
FR,détacher,Conditionnel,Conditionnel présent,vous,détacheriez,10,reviewed,repo-local legacy seed normalized into curated contract; QA recommended
FR,détacher,Conditionnel,Conditionnel présent,ils (elles),détacheraient,10,reviewed,repo-local legacy seed normalized into curated contract; QA recommended
FR,détacher,Impératif,Impératif,je,-,10,reviewed,repo-local legacy seed normalized into curated contract; QA recommended; French imperative only uses tu / nous / vous; placeholder - used for unsupported slot
FR,détacher,Impératif,Impératif,tu,détache,10,reviewed,repo-local legacy seed normalized into curated contract; QA recommended
FR,détacher,Impératif,Impératif,"il (elle, on)",-,10,reviewed,repo-local legacy seed normalized into curated contract; QA recommended; French imperative only uses tu / nous / vous; placeholder - used for unsupported slot
FR,détacher,Impératif,Impératif,nous,détachons,10,reviewed,repo-local legacy seed normalized into curated contract; QA recommended
FR,détacher,Impératif,Impératif,vous,détachez,10,reviewed,repo-local legacy seed normalized into curated contract; QA recommended
FR,détacher,Impératif,Impératif,ils (elles),-,10,reviewed,repo-local legacy seed normalized into curated contract; QA recommended; French imperative only uses tu / nous / vous; placeholder - used for unsupported slot
FR,détacher,Subjonctif,Subjonctif présent,je,détache,10,reviewed,repo-local legacy seed normalized into curated contract; QA recommended
FR,détacher,Subjonctif,Subjonctif présent,tu,détaches,10,reviewed,repo-local legacy seed normalized into curated contract; QA recommended
FR,détacher,Subjonctif,Subjonctif présent,"il (elle, on)",détache,10,reviewed,repo-local legacy seed normalized into curated contract; QA recommended
FR,détacher,Subjonctif,Subjonctif présent,nous,détachions,10,reviewed,repo-local legacy seed normalized into curated contract; QA recommended
FR,détacher,Subjonctif,Subjonctif présent,vous,détachiez,10,reviewed,repo-local legacy seed normalized into curated contract; QA recommended
FR,détacher,Subjonctif,Subjonctif présent,ils (elles),détachent,10,reviewed,repo-local legacy seed normalized into curated contract; QA recommended
FR,détacher,Indicatif,Passé Simple,je,détachai,10,reviewed,repo-local legacy seed normalized into curated contract; QA recommended
FR,détacher,Indicatif,Passé Simple,tu,détachas,10,reviewed,repo-local legacy seed normalized into curated contract; QA recommended
FR,détacher,Indicatif,Passé Simple,"il (elle, on)",détacha,10,reviewed,repo-local legacy seed normalized into curated contract; QA recommended
FR,détacher,Indicatif,Passé Simple,nous,détachâmes,10,reviewed,repo-local legacy seed normalized into curated contract; QA recommended
FR,détacher,Indicatif,Passé Simple,vous,détachâtes,10,reviewed,repo-local legacy seed normalized into curated contract; QA recommended
FR,détacher,Indicatif,Passé Simple,ils (elles),détachèrent,10,reviewed,repo-local legacy seed normalized into curated contract; QA recommended
FR,détacher,Subjonctif,Subjonctif imparfait,je,détachasse,10,reviewed,repo-local legacy seed normalized into curated contract; QA recommended
FR,détacher,Subjonctif,Subjonctif imparfait,tu,détachasses,10,reviewed,repo-local legacy seed normalized into curated contract; QA recommended
FR,détacher,Subjonctif,Subjonctif imparfait,"il (elle, on)",détachât,10,reviewed,repo-local legacy seed normalized into curated contract; QA recommended
FR,détacher,Subjonctif,Subjonctif imparfait,nous,détachassions,10,reviewed,repo-local legacy seed normalized into curated contract; QA recommended
FR,détacher,Subjonctif,Subjonctif imparfait,vous,détachassiez,10,reviewed,repo-local legacy seed normalized into curated contract; QA recommended
FR,détacher,Subjonctif,Subjonctif imparfait,ils (elles),détachassent,10,reviewed,repo-local legacy seed normalized into curated contract; QA recommended
FR,fonctionner,Indicatif,Présent,je,fonctionne,10,reviewed,repo-local legacy seed normalized into curated contract; QA recommended
FR,fonctionner,Indicatif,Présent,tu,fonctionnes,10,reviewed,repo-local legacy seed normalized into curated contract; QA recommended
FR,fonctionner,Indicatif,Présent,"il (elle, on)",fonctionne,10,reviewed,repo-local legacy seed normalized into curated contract; QA recommended
FR,fonctionner,Indicatif,Présent,nous,fonctionnons,10,reviewed,repo-local legacy seed normalized into curated contract; QA recommended
FR,fonctionner,Indicatif,Présent,vous,fonctionnez,10,reviewed,repo-local legacy seed normalized into curated contract; QA recommended
FR,fonctionner,Indicatif,Présent,ils (elles),fonctionnent,10,reviewed,repo-local legacy seed normalized into curated contract; QA recommended
FR,fonctionner,Indicatif,Futur,je,fonctionnerai,10,reviewed,repo-local legacy seed normalized into curated contract; QA recommended
FR,fonctionner,Indicatif,Futur,tu,fonctionneras,10,reviewed,repo-local legacy seed normalized into curated contract; QA recommended
FR,fonctionner,Indicatif,Futur,"il (elle, on)",fonctionnera,10,reviewed,repo-local legacy seed normalized into curated contract; QA recommended
FR,fonctionner,Indicatif,Futur,nous,fonctionnerons,10,reviewed,repo-local legacy seed normalized into curated contract; QA recommended
FR,fonctionner,Indicatif,Futur,vous,fonctionnerez,10,reviewed,repo-local legacy seed normalized into curated contract; QA recommended
FR,fonctionner,Indicatif,Futur,ils (elles),fonctionneront,10,reviewed,repo-local legacy seed normalized into curated contract; QA recommended
FR,fonctionner,Indicatif,Passé composé,je,ai fonctionné,10,reviewed,repo-local legacy seed normalized into curated contract; QA recommended
FR,fonctionner,Indicatif,Passé composé,tu,as fonctionné,10,reviewed,repo-local legacy seed normalized into curated contract; QA recommended
FR,fonctionner,Indicatif,Passé composé,"il (elle, on)",a fonctionné,10,reviewed,repo-local legacy seed normalized into curated contract; QA recommended
FR,fonctionner,Indicatif,Passé composé,nous,avons fonctionné,10,reviewed,repo-local legacy seed normalized into curated contract; QA recommended
FR,fonctionner,Indicatif,Passé composé,vous,avez fonctionné,10,reviewed,repo-local legacy seed normalized into curated contract; QA recommended
FR,fonctionner,Indicatif,Passé composé,ils (elles),ont fonctionné,10,reviewed,repo-local legacy seed normalized into curated contract; QA recommended
FR,fonctionner,Indicatif,Imparfait,je,fonctionnais,10,reviewed,repo-local legacy seed normalized into curated contract; QA recommended
FR,fonctionner,Indicatif,Imparfait,tu,fonctionnais,10,reviewed,repo-local legacy seed normalized into curated contract; QA recommended
FR,fonctionner,Indicatif,Imparfait,"il (elle, on)",fonctionnait,10,reviewed,repo-local legacy seed normalized into curated contract; QA recommended
FR,fonctionner,Indicatif,Imparfait,nous,fonctionnions,10,reviewed,repo-local legacy seed normalized into curated contract; QA recommended
FR,fonctionner,Indicatif,Imparfait,vous,fonctionniez,10,reviewed,repo-local legacy seed normalized into curated contract; QA recommended
FR,fonctionner,Indicatif,Imparfait,ils (elles),fonctionnaient,10,reviewed,repo-local legacy seed normalized into curated contract; QA recommended
FR,fonctionner,Conditionnel,Conditionnel présent,je,fonctionnerais,10,reviewed,repo-local legacy seed normalized into curated contract; QA recommended
FR,fonctionner,Conditionnel,Conditionnel présent,tu,fonctionnerais,10,reviewed,repo-local legacy seed normalized into curated contract; QA recommended
FR,fonctionner,Conditionnel,Conditionnel présent,"il (elle, on)",fonctionnerait,10,reviewed,repo-local legacy seed normalized into curated contract; QA recommended
FR,fonctionner,Conditionnel,Conditionnel présent,nous,fonctionnerions,10,reviewed,repo-local legacy seed normalized into curated contract; QA recommended
FR,fonctionner,Conditionnel,Conditionnel présent,vous,fonctionneriez,10,reviewed,repo-local legacy seed normalized into curated contract; QA recommended
FR,fonctionner,Conditionnel,Conditionnel présent,ils (elles),fonctionneraient,10,reviewed,repo-local legacy seed normalized into curated contract; QA recommended
FR,fonctionner,Impératif,Impératif,je,-,10,reviewed,repo-local legacy seed normalized into curated contract; QA recommended; French imperative only uses tu / nous / vous; placeholder - used for unsupported slot
FR,fonctionner,Impératif,Impératif,tu,fonctionne,10,reviewed,repo-local legacy seed normalized into curated contract; QA recommended
FR,fonctionner,Impératif,Impératif,"il (elle, on)",-,10,reviewed,repo-local legacy seed normalized into curated contract; QA recommended; French imperative only uses tu / nous / vous; placeholder - used for unsupported slot
FR,fonctionner,Impératif,Impératif,nous,fonctionnons,10,reviewed,repo-local legacy seed normalized into curated contract; QA recommended
FR,fonctionner,Impératif,Impératif,vous,fonctionnez,10,reviewed,repo-local legacy seed normalized into curated contract; QA recommended
FR,fonctionner,Impératif,Impératif,ils (elles),-,10,reviewed,repo-local legacy seed normalized into curated contract; QA recommended; French imperative only uses tu / nous / vous; placeholder - used for unsupported slot
FR,fonctionner,Subjonctif,Subjonctif présent,je,fonctionne,10,reviewed,repo-local legacy seed normalized into curated contract; QA recommended
FR,fonctionner,Subjonctif,Subjonctif présent,tu,fonctionnes,10,reviewed,repo-local legacy seed normalized into curated contract; QA recommended
FR,fonctionner,Subjonctif,Subjonctif présent,"il (elle, on)",fonctionne,10,reviewed,repo-local legacy seed normalized into curated contract; QA recommended
FR,fonctionner,Subjonctif,Subjonctif présent,nous,fonctionnions,10,reviewed,repo-local legacy seed normalized into curated contract; QA recommended
FR,fonctionner,Subjonctif,Subjonctif présent,vous,fonctionniez,10,reviewed,repo-local legacy seed normalized into curated contract; QA recommended
FR,fonctionner,Subjonctif,Subjonctif présent,ils (elles),fonctionnent,10,reviewed,repo-local legacy seed normalized into curated contract; QA recommended
FR,fonctionner,Indicatif,Passé Simple,je,fonctionnai,10,reviewed,repo-local legacy seed normalized into curated contract; QA recommended
FR,fonctionner,Indicatif,Passé Simple,tu,fonctionnas,10,reviewed,repo-local legacy seed normalized into curated contract; QA recommended
FR,fonctionner,Indicatif,Passé Simple,"il (elle, on)",fonctionna,10,reviewed,repo-local legacy seed normalized into curated contract; QA recommended
FR,fonctionner,Indicatif,Passé Simple,nous,fonctionnâmes,10,reviewed,repo-local legacy seed normalized into curated contract; QA recommended
FR,fonctionner,Indicatif,Passé Simple,vous,fonctionnâtes,10,reviewed,repo-local legacy seed normalized into curated contract; QA recommended
FR,fonctionner,Indicatif,Passé Simple,ils (elles),fonctionnèrent,10,reviewed,repo-local legacy seed normalized into curated contract; QA recommended
FR,fonctionner,Subjonctif,Subjonctif imparfait,je,fonctionnasse,10,reviewed,repo-local legacy seed normalized into curated contract; QA recommended
FR,fonctionner,Subjonctif,Subjonctif imparfait,tu,fonctionnasses,10,reviewed,repo-local legacy seed normalized into curated contract; QA recommended
FR,fonctionner,Subjonctif,Subjonctif imparfait,"il (elle, on)",fonctionnât,10,reviewed,repo-local legacy seed normalized into curated contract; QA recommended
FR,fonctionner,Subjonctif,Subjonctif imparfait,nous,fonctionnassions,10,reviewed,repo-local legacy seed normalized into curated contract; QA recommended
FR,fonctionner,Subjonctif,Subjonctif imparfait,vous,fonctionnassiez,10,reviewed,repo-local legacy seed normalized into curated contract; QA recommended
FR,fonctionner,Subjonctif,Subjonctif imparfait,ils (elles),fonctionnassent,10,reviewed,repo-local legacy seed normalized into curated contract; QA recommended
FR,rassurer,Indicatif,Présent,je,rassure,10,reviewed,repo-local legacy seed normalized into curated contract; QA recommended
FR,rassurer,Indicatif,Présent,tu,rassures,10,reviewed,repo-local legacy seed normalized into curated contract; QA recommended
FR,rassurer,Indicatif,Présent,"il (elle, on)",rassure,10,reviewed,repo-local legacy seed normalized into curated contract; QA recommended
FR,rassurer,Indicatif,Présent,nous,rassurons,10,reviewed,repo-local legacy seed normalized into curated contract; QA recommended
FR,rassurer,Indicatif,Présent,vous,rassurez,10,reviewed,repo-local legacy seed normalized into curated contract; QA recommended
FR,rassurer,Indicatif,Présent,ils (elles),rassurent,10,reviewed,repo-local legacy seed normalized into curated contract; QA recommended
FR,rassurer,Indicatif,Futur,je,rassurerai,10,reviewed,repo-local legacy seed normalized into curated contract; QA recommended
FR,rassurer,Indicatif,Futur,tu,rassureras,10,reviewed,repo-local legacy seed normalized into curated contract; QA recommended
FR,rassurer,Indicatif,Futur,"il (elle, on)",rassurera,10,reviewed,repo-local legacy seed normalized into curated contract; QA recommended
FR,rassurer,Indicatif,Futur,nous,rassurerons,10,reviewed,repo-local legacy seed normalized into curated contract; QA recommended
FR,rassurer,Indicatif,Futur,vous,rassurerez,10,reviewed,repo-local legacy seed normalized into curated contract; QA recommended
FR,rassurer,Indicatif,Futur,ils (elles),rassureront,10,reviewed,repo-local legacy seed normalized into curated contract; QA recommended
FR,rassurer,Indicatif,Passé composé,je,ai rassuré,10,reviewed,repo-local legacy seed normalized into curated contract; QA recommended
FR,rassurer,Indicatif,Passé composé,tu,as rassuré,10,reviewed,repo-local legacy seed normalized into curated contract; QA recommended
FR,rassurer,Indicatif,Passé composé,"il (elle, on)",a rassuré,10,reviewed,repo-local legacy seed normalized into curated contract; QA recommended
FR,rassurer,Indicatif,Passé composé,nous,avons rassuré,10,reviewed,repo-local legacy seed normalized into curated contract; QA recommended
FR,rassurer,Indicatif,Passé composé,vous,avez rassuré,10,reviewed,repo-local legacy seed normalized into curated contract; QA recommended
FR,rassurer,Indicatif,Passé composé,ils (elles),ont rassuré,10,reviewed,repo-local legacy seed normalized into curated contract; QA recommended
FR,rassurer,Indicatif,Imparfait,je,rassurais,10,reviewed,repo-local legacy seed normalized into curated contract; QA recommended
FR,rassurer,Indicatif,Imparfait,tu,rassurais,10,reviewed,repo-local legacy seed normalized into curated contract; QA recommended
FR,rassurer,Indicatif,Imparfait,"il (elle, on)",rassurait,10,reviewed,repo-local legacy seed normalized into curated contract; QA recommended
FR,rassurer,Indicatif,Imparfait,nous,rassurions,10,reviewed,repo-local legacy seed normalized into curated contract; QA recommended
FR,rassurer,Indicatif,Imparfait,vous,rassuriez,10,reviewed,repo-local legacy seed normalized into curated contract; QA recommended
FR,rassurer,Indicatif,Imparfait,ils (elles),rassuraient,10,reviewed,repo-local legacy seed normalized into curated contract; QA recommended
FR,rassurer,Conditionnel,Conditionnel présent,je,rassurerais,10,reviewed,repo-local legacy seed normalized into curated contract; QA recommended
FR,rassurer,Conditionnel,Conditionnel présent,tu,rassurerais,10,reviewed,repo-local legacy seed normalized into curated contract; QA recommended
FR,rassurer,Conditionnel,Conditionnel présent,"il (elle, on)",rassurerait,10,reviewed,repo-local legacy seed normalized into curated contract; QA recommended
FR,rassurer,Conditionnel,Conditionnel présent,nous,rassurerions,10,reviewed,repo-local legacy seed normalized into curated contract; QA recommended
FR,rassurer,Conditionnel,Conditionnel présent,vous,rassureriez,10,reviewed,repo-local legacy seed normalized into curated contract; QA recommended
FR,rassurer,Conditionnel,Conditionnel présent,ils (elles),rassureraient,10,reviewed,repo-local legacy seed normalized into curated contract; QA recommended
FR,rassurer,Impératif,Impératif,je,-,10,reviewed,repo-local legacy seed normalized into curated contract; QA recommended; French imperative only uses tu / nous / vous; placeholder - used for unsupported slot
FR,rassurer,Impératif,Impératif,tu,rassure,10,reviewed,repo-local legacy seed normalized into curated contract; QA recommended
FR,rassurer,Impératif,Impératif,"il (elle, on)",-,10,reviewed,repo-local legacy seed normalized into curated contract; QA recommended; French imperative only uses tu / nous / vous; placeholder - used for unsupported slot
FR,rassurer,Impératif,Impératif,nous,rassurons,10,reviewed,repo-local legacy seed normalized into curated contract; QA recommended
FR,rassurer,Impératif,Impératif,vous,rassurez,10,reviewed,repo-local legacy seed normalized into curated contract; QA recommended
FR,rassurer,Impératif,Impératif,ils (elles),-,10,reviewed,repo-local legacy seed normalized into curated contract; QA recommended; French imperative only uses tu / nous / vous; placeholder - used for unsupported slot
FR,rassurer,Subjonctif,Subjonctif présent,je,rassure,10,reviewed,repo-local legacy seed normalized into curated contract; QA recommended
FR,rassurer,Subjonctif,Subjonctif présent,tu,rassures,10,reviewed,repo-local legacy seed normalized into curated contract; QA recommended
FR,rassurer,Subjonctif,Subjonctif présent,"il (elle, on)",rassure,10,reviewed,repo-local legacy seed normalized into curated contract; QA recommended
FR,rassurer,Subjonctif,Subjonctif présent,nous,rassurions,10,reviewed,repo-local legacy seed normalized into curated contract; QA recommended
FR,rassurer,Subjonctif,Subjonctif présent,vous,rassuriez,10,reviewed,repo-local legacy seed normalized into curated contract; QA recommended
FR,rassurer,Subjonctif,Subjonctif présent,ils (elles),rassurent,10,reviewed,repo-local legacy seed normalized into curated contract; QA recommended
FR,rassurer,Indicatif,Passé Simple,je,rassurai,10,reviewed,repo-local legacy seed normalized into curated contract; QA recommended
FR,rassurer,Indicatif,Passé Simple,tu,rassuras,10,reviewed,repo-local legacy seed normalized into curated contract; QA recommended
FR,rassurer,Indicatif,Passé Simple,"il (elle, on)",rassura,10,reviewed,repo-local legacy seed normalized into curated contract; QA recommended
FR,rassurer,Indicatif,Passé Simple,nous,rassurâmes,10,reviewed,repo-local legacy seed normalized into curated contract; QA recommended
FR,rassurer,Indicatif,Passé Simple,vous,rassurâtes,10,reviewed,repo-local legacy seed normalized into curated contract; QA recommended
FR,rassurer,Indicatif,Passé Simple,ils (elles),rassurèrent,10,reviewed,repo-local legacy seed normalized into curated contract; QA recommended
FR,rassurer,Subjonctif,Subjonctif imparfait,je,rassurasse,10,reviewed,repo-local legacy seed normalized into curated contract; QA recommended
FR,rassurer,Subjonctif,Subjonctif imparfait,tu,rassurasses,10,reviewed,repo-local legacy seed normalized into curated contract; QA recommended
FR,rassurer,Subjonctif,Subjonctif imparfait,"il (elle, on)",rassurât,10,reviewed,repo-local legacy seed normalized into curated contract; QA recommended
FR,rassurer,Subjonctif,Subjonctif imparfait,nous,rassurassions,10,reviewed,repo-local legacy seed normalized into curated contract; QA recommended
FR,rassurer,Subjonctif,Subjonctif imparfait,vous,rassurassiez,10,reviewed,repo-local legacy seed normalized into curated contract; QA recommended
FR,rassurer,Subjonctif,Subjonctif imparfait,ils (elles),rassurassent,10,reviewed,repo-local legacy seed normalized into curated contract; QA recommended
FR,avaler,Indicatif,Présent,je,avale,10,reviewed,repo-local legacy seed normalized into curated contract; QA recommended
FR,avaler,Indicatif,Présent,tu,avales,10,reviewed,repo-local legacy seed normalized into curated contract; QA recommended
FR,avaler,Indicatif,Présent,"il (elle, on)",avale,10,reviewed,repo-local legacy seed normalized into curated contract; QA recommended
FR,avaler,Indicatif,Présent,nous,avalons,10,reviewed,repo-local legacy seed normalized into curated contract; QA recommended
FR,avaler,Indicatif,Présent,vous,avalez,10,reviewed,repo-local legacy seed normalized into curated contract; QA recommended
FR,avaler,Indicatif,Présent,ils (elles),avalent,10,reviewed,repo-local legacy seed normalized into curated contract; QA recommended
FR,avaler,Indicatif,Futur,je,avalerai,10,reviewed,repo-local legacy seed normalized into curated contract; QA recommended
FR,avaler,Indicatif,Futur,tu,avaleras,10,reviewed,repo-local legacy seed normalized into curated contract; QA recommended
FR,avaler,Indicatif,Futur,"il (elle, on)",avalera,10,reviewed,repo-local legacy seed normalized into curated contract; QA recommended
FR,avaler,Indicatif,Futur,nous,avalerons,10,reviewed,repo-local legacy seed normalized into curated contract; QA recommended
FR,avaler,Indicatif,Futur,vous,avalerez,10,reviewed,repo-local legacy seed normalized into curated contract; QA recommended
FR,avaler,Indicatif,Futur,ils (elles),avaleront,10,reviewed,repo-local legacy seed normalized into curated contract; QA recommended
FR,avaler,Indicatif,Passé composé,je,ai avalé,10,reviewed,repo-local legacy seed normalized into curated contract; QA recommended
FR,avaler,Indicatif,Passé composé,tu,as avalé,10,reviewed,repo-local legacy seed normalized into curated contract; QA recommended
FR,avaler,Indicatif,Passé composé,"il (elle, on)",a avalé,10,reviewed,repo-local legacy seed normalized into curated contract; QA recommended
FR,avaler,Indicatif,Passé composé,nous,avons avalé,10,reviewed,repo-local legacy seed normalized into curated contract; QA recommended
FR,avaler,Indicatif,Passé composé,vous,avez avalé,10,reviewed,repo-local legacy seed normalized into curated contract; QA recommended
FR,avaler,Indicatif,Passé composé,ils (elles),ont avalé,10,reviewed,repo-local legacy seed normalized into curated contract; QA recommended
FR,avaler,Indicatif,Imparfait,je,avalais,10,reviewed,repo-local legacy seed normalized into curated contract; QA recommended
FR,avaler,Indicatif,Imparfait,tu,avalais,10,reviewed,repo-local legacy seed normalized into curated contract; QA recommended
FR,avaler,Indicatif,Imparfait,"il (elle, on)",avalait,10,reviewed,repo-local legacy seed normalized into curated contract; QA recommended
FR,avaler,Indicatif,Imparfait,nous,avalions,10,reviewed,repo-local legacy seed normalized into curated contract; QA recommended
FR,avaler,Indicatif,Imparfait,vous,avaliez,10,reviewed,repo-local legacy seed normalized into curated contract; QA recommended
FR,avaler,Indicatif,Imparfait,ils (elles),avalaient,10,reviewed,repo-local legacy seed normalized into curated contract; QA recommended
FR,avaler,Conditionnel,Conditionnel présent,je,avalerais,10,reviewed,repo-local legacy seed normalized into curated contract; QA recommended
FR,avaler,Conditionnel,Conditionnel présent,tu,avalerais,10,reviewed,repo-local legacy seed normalized into curated contract; QA recommended
FR,avaler,Conditionnel,Conditionnel présent,"il (elle, on)",avalerait,10,reviewed,repo-local legacy seed normalized into curated contract; QA recommended
FR,avaler,Conditionnel,Conditionnel présent,nous,avalerions,10,reviewed,repo-local legacy seed normalized into curated contract; QA recommended
FR,avaler,Conditionnel,Conditionnel présent,vous,avaleriez,10,reviewed,repo-local legacy seed normalized into curated contract; QA recommended
FR,avaler,Conditionnel,Conditionnel présent,ils (elles),avaleraient,10,reviewed,repo-local legacy seed normalized into curated contract; QA recommended
FR,avaler,Impératif,Impératif,je,-,10,reviewed,repo-local legacy seed normalized into curated contract; QA recommended; French imperative only uses tu / nous / vous; placeholder - used for unsupported slot
FR,avaler,Impératif,Impératif,tu,avale,10,reviewed,repo-local legacy seed normalized into curated contract; QA recommended
FR,avaler,Impératif,Impératif,"il (elle, on)",-,10,reviewed,repo-local legacy seed normalized into curated contract; QA recommended; French imperative only uses tu / nous / vous; placeholder - used for unsupported slot
FR,avaler,Impératif,Impératif,nous,avalons,10,reviewed,repo-local legacy seed normalized into curated contract; QA recommended
FR,avaler,Impératif,Impératif,vous,avalez,10,reviewed,repo-local legacy seed normalized into curated contract; QA recommended
FR,avaler,Impératif,Impératif,ils (elles),-,10,reviewed,repo-local legacy seed normalized into curated contract; QA recommended; French imperative only uses tu / nous / vous; placeholder - used for unsupported slot
FR,avaler,Subjonctif,Subjonctif présent,je,avale,10,reviewed,repo-local legacy seed normalized into curated contract; QA recommended
FR,avaler,Subjonctif,Subjonctif présent,tu,avales,10,reviewed,repo-local legacy seed normalized into curated contract; QA recommended
FR,avaler,Subjonctif,Subjonctif présent,"il (elle, on)",avale,10,reviewed,repo-local legacy seed normalized into curated contract; QA recommended
FR,avaler,Subjonctif,Subjonctif présent,nous,avalions,10,reviewed,repo-local legacy seed normalized into curated contract; QA recommended
FR,avaler,Subjonctif,Subjonctif présent,vous,avaliez,10,reviewed,repo-local legacy seed normalized into curated contract; QA recommended
FR,avaler,Subjonctif,Subjonctif présent,ils (elles),avalent,10,reviewed,repo-local legacy seed normalized into curated contract; QA recommended
FR,avaler,Indicatif,Passé Simple,je,avalai,10,reviewed,repo-local legacy seed normalized into curated contract; QA recommended
FR,avaler,Indicatif,Passé Simple,tu,avalas,10,reviewed,repo-local legacy seed normalized into curated contract; QA recommended
FR,avaler,Indicatif,Passé Simple,"il (elle, on)",avala,10,reviewed,repo-local legacy seed normalized into curated contract; QA recommended
FR,avaler,Indicatif,Passé Simple,nous,avalâmes,10,reviewed,repo-local legacy seed normalized into curated contract; QA recommended
FR,avaler,Indicatif,Passé Simple,vous,avalâtes,10,reviewed,repo-local legacy seed normalized into curated contract; QA recommended
FR,avaler,Indicatif,Passé Simple,ils (elles),avalèrent,10,reviewed,repo-local legacy seed normalized into curated contract; QA recommended
FR,avaler,Subjonctif,Subjonctif imparfait,je,avalasse,10,reviewed,repo-local legacy seed normalized into curated contract; QA recommended
FR,avaler,Subjonctif,Subjonctif imparfait,tu,avalasses,10,reviewed,repo-local legacy seed normalized into curated contract; QA recommended
FR,avaler,Subjonctif,Subjonctif imparfait,"il (elle, on)",avalât,10,reviewed,repo-local legacy seed normalized into curated contract; QA recommended
FR,avaler,Subjonctif,Subjonctif imparfait,nous,avalassions,10,reviewed,repo-local legacy seed normalized into curated contract; QA recommended
FR,avaler,Subjonctif,Subjonctif imparfait,vous,avalassiez,10,reviewed,repo-local legacy seed normalized into curated contract; QA recommended
FR,avaler,Subjonctif,Subjonctif imparfait,ils (elles),avalassent,10,reviewed,repo-local legacy seed normalized into curated contract; QA recommended
FR,associer,Indicatif,Présent,je,associe,10,reviewed,repo-local legacy seed normalized into curated contract; QA recommended
FR,associer,Indicatif,Présent,tu,associes,10,reviewed,repo-local legacy seed normalized into curated contract; QA recommended
FR,associer,Indicatif,Présent,"il (elle, on)",associe,10,reviewed,repo-local legacy seed normalized into curated contract; QA recommended
FR,associer,Indicatif,Présent,nous,associons,10,reviewed,repo-local legacy seed normalized into curated contract; QA recommended
FR,associer,Indicatif,Présent,vous,associez,10,reviewed,repo-local legacy seed normalized into curated contract; QA recommended
FR,associer,Indicatif,Présent,ils (elles),associent,10,reviewed,repo-local legacy seed normalized into curated contract; QA recommended
FR,associer,Indicatif,Futur,je,associerai,10,reviewed,repo-local legacy seed normalized into curated contract; QA recommended
FR,associer,Indicatif,Futur,tu,associeras,10,reviewed,repo-local legacy seed normalized into curated contract; QA recommended
FR,associer,Indicatif,Futur,"il (elle, on)",associera,10,reviewed,repo-local legacy seed normalized into curated contract; QA recommended
FR,associer,Indicatif,Futur,nous,associerons,10,reviewed,repo-local legacy seed normalized into curated contract; QA recommended
FR,associer,Indicatif,Futur,vous,associerez,10,reviewed,repo-local legacy seed normalized into curated contract; QA recommended
FR,associer,Indicatif,Futur,ils (elles),associeront,10,reviewed,repo-local legacy seed normalized into curated contract; QA recommended
FR,associer,Indicatif,Passé composé,je,ai associé,10,reviewed,repo-local legacy seed normalized into curated contract; QA recommended
FR,associer,Indicatif,Passé composé,tu,as associé,10,reviewed,repo-local legacy seed normalized into curated contract; QA recommended
FR,associer,Indicatif,Passé composé,"il (elle, on)",a associé,10,reviewed,repo-local legacy seed normalized into curated contract; QA recommended
FR,associer,Indicatif,Passé composé,nous,avons associé,10,reviewed,repo-local legacy seed normalized into curated contract; QA recommended
FR,associer,Indicatif,Passé composé,vous,avez associé,10,reviewed,repo-local legacy seed normalized into curated contract; QA recommended
FR,associer,Indicatif,Passé composé,ils (elles),ont associé,10,reviewed,repo-local legacy seed normalized into curated contract; QA recommended
FR,associer,Indicatif,Imparfait,je,associais,10,reviewed,repo-local legacy seed normalized into curated contract; QA recommended
FR,associer,Indicatif,Imparfait,tu,associais,10,reviewed,repo-local legacy seed normalized into curated contract; QA recommended
FR,associer,Indicatif,Imparfait,"il (elle, on)",associait,10,reviewed,repo-local legacy seed normalized into curated contract; QA recommended
FR,associer,Indicatif,Imparfait,nous,associions,10,reviewed,repo-local legacy seed normalized into curated contract; QA recommended
FR,associer,Indicatif,Imparfait,vous,associiez,10,reviewed,repo-local legacy seed normalized into curated contract; QA recommended
FR,associer,Indicatif,Imparfait,ils (elles),associaient,10,reviewed,repo-local legacy seed normalized into curated contract; QA recommended
FR,associer,Conditionnel,Conditionnel présent,je,associerais,10,reviewed,repo-local legacy seed normalized into curated contract; QA recommended
FR,associer,Conditionnel,Conditionnel présent,tu,associerais,10,reviewed,repo-local legacy seed normalized into curated contract; QA recommended
FR,associer,Conditionnel,Conditionnel présent,"il (elle, on)",associerait,10,reviewed,repo-local legacy seed normalized into curated contract; QA recommended
FR,associer,Conditionnel,Conditionnel présent,nous,associerions,10,reviewed,repo-local legacy seed normalized into curated contract; QA recommended
FR,associer,Conditionnel,Conditionnel présent,vous,associeriez,10,reviewed,repo-local legacy seed normalized into curated contract; QA recommended
FR,associer,Conditionnel,Conditionnel présent,ils (elles),associeraient,10,reviewed,repo-local legacy seed normalized into curated contract; QA recommended
FR,associer,Impératif,Impératif,je,-,10,reviewed,repo-local legacy seed normalized into curated contract; QA recommended; French imperative only uses tu / nous / vous; placeholder - used for unsupported slot
FR,associer,Impératif,Impératif,tu,associe,10,reviewed,repo-local legacy seed normalized into curated contract; QA recommended
FR,associer,Impératif,Impératif,"il (elle, on)",-,10,reviewed,repo-local legacy seed normalized into curated contract; QA recommended; French imperative only uses tu / nous / vous; placeholder - used for unsupported slot
FR,associer,Impératif,Impératif,nous,associons,10,reviewed,repo-local legacy seed normalized into curated contract; QA recommended
FR,associer,Impératif,Impératif,vous,associez,10,reviewed,repo-local legacy seed normalized into curated contract; QA recommended
FR,associer,Impératif,Impératif,ils (elles),-,10,reviewed,repo-local legacy seed normalized into curated contract; QA recommended; French imperative only uses tu / nous / vous; placeholder - used for unsupported slot
FR,associer,Subjonctif,Subjonctif présent,je,associe,10,reviewed,repo-local legacy seed normalized into curated contract; QA recommended
FR,associer,Subjonctif,Subjonctif présent,tu,associes,10,reviewed,repo-local legacy seed normalized into curated contract; QA recommended
FR,associer,Subjonctif,Subjonctif présent,"il (elle, on)",associe,10,reviewed,repo-local legacy seed normalized into curated contract; QA recommended
FR,associer,Subjonctif,Subjonctif présent,nous,associions,10,reviewed,repo-local legacy seed normalized into curated contract; QA recommended
FR,associer,Subjonctif,Subjonctif présent,vous,associiez,10,reviewed,repo-local legacy seed normalized into curated contract; QA recommended
FR,associer,Subjonctif,Subjonctif présent,ils (elles),associent,10,reviewed,repo-local legacy seed normalized into curated contract; QA recommended
FR,associer,Indicatif,Passé Simple,je,associai,10,reviewed,repo-local legacy seed normalized into curated contract; QA recommended
FR,associer,Indicatif,Passé Simple,tu,associas,10,reviewed,repo-local legacy seed normalized into curated contract; QA recommended
FR,associer,Indicatif,Passé Simple,"il (elle, on)",associa,10,reviewed,repo-local legacy seed normalized into curated contract; QA recommended
FR,associer,Indicatif,Passé Simple,nous,associâmes,10,reviewed,repo-local legacy seed normalized into curated contract; QA recommended
FR,associer,Indicatif,Passé Simple,vous,associâtes,10,reviewed,repo-local legacy seed normalized into curated contract; QA recommended
FR,associer,Indicatif,Passé Simple,ils (elles),associèrent,10,reviewed,repo-local legacy seed normalized into curated contract; QA recommended
FR,associer,Subjonctif,Subjonctif imparfait,je,associasse,10,reviewed,repo-local legacy seed normalized into curated contract; QA recommended
FR,associer,Subjonctif,Subjonctif imparfait,tu,associasses,10,reviewed,repo-local legacy seed normalized into curated contract; QA recommended
FR,associer,Subjonctif,Subjonctif imparfait,"il (elle, on)",associât,10,reviewed,repo-local legacy seed normalized into curated contract; QA recommended
FR,associer,Subjonctif,Subjonctif imparfait,nous,associassions,10,reviewed,repo-local legacy seed normalized into curated contract; QA recommended
FR,associer,Subjonctif,Subjonctif imparfait,vous,associassiez,10,reviewed,repo-local legacy seed normalized into curated contract; QA recommended
FR,associer,Subjonctif,Subjonctif imparfait,ils (elles),associassent,10,reviewed,repo-local legacy seed normalized into curated contract; QA recommended
FR,rassembler,Indicatif,Présent,je,rassemble,10,reviewed,repo-local legacy seed normalized into curated contract; QA recommended
FR,rassembler,Indicatif,Présent,tu,rassembles,10,reviewed,repo-local legacy seed normalized into curated contract; QA recommended
FR,rassembler,Indicatif,Présent,"il (elle, on)",rassemble,10,reviewed,repo-local legacy seed normalized into curated contract; QA recommended
FR,rassembler,Indicatif,Présent,nous,rassemblons,10,reviewed,repo-local legacy seed normalized into curated contract; QA recommended
FR,rassembler,Indicatif,Présent,vous,rassemblez,10,reviewed,repo-local legacy seed normalized into curated contract; QA recommended
FR,rassembler,Indicatif,Présent,ils (elles),rassemblent,10,reviewed,repo-local legacy seed normalized into curated contract; QA recommended
FR,rassembler,Indicatif,Futur,je,rassemblerai,10,reviewed,repo-local legacy seed normalized into curated contract; QA recommended
FR,rassembler,Indicatif,Futur,tu,rassembleras,10,reviewed,repo-local legacy seed normalized into curated contract; QA recommended
FR,rassembler,Indicatif,Futur,"il (elle, on)",rassemblera,10,reviewed,repo-local legacy seed normalized into curated contract; QA recommended
FR,rassembler,Indicatif,Futur,nous,rassemblerons,10,reviewed,repo-local legacy seed normalized into curated contract; QA recommended
FR,rassembler,Indicatif,Futur,vous,rassemblerez,10,reviewed,repo-local legacy seed normalized into curated contract; QA recommended
FR,rassembler,Indicatif,Futur,ils (elles),rassembleront,10,reviewed,repo-local legacy seed normalized into curated contract; QA recommended
FR,rassembler,Indicatif,Passé composé,je,ai rassemblé,10,reviewed,repo-local legacy seed normalized into curated contract; QA recommended
FR,rassembler,Indicatif,Passé composé,tu,as rassemblé,10,reviewed,repo-local legacy seed normalized into curated contract; QA recommended
FR,rassembler,Indicatif,Passé composé,"il (elle, on)",a rassemblé,10,reviewed,repo-local legacy seed normalized into curated contract; QA recommended
FR,rassembler,Indicatif,Passé composé,nous,avons rassemblé,10,reviewed,repo-local legacy seed normalized into curated contract; QA recommended
FR,rassembler,Indicatif,Passé composé,vous,avez rassemblé,10,reviewed,repo-local legacy seed normalized into curated contract; QA recommended
FR,rassembler,Indicatif,Passé composé,ils (elles),ont rassemblé,10,reviewed,repo-local legacy seed normalized into curated contract; QA recommended
FR,rassembler,Indicatif,Imparfait,je,rassemblais,10,reviewed,repo-local legacy seed normalized into curated contract; QA recommended
FR,rassembler,Indicatif,Imparfait,tu,rassemblais,10,reviewed,repo-local legacy seed normalized into curated contract; QA recommended
FR,rassembler,Indicatif,Imparfait,"il (elle, on)",rassemblait,10,reviewed,repo-local legacy seed normalized into curated contract; QA recommended
FR,rassembler,Indicatif,Imparfait,nous,rassemblions,10,reviewed,repo-local legacy seed normalized into curated contract; QA recommended
FR,rassembler,Indicatif,Imparfait,vous,rassembliez,10,reviewed,repo-local legacy seed normalized into curated contract; QA recommended
FR,rassembler,Indicatif,Imparfait,ils (elles),rassemblaient,10,reviewed,repo-local legacy seed normalized into curated contract; QA recommended
FR,rassembler,Conditionnel,Conditionnel présent,je,rassemblerais,10,reviewed,repo-local legacy seed normalized into curated contract; QA recommended
FR,rassembler,Conditionnel,Conditionnel présent,tu,rassemblerais,10,reviewed,repo-local legacy seed normalized into curated contract; QA recommended
FR,rassembler,Conditionnel,Conditionnel présent,"il (elle, on)",rassemblerait,10,reviewed,repo-local legacy seed normalized into curated contract; QA recommended
FR,rassembler,Conditionnel,Conditionnel présent,nous,rassemblerions,10,reviewed,repo-local legacy seed normalized into curated contract; QA recommended
FR,rassembler,Conditionnel,Conditionnel présent,vous,rassembleriez,10,reviewed,repo-local legacy seed normalized into curated contract; QA recommended
FR,rassembler,Conditionnel,Conditionnel présent,ils (elles),rassembleraient,10,reviewed,repo-local legacy seed normalized into curated contract; QA recommended
FR,rassembler,Impératif,Impératif,je,-,10,reviewed,repo-local legacy seed normalized into curated contract; QA recommended; French imperative only uses tu / nous / vous; placeholder - used for unsupported slot
FR,rassembler,Impératif,Impératif,tu,rassemble,10,reviewed,repo-local legacy seed normalized into curated contract; QA recommended
FR,rassembler,Impératif,Impératif,"il (elle, on)",-,10,reviewed,repo-local legacy seed normalized into curated contract; QA recommended; French imperative only uses tu / nous / vous; placeholder - used for unsupported slot
FR,rassembler,Impératif,Impératif,nous,rassemblons,10,reviewed,repo-local legacy seed normalized into curated contract; QA recommended
FR,rassembler,Impératif,Impératif,vous,rassemblez,10,reviewed,repo-local legacy seed normalized into curated contract; QA recommended
FR,rassembler,Impératif,Impératif,ils (elles),-,10,reviewed,repo-local legacy seed normalized into curated contract; QA recommended; French imperative only uses tu / nous / vous; placeholder - used for unsupported slot
FR,rassembler,Subjonctif,Subjonctif présent,je,rassemble,10,reviewed,repo-local legacy seed normalized into curated contract; QA recommended
FR,rassembler,Subjonctif,Subjonctif présent,tu,rassembles,10,reviewed,repo-local legacy seed normalized into curated contract; QA recommended
FR,rassembler,Subjonctif,Subjonctif présent,"il (elle, on)",rassemble,10,reviewed,repo-local legacy seed normalized into curated contract; QA recommended
FR,rassembler,Subjonctif,Subjonctif présent,nous,rassemblions,10,reviewed,repo-local legacy seed normalized into curated contract; QA recommended
FR,rassembler,Subjonctif,Subjonctif présent,vous,rassembliez,10,reviewed,repo-local legacy seed normalized into curated contract; QA recommended
FR,rassembler,Subjonctif,Subjonctif présent,ils (elles),rassemblent,10,reviewed,repo-local legacy seed normalized into curated contract; QA recommended
FR,rassembler,Indicatif,Passé Simple,je,rassemblai,10,reviewed,repo-local legacy seed normalized into curated contract; QA recommended
FR,rassembler,Indicatif,Passé Simple,tu,rassemblas,10,reviewed,repo-local legacy seed normalized into curated contract; QA recommended
FR,rassembler,Indicatif,Passé Simple,"il (elle, on)",rassembla,10,reviewed,repo-local legacy seed normalized into curated contract; QA recommended
FR,rassembler,Indicatif,Passé Simple,nous,rassemblâmes,10,reviewed,repo-local legacy seed normalized into curated contract; QA recommended
FR,rassembler,Indicatif,Passé Simple,vous,rassemblâtes,10,reviewed,repo-local legacy seed normalized into curated contract; QA recommended
FR,rassembler,Indicatif,Passé Simple,ils (elles),rassemblèrent,10,reviewed,repo-local legacy seed normalized into curated contract; QA recommended
FR,rassembler,Subjonctif,Subjonctif imparfait,je,rassemblasse,10,reviewed,repo-local legacy seed normalized into curated contract; QA recommended
FR,rassembler,Subjonctif,Subjonctif imparfait,tu,rassemblasses,10,reviewed,repo-local legacy seed normalized into curated contract; QA recommended
FR,rassembler,Subjonctif,Subjonctif imparfait,"il (elle, on)",rassemblât,10,reviewed,repo-local legacy seed normalized into curated contract; QA recommended
FR,rassembler,Subjonctif,Subjonctif imparfait,nous,rassemblassions,10,reviewed,repo-local legacy seed normalized into curated contract; QA recommended
FR,rassembler,Subjonctif,Subjonctif imparfait,vous,rassemblassiez,10,reviewed,repo-local legacy seed normalized into curated contract; QA recommended
FR,rassembler,Subjonctif,Subjonctif imparfait,ils (elles),rassemblassent,10,reviewed,repo-local legacy seed normalized into curated contract; QA recommended
FR,saluer,Indicatif,Présent,je,salue,10,reviewed,repo-local legacy seed normalized into curated contract; QA recommended
FR,saluer,Indicatif,Présent,tu,salues,10,reviewed,repo-local legacy seed normalized into curated contract; QA recommended
FR,saluer,Indicatif,Présent,"il (elle, on)",salue,10,reviewed,repo-local legacy seed normalized into curated contract; QA recommended
FR,saluer,Indicatif,Présent,nous,saluons,10,reviewed,repo-local legacy seed normalized into curated contract; QA recommended
FR,saluer,Indicatif,Présent,vous,saluez,10,reviewed,repo-local legacy seed normalized into curated contract; QA recommended
FR,saluer,Indicatif,Présent,ils (elles),saluent,10,reviewed,repo-local legacy seed normalized into curated contract; QA recommended
FR,saluer,Indicatif,Futur,je,saluerai,10,reviewed,repo-local legacy seed normalized into curated contract; QA recommended
FR,saluer,Indicatif,Futur,tu,salueras,10,reviewed,repo-local legacy seed normalized into curated contract; QA recommended
FR,saluer,Indicatif,Futur,"il (elle, on)",saluera,10,reviewed,repo-local legacy seed normalized into curated contract; QA recommended
FR,saluer,Indicatif,Futur,nous,saluerons,10,reviewed,repo-local legacy seed normalized into curated contract; QA recommended
FR,saluer,Indicatif,Futur,vous,saluerez,10,reviewed,repo-local legacy seed normalized into curated contract; QA recommended
FR,saluer,Indicatif,Futur,ils (elles),salueront,10,reviewed,repo-local legacy seed normalized into curated contract; QA recommended
FR,saluer,Indicatif,Passé composé,je,ai salué,10,reviewed,repo-local legacy seed normalized into curated contract; QA recommended
FR,saluer,Indicatif,Passé composé,tu,as salué,10,reviewed,repo-local legacy seed normalized into curated contract; QA recommended
FR,saluer,Indicatif,Passé composé,"il (elle, on)",a salué,10,reviewed,repo-local legacy seed normalized into curated contract; QA recommended
FR,saluer,Indicatif,Passé composé,nous,avons salué,10,reviewed,repo-local legacy seed normalized into curated contract; QA recommended
FR,saluer,Indicatif,Passé composé,vous,avez salué,10,reviewed,repo-local legacy seed normalized into curated contract; QA recommended
FR,saluer,Indicatif,Passé composé,ils (elles),ont salué,10,reviewed,repo-local legacy seed normalized into curated contract; QA recommended
FR,saluer,Indicatif,Imparfait,je,saluais,10,reviewed,repo-local legacy seed normalized into curated contract; QA recommended
FR,saluer,Indicatif,Imparfait,tu,saluais,10,reviewed,repo-local legacy seed normalized into curated contract; QA recommended
FR,saluer,Indicatif,Imparfait,"il (elle, on)",saluait,10,reviewed,repo-local legacy seed normalized into curated contract; QA recommended
FR,saluer,Indicatif,Imparfait,nous,saluions,10,reviewed,repo-local legacy seed normalized into curated contract; QA recommended
FR,saluer,Indicatif,Imparfait,vous,saluiez,10,reviewed,repo-local legacy seed normalized into curated contract; QA recommended
FR,saluer,Indicatif,Imparfait,ils (elles),saluaient,10,reviewed,repo-local legacy seed normalized into curated contract; QA recommended
FR,saluer,Conditionnel,Conditionnel présent,je,saluerais,10,reviewed,repo-local legacy seed normalized into curated contract; QA recommended
FR,saluer,Conditionnel,Conditionnel présent,tu,saluerais,10,reviewed,repo-local legacy seed normalized into curated contract; QA recommended
FR,saluer,Conditionnel,Conditionnel présent,"il (elle, on)",saluerait,10,reviewed,repo-local legacy seed normalized into curated contract; QA recommended
FR,saluer,Conditionnel,Conditionnel présent,nous,saluerions,10,reviewed,repo-local legacy seed normalized into curated contract; QA recommended
FR,saluer,Conditionnel,Conditionnel présent,vous,salueriez,10,reviewed,repo-local legacy seed normalized into curated contract; QA recommended
FR,saluer,Conditionnel,Conditionnel présent,ils (elles),salueraient,10,reviewed,repo-local legacy seed normalized into curated contract; QA recommended
FR,saluer,Impératif,Impératif,je,-,10,reviewed,repo-local legacy seed normalized into curated contract; QA recommended; French imperative only uses tu / nous / vous; placeholder - used for unsupported slot
FR,saluer,Impératif,Impératif,tu,salue,10,reviewed,repo-local legacy seed normalized into curated contract; QA recommended
FR,saluer,Impératif,Impératif,"il (elle, on)",-,10,reviewed,repo-local legacy seed normalized into curated contract; QA recommended; French imperative only uses tu / nous / vous; placeholder - used for unsupported slot
FR,saluer,Impératif,Impératif,nous,saluons,10,reviewed,repo-local legacy seed normalized into curated contract; QA recommended
FR,saluer,Impératif,Impératif,vous,saluez,10,reviewed,repo-local legacy seed normalized into curated contract; QA recommended
FR,saluer,Impératif,Impératif,ils (elles),-,10,reviewed,repo-local legacy seed normalized into curated contract; QA recommended; French imperative only uses tu / nous / vous; placeholder - used for unsupported slot
FR,saluer,Subjonctif,Subjonctif présent,je,salue,10,reviewed,repo-local legacy seed normalized into curated contract; QA recommended
FR,saluer,Subjonctif,Subjonctif présent,tu,salues,10,reviewed,repo-local legacy seed normalized into curated contract; QA recommended
FR,saluer,Subjonctif,Subjonctif présent,"il (elle, on)",salue,10,reviewed,repo-local legacy seed normalized into curated contract; QA recommended
FR,saluer,Subjonctif,Subjonctif présent,nous,saluions,10,reviewed,repo-local legacy seed normalized into curated contract; QA recommended
FR,saluer,Subjonctif,Subjonctif présent,vous,saluiez,10,reviewed,repo-local legacy seed normalized into curated contract; QA recommended
FR,saluer,Subjonctif,Subjonctif présent,ils (elles),saluent,10,reviewed,repo-local legacy seed normalized into curated contract; QA recommended
FR,saluer,Indicatif,Passé Simple,je,saluai,10,reviewed,repo-local legacy seed normalized into curated contract; QA recommended
FR,saluer,Indicatif,Passé Simple,tu,saluas,10,reviewed,repo-local legacy seed normalized into curated contract; QA recommended
FR,saluer,Indicatif,Passé Simple,"il (elle, on)",salua,10,reviewed,repo-local legacy seed normalized into curated contract; QA recommended
FR,saluer,Indicatif,Passé Simple,nous,saluâmes,10,reviewed,repo-local legacy seed normalized into curated contract; QA recommended
FR,saluer,Indicatif,Passé Simple,vous,saluâtes,10,reviewed,repo-local legacy seed normalized into curated contract; QA recommended
FR,saluer,Indicatif,Passé Simple,ils (elles),saluèrent,10,reviewed,repo-local legacy seed normalized into curated contract; QA recommended
FR,saluer,Subjonctif,Subjonctif imparfait,je,saluasse,10,reviewed,repo-local legacy seed normalized into curated contract; QA recommended
FR,saluer,Subjonctif,Subjonctif imparfait,tu,saluasses,10,reviewed,repo-local legacy seed normalized into curated contract; QA recommended
FR,saluer,Subjonctif,Subjonctif imparfait,"il (elle, on)",saluât,10,reviewed,repo-local legacy seed normalized into curated contract; QA recommended
FR,saluer,Subjonctif,Subjonctif imparfait,nous,saluassions,10,reviewed,repo-local legacy seed normalized into curated contract; QA recommended
FR,saluer,Subjonctif,Subjonctif imparfait,vous,saluassiez,10,reviewed,repo-local legacy seed normalized into curated contract; QA recommended
FR,saluer,Subjonctif,Subjonctif imparfait,ils (elles),saluassent,10,reviewed,repo-local legacy seed normalized into curated contract; QA recommended
FR,briller,Indicatif,Présent,je,brille,10,reviewed,repo-local legacy seed normalized into curated contract; QA recommended
FR,briller,Indicatif,Présent,tu,brilles,10,reviewed,repo-local legacy seed normalized into curated contract; QA recommended
FR,briller,Indicatif,Présent,"il (elle, on)",brille,10,reviewed,repo-local legacy seed normalized into curated contract; QA recommended
FR,briller,Indicatif,Présent,nous,brillons,10,reviewed,repo-local legacy seed normalized into curated contract; QA recommended
FR,briller,Indicatif,Présent,vous,brillez,10,reviewed,repo-local legacy seed normalized into curated contract; QA recommended
FR,briller,Indicatif,Présent,ils (elles),brillent,10,reviewed,repo-local legacy seed normalized into curated contract; QA recommended
FR,briller,Indicatif,Futur,je,brillerai,10,reviewed,repo-local legacy seed normalized into curated contract; QA recommended
FR,briller,Indicatif,Futur,tu,brilleras,10,reviewed,repo-local legacy seed normalized into curated contract; QA recommended
FR,briller,Indicatif,Futur,"il (elle, on)",brillera,10,reviewed,repo-local legacy seed normalized into curated contract; QA recommended
FR,briller,Indicatif,Futur,nous,brillerons,10,reviewed,repo-local legacy seed normalized into curated contract; QA recommended
FR,briller,Indicatif,Futur,vous,brillerez,10,reviewed,repo-local legacy seed normalized into curated contract; QA recommended
FR,briller,Indicatif,Futur,ils (elles),brilleront,10,reviewed,repo-local legacy seed normalized into curated contract; QA recommended
FR,briller,Indicatif,Passé composé,je,ai brillé,10,reviewed,repo-local legacy seed normalized into curated contract; QA recommended
FR,briller,Indicatif,Passé composé,tu,as brillé,10,reviewed,repo-local legacy seed normalized into curated contract; QA recommended
FR,briller,Indicatif,Passé composé,"il (elle, on)",a brillé,10,reviewed,repo-local legacy seed normalized into curated contract; QA recommended
FR,briller,Indicatif,Passé composé,nous,avons brillé,10,reviewed,repo-local legacy seed normalized into curated contract; QA recommended
FR,briller,Indicatif,Passé composé,vous,avez brillé,10,reviewed,repo-local legacy seed normalized into curated contract; QA recommended
FR,briller,Indicatif,Passé composé,ils (elles),ont brillé,10,reviewed,repo-local legacy seed normalized into curated contract; QA recommended
FR,briller,Indicatif,Imparfait,je,brillais,10,reviewed,repo-local legacy seed normalized into curated contract; QA recommended
FR,briller,Indicatif,Imparfait,tu,brillais,10,reviewed,repo-local legacy seed normalized into curated contract; QA recommended
FR,briller,Indicatif,Imparfait,"il (elle, on)",brillait,10,reviewed,repo-local legacy seed normalized into curated contract; QA recommended
FR,briller,Indicatif,Imparfait,nous,brillions,10,reviewed,repo-local legacy seed normalized into curated contract; QA recommended
FR,briller,Indicatif,Imparfait,vous,brilliez,10,reviewed,repo-local legacy seed normalized into curated contract; QA recommended
FR,briller,Indicatif,Imparfait,ils (elles),brillaient,10,reviewed,repo-local legacy seed normalized into curated contract; QA recommended
FR,briller,Conditionnel,Conditionnel présent,je,brillerais,10,reviewed,repo-local legacy seed normalized into curated contract; QA recommended
FR,briller,Conditionnel,Conditionnel présent,tu,brillerais,10,reviewed,repo-local legacy seed normalized into curated contract; QA recommended
FR,briller,Conditionnel,Conditionnel présent,"il (elle, on)",brillerait,10,reviewed,repo-local legacy seed normalized into curated contract; QA recommended
FR,briller,Conditionnel,Conditionnel présent,nous,brillerions,10,reviewed,repo-local legacy seed normalized into curated contract; QA recommended
FR,briller,Conditionnel,Conditionnel présent,vous,brilleriez,10,reviewed,repo-local legacy seed normalized into curated contract; QA recommended
FR,briller,Conditionnel,Conditionnel présent,ils (elles),brilleraient,10,reviewed,repo-local legacy seed normalized into curated contract; QA recommended
FR,briller,Impératif,Impératif,je,-,10,reviewed,repo-local legacy seed normalized into curated contract; QA recommended; French imperative only uses tu / nous / vous; placeholder - used for unsupported slot
FR,briller,Impératif,Impératif,tu,brille,10,reviewed,repo-local legacy seed normalized into curated contract; QA recommended
FR,briller,Impératif,Impératif,"il (elle, on)",-,10,reviewed,repo-local legacy seed normalized into curated contract; QA recommended; French imperative only uses tu / nous / vous; placeholder - used for unsupported slot
FR,briller,Impératif,Impératif,nous,brillons,10,reviewed,repo-local legacy seed normalized into curated contract; QA recommended
FR,briller,Impératif,Impératif,vous,brillez,10,reviewed,repo-local legacy seed normalized into curated contract; QA recommended
FR,briller,Impératif,Impératif,ils (elles),-,10,reviewed,repo-local legacy seed normalized into curated contract; QA recommended; French imperative only uses tu / nous / vous; placeholder - used for unsupported slot
FR,briller,Subjonctif,Subjonctif présent,je,brille,10,reviewed,repo-local legacy seed normalized into curated contract; QA recommended
FR,briller,Subjonctif,Subjonctif présent,tu,brilles,10,reviewed,repo-local legacy seed normalized into curated contract; QA recommended
FR,briller,Subjonctif,Subjonctif présent,"il (elle, on)",brille,10,reviewed,repo-local legacy seed normalized into curated contract; QA recommended
FR,briller,Subjonctif,Subjonctif présent,nous,brillions,10,reviewed,repo-local legacy seed normalized into curated contract; QA recommended
FR,briller,Subjonctif,Subjonctif présent,vous,brilliez,10,reviewed,repo-local legacy seed normalized into curated contract; QA recommended
FR,briller,Subjonctif,Subjonctif présent,ils (elles),brillent,10,reviewed,repo-local legacy seed normalized into curated contract; QA recommended
FR,briller,Indicatif,Passé Simple,je,brillai,10,reviewed,repo-local legacy seed normalized into curated contract; QA recommended
FR,briller,Indicatif,Passé Simple,tu,brillas,10,reviewed,repo-local legacy seed normalized into curated contract; QA recommended
FR,briller,Indicatif,Passé Simple,"il (elle, on)",brilla,10,reviewed,repo-local legacy seed normalized into curated contract; QA recommended
FR,briller,Indicatif,Passé Simple,nous,brillâmes,10,reviewed,repo-local legacy seed normalized into curated contract; QA recommended
FR,briller,Indicatif,Passé Simple,vous,brillâtes,10,reviewed,repo-local legacy seed normalized into curated contract; QA recommended
FR,briller,Indicatif,Passé Simple,ils (elles),brillèrent,10,reviewed,repo-local legacy seed normalized into curated contract; QA recommended
FR,briller,Subjonctif,Subjonctif imparfait,je,brillasse,10,reviewed,repo-local legacy seed normalized into curated contract; QA recommended
FR,briller,Subjonctif,Subjonctif imparfait,tu,brillasses,10,reviewed,repo-local legacy seed normalized into curated contract; QA recommended
FR,briller,Subjonctif,Subjonctif imparfait,"il (elle, on)",brillât,10,reviewed,repo-local legacy seed normalized into curated contract; QA recommended
FR,briller,Subjonctif,Subjonctif imparfait,nous,brillassions,10,reviewed,repo-local legacy seed normalized into curated contract; QA recommended
FR,briller,Subjonctif,Subjonctif imparfait,vous,brillassiez,10,reviewed,repo-local legacy seed normalized into curated contract; QA recommended
FR,briller,Subjonctif,Subjonctif imparfait,ils (elles),brillassent,10,reviewed,repo-local legacy seed normalized into curated contract; QA recommended
FR,commander,Indicatif,Présent,je,commande,10,reviewed,repo-local legacy seed normalized into curated contract; QA recommended
FR,commander,Indicatif,Présent,tu,commandes,10,reviewed,repo-local legacy seed normalized into curated contract; QA recommended
FR,commander,Indicatif,Présent,"il (elle, on)",commande,10,reviewed,repo-local legacy seed normalized into curated contract; QA recommended
FR,commander,Indicatif,Présent,nous,commandons,10,reviewed,repo-local legacy seed normalized into curated contract; QA recommended
FR,commander,Indicatif,Présent,vous,commandez,10,reviewed,repo-local legacy seed normalized into curated contract; QA recommended
FR,commander,Indicatif,Présent,ils (elles),commandent,10,reviewed,repo-local legacy seed normalized into curated contract; QA recommended
FR,commander,Indicatif,Futur,je,commanderai,10,reviewed,repo-local legacy seed normalized into curated contract; QA recommended
FR,commander,Indicatif,Futur,tu,commanderas,10,reviewed,repo-local legacy seed normalized into curated contract; QA recommended
FR,commander,Indicatif,Futur,"il (elle, on)",commandera,10,reviewed,repo-local legacy seed normalized into curated contract; QA recommended
FR,commander,Indicatif,Futur,nous,commanderons,10,reviewed,repo-local legacy seed normalized into curated contract; QA recommended
FR,commander,Indicatif,Futur,vous,commanderez,10,reviewed,repo-local legacy seed normalized into curated contract; QA recommended
FR,commander,Indicatif,Futur,ils (elles),commanderont,10,reviewed,repo-local legacy seed normalized into curated contract; QA recommended
FR,commander,Indicatif,Passé composé,je,ai commandé,10,reviewed,repo-local legacy seed normalized into curated contract; QA recommended
FR,commander,Indicatif,Passé composé,tu,as commandé,10,reviewed,repo-local legacy seed normalized into curated contract; QA recommended
FR,commander,Indicatif,Passé composé,"il (elle, on)",a commandé,10,reviewed,repo-local legacy seed normalized into curated contract; QA recommended
FR,commander,Indicatif,Passé composé,nous,avons commandé,10,reviewed,repo-local legacy seed normalized into curated contract; QA recommended
FR,commander,Indicatif,Passé composé,vous,avez commandé,10,reviewed,repo-local legacy seed normalized into curated contract; QA recommended
FR,commander,Indicatif,Passé composé,ils (elles),ont commandé,10,reviewed,repo-local legacy seed normalized into curated contract; QA recommended
FR,commander,Indicatif,Imparfait,je,commandais,10,reviewed,repo-local legacy seed normalized into curated contract; QA recommended
FR,commander,Indicatif,Imparfait,tu,commandais,10,reviewed,repo-local legacy seed normalized into curated contract; QA recommended
FR,commander,Indicatif,Imparfait,"il (elle, on)",commandait,10,reviewed,repo-local legacy seed normalized into curated contract; QA recommended
FR,commander,Indicatif,Imparfait,nous,commandions,10,reviewed,repo-local legacy seed normalized into curated contract; QA recommended
FR,commander,Indicatif,Imparfait,vous,commandiez,10,reviewed,repo-local legacy seed normalized into curated contract; QA recommended
FR,commander,Indicatif,Imparfait,ils (elles),commandaient,10,reviewed,repo-local legacy seed normalized into curated contract; QA recommended
FR,commander,Conditionnel,Conditionnel présent,je,commanderais,10,reviewed,repo-local legacy seed normalized into curated contract; QA recommended
FR,commander,Conditionnel,Conditionnel présent,tu,commanderais,10,reviewed,repo-local legacy seed normalized into curated contract; QA recommended
FR,commander,Conditionnel,Conditionnel présent,"il (elle, on)",commanderait,10,reviewed,repo-local legacy seed normalized into curated contract; QA recommended
FR,commander,Conditionnel,Conditionnel présent,nous,commanderions,10,reviewed,repo-local legacy seed normalized into curated contract; QA recommended
FR,commander,Conditionnel,Conditionnel présent,vous,commanderiez,10,reviewed,repo-local legacy seed normalized into curated contract; QA recommended
FR,commander,Conditionnel,Conditionnel présent,ils (elles),commanderaient,10,reviewed,repo-local legacy seed normalized into curated contract; QA recommended
FR,commander,Impératif,Impératif,je,-,10,reviewed,repo-local legacy seed normalized into curated contract; QA recommended; French imperative only uses tu / nous / vous; placeholder - used for unsupported slot
FR,commander,Impératif,Impératif,tu,commande,10,reviewed,repo-local legacy seed normalized into curated contract; QA recommended
FR,commander,Impératif,Impératif,"il (elle, on)",-,10,reviewed,repo-local legacy seed normalized into curated contract; QA recommended; French imperative only uses tu / nous / vous; placeholder - used for unsupported slot
FR,commander,Impératif,Impératif,nous,commandons,10,reviewed,repo-local legacy seed normalized into curated contract; QA recommended
FR,commander,Impératif,Impératif,vous,commandez,10,reviewed,repo-local legacy seed normalized into curated contract; QA recommended
FR,commander,Impératif,Impératif,ils (elles),-,10,reviewed,repo-local legacy seed normalized into curated contract; QA recommended; French imperative only uses tu / nous / vous; placeholder - used for unsupported slot
FR,commander,Subjonctif,Subjonctif présent,je,commande,10,reviewed,repo-local legacy seed normalized into curated contract; QA recommended
FR,commander,Subjonctif,Subjonctif présent,tu,commandes,10,reviewed,repo-local legacy seed normalized into curated contract; QA recommended
FR,commander,Subjonctif,Subjonctif présent,"il (elle, on)",commande,10,reviewed,repo-local legacy seed normalized into curated contract; QA recommended
FR,commander,Subjonctif,Subjonctif présent,nous,commandions,10,reviewed,repo-local legacy seed normalized into curated contract; QA recommended
FR,commander,Subjonctif,Subjonctif présent,vous,commandiez,10,reviewed,repo-local legacy seed normalized into curated contract; QA recommended
FR,commander,Subjonctif,Subjonctif présent,ils (elles),commandent,10,reviewed,repo-local legacy seed normalized into curated contract; QA recommended
FR,commander,Indicatif,Passé Simple,je,commandai,10,reviewed,repo-local legacy seed normalized into curated contract; QA recommended
FR,commander,Indicatif,Passé Simple,tu,commandas,10,reviewed,repo-local legacy seed normalized into curated contract; QA recommended
FR,commander,Indicatif,Passé Simple,"il (elle, on)",commanda,10,reviewed,repo-local legacy seed normalized into curated contract; QA recommended
FR,commander,Indicatif,Passé Simple,nous,commandâmes,10,reviewed,repo-local legacy seed normalized into curated contract; QA recommended
FR,commander,Indicatif,Passé Simple,vous,commandâtes,10,reviewed,repo-local legacy seed normalized into curated contract; QA recommended
FR,commander,Indicatif,Passé Simple,ils (elles),commandèrent,10,reviewed,repo-local legacy seed normalized into curated contract; QA recommended
FR,commander,Subjonctif,Subjonctif imparfait,je,commandasse,10,reviewed,repo-local legacy seed normalized into curated contract; QA recommended
FR,commander,Subjonctif,Subjonctif imparfait,tu,commandasses,10,reviewed,repo-local legacy seed normalized into curated contract; QA recommended
FR,commander,Subjonctif,Subjonctif imparfait,"il (elle, on)",commandât,10,reviewed,repo-local legacy seed normalized into curated contract; QA recommended
FR,commander,Subjonctif,Subjonctif imparfait,nous,commandassions,10,reviewed,repo-local legacy seed normalized into curated contract; QA recommended
FR,commander,Subjonctif,Subjonctif imparfait,vous,commandassiez,10,reviewed,repo-local legacy seed normalized into curated contract; QA recommended
FR,commander,Subjonctif,Subjonctif imparfait,ils (elles),commandassent,10,reviewed,repo-local legacy seed normalized into curated contract; QA recommended
FR,valoir,Indicatif,Présent,je,vaux,10,reviewed,irregular/compound paradigm patched manually; QA recommended
FR,valoir,Indicatif,Présent,tu,vaux,10,reviewed,irregular/compound paradigm patched manually; QA recommended
FR,valoir,Indicatif,Présent,"il (elle, on)",vaut,10,reviewed,irregular/compound paradigm patched manually; QA recommended
FR,valoir,Indicatif,Présent,nous,valons,10,reviewed,irregular/compound paradigm patched manually; QA recommended
FR,valoir,Indicatif,Présent,vous,valez,10,reviewed,irregular/compound paradigm patched manually; QA recommended
FR,valoir,Indicatif,Présent,ils (elles),valent,10,reviewed,irregular/compound paradigm patched manually; QA recommended
FR,valoir,Indicatif,Futur,je,vaudrai,10,reviewed,irregular/compound paradigm patched manually; QA recommended
FR,valoir,Indicatif,Futur,tu,vaudras,10,reviewed,irregular/compound paradigm patched manually; QA recommended
FR,valoir,Indicatif,Futur,"il (elle, on)",vaudra,10,reviewed,irregular/compound paradigm patched manually; QA recommended
FR,valoir,Indicatif,Futur,nous,vaudrons,10,reviewed,irregular/compound paradigm patched manually; QA recommended
FR,valoir,Indicatif,Futur,vous,vaudrez,10,reviewed,irregular/compound paradigm patched manually; QA recommended
FR,valoir,Indicatif,Futur,ils (elles),vaudront,10,reviewed,irregular/compound paradigm patched manually; QA recommended
FR,valoir,Indicatif,Passé composé,je,ai valu,10,reviewed,irregular/compound paradigm patched manually; QA recommended
FR,valoir,Indicatif,Passé composé,tu,as valu,10,reviewed,irregular/compound paradigm patched manually; QA recommended
FR,valoir,Indicatif,Passé composé,"il (elle, on)",a valu,10,reviewed,irregular/compound paradigm patched manually; QA recommended
FR,valoir,Indicatif,Passé composé,nous,avons valu,10,reviewed,irregular/compound paradigm patched manually; QA recommended
FR,valoir,Indicatif,Passé composé,vous,avez valu,10,reviewed,irregular/compound paradigm patched manually; QA recommended
FR,valoir,Indicatif,Passé composé,ils (elles),ont valu,10,reviewed,irregular/compound paradigm patched manually; QA recommended
FR,valoir,Indicatif,Imparfait,je,valais,10,reviewed,irregular/compound paradigm patched manually; QA recommended
FR,valoir,Indicatif,Imparfait,tu,valais,10,reviewed,irregular/compound paradigm patched manually; QA recommended
FR,valoir,Indicatif,Imparfait,"il (elle, on)",valait,10,reviewed,irregular/compound paradigm patched manually; QA recommended
FR,valoir,Indicatif,Imparfait,nous,valions,10,reviewed,irregular/compound paradigm patched manually; QA recommended
FR,valoir,Indicatif,Imparfait,vous,valiez,10,reviewed,irregular/compound paradigm patched manually; QA recommended
FR,valoir,Indicatif,Imparfait,ils (elles),valaient,10,reviewed,irregular/compound paradigm patched manually; QA recommended
FR,valoir,Conditionnel,Conditionnel présent,je,vaudrais,10,reviewed,irregular/compound paradigm patched manually; QA recommended
FR,valoir,Conditionnel,Conditionnel présent,tu,vaudrais,10,reviewed,irregular/compound paradigm patched manually; QA recommended
FR,valoir,Conditionnel,Conditionnel présent,"il (elle, on)",vaudrait,10,reviewed,irregular/compound paradigm patched manually; QA recommended
FR,valoir,Conditionnel,Conditionnel présent,nous,vaudrions,10,reviewed,irregular/compound paradigm patched manually; QA recommended
FR,valoir,Conditionnel,Conditionnel présent,vous,vaudriez,10,reviewed,irregular/compound paradigm patched manually; QA recommended
FR,valoir,Conditionnel,Conditionnel présent,ils (elles),vaudraient,10,reviewed,irregular/compound paradigm patched manually; QA recommended
FR,valoir,Impératif,Impératif,je,-,10,reviewed,irregular/compound paradigm patched manually; QA recommended; French imperative only uses tu / nous / vous; placeholder - used for unsupported slot
FR,valoir,Impératif,Impératif,tu,vaux,10,reviewed,irregular/compound paradigm patched manually; QA recommended
FR,valoir,Impératif,Impératif,"il (elle, on)",-,10,reviewed,irregular/compound paradigm patched manually; QA recommended; French imperative only uses tu / nous / vous; placeholder - used for unsupported slot
FR,valoir,Impératif,Impératif,nous,valons,10,reviewed,irregular/compound paradigm patched manually; QA recommended
FR,valoir,Impératif,Impératif,vous,valez,10,reviewed,irregular/compound paradigm patched manually; QA recommended
FR,valoir,Impératif,Impératif,ils (elles),-,10,reviewed,irregular/compound paradigm patched manually; QA recommended; French imperative only uses tu / nous / vous; placeholder - used for unsupported slot
FR,valoir,Subjonctif,Subjonctif présent,je,vaille,10,reviewed,irregular/compound paradigm patched manually; QA recommended
FR,valoir,Subjonctif,Subjonctif présent,tu,vailles,10,reviewed,irregular/compound paradigm patched manually; QA recommended
FR,valoir,Subjonctif,Subjonctif présent,"il (elle, on)",vaille,10,reviewed,irregular/compound paradigm patched manually; QA recommended
FR,valoir,Subjonctif,Subjonctif présent,nous,valions,10,reviewed,irregular/compound paradigm patched manually; QA recommended
FR,valoir,Subjonctif,Subjonctif présent,vous,valiez,10,reviewed,irregular/compound paradigm patched manually; QA recommended
FR,valoir,Subjonctif,Subjonctif présent,ils (elles),vaillent,10,reviewed,irregular/compound paradigm patched manually; QA recommended
FR,valoir,Indicatif,Passé Simple,je,valus,10,reviewed,irregular/compound paradigm patched manually; QA recommended
FR,valoir,Indicatif,Passé Simple,tu,valus,10,reviewed,irregular/compound paradigm patched manually; QA recommended
FR,valoir,Indicatif,Passé Simple,"il (elle, on)",valut,10,reviewed,irregular/compound paradigm patched manually; QA recommended
FR,valoir,Indicatif,Passé Simple,nous,valûmes,10,reviewed,irregular/compound paradigm patched manually; QA recommended
FR,valoir,Indicatif,Passé Simple,vous,valûtes,10,reviewed,irregular/compound paradigm patched manually; QA recommended
FR,valoir,Indicatif,Passé Simple,ils (elles),valurent,10,reviewed,irregular/compound paradigm patched manually; QA recommended
FR,valoir,Subjonctif,Subjonctif imparfait,je,valusse,10,reviewed,irregular/compound paradigm patched manually; QA recommended
FR,valoir,Subjonctif,Subjonctif imparfait,tu,valusses,10,reviewed,irregular/compound paradigm patched manually; QA recommended
FR,valoir,Subjonctif,Subjonctif imparfait,"il (elle, on)",valût,10,reviewed,irregular/compound paradigm patched manually; QA recommended
FR,valoir,Subjonctif,Subjonctif imparfait,nous,valussions,10,reviewed,irregular/compound paradigm patched manually; QA recommended
FR,valoir,Subjonctif,Subjonctif imparfait,vous,valussiez,10,reviewed,irregular/compound paradigm patched manually; QA recommended
FR,valoir,Subjonctif,Subjonctif imparfait,ils (elles),valussent,10,reviewed,irregular/compound paradigm patched manually; QA recommended
FR,reproduire,Indicatif,Présent,je,reproduis,10,reviewed,irregular/compound paradigm patched manually; QA recommended
FR,reproduire,Indicatif,Présent,tu,reproduis,10,reviewed,irregular/compound paradigm patched manually; QA recommended
FR,reproduire,Indicatif,Présent,"il (elle, on)",reproduit,10,reviewed,irregular/compound paradigm patched manually; QA recommended
FR,reproduire,Indicatif,Présent,nous,reproduisons,10,reviewed,irregular/compound paradigm patched manually; QA recommended
FR,reproduire,Indicatif,Présent,vous,reproduisez,10,reviewed,irregular/compound paradigm patched manually; QA recommended
FR,reproduire,Indicatif,Présent,ils (elles),reproduisent,10,reviewed,irregular/compound paradigm patched manually; QA recommended
FR,reproduire,Indicatif,Futur,je,reproduirai,10,reviewed,irregular/compound paradigm patched manually; QA recommended
FR,reproduire,Indicatif,Futur,tu,reproduiras,10,reviewed,irregular/compound paradigm patched manually; QA recommended
FR,reproduire,Indicatif,Futur,"il (elle, on)",reproduira,10,reviewed,irregular/compound paradigm patched manually; QA recommended
FR,reproduire,Indicatif,Futur,nous,reproduirons,10,reviewed,irregular/compound paradigm patched manually; QA recommended
FR,reproduire,Indicatif,Futur,vous,reproduirez,10,reviewed,irregular/compound paradigm patched manually; QA recommended
FR,reproduire,Indicatif,Futur,ils (elles),reproduiront,10,reviewed,irregular/compound paradigm patched manually; QA recommended
FR,reproduire,Indicatif,Passé composé,je,ai reproduit,10,reviewed,irregular/compound paradigm patched manually; QA recommended
FR,reproduire,Indicatif,Passé composé,tu,as reproduit,10,reviewed,irregular/compound paradigm patched manually; QA recommended
FR,reproduire,Indicatif,Passé composé,"il (elle, on)",a reproduit,10,reviewed,irregular/compound paradigm patched manually; QA recommended
FR,reproduire,Indicatif,Passé composé,nous,avons reproduit,10,reviewed,irregular/compound paradigm patched manually; QA recommended
FR,reproduire,Indicatif,Passé composé,vous,avez reproduit,10,reviewed,irregular/compound paradigm patched manually; QA recommended
FR,reproduire,Indicatif,Passé composé,ils (elles),ont reproduit,10,reviewed,irregular/compound paradigm patched manually; QA recommended
FR,reproduire,Indicatif,Imparfait,je,reproduisais,10,reviewed,irregular/compound paradigm patched manually; QA recommended
FR,reproduire,Indicatif,Imparfait,tu,reproduisais,10,reviewed,irregular/compound paradigm patched manually; QA recommended
FR,reproduire,Indicatif,Imparfait,"il (elle, on)",reproduisait,10,reviewed,irregular/compound paradigm patched manually; QA recommended
FR,reproduire,Indicatif,Imparfait,nous,reproduisions,10,reviewed,irregular/compound paradigm patched manually; QA recommended
FR,reproduire,Indicatif,Imparfait,vous,reproduisiez,10,reviewed,irregular/compound paradigm patched manually; QA recommended
FR,reproduire,Indicatif,Imparfait,ils (elles),reproduisaient,10,reviewed,irregular/compound paradigm patched manually; QA recommended
FR,reproduire,Conditionnel,Conditionnel présent,je,reproduirais,10,reviewed,irregular/compound paradigm patched manually; QA recommended
FR,reproduire,Conditionnel,Conditionnel présent,tu,reproduirais,10,reviewed,irregular/compound paradigm patched manually; QA recommended
FR,reproduire,Conditionnel,Conditionnel présent,"il (elle, on)",reproduirait,10,reviewed,irregular/compound paradigm patched manually; QA recommended
FR,reproduire,Conditionnel,Conditionnel présent,nous,reproduirions,10,reviewed,irregular/compound paradigm patched manually; QA recommended
FR,reproduire,Conditionnel,Conditionnel présent,vous,reproduiriez,10,reviewed,irregular/compound paradigm patched manually; QA recommended
FR,reproduire,Conditionnel,Conditionnel présent,ils (elles),reproduiraient,10,reviewed,irregular/compound paradigm patched manually; QA recommended
FR,reproduire,Impératif,Impératif,je,-,10,reviewed,irregular/compound paradigm patched manually; QA recommended; French imperative only uses tu / nous / vous; placeholder - used for unsupported slot
FR,reproduire,Impératif,Impératif,tu,reproduis,10,reviewed,irregular/compound paradigm patched manually; QA recommended
FR,reproduire,Impératif,Impératif,"il (elle, on)",-,10,reviewed,irregular/compound paradigm patched manually; QA recommended; French imperative only uses tu / nous / vous; placeholder - used for unsupported slot
FR,reproduire,Impératif,Impératif,nous,reproduisons,10,reviewed,irregular/compound paradigm patched manually; QA recommended
FR,reproduire,Impératif,Impératif,vous,reproduisez,10,reviewed,irregular/compound paradigm patched manually; QA recommended
FR,reproduire,Impératif,Impératif,ils (elles),-,10,reviewed,irregular/compound paradigm patched manually; QA recommended; French imperative only uses tu / nous / vous; placeholder - used for unsupported slot
FR,reproduire,Subjonctif,Subjonctif présent,je,reproduise,10,reviewed,irregular/compound paradigm patched manually; QA recommended
FR,reproduire,Subjonctif,Subjonctif présent,tu,reproduises,10,reviewed,irregular/compound paradigm patched manually; QA recommended
FR,reproduire,Subjonctif,Subjonctif présent,"il (elle, on)",reproduise,10,reviewed,irregular/compound paradigm patched manually; QA recommended
FR,reproduire,Subjonctif,Subjonctif présent,nous,reproduisions,10,reviewed,irregular/compound paradigm patched manually; QA recommended
FR,reproduire,Subjonctif,Subjonctif présent,vous,reproduisiez,10,reviewed,irregular/compound paradigm patched manually; QA recommended
FR,reproduire,Subjonctif,Subjonctif présent,ils (elles),reproduisent,10,reviewed,irregular/compound paradigm patched manually; QA recommended
FR,reproduire,Indicatif,Passé Simple,je,reproduisis,10,reviewed,irregular/compound paradigm patched manually; QA recommended
FR,reproduire,Indicatif,Passé Simple,tu,reproduisis,10,reviewed,irregular/compound paradigm patched manually; QA recommended
FR,reproduire,Indicatif,Passé Simple,"il (elle, on)",reproduisit,10,reviewed,irregular/compound paradigm patched manually; QA recommended
FR,reproduire,Indicatif,Passé Simple,nous,reproduisîmes,10,reviewed,irregular/compound paradigm patched manually; QA recommended
FR,reproduire,Indicatif,Passé Simple,vous,reproduisîtes,10,reviewed,irregular/compound paradigm patched manually; QA recommended
FR,reproduire,Indicatif,Passé Simple,ils (elles),reproduisirent,10,reviewed,irregular/compound paradigm patched manually; QA recommended
FR,reproduire,Subjonctif,Subjonctif imparfait,je,reproduisisse,10,reviewed,irregular/compound paradigm patched manually; QA recommended
FR,reproduire,Subjonctif,Subjonctif imparfait,tu,reproduisisses,10,reviewed,irregular/compound paradigm patched manually; QA recommended
FR,reproduire,Subjonctif,Subjonctif imparfait,"il (elle, on)",reproduisît,10,reviewed,irregular/compound paradigm patched manually; QA recommended
FR,reproduire,Subjonctif,Subjonctif imparfait,nous,reproduisissions,10,reviewed,irregular/compound paradigm patched manually; QA recommended
FR,reproduire,Subjonctif,Subjonctif imparfait,vous,reproduisissiez,10,reviewed,irregular/compound paradigm patched manually; QA recommended
FR,reproduire,Subjonctif,Subjonctif imparfait,ils (elles),reproduisissent,10,reviewed,irregular/compound paradigm patched manually; QA recommended
FR,recueillir,Indicatif,Présent,je,recueille,10,reviewed,irregular/compound paradigm patched manually; QA recommended
FR,recueillir,Indicatif,Présent,tu,recueilles,10,reviewed,irregular/compound paradigm patched manually; QA recommended
FR,recueillir,Indicatif,Présent,"il (elle, on)",recueille,10,reviewed,irregular/compound paradigm patched manually; QA recommended
FR,recueillir,Indicatif,Présent,nous,recueillons,10,reviewed,irregular/compound paradigm patched manually; QA recommended
FR,recueillir,Indicatif,Présent,vous,recueillez,10,reviewed,irregular/compound paradigm patched manually; QA recommended
FR,recueillir,Indicatif,Présent,ils (elles),recueillent,10,reviewed,irregular/compound paradigm patched manually; QA recommended
FR,recueillir,Indicatif,Futur,je,recueillerai,10,reviewed,irregular/compound paradigm patched manually; QA recommended
FR,recueillir,Indicatif,Futur,tu,recueilleras,10,reviewed,irregular/compound paradigm patched manually; QA recommended
FR,recueillir,Indicatif,Futur,"il (elle, on)",recueillera,10,reviewed,irregular/compound paradigm patched manually; QA recommended
FR,recueillir,Indicatif,Futur,nous,recueillerons,10,reviewed,irregular/compound paradigm patched manually; QA recommended
FR,recueillir,Indicatif,Futur,vous,recueillerez,10,reviewed,irregular/compound paradigm patched manually; QA recommended
FR,recueillir,Indicatif,Futur,ils (elles),recueilleront,10,reviewed,irregular/compound paradigm patched manually; QA recommended
FR,recueillir,Indicatif,Passé composé,je,ai recueilli,10,reviewed,irregular/compound paradigm patched manually; QA recommended
FR,recueillir,Indicatif,Passé composé,tu,as recueilli,10,reviewed,irregular/compound paradigm patched manually; QA recommended
FR,recueillir,Indicatif,Passé composé,"il (elle, on)",a recueilli,10,reviewed,irregular/compound paradigm patched manually; QA recommended
FR,recueillir,Indicatif,Passé composé,nous,avons recueilli,10,reviewed,irregular/compound paradigm patched manually; QA recommended
FR,recueillir,Indicatif,Passé composé,vous,avez recueilli,10,reviewed,irregular/compound paradigm patched manually; QA recommended
FR,recueillir,Indicatif,Passé composé,ils (elles),ont recueilli,10,reviewed,irregular/compound paradigm patched manually; QA recommended
FR,recueillir,Indicatif,Imparfait,je,recueillais,10,reviewed,irregular/compound paradigm patched manually; QA recommended
FR,recueillir,Indicatif,Imparfait,tu,recueillais,10,reviewed,irregular/compound paradigm patched manually; QA recommended
FR,recueillir,Indicatif,Imparfait,"il (elle, on)",recueillait,10,reviewed,irregular/compound paradigm patched manually; QA recommended
FR,recueillir,Indicatif,Imparfait,nous,recueillions,10,reviewed,irregular/compound paradigm patched manually; QA recommended
FR,recueillir,Indicatif,Imparfait,vous,recueilliez,10,reviewed,irregular/compound paradigm patched manually; QA recommended
FR,recueillir,Indicatif,Imparfait,ils (elles),recueillaient,10,reviewed,irregular/compound paradigm patched manually; QA recommended
FR,recueillir,Conditionnel,Conditionnel présent,je,recueillerais,10,reviewed,irregular/compound paradigm patched manually; QA recommended
FR,recueillir,Conditionnel,Conditionnel présent,tu,recueillerais,10,reviewed,irregular/compound paradigm patched manually; QA recommended
FR,recueillir,Conditionnel,Conditionnel présent,"il (elle, on)",recueillerait,10,reviewed,irregular/compound paradigm patched manually; QA recommended
FR,recueillir,Conditionnel,Conditionnel présent,nous,recueillerions,10,reviewed,irregular/compound paradigm patched manually; QA recommended
FR,recueillir,Conditionnel,Conditionnel présent,vous,recueilleriez,10,reviewed,irregular/compound paradigm patched manually; QA recommended
FR,recueillir,Conditionnel,Conditionnel présent,ils (elles),recueilleraient,10,reviewed,irregular/compound paradigm patched manually; QA recommended
FR,recueillir,Impératif,Impératif,je,-,10,reviewed,irregular/compound paradigm patched manually; QA recommended; French imperative only uses tu / nous / vous; placeholder - used for unsupported slot
FR,recueillir,Impératif,Impératif,tu,recueille,10,reviewed,irregular/compound paradigm patched manually; QA recommended
FR,recueillir,Impératif,Impératif,"il (elle, on)",-,10,reviewed,irregular/compound paradigm patched manually; QA recommended; French imperative only uses tu / nous / vous; placeholder - used for unsupported slot
FR,recueillir,Impératif,Impératif,nous,recueillons,10,reviewed,irregular/compound paradigm patched manually; QA recommended
FR,recueillir,Impératif,Impératif,vous,recueillez,10,reviewed,irregular/compound paradigm patched manually; QA recommended
FR,recueillir,Impératif,Impératif,ils (elles),-,10,reviewed,irregular/compound paradigm patched manually; QA recommended; French imperative only uses tu / nous / vous; placeholder - used for unsupported slot
FR,recueillir,Subjonctif,Subjonctif présent,je,recueille,10,reviewed,irregular/compound paradigm patched manually; QA recommended
FR,recueillir,Subjonctif,Subjonctif présent,tu,recueilles,10,reviewed,irregular/compound paradigm patched manually; QA recommended
FR,recueillir,Subjonctif,Subjonctif présent,"il (elle, on)",recueille,10,reviewed,irregular/compound paradigm patched manually; QA recommended
FR,recueillir,Subjonctif,Subjonctif présent,nous,recueillions,10,reviewed,irregular/compound paradigm patched manually; QA recommended
FR,recueillir,Subjonctif,Subjonctif présent,vous,recueilliez,10,reviewed,irregular/compound paradigm patched manually; QA recommended
FR,recueillir,Subjonctif,Subjonctif présent,ils (elles),recueillent,10,reviewed,irregular/compound paradigm patched manually; QA recommended
FR,recueillir,Indicatif,Passé Simple,je,recueillis,10,reviewed,irregular/compound paradigm patched manually; QA recommended
FR,recueillir,Indicatif,Passé Simple,tu,recueillis,10,reviewed,irregular/compound paradigm patched manually; QA recommended
FR,recueillir,Indicatif,Passé Simple,"il (elle, on)",recueillit,10,reviewed,irregular/compound paradigm patched manually; QA recommended
FR,recueillir,Indicatif,Passé Simple,nous,recueillîmes,10,reviewed,irregular/compound paradigm patched manually; QA recommended
FR,recueillir,Indicatif,Passé Simple,vous,recueillîtes,10,reviewed,irregular/compound paradigm patched manually; QA recommended
FR,recueillir,Indicatif,Passé Simple,ils (elles),recueillirent,10,reviewed,irregular/compound paradigm patched manually; QA recommended
FR,recueillir,Subjonctif,Subjonctif imparfait,je,recueillisse,10,reviewed,irregular/compound paradigm patched manually; QA recommended
FR,recueillir,Subjonctif,Subjonctif imparfait,tu,recueillisses,10,reviewed,irregular/compound paradigm patched manually; QA recommended
FR,recueillir,Subjonctif,Subjonctif imparfait,"il (elle, on)",recueillît,10,reviewed,irregular/compound paradigm patched manually; QA recommended
FR,recueillir,Subjonctif,Subjonctif imparfait,nous,recueillissions,10,reviewed,irregular/compound paradigm patched manually; QA recommended
FR,recueillir,Subjonctif,Subjonctif imparfait,vous,recueillissiez,10,reviewed,irregular/compound paradigm patched manually; QA recommended
FR,recueillir,Subjonctif,Subjonctif imparfait,ils (elles),recueillissent,10,reviewed,irregular/compound paradigm patched manually; QA recommended
FR,taper,Indicatif,Présent,je,tape,10,reviewed,repo-local legacy seed normalized into curated contract; QA recommended
FR,taper,Indicatif,Présent,tu,tapes,10,reviewed,repo-local legacy seed normalized into curated contract; QA recommended
FR,taper,Indicatif,Présent,"il (elle, on)",tape,10,reviewed,repo-local legacy seed normalized into curated contract; QA recommended
FR,taper,Indicatif,Présent,nous,tapons,10,reviewed,repo-local legacy seed normalized into curated contract; QA recommended
FR,taper,Indicatif,Présent,vous,tapez,10,reviewed,repo-local legacy seed normalized into curated contract; QA recommended
FR,taper,Indicatif,Présent,ils (elles),tapent,10,reviewed,repo-local legacy seed normalized into curated contract; QA recommended
FR,taper,Indicatif,Futur,je,taperai,10,reviewed,repo-local legacy seed normalized into curated contract; QA recommended
FR,taper,Indicatif,Futur,tu,taperas,10,reviewed,repo-local legacy seed normalized into curated contract; QA recommended
FR,taper,Indicatif,Futur,"il (elle, on)",tapera,10,reviewed,repo-local legacy seed normalized into curated contract; QA recommended
FR,taper,Indicatif,Futur,nous,taperons,10,reviewed,repo-local legacy seed normalized into curated contract; QA recommended
FR,taper,Indicatif,Futur,vous,taperez,10,reviewed,repo-local legacy seed normalized into curated contract; QA recommended
FR,taper,Indicatif,Futur,ils (elles),taperont,10,reviewed,repo-local legacy seed normalized into curated contract; QA recommended
FR,taper,Indicatif,Passé composé,je,ai tapé,10,reviewed,repo-local legacy seed normalized into curated contract; QA recommended
FR,taper,Indicatif,Passé composé,tu,as tapé,10,reviewed,repo-local legacy seed normalized into curated contract; QA recommended
FR,taper,Indicatif,Passé composé,"il (elle, on)",a tapé,10,reviewed,repo-local legacy seed normalized into curated contract; QA recommended
FR,taper,Indicatif,Passé composé,nous,avons tapé,10,reviewed,repo-local legacy seed normalized into curated contract; QA recommended
FR,taper,Indicatif,Passé composé,vous,avez tapé,10,reviewed,repo-local legacy seed normalized into curated contract; QA recommended
FR,taper,Indicatif,Passé composé,ils (elles),ont tapé,10,reviewed,repo-local legacy seed normalized into curated contract; QA recommended
FR,taper,Indicatif,Imparfait,je,tapais,10,reviewed,repo-local legacy seed normalized into curated contract; QA recommended
FR,taper,Indicatif,Imparfait,tu,tapais,10,reviewed,repo-local legacy seed normalized into curated contract; QA recommended
FR,taper,Indicatif,Imparfait,"il (elle, on)",tapait,10,reviewed,repo-local legacy seed normalized into curated contract; QA recommended
FR,taper,Indicatif,Imparfait,nous,tapions,10,reviewed,repo-local legacy seed normalized into curated contract; QA recommended
FR,taper,Indicatif,Imparfait,vous,tapiez,10,reviewed,repo-local legacy seed normalized into curated contract; QA recommended
FR,taper,Indicatif,Imparfait,ils (elles),tapaient,10,reviewed,repo-local legacy seed normalized into curated contract; QA recommended
FR,taper,Conditionnel,Conditionnel présent,je,taperais,10,reviewed,repo-local legacy seed normalized into curated contract; QA recommended
FR,taper,Conditionnel,Conditionnel présent,tu,taperais,10,reviewed,repo-local legacy seed normalized into curated contract; QA recommended
FR,taper,Conditionnel,Conditionnel présent,"il (elle, on)",taperait,10,reviewed,repo-local legacy seed normalized into curated contract; QA recommended
FR,taper,Conditionnel,Conditionnel présent,nous,taperions,10,reviewed,repo-local legacy seed normalized into curated contract; QA recommended
FR,taper,Conditionnel,Conditionnel présent,vous,taperiez,10,reviewed,repo-local legacy seed normalized into curated contract; QA recommended
FR,taper,Conditionnel,Conditionnel présent,ils (elles),taperaient,10,reviewed,repo-local legacy seed normalized into curated contract; QA recommended
FR,taper,Impératif,Impératif,je,-,10,reviewed,repo-local legacy seed normalized into curated contract; QA recommended; French imperative only uses tu / nous / vous; placeholder - used for unsupported slot
FR,taper,Impératif,Impératif,tu,tape,10,reviewed,repo-local legacy seed normalized into curated contract; QA recommended
FR,taper,Impératif,Impératif,"il (elle, on)",-,10,reviewed,repo-local legacy seed normalized into curated contract; QA recommended; French imperative only uses tu / nous / vous; placeholder - used for unsupported slot
FR,taper,Impératif,Impératif,nous,tapons,10,reviewed,repo-local legacy seed normalized into curated contract; QA recommended
FR,taper,Impératif,Impératif,vous,tapez,10,reviewed,repo-local legacy seed normalized into curated contract; QA recommended
FR,taper,Impératif,Impératif,ils (elles),-,10,reviewed,repo-local legacy seed normalized into curated contract; QA recommended; French imperative only uses tu / nous / vous; placeholder - used for unsupported slot
FR,taper,Subjonctif,Subjonctif présent,je,tape,10,reviewed,repo-local legacy seed normalized into curated contract; QA recommended
FR,taper,Subjonctif,Subjonctif présent,tu,tapes,10,reviewed,repo-local legacy seed normalized into curated contract; QA recommended
FR,taper,Subjonctif,Subjonctif présent,"il (elle, on)",tape,10,reviewed,repo-local legacy seed normalized into curated contract; QA recommended
FR,taper,Subjonctif,Subjonctif présent,nous,tapions,10,reviewed,repo-local legacy seed normalized into curated contract; QA recommended
FR,taper,Subjonctif,Subjonctif présent,vous,tapiez,10,reviewed,repo-local legacy seed normalized into curated contract; QA recommended
FR,taper,Subjonctif,Subjonctif présent,ils (elles),tapent,10,reviewed,repo-local legacy seed normalized into curated contract; QA recommended
FR,taper,Indicatif,Passé Simple,je,tapai,10,reviewed,repo-local legacy seed normalized into curated contract; QA recommended
FR,taper,Indicatif,Passé Simple,tu,tapas,10,reviewed,repo-local legacy seed normalized into curated contract; QA recommended
FR,taper,Indicatif,Passé Simple,"il (elle, on)",tapa,10,reviewed,repo-local legacy seed normalized into curated contract; QA recommended
FR,taper,Indicatif,Passé Simple,nous,tapâmes,10,reviewed,repo-local legacy seed normalized into curated contract; QA recommended
FR,taper,Indicatif,Passé Simple,vous,tapâtes,10,reviewed,repo-local legacy seed normalized into curated contract; QA recommended
FR,taper,Indicatif,Passé Simple,ils (elles),tapèrent,10,reviewed,repo-local legacy seed normalized into curated contract; QA recommended
FR,taper,Subjonctif,Subjonctif imparfait,je,tapasse,10,reviewed,repo-local legacy seed normalized into curated contract; QA recommended
FR,taper,Subjonctif,Subjonctif imparfait,tu,tapasses,10,reviewed,repo-local legacy seed normalized into curated contract; QA recommended
FR,taper,Subjonctif,Subjonctif imparfait,"il (elle, on)",tapât,10,reviewed,repo-local legacy seed normalized into curated contract; QA recommended
FR,taper,Subjonctif,Subjonctif imparfait,nous,tapassions,10,reviewed,repo-local legacy seed normalized into curated contract; QA recommended
FR,taper,Subjonctif,Subjonctif imparfait,vous,tapassiez,10,reviewed,repo-local legacy seed normalized into curated contract; QA recommended
FR,taper,Subjonctif,Subjonctif imparfait,ils (elles),tapassent,10,reviewed,repo-local legacy seed normalized into curated contract; QA recommended
FR,isoler,Indicatif,Présent,je,isole,10,reviewed,repo-local legacy seed normalized into curated contract; QA recommended
FR,isoler,Indicatif,Présent,tu,isoles,10,reviewed,repo-local legacy seed normalized into curated contract; QA recommended
FR,isoler,Indicatif,Présent,"il (elle, on)",isole,10,reviewed,repo-local legacy seed normalized into curated contract; QA recommended
FR,isoler,Indicatif,Présent,nous,isolons,10,reviewed,repo-local legacy seed normalized into curated contract; QA recommended
FR,isoler,Indicatif,Présent,vous,isolez,10,reviewed,repo-local legacy seed normalized into curated contract; QA recommended
FR,isoler,Indicatif,Présent,ils (elles),isolent,10,reviewed,repo-local legacy seed normalized into curated contract; QA recommended
FR,isoler,Indicatif,Futur,je,isolerai,10,reviewed,repo-local legacy seed normalized into curated contract; QA recommended
FR,isoler,Indicatif,Futur,tu,isoleras,10,reviewed,repo-local legacy seed normalized into curated contract; QA recommended
FR,isoler,Indicatif,Futur,"il (elle, on)",isolera,10,reviewed,repo-local legacy seed normalized into curated contract; QA recommended
FR,isoler,Indicatif,Futur,nous,isolerons,10,reviewed,repo-local legacy seed normalized into curated contract; QA recommended
FR,isoler,Indicatif,Futur,vous,isolerez,10,reviewed,repo-local legacy seed normalized into curated contract; QA recommended
FR,isoler,Indicatif,Futur,ils (elles),isoleront,10,reviewed,repo-local legacy seed normalized into curated contract; QA recommended
FR,isoler,Indicatif,Passé composé,je,ai isolé,10,reviewed,repo-local legacy seed normalized into curated contract; QA recommended
FR,isoler,Indicatif,Passé composé,tu,as isolé,10,reviewed,repo-local legacy seed normalized into curated contract; QA recommended
FR,isoler,Indicatif,Passé composé,"il (elle, on)",a isolé,10,reviewed,repo-local legacy seed normalized into curated contract; QA recommended
FR,isoler,Indicatif,Passé composé,nous,avons isolé,10,reviewed,repo-local legacy seed normalized into curated contract; QA recommended
FR,isoler,Indicatif,Passé composé,vous,avez isolé,10,reviewed,repo-local legacy seed normalized into curated contract; QA recommended
FR,isoler,Indicatif,Passé composé,ils (elles),ont isolé,10,reviewed,repo-local legacy seed normalized into curated contract; QA recommended
FR,isoler,Indicatif,Imparfait,je,isolais,10,reviewed,repo-local legacy seed normalized into curated contract; QA recommended
FR,isoler,Indicatif,Imparfait,tu,isolais,10,reviewed,repo-local legacy seed normalized into curated contract; QA recommended
FR,isoler,Indicatif,Imparfait,"il (elle, on)",isolait,10,reviewed,repo-local legacy seed normalized into curated contract; QA recommended
FR,isoler,Indicatif,Imparfait,nous,isolions,10,reviewed,repo-local legacy seed normalized into curated contract; QA recommended
FR,isoler,Indicatif,Imparfait,vous,isoliez,10,reviewed,repo-local legacy seed normalized into curated contract; QA recommended
FR,isoler,Indicatif,Imparfait,ils (elles),isolaient,10,reviewed,repo-local legacy seed normalized into curated contract; QA recommended
FR,isoler,Conditionnel,Conditionnel présent,je,isolerais,10,reviewed,repo-local legacy seed normalized into curated contract; QA recommended
FR,isoler,Conditionnel,Conditionnel présent,tu,isolerais,10,reviewed,repo-local legacy seed normalized into curated contract; QA recommended
FR,isoler,Conditionnel,Conditionnel présent,"il (elle, on)",isolerait,10,reviewed,repo-local legacy seed normalized into curated contract; QA recommended
FR,isoler,Conditionnel,Conditionnel présent,nous,isolerions,10,reviewed,repo-local legacy seed normalized into curated contract; QA recommended
FR,isoler,Conditionnel,Conditionnel présent,vous,isoleriez,10,reviewed,repo-local legacy seed normalized into curated contract; QA recommended
FR,isoler,Conditionnel,Conditionnel présent,ils (elles),isoleraient,10,reviewed,repo-local legacy seed normalized into curated contract; QA recommended
FR,isoler,Impératif,Impératif,je,-,10,reviewed,repo-local legacy seed normalized into curated contract; QA recommended; French imperative only uses tu / nous / vous; placeholder - used for unsupported slot
FR,isoler,Impératif,Impératif,tu,isole,10,reviewed,repo-local legacy seed normalized into curated contract; QA recommended
FR,isoler,Impératif,Impératif,"il (elle, on)",-,10,reviewed,repo-local legacy seed normalized into curated contract; QA recommended; French imperative only uses tu / nous / vous; placeholder - used for unsupported slot
FR,isoler,Impératif,Impératif,nous,isolons,10,reviewed,repo-local legacy seed normalized into curated contract; QA recommended
FR,isoler,Impératif,Impératif,vous,isolez,10,reviewed,repo-local legacy seed normalized into curated contract; QA recommended
FR,isoler,Impératif,Impératif,ils (elles),-,10,reviewed,repo-local legacy seed normalized into curated contract; QA recommended; French imperative only uses tu / nous / vous; placeholder - used for unsupported slot
FR,isoler,Subjonctif,Subjonctif présent,je,isole,10,reviewed,repo-local legacy seed normalized into curated contract; QA recommended
FR,isoler,Subjonctif,Subjonctif présent,tu,isoles,10,reviewed,repo-local legacy seed normalized into curated contract; QA recommended
FR,isoler,Subjonctif,Subjonctif présent,"il (elle, on)",isole,10,reviewed,repo-local legacy seed normalized into curated contract; QA recommended
FR,isoler,Subjonctif,Subjonctif présent,nous,isolions,10,reviewed,repo-local legacy seed normalized into curated contract; QA recommended
FR,isoler,Subjonctif,Subjonctif présent,vous,isoliez,10,reviewed,repo-local legacy seed normalized into curated contract; QA recommended
FR,isoler,Subjonctif,Subjonctif présent,ils (elles),isolent,10,reviewed,repo-local legacy seed normalized into curated contract; QA recommended
FR,isoler,Indicatif,Passé Simple,je,isolai,10,reviewed,repo-local legacy seed normalized into curated contract; QA recommended
FR,isoler,Indicatif,Passé Simple,tu,isolas,10,reviewed,repo-local legacy seed normalized into curated contract; QA recommended
FR,isoler,Indicatif,Passé Simple,"il (elle, on)",isola,10,reviewed,repo-local legacy seed normalized into curated contract; QA recommended
FR,isoler,Indicatif,Passé Simple,nous,isolâmes,10,reviewed,repo-local legacy seed normalized into curated contract; QA recommended
FR,isoler,Indicatif,Passé Simple,vous,isolâtes,10,reviewed,repo-local legacy seed normalized into curated contract; QA recommended
FR,isoler,Indicatif,Passé Simple,ils (elles),isolèrent,10,reviewed,repo-local legacy seed normalized into curated contract; QA recommended
FR,isoler,Subjonctif,Subjonctif imparfait,je,isolasse,10,reviewed,repo-local legacy seed normalized into curated contract; QA recommended
FR,isoler,Subjonctif,Subjonctif imparfait,tu,isolasses,10,reviewed,repo-local legacy seed normalized into curated contract; QA recommended
FR,isoler,Subjonctif,Subjonctif imparfait,"il (elle, on)",isolât,10,reviewed,repo-local legacy seed normalized into curated contract; QA recommended
FR,isoler,Subjonctif,Subjonctif imparfait,nous,isolassions,10,reviewed,repo-local legacy seed normalized into curated contract; QA recommended
FR,isoler,Subjonctif,Subjonctif imparfait,vous,isolassiez,10,reviewed,repo-local legacy seed normalized into curated contract; QA recommended
FR,isoler,Subjonctif,Subjonctif imparfait,ils (elles),isolassent,10,reviewed,repo-local legacy seed normalized into curated contract; QA recommended
FR,mentir,Indicatif,Présent,je,mens,10,reviewed,irregular/compound paradigm patched manually; QA recommended
FR,mentir,Indicatif,Présent,tu,mens,10,reviewed,irregular/compound paradigm patched manually; QA recommended
FR,mentir,Indicatif,Présent,"il (elle, on)",ment,10,reviewed,irregular/compound paradigm patched manually; QA recommended
FR,mentir,Indicatif,Présent,nous,mentons,10,reviewed,irregular/compound paradigm patched manually; QA recommended
FR,mentir,Indicatif,Présent,vous,mentez,10,reviewed,irregular/compound paradigm patched manually; QA recommended
FR,mentir,Indicatif,Présent,ils (elles),mentent,10,reviewed,irregular/compound paradigm patched manually; QA recommended
FR,mentir,Indicatif,Futur,je,mentirai,10,reviewed,irregular/compound paradigm patched manually; QA recommended
FR,mentir,Indicatif,Futur,tu,mentiras,10,reviewed,irregular/compound paradigm patched manually; QA recommended
FR,mentir,Indicatif,Futur,"il (elle, on)",mentira,10,reviewed,irregular/compound paradigm patched manually; QA recommended
FR,mentir,Indicatif,Futur,nous,mentirons,10,reviewed,irregular/compound paradigm patched manually; QA recommended
FR,mentir,Indicatif,Futur,vous,mentirez,10,reviewed,irregular/compound paradigm patched manually; QA recommended
FR,mentir,Indicatif,Futur,ils (elles),mentiront,10,reviewed,irregular/compound paradigm patched manually; QA recommended
FR,mentir,Indicatif,Passé composé,je,ai menti,10,reviewed,irregular/compound paradigm patched manually; QA recommended
FR,mentir,Indicatif,Passé composé,tu,as menti,10,reviewed,irregular/compound paradigm patched manually; QA recommended
FR,mentir,Indicatif,Passé composé,"il (elle, on)",a menti,10,reviewed,irregular/compound paradigm patched manually; QA recommended
FR,mentir,Indicatif,Passé composé,nous,avons menti,10,reviewed,irregular/compound paradigm patched manually; QA recommended
FR,mentir,Indicatif,Passé composé,vous,avez menti,10,reviewed,irregular/compound paradigm patched manually; QA recommended
FR,mentir,Indicatif,Passé composé,ils (elles),ont menti,10,reviewed,irregular/compound paradigm patched manually; QA recommended
FR,mentir,Indicatif,Imparfait,je,mentais,10,reviewed,irregular/compound paradigm patched manually; QA recommended
FR,mentir,Indicatif,Imparfait,tu,mentais,10,reviewed,irregular/compound paradigm patched manually; QA recommended
FR,mentir,Indicatif,Imparfait,"il (elle, on)",mentait,10,reviewed,irregular/compound paradigm patched manually; QA recommended
FR,mentir,Indicatif,Imparfait,nous,mentions,10,reviewed,irregular/compound paradigm patched manually; QA recommended
FR,mentir,Indicatif,Imparfait,vous,mentiez,10,reviewed,irregular/compound paradigm patched manually; QA recommended
FR,mentir,Indicatif,Imparfait,ils (elles),mentaient,10,reviewed,irregular/compound paradigm patched manually; QA recommended
FR,mentir,Conditionnel,Conditionnel présent,je,mentirais,10,reviewed,irregular/compound paradigm patched manually; QA recommended
FR,mentir,Conditionnel,Conditionnel présent,tu,mentirais,10,reviewed,irregular/compound paradigm patched manually; QA recommended
FR,mentir,Conditionnel,Conditionnel présent,"il (elle, on)",mentirait,10,reviewed,irregular/compound paradigm patched manually; QA recommended
FR,mentir,Conditionnel,Conditionnel présent,nous,mentirions,10,reviewed,irregular/compound paradigm patched manually; QA recommended
FR,mentir,Conditionnel,Conditionnel présent,vous,mentiriez,10,reviewed,irregular/compound paradigm patched manually; QA recommended
FR,mentir,Conditionnel,Conditionnel présent,ils (elles),mentiraient,10,reviewed,irregular/compound paradigm patched manually; QA recommended
FR,mentir,Impératif,Impératif,je,-,10,reviewed,irregular/compound paradigm patched manually; QA recommended; French imperative only uses tu / nous / vous; placeholder - used for unsupported slot
FR,mentir,Impératif,Impératif,tu,mens,10,reviewed,irregular/compound paradigm patched manually; QA recommended
FR,mentir,Impératif,Impératif,"il (elle, on)",-,10,reviewed,irregular/compound paradigm patched manually; QA recommended; French imperative only uses tu / nous / vous; placeholder - used for unsupported slot
FR,mentir,Impératif,Impératif,nous,mentons,10,reviewed,irregular/compound paradigm patched manually; QA recommended
FR,mentir,Impératif,Impératif,vous,mentez,10,reviewed,irregular/compound paradigm patched manually; QA recommended
FR,mentir,Impératif,Impératif,ils (elles),-,10,reviewed,irregular/compound paradigm patched manually; QA recommended; French imperative only uses tu / nous / vous; placeholder - used for unsupported slot
FR,mentir,Subjonctif,Subjonctif présent,je,mente,10,reviewed,irregular/compound paradigm patched manually; QA recommended
FR,mentir,Subjonctif,Subjonctif présent,tu,mentes,10,reviewed,irregular/compound paradigm patched manually; QA recommended
FR,mentir,Subjonctif,Subjonctif présent,"il (elle, on)",mente,10,reviewed,irregular/compound paradigm patched manually; QA recommended
FR,mentir,Subjonctif,Subjonctif présent,nous,mentions,10,reviewed,irregular/compound paradigm patched manually; QA recommended
FR,mentir,Subjonctif,Subjonctif présent,vous,mentiez,10,reviewed,irregular/compound paradigm patched manually; QA recommended
FR,mentir,Subjonctif,Subjonctif présent,ils (elles),mentent,10,reviewed,irregular/compound paradigm patched manually; QA recommended
FR,mentir,Indicatif,Passé Simple,je,mentis,10,reviewed,irregular/compound paradigm patched manually; QA recommended
FR,mentir,Indicatif,Passé Simple,tu,mentis,10,reviewed,irregular/compound paradigm patched manually; QA recommended
FR,mentir,Indicatif,Passé Simple,"il (elle, on)",mentit,10,reviewed,irregular/compound paradigm patched manually; QA recommended
FR,mentir,Indicatif,Passé Simple,nous,mentîmes,10,reviewed,irregular/compound paradigm patched manually; QA recommended
FR,mentir,Indicatif,Passé Simple,vous,mentîtes,10,reviewed,irregular/compound paradigm patched manually; QA recommended
FR,mentir,Indicatif,Passé Simple,ils (elles),mentirent,10,reviewed,irregular/compound paradigm patched manually; QA recommended
FR,mentir,Subjonctif,Subjonctif imparfait,je,mentisse,10,reviewed,irregular/compound paradigm patched manually; QA recommended
FR,mentir,Subjonctif,Subjonctif imparfait,tu,mentisses,10,reviewed,irregular/compound paradigm patched manually; QA recommended
FR,mentir,Subjonctif,Subjonctif imparfait,"il (elle, on)",mentît,10,reviewed,irregular/compound paradigm patched manually; QA recommended
FR,mentir,Subjonctif,Subjonctif imparfait,nous,mentissions,10,reviewed,irregular/compound paradigm patched manually; QA recommended
FR,mentir,Subjonctif,Subjonctif imparfait,vous,mentissiez,10,reviewed,irregular/compound paradigm patched manually; QA recommended
FR,mentir,Subjonctif,Subjonctif imparfait,ils (elles),mentissent,10,reviewed,irregular/compound paradigm patched manually; QA recommended
FR,rattraper,Indicatif,Présent,je,rattrape,10,reviewed,repo-local legacy seed normalized into curated contract; QA recommended
FR,rattraper,Indicatif,Présent,tu,rattrapes,10,reviewed,repo-local legacy seed normalized into curated contract; QA recommended
FR,rattraper,Indicatif,Présent,"il (elle, on)",rattrape,10,reviewed,repo-local legacy seed normalized into curated contract; QA recommended
FR,rattraper,Indicatif,Présent,nous,rattrapons,10,reviewed,repo-local legacy seed normalized into curated contract; QA recommended
FR,rattraper,Indicatif,Présent,vous,rattrapez,10,reviewed,repo-local legacy seed normalized into curated contract; QA recommended
FR,rattraper,Indicatif,Présent,ils (elles),rattrapent,10,reviewed,repo-local legacy seed normalized into curated contract; QA recommended
FR,rattraper,Indicatif,Futur,je,rattraperai,10,reviewed,repo-local legacy seed normalized into curated contract; QA recommended
FR,rattraper,Indicatif,Futur,tu,rattraperas,10,reviewed,repo-local legacy seed normalized into curated contract; QA recommended
FR,rattraper,Indicatif,Futur,"il (elle, on)",rattrapera,10,reviewed,repo-local legacy seed normalized into curated contract; QA recommended
FR,rattraper,Indicatif,Futur,nous,rattraperons,10,reviewed,repo-local legacy seed normalized into curated contract; QA recommended
FR,rattraper,Indicatif,Futur,vous,rattraperez,10,reviewed,repo-local legacy seed normalized into curated contract; QA recommended
FR,rattraper,Indicatif,Futur,ils (elles),rattraperont,10,reviewed,repo-local legacy seed normalized into curated contract; QA recommended
FR,rattraper,Indicatif,Passé composé,je,ai rattrapé,10,reviewed,repo-local legacy seed normalized into curated contract; QA recommended
FR,rattraper,Indicatif,Passé composé,tu,as rattrapé,10,reviewed,repo-local legacy seed normalized into curated contract; QA recommended
FR,rattraper,Indicatif,Passé composé,"il (elle, on)",a rattrapé,10,reviewed,repo-local legacy seed normalized into curated contract; QA recommended
FR,rattraper,Indicatif,Passé composé,nous,avons rattrapé,10,reviewed,repo-local legacy seed normalized into curated contract; QA recommended
FR,rattraper,Indicatif,Passé composé,vous,avez rattrapé,10,reviewed,repo-local legacy seed normalized into curated contract; QA recommended
FR,rattraper,Indicatif,Passé composé,ils (elles),ont rattrapé,10,reviewed,repo-local legacy seed normalized into curated contract; QA recommended
FR,rattraper,Indicatif,Imparfait,je,rattrapais,10,reviewed,repo-local legacy seed normalized into curated contract; QA recommended
FR,rattraper,Indicatif,Imparfait,tu,rattrapais,10,reviewed,repo-local legacy seed normalized into curated contract; QA recommended
FR,rattraper,Indicatif,Imparfait,"il (elle, on)",rattrapait,10,reviewed,repo-local legacy seed normalized into curated contract; QA recommended
FR,rattraper,Indicatif,Imparfait,nous,rattrapions,10,reviewed,repo-local legacy seed normalized into curated contract; QA recommended
FR,rattraper,Indicatif,Imparfait,vous,rattrapiez,10,reviewed,repo-local legacy seed normalized into curated contract; QA recommended
FR,rattraper,Indicatif,Imparfait,ils (elles),rattrapaient,10,reviewed,repo-local legacy seed normalized into curated contract; QA recommended
FR,rattraper,Conditionnel,Conditionnel présent,je,rattraperais,10,reviewed,repo-local legacy seed normalized into curated contract; QA recommended
FR,rattraper,Conditionnel,Conditionnel présent,tu,rattraperais,10,reviewed,repo-local legacy seed normalized into curated contract; QA recommended
FR,rattraper,Conditionnel,Conditionnel présent,"il (elle, on)",rattraperait,10,reviewed,repo-local legacy seed normalized into curated contract; QA recommended
FR,rattraper,Conditionnel,Conditionnel présent,nous,rattraperions,10,reviewed,repo-local legacy seed normalized into curated contract; QA recommended
FR,rattraper,Conditionnel,Conditionnel présent,vous,rattraperiez,10,reviewed,repo-local legacy seed normalized into curated contract; QA recommended
FR,rattraper,Conditionnel,Conditionnel présent,ils (elles),rattraperaient,10,reviewed,repo-local legacy seed normalized into curated contract; QA recommended
FR,rattraper,Impératif,Impératif,je,-,10,reviewed,repo-local legacy seed normalized into curated contract; QA recommended; French imperative only uses tu / nous / vous; placeholder - used for unsupported slot
FR,rattraper,Impératif,Impératif,tu,rattrape,10,reviewed,repo-local legacy seed normalized into curated contract; QA recommended
FR,rattraper,Impératif,Impératif,"il (elle, on)",-,10,reviewed,repo-local legacy seed normalized into curated contract; QA recommended; French imperative only uses tu / nous / vous; placeholder - used for unsupported slot
FR,rattraper,Impératif,Impératif,nous,rattrapons,10,reviewed,repo-local legacy seed normalized into curated contract; QA recommended
FR,rattraper,Impératif,Impératif,vous,rattrapez,10,reviewed,repo-local legacy seed normalized into curated contract; QA recommended
FR,rattraper,Impératif,Impératif,ils (elles),-,10,reviewed,repo-local legacy seed normalized into curated contract; QA recommended; French imperative only uses tu / nous / vous; placeholder - used for unsupported slot
FR,rattraper,Subjonctif,Subjonctif présent,je,rattrape,10,reviewed,repo-local legacy seed normalized into curated contract; QA recommended
FR,rattraper,Subjonctif,Subjonctif présent,tu,rattrapes,10,reviewed,repo-local legacy seed normalized into curated contract; QA recommended
FR,rattraper,Subjonctif,Subjonctif présent,"il (elle, on)",rattrape,10,reviewed,repo-local legacy seed normalized into curated contract; QA recommended
FR,rattraper,Subjonctif,Subjonctif présent,nous,rattrapions,10,reviewed,repo-local legacy seed normalized into curated contract; QA recommended
FR,rattraper,Subjonctif,Subjonctif présent,vous,rattrapiez,10,reviewed,repo-local legacy seed normalized into curated contract; QA recommended
FR,rattraper,Subjonctif,Subjonctif présent,ils (elles),rattrapent,10,reviewed,repo-local legacy seed normalized into curated contract; QA recommended
FR,rattraper,Indicatif,Passé Simple,je,rattrapai,10,reviewed,repo-local legacy seed normalized into curated contract; QA recommended
FR,rattraper,Indicatif,Passé Simple,tu,rattrapas,10,reviewed,repo-local legacy seed normalized into curated contract; QA recommended
FR,rattraper,Indicatif,Passé Simple,"il (elle, on)",rattrapa,10,reviewed,repo-local legacy seed normalized into curated contract; QA recommended
FR,rattraper,Indicatif,Passé Simple,nous,rattrapâmes,10,reviewed,repo-local legacy seed normalized into curated contract; QA recommended
FR,rattraper,Indicatif,Passé Simple,vous,rattrapâtes,10,reviewed,repo-local legacy seed normalized into curated contract; QA recommended
FR,rattraper,Indicatif,Passé Simple,ils (elles),rattrapèrent,10,reviewed,repo-local legacy seed normalized into curated contract; QA recommended
FR,rattraper,Subjonctif,Subjonctif imparfait,je,rattrapasse,10,reviewed,repo-local legacy seed normalized into curated contract; QA recommended
FR,rattraper,Subjonctif,Subjonctif imparfait,tu,rattrapasses,10,reviewed,repo-local legacy seed normalized into curated contract; QA recommended
FR,rattraper,Subjonctif,Subjonctif imparfait,"il (elle, on)",rattrapât,10,reviewed,repo-local legacy seed normalized into curated contract; QA recommended
FR,rattraper,Subjonctif,Subjonctif imparfait,nous,rattrapassions,10,reviewed,repo-local legacy seed normalized into curated contract; QA recommended
FR,rattraper,Subjonctif,Subjonctif imparfait,vous,rattrapassiez,10,reviewed,repo-local legacy seed normalized into curated contract; QA recommended
FR,rattraper,Subjonctif,Subjonctif imparfait,ils (elles),rattrapassent,10,reviewed,repo-local legacy seed normalized into curated contract; QA recommended
FR,multiplier,Indicatif,Présent,je,multiplie,10,reviewed,repo-local legacy seed normalized into curated contract; QA recommended
FR,multiplier,Indicatif,Présent,tu,multiplies,10,reviewed,repo-local legacy seed normalized into curated contract; QA recommended
FR,multiplier,Indicatif,Présent,"il (elle, on)",multiplie,10,reviewed,repo-local legacy seed normalized into curated contract; QA recommended
FR,multiplier,Indicatif,Présent,nous,multiplions,10,reviewed,repo-local legacy seed normalized into curated contract; QA recommended
FR,multiplier,Indicatif,Présent,vous,multipliez,10,reviewed,repo-local legacy seed normalized into curated contract; QA recommended
FR,multiplier,Indicatif,Présent,ils (elles),multiplient,10,reviewed,repo-local legacy seed normalized into curated contract; QA recommended
FR,multiplier,Indicatif,Futur,je,multiplierai,10,reviewed,repo-local legacy seed normalized into curated contract; QA recommended
FR,multiplier,Indicatif,Futur,tu,multiplieras,10,reviewed,repo-local legacy seed normalized into curated contract; QA recommended
FR,multiplier,Indicatif,Futur,"il (elle, on)",multipliera,10,reviewed,repo-local legacy seed normalized into curated contract; QA recommended
FR,multiplier,Indicatif,Futur,nous,multiplierons,10,reviewed,repo-local legacy seed normalized into curated contract; QA recommended
FR,multiplier,Indicatif,Futur,vous,multiplierez,10,reviewed,repo-local legacy seed normalized into curated contract; QA recommended
FR,multiplier,Indicatif,Futur,ils (elles),multiplieront,10,reviewed,repo-local legacy seed normalized into curated contract; QA recommended
FR,multiplier,Indicatif,Passé composé,je,ai multiplié,10,reviewed,repo-local legacy seed normalized into curated contract; QA recommended
FR,multiplier,Indicatif,Passé composé,tu,as multiplié,10,reviewed,repo-local legacy seed normalized into curated contract; QA recommended
FR,multiplier,Indicatif,Passé composé,"il (elle, on)",a multiplié,10,reviewed,repo-local legacy seed normalized into curated contract; QA recommended
FR,multiplier,Indicatif,Passé composé,nous,avons multiplié,10,reviewed,repo-local legacy seed normalized into curated contract; QA recommended
FR,multiplier,Indicatif,Passé composé,vous,avez multiplié,10,reviewed,repo-local legacy seed normalized into curated contract; QA recommended
FR,multiplier,Indicatif,Passé composé,ils (elles),ont multiplié,10,reviewed,repo-local legacy seed normalized into curated contract; QA recommended
FR,multiplier,Indicatif,Imparfait,je,multipliais,10,reviewed,repo-local legacy seed normalized into curated contract; QA recommended
FR,multiplier,Indicatif,Imparfait,tu,multipliais,10,reviewed,repo-local legacy seed normalized into curated contract; QA recommended
FR,multiplier,Indicatif,Imparfait,"il (elle, on)",multipliait,10,reviewed,repo-local legacy seed normalized into curated contract; QA recommended
FR,multiplier,Indicatif,Imparfait,nous,multipliions,10,reviewed,repo-local legacy seed normalized into curated contract; QA recommended
FR,multiplier,Indicatif,Imparfait,vous,multipliiez,10,reviewed,repo-local legacy seed normalized into curated contract; QA recommended
FR,multiplier,Indicatif,Imparfait,ils (elles),multipliaient,10,reviewed,repo-local legacy seed normalized into curated contract; QA recommended
FR,multiplier,Conditionnel,Conditionnel présent,je,multiplierais,10,reviewed,repo-local legacy seed normalized into curated contract; QA recommended
FR,multiplier,Conditionnel,Conditionnel présent,tu,multiplierais,10,reviewed,repo-local legacy seed normalized into curated contract; QA recommended
FR,multiplier,Conditionnel,Conditionnel présent,"il (elle, on)",multiplierait,10,reviewed,repo-local legacy seed normalized into curated contract; QA recommended
FR,multiplier,Conditionnel,Conditionnel présent,nous,multiplierions,10,reviewed,repo-local legacy seed normalized into curated contract; QA recommended
FR,multiplier,Conditionnel,Conditionnel présent,vous,multiplieriez,10,reviewed,repo-local legacy seed normalized into curated contract; QA recommended
FR,multiplier,Conditionnel,Conditionnel présent,ils (elles),multiplieraient,10,reviewed,repo-local legacy seed normalized into curated contract; QA recommended
FR,multiplier,Impératif,Impératif,je,-,10,reviewed,repo-local legacy seed normalized into curated contract; QA recommended; French imperative only uses tu / nous / vous; placeholder - used for unsupported slot
FR,multiplier,Impératif,Impératif,tu,multiplie,10,reviewed,repo-local legacy seed normalized into curated contract; QA recommended
FR,multiplier,Impératif,Impératif,"il (elle, on)",-,10,reviewed,repo-local legacy seed normalized into curated contract; QA recommended; French imperative only uses tu / nous / vous; placeholder - used for unsupported slot
FR,multiplier,Impératif,Impératif,nous,multiplions,10,reviewed,repo-local legacy seed normalized into curated contract; QA recommended
FR,multiplier,Impératif,Impératif,vous,multipliez,10,reviewed,repo-local legacy seed normalized into curated contract; QA recommended
FR,multiplier,Impératif,Impératif,ils (elles),-,10,reviewed,repo-local legacy seed normalized into curated contract; QA recommended; French imperative only uses tu / nous / vous; placeholder - used for unsupported slot
FR,multiplier,Subjonctif,Subjonctif présent,je,multiplie,10,reviewed,repo-local legacy seed normalized into curated contract; QA recommended
FR,multiplier,Subjonctif,Subjonctif présent,tu,multiplies,10,reviewed,repo-local legacy seed normalized into curated contract; QA recommended
FR,multiplier,Subjonctif,Subjonctif présent,"il (elle, on)",multiplie,10,reviewed,repo-local legacy seed normalized into curated contract; QA recommended
FR,multiplier,Subjonctif,Subjonctif présent,nous,multipliions,10,reviewed,repo-local legacy seed normalized into curated contract; QA recommended
FR,multiplier,Subjonctif,Subjonctif présent,vous,multipliiez,10,reviewed,repo-local legacy seed normalized into curated contract; QA recommended
FR,multiplier,Subjonctif,Subjonctif présent,ils (elles),multiplient,10,reviewed,repo-local legacy seed normalized into curated contract; QA recommended
FR,multiplier,Indicatif,Passé Simple,je,multipliai,10,reviewed,repo-local legacy seed normalized into curated contract; QA recommended
FR,multiplier,Indicatif,Passé Simple,tu,multiplias,10,reviewed,repo-local legacy seed normalized into curated contract; QA recommended
FR,multiplier,Indicatif,Passé Simple,"il (elle, on)",multiplia,10,reviewed,repo-local legacy seed normalized into curated contract; QA recommended
FR,multiplier,Indicatif,Passé Simple,nous,multipliâmes,10,reviewed,repo-local legacy seed normalized into curated contract; QA recommended
FR,multiplier,Indicatif,Passé Simple,vous,multipliâtes,10,reviewed,repo-local legacy seed normalized into curated contract; QA recommended
FR,multiplier,Indicatif,Passé Simple,ils (elles),multiplièrent,10,reviewed,repo-local legacy seed normalized into curated contract; QA recommended
FR,multiplier,Subjonctif,Subjonctif imparfait,je,multipliasse,10,reviewed,repo-local legacy seed normalized into curated contract; QA recommended
FR,multiplier,Subjonctif,Subjonctif imparfait,tu,multipliasses,10,reviewed,repo-local legacy seed normalized into curated contract; QA recommended
FR,multiplier,Subjonctif,Subjonctif imparfait,"il (elle, on)",multipliât,10,reviewed,repo-local legacy seed normalized into curated contract; QA recommended
FR,multiplier,Subjonctif,Subjonctif imparfait,nous,multipliassions,10,reviewed,repo-local legacy seed normalized into curated contract; QA recommended
FR,multiplier,Subjonctif,Subjonctif imparfait,vous,multipliassiez,10,reviewed,repo-local legacy seed normalized into curated contract; QA recommended
FR,multiplier,Subjonctif,Subjonctif imparfait,ils (elles),multipliassent,10,reviewed,repo-local legacy seed normalized into curated contract; QA recommended
FR,orienter,Indicatif,Présent,je,oriente,10,reviewed,repo-local legacy seed normalized into curated contract; QA recommended
FR,orienter,Indicatif,Présent,tu,orientes,10,reviewed,repo-local legacy seed normalized into curated contract; QA recommended
FR,orienter,Indicatif,Présent,"il (elle, on)",oriente,10,reviewed,repo-local legacy seed normalized into curated contract; QA recommended
FR,orienter,Indicatif,Présent,nous,orientons,10,reviewed,repo-local legacy seed normalized into curated contract; QA recommended
FR,orienter,Indicatif,Présent,vous,orientez,10,reviewed,repo-local legacy seed normalized into curated contract; QA recommended
FR,orienter,Indicatif,Présent,ils (elles),orientent,10,reviewed,repo-local legacy seed normalized into curated contract; QA recommended
FR,orienter,Indicatif,Futur,je,orienterai,10,reviewed,repo-local legacy seed normalized into curated contract; QA recommended
FR,orienter,Indicatif,Futur,tu,orienteras,10,reviewed,repo-local legacy seed normalized into curated contract; QA recommended
FR,orienter,Indicatif,Futur,"il (elle, on)",orientera,10,reviewed,repo-local legacy seed normalized into curated contract; QA recommended
FR,orienter,Indicatif,Futur,nous,orienterons,10,reviewed,repo-local legacy seed normalized into curated contract; QA recommended
FR,orienter,Indicatif,Futur,vous,orienterez,10,reviewed,repo-local legacy seed normalized into curated contract; QA recommended
FR,orienter,Indicatif,Futur,ils (elles),orienteront,10,reviewed,repo-local legacy seed normalized into curated contract; QA recommended
FR,orienter,Indicatif,Passé composé,je,ai orienté,10,reviewed,repo-local legacy seed normalized into curated contract; QA recommended
FR,orienter,Indicatif,Passé composé,tu,as orienté,10,reviewed,repo-local legacy seed normalized into curated contract; QA recommended
FR,orienter,Indicatif,Passé composé,"il (elle, on)",a orienté,10,reviewed,repo-local legacy seed normalized into curated contract; QA recommended
FR,orienter,Indicatif,Passé composé,nous,avons orienté,10,reviewed,repo-local legacy seed normalized into curated contract; QA recommended
FR,orienter,Indicatif,Passé composé,vous,avez orienté,10,reviewed,repo-local legacy seed normalized into curated contract; QA recommended
FR,orienter,Indicatif,Passé composé,ils (elles),ont orienté,10,reviewed,repo-local legacy seed normalized into curated contract; QA recommended
FR,orienter,Indicatif,Imparfait,je,orientais,10,reviewed,repo-local legacy seed normalized into curated contract; QA recommended
FR,orienter,Indicatif,Imparfait,tu,orientais,10,reviewed,repo-local legacy seed normalized into curated contract; QA recommended
FR,orienter,Indicatif,Imparfait,"il (elle, on)",orientait,10,reviewed,repo-local legacy seed normalized into curated contract; QA recommended
FR,orienter,Indicatif,Imparfait,nous,orientions,10,reviewed,repo-local legacy seed normalized into curated contract; QA recommended
FR,orienter,Indicatif,Imparfait,vous,orientiez,10,reviewed,repo-local legacy seed normalized into curated contract; QA recommended
FR,orienter,Indicatif,Imparfait,ils (elles),orientaient,10,reviewed,repo-local legacy seed normalized into curated contract; QA recommended
FR,orienter,Conditionnel,Conditionnel présent,je,orienterais,10,reviewed,repo-local legacy seed normalized into curated contract; QA recommended
FR,orienter,Conditionnel,Conditionnel présent,tu,orienterais,10,reviewed,repo-local legacy seed normalized into curated contract; QA recommended
FR,orienter,Conditionnel,Conditionnel présent,"il (elle, on)",orienterait,10,reviewed,repo-local legacy seed normalized into curated contract; QA recommended
FR,orienter,Conditionnel,Conditionnel présent,nous,orienterions,10,reviewed,repo-local legacy seed normalized into curated contract; QA recommended
FR,orienter,Conditionnel,Conditionnel présent,vous,orienteriez,10,reviewed,repo-local legacy seed normalized into curated contract; QA recommended
FR,orienter,Conditionnel,Conditionnel présent,ils (elles),orienteraient,10,reviewed,repo-local legacy seed normalized into curated contract; QA recommended
FR,orienter,Impératif,Impératif,je,-,10,reviewed,repo-local legacy seed normalized into curated contract; QA recommended; French imperative only uses tu / nous / vous; placeholder - used for unsupported slot
FR,orienter,Impératif,Impératif,tu,oriente,10,reviewed,repo-local legacy seed normalized into curated contract; QA recommended
FR,orienter,Impératif,Impératif,"il (elle, on)",-,10,reviewed,repo-local legacy seed normalized into curated contract; QA recommended; French imperative only uses tu / nous / vous; placeholder - used for unsupported slot
FR,orienter,Impératif,Impératif,nous,orientons,10,reviewed,repo-local legacy seed normalized into curated contract; QA recommended
FR,orienter,Impératif,Impératif,vous,orientez,10,reviewed,repo-local legacy seed normalized into curated contract; QA recommended
FR,orienter,Impératif,Impératif,ils (elles),-,10,reviewed,repo-local legacy seed normalized into curated contract; QA recommended; French imperative only uses tu / nous / vous; placeholder - used for unsupported slot
FR,orienter,Subjonctif,Subjonctif présent,je,oriente,10,reviewed,repo-local legacy seed normalized into curated contract; QA recommended
FR,orienter,Subjonctif,Subjonctif présent,tu,orientes,10,reviewed,repo-local legacy seed normalized into curated contract; QA recommended
FR,orienter,Subjonctif,Subjonctif présent,"il (elle, on)",oriente,10,reviewed,repo-local legacy seed normalized into curated contract; QA recommended
FR,orienter,Subjonctif,Subjonctif présent,nous,orientions,10,reviewed,repo-local legacy seed normalized into curated contract; QA recommended
FR,orienter,Subjonctif,Subjonctif présent,vous,orientiez,10,reviewed,repo-local legacy seed normalized into curated contract; QA recommended
FR,orienter,Subjonctif,Subjonctif présent,ils (elles),orientent,10,reviewed,repo-local legacy seed normalized into curated contract; QA recommended
FR,orienter,Indicatif,Passé Simple,je,orientai,10,reviewed,repo-local legacy seed normalized into curated contract; QA recommended
FR,orienter,Indicatif,Passé Simple,tu,orientas,10,reviewed,repo-local legacy seed normalized into curated contract; QA recommended
FR,orienter,Indicatif,Passé Simple,"il (elle, on)",orienta,10,reviewed,repo-local legacy seed normalized into curated contract; QA recommended
FR,orienter,Indicatif,Passé Simple,nous,orientâmes,10,reviewed,repo-local legacy seed normalized into curated contract; QA recommended
FR,orienter,Indicatif,Passé Simple,vous,orientâtes,10,reviewed,repo-local legacy seed normalized into curated contract; QA recommended
FR,orienter,Indicatif,Passé Simple,ils (elles),orientèrent,10,reviewed,repo-local legacy seed normalized into curated contract; QA recommended
FR,orienter,Subjonctif,Subjonctif imparfait,je,orientasse,10,reviewed,repo-local legacy seed normalized into curated contract; QA recommended
FR,orienter,Subjonctif,Subjonctif imparfait,tu,orientasses,10,reviewed,repo-local legacy seed normalized into curated contract; QA recommended
FR,orienter,Subjonctif,Subjonctif imparfait,"il (elle, on)",orientât,10,reviewed,repo-local legacy seed normalized into curated contract; QA recommended
FR,orienter,Subjonctif,Subjonctif imparfait,nous,orientassions,10,reviewed,repo-local legacy seed normalized into curated contract; QA recommended
FR,orienter,Subjonctif,Subjonctif imparfait,vous,orientassiez,10,reviewed,repo-local legacy seed normalized into curated contract; QA recommended
FR,orienter,Subjonctif,Subjonctif imparfait,ils (elles),orientassent,10,reviewed,repo-local legacy seed normalized into curated contract; QA recommended
FR,user,Indicatif,Présent,je,use,10,reviewed,repo-local legacy seed normalized into curated contract; QA recommended
FR,user,Indicatif,Présent,tu,uses,10,reviewed,repo-local legacy seed normalized into curated contract; QA recommended
FR,user,Indicatif,Présent,"il (elle, on)",use,10,reviewed,repo-local legacy seed normalized into curated contract; QA recommended
FR,user,Indicatif,Présent,nous,usons,10,reviewed,repo-local legacy seed normalized into curated contract; QA recommended
FR,user,Indicatif,Présent,vous,usez,10,reviewed,repo-local legacy seed normalized into curated contract; QA recommended
FR,user,Indicatif,Présent,ils (elles),usent,10,reviewed,repo-local legacy seed normalized into curated contract; QA recommended
FR,user,Indicatif,Futur,je,userai,10,reviewed,repo-local legacy seed normalized into curated contract; QA recommended
FR,user,Indicatif,Futur,tu,useras,10,reviewed,repo-local legacy seed normalized into curated contract; QA recommended
FR,user,Indicatif,Futur,"il (elle, on)",usera,10,reviewed,repo-local legacy seed normalized into curated contract; QA recommended
FR,user,Indicatif,Futur,nous,userons,10,reviewed,repo-local legacy seed normalized into curated contract; QA recommended
FR,user,Indicatif,Futur,vous,userez,10,reviewed,repo-local legacy seed normalized into curated contract; QA recommended
FR,user,Indicatif,Futur,ils (elles),useront,10,reviewed,repo-local legacy seed normalized into curated contract; QA recommended
FR,user,Indicatif,Passé composé,je,ai usé,10,reviewed,repo-local legacy seed normalized into curated contract; QA recommended
FR,user,Indicatif,Passé composé,tu,as usé,10,reviewed,repo-local legacy seed normalized into curated contract; QA recommended
FR,user,Indicatif,Passé composé,"il (elle, on)",a usé,10,reviewed,repo-local legacy seed normalized into curated contract; QA recommended
FR,user,Indicatif,Passé composé,nous,avons usé,10,reviewed,repo-local legacy seed normalized into curated contract; QA recommended
FR,user,Indicatif,Passé composé,vous,avez usé,10,reviewed,repo-local legacy seed normalized into curated contract; QA recommended
FR,user,Indicatif,Passé composé,ils (elles),ont usé,10,reviewed,repo-local legacy seed normalized into curated contract; QA recommended
FR,user,Indicatif,Imparfait,je,usais,10,reviewed,repo-local legacy seed normalized into curated contract; QA recommended
FR,user,Indicatif,Imparfait,tu,usais,10,reviewed,repo-local legacy seed normalized into curated contract; QA recommended
FR,user,Indicatif,Imparfait,"il (elle, on)",usait,10,reviewed,repo-local legacy seed normalized into curated contract; QA recommended
FR,user,Indicatif,Imparfait,nous,usions,10,reviewed,repo-local legacy seed normalized into curated contract; QA recommended
FR,user,Indicatif,Imparfait,vous,usiez,10,reviewed,repo-local legacy seed normalized into curated contract; QA recommended
FR,user,Indicatif,Imparfait,ils (elles),usaient,10,reviewed,repo-local legacy seed normalized into curated contract; QA recommended
FR,user,Conditionnel,Conditionnel présent,je,userais,10,reviewed,repo-local legacy seed normalized into curated contract; QA recommended
FR,user,Conditionnel,Conditionnel présent,tu,userais,10,reviewed,repo-local legacy seed normalized into curated contract; QA recommended
FR,user,Conditionnel,Conditionnel présent,"il (elle, on)",userait,10,reviewed,repo-local legacy seed normalized into curated contract; QA recommended
FR,user,Conditionnel,Conditionnel présent,nous,userions,10,reviewed,repo-local legacy seed normalized into curated contract; QA recommended
FR,user,Conditionnel,Conditionnel présent,vous,useriez,10,reviewed,repo-local legacy seed normalized into curated contract; QA recommended
FR,user,Conditionnel,Conditionnel présent,ils (elles),useraient,10,reviewed,repo-local legacy seed normalized into curated contract; QA recommended
FR,user,Impératif,Impératif,je,-,10,reviewed,repo-local legacy seed normalized into curated contract; QA recommended; French imperative only uses tu / nous / vous; placeholder - used for unsupported slot
FR,user,Impératif,Impératif,tu,use,10,reviewed,repo-local legacy seed normalized into curated contract; QA recommended
FR,user,Impératif,Impératif,"il (elle, on)",-,10,reviewed,repo-local legacy seed normalized into curated contract; QA recommended; French imperative only uses tu / nous / vous; placeholder - used for unsupported slot
FR,user,Impératif,Impératif,nous,usons,10,reviewed,repo-local legacy seed normalized into curated contract; QA recommended
FR,user,Impératif,Impératif,vous,usez,10,reviewed,repo-local legacy seed normalized into curated contract; QA recommended
FR,user,Impératif,Impératif,ils (elles),-,10,reviewed,repo-local legacy seed normalized into curated contract; QA recommended; French imperative only uses tu / nous / vous; placeholder - used for unsupported slot
FR,user,Subjonctif,Subjonctif présent,je,use,10,reviewed,repo-local legacy seed normalized into curated contract; QA recommended
FR,user,Subjonctif,Subjonctif présent,tu,uses,10,reviewed,repo-local legacy seed normalized into curated contract; QA recommended
FR,user,Subjonctif,Subjonctif présent,"il (elle, on)",use,10,reviewed,repo-local legacy seed normalized into curated contract; QA recommended
FR,user,Subjonctif,Subjonctif présent,nous,usions,10,reviewed,repo-local legacy seed normalized into curated contract; QA recommended
FR,user,Subjonctif,Subjonctif présent,vous,usiez,10,reviewed,repo-local legacy seed normalized into curated contract; QA recommended
FR,user,Subjonctif,Subjonctif présent,ils (elles),usent,10,reviewed,repo-local legacy seed normalized into curated contract; QA recommended
FR,user,Indicatif,Passé Simple,je,usai,10,reviewed,repo-local legacy seed normalized into curated contract; QA recommended
FR,user,Indicatif,Passé Simple,tu,usas,10,reviewed,repo-local legacy seed normalized into curated contract; QA recommended
FR,user,Indicatif,Passé Simple,"il (elle, on)",usa,10,reviewed,repo-local legacy seed normalized into curated contract; QA recommended
FR,user,Indicatif,Passé Simple,nous,usâmes,10,reviewed,repo-local legacy seed normalized into curated contract; QA recommended
FR,user,Indicatif,Passé Simple,vous,usâtes,10,reviewed,repo-local legacy seed normalized into curated contract; QA recommended
FR,user,Indicatif,Passé Simple,ils (elles),usèrent,10,reviewed,repo-local legacy seed normalized into curated contract; QA recommended
FR,user,Subjonctif,Subjonctif imparfait,je,usasse,10,reviewed,repo-local legacy seed normalized into curated contract; QA recommended
FR,user,Subjonctif,Subjonctif imparfait,tu,usasses,10,reviewed,repo-local legacy seed normalized into curated contract; QA recommended
FR,user,Subjonctif,Subjonctif imparfait,"il (elle, on)",usât,10,reviewed,repo-local legacy seed normalized into curated contract; QA recommended
FR,user,Subjonctif,Subjonctif imparfait,nous,usassions,10,reviewed,repo-local legacy seed normalized into curated contract; QA recommended
FR,user,Subjonctif,Subjonctif imparfait,vous,usassiez,10,reviewed,repo-local legacy seed normalized into curated contract; QA recommended
FR,user,Subjonctif,Subjonctif imparfait,ils (elles),usassent,10,reviewed,repo-local legacy seed normalized into curated contract; QA recommended
FR,affronter,Indicatif,Présent,je,affronte,10,reviewed,repo-local legacy seed normalized into curated contract; QA recommended
FR,affronter,Indicatif,Présent,tu,affrontes,10,reviewed,repo-local legacy seed normalized into curated contract; QA recommended
FR,affronter,Indicatif,Présent,"il (elle, on)",affronte,10,reviewed,repo-local legacy seed normalized into curated contract; QA recommended
FR,affronter,Indicatif,Présent,nous,affrontons,10,reviewed,repo-local legacy seed normalized into curated contract; QA recommended
FR,affronter,Indicatif,Présent,vous,affrontez,10,reviewed,repo-local legacy seed normalized into curated contract; QA recommended
FR,affronter,Indicatif,Présent,ils (elles),affrontent,10,reviewed,repo-local legacy seed normalized into curated contract; QA recommended
FR,affronter,Indicatif,Futur,je,affronterai,10,reviewed,repo-local legacy seed normalized into curated contract; QA recommended
FR,affronter,Indicatif,Futur,tu,affronteras,10,reviewed,repo-local legacy seed normalized into curated contract; QA recommended
FR,affronter,Indicatif,Futur,"il (elle, on)",affrontera,10,reviewed,repo-local legacy seed normalized into curated contract; QA recommended
FR,affronter,Indicatif,Futur,nous,affronterons,10,reviewed,repo-local legacy seed normalized into curated contract; QA recommended
FR,affronter,Indicatif,Futur,vous,affronterez,10,reviewed,repo-local legacy seed normalized into curated contract; QA recommended
FR,affronter,Indicatif,Futur,ils (elles),affronteront,10,reviewed,repo-local legacy seed normalized into curated contract; QA recommended
FR,affronter,Indicatif,Passé composé,je,ai affronté,10,reviewed,repo-local legacy seed normalized into curated contract; QA recommended
FR,affronter,Indicatif,Passé composé,tu,as affronté,10,reviewed,repo-local legacy seed normalized into curated contract; QA recommended
FR,affronter,Indicatif,Passé composé,"il (elle, on)",a affronté,10,reviewed,repo-local legacy seed normalized into curated contract; QA recommended
FR,affronter,Indicatif,Passé composé,nous,avons affronté,10,reviewed,repo-local legacy seed normalized into curated contract; QA recommended
FR,affronter,Indicatif,Passé composé,vous,avez affronté,10,reviewed,repo-local legacy seed normalized into curated contract; QA recommended
FR,affronter,Indicatif,Passé composé,ils (elles),ont affronté,10,reviewed,repo-local legacy seed normalized into curated contract; QA recommended
FR,affronter,Indicatif,Imparfait,je,affrontais,10,reviewed,repo-local legacy seed normalized into curated contract; QA recommended
FR,affronter,Indicatif,Imparfait,tu,affrontais,10,reviewed,repo-local legacy seed normalized into curated contract; QA recommended
FR,affronter,Indicatif,Imparfait,"il (elle, on)",affrontait,10,reviewed,repo-local legacy seed normalized into curated contract; QA recommended
FR,affronter,Indicatif,Imparfait,nous,affrontions,10,reviewed,repo-local legacy seed normalized into curated contract; QA recommended
FR,affronter,Indicatif,Imparfait,vous,affrontiez,10,reviewed,repo-local legacy seed normalized into curated contract; QA recommended
FR,affronter,Indicatif,Imparfait,ils (elles),affrontaient,10,reviewed,repo-local legacy seed normalized into curated contract; QA recommended
FR,affronter,Conditionnel,Conditionnel présent,je,affronterais,10,reviewed,repo-local legacy seed normalized into curated contract; QA recommended
FR,affronter,Conditionnel,Conditionnel présent,tu,affronterais,10,reviewed,repo-local legacy seed normalized into curated contract; QA recommended
FR,affronter,Conditionnel,Conditionnel présent,"il (elle, on)",affronterait,10,reviewed,repo-local legacy seed normalized into curated contract; QA recommended
FR,affronter,Conditionnel,Conditionnel présent,nous,affronterions,10,reviewed,repo-local legacy seed normalized into curated contract; QA recommended
FR,affronter,Conditionnel,Conditionnel présent,vous,affronteriez,10,reviewed,repo-local legacy seed normalized into curated contract; QA recommended
FR,affronter,Conditionnel,Conditionnel présent,ils (elles),affronteraient,10,reviewed,repo-local legacy seed normalized into curated contract; QA recommended
FR,affronter,Impératif,Impératif,je,-,10,reviewed,repo-local legacy seed normalized into curated contract; QA recommended; French imperative only uses tu / nous / vous; placeholder - used for unsupported slot
FR,affronter,Impératif,Impératif,tu,affronte,10,reviewed,repo-local legacy seed normalized into curated contract; QA recommended
FR,affronter,Impératif,Impératif,"il (elle, on)",-,10,reviewed,repo-local legacy seed normalized into curated contract; QA recommended; French imperative only uses tu / nous / vous; placeholder - used for unsupported slot
FR,affronter,Impératif,Impératif,nous,affrontons,10,reviewed,repo-local legacy seed normalized into curated contract; QA recommended
FR,affronter,Impératif,Impératif,vous,affrontez,10,reviewed,repo-local legacy seed normalized into curated contract; QA recommended
FR,affronter,Impératif,Impératif,ils (elles),-,10,reviewed,repo-local legacy seed normalized into curated contract; QA recommended; French imperative only uses tu / nous / vous; placeholder - used for unsupported slot
FR,affronter,Subjonctif,Subjonctif présent,je,affronte,10,reviewed,repo-local legacy seed normalized into curated contract; QA recommended
FR,affronter,Subjonctif,Subjonctif présent,tu,affrontes,10,reviewed,repo-local legacy seed normalized into curated contract; QA recommended
FR,affronter,Subjonctif,Subjonctif présent,"il (elle, on)",affronte,10,reviewed,repo-local legacy seed normalized into curated contract; QA recommended
FR,affronter,Subjonctif,Subjonctif présent,nous,affrontions,10,reviewed,repo-local legacy seed normalized into curated contract; QA recommended
FR,affronter,Subjonctif,Subjonctif présent,vous,affrontiez,10,reviewed,repo-local legacy seed normalized into curated contract; QA recommended
FR,affronter,Subjonctif,Subjonctif présent,ils (elles),affrontent,10,reviewed,repo-local legacy seed normalized into curated contract; QA recommended
FR,affronter,Indicatif,Passé Simple,je,affrontai,10,reviewed,repo-local legacy seed normalized into curated contract; QA recommended
FR,affronter,Indicatif,Passé Simple,tu,affrontas,10,reviewed,repo-local legacy seed normalized into curated contract; QA recommended
FR,affronter,Indicatif,Passé Simple,"il (elle, on)",affronta,10,reviewed,repo-local legacy seed normalized into curated contract; QA recommended
FR,affronter,Indicatif,Passé Simple,nous,affrontâmes,10,reviewed,repo-local legacy seed normalized into curated contract; QA recommended
FR,affronter,Indicatif,Passé Simple,vous,affrontâtes,10,reviewed,repo-local legacy seed normalized into curated contract; QA recommended
FR,affronter,Indicatif,Passé Simple,ils (elles),affrontèrent,10,reviewed,repo-local legacy seed normalized into curated contract; QA recommended
FR,affronter,Subjonctif,Subjonctif imparfait,je,affrontasse,10,reviewed,repo-local legacy seed normalized into curated contract; QA recommended
FR,affronter,Subjonctif,Subjonctif imparfait,tu,affrontasses,10,reviewed,repo-local legacy seed normalized into curated contract; QA recommended
FR,affronter,Subjonctif,Subjonctif imparfait,"il (elle, on)",affrontât,10,reviewed,repo-local legacy seed normalized into curated contract; QA recommended
FR,affronter,Subjonctif,Subjonctif imparfait,nous,affrontassions,10,reviewed,repo-local legacy seed normalized into curated contract; QA recommended
FR,affronter,Subjonctif,Subjonctif imparfait,vous,affrontassiez,10,reviewed,repo-local legacy seed normalized into curated contract; QA recommended
FR,affronter,Subjonctif,Subjonctif imparfait,ils (elles),affrontassent,10,reviewed,repo-local legacy seed normalized into curated contract; QA recommended
FR,enseigner,Indicatif,Présent,je,enseigne,10,reviewed,repo-local legacy seed normalized into curated contract; QA recommended
FR,enseigner,Indicatif,Présent,tu,enseignes,10,reviewed,repo-local legacy seed normalized into curated contract; QA recommended
FR,enseigner,Indicatif,Présent,"il (elle, on)",enseigne,10,reviewed,repo-local legacy seed normalized into curated contract; QA recommended
FR,enseigner,Indicatif,Présent,nous,enseignons,10,reviewed,repo-local legacy seed normalized into curated contract; QA recommended
FR,enseigner,Indicatif,Présent,vous,enseignez,10,reviewed,repo-local legacy seed normalized into curated contract; QA recommended
FR,enseigner,Indicatif,Présent,ils (elles),enseignent,10,reviewed,repo-local legacy seed normalized into curated contract; QA recommended
FR,enseigner,Indicatif,Futur,je,enseignerai,10,reviewed,repo-local legacy seed normalized into curated contract; QA recommended
FR,enseigner,Indicatif,Futur,tu,enseigneras,10,reviewed,repo-local legacy seed normalized into curated contract; QA recommended
FR,enseigner,Indicatif,Futur,"il (elle, on)",enseignera,10,reviewed,repo-local legacy seed normalized into curated contract; QA recommended
FR,enseigner,Indicatif,Futur,nous,enseignerons,10,reviewed,repo-local legacy seed normalized into curated contract; QA recommended
FR,enseigner,Indicatif,Futur,vous,enseignerez,10,reviewed,repo-local legacy seed normalized into curated contract; QA recommended
FR,enseigner,Indicatif,Futur,ils (elles),enseigneront,10,reviewed,repo-local legacy seed normalized into curated contract; QA recommended
FR,enseigner,Indicatif,Passé composé,je,ai enseigné,10,reviewed,repo-local legacy seed normalized into curated contract; QA recommended
FR,enseigner,Indicatif,Passé composé,tu,as enseigné,10,reviewed,repo-local legacy seed normalized into curated contract; QA recommended
FR,enseigner,Indicatif,Passé composé,"il (elle, on)",a enseigné,10,reviewed,repo-local legacy seed normalized into curated contract; QA recommended
FR,enseigner,Indicatif,Passé composé,nous,avons enseigné,10,reviewed,repo-local legacy seed normalized into curated contract; QA recommended
FR,enseigner,Indicatif,Passé composé,vous,avez enseigné,10,reviewed,repo-local legacy seed normalized into curated contract; QA recommended
FR,enseigner,Indicatif,Passé composé,ils (elles),ont enseigné,10,reviewed,repo-local legacy seed normalized into curated contract; QA recommended
FR,enseigner,Indicatif,Imparfait,je,enseignais,10,reviewed,repo-local legacy seed normalized into curated contract; QA recommended
FR,enseigner,Indicatif,Imparfait,tu,enseignais,10,reviewed,repo-local legacy seed normalized into curated contract; QA recommended
FR,enseigner,Indicatif,Imparfait,"il (elle, on)",enseignait,10,reviewed,repo-local legacy seed normalized into curated contract; QA recommended
FR,enseigner,Indicatif,Imparfait,nous,enseignions,10,reviewed,repo-local legacy seed normalized into curated contract; QA recommended
FR,enseigner,Indicatif,Imparfait,vous,enseigniez,10,reviewed,repo-local legacy seed normalized into curated contract; QA recommended
FR,enseigner,Indicatif,Imparfait,ils (elles),enseignaient,10,reviewed,repo-local legacy seed normalized into curated contract; QA recommended
FR,enseigner,Conditionnel,Conditionnel présent,je,enseignerais,10,reviewed,repo-local legacy seed normalized into curated contract; QA recommended
FR,enseigner,Conditionnel,Conditionnel présent,tu,enseignerais,10,reviewed,repo-local legacy seed normalized into curated contract; QA recommended
FR,enseigner,Conditionnel,Conditionnel présent,"il (elle, on)",enseignerait,10,reviewed,repo-local legacy seed normalized into curated contract; QA recommended
FR,enseigner,Conditionnel,Conditionnel présent,nous,enseignerions,10,reviewed,repo-local legacy seed normalized into curated contract; QA recommended
FR,enseigner,Conditionnel,Conditionnel présent,vous,enseigneriez,10,reviewed,repo-local legacy seed normalized into curated contract; QA recommended
FR,enseigner,Conditionnel,Conditionnel présent,ils (elles),enseigneraient,10,reviewed,repo-local legacy seed normalized into curated contract; QA recommended
FR,enseigner,Impératif,Impératif,je,-,10,reviewed,repo-local legacy seed normalized into curated contract; QA recommended; French imperative only uses tu / nous / vous; placeholder - used for unsupported slot
FR,enseigner,Impératif,Impératif,tu,enseigne,10,reviewed,repo-local legacy seed normalized into curated contract; QA recommended
FR,enseigner,Impératif,Impératif,"il (elle, on)",-,10,reviewed,repo-local legacy seed normalized into curated contract; QA recommended; French imperative only uses tu / nous / vous; placeholder - used for unsupported slot
FR,enseigner,Impératif,Impératif,nous,enseignons,10,reviewed,repo-local legacy seed normalized into curated contract; QA recommended
FR,enseigner,Impératif,Impératif,vous,enseignez,10,reviewed,repo-local legacy seed normalized into curated contract; QA recommended
FR,enseigner,Impératif,Impératif,ils (elles),-,10,reviewed,repo-local legacy seed normalized into curated contract; QA recommended; French imperative only uses tu / nous / vous; placeholder - used for unsupported slot
FR,enseigner,Subjonctif,Subjonctif présent,je,enseigne,10,reviewed,repo-local legacy seed normalized into curated contract; QA recommended
FR,enseigner,Subjonctif,Subjonctif présent,tu,enseignes,10,reviewed,repo-local legacy seed normalized into curated contract; QA recommended
FR,enseigner,Subjonctif,Subjonctif présent,"il (elle, on)",enseigne,10,reviewed,repo-local legacy seed normalized into curated contract; QA recommended
FR,enseigner,Subjonctif,Subjonctif présent,nous,enseignions,10,reviewed,repo-local legacy seed normalized into curated contract; QA recommended
FR,enseigner,Subjonctif,Subjonctif présent,vous,enseigniez,10,reviewed,repo-local legacy seed normalized into curated contract; QA recommended
FR,enseigner,Subjonctif,Subjonctif présent,ils (elles),enseignent,10,reviewed,repo-local legacy seed normalized into curated contract; QA recommended
FR,enseigner,Indicatif,Passé Simple,je,enseignai,10,reviewed,repo-local legacy seed normalized into curated contract; QA recommended
FR,enseigner,Indicatif,Passé Simple,tu,enseignas,10,reviewed,repo-local legacy seed normalized into curated contract; QA recommended
FR,enseigner,Indicatif,Passé Simple,"il (elle, on)",enseigna,10,reviewed,repo-local legacy seed normalized into curated contract; QA recommended
FR,enseigner,Indicatif,Passé Simple,nous,enseignâmes,10,reviewed,repo-local legacy seed normalized into curated contract; QA recommended
FR,enseigner,Indicatif,Passé Simple,vous,enseignâtes,10,reviewed,repo-local legacy seed normalized into curated contract; QA recommended
FR,enseigner,Indicatif,Passé Simple,ils (elles),enseignèrent,10,reviewed,repo-local legacy seed normalized into curated contract; QA recommended
FR,enseigner,Subjonctif,Subjonctif imparfait,je,enseignasse,10,reviewed,repo-local legacy seed normalized into curated contract; QA recommended
FR,enseigner,Subjonctif,Subjonctif imparfait,tu,enseignasses,10,reviewed,repo-local legacy seed normalized into curated contract; QA recommended
FR,enseigner,Subjonctif,Subjonctif imparfait,"il (elle, on)",enseignât,10,reviewed,repo-local legacy seed normalized into curated contract; QA recommended
FR,enseigner,Subjonctif,Subjonctif imparfait,nous,enseignassions,10,reviewed,repo-local legacy seed normalized into curated contract; QA recommended
FR,enseigner,Subjonctif,Subjonctif imparfait,vous,enseignassiez,10,reviewed,repo-local legacy seed normalized into curated contract; QA recommended
FR,enseigner,Subjonctif,Subjonctif imparfait,ils (elles),enseignassent,10,reviewed,repo-local legacy seed normalized into curated contract; QA recommended
FR,falloir,Indicatif,Présent,je,-,10,reviewed,irregular/compound paradigm patched manually; QA recommended
FR,falloir,Indicatif,Présent,tu,-,10,reviewed,irregular/compound paradigm patched manually; QA recommended
FR,falloir,Indicatif,Présent,"il (elle, on)",faut,10,reviewed,irregular/compound paradigm patched manually; QA recommended
FR,falloir,Indicatif,Présent,nous,-,10,reviewed,irregular/compound paradigm patched manually; QA recommended
FR,falloir,Indicatif,Présent,vous,-,10,reviewed,irregular/compound paradigm patched manually; QA recommended
FR,falloir,Indicatif,Présent,ils (elles),-,10,reviewed,irregular/compound paradigm patched manually; QA recommended
FR,falloir,Indicatif,Futur,je,-,10,reviewed,irregular/compound paradigm patched manually; QA recommended
FR,falloir,Indicatif,Futur,tu,-,10,reviewed,irregular/compound paradigm patched manually; QA recommended
FR,falloir,Indicatif,Futur,"il (elle, on)",faudra,10,reviewed,irregular/compound paradigm patched manually; QA recommended
FR,falloir,Indicatif,Futur,nous,-,10,reviewed,irregular/compound paradigm patched manually; QA recommended
FR,falloir,Indicatif,Futur,vous,-,10,reviewed,irregular/compound paradigm patched manually; QA recommended
FR,falloir,Indicatif,Futur,ils (elles),-,10,reviewed,irregular/compound paradigm patched manually; QA recommended
FR,falloir,Indicatif,Passé composé,je,-,10,reviewed,irregular/compound paradigm patched manually; QA recommended
FR,falloir,Indicatif,Passé composé,tu,-,10,reviewed,irregular/compound paradigm patched manually; QA recommended
FR,falloir,Indicatif,Passé composé,"il (elle, on)",a fallu,10,reviewed,irregular/compound paradigm patched manually; QA recommended
FR,falloir,Indicatif,Passé composé,nous,-,10,reviewed,irregular/compound paradigm patched manually; QA recommended
FR,falloir,Indicatif,Passé composé,vous,-,10,reviewed,irregular/compound paradigm patched manually; QA recommended
FR,falloir,Indicatif,Passé composé,ils (elles),-,10,reviewed,irregular/compound paradigm patched manually; QA recommended
FR,falloir,Indicatif,Imparfait,je,-,10,reviewed,irregular/compound paradigm patched manually; QA recommended
FR,falloir,Indicatif,Imparfait,tu,-,10,reviewed,irregular/compound paradigm patched manually; QA recommended
FR,falloir,Indicatif,Imparfait,"il (elle, on)",fallait,10,reviewed,irregular/compound paradigm patched manually; QA recommended
FR,falloir,Indicatif,Imparfait,nous,-,10,reviewed,irregular/compound paradigm patched manually; QA recommended
FR,falloir,Indicatif,Imparfait,vous,-,10,reviewed,irregular/compound paradigm patched manually; QA recommended
FR,falloir,Indicatif,Imparfait,ils (elles),-,10,reviewed,irregular/compound paradigm patched manually; QA recommended
FR,falloir,Conditionnel,Conditionnel présent,je,-,10,reviewed,irregular/compound paradigm patched manually; QA recommended
FR,falloir,Conditionnel,Conditionnel présent,tu,-,10,reviewed,irregular/compound paradigm patched manually; QA recommended
FR,falloir,Conditionnel,Conditionnel présent,"il (elle, on)",faudrait,10,reviewed,irregular/compound paradigm patched manually; QA recommended
FR,falloir,Conditionnel,Conditionnel présent,nous,-,10,reviewed,irregular/compound paradigm patched manually; QA recommended
FR,falloir,Conditionnel,Conditionnel présent,vous,-,10,reviewed,irregular/compound paradigm patched manually; QA recommended
FR,falloir,Conditionnel,Conditionnel présent,ils (elles),-,10,reviewed,irregular/compound paradigm patched manually; QA recommended
FR,falloir,Impératif,Impératif,je,-,10,reviewed,irregular/compound paradigm patched manually; QA recommended; French imperative only uses tu / nous / vous; placeholder - used for unsupported slot
FR,falloir,Impératif,Impératif,tu,-,10,reviewed,irregular/compound paradigm patched manually; QA recommended; French imperative only uses tu / nous / vous; placeholder - used for unsupported slot
FR,falloir,Impératif,Impératif,"il (elle, on)",-,10,reviewed,irregular/compound paradigm patched manually; QA recommended; French imperative only uses tu / nous / vous; placeholder - used for unsupported slot
FR,falloir,Impératif,Impératif,nous,-,10,reviewed,irregular/compound paradigm patched manually; QA recommended; French imperative only uses tu / nous / vous; placeholder - used for unsupported slot
FR,falloir,Impératif,Impératif,vous,-,10,reviewed,irregular/compound paradigm patched manually; QA recommended; French imperative only uses tu / nous / vous; placeholder - used for unsupported slot
FR,falloir,Impératif,Impératif,ils (elles),-,10,reviewed,irregular/compound paradigm patched manually; QA recommended; French imperative only uses tu / nous / vous; placeholder - used for unsupported slot
FR,falloir,Subjonctif,Subjonctif présent,je,-,10,reviewed,irregular/compound paradigm patched manually; QA recommended
FR,falloir,Subjonctif,Subjonctif présent,tu,-,10,reviewed,irregular/compound paradigm patched manually; QA recommended
FR,falloir,Subjonctif,Subjonctif présent,"il (elle, on)",faille,10,reviewed,irregular/compound paradigm patched manually; QA recommended
FR,falloir,Subjonctif,Subjonctif présent,nous,-,10,reviewed,irregular/compound paradigm patched manually; QA recommended
FR,falloir,Subjonctif,Subjonctif présent,vous,-,10,reviewed,irregular/compound paradigm patched manually; QA recommended
FR,falloir,Subjonctif,Subjonctif présent,ils (elles),-,10,reviewed,irregular/compound paradigm patched manually; QA recommended
FR,falloir,Indicatif,Passé Simple,je,-,10,reviewed,irregular/compound paradigm patched manually; QA recommended
FR,falloir,Indicatif,Passé Simple,tu,-,10,reviewed,irregular/compound paradigm patched manually; QA recommended
FR,falloir,Indicatif,Passé Simple,"il (elle, on)",fallut,10,reviewed,irregular/compound paradigm patched manually; QA recommended
FR,falloir,Indicatif,Passé Simple,nous,-,10,reviewed,irregular/compound paradigm patched manually; QA recommended
FR,falloir,Indicatif,Passé Simple,vous,-,10,reviewed,irregular/compound paradigm patched manually; QA recommended
FR,falloir,Indicatif,Passé Simple,ils (elles),-,10,reviewed,irregular/compound paradigm patched manually; QA recommended
FR,falloir,Subjonctif,Subjonctif imparfait,je,-,10,reviewed,irregular/compound paradigm patched manually; QA recommended
FR,falloir,Subjonctif,Subjonctif imparfait,tu,-,10,reviewed,irregular/compound paradigm patched manually; QA recommended
FR,falloir,Subjonctif,Subjonctif imparfait,"il (elle, on)",fallût,10,reviewed,irregular/compound paradigm patched manually; QA recommended
FR,falloir,Subjonctif,Subjonctif imparfait,nous,-,10,reviewed,irregular/compound paradigm patched manually; QA recommended
FR,falloir,Subjonctif,Subjonctif imparfait,vous,-,10,reviewed,irregular/compound paradigm patched manually; QA recommended
FR,falloir,Subjonctif,Subjonctif imparfait,ils (elles),-,10,reviewed,irregular/compound paradigm patched manually; QA recommended
FR,enfermer,Indicatif,Présent,je,enferme,10,reviewed,repo-local legacy seed normalized into curated contract; QA recommended
FR,enfermer,Indicatif,Présent,tu,enfermes,10,reviewed,repo-local legacy seed normalized into curated contract; QA recommended
FR,enfermer,Indicatif,Présent,"il (elle, on)",enferme,10,reviewed,repo-local legacy seed normalized into curated contract; QA recommended
FR,enfermer,Indicatif,Présent,nous,enfermons,10,reviewed,repo-local legacy seed normalized into curated contract; QA recommended
FR,enfermer,Indicatif,Présent,vous,enfermez,10,reviewed,repo-local legacy seed normalized into curated contract; QA recommended
FR,enfermer,Indicatif,Présent,ils (elles),enferment,10,reviewed,repo-local legacy seed normalized into curated contract; QA recommended
FR,enfermer,Indicatif,Futur,je,enfermerai,10,reviewed,repo-local legacy seed normalized into curated contract; QA recommended
FR,enfermer,Indicatif,Futur,tu,enfermeras,10,reviewed,repo-local legacy seed normalized into curated contract; QA recommended
FR,enfermer,Indicatif,Futur,"il (elle, on)",enfermera,10,reviewed,repo-local legacy seed normalized into curated contract; QA recommended
FR,enfermer,Indicatif,Futur,nous,enfermerons,10,reviewed,repo-local legacy seed normalized into curated contract; QA recommended
FR,enfermer,Indicatif,Futur,vous,enfermerez,10,reviewed,repo-local legacy seed normalized into curated contract; QA recommended
FR,enfermer,Indicatif,Futur,ils (elles),enfermeront,10,reviewed,repo-local legacy seed normalized into curated contract; QA recommended
FR,enfermer,Indicatif,Passé composé,je,ai enfermé,10,reviewed,repo-local legacy seed normalized into curated contract; QA recommended
FR,enfermer,Indicatif,Passé composé,tu,as enfermé,10,reviewed,repo-local legacy seed normalized into curated contract; QA recommended
FR,enfermer,Indicatif,Passé composé,"il (elle, on)",a enfermé,10,reviewed,repo-local legacy seed normalized into curated contract; QA recommended
FR,enfermer,Indicatif,Passé composé,nous,avons enfermé,10,reviewed,repo-local legacy seed normalized into curated contract; QA recommended
FR,enfermer,Indicatif,Passé composé,vous,avez enfermé,10,reviewed,repo-local legacy seed normalized into curated contract; QA recommended
FR,enfermer,Indicatif,Passé composé,ils (elles),ont enfermé,10,reviewed,repo-local legacy seed normalized into curated contract; QA recommended
FR,enfermer,Indicatif,Imparfait,je,enfermais,10,reviewed,repo-local legacy seed normalized into curated contract; QA recommended
FR,enfermer,Indicatif,Imparfait,tu,enfermais,10,reviewed,repo-local legacy seed normalized into curated contract; QA recommended
FR,enfermer,Indicatif,Imparfait,"il (elle, on)",enfermait,10,reviewed,repo-local legacy seed normalized into curated contract; QA recommended
FR,enfermer,Indicatif,Imparfait,nous,enfermions,10,reviewed,repo-local legacy seed normalized into curated contract; QA recommended
FR,enfermer,Indicatif,Imparfait,vous,enfermiez,10,reviewed,repo-local legacy seed normalized into curated contract; QA recommended
FR,enfermer,Indicatif,Imparfait,ils (elles),enfermaient,10,reviewed,repo-local legacy seed normalized into curated contract; QA recommended
FR,enfermer,Conditionnel,Conditionnel présent,je,enfermerais,10,reviewed,repo-local legacy seed normalized into curated contract; QA recommended
FR,enfermer,Conditionnel,Conditionnel présent,tu,enfermerais,10,reviewed,repo-local legacy seed normalized into curated contract; QA recommended
FR,enfermer,Conditionnel,Conditionnel présent,"il (elle, on)",enfermerait,10,reviewed,repo-local legacy seed normalized into curated contract; QA recommended
FR,enfermer,Conditionnel,Conditionnel présent,nous,enfermerions,10,reviewed,repo-local legacy seed normalized into curated contract; QA recommended
FR,enfermer,Conditionnel,Conditionnel présent,vous,enfermeriez,10,reviewed,repo-local legacy seed normalized into curated contract; QA recommended
FR,enfermer,Conditionnel,Conditionnel présent,ils (elles),enfermeraient,10,reviewed,repo-local legacy seed normalized into curated contract; QA recommended
FR,enfermer,Impératif,Impératif,je,-,10,reviewed,repo-local legacy seed normalized into curated contract; QA recommended; French imperative only uses tu / nous / vous; placeholder - used for unsupported slot
FR,enfermer,Impératif,Impératif,tu,enferme,10,reviewed,repo-local legacy seed normalized into curated contract; QA recommended
FR,enfermer,Impératif,Impératif,"il (elle, on)",-,10,reviewed,repo-local legacy seed normalized into curated contract; QA recommended; French imperative only uses tu / nous / vous; placeholder - used for unsupported slot
FR,enfermer,Impératif,Impératif,nous,enfermons,10,reviewed,repo-local legacy seed normalized into curated contract; QA recommended
FR,enfermer,Impératif,Impératif,vous,enfermez,10,reviewed,repo-local legacy seed normalized into curated contract; QA recommended
FR,enfermer,Impératif,Impératif,ils (elles),-,10,reviewed,repo-local legacy seed normalized into curated contract; QA recommended; French imperative only uses tu / nous / vous; placeholder - used for unsupported slot
FR,enfermer,Subjonctif,Subjonctif présent,je,enferme,10,reviewed,repo-local legacy seed normalized into curated contract; QA recommended
FR,enfermer,Subjonctif,Subjonctif présent,tu,enfermes,10,reviewed,repo-local legacy seed normalized into curated contract; QA recommended
FR,enfermer,Subjonctif,Subjonctif présent,"il (elle, on)",enferme,10,reviewed,repo-local legacy seed normalized into curated contract; QA recommended
FR,enfermer,Subjonctif,Subjonctif présent,nous,enfermions,10,reviewed,repo-local legacy seed normalized into curated contract; QA recommended
FR,enfermer,Subjonctif,Subjonctif présent,vous,enfermiez,10,reviewed,repo-local legacy seed normalized into curated contract; QA recommended
FR,enfermer,Subjonctif,Subjonctif présent,ils (elles),enferment,10,reviewed,repo-local legacy seed normalized into curated contract; QA recommended
FR,enfermer,Indicatif,Passé Simple,je,enfermai,10,reviewed,repo-local legacy seed normalized into curated contract; QA recommended
FR,enfermer,Indicatif,Passé Simple,tu,enfermas,10,reviewed,repo-local legacy seed normalized into curated contract; QA recommended
FR,enfermer,Indicatif,Passé Simple,"il (elle, on)",enferma,10,reviewed,repo-local legacy seed normalized into curated contract; QA recommended
FR,enfermer,Indicatif,Passé Simple,nous,enfermâmes,10,reviewed,repo-local legacy seed normalized into curated contract; QA recommended
FR,enfermer,Indicatif,Passé Simple,vous,enfermâtes,10,reviewed,repo-local legacy seed normalized into curated contract; QA recommended
FR,enfermer,Indicatif,Passé Simple,ils (elles),enfermèrent,10,reviewed,repo-local legacy seed normalized into curated contract; QA recommended
FR,enfermer,Subjonctif,Subjonctif imparfait,je,enfermasse,10,reviewed,repo-local legacy seed normalized into curated contract; QA recommended
FR,enfermer,Subjonctif,Subjonctif imparfait,tu,enfermasses,10,reviewed,repo-local legacy seed normalized into curated contract; QA recommended
FR,enfermer,Subjonctif,Subjonctif imparfait,"il (elle, on)",enfermât,10,reviewed,repo-local legacy seed normalized into curated contract; QA recommended
FR,enfermer,Subjonctif,Subjonctif imparfait,nous,enfermassions,10,reviewed,repo-local legacy seed normalized into curated contract; QA recommended
FR,enfermer,Subjonctif,Subjonctif imparfait,vous,enfermassiez,10,reviewed,repo-local legacy seed normalized into curated contract; QA recommended
FR,enfermer,Subjonctif,Subjonctif imparfait,ils (elles),enfermassent,10,reviewed,repo-local legacy seed normalized into curated contract; QA recommended
FR,dessiner,Indicatif,Présent,je,dessine,10,reviewed,repo-local legacy seed normalized into curated contract; QA recommended
FR,dessiner,Indicatif,Présent,tu,dessines,10,reviewed,repo-local legacy seed normalized into curated contract; QA recommended
FR,dessiner,Indicatif,Présent,"il (elle, on)",dessine,10,reviewed,repo-local legacy seed normalized into curated contract; QA recommended
FR,dessiner,Indicatif,Présent,nous,dessinons,10,reviewed,repo-local legacy seed normalized into curated contract; QA recommended
FR,dessiner,Indicatif,Présent,vous,dessinez,10,reviewed,repo-local legacy seed normalized into curated contract; QA recommended
FR,dessiner,Indicatif,Présent,ils (elles),dessinent,10,reviewed,repo-local legacy seed normalized into curated contract; QA recommended
FR,dessiner,Indicatif,Futur,je,dessinerai,10,reviewed,repo-local legacy seed normalized into curated contract; QA recommended
FR,dessiner,Indicatif,Futur,tu,dessineras,10,reviewed,repo-local legacy seed normalized into curated contract; QA recommended
FR,dessiner,Indicatif,Futur,"il (elle, on)",dessinera,10,reviewed,repo-local legacy seed normalized into curated contract; QA recommended
FR,dessiner,Indicatif,Futur,nous,dessinerons,10,reviewed,repo-local legacy seed normalized into curated contract; QA recommended
FR,dessiner,Indicatif,Futur,vous,dessinerez,10,reviewed,repo-local legacy seed normalized into curated contract; QA recommended
FR,dessiner,Indicatif,Futur,ils (elles),dessineront,10,reviewed,repo-local legacy seed normalized into curated contract; QA recommended
FR,dessiner,Indicatif,Passé composé,je,ai dessiné,10,reviewed,repo-local legacy seed normalized into curated contract; QA recommended
FR,dessiner,Indicatif,Passé composé,tu,as dessiné,10,reviewed,repo-local legacy seed normalized into curated contract; QA recommended
FR,dessiner,Indicatif,Passé composé,"il (elle, on)",a dessiné,10,reviewed,repo-local legacy seed normalized into curated contract; QA recommended
FR,dessiner,Indicatif,Passé composé,nous,avons dessiné,10,reviewed,repo-local legacy seed normalized into curated contract; QA recommended
FR,dessiner,Indicatif,Passé composé,vous,avez dessiné,10,reviewed,repo-local legacy seed normalized into curated contract; QA recommended
FR,dessiner,Indicatif,Passé composé,ils (elles),ont dessiné,10,reviewed,repo-local legacy seed normalized into curated contract; QA recommended
FR,dessiner,Indicatif,Imparfait,je,dessinais,10,reviewed,repo-local legacy seed normalized into curated contract; QA recommended
FR,dessiner,Indicatif,Imparfait,tu,dessinais,10,reviewed,repo-local legacy seed normalized into curated contract; QA recommended
FR,dessiner,Indicatif,Imparfait,"il (elle, on)",dessinait,10,reviewed,repo-local legacy seed normalized into curated contract; QA recommended
FR,dessiner,Indicatif,Imparfait,nous,dessinions,10,reviewed,repo-local legacy seed normalized into curated contract; QA recommended
FR,dessiner,Indicatif,Imparfait,vous,dessiniez,10,reviewed,repo-local legacy seed normalized into curated contract; QA recommended
FR,dessiner,Indicatif,Imparfait,ils (elles),dessinaient,10,reviewed,repo-local legacy seed normalized into curated contract; QA recommended
FR,dessiner,Conditionnel,Conditionnel présent,je,dessinerais,10,reviewed,repo-local legacy seed normalized into curated contract; QA recommended
FR,dessiner,Conditionnel,Conditionnel présent,tu,dessinerais,10,reviewed,repo-local legacy seed normalized into curated contract; QA recommended
FR,dessiner,Conditionnel,Conditionnel présent,"il (elle, on)",dessinerait,10,reviewed,repo-local legacy seed normalized into curated contract; QA recommended
FR,dessiner,Conditionnel,Conditionnel présent,nous,dessinerions,10,reviewed,repo-local legacy seed normalized into curated contract; QA recommended
FR,dessiner,Conditionnel,Conditionnel présent,vous,dessineriez,10,reviewed,repo-local legacy seed normalized into curated contract; QA recommended
FR,dessiner,Conditionnel,Conditionnel présent,ils (elles),dessineraient,10,reviewed,repo-local legacy seed normalized into curated contract; QA recommended
FR,dessiner,Impératif,Impératif,je,-,10,reviewed,repo-local legacy seed normalized into curated contract; QA recommended; French imperative only uses tu / nous / vous; placeholder - used for unsupported slot
FR,dessiner,Impératif,Impératif,tu,dessine,10,reviewed,repo-local legacy seed normalized into curated contract; QA recommended
FR,dessiner,Impératif,Impératif,"il (elle, on)",-,10,reviewed,repo-local legacy seed normalized into curated contract; QA recommended; French imperative only uses tu / nous / vous; placeholder - used for unsupported slot
FR,dessiner,Impératif,Impératif,nous,dessinons,10,reviewed,repo-local legacy seed normalized into curated contract; QA recommended
FR,dessiner,Impératif,Impératif,vous,dessinez,10,reviewed,repo-local legacy seed normalized into curated contract; QA recommended
FR,dessiner,Impératif,Impératif,ils (elles),-,10,reviewed,repo-local legacy seed normalized into curated contract; QA recommended; French imperative only uses tu / nous / vous; placeholder - used for unsupported slot
FR,dessiner,Subjonctif,Subjonctif présent,je,dessine,10,reviewed,repo-local legacy seed normalized into curated contract; QA recommended
FR,dessiner,Subjonctif,Subjonctif présent,tu,dessines,10,reviewed,repo-local legacy seed normalized into curated contract; QA recommended
FR,dessiner,Subjonctif,Subjonctif présent,"il (elle, on)",dessine,10,reviewed,repo-local legacy seed normalized into curated contract; QA recommended
FR,dessiner,Subjonctif,Subjonctif présent,nous,dessinions,10,reviewed,repo-local legacy seed normalized into curated contract; QA recommended
FR,dessiner,Subjonctif,Subjonctif présent,vous,dessiniez,10,reviewed,repo-local legacy seed normalized into curated contract; QA recommended
FR,dessiner,Subjonctif,Subjonctif présent,ils (elles),dessinent,10,reviewed,repo-local legacy seed normalized into curated contract; QA recommended
FR,dessiner,Indicatif,Passé Simple,je,dessinai,10,reviewed,repo-local legacy seed normalized into curated contract; QA recommended
FR,dessiner,Indicatif,Passé Simple,tu,dessinas,10,reviewed,repo-local legacy seed normalized into curated contract; QA recommended
FR,dessiner,Indicatif,Passé Simple,"il (elle, on)",dessina,10,reviewed,repo-local legacy seed normalized into curated contract; QA recommended
FR,dessiner,Indicatif,Passé Simple,nous,dessinâmes,10,reviewed,repo-local legacy seed normalized into curated contract; QA recommended
FR,dessiner,Indicatif,Passé Simple,vous,dessinâtes,10,reviewed,repo-local legacy seed normalized into curated contract; QA recommended
FR,dessiner,Indicatif,Passé Simple,ils (elles),dessinèrent,10,reviewed,repo-local legacy seed normalized into curated contract; QA recommended
FR,dessiner,Subjonctif,Subjonctif imparfait,je,dessinasse,10,reviewed,repo-local legacy seed normalized into curated contract; QA recommended
FR,dessiner,Subjonctif,Subjonctif imparfait,tu,dessinasses,10,reviewed,repo-local legacy seed normalized into curated contract; QA recommended
FR,dessiner,Subjonctif,Subjonctif imparfait,"il (elle, on)",dessinât,10,reviewed,repo-local legacy seed normalized into curated contract; QA recommended
FR,dessiner,Subjonctif,Subjonctif imparfait,nous,dessinassions,10,reviewed,repo-local legacy seed normalized into curated contract; QA recommended
FR,dessiner,Subjonctif,Subjonctif imparfait,vous,dessinassiez,10,reviewed,repo-local legacy seed normalized into curated contract; QA recommended
FR,dessiner,Subjonctif,Subjonctif imparfait,ils (elles),dessinassent,10,reviewed,repo-local legacy seed normalized into curated contract; QA recommended
FR,favoriser,Indicatif,Présent,je,favorise,10,reviewed,repo-local legacy seed normalized into curated contract; QA recommended
FR,favoriser,Indicatif,Présent,tu,favorises,10,reviewed,repo-local legacy seed normalized into curated contract; QA recommended
FR,favoriser,Indicatif,Présent,"il (elle, on)",favorise,10,reviewed,repo-local legacy seed normalized into curated contract; QA recommended
FR,favoriser,Indicatif,Présent,nous,favorisons,10,reviewed,repo-local legacy seed normalized into curated contract; QA recommended
FR,favoriser,Indicatif,Présent,vous,favorisez,10,reviewed,repo-local legacy seed normalized into curated contract; QA recommended
FR,favoriser,Indicatif,Présent,ils (elles),favorisent,10,reviewed,repo-local legacy seed normalized into curated contract; QA recommended
FR,favoriser,Indicatif,Futur,je,favoriserai,10,reviewed,repo-local legacy seed normalized into curated contract; QA recommended
FR,favoriser,Indicatif,Futur,tu,favoriseras,10,reviewed,repo-local legacy seed normalized into curated contract; QA recommended
FR,favoriser,Indicatif,Futur,"il (elle, on)",favorisera,10,reviewed,repo-local legacy seed normalized into curated contract; QA recommended
FR,favoriser,Indicatif,Futur,nous,favoriserons,10,reviewed,repo-local legacy seed normalized into curated contract; QA recommended
FR,favoriser,Indicatif,Futur,vous,favoriserez,10,reviewed,repo-local legacy seed normalized into curated contract; QA recommended
FR,favoriser,Indicatif,Futur,ils (elles),favoriseront,10,reviewed,repo-local legacy seed normalized into curated contract; QA recommended
FR,favoriser,Indicatif,Passé composé,je,ai favorisé,10,reviewed,repo-local legacy seed normalized into curated contract; QA recommended
FR,favoriser,Indicatif,Passé composé,tu,as favorisé,10,reviewed,repo-local legacy seed normalized into curated contract; QA recommended
FR,favoriser,Indicatif,Passé composé,"il (elle, on)",a favorisé,10,reviewed,repo-local legacy seed normalized into curated contract; QA recommended
FR,favoriser,Indicatif,Passé composé,nous,avons favorisé,10,reviewed,repo-local legacy seed normalized into curated contract; QA recommended
FR,favoriser,Indicatif,Passé composé,vous,avez favorisé,10,reviewed,repo-local legacy seed normalized into curated contract; QA recommended
FR,favoriser,Indicatif,Passé composé,ils (elles),ont favorisé,10,reviewed,repo-local legacy seed normalized into curated contract; QA recommended
FR,favoriser,Indicatif,Imparfait,je,favorisais,10,reviewed,repo-local legacy seed normalized into curated contract; QA recommended
FR,favoriser,Indicatif,Imparfait,tu,favorisais,10,reviewed,repo-local legacy seed normalized into curated contract; QA recommended
FR,favoriser,Indicatif,Imparfait,"il (elle, on)",favorisait,10,reviewed,repo-local legacy seed normalized into curated contract; QA recommended
FR,favoriser,Indicatif,Imparfait,nous,favorisions,10,reviewed,repo-local legacy seed normalized into curated contract; QA recommended
FR,favoriser,Indicatif,Imparfait,vous,favorisiez,10,reviewed,repo-local legacy seed normalized into curated contract; QA recommended
FR,favoriser,Indicatif,Imparfait,ils (elles),favorisaient,10,reviewed,repo-local legacy seed normalized into curated contract; QA recommended
FR,favoriser,Conditionnel,Conditionnel présent,je,favoriserais,10,reviewed,repo-local legacy seed normalized into curated contract; QA recommended
FR,favoriser,Conditionnel,Conditionnel présent,tu,favoriserais,10,reviewed,repo-local legacy seed normalized into curated contract; QA recommended
FR,favoriser,Conditionnel,Conditionnel présent,"il (elle, on)",favoriserait,10,reviewed,repo-local legacy seed normalized into curated contract; QA recommended
FR,favoriser,Conditionnel,Conditionnel présent,nous,favoriserions,10,reviewed,repo-local legacy seed normalized into curated contract; QA recommended
FR,favoriser,Conditionnel,Conditionnel présent,vous,favoriseriez,10,reviewed,repo-local legacy seed normalized into curated contract; QA recommended
FR,favoriser,Conditionnel,Conditionnel présent,ils (elles),favoriseraient,10,reviewed,repo-local legacy seed normalized into curated contract; QA recommended
FR,favoriser,Impératif,Impératif,je,-,10,reviewed,repo-local legacy seed normalized into curated contract; QA recommended; French imperative only uses tu / nous / vous; placeholder - used for unsupported slot
FR,favoriser,Impératif,Impératif,tu,favorise,10,reviewed,repo-local legacy seed normalized into curated contract; QA recommended
FR,favoriser,Impératif,Impératif,"il (elle, on)",-,10,reviewed,repo-local legacy seed normalized into curated contract; QA recommended; French imperative only uses tu / nous / vous; placeholder - used for unsupported slot
FR,favoriser,Impératif,Impératif,nous,favorisons,10,reviewed,repo-local legacy seed normalized into curated contract; QA recommended
FR,favoriser,Impératif,Impératif,vous,favorisez,10,reviewed,repo-local legacy seed normalized into curated contract; QA recommended
FR,favoriser,Impératif,Impératif,ils (elles),-,10,reviewed,repo-local legacy seed normalized into curated contract; QA recommended; French imperative only uses tu / nous / vous; placeholder - used for unsupported slot
FR,favoriser,Subjonctif,Subjonctif présent,je,favorise,10,reviewed,repo-local legacy seed normalized into curated contract; QA recommended
FR,favoriser,Subjonctif,Subjonctif présent,tu,favorises,10,reviewed,repo-local legacy seed normalized into curated contract; QA recommended
FR,favoriser,Subjonctif,Subjonctif présent,"il (elle, on)",favorise,10,reviewed,repo-local legacy seed normalized into curated contract; QA recommended
FR,favoriser,Subjonctif,Subjonctif présent,nous,favorisions,10,reviewed,repo-local legacy seed normalized into curated contract; QA recommended
FR,favoriser,Subjonctif,Subjonctif présent,vous,favorisiez,10,reviewed,repo-local legacy seed normalized into curated contract; QA recommended
FR,favoriser,Subjonctif,Subjonctif présent,ils (elles),favorisent,10,reviewed,repo-local legacy seed normalized into curated contract; QA recommended
FR,favoriser,Indicatif,Passé Simple,je,favorisai,10,reviewed,repo-local legacy seed normalized into curated contract; QA recommended
FR,favoriser,Indicatif,Passé Simple,tu,favorisas,10,reviewed,repo-local legacy seed normalized into curated contract; QA recommended
FR,favoriser,Indicatif,Passé Simple,"il (elle, on)",favorisa,10,reviewed,repo-local legacy seed normalized into curated contract; QA recommended
FR,favoriser,Indicatif,Passé Simple,nous,favorisâmes,10,reviewed,repo-local legacy seed normalized into curated contract; QA recommended
FR,favoriser,Indicatif,Passé Simple,vous,favorisâtes,10,reviewed,repo-local legacy seed normalized into curated contract; QA recommended
FR,favoriser,Indicatif,Passé Simple,ils (elles),favorisèrent,10,reviewed,repo-local legacy seed normalized into curated contract; QA recommended
FR,favoriser,Subjonctif,Subjonctif imparfait,je,favorisasse,10,reviewed,repo-local legacy seed normalized into curated contract; QA recommended
FR,favoriser,Subjonctif,Subjonctif imparfait,tu,favorisasses,10,reviewed,repo-local legacy seed normalized into curated contract; QA recommended
FR,favoriser,Subjonctif,Subjonctif imparfait,"il (elle, on)",favorisât,10,reviewed,repo-local legacy seed normalized into curated contract; QA recommended
FR,favoriser,Subjonctif,Subjonctif imparfait,nous,favorisassions,10,reviewed,repo-local legacy seed normalized into curated contract; QA recommended
FR,favoriser,Subjonctif,Subjonctif imparfait,vous,favorisassiez,10,reviewed,repo-local legacy seed normalized into curated contract; QA recommended
FR,favoriser,Subjonctif,Subjonctif imparfait,ils (elles),favorisassent,10,reviewed,repo-local legacy seed normalized into curated contract; QA recommended
FR,retomber,Indicatif,Présent,je,retombe,10,reviewed,irregular/compound paradigm patched manually; QA recommended
FR,retomber,Indicatif,Présent,tu,retombes,10,reviewed,irregular/compound paradigm patched manually; QA recommended
FR,retomber,Indicatif,Présent,"il (elle, on)",retombe,10,reviewed,irregular/compound paradigm patched manually; QA recommended
FR,retomber,Indicatif,Présent,nous,retombons,10,reviewed,irregular/compound paradigm patched manually; QA recommended
FR,retomber,Indicatif,Présent,vous,retombez,10,reviewed,irregular/compound paradigm patched manually; QA recommended
FR,retomber,Indicatif,Présent,ils (elles),retombent,10,reviewed,irregular/compound paradigm patched manually; QA recommended
FR,retomber,Indicatif,Futur,je,retomberai,10,reviewed,irregular/compound paradigm patched manually; QA recommended
FR,retomber,Indicatif,Futur,tu,retomberas,10,reviewed,irregular/compound paradigm patched manually; QA recommended
FR,retomber,Indicatif,Futur,"il (elle, on)",retombera,10,reviewed,irregular/compound paradigm patched manually; QA recommended
FR,retomber,Indicatif,Futur,nous,retomberons,10,reviewed,irregular/compound paradigm patched manually; QA recommended
FR,retomber,Indicatif,Futur,vous,retomberez,10,reviewed,irregular/compound paradigm patched manually; QA recommended
FR,retomber,Indicatif,Futur,ils (elles),retomberont,10,reviewed,irregular/compound paradigm patched manually; QA recommended
FR,retomber,Indicatif,Passé composé,je,ai retombé,10,reviewed,irregular/compound paradigm patched manually; QA recommended
FR,retomber,Indicatif,Passé composé,tu,as retombé,10,reviewed,irregular/compound paradigm patched manually; QA recommended
FR,retomber,Indicatif,Passé composé,"il (elle, on)",a retombé,10,reviewed,irregular/compound paradigm patched manually; QA recommended
FR,retomber,Indicatif,Passé composé,nous,avons retombé,10,reviewed,irregular/compound paradigm patched manually; QA recommended
FR,retomber,Indicatif,Passé composé,vous,avez retombé,10,reviewed,irregular/compound paradigm patched manually; QA recommended
FR,retomber,Indicatif,Passé composé,ils (elles),ont retombé,10,reviewed,irregular/compound paradigm patched manually; QA recommended
FR,retomber,Indicatif,Imparfait,je,retombais,10,reviewed,irregular/compound paradigm patched manually; QA recommended
FR,retomber,Indicatif,Imparfait,tu,retombais,10,reviewed,irregular/compound paradigm patched manually; QA recommended
FR,retomber,Indicatif,Imparfait,"il (elle, on)",retombait,10,reviewed,irregular/compound paradigm patched manually; QA recommended
FR,retomber,Indicatif,Imparfait,nous,retombions,10,reviewed,irregular/compound paradigm patched manually; QA recommended
FR,retomber,Indicatif,Imparfait,vous,retombiez,10,reviewed,irregular/compound paradigm patched manually; QA recommended
FR,retomber,Indicatif,Imparfait,ils (elles),retombaient,10,reviewed,irregular/compound paradigm patched manually; QA recommended
FR,retomber,Conditionnel,Conditionnel présent,je,retomberais,10,reviewed,irregular/compound paradigm patched manually; QA recommended
FR,retomber,Conditionnel,Conditionnel présent,tu,retomberais,10,reviewed,irregular/compound paradigm patched manually; QA recommended
FR,retomber,Conditionnel,Conditionnel présent,"il (elle, on)",retomberait,10,reviewed,irregular/compound paradigm patched manually; QA recommended
FR,retomber,Conditionnel,Conditionnel présent,nous,retomberions,10,reviewed,irregular/compound paradigm patched manually; QA recommended
FR,retomber,Conditionnel,Conditionnel présent,vous,retomberiez,10,reviewed,irregular/compound paradigm patched manually; QA recommended
FR,retomber,Conditionnel,Conditionnel présent,ils (elles),retomberaient,10,reviewed,irregular/compound paradigm patched manually; QA recommended
FR,retomber,Impératif,Impératif,je,-,10,reviewed,irregular/compound paradigm patched manually; QA recommended; French imperative only uses tu / nous / vous; placeholder - used for unsupported slot
FR,retomber,Impératif,Impératif,tu,retombe,10,reviewed,irregular/compound paradigm patched manually; QA recommended
FR,retomber,Impératif,Impératif,"il (elle, on)",-,10,reviewed,irregular/compound paradigm patched manually; QA recommended; French imperative only uses tu / nous / vous; placeholder - used for unsupported slot
FR,retomber,Impératif,Impératif,nous,retombons,10,reviewed,irregular/compound paradigm patched manually; QA recommended
FR,retomber,Impératif,Impératif,vous,retombez,10,reviewed,irregular/compound paradigm patched manually; QA recommended
FR,retomber,Impératif,Impératif,ils (elles),-,10,reviewed,irregular/compound paradigm patched manually; QA recommended; French imperative only uses tu / nous / vous; placeholder - used for unsupported slot
FR,retomber,Subjonctif,Subjonctif présent,je,retombe,10,reviewed,irregular/compound paradigm patched manually; QA recommended
FR,retomber,Subjonctif,Subjonctif présent,tu,retombes,10,reviewed,irregular/compound paradigm patched manually; QA recommended
FR,retomber,Subjonctif,Subjonctif présent,"il (elle, on)",retombe,10,reviewed,irregular/compound paradigm patched manually; QA recommended
FR,retomber,Subjonctif,Subjonctif présent,nous,retombions,10,reviewed,irregular/compound paradigm patched manually; QA recommended
FR,retomber,Subjonctif,Subjonctif présent,vous,retombiez,10,reviewed,irregular/compound paradigm patched manually; QA recommended
FR,retomber,Subjonctif,Subjonctif présent,ils (elles),retombent,10,reviewed,irregular/compound paradigm patched manually; QA recommended
FR,retomber,Indicatif,Passé Simple,je,retombai,10,reviewed,irregular/compound paradigm patched manually; QA recommended
FR,retomber,Indicatif,Passé Simple,tu,retombas,10,reviewed,irregular/compound paradigm patched manually; QA recommended
FR,retomber,Indicatif,Passé Simple,"il (elle, on)",retomba,10,reviewed,irregular/compound paradigm patched manually; QA recommended
FR,retomber,Indicatif,Passé Simple,nous,retombâmes,10,reviewed,irregular/compound paradigm patched manually; QA recommended
FR,retomber,Indicatif,Passé Simple,vous,retombâtes,10,reviewed,irregular/compound paradigm patched manually; QA recommended
FR,retomber,Indicatif,Passé Simple,ils (elles),retombèrent,10,reviewed,irregular/compound paradigm patched manually; QA recommended
FR,retomber,Subjonctif,Subjonctif imparfait,je,retombasse,10,reviewed,irregular/compound paradigm patched manually; QA recommended
FR,retomber,Subjonctif,Subjonctif imparfait,tu,retombasses,10,reviewed,irregular/compound paradigm patched manually; QA recommended
FR,retomber,Subjonctif,Subjonctif imparfait,"il (elle, on)",retombât,10,reviewed,irregular/compound paradigm patched manually; QA recommended
FR,retomber,Subjonctif,Subjonctif imparfait,nous,retombassions,10,reviewed,irregular/compound paradigm patched manually; QA recommended
FR,retomber,Subjonctif,Subjonctif imparfait,vous,retombassiez,10,reviewed,irregular/compound paradigm patched manually; QA recommended
FR,retomber,Subjonctif,Subjonctif imparfait,ils (elles),retombassent,10,reviewed,irregular/compound paradigm patched manually; QA recommended
FR,recourir,Indicatif,Présent,je,recours,10,reviewed,irregular/compound paradigm patched manually; QA recommended
FR,recourir,Indicatif,Présent,tu,recours,10,reviewed,irregular/compound paradigm patched manually; QA recommended
FR,recourir,Indicatif,Présent,"il (elle, on)",recourt,10,reviewed,irregular/compound paradigm patched manually; QA recommended
FR,recourir,Indicatif,Présent,nous,recourons,10,reviewed,irregular/compound paradigm patched manually; QA recommended
FR,recourir,Indicatif,Présent,vous,recourez,10,reviewed,irregular/compound paradigm patched manually; QA recommended
FR,recourir,Indicatif,Présent,ils (elles),recourent,10,reviewed,irregular/compound paradigm patched manually; QA recommended
FR,recourir,Indicatif,Futur,je,recourrai,10,reviewed,irregular/compound paradigm patched manually; QA recommended
FR,recourir,Indicatif,Futur,tu,recourras,10,reviewed,irregular/compound paradigm patched manually; QA recommended
FR,recourir,Indicatif,Futur,"il (elle, on)",recourra,10,reviewed,irregular/compound paradigm patched manually; QA recommended
FR,recourir,Indicatif,Futur,nous,recourrons,10,reviewed,irregular/compound paradigm patched manually; QA recommended
FR,recourir,Indicatif,Futur,vous,recourrez,10,reviewed,irregular/compound paradigm patched manually; QA recommended
FR,recourir,Indicatif,Futur,ils (elles),recourront,10,reviewed,irregular/compound paradigm patched manually; QA recommended
FR,recourir,Indicatif,Passé composé,je,ai recouru,10,reviewed,irregular/compound paradigm patched manually; QA recommended
FR,recourir,Indicatif,Passé composé,tu,as recouru,10,reviewed,irregular/compound paradigm patched manually; QA recommended
FR,recourir,Indicatif,Passé composé,"il (elle, on)",a recouru,10,reviewed,irregular/compound paradigm patched manually; QA recommended
FR,recourir,Indicatif,Passé composé,nous,avons recouru,10,reviewed,irregular/compound paradigm patched manually; QA recommended
FR,recourir,Indicatif,Passé composé,vous,avez recouru,10,reviewed,irregular/compound paradigm patched manually; QA recommended
FR,recourir,Indicatif,Passé composé,ils (elles),ont recouru,10,reviewed,irregular/compound paradigm patched manually; QA recommended
FR,recourir,Indicatif,Imparfait,je,recourais,10,reviewed,irregular/compound paradigm patched manually; QA recommended
FR,recourir,Indicatif,Imparfait,tu,recourais,10,reviewed,irregular/compound paradigm patched manually; QA recommended
FR,recourir,Indicatif,Imparfait,"il (elle, on)",recourait,10,reviewed,irregular/compound paradigm patched manually; QA recommended
FR,recourir,Indicatif,Imparfait,nous,recourions,10,reviewed,irregular/compound paradigm patched manually; QA recommended
FR,recourir,Indicatif,Imparfait,vous,recouriez,10,reviewed,irregular/compound paradigm patched manually; QA recommended
FR,recourir,Indicatif,Imparfait,ils (elles),recouraient,10,reviewed,irregular/compound paradigm patched manually; QA recommended
FR,recourir,Conditionnel,Conditionnel présent,je,recourrais,10,reviewed,irregular/compound paradigm patched manually; QA recommended
FR,recourir,Conditionnel,Conditionnel présent,tu,recourrais,10,reviewed,irregular/compound paradigm patched manually; QA recommended
FR,recourir,Conditionnel,Conditionnel présent,"il (elle, on)",recourrait,10,reviewed,irregular/compound paradigm patched manually; QA recommended
FR,recourir,Conditionnel,Conditionnel présent,nous,recourrions,10,reviewed,irregular/compound paradigm patched manually; QA recommended
FR,recourir,Conditionnel,Conditionnel présent,vous,recourriez,10,reviewed,irregular/compound paradigm patched manually; QA recommended
FR,recourir,Conditionnel,Conditionnel présent,ils (elles),recourraient,10,reviewed,irregular/compound paradigm patched manually; QA recommended
FR,recourir,Impératif,Impératif,je,-,10,reviewed,irregular/compound paradigm patched manually; QA recommended; French imperative only uses tu / nous / vous; placeholder - used for unsupported slot
FR,recourir,Impératif,Impératif,tu,recours,10,reviewed,irregular/compound paradigm patched manually; QA recommended
FR,recourir,Impératif,Impératif,"il (elle, on)",-,10,reviewed,irregular/compound paradigm patched manually; QA recommended; French imperative only uses tu / nous / vous; placeholder - used for unsupported slot
FR,recourir,Impératif,Impératif,nous,recourons,10,reviewed,irregular/compound paradigm patched manually; QA recommended
FR,recourir,Impératif,Impératif,vous,recourez,10,reviewed,irregular/compound paradigm patched manually; QA recommended
FR,recourir,Impératif,Impératif,ils (elles),-,10,reviewed,irregular/compound paradigm patched manually; QA recommended; French imperative only uses tu / nous / vous; placeholder - used for unsupported slot
FR,recourir,Subjonctif,Subjonctif présent,je,recoure,10,reviewed,irregular/compound paradigm patched manually; QA recommended
FR,recourir,Subjonctif,Subjonctif présent,tu,recoures,10,reviewed,irregular/compound paradigm patched manually; QA recommended
FR,recourir,Subjonctif,Subjonctif présent,"il (elle, on)",recoure,10,reviewed,irregular/compound paradigm patched manually; QA recommended
FR,recourir,Subjonctif,Subjonctif présent,nous,recourions,10,reviewed,irregular/compound paradigm patched manually; QA recommended
FR,recourir,Subjonctif,Subjonctif présent,vous,recouriez,10,reviewed,irregular/compound paradigm patched manually; QA recommended
FR,recourir,Subjonctif,Subjonctif présent,ils (elles),recourent,10,reviewed,irregular/compound paradigm patched manually; QA recommended
FR,recourir,Indicatif,Passé Simple,je,recourus,10,reviewed,irregular/compound paradigm patched manually; QA recommended
FR,recourir,Indicatif,Passé Simple,tu,recourus,10,reviewed,irregular/compound paradigm patched manually; QA recommended
FR,recourir,Indicatif,Passé Simple,"il (elle, on)",recourut,10,reviewed,irregular/compound paradigm patched manually; QA recommended
FR,recourir,Indicatif,Passé Simple,nous,recourûmes,10,reviewed,irregular/compound paradigm patched manually; QA recommended
FR,recourir,Indicatif,Passé Simple,vous,recourûtes,10,reviewed,irregular/compound paradigm patched manually; QA recommended
FR,recourir,Indicatif,Passé Simple,ils (elles),recoururent,10,reviewed,irregular/compound paradigm patched manually; QA recommended
FR,recourir,Subjonctif,Subjonctif imparfait,je,recourusse,10,reviewed,irregular/compound paradigm patched manually; QA recommended
FR,recourir,Subjonctif,Subjonctif imparfait,tu,recourusses,10,reviewed,irregular/compound paradigm patched manually; QA recommended
FR,recourir,Subjonctif,Subjonctif imparfait,"il (elle, on)",recourût,10,reviewed,irregular/compound paradigm patched manually; QA recommended
FR,recourir,Subjonctif,Subjonctif imparfait,nous,recourussions,10,reviewed,irregular/compound paradigm patched manually; QA recommended
FR,recourir,Subjonctif,Subjonctif imparfait,vous,recourussiez,10,reviewed,irregular/compound paradigm patched manually; QA recommended
FR,recourir,Subjonctif,Subjonctif imparfait,ils (elles),recourussent,10,reviewed,irregular/compound paradigm patched manually; QA recommended
FR,pratiquer,Indicatif,Présent,je,pratique,10,reviewed,repo-local legacy seed normalized into curated contract; QA recommended
FR,pratiquer,Indicatif,Présent,tu,pratiques,10,reviewed,repo-local legacy seed normalized into curated contract; QA recommended
FR,pratiquer,Indicatif,Présent,"il (elle, on)",pratique,10,reviewed,repo-local legacy seed normalized into curated contract; QA recommended
FR,pratiquer,Indicatif,Présent,nous,pratiquons,10,reviewed,repo-local legacy seed normalized into curated contract; QA recommended
FR,pratiquer,Indicatif,Présent,vous,pratiquez,10,reviewed,repo-local legacy seed normalized into curated contract; QA recommended
FR,pratiquer,Indicatif,Présent,ils (elles),pratiquent,10,reviewed,repo-local legacy seed normalized into curated contract; QA recommended
FR,pratiquer,Indicatif,Futur,je,pratiquerai,10,reviewed,repo-local legacy seed normalized into curated contract; QA recommended
FR,pratiquer,Indicatif,Futur,tu,pratiqueras,10,reviewed,repo-local legacy seed normalized into curated contract; QA recommended
FR,pratiquer,Indicatif,Futur,"il (elle, on)",pratiquera,10,reviewed,repo-local legacy seed normalized into curated contract; QA recommended
FR,pratiquer,Indicatif,Futur,nous,pratiquerons,10,reviewed,repo-local legacy seed normalized into curated contract; QA recommended
FR,pratiquer,Indicatif,Futur,vous,pratiquerez,10,reviewed,repo-local legacy seed normalized into curated contract; QA recommended
FR,pratiquer,Indicatif,Futur,ils (elles),pratiqueront,10,reviewed,repo-local legacy seed normalized into curated contract; QA recommended
FR,pratiquer,Indicatif,Passé composé,je,ai pratiqué,10,reviewed,repo-local legacy seed normalized into curated contract; QA recommended
FR,pratiquer,Indicatif,Passé composé,tu,as pratiqué,10,reviewed,repo-local legacy seed normalized into curated contract; QA recommended
FR,pratiquer,Indicatif,Passé composé,"il (elle, on)",a pratiqué,10,reviewed,repo-local legacy seed normalized into curated contract; QA recommended
FR,pratiquer,Indicatif,Passé composé,nous,avons pratiqué,10,reviewed,repo-local legacy seed normalized into curated contract; QA recommended
FR,pratiquer,Indicatif,Passé composé,vous,avez pratiqué,10,reviewed,repo-local legacy seed normalized into curated contract; QA recommended
FR,pratiquer,Indicatif,Passé composé,ils (elles),ont pratiqué,10,reviewed,repo-local legacy seed normalized into curated contract; QA recommended
FR,pratiquer,Indicatif,Imparfait,je,pratiquais,10,reviewed,repo-local legacy seed normalized into curated contract; QA recommended
FR,pratiquer,Indicatif,Imparfait,tu,pratiquais,10,reviewed,repo-local legacy seed normalized into curated contract; QA recommended
FR,pratiquer,Indicatif,Imparfait,"il (elle, on)",pratiquait,10,reviewed,repo-local legacy seed normalized into curated contract; QA recommended
FR,pratiquer,Indicatif,Imparfait,nous,pratiquions,10,reviewed,repo-local legacy seed normalized into curated contract; QA recommended
FR,pratiquer,Indicatif,Imparfait,vous,pratiquiez,10,reviewed,repo-local legacy seed normalized into curated contract; QA recommended
FR,pratiquer,Indicatif,Imparfait,ils (elles),pratiquaient,10,reviewed,repo-local legacy seed normalized into curated contract; QA recommended
FR,pratiquer,Conditionnel,Conditionnel présent,je,pratiquerais,10,reviewed,repo-local legacy seed normalized into curated contract; QA recommended
FR,pratiquer,Conditionnel,Conditionnel présent,tu,pratiquerais,10,reviewed,repo-local legacy seed normalized into curated contract; QA recommended
FR,pratiquer,Conditionnel,Conditionnel présent,"il (elle, on)",pratiquerait,10,reviewed,repo-local legacy seed normalized into curated contract; QA recommended
FR,pratiquer,Conditionnel,Conditionnel présent,nous,pratiquerions,10,reviewed,repo-local legacy seed normalized into curated contract; QA recommended
FR,pratiquer,Conditionnel,Conditionnel présent,vous,pratiqueriez,10,reviewed,repo-local legacy seed normalized into curated contract; QA recommended
FR,pratiquer,Conditionnel,Conditionnel présent,ils (elles),pratiqueraient,10,reviewed,repo-local legacy seed normalized into curated contract; QA recommended
FR,pratiquer,Impératif,Impératif,je,-,10,reviewed,repo-local legacy seed normalized into curated contract; QA recommended; French imperative only uses tu / nous / vous; placeholder - used for unsupported slot
FR,pratiquer,Impératif,Impératif,tu,pratique,10,reviewed,repo-local legacy seed normalized into curated contract; QA recommended
FR,pratiquer,Impératif,Impératif,"il (elle, on)",-,10,reviewed,repo-local legacy seed normalized into curated contract; QA recommended; French imperative only uses tu / nous / vous; placeholder - used for unsupported slot
FR,pratiquer,Impératif,Impératif,nous,pratiquons,10,reviewed,repo-local legacy seed normalized into curated contract; QA recommended
FR,pratiquer,Impératif,Impératif,vous,pratiquez,10,reviewed,repo-local legacy seed normalized into curated contract; QA recommended
FR,pratiquer,Impératif,Impératif,ils (elles),-,10,reviewed,repo-local legacy seed normalized into curated contract; QA recommended; French imperative only uses tu / nous / vous; placeholder - used for unsupported slot
FR,pratiquer,Subjonctif,Subjonctif présent,je,pratique,10,reviewed,repo-local legacy seed normalized into curated contract; QA recommended
FR,pratiquer,Subjonctif,Subjonctif présent,tu,pratiques,10,reviewed,repo-local legacy seed normalized into curated contract; QA recommended
FR,pratiquer,Subjonctif,Subjonctif présent,"il (elle, on)",pratique,10,reviewed,repo-local legacy seed normalized into curated contract; QA recommended
FR,pratiquer,Subjonctif,Subjonctif présent,nous,pratiquions,10,reviewed,repo-local legacy seed normalized into curated contract; QA recommended
FR,pratiquer,Subjonctif,Subjonctif présent,vous,pratiquiez,10,reviewed,repo-local legacy seed normalized into curated contract; QA recommended
FR,pratiquer,Subjonctif,Subjonctif présent,ils (elles),pratiquent,10,reviewed,repo-local legacy seed normalized into curated contract; QA recommended
FR,pratiquer,Indicatif,Passé Simple,je,pratiquai,10,reviewed,repo-local legacy seed normalized into curated contract; QA recommended
FR,pratiquer,Indicatif,Passé Simple,tu,pratiquas,10,reviewed,repo-local legacy seed normalized into curated contract; QA recommended
FR,pratiquer,Indicatif,Passé Simple,"il (elle, on)",pratiqua,10,reviewed,repo-local legacy seed normalized into curated contract; QA recommended
FR,pratiquer,Indicatif,Passé Simple,nous,pratiquâmes,10,reviewed,repo-local legacy seed normalized into curated contract; QA recommended
FR,pratiquer,Indicatif,Passé Simple,vous,pratiquâtes,10,reviewed,repo-local legacy seed normalized into curated contract; QA recommended
FR,pratiquer,Indicatif,Passé Simple,ils (elles),pratiquèrent,10,reviewed,repo-local legacy seed normalized into curated contract; QA recommended
FR,pratiquer,Subjonctif,Subjonctif imparfait,je,pratiquasse,10,reviewed,repo-local legacy seed normalized into curated contract; QA recommended
FR,pratiquer,Subjonctif,Subjonctif imparfait,tu,pratiquasses,10,reviewed,repo-local legacy seed normalized into curated contract; QA recommended
FR,pratiquer,Subjonctif,Subjonctif imparfait,"il (elle, on)",pratiquât,10,reviewed,repo-local legacy seed normalized into curated contract; QA recommended
FR,pratiquer,Subjonctif,Subjonctif imparfait,nous,pratiquassions,10,reviewed,repo-local legacy seed normalized into curated contract; QA recommended
FR,pratiquer,Subjonctif,Subjonctif imparfait,vous,pratiquassiez,10,reviewed,repo-local legacy seed normalized into curated contract; QA recommended
FR,pratiquer,Subjonctif,Subjonctif imparfait,ils (elles),pratiquassent,10,reviewed,repo-local legacy seed normalized into curated contract; QA recommended
FR,abattre,Indicatif,Présent,je,abats,10,reviewed,irregular/compound paradigm patched manually; QA recommended
FR,abattre,Indicatif,Présent,tu,abats,10,reviewed,irregular/compound paradigm patched manually; QA recommended
FR,abattre,Indicatif,Présent,"il (elle, on)",abat,10,reviewed,irregular/compound paradigm patched manually; QA recommended
FR,abattre,Indicatif,Présent,nous,abattons,10,reviewed,irregular/compound paradigm patched manually; QA recommended
FR,abattre,Indicatif,Présent,vous,abattez,10,reviewed,irregular/compound paradigm patched manually; QA recommended
FR,abattre,Indicatif,Présent,ils (elles),abattent,10,reviewed,irregular/compound paradigm patched manually; QA recommended
FR,abattre,Indicatif,Futur,je,abattrai,10,reviewed,irregular/compound paradigm patched manually; QA recommended
FR,abattre,Indicatif,Futur,tu,abattras,10,reviewed,irregular/compound paradigm patched manually; QA recommended
FR,abattre,Indicatif,Futur,"il (elle, on)",abattra,10,reviewed,irregular/compound paradigm patched manually; QA recommended
FR,abattre,Indicatif,Futur,nous,abattrons,10,reviewed,irregular/compound paradigm patched manually; QA recommended
FR,abattre,Indicatif,Futur,vous,abattrez,10,reviewed,irregular/compound paradigm patched manually; QA recommended
FR,abattre,Indicatif,Futur,ils (elles),abattront,10,reviewed,irregular/compound paradigm patched manually; QA recommended
FR,abattre,Indicatif,Passé composé,je,ai abattu,10,reviewed,irregular/compound paradigm patched manually; QA recommended
FR,abattre,Indicatif,Passé composé,tu,as abattu,10,reviewed,irregular/compound paradigm patched manually; QA recommended
FR,abattre,Indicatif,Passé composé,"il (elle, on)",a abattu,10,reviewed,irregular/compound paradigm patched manually; QA recommended
FR,abattre,Indicatif,Passé composé,nous,avons abattu,10,reviewed,irregular/compound paradigm patched manually; QA recommended
FR,abattre,Indicatif,Passé composé,vous,avez abattu,10,reviewed,irregular/compound paradigm patched manually; QA recommended
FR,abattre,Indicatif,Passé composé,ils (elles),ont abattu,10,reviewed,irregular/compound paradigm patched manually; QA recommended
FR,abattre,Indicatif,Imparfait,je,abattais,10,reviewed,irregular/compound paradigm patched manually; QA recommended
FR,abattre,Indicatif,Imparfait,tu,abattais,10,reviewed,irregular/compound paradigm patched manually; QA recommended
FR,abattre,Indicatif,Imparfait,"il (elle, on)",abattait,10,reviewed,irregular/compound paradigm patched manually; QA recommended
FR,abattre,Indicatif,Imparfait,nous,abattions,10,reviewed,irregular/compound paradigm patched manually; QA recommended
FR,abattre,Indicatif,Imparfait,vous,abattiez,10,reviewed,irregular/compound paradigm patched manually; QA recommended
FR,abattre,Indicatif,Imparfait,ils (elles),abattaient,10,reviewed,irregular/compound paradigm patched manually; QA recommended
FR,abattre,Conditionnel,Conditionnel présent,je,abattrais,10,reviewed,irregular/compound paradigm patched manually; QA recommended
FR,abattre,Conditionnel,Conditionnel présent,tu,abattrais,10,reviewed,irregular/compound paradigm patched manually; QA recommended
FR,abattre,Conditionnel,Conditionnel présent,"il (elle, on)",abattrait,10,reviewed,irregular/compound paradigm patched manually; QA recommended
FR,abattre,Conditionnel,Conditionnel présent,nous,abattrions,10,reviewed,irregular/compound paradigm patched manually; QA recommended
FR,abattre,Conditionnel,Conditionnel présent,vous,abattriez,10,reviewed,irregular/compound paradigm patched manually; QA recommended
FR,abattre,Conditionnel,Conditionnel présent,ils (elles),abattraient,10,reviewed,irregular/compound paradigm patched manually; QA recommended
FR,abattre,Impératif,Impératif,je,-,10,reviewed,irregular/compound paradigm patched manually; QA recommended; French imperative only uses tu / nous / vous; placeholder - used for unsupported slot
FR,abattre,Impératif,Impératif,tu,abats,10,reviewed,irregular/compound paradigm patched manually; QA recommended
FR,abattre,Impératif,Impératif,"il (elle, on)",-,10,reviewed,irregular/compound paradigm patched manually; QA recommended; French imperative only uses tu / nous / vous; placeholder - used for unsupported slot
FR,abattre,Impératif,Impératif,nous,abattons,10,reviewed,irregular/compound paradigm patched manually; QA recommended
FR,abattre,Impératif,Impératif,vous,abattez,10,reviewed,irregular/compound paradigm patched manually; QA recommended
FR,abattre,Impératif,Impératif,ils (elles),-,10,reviewed,irregular/compound paradigm patched manually; QA recommended; French imperative only uses tu / nous / vous; placeholder - used for unsupported slot
FR,abattre,Subjonctif,Subjonctif présent,je,abatte,10,reviewed,irregular/compound paradigm patched manually; QA recommended
FR,abattre,Subjonctif,Subjonctif présent,tu,abattes,10,reviewed,irregular/compound paradigm patched manually; QA recommended
FR,abattre,Subjonctif,Subjonctif présent,"il (elle, on)",abatte,10,reviewed,irregular/compound paradigm patched manually; QA recommended
FR,abattre,Subjonctif,Subjonctif présent,nous,abattions,10,reviewed,irregular/compound paradigm patched manually; QA recommended
FR,abattre,Subjonctif,Subjonctif présent,vous,abattiez,10,reviewed,irregular/compound paradigm patched manually; QA recommended
FR,abattre,Subjonctif,Subjonctif présent,ils (elles),abattent,10,reviewed,irregular/compound paradigm patched manually; QA recommended
FR,abattre,Indicatif,Passé Simple,je,abattis,10,reviewed,irregular/compound paradigm patched manually; QA recommended
FR,abattre,Indicatif,Passé Simple,tu,abattis,10,reviewed,irregular/compound paradigm patched manually; QA recommended
FR,abattre,Indicatif,Passé Simple,"il (elle, on)",abattit,10,reviewed,irregular/compound paradigm patched manually; QA recommended
FR,abattre,Indicatif,Passé Simple,nous,abattîmes,10,reviewed,irregular/compound paradigm patched manually; QA recommended
FR,abattre,Indicatif,Passé Simple,vous,abattîtes,10,reviewed,irregular/compound paradigm patched manually; QA recommended
FR,abattre,Indicatif,Passé Simple,ils (elles),abattirent,10,reviewed,irregular/compound paradigm patched manually; QA recommended
FR,abattre,Subjonctif,Subjonctif imparfait,je,abattisse,10,reviewed,irregular/compound paradigm patched manually; QA recommended
FR,abattre,Subjonctif,Subjonctif imparfait,tu,abattisses,10,reviewed,irregular/compound paradigm patched manually; QA recommended
FR,abattre,Subjonctif,Subjonctif imparfait,"il (elle, on)",abattît,10,reviewed,irregular/compound paradigm patched manually; QA recommended
FR,abattre,Subjonctif,Subjonctif imparfait,nous,abattissions,10,reviewed,irregular/compound paradigm patched manually; QA recommended
FR,abattre,Subjonctif,Subjonctif imparfait,vous,abattissiez,10,reviewed,irregular/compound paradigm patched manually; QA recommended
FR,abattre,Subjonctif,Subjonctif imparfait,ils (elles),abattissent,10,reviewed,irregular/compound paradigm patched manually; QA recommended
FR,baisser,Indicatif,Présent,je,baisse,10,reviewed,repo-local legacy seed normalized into curated contract; QA recommended
FR,baisser,Indicatif,Présent,tu,baisses,10,reviewed,repo-local legacy seed normalized into curated contract; QA recommended
FR,baisser,Indicatif,Présent,"il (elle, on)",baisse,10,reviewed,repo-local legacy seed normalized into curated contract; QA recommended
FR,baisser,Indicatif,Présent,nous,baissons,10,reviewed,repo-local legacy seed normalized into curated contract; QA recommended
FR,baisser,Indicatif,Présent,vous,baissez,10,reviewed,repo-local legacy seed normalized into curated contract; QA recommended
FR,baisser,Indicatif,Présent,ils (elles),baissent,10,reviewed,repo-local legacy seed normalized into curated contract; QA recommended
FR,baisser,Indicatif,Futur,je,baisserai,10,reviewed,repo-local legacy seed normalized into curated contract; QA recommended
FR,baisser,Indicatif,Futur,tu,baisseras,10,reviewed,repo-local legacy seed normalized into curated contract; QA recommended
FR,baisser,Indicatif,Futur,"il (elle, on)",baissera,10,reviewed,repo-local legacy seed normalized into curated contract; QA recommended
FR,baisser,Indicatif,Futur,nous,baisserons,10,reviewed,repo-local legacy seed normalized into curated contract; QA recommended
FR,baisser,Indicatif,Futur,vous,baisserez,10,reviewed,repo-local legacy seed normalized into curated contract; QA recommended
FR,baisser,Indicatif,Futur,ils (elles),baisseront,10,reviewed,repo-local legacy seed normalized into curated contract; QA recommended
FR,baisser,Indicatif,Passé composé,je,ai baissé,10,reviewed,repo-local legacy seed normalized into curated contract; QA recommended
FR,baisser,Indicatif,Passé composé,tu,as baissé,10,reviewed,repo-local legacy seed normalized into curated contract; QA recommended
FR,baisser,Indicatif,Passé composé,"il (elle, on)",a baissé,10,reviewed,repo-local legacy seed normalized into curated contract; QA recommended
FR,baisser,Indicatif,Passé composé,nous,avons baissé,10,reviewed,repo-local legacy seed normalized into curated contract; QA recommended
FR,baisser,Indicatif,Passé composé,vous,avez baissé,10,reviewed,repo-local legacy seed normalized into curated contract; QA recommended
FR,baisser,Indicatif,Passé composé,ils (elles),ont baissé,10,reviewed,repo-local legacy seed normalized into curated contract; QA recommended
FR,baisser,Indicatif,Imparfait,je,baissais,10,reviewed,repo-local legacy seed normalized into curated contract; QA recommended
FR,baisser,Indicatif,Imparfait,tu,baissais,10,reviewed,repo-local legacy seed normalized into curated contract; QA recommended
FR,baisser,Indicatif,Imparfait,"il (elle, on)",baissait,10,reviewed,repo-local legacy seed normalized into curated contract; QA recommended
FR,baisser,Indicatif,Imparfait,nous,baissions,10,reviewed,repo-local legacy seed normalized into curated contract; QA recommended
FR,baisser,Indicatif,Imparfait,vous,baissiez,10,reviewed,repo-local legacy seed normalized into curated contract; QA recommended
FR,baisser,Indicatif,Imparfait,ils (elles),baissaient,10,reviewed,repo-local legacy seed normalized into curated contract; QA recommended
FR,baisser,Conditionnel,Conditionnel présent,je,baisserais,10,reviewed,repo-local legacy seed normalized into curated contract; QA recommended
FR,baisser,Conditionnel,Conditionnel présent,tu,baisserais,10,reviewed,repo-local legacy seed normalized into curated contract; QA recommended
FR,baisser,Conditionnel,Conditionnel présent,"il (elle, on)",baisserait,10,reviewed,repo-local legacy seed normalized into curated contract; QA recommended
FR,baisser,Conditionnel,Conditionnel présent,nous,baisserions,10,reviewed,repo-local legacy seed normalized into curated contract; QA recommended
FR,baisser,Conditionnel,Conditionnel présent,vous,baisseriez,10,reviewed,repo-local legacy seed normalized into curated contract; QA recommended
FR,baisser,Conditionnel,Conditionnel présent,ils (elles),baisseraient,10,reviewed,repo-local legacy seed normalized into curated contract; QA recommended
FR,baisser,Impératif,Impératif,je,-,10,reviewed,repo-local legacy seed normalized into curated contract; QA recommended; French imperative only uses tu / nous / vous; placeholder - used for unsupported slot
FR,baisser,Impératif,Impératif,tu,baisse,10,reviewed,repo-local legacy seed normalized into curated contract; QA recommended
FR,baisser,Impératif,Impératif,"il (elle, on)",-,10,reviewed,repo-local legacy seed normalized into curated contract; QA recommended; French imperative only uses tu / nous / vous; placeholder - used for unsupported slot
FR,baisser,Impératif,Impératif,nous,baissons,10,reviewed,repo-local legacy seed normalized into curated contract; QA recommended
FR,baisser,Impératif,Impératif,vous,baissez,10,reviewed,repo-local legacy seed normalized into curated contract; QA recommended
FR,baisser,Impératif,Impératif,ils (elles),-,10,reviewed,repo-local legacy seed normalized into curated contract; QA recommended; French imperative only uses tu / nous / vous; placeholder - used for unsupported slot
FR,baisser,Subjonctif,Subjonctif présent,je,baisse,10,reviewed,repo-local legacy seed normalized into curated contract; QA recommended
FR,baisser,Subjonctif,Subjonctif présent,tu,baisses,10,reviewed,repo-local legacy seed normalized into curated contract; QA recommended
FR,baisser,Subjonctif,Subjonctif présent,"il (elle, on)",baisse,10,reviewed,repo-local legacy seed normalized into curated contract; QA recommended
FR,baisser,Subjonctif,Subjonctif présent,nous,baissions,10,reviewed,repo-local legacy seed normalized into curated contract; QA recommended
FR,baisser,Subjonctif,Subjonctif présent,vous,baissiez,10,reviewed,repo-local legacy seed normalized into curated contract; QA recommended
FR,baisser,Subjonctif,Subjonctif présent,ils (elles),baissent,10,reviewed,repo-local legacy seed normalized into curated contract; QA recommended
FR,baisser,Indicatif,Passé Simple,je,baissai,10,reviewed,repo-local legacy seed normalized into curated contract; QA recommended
FR,baisser,Indicatif,Passé Simple,tu,baissas,10,reviewed,repo-local legacy seed normalized into curated contract; QA recommended
FR,baisser,Indicatif,Passé Simple,"il (elle, on)",baissa,10,reviewed,repo-local legacy seed normalized into curated contract; QA recommended
FR,baisser,Indicatif,Passé Simple,nous,baissâmes,10,reviewed,repo-local legacy seed normalized into curated contract; QA recommended
FR,baisser,Indicatif,Passé Simple,vous,baissâtes,10,reviewed,repo-local legacy seed normalized into curated contract; QA recommended
FR,baisser,Indicatif,Passé Simple,ils (elles),baissèrent,10,reviewed,repo-local legacy seed normalized into curated contract; QA recommended
FR,baisser,Subjonctif,Subjonctif imparfait,je,baissasse,10,reviewed,repo-local legacy seed normalized into curated contract; QA recommended
FR,baisser,Subjonctif,Subjonctif imparfait,tu,baissasses,10,reviewed,repo-local legacy seed normalized into curated contract; QA recommended
FR,baisser,Subjonctif,Subjonctif imparfait,"il (elle, on)",baissât,10,reviewed,repo-local legacy seed normalized into curated contract; QA recommended
FR,baisser,Subjonctif,Subjonctif imparfait,nous,baissassions,10,reviewed,repo-local legacy seed normalized into curated contract; QA recommended
FR,baisser,Subjonctif,Subjonctif imparfait,vous,baissassiez,10,reviewed,repo-local legacy seed normalized into curated contract; QA recommended
FR,baisser,Subjonctif,Subjonctif imparfait,ils (elles),baissassent,10,reviewed,repo-local legacy seed normalized into curated contract; QA recommended
FR,bénéficier,Indicatif,Présent,je,bénéficie,10,reviewed,repo-local legacy seed normalized into curated contract; QA recommended
FR,bénéficier,Indicatif,Présent,tu,bénéficies,10,reviewed,repo-local legacy seed normalized into curated contract; QA recommended
FR,bénéficier,Indicatif,Présent,"il (elle, on)",bénéficie,10,reviewed,repo-local legacy seed normalized into curated contract; QA recommended
FR,bénéficier,Indicatif,Présent,nous,bénéficions,10,reviewed,repo-local legacy seed normalized into curated contract; QA recommended
FR,bénéficier,Indicatif,Présent,vous,bénéficiez,10,reviewed,repo-local legacy seed normalized into curated contract; QA recommended
FR,bénéficier,Indicatif,Présent,ils (elles),bénéficient,10,reviewed,repo-local legacy seed normalized into curated contract; QA recommended
FR,bénéficier,Indicatif,Futur,je,bénéficierai,10,reviewed,repo-local legacy seed normalized into curated contract; QA recommended
FR,bénéficier,Indicatif,Futur,tu,bénéficieras,10,reviewed,repo-local legacy seed normalized into curated contract; QA recommended
FR,bénéficier,Indicatif,Futur,"il (elle, on)",bénéficiera,10,reviewed,repo-local legacy seed normalized into curated contract; QA recommended
FR,bénéficier,Indicatif,Futur,nous,bénéficierons,10,reviewed,repo-local legacy seed normalized into curated contract; QA recommended
FR,bénéficier,Indicatif,Futur,vous,bénéficierez,10,reviewed,repo-local legacy seed normalized into curated contract; QA recommended
FR,bénéficier,Indicatif,Futur,ils (elles),bénéficieront,10,reviewed,repo-local legacy seed normalized into curated contract; QA recommended
FR,bénéficier,Indicatif,Passé composé,je,ai bénéficié,10,reviewed,repo-local legacy seed normalized into curated contract; QA recommended
FR,bénéficier,Indicatif,Passé composé,tu,as bénéficié,10,reviewed,repo-local legacy seed normalized into curated contract; QA recommended
FR,bénéficier,Indicatif,Passé composé,"il (elle, on)",a bénéficié,10,reviewed,repo-local legacy seed normalized into curated contract; QA recommended
FR,bénéficier,Indicatif,Passé composé,nous,avons bénéficié,10,reviewed,repo-local legacy seed normalized into curated contract; QA recommended
FR,bénéficier,Indicatif,Passé composé,vous,avez bénéficié,10,reviewed,repo-local legacy seed normalized into curated contract; QA recommended
FR,bénéficier,Indicatif,Passé composé,ils (elles),ont bénéficié,10,reviewed,repo-local legacy seed normalized into curated contract; QA recommended
FR,bénéficier,Indicatif,Imparfait,je,bénéficiais,10,reviewed,repo-local legacy seed normalized into curated contract; QA recommended
FR,bénéficier,Indicatif,Imparfait,tu,bénéficiais,10,reviewed,repo-local legacy seed normalized into curated contract; QA recommended
FR,bénéficier,Indicatif,Imparfait,"il (elle, on)",bénéficiait,10,reviewed,repo-local legacy seed normalized into curated contract; QA recommended
FR,bénéficier,Indicatif,Imparfait,nous,bénéficiions,10,reviewed,repo-local legacy seed normalized into curated contract; QA recommended
FR,bénéficier,Indicatif,Imparfait,vous,bénéficiiez,10,reviewed,repo-local legacy seed normalized into curated contract; QA recommended
FR,bénéficier,Indicatif,Imparfait,ils (elles),bénéficiaient,10,reviewed,repo-local legacy seed normalized into curated contract; QA recommended
FR,bénéficier,Conditionnel,Conditionnel présent,je,bénéficierais,10,reviewed,repo-local legacy seed normalized into curated contract; QA recommended
FR,bénéficier,Conditionnel,Conditionnel présent,tu,bénéficierais,10,reviewed,repo-local legacy seed normalized into curated contract; QA recommended
FR,bénéficier,Conditionnel,Conditionnel présent,"il (elle, on)",bénéficierait,10,reviewed,repo-local legacy seed normalized into curated contract; QA recommended
FR,bénéficier,Conditionnel,Conditionnel présent,nous,bénéficierions,10,reviewed,repo-local legacy seed normalized into curated contract; QA recommended
FR,bénéficier,Conditionnel,Conditionnel présent,vous,bénéficieriez,10,reviewed,repo-local legacy seed normalized into curated contract; QA recommended
FR,bénéficier,Conditionnel,Conditionnel présent,ils (elles),bénéficieraient,10,reviewed,repo-local legacy seed normalized into curated contract; QA recommended
FR,bénéficier,Impératif,Impératif,je,-,10,reviewed,repo-local legacy seed normalized into curated contract; QA recommended; French imperative only uses tu / nous / vous; placeholder - used for unsupported slot
FR,bénéficier,Impératif,Impératif,tu,bénéficie,10,reviewed,repo-local legacy seed normalized into curated contract; QA recommended
FR,bénéficier,Impératif,Impératif,"il (elle, on)",-,10,reviewed,repo-local legacy seed normalized into curated contract; QA recommended; French imperative only uses tu / nous / vous; placeholder - used for unsupported slot
FR,bénéficier,Impératif,Impératif,nous,bénéficions,10,reviewed,repo-local legacy seed normalized into curated contract; QA recommended
FR,bénéficier,Impératif,Impératif,vous,bénéficiez,10,reviewed,repo-local legacy seed normalized into curated contract; QA recommended
FR,bénéficier,Impératif,Impératif,ils (elles),-,10,reviewed,repo-local legacy seed normalized into curated contract; QA recommended; French imperative only uses tu / nous / vous; placeholder - used for unsupported slot
FR,bénéficier,Subjonctif,Subjonctif présent,je,bénéficie,10,reviewed,repo-local legacy seed normalized into curated contract; QA recommended
FR,bénéficier,Subjonctif,Subjonctif présent,tu,bénéficies,10,reviewed,repo-local legacy seed normalized into curated contract; QA recommended
FR,bénéficier,Subjonctif,Subjonctif présent,"il (elle, on)",bénéficie,10,reviewed,repo-local legacy seed normalized into curated contract; QA recommended
FR,bénéficier,Subjonctif,Subjonctif présent,nous,bénéficiions,10,reviewed,repo-local legacy seed normalized into curated contract; QA recommended
FR,bénéficier,Subjonctif,Subjonctif présent,vous,bénéficiiez,10,reviewed,repo-local legacy seed normalized into curated contract; QA recommended
FR,bénéficier,Subjonctif,Subjonctif présent,ils (elles),bénéficient,10,reviewed,repo-local legacy seed normalized into curated contract; QA recommended
FR,bénéficier,Indicatif,Passé Simple,je,bénéficiai,10,reviewed,repo-local legacy seed normalized into curated contract; QA recommended
FR,bénéficier,Indicatif,Passé Simple,tu,bénéficias,10,reviewed,repo-local legacy seed normalized into curated contract; QA recommended
FR,bénéficier,Indicatif,Passé Simple,"il (elle, on)",bénéficia,10,reviewed,repo-local legacy seed normalized into curated contract; QA recommended
FR,bénéficier,Indicatif,Passé Simple,nous,bénéficiâmes,10,reviewed,repo-local legacy seed normalized into curated contract; QA recommended
FR,bénéficier,Indicatif,Passé Simple,vous,bénéficiâtes,10,reviewed,repo-local legacy seed normalized into curated contract; QA recommended
FR,bénéficier,Indicatif,Passé Simple,ils (elles),bénéficièrent,10,reviewed,repo-local legacy seed normalized into curated contract; QA recommended
FR,bénéficier,Subjonctif,Subjonctif imparfait,je,bénéficiasse,10,reviewed,repo-local legacy seed normalized into curated contract; QA recommended
FR,bénéficier,Subjonctif,Subjonctif imparfait,tu,bénéficiasses,10,reviewed,repo-local legacy seed normalized into curated contract; QA recommended
FR,bénéficier,Subjonctif,Subjonctif imparfait,"il (elle, on)",bénéficiât,10,reviewed,repo-local legacy seed normalized into curated contract; QA recommended
FR,bénéficier,Subjonctif,Subjonctif imparfait,nous,bénéficiassions,10,reviewed,repo-local legacy seed normalized into curated contract; QA recommended
FR,bénéficier,Subjonctif,Subjonctif imparfait,vous,bénéficiassiez,10,reviewed,repo-local legacy seed normalized into curated contract; QA recommended
FR,bénéficier,Subjonctif,Subjonctif imparfait,ils (elles),bénéficiassent,10,reviewed,repo-local legacy seed normalized into curated contract; QA recommended
FR,fonder,Indicatif,Présent,je,fonde,10,reviewed,repo-local legacy seed normalized into curated contract; QA recommended
FR,fonder,Indicatif,Présent,tu,fondes,10,reviewed,repo-local legacy seed normalized into curated contract; QA recommended
FR,fonder,Indicatif,Présent,"il (elle, on)",fonde,10,reviewed,repo-local legacy seed normalized into curated contract; QA recommended
FR,fonder,Indicatif,Présent,nous,fondons,10,reviewed,repo-local legacy seed normalized into curated contract; QA recommended
FR,fonder,Indicatif,Présent,vous,fondez,10,reviewed,repo-local legacy seed normalized into curated contract; QA recommended
FR,fonder,Indicatif,Présent,ils (elles),fondent,10,reviewed,repo-local legacy seed normalized into curated contract; QA recommended
FR,fonder,Indicatif,Futur,je,fonderai,10,reviewed,repo-local legacy seed normalized into curated contract; QA recommended
FR,fonder,Indicatif,Futur,tu,fonderas,10,reviewed,repo-local legacy seed normalized into curated contract; QA recommended
FR,fonder,Indicatif,Futur,"il (elle, on)",fondera,10,reviewed,repo-local legacy seed normalized into curated contract; QA recommended
FR,fonder,Indicatif,Futur,nous,fonderons,10,reviewed,repo-local legacy seed normalized into curated contract; QA recommended
FR,fonder,Indicatif,Futur,vous,fonderez,10,reviewed,repo-local legacy seed normalized into curated contract; QA recommended
FR,fonder,Indicatif,Futur,ils (elles),fonderont,10,reviewed,repo-local legacy seed normalized into curated contract; QA recommended
FR,fonder,Indicatif,Passé composé,je,ai fondé,10,reviewed,repo-local legacy seed normalized into curated contract; QA recommended
FR,fonder,Indicatif,Passé composé,tu,as fondé,10,reviewed,repo-local legacy seed normalized into curated contract; QA recommended
FR,fonder,Indicatif,Passé composé,"il (elle, on)",a fondé,10,reviewed,repo-local legacy seed normalized into curated contract; QA recommended
FR,fonder,Indicatif,Passé composé,nous,avons fondé,10,reviewed,repo-local legacy seed normalized into curated contract; QA recommended
FR,fonder,Indicatif,Passé composé,vous,avez fondé,10,reviewed,repo-local legacy seed normalized into curated contract; QA recommended
FR,fonder,Indicatif,Passé composé,ils (elles),ont fondé,10,reviewed,repo-local legacy seed normalized into curated contract; QA recommended
FR,fonder,Indicatif,Imparfait,je,fondais,10,reviewed,repo-local legacy seed normalized into curated contract; QA recommended
FR,fonder,Indicatif,Imparfait,tu,fondais,10,reviewed,repo-local legacy seed normalized into curated contract; QA recommended
FR,fonder,Indicatif,Imparfait,"il (elle, on)",fondait,10,reviewed,repo-local legacy seed normalized into curated contract; QA recommended
FR,fonder,Indicatif,Imparfait,nous,fondions,10,reviewed,repo-local legacy seed normalized into curated contract; QA recommended
FR,fonder,Indicatif,Imparfait,vous,fondiez,10,reviewed,repo-local legacy seed normalized into curated contract; QA recommended
FR,fonder,Indicatif,Imparfait,ils (elles),fondaient,10,reviewed,repo-local legacy seed normalized into curated contract; QA recommended
FR,fonder,Conditionnel,Conditionnel présent,je,fonderais,10,reviewed,repo-local legacy seed normalized into curated contract; QA recommended
FR,fonder,Conditionnel,Conditionnel présent,tu,fonderais,10,reviewed,repo-local legacy seed normalized into curated contract; QA recommended
FR,fonder,Conditionnel,Conditionnel présent,"il (elle, on)",fonderait,10,reviewed,repo-local legacy seed normalized into curated contract; QA recommended
FR,fonder,Conditionnel,Conditionnel présent,nous,fonderions,10,reviewed,repo-local legacy seed normalized into curated contract; QA recommended
FR,fonder,Conditionnel,Conditionnel présent,vous,fonderiez,10,reviewed,repo-local legacy seed normalized into curated contract; QA recommended
FR,fonder,Conditionnel,Conditionnel présent,ils (elles),fonderaient,10,reviewed,repo-local legacy seed normalized into curated contract; QA recommended
FR,fonder,Impératif,Impératif,je,-,10,reviewed,repo-local legacy seed normalized into curated contract; QA recommended; French imperative only uses tu / nous / vous; placeholder - used for unsupported slot
FR,fonder,Impératif,Impératif,tu,fonde,10,reviewed,repo-local legacy seed normalized into curated contract; QA recommended
FR,fonder,Impératif,Impératif,"il (elle, on)",-,10,reviewed,repo-local legacy seed normalized into curated contract; QA recommended; French imperative only uses tu / nous / vous; placeholder - used for unsupported slot
FR,fonder,Impératif,Impératif,nous,fondons,10,reviewed,repo-local legacy seed normalized into curated contract; QA recommended
FR,fonder,Impératif,Impératif,vous,fondez,10,reviewed,repo-local legacy seed normalized into curated contract; QA recommended
FR,fonder,Impératif,Impératif,ils (elles),-,10,reviewed,repo-local legacy seed normalized into curated contract; QA recommended; French imperative only uses tu / nous / vous; placeholder - used for unsupported slot
FR,fonder,Subjonctif,Subjonctif présent,je,fonde,10,reviewed,repo-local legacy seed normalized into curated contract; QA recommended
FR,fonder,Subjonctif,Subjonctif présent,tu,fondes,10,reviewed,repo-local legacy seed normalized into curated contract; QA recommended
FR,fonder,Subjonctif,Subjonctif présent,"il (elle, on)",fonde,10,reviewed,repo-local legacy seed normalized into curated contract; QA recommended
FR,fonder,Subjonctif,Subjonctif présent,nous,fondions,10,reviewed,repo-local legacy seed normalized into curated contract; QA recommended
FR,fonder,Subjonctif,Subjonctif présent,vous,fondiez,10,reviewed,repo-local legacy seed normalized into curated contract; QA recommended
FR,fonder,Subjonctif,Subjonctif présent,ils (elles),fondent,10,reviewed,repo-local legacy seed normalized into curated contract; QA recommended
FR,fonder,Indicatif,Passé Simple,je,fondai,10,reviewed,repo-local legacy seed normalized into curated contract; QA recommended
FR,fonder,Indicatif,Passé Simple,tu,fondas,10,reviewed,repo-local legacy seed normalized into curated contract; QA recommended
FR,fonder,Indicatif,Passé Simple,"il (elle, on)",fonda,10,reviewed,repo-local legacy seed normalized into curated contract; QA recommended
FR,fonder,Indicatif,Passé Simple,nous,fondâmes,10,reviewed,repo-local legacy seed normalized into curated contract; QA recommended
FR,fonder,Indicatif,Passé Simple,vous,fondâtes,10,reviewed,repo-local legacy seed normalized into curated contract; QA recommended
FR,fonder,Indicatif,Passé Simple,ils (elles),fondèrent,10,reviewed,repo-local legacy seed normalized into curated contract; QA recommended
FR,fonder,Subjonctif,Subjonctif imparfait,je,fondasse,10,reviewed,repo-local legacy seed normalized into curated contract; QA recommended
FR,fonder,Subjonctif,Subjonctif imparfait,tu,fondasses,10,reviewed,repo-local legacy seed normalized into curated contract; QA recommended
FR,fonder,Subjonctif,Subjonctif imparfait,"il (elle, on)",fondât,10,reviewed,repo-local legacy seed normalized into curated contract; QA recommended
FR,fonder,Subjonctif,Subjonctif imparfait,nous,fondassions,10,reviewed,repo-local legacy seed normalized into curated contract; QA recommended
FR,fonder,Subjonctif,Subjonctif imparfait,vous,fondassiez,10,reviewed,repo-local legacy seed normalized into curated contract; QA recommended
FR,fonder,Subjonctif,Subjonctif imparfait,ils (elles),fondassent,10,reviewed,repo-local legacy seed normalized into curated contract; QA recommended
FR,exiger,Indicatif,Présent,je,exige,10,reviewed,repo-local legacy seed normalized into curated contract; QA recommended
FR,exiger,Indicatif,Présent,tu,exiges,10,reviewed,repo-local legacy seed normalized into curated contract; QA recommended
FR,exiger,Indicatif,Présent,"il (elle, on)",exige,10,reviewed,repo-local legacy seed normalized into curated contract; QA recommended
FR,exiger,Indicatif,Présent,nous,exigeons,10,reviewed,repo-local legacy seed normalized into curated contract; QA recommended
FR,exiger,Indicatif,Présent,vous,exigez,10,reviewed,repo-local legacy seed normalized into curated contract; QA recommended
FR,exiger,Indicatif,Présent,ils (elles),exigent,10,reviewed,repo-local legacy seed normalized into curated contract; QA recommended
FR,exiger,Indicatif,Futur,je,exigerai,10,reviewed,repo-local legacy seed normalized into curated contract; QA recommended
FR,exiger,Indicatif,Futur,tu,exigeras,10,reviewed,repo-local legacy seed normalized into curated contract; QA recommended
FR,exiger,Indicatif,Futur,"il (elle, on)",exigera,10,reviewed,repo-local legacy seed normalized into curated contract; QA recommended
FR,exiger,Indicatif,Futur,nous,exigerons,10,reviewed,repo-local legacy seed normalized into curated contract; QA recommended
FR,exiger,Indicatif,Futur,vous,exigerez,10,reviewed,repo-local legacy seed normalized into curated contract; QA recommended
FR,exiger,Indicatif,Futur,ils (elles),exigeront,10,reviewed,repo-local legacy seed normalized into curated contract; QA recommended
FR,exiger,Indicatif,Passé composé,je,ai exigé,10,reviewed,repo-local legacy seed normalized into curated contract; QA recommended
FR,exiger,Indicatif,Passé composé,tu,as exigé,10,reviewed,repo-local legacy seed normalized into curated contract; QA recommended
FR,exiger,Indicatif,Passé composé,"il (elle, on)",a exigé,10,reviewed,repo-local legacy seed normalized into curated contract; QA recommended
FR,exiger,Indicatif,Passé composé,nous,avons exigé,10,reviewed,repo-local legacy seed normalized into curated contract; QA recommended
FR,exiger,Indicatif,Passé composé,vous,avez exigé,10,reviewed,repo-local legacy seed normalized into curated contract; QA recommended
FR,exiger,Indicatif,Passé composé,ils (elles),ont exigé,10,reviewed,repo-local legacy seed normalized into curated contract; QA recommended
FR,exiger,Indicatif,Imparfait,je,exigeais,10,reviewed,repo-local legacy seed normalized into curated contract; QA recommended
FR,exiger,Indicatif,Imparfait,tu,exigeais,10,reviewed,repo-local legacy seed normalized into curated contract; QA recommended
FR,exiger,Indicatif,Imparfait,"il (elle, on)",exigeait,10,reviewed,repo-local legacy seed normalized into curated contract; QA recommended
FR,exiger,Indicatif,Imparfait,nous,exigions,10,reviewed,repo-local legacy seed normalized into curated contract; QA recommended
FR,exiger,Indicatif,Imparfait,vous,exigiez,10,reviewed,repo-local legacy seed normalized into curated contract; QA recommended
FR,exiger,Indicatif,Imparfait,ils (elles),exigeaient,10,reviewed,repo-local legacy seed normalized into curated contract; QA recommended
FR,exiger,Conditionnel,Conditionnel présent,je,exigerais,10,reviewed,repo-local legacy seed normalized into curated contract; QA recommended
FR,exiger,Conditionnel,Conditionnel présent,tu,exigerais,10,reviewed,repo-local legacy seed normalized into curated contract; QA recommended
FR,exiger,Conditionnel,Conditionnel présent,"il (elle, on)",exigerait,10,reviewed,repo-local legacy seed normalized into curated contract; QA recommended
FR,exiger,Conditionnel,Conditionnel présent,nous,exigerions,10,reviewed,repo-local legacy seed normalized into curated contract; QA recommended
FR,exiger,Conditionnel,Conditionnel présent,vous,exigeriez,10,reviewed,repo-local legacy seed normalized into curated contract; QA recommended
FR,exiger,Conditionnel,Conditionnel présent,ils (elles),exigeraient,10,reviewed,repo-local legacy seed normalized into curated contract; QA recommended
FR,exiger,Impératif,Impératif,je,-,10,reviewed,repo-local legacy seed normalized into curated contract; QA recommended; French imperative only uses tu / nous / vous; placeholder - used for unsupported slot
FR,exiger,Impératif,Impératif,tu,exige,10,reviewed,repo-local legacy seed normalized into curated contract; QA recommended
FR,exiger,Impératif,Impératif,"il (elle, on)",-,10,reviewed,repo-local legacy seed normalized into curated contract; QA recommended; French imperative only uses tu / nous / vous; placeholder - used for unsupported slot
FR,exiger,Impératif,Impératif,nous,exigeons,10,reviewed,repo-local legacy seed normalized into curated contract; QA recommended
FR,exiger,Impératif,Impératif,vous,exigez,10,reviewed,repo-local legacy seed normalized into curated contract; QA recommended
FR,exiger,Impératif,Impératif,ils (elles),-,10,reviewed,repo-local legacy seed normalized into curated contract; QA recommended; French imperative only uses tu / nous / vous; placeholder - used for unsupported slot
FR,exiger,Subjonctif,Subjonctif présent,je,exige,10,reviewed,repo-local legacy seed normalized into curated contract; QA recommended
FR,exiger,Subjonctif,Subjonctif présent,tu,exiges,10,reviewed,repo-local legacy seed normalized into curated contract; QA recommended
FR,exiger,Subjonctif,Subjonctif présent,"il (elle, on)",exige,10,reviewed,repo-local legacy seed normalized into curated contract; QA recommended
FR,exiger,Subjonctif,Subjonctif présent,nous,exigions,10,reviewed,repo-local legacy seed normalized into curated contract; QA recommended
FR,exiger,Subjonctif,Subjonctif présent,vous,exigiez,10,reviewed,repo-local legacy seed normalized into curated contract; QA recommended
FR,exiger,Subjonctif,Subjonctif présent,ils (elles),exigent,10,reviewed,repo-local legacy seed normalized into curated contract; QA recommended
FR,exiger,Indicatif,Passé Simple,je,exigeai,10,reviewed,repo-local legacy seed normalized into curated contract; QA recommended
FR,exiger,Indicatif,Passé Simple,tu,exigeas,10,reviewed,repo-local legacy seed normalized into curated contract; QA recommended
FR,exiger,Indicatif,Passé Simple,"il (elle, on)",exigea,10,reviewed,repo-local legacy seed normalized into curated contract; QA recommended
FR,exiger,Indicatif,Passé Simple,nous,exigeâmes,10,reviewed,repo-local legacy seed normalized into curated contract; QA recommended
FR,exiger,Indicatif,Passé Simple,vous,exigeâtes,10,reviewed,repo-local legacy seed normalized into curated contract; QA recommended
FR,exiger,Indicatif,Passé Simple,ils (elles),exigèrent,10,reviewed,repo-local legacy seed normalized into curated contract; QA recommended
FR,exiger,Subjonctif,Subjonctif imparfait,je,exigeasse,10,reviewed,repo-local legacy seed normalized into curated contract; QA recommended
FR,exiger,Subjonctif,Subjonctif imparfait,tu,exigeasses,10,reviewed,repo-local legacy seed normalized into curated contract; QA recommended
FR,exiger,Subjonctif,Subjonctif imparfait,"il (elle, on)",exigeât,10,reviewed,repo-local legacy seed normalized into curated contract; QA recommended
FR,exiger,Subjonctif,Subjonctif imparfait,nous,exigeassions,10,reviewed,repo-local legacy seed normalized into curated contract; QA recommended
FR,exiger,Subjonctif,Subjonctif imparfait,vous,exigeassiez,10,reviewed,repo-local legacy seed normalized into curated contract; QA recommended
FR,exiger,Subjonctif,Subjonctif imparfait,ils (elles),exigeassent,10,reviewed,repo-local legacy seed normalized into curated contract; QA recommended
FR,réparer,Indicatif,Présent,je,répare,10,reviewed,repo-local legacy seed normalized into curated contract; QA recommended
FR,réparer,Indicatif,Présent,tu,répares,10,reviewed,repo-local legacy seed normalized into curated contract; QA recommended
FR,réparer,Indicatif,Présent,"il (elle, on)",répare,10,reviewed,repo-local legacy seed normalized into curated contract; QA recommended
FR,réparer,Indicatif,Présent,nous,réparons,10,reviewed,repo-local legacy seed normalized into curated contract; QA recommended
FR,réparer,Indicatif,Présent,vous,réparez,10,reviewed,repo-local legacy seed normalized into curated contract; QA recommended
FR,réparer,Indicatif,Présent,ils (elles),réparent,10,reviewed,repo-local legacy seed normalized into curated contract; QA recommended
FR,réparer,Indicatif,Futur,je,réparerai,10,reviewed,repo-local legacy seed normalized into curated contract; QA recommended
FR,réparer,Indicatif,Futur,tu,répareras,10,reviewed,repo-local legacy seed normalized into curated contract; QA recommended
FR,réparer,Indicatif,Futur,"il (elle, on)",réparera,10,reviewed,repo-local legacy seed normalized into curated contract; QA recommended
FR,réparer,Indicatif,Futur,nous,réparerons,10,reviewed,repo-local legacy seed normalized into curated contract; QA recommended
FR,réparer,Indicatif,Futur,vous,réparerez,10,reviewed,repo-local legacy seed normalized into curated contract; QA recommended
FR,réparer,Indicatif,Futur,ils (elles),répareront,10,reviewed,repo-local legacy seed normalized into curated contract; QA recommended
FR,réparer,Indicatif,Passé composé,je,ai réparé,10,reviewed,repo-local legacy seed normalized into curated contract; QA recommended
FR,réparer,Indicatif,Passé composé,tu,as réparé,10,reviewed,repo-local legacy seed normalized into curated contract; QA recommended
FR,réparer,Indicatif,Passé composé,"il (elle, on)",a réparé,10,reviewed,repo-local legacy seed normalized into curated contract; QA recommended
FR,réparer,Indicatif,Passé composé,nous,avons réparé,10,reviewed,repo-local legacy seed normalized into curated contract; QA recommended
FR,réparer,Indicatif,Passé composé,vous,avez réparé,10,reviewed,repo-local legacy seed normalized into curated contract; QA recommended
FR,réparer,Indicatif,Passé composé,ils (elles),ont réparé,10,reviewed,repo-local legacy seed normalized into curated contract; QA recommended
FR,réparer,Indicatif,Imparfait,je,réparais,10,reviewed,repo-local legacy seed normalized into curated contract; QA recommended
FR,réparer,Indicatif,Imparfait,tu,réparais,10,reviewed,repo-local legacy seed normalized into curated contract; QA recommended
FR,réparer,Indicatif,Imparfait,"il (elle, on)",réparait,10,reviewed,repo-local legacy seed normalized into curated contract; QA recommended
FR,réparer,Indicatif,Imparfait,nous,réparions,10,reviewed,repo-local legacy seed normalized into curated contract; QA recommended
FR,réparer,Indicatif,Imparfait,vous,répariez,10,reviewed,repo-local legacy seed normalized into curated contract; QA recommended
FR,réparer,Indicatif,Imparfait,ils (elles),réparaient,10,reviewed,repo-local legacy seed normalized into curated contract; QA recommended
FR,réparer,Conditionnel,Conditionnel présent,je,réparerais,10,reviewed,repo-local legacy seed normalized into curated contract; QA recommended
FR,réparer,Conditionnel,Conditionnel présent,tu,réparerais,10,reviewed,repo-local legacy seed normalized into curated contract; QA recommended
FR,réparer,Conditionnel,Conditionnel présent,"il (elle, on)",réparerait,10,reviewed,repo-local legacy seed normalized into curated contract; QA recommended
FR,réparer,Conditionnel,Conditionnel présent,nous,réparerions,10,reviewed,repo-local legacy seed normalized into curated contract; QA recommended
FR,réparer,Conditionnel,Conditionnel présent,vous,répareriez,10,reviewed,repo-local legacy seed normalized into curated contract; QA recommended
FR,réparer,Conditionnel,Conditionnel présent,ils (elles),répareraient,10,reviewed,repo-local legacy seed normalized into curated contract; QA recommended
FR,réparer,Impératif,Impératif,je,-,10,reviewed,repo-local legacy seed normalized into curated contract; QA recommended; French imperative only uses tu / nous / vous; placeholder - used for unsupported slot
FR,réparer,Impératif,Impératif,tu,répare,10,reviewed,repo-local legacy seed normalized into curated contract; QA recommended
FR,réparer,Impératif,Impératif,"il (elle, on)",-,10,reviewed,repo-local legacy seed normalized into curated contract; QA recommended; French imperative only uses tu / nous / vous; placeholder - used for unsupported slot
FR,réparer,Impératif,Impératif,nous,réparons,10,reviewed,repo-local legacy seed normalized into curated contract; QA recommended
FR,réparer,Impératif,Impératif,vous,réparez,10,reviewed,repo-local legacy seed normalized into curated contract; QA recommended
FR,réparer,Impératif,Impératif,ils (elles),-,10,reviewed,repo-local legacy seed normalized into curated contract; QA recommended; French imperative only uses tu / nous / vous; placeholder - used for unsupported slot
FR,réparer,Subjonctif,Subjonctif présent,je,répare,10,reviewed,repo-local legacy seed normalized into curated contract; QA recommended
FR,réparer,Subjonctif,Subjonctif présent,tu,répares,10,reviewed,repo-local legacy seed normalized into curated contract; QA recommended
FR,réparer,Subjonctif,Subjonctif présent,"il (elle, on)",répare,10,reviewed,repo-local legacy seed normalized into curated contract; QA recommended
FR,réparer,Subjonctif,Subjonctif présent,nous,réparions,10,reviewed,repo-local legacy seed normalized into curated contract; QA recommended
FR,réparer,Subjonctif,Subjonctif présent,vous,répariez,10,reviewed,repo-local legacy seed normalized into curated contract; QA recommended
FR,réparer,Subjonctif,Subjonctif présent,ils (elles),réparent,10,reviewed,repo-local legacy seed normalized into curated contract; QA recommended
FR,réparer,Indicatif,Passé Simple,je,réparai,10,reviewed,repo-local legacy seed normalized into curated contract; QA recommended
FR,réparer,Indicatif,Passé Simple,tu,réparas,10,reviewed,repo-local legacy seed normalized into curated contract; QA recommended
FR,réparer,Indicatif,Passé Simple,"il (elle, on)",répara,10,reviewed,repo-local legacy seed normalized into curated contract; QA recommended
FR,réparer,Indicatif,Passé Simple,nous,réparâmes,10,reviewed,repo-local legacy seed normalized into curated contract; QA recommended
FR,réparer,Indicatif,Passé Simple,vous,réparâtes,10,reviewed,repo-local legacy seed normalized into curated contract; QA recommended
FR,réparer,Indicatif,Passé Simple,ils (elles),réparèrent,10,reviewed,repo-local legacy seed normalized into curated contract; QA recommended
FR,réparer,Subjonctif,Subjonctif imparfait,je,réparasse,10,reviewed,repo-local legacy seed normalized into curated contract; QA recommended
FR,réparer,Subjonctif,Subjonctif imparfait,tu,réparasses,10,reviewed,repo-local legacy seed normalized into curated contract; QA recommended
FR,réparer,Subjonctif,Subjonctif imparfait,"il (elle, on)",réparât,10,reviewed,repo-local legacy seed normalized into curated contract; QA recommended
FR,réparer,Subjonctif,Subjonctif imparfait,nous,réparassions,10,reviewed,repo-local legacy seed normalized into curated contract; QA recommended
FR,réparer,Subjonctif,Subjonctif imparfait,vous,réparassiez,10,reviewed,repo-local legacy seed normalized into curated contract; QA recommended
FR,réparer,Subjonctif,Subjonctif imparfait,ils (elles),réparassent,10,reviewed,repo-local legacy seed normalized into curated contract; QA recommended
FR,risquer,Indicatif,Présent,je,risque,10,reviewed,repo-local legacy seed normalized into curated contract; QA recommended
FR,risquer,Indicatif,Présent,tu,risques,10,reviewed,repo-local legacy seed normalized into curated contract; QA recommended
FR,risquer,Indicatif,Présent,"il (elle, on)",risque,10,reviewed,repo-local legacy seed normalized into curated contract; QA recommended
FR,risquer,Indicatif,Présent,nous,risquons,10,reviewed,repo-local legacy seed normalized into curated contract; QA recommended
FR,risquer,Indicatif,Présent,vous,risquez,10,reviewed,repo-local legacy seed normalized into curated contract; QA recommended
FR,risquer,Indicatif,Présent,ils (elles),risquent,10,reviewed,repo-local legacy seed normalized into curated contract; QA recommended
FR,risquer,Indicatif,Futur,je,risquerai,10,reviewed,repo-local legacy seed normalized into curated contract; QA recommended
FR,risquer,Indicatif,Futur,tu,risqueras,10,reviewed,repo-local legacy seed normalized into curated contract; QA recommended
FR,risquer,Indicatif,Futur,"il (elle, on)",risquera,10,reviewed,repo-local legacy seed normalized into curated contract; QA recommended
FR,risquer,Indicatif,Futur,nous,risquerons,10,reviewed,repo-local legacy seed normalized into curated contract; QA recommended
FR,risquer,Indicatif,Futur,vous,risquerez,10,reviewed,repo-local legacy seed normalized into curated contract; QA recommended
FR,risquer,Indicatif,Futur,ils (elles),risqueront,10,reviewed,repo-local legacy seed normalized into curated contract; QA recommended
FR,risquer,Indicatif,Passé composé,je,ai risqué,10,reviewed,repo-local legacy seed normalized into curated contract; QA recommended
FR,risquer,Indicatif,Passé composé,tu,as risqué,10,reviewed,repo-local legacy seed normalized into curated contract; QA recommended
FR,risquer,Indicatif,Passé composé,"il (elle, on)",a risqué,10,reviewed,repo-local legacy seed normalized into curated contract; QA recommended
FR,risquer,Indicatif,Passé composé,nous,avons risqué,10,reviewed,repo-local legacy seed normalized into curated contract; QA recommended
FR,risquer,Indicatif,Passé composé,vous,avez risqué,10,reviewed,repo-local legacy seed normalized into curated contract; QA recommended
FR,risquer,Indicatif,Passé composé,ils (elles),ont risqué,10,reviewed,repo-local legacy seed normalized into curated contract; QA recommended
FR,risquer,Indicatif,Imparfait,je,risquais,10,reviewed,repo-local legacy seed normalized into curated contract; QA recommended
FR,risquer,Indicatif,Imparfait,tu,risquais,10,reviewed,repo-local legacy seed normalized into curated contract; QA recommended
FR,risquer,Indicatif,Imparfait,"il (elle, on)",risquait,10,reviewed,repo-local legacy seed normalized into curated contract; QA recommended
FR,risquer,Indicatif,Imparfait,nous,risquions,10,reviewed,repo-local legacy seed normalized into curated contract; QA recommended
FR,risquer,Indicatif,Imparfait,vous,risquiez,10,reviewed,repo-local legacy seed normalized into curated contract; QA recommended
FR,risquer,Indicatif,Imparfait,ils (elles),risquaient,10,reviewed,repo-local legacy seed normalized into curated contract; QA recommended
FR,risquer,Conditionnel,Conditionnel présent,je,risquerais,10,reviewed,repo-local legacy seed normalized into curated contract; QA recommended
FR,risquer,Conditionnel,Conditionnel présent,tu,risquerais,10,reviewed,repo-local legacy seed normalized into curated contract; QA recommended
FR,risquer,Conditionnel,Conditionnel présent,"il (elle, on)",risquerait,10,reviewed,repo-local legacy seed normalized into curated contract; QA recommended
FR,risquer,Conditionnel,Conditionnel présent,nous,risquerions,10,reviewed,repo-local legacy seed normalized into curated contract; QA recommended
FR,risquer,Conditionnel,Conditionnel présent,vous,risqueriez,10,reviewed,repo-local legacy seed normalized into curated contract; QA recommended
FR,risquer,Conditionnel,Conditionnel présent,ils (elles),risqueraient,10,reviewed,repo-local legacy seed normalized into curated contract; QA recommended
FR,risquer,Impératif,Impératif,je,-,10,reviewed,repo-local legacy seed normalized into curated contract; QA recommended; French imperative only uses tu / nous / vous; placeholder - used for unsupported slot
FR,risquer,Impératif,Impératif,tu,risque,10,reviewed,repo-local legacy seed normalized into curated contract; QA recommended
FR,risquer,Impératif,Impératif,"il (elle, on)",-,10,reviewed,repo-local legacy seed normalized into curated contract; QA recommended; French imperative only uses tu / nous / vous; placeholder - used for unsupported slot
FR,risquer,Impératif,Impératif,nous,risquons,10,reviewed,repo-local legacy seed normalized into curated contract; QA recommended
FR,risquer,Impératif,Impératif,vous,risquez,10,reviewed,repo-local legacy seed normalized into curated contract; QA recommended
FR,risquer,Impératif,Impératif,ils (elles),-,10,reviewed,repo-local legacy seed normalized into curated contract; QA recommended; French imperative only uses tu / nous / vous; placeholder - used for unsupported slot
FR,risquer,Subjonctif,Subjonctif présent,je,risque,10,reviewed,repo-local legacy seed normalized into curated contract; QA recommended
FR,risquer,Subjonctif,Subjonctif présent,tu,risques,10,reviewed,repo-local legacy seed normalized into curated contract; QA recommended
FR,risquer,Subjonctif,Subjonctif présent,"il (elle, on)",risque,10,reviewed,repo-local legacy seed normalized into curated contract; QA recommended
FR,risquer,Subjonctif,Subjonctif présent,nous,risquions,10,reviewed,repo-local legacy seed normalized into curated contract; QA recommended
FR,risquer,Subjonctif,Subjonctif présent,vous,risquiez,10,reviewed,repo-local legacy seed normalized into curated contract; QA recommended
FR,risquer,Subjonctif,Subjonctif présent,ils (elles),risquent,10,reviewed,repo-local legacy seed normalized into curated contract; QA recommended
FR,risquer,Indicatif,Passé Simple,je,risquai,10,reviewed,repo-local legacy seed normalized into curated contract; QA recommended
FR,risquer,Indicatif,Passé Simple,tu,risquas,10,reviewed,repo-local legacy seed normalized into curated contract; QA recommended
FR,risquer,Indicatif,Passé Simple,"il (elle, on)",risqua,10,reviewed,repo-local legacy seed normalized into curated contract; QA recommended
FR,risquer,Indicatif,Passé Simple,nous,risquâmes,10,reviewed,repo-local legacy seed normalized into curated contract; QA recommended
FR,risquer,Indicatif,Passé Simple,vous,risquâtes,10,reviewed,repo-local legacy seed normalized into curated contract; QA recommended
FR,risquer,Indicatif,Passé Simple,ils (elles),risquèrent,10,reviewed,repo-local legacy seed normalized into curated contract; QA recommended
FR,risquer,Subjonctif,Subjonctif imparfait,je,risquasse,10,reviewed,repo-local legacy seed normalized into curated contract; QA recommended
FR,risquer,Subjonctif,Subjonctif imparfait,tu,risquasses,10,reviewed,repo-local legacy seed normalized into curated contract; QA recommended
FR,risquer,Subjonctif,Subjonctif imparfait,"il (elle, on)",risquât,10,reviewed,repo-local legacy seed normalized into curated contract; QA recommended
FR,risquer,Subjonctif,Subjonctif imparfait,nous,risquassions,10,reviewed,repo-local legacy seed normalized into curated contract; QA recommended
FR,risquer,Subjonctif,Subjonctif imparfait,vous,risquassiez,10,reviewed,repo-local legacy seed normalized into curated contract; QA recommended
FR,risquer,Subjonctif,Subjonctif imparfait,ils (elles),risquassent,10,reviewed,repo-local legacy seed normalized into curated contract; QA recommended
FR,percevoir,Indicatif,Présent,je,perçois,10,reviewed,irregular/compound paradigm patched manually; QA recommended
FR,percevoir,Indicatif,Présent,tu,perçois,10,reviewed,irregular/compound paradigm patched manually; QA recommended
FR,percevoir,Indicatif,Présent,"il (elle, on)",perçoit,10,reviewed,irregular/compound paradigm patched manually; QA recommended
FR,percevoir,Indicatif,Présent,nous,percevons,10,reviewed,irregular/compound paradigm patched manually; QA recommended
FR,percevoir,Indicatif,Présent,vous,percevez,10,reviewed,irregular/compound paradigm patched manually; QA recommended
FR,percevoir,Indicatif,Présent,ils (elles),perçoivent,10,reviewed,irregular/compound paradigm patched manually; QA recommended
FR,percevoir,Indicatif,Futur,je,percevrai,10,reviewed,irregular/compound paradigm patched manually; QA recommended
FR,percevoir,Indicatif,Futur,tu,percevras,10,reviewed,irregular/compound paradigm patched manually; QA recommended
FR,percevoir,Indicatif,Futur,"il (elle, on)",percevra,10,reviewed,irregular/compound paradigm patched manually; QA recommended
FR,percevoir,Indicatif,Futur,nous,percevrons,10,reviewed,irregular/compound paradigm patched manually; QA recommended
FR,percevoir,Indicatif,Futur,vous,percevrez,10,reviewed,irregular/compound paradigm patched manually; QA recommended
FR,percevoir,Indicatif,Futur,ils (elles),percevront,10,reviewed,irregular/compound paradigm patched manually; QA recommended
FR,percevoir,Indicatif,Passé composé,je,ai perçu,10,reviewed,irregular/compound paradigm patched manually; QA recommended
FR,percevoir,Indicatif,Passé composé,tu,as perçu,10,reviewed,irregular/compound paradigm patched manually; QA recommended
FR,percevoir,Indicatif,Passé composé,"il (elle, on)",a perçu,10,reviewed,irregular/compound paradigm patched manually; QA recommended
FR,percevoir,Indicatif,Passé composé,nous,avons perçu,10,reviewed,irregular/compound paradigm patched manually; QA recommended
FR,percevoir,Indicatif,Passé composé,vous,avez perçu,10,reviewed,irregular/compound paradigm patched manually; QA recommended
FR,percevoir,Indicatif,Passé composé,ils (elles),ont perçu,10,reviewed,irregular/compound paradigm patched manually; QA recommended
FR,percevoir,Indicatif,Imparfait,je,percevais,10,reviewed,irregular/compound paradigm patched manually; QA recommended
FR,percevoir,Indicatif,Imparfait,tu,percevais,10,reviewed,irregular/compound paradigm patched manually; QA recommended
FR,percevoir,Indicatif,Imparfait,"il (elle, on)",percevait,10,reviewed,irregular/compound paradigm patched manually; QA recommended
FR,percevoir,Indicatif,Imparfait,nous,percevions,10,reviewed,irregular/compound paradigm patched manually; QA recommended
FR,percevoir,Indicatif,Imparfait,vous,perceviez,10,reviewed,irregular/compound paradigm patched manually; QA recommended
FR,percevoir,Indicatif,Imparfait,ils (elles),percevaient,10,reviewed,irregular/compound paradigm patched manually; QA recommended
FR,percevoir,Conditionnel,Conditionnel présent,je,percevrais,10,reviewed,irregular/compound paradigm patched manually; QA recommended
FR,percevoir,Conditionnel,Conditionnel présent,tu,percevrais,10,reviewed,irregular/compound paradigm patched manually; QA recommended
FR,percevoir,Conditionnel,Conditionnel présent,"il (elle, on)",percevrait,10,reviewed,irregular/compound paradigm patched manually; QA recommended
FR,percevoir,Conditionnel,Conditionnel présent,nous,percevrions,10,reviewed,irregular/compound paradigm patched manually; QA recommended
FR,percevoir,Conditionnel,Conditionnel présent,vous,percevriez,10,reviewed,irregular/compound paradigm patched manually; QA recommended
FR,percevoir,Conditionnel,Conditionnel présent,ils (elles),percevraient,10,reviewed,irregular/compound paradigm patched manually; QA recommended
FR,percevoir,Impératif,Impératif,je,-,10,reviewed,irregular/compound paradigm patched manually; QA recommended; French imperative only uses tu / nous / vous; placeholder - used for unsupported slot
FR,percevoir,Impératif,Impératif,tu,perçois,10,reviewed,irregular/compound paradigm patched manually; QA recommended
FR,percevoir,Impératif,Impératif,"il (elle, on)",-,10,reviewed,irregular/compound paradigm patched manually; QA recommended; French imperative only uses tu / nous / vous; placeholder - used for unsupported slot
FR,percevoir,Impératif,Impératif,nous,percevons,10,reviewed,irregular/compound paradigm patched manually; QA recommended
FR,percevoir,Impératif,Impératif,vous,percevez,10,reviewed,irregular/compound paradigm patched manually; QA recommended
FR,percevoir,Impératif,Impératif,ils (elles),-,10,reviewed,irregular/compound paradigm patched manually; QA recommended; French imperative only uses tu / nous / vous; placeholder - used for unsupported slot
FR,percevoir,Subjonctif,Subjonctif présent,je,perçoive,10,reviewed,irregular/compound paradigm patched manually; QA recommended
FR,percevoir,Subjonctif,Subjonctif présent,tu,perçoives,10,reviewed,irregular/compound paradigm patched manually; QA recommended
FR,percevoir,Subjonctif,Subjonctif présent,"il (elle, on)",perçoive,10,reviewed,irregular/compound paradigm patched manually; QA recommended
FR,percevoir,Subjonctif,Subjonctif présent,nous,percevions,10,reviewed,irregular/compound paradigm patched manually; QA recommended
FR,percevoir,Subjonctif,Subjonctif présent,vous,perceviez,10,reviewed,irregular/compound paradigm patched manually; QA recommended
FR,percevoir,Subjonctif,Subjonctif présent,ils (elles),perçoivent,10,reviewed,irregular/compound paradigm patched manually; QA recommended
FR,percevoir,Indicatif,Passé Simple,je,perçus,10,reviewed,irregular/compound paradigm patched manually; QA recommended
FR,percevoir,Indicatif,Passé Simple,tu,perçus,10,reviewed,irregular/compound paradigm patched manually; QA recommended
FR,percevoir,Indicatif,Passé Simple,"il (elle, on)",perçut,10,reviewed,irregular/compound paradigm patched manually; QA recommended
FR,percevoir,Indicatif,Passé Simple,nous,perçûmes,10,reviewed,irregular/compound paradigm patched manually; QA recommended
FR,percevoir,Indicatif,Passé Simple,vous,perçûtes,10,reviewed,irregular/compound paradigm patched manually; QA recommended
FR,percevoir,Indicatif,Passé Simple,ils (elles),perçurent,10,reviewed,irregular/compound paradigm patched manually; QA recommended
FR,percevoir,Subjonctif,Subjonctif imparfait,je,perçusse,10,reviewed,irregular/compound paradigm patched manually; QA recommended
FR,percevoir,Subjonctif,Subjonctif imparfait,tu,perçusses,10,reviewed,irregular/compound paradigm patched manually; QA recommended
FR,percevoir,Subjonctif,Subjonctif imparfait,"il (elle, on)",perçût,10,reviewed,irregular/compound paradigm patched manually; QA recommended
FR,percevoir,Subjonctif,Subjonctif imparfait,nous,perçussions,10,reviewed,irregular/compound paradigm patched manually; QA recommended
FR,percevoir,Subjonctif,Subjonctif imparfait,vous,perçussiez,10,reviewed,irregular/compound paradigm patched manually; QA recommended
FR,percevoir,Subjonctif,Subjonctif imparfait,ils (elles),perçussent,10,reviewed,irregular/compound paradigm patched manually; QA recommended
FR,comporter,Indicatif,Présent,je,comporte,10,reviewed,repo-local legacy seed normalized into curated contract; QA recommended
FR,comporter,Indicatif,Présent,tu,comportes,10,reviewed,repo-local legacy seed normalized into curated contract; QA recommended
FR,comporter,Indicatif,Présent,"il (elle, on)",comporte,10,reviewed,repo-local legacy seed normalized into curated contract; QA recommended
FR,comporter,Indicatif,Présent,nous,comportons,10,reviewed,repo-local legacy seed normalized into curated contract; QA recommended
FR,comporter,Indicatif,Présent,vous,comportez,10,reviewed,repo-local legacy seed normalized into curated contract; QA recommended
FR,comporter,Indicatif,Présent,ils (elles),comportent,10,reviewed,repo-local legacy seed normalized into curated contract; QA recommended
FR,comporter,Indicatif,Futur,je,comporterai,10,reviewed,repo-local legacy seed normalized into curated contract; QA recommended
FR,comporter,Indicatif,Futur,tu,comporteras,10,reviewed,repo-local legacy seed normalized into curated contract; QA recommended
FR,comporter,Indicatif,Futur,"il (elle, on)",comportera,10,reviewed,repo-local legacy seed normalized into curated contract; QA recommended
FR,comporter,Indicatif,Futur,nous,comporterons,10,reviewed,repo-local legacy seed normalized into curated contract; QA recommended
FR,comporter,Indicatif,Futur,vous,comporterez,10,reviewed,repo-local legacy seed normalized into curated contract; QA recommended
FR,comporter,Indicatif,Futur,ils (elles),comporteront,10,reviewed,repo-local legacy seed normalized into curated contract; QA recommended
FR,comporter,Indicatif,Passé composé,je,ai comporté,10,reviewed,repo-local legacy seed normalized into curated contract; QA recommended
FR,comporter,Indicatif,Passé composé,tu,as comporté,10,reviewed,repo-local legacy seed normalized into curated contract; QA recommended
FR,comporter,Indicatif,Passé composé,"il (elle, on)",a comporté,10,reviewed,repo-local legacy seed normalized into curated contract; QA recommended
FR,comporter,Indicatif,Passé composé,nous,avons comporté,10,reviewed,repo-local legacy seed normalized into curated contract; QA recommended
FR,comporter,Indicatif,Passé composé,vous,avez comporté,10,reviewed,repo-local legacy seed normalized into curated contract; QA recommended
FR,comporter,Indicatif,Passé composé,ils (elles),ont comporté,10,reviewed,repo-local legacy seed normalized into curated contract; QA recommended
FR,comporter,Indicatif,Imparfait,je,comportais,10,reviewed,repo-local legacy seed normalized into curated contract; QA recommended
FR,comporter,Indicatif,Imparfait,tu,comportais,10,reviewed,repo-local legacy seed normalized into curated contract; QA recommended
FR,comporter,Indicatif,Imparfait,"il (elle, on)",comportait,10,reviewed,repo-local legacy seed normalized into curated contract; QA recommended
FR,comporter,Indicatif,Imparfait,nous,comportions,10,reviewed,repo-local legacy seed normalized into curated contract; QA recommended
FR,comporter,Indicatif,Imparfait,vous,comportiez,10,reviewed,repo-local legacy seed normalized into curated contract; QA recommended
FR,comporter,Indicatif,Imparfait,ils (elles),comportaient,10,reviewed,repo-local legacy seed normalized into curated contract; QA recommended
FR,comporter,Conditionnel,Conditionnel présent,je,comporterais,10,reviewed,repo-local legacy seed normalized into curated contract; QA recommended
FR,comporter,Conditionnel,Conditionnel présent,tu,comporterais,10,reviewed,repo-local legacy seed normalized into curated contract; QA recommended
FR,comporter,Conditionnel,Conditionnel présent,"il (elle, on)",comporterait,10,reviewed,repo-local legacy seed normalized into curated contract; QA recommended
FR,comporter,Conditionnel,Conditionnel présent,nous,comporterions,10,reviewed,repo-local legacy seed normalized into curated contract; QA recommended
FR,comporter,Conditionnel,Conditionnel présent,vous,comporteriez,10,reviewed,repo-local legacy seed normalized into curated contract; QA recommended
FR,comporter,Conditionnel,Conditionnel présent,ils (elles),comporteraient,10,reviewed,repo-local legacy seed normalized into curated contract; QA recommended
FR,comporter,Impératif,Impératif,je,-,10,reviewed,repo-local legacy seed normalized into curated contract; QA recommended; French imperative only uses tu / nous / vous; placeholder - used for unsupported slot
FR,comporter,Impératif,Impératif,tu,comporte,10,reviewed,repo-local legacy seed normalized into curated contract; QA recommended
FR,comporter,Impératif,Impératif,"il (elle, on)",-,10,reviewed,repo-local legacy seed normalized into curated contract; QA recommended; French imperative only uses tu / nous / vous; placeholder - used for unsupported slot
FR,comporter,Impératif,Impératif,nous,comportons,10,reviewed,repo-local legacy seed normalized into curated contract; QA recommended
FR,comporter,Impératif,Impératif,vous,comportez,10,reviewed,repo-local legacy seed normalized into curated contract; QA recommended
FR,comporter,Impératif,Impératif,ils (elles),-,10,reviewed,repo-local legacy seed normalized into curated contract; QA recommended; French imperative only uses tu / nous / vous; placeholder - used for unsupported slot
FR,comporter,Subjonctif,Subjonctif présent,je,comporte,10,reviewed,repo-local legacy seed normalized into curated contract; QA recommended
FR,comporter,Subjonctif,Subjonctif présent,tu,comportes,10,reviewed,repo-local legacy seed normalized into curated contract; QA recommended
FR,comporter,Subjonctif,Subjonctif présent,"il (elle, on)",comporte,10,reviewed,repo-local legacy seed normalized into curated contract; QA recommended
FR,comporter,Subjonctif,Subjonctif présent,nous,comportions,10,reviewed,repo-local legacy seed normalized into curated contract; QA recommended
FR,comporter,Subjonctif,Subjonctif présent,vous,comportiez,10,reviewed,repo-local legacy seed normalized into curated contract; QA recommended
FR,comporter,Subjonctif,Subjonctif présent,ils (elles),comportent,10,reviewed,repo-local legacy seed normalized into curated contract; QA recommended
FR,comporter,Indicatif,Passé Simple,je,comportai,10,reviewed,repo-local legacy seed normalized into curated contract; QA recommended
FR,comporter,Indicatif,Passé Simple,tu,comportas,10,reviewed,repo-local legacy seed normalized into curated contract; QA recommended
FR,comporter,Indicatif,Passé Simple,"il (elle, on)",comporta,10,reviewed,repo-local legacy seed normalized into curated contract; QA recommended
FR,comporter,Indicatif,Passé Simple,nous,comportâmes,10,reviewed,repo-local legacy seed normalized into curated contract; QA recommended
FR,comporter,Indicatif,Passé Simple,vous,comportâtes,10,reviewed,repo-local legacy seed normalized into curated contract; QA recommended
FR,comporter,Indicatif,Passé Simple,ils (elles),comportèrent,10,reviewed,repo-local legacy seed normalized into curated contract; QA recommended
FR,comporter,Subjonctif,Subjonctif imparfait,je,comportasse,10,reviewed,repo-local legacy seed normalized into curated contract; QA recommended
FR,comporter,Subjonctif,Subjonctif imparfait,tu,comportasses,10,reviewed,repo-local legacy seed normalized into curated contract; QA recommended
FR,comporter,Subjonctif,Subjonctif imparfait,"il (elle, on)",comportât,10,reviewed,repo-local legacy seed normalized into curated contract; QA recommended
FR,comporter,Subjonctif,Subjonctif imparfait,nous,comportassions,10,reviewed,repo-local legacy seed normalized into curated contract; QA recommended
FR,comporter,Subjonctif,Subjonctif imparfait,vous,comportassiez,10,reviewed,repo-local legacy seed normalized into curated contract; QA recommended
FR,comporter,Subjonctif,Subjonctif imparfait,ils (elles),comportassent,10,reviewed,repo-local legacy seed normalized into curated contract; QA recommended
FR,vider,Indicatif,Présent,je,vide,10,reviewed,repo-local legacy seed normalized into curated contract; QA recommended
FR,vider,Indicatif,Présent,tu,vides,10,reviewed,repo-local legacy seed normalized into curated contract; QA recommended
FR,vider,Indicatif,Présent,"il (elle, on)",vide,10,reviewed,repo-local legacy seed normalized into curated contract; QA recommended
FR,vider,Indicatif,Présent,nous,vidons,10,reviewed,repo-local legacy seed normalized into curated contract; QA recommended
FR,vider,Indicatif,Présent,vous,videz,10,reviewed,repo-local legacy seed normalized into curated contract; QA recommended
FR,vider,Indicatif,Présent,ils (elles),vident,10,reviewed,repo-local legacy seed normalized into curated contract; QA recommended
FR,vider,Indicatif,Futur,je,viderai,10,reviewed,repo-local legacy seed normalized into curated contract; QA recommended
FR,vider,Indicatif,Futur,tu,videras,10,reviewed,repo-local legacy seed normalized into curated contract; QA recommended
FR,vider,Indicatif,Futur,"il (elle, on)",videra,10,reviewed,repo-local legacy seed normalized into curated contract; QA recommended
FR,vider,Indicatif,Futur,nous,viderons,10,reviewed,repo-local legacy seed normalized into curated contract; QA recommended
FR,vider,Indicatif,Futur,vous,viderez,10,reviewed,repo-local legacy seed normalized into curated contract; QA recommended
FR,vider,Indicatif,Futur,ils (elles),videront,10,reviewed,repo-local legacy seed normalized into curated contract; QA recommended
FR,vider,Indicatif,Passé composé,je,ai vidé,10,reviewed,repo-local legacy seed normalized into curated contract; QA recommended
FR,vider,Indicatif,Passé composé,tu,as vidé,10,reviewed,repo-local legacy seed normalized into curated contract; QA recommended
FR,vider,Indicatif,Passé composé,"il (elle, on)",a vidé,10,reviewed,repo-local legacy seed normalized into curated contract; QA recommended
FR,vider,Indicatif,Passé composé,nous,avons vidé,10,reviewed,repo-local legacy seed normalized into curated contract; QA recommended
FR,vider,Indicatif,Passé composé,vous,avez vidé,10,reviewed,repo-local legacy seed normalized into curated contract; QA recommended
FR,vider,Indicatif,Passé composé,ils (elles),ont vidé,10,reviewed,repo-local legacy seed normalized into curated contract; QA recommended
FR,vider,Indicatif,Imparfait,je,vidais,10,reviewed,repo-local legacy seed normalized into curated contract; QA recommended
FR,vider,Indicatif,Imparfait,tu,vidais,10,reviewed,repo-local legacy seed normalized into curated contract; QA recommended
FR,vider,Indicatif,Imparfait,"il (elle, on)",vidait,10,reviewed,repo-local legacy seed normalized into curated contract; QA recommended
FR,vider,Indicatif,Imparfait,nous,vidions,10,reviewed,repo-local legacy seed normalized into curated contract; QA recommended
FR,vider,Indicatif,Imparfait,vous,vidiez,10,reviewed,repo-local legacy seed normalized into curated contract; QA recommended
FR,vider,Indicatif,Imparfait,ils (elles),vidaient,10,reviewed,repo-local legacy seed normalized into curated contract; QA recommended
FR,vider,Conditionnel,Conditionnel présent,je,viderais,10,reviewed,repo-local legacy seed normalized into curated contract; QA recommended
FR,vider,Conditionnel,Conditionnel présent,tu,viderais,10,reviewed,repo-local legacy seed normalized into curated contract; QA recommended
FR,vider,Conditionnel,Conditionnel présent,"il (elle, on)",viderait,10,reviewed,repo-local legacy seed normalized into curated contract; QA recommended
FR,vider,Conditionnel,Conditionnel présent,nous,viderions,10,reviewed,repo-local legacy seed normalized into curated contract; QA recommended
FR,vider,Conditionnel,Conditionnel présent,vous,videriez,10,reviewed,repo-local legacy seed normalized into curated contract; QA recommended
FR,vider,Conditionnel,Conditionnel présent,ils (elles),videraient,10,reviewed,repo-local legacy seed normalized into curated contract; QA recommended
FR,vider,Impératif,Impératif,je,-,10,reviewed,repo-local legacy seed normalized into curated contract; QA recommended; French imperative only uses tu / nous / vous; placeholder - used for unsupported slot
FR,vider,Impératif,Impératif,tu,vide,10,reviewed,repo-local legacy seed normalized into curated contract; QA recommended
FR,vider,Impératif,Impératif,"il (elle, on)",-,10,reviewed,repo-local legacy seed normalized into curated contract; QA recommended; French imperative only uses tu / nous / vous; placeholder - used for unsupported slot
FR,vider,Impératif,Impératif,nous,vidons,10,reviewed,repo-local legacy seed normalized into curated contract; QA recommended
FR,vider,Impératif,Impératif,vous,videz,10,reviewed,repo-local legacy seed normalized into curated contract; QA recommended
FR,vider,Impératif,Impératif,ils (elles),-,10,reviewed,repo-local legacy seed normalized into curated contract; QA recommended; French imperative only uses tu / nous / vous; placeholder - used for unsupported slot
FR,vider,Subjonctif,Subjonctif présent,je,vide,10,reviewed,repo-local legacy seed normalized into curated contract; QA recommended
FR,vider,Subjonctif,Subjonctif présent,tu,vides,10,reviewed,repo-local legacy seed normalized into curated contract; QA recommended
FR,vider,Subjonctif,Subjonctif présent,"il (elle, on)",vide,10,reviewed,repo-local legacy seed normalized into curated contract; QA recommended
FR,vider,Subjonctif,Subjonctif présent,nous,vidions,10,reviewed,repo-local legacy seed normalized into curated contract; QA recommended
FR,vider,Subjonctif,Subjonctif présent,vous,vidiez,10,reviewed,repo-local legacy seed normalized into curated contract; QA recommended
FR,vider,Subjonctif,Subjonctif présent,ils (elles),vident,10,reviewed,repo-local legacy seed normalized into curated contract; QA recommended
FR,vider,Indicatif,Passé Simple,je,vidai,10,reviewed,repo-local legacy seed normalized into curated contract; QA recommended
FR,vider,Indicatif,Passé Simple,tu,vidas,10,reviewed,repo-local legacy seed normalized into curated contract; QA recommended
FR,vider,Indicatif,Passé Simple,"il (elle, on)",vida,10,reviewed,repo-local legacy seed normalized into curated contract; QA recommended
FR,vider,Indicatif,Passé Simple,nous,vidâmes,10,reviewed,repo-local legacy seed normalized into curated contract; QA recommended
FR,vider,Indicatif,Passé Simple,vous,vidâtes,10,reviewed,repo-local legacy seed normalized into curated contract; QA recommended
FR,vider,Indicatif,Passé Simple,ils (elles),vidèrent,10,reviewed,repo-local legacy seed normalized into curated contract; QA recommended
FR,vider,Subjonctif,Subjonctif imparfait,je,vidasse,10,reviewed,repo-local legacy seed normalized into curated contract; QA recommended
FR,vider,Subjonctif,Subjonctif imparfait,tu,vidasses,10,reviewed,repo-local legacy seed normalized into curated contract; QA recommended
FR,vider,Subjonctif,Subjonctif imparfait,"il (elle, on)",vidât,10,reviewed,repo-local legacy seed normalized into curated contract; QA recommended
FR,vider,Subjonctif,Subjonctif imparfait,nous,vidassions,10,reviewed,repo-local legacy seed normalized into curated contract; QA recommended
FR,vider,Subjonctif,Subjonctif imparfait,vous,vidassiez,10,reviewed,repo-local legacy seed normalized into curated contract; QA recommended
FR,vider,Subjonctif,Subjonctif imparfait,ils (elles),vidassent,10,reviewed,repo-local legacy seed normalized into curated contract; QA recommended
FR,accéder,Indicatif,Présent,je,accède,10,reviewed,repo-local legacy seed normalized into curated contract; QA recommended
FR,accéder,Indicatif,Présent,tu,accèdes,10,reviewed,repo-local legacy seed normalized into curated contract; QA recommended
FR,accéder,Indicatif,Présent,"il (elle, on)",accède,10,reviewed,repo-local legacy seed normalized into curated contract; QA recommended
FR,accéder,Indicatif,Présent,nous,accédons,10,reviewed,repo-local legacy seed normalized into curated contract; QA recommended
FR,accéder,Indicatif,Présent,vous,accédez,10,reviewed,repo-local legacy seed normalized into curated contract; QA recommended
FR,accéder,Indicatif,Présent,ils (elles),accèdent,10,reviewed,repo-local legacy seed normalized into curated contract; QA recommended
FR,accéder,Indicatif,Futur,je,accéderai,10,reviewed,repo-local legacy seed normalized into curated contract; QA recommended
FR,accéder,Indicatif,Futur,tu,accéderas,10,reviewed,repo-local legacy seed normalized into curated contract; QA recommended
FR,accéder,Indicatif,Futur,"il (elle, on)",accédera,10,reviewed,repo-local legacy seed normalized into curated contract; QA recommended
FR,accéder,Indicatif,Futur,nous,accéderons,10,reviewed,repo-local legacy seed normalized into curated contract; QA recommended
FR,accéder,Indicatif,Futur,vous,accéderez,10,reviewed,repo-local legacy seed normalized into curated contract; QA recommended
FR,accéder,Indicatif,Futur,ils (elles),accéderont,10,reviewed,repo-local legacy seed normalized into curated contract; QA recommended
FR,accéder,Indicatif,Passé composé,je,ai accédé,10,reviewed,repo-local legacy seed normalized into curated contract; QA recommended
FR,accéder,Indicatif,Passé composé,tu,as accédé,10,reviewed,repo-local legacy seed normalized into curated contract; QA recommended
FR,accéder,Indicatif,Passé composé,"il (elle, on)",a accédé,10,reviewed,repo-local legacy seed normalized into curated contract; QA recommended
FR,accéder,Indicatif,Passé composé,nous,avons accédé,10,reviewed,repo-local legacy seed normalized into curated contract; QA recommended
FR,accéder,Indicatif,Passé composé,vous,avez accédé,10,reviewed,repo-local legacy seed normalized into curated contract; QA recommended
FR,accéder,Indicatif,Passé composé,ils (elles),ont accédé,10,reviewed,repo-local legacy seed normalized into curated contract; QA recommended
FR,accéder,Indicatif,Imparfait,je,accédais,10,reviewed,repo-local legacy seed normalized into curated contract; QA recommended
FR,accéder,Indicatif,Imparfait,tu,accédais,10,reviewed,repo-local legacy seed normalized into curated contract; QA recommended
FR,accéder,Indicatif,Imparfait,"il (elle, on)",accédait,10,reviewed,repo-local legacy seed normalized into curated contract; QA recommended
FR,accéder,Indicatif,Imparfait,nous,accédions,10,reviewed,repo-local legacy seed normalized into curated contract; QA recommended
FR,accéder,Indicatif,Imparfait,vous,accédiez,10,reviewed,repo-local legacy seed normalized into curated contract; QA recommended
FR,accéder,Indicatif,Imparfait,ils (elles),accédaient,10,reviewed,repo-local legacy seed normalized into curated contract; QA recommended
FR,accéder,Conditionnel,Conditionnel présent,je,accéderais,10,reviewed,repo-local legacy seed normalized into curated contract; QA recommended
FR,accéder,Conditionnel,Conditionnel présent,tu,accéderais,10,reviewed,repo-local legacy seed normalized into curated contract; QA recommended
FR,accéder,Conditionnel,Conditionnel présent,"il (elle, on)",accéderait,10,reviewed,repo-local legacy seed normalized into curated contract; QA recommended
FR,accéder,Conditionnel,Conditionnel présent,nous,accéderions,10,reviewed,repo-local legacy seed normalized into curated contract; QA recommended
FR,accéder,Conditionnel,Conditionnel présent,vous,accéderiez,10,reviewed,repo-local legacy seed normalized into curated contract; QA recommended
FR,accéder,Conditionnel,Conditionnel présent,ils (elles),accéderaient,10,reviewed,repo-local legacy seed normalized into curated contract; QA recommended
FR,accéder,Impératif,Impératif,je,-,10,reviewed,repo-local legacy seed normalized into curated contract; QA recommended; French imperative only uses tu / nous / vous; placeholder - used for unsupported slot
FR,accéder,Impératif,Impératif,tu,accède,10,reviewed,repo-local legacy seed normalized into curated contract; QA recommended
FR,accéder,Impératif,Impératif,"il (elle, on)",-,10,reviewed,repo-local legacy seed normalized into curated contract; QA recommended; French imperative only uses tu / nous / vous; placeholder - used for unsupported slot
FR,accéder,Impératif,Impératif,nous,accédons,10,reviewed,repo-local legacy seed normalized into curated contract; QA recommended
FR,accéder,Impératif,Impératif,vous,accédez,10,reviewed,repo-local legacy seed normalized into curated contract; QA recommended
FR,accéder,Impératif,Impératif,ils (elles),-,10,reviewed,repo-local legacy seed normalized into curated contract; QA recommended; French imperative only uses tu / nous / vous; placeholder - used for unsupported slot
FR,accéder,Subjonctif,Subjonctif présent,je,accède,10,reviewed,repo-local legacy seed normalized into curated contract; QA recommended
FR,accéder,Subjonctif,Subjonctif présent,tu,accèdes,10,reviewed,repo-local legacy seed normalized into curated contract; QA recommended
FR,accéder,Subjonctif,Subjonctif présent,"il (elle, on)",accède,10,reviewed,repo-local legacy seed normalized into curated contract; QA recommended
FR,accéder,Subjonctif,Subjonctif présent,nous,accédions,10,reviewed,repo-local legacy seed normalized into curated contract; QA recommended
FR,accéder,Subjonctif,Subjonctif présent,vous,accédiez,10,reviewed,repo-local legacy seed normalized into curated contract; QA recommended
FR,accéder,Subjonctif,Subjonctif présent,ils (elles),accèdent,10,reviewed,repo-local legacy seed normalized into curated contract; QA recommended
FR,accéder,Indicatif,Passé Simple,je,accédai,10,reviewed,repo-local legacy seed normalized into curated contract; QA recommended
FR,accéder,Indicatif,Passé Simple,tu,accédas,10,reviewed,repo-local legacy seed normalized into curated contract; QA recommended
FR,accéder,Indicatif,Passé Simple,"il (elle, on)",accéda,10,reviewed,repo-local legacy seed normalized into curated contract; QA recommended
FR,accéder,Indicatif,Passé Simple,nous,accédâmes,10,reviewed,repo-local legacy seed normalized into curated contract; QA recommended
FR,accéder,Indicatif,Passé Simple,vous,accédâtes,10,reviewed,repo-local legacy seed normalized into curated contract; QA recommended
FR,accéder,Indicatif,Passé Simple,ils (elles),accédèrent,10,reviewed,repo-local legacy seed normalized into curated contract; QA recommended
FR,accéder,Subjonctif,Subjonctif imparfait,je,accédasse,10,reviewed,repo-local legacy seed normalized into curated contract; QA recommended
FR,accéder,Subjonctif,Subjonctif imparfait,tu,accédasses,10,reviewed,repo-local legacy seed normalized into curated contract; QA recommended
FR,accéder,Subjonctif,Subjonctif imparfait,"il (elle, on)",accédât,10,reviewed,repo-local legacy seed normalized into curated contract; QA recommended
FR,accéder,Subjonctif,Subjonctif imparfait,nous,accédassions,10,reviewed,repo-local legacy seed normalized into curated contract; QA recommended
FR,accéder,Subjonctif,Subjonctif imparfait,vous,accédassiez,10,reviewed,repo-local legacy seed normalized into curated contract; QA recommended
FR,accéder,Subjonctif,Subjonctif imparfait,ils (elles),accédassent,10,reviewed,repo-local legacy seed normalized into curated contract; QA recommended
FR,composer,Indicatif,Présent,je,compose,10,reviewed,repo-local legacy seed normalized into curated contract; QA recommended
FR,composer,Indicatif,Présent,tu,composes,10,reviewed,repo-local legacy seed normalized into curated contract; QA recommended
FR,composer,Indicatif,Présent,"il (elle, on)",compose,10,reviewed,repo-local legacy seed normalized into curated contract; QA recommended
FR,composer,Indicatif,Présent,nous,composons,10,reviewed,repo-local legacy seed normalized into curated contract; QA recommended
FR,composer,Indicatif,Présent,vous,composez,10,reviewed,repo-local legacy seed normalized into curated contract; QA recommended
FR,composer,Indicatif,Présent,ils (elles),composent,10,reviewed,repo-local legacy seed normalized into curated contract; QA recommended
FR,composer,Indicatif,Futur,je,composerai,10,reviewed,repo-local legacy seed normalized into curated contract; QA recommended
FR,composer,Indicatif,Futur,tu,composeras,10,reviewed,repo-local legacy seed normalized into curated contract; QA recommended
FR,composer,Indicatif,Futur,"il (elle, on)",composera,10,reviewed,repo-local legacy seed normalized into curated contract; QA recommended
FR,composer,Indicatif,Futur,nous,composerons,10,reviewed,repo-local legacy seed normalized into curated contract; QA recommended
FR,composer,Indicatif,Futur,vous,composerez,10,reviewed,repo-local legacy seed normalized into curated contract; QA recommended
FR,composer,Indicatif,Futur,ils (elles),composeront,10,reviewed,repo-local legacy seed normalized into curated contract; QA recommended
FR,composer,Indicatif,Passé composé,je,ai composé,10,reviewed,repo-local legacy seed normalized into curated contract; QA recommended
FR,composer,Indicatif,Passé composé,tu,as composé,10,reviewed,repo-local legacy seed normalized into curated contract; QA recommended
FR,composer,Indicatif,Passé composé,"il (elle, on)",a composé,10,reviewed,repo-local legacy seed normalized into curated contract; QA recommended
FR,composer,Indicatif,Passé composé,nous,avons composé,10,reviewed,repo-local legacy seed normalized into curated contract; QA recommended
FR,composer,Indicatif,Passé composé,vous,avez composé,10,reviewed,repo-local legacy seed normalized into curated contract; QA recommended
FR,composer,Indicatif,Passé composé,ils (elles),ont composé,10,reviewed,repo-local legacy seed normalized into curated contract; QA recommended
FR,composer,Indicatif,Imparfait,je,composais,10,reviewed,repo-local legacy seed normalized into curated contract; QA recommended
FR,composer,Indicatif,Imparfait,tu,composais,10,reviewed,repo-local legacy seed normalized into curated contract; QA recommended
FR,composer,Indicatif,Imparfait,"il (elle, on)",composait,10,reviewed,repo-local legacy seed normalized into curated contract; QA recommended
FR,composer,Indicatif,Imparfait,nous,composions,10,reviewed,repo-local legacy seed normalized into curated contract; QA recommended
FR,composer,Indicatif,Imparfait,vous,composiez,10,reviewed,repo-local legacy seed normalized into curated contract; QA recommended
FR,composer,Indicatif,Imparfait,ils (elles),composaient,10,reviewed,repo-local legacy seed normalized into curated contract; QA recommended
FR,composer,Conditionnel,Conditionnel présent,je,composerais,10,reviewed,repo-local legacy seed normalized into curated contract; QA recommended
FR,composer,Conditionnel,Conditionnel présent,tu,composerais,10,reviewed,repo-local legacy seed normalized into curated contract; QA recommended
FR,composer,Conditionnel,Conditionnel présent,"il (elle, on)",composerait,10,reviewed,repo-local legacy seed normalized into curated contract; QA recommended
FR,composer,Conditionnel,Conditionnel présent,nous,composerions,10,reviewed,repo-local legacy seed normalized into curated contract; QA recommended
FR,composer,Conditionnel,Conditionnel présent,vous,composeriez,10,reviewed,repo-local legacy seed normalized into curated contract; QA recommended
FR,composer,Conditionnel,Conditionnel présent,ils (elles),composeraient,10,reviewed,repo-local legacy seed normalized into curated contract; QA recommended
FR,composer,Impératif,Impératif,je,-,10,reviewed,repo-local legacy seed normalized into curated contract; QA recommended; French imperative only uses tu / nous / vous; placeholder - used for unsupported slot
FR,composer,Impératif,Impératif,tu,compose,10,reviewed,repo-local legacy seed normalized into curated contract; QA recommended
FR,composer,Impératif,Impératif,"il (elle, on)",-,10,reviewed,repo-local legacy seed normalized into curated contract; QA recommended; French imperative only uses tu / nous / vous; placeholder - used for unsupported slot
FR,composer,Impératif,Impératif,nous,composons,10,reviewed,repo-local legacy seed normalized into curated contract; QA recommended
FR,composer,Impératif,Impératif,vous,composez,10,reviewed,repo-local legacy seed normalized into curated contract; QA recommended
FR,composer,Impératif,Impératif,ils (elles),-,10,reviewed,repo-local legacy seed normalized into curated contract; QA recommended; French imperative only uses tu / nous / vous; placeholder - used for unsupported slot
FR,composer,Subjonctif,Subjonctif présent,je,compose,10,reviewed,repo-local legacy seed normalized into curated contract; QA recommended
FR,composer,Subjonctif,Subjonctif présent,tu,composes,10,reviewed,repo-local legacy seed normalized into curated contract; QA recommended
FR,composer,Subjonctif,Subjonctif présent,"il (elle, on)",compose,10,reviewed,repo-local legacy seed normalized into curated contract; QA recommended
FR,composer,Subjonctif,Subjonctif présent,nous,composions,10,reviewed,repo-local legacy seed normalized into curated contract; QA recommended
FR,composer,Subjonctif,Subjonctif présent,vous,composiez,10,reviewed,repo-local legacy seed normalized into curated contract; QA recommended
FR,composer,Subjonctif,Subjonctif présent,ils (elles),composent,10,reviewed,repo-local legacy seed normalized into curated contract; QA recommended
FR,composer,Indicatif,Passé Simple,je,composai,10,reviewed,repo-local legacy seed normalized into curated contract; QA recommended
FR,composer,Indicatif,Passé Simple,tu,composas,10,reviewed,repo-local legacy seed normalized into curated contract; QA recommended
FR,composer,Indicatif,Passé Simple,"il (elle, on)",composa,10,reviewed,repo-local legacy seed normalized into curated contract; QA recommended
FR,composer,Indicatif,Passé Simple,nous,composâmes,10,reviewed,repo-local legacy seed normalized into curated contract; QA recommended
FR,composer,Indicatif,Passé Simple,vous,composâtes,10,reviewed,repo-local legacy seed normalized into curated contract; QA recommended
FR,composer,Indicatif,Passé Simple,ils (elles),composèrent,10,reviewed,repo-local legacy seed normalized into curated contract; QA recommended
FR,composer,Subjonctif,Subjonctif imparfait,je,composasse,10,reviewed,repo-local legacy seed normalized into curated contract; QA recommended
FR,composer,Subjonctif,Subjonctif imparfait,tu,composasses,10,reviewed,repo-local legacy seed normalized into curated contract; QA recommended
FR,composer,Subjonctif,Subjonctif imparfait,"il (elle, on)",composât,10,reviewed,repo-local legacy seed normalized into curated contract; QA recommended
FR,composer,Subjonctif,Subjonctif imparfait,nous,composassions,10,reviewed,repo-local legacy seed normalized into curated contract; QA recommended
FR,composer,Subjonctif,Subjonctif imparfait,vous,composassiez,10,reviewed,repo-local legacy seed normalized into curated contract; QA recommended
FR,composer,Subjonctif,Subjonctif imparfait,ils (elles),composassent,10,reviewed,repo-local legacy seed normalized into curated contract; QA recommended
FR,formuler,Indicatif,Présent,je,formule,10,reviewed,repo-local legacy seed normalized into curated contract; QA recommended
FR,formuler,Indicatif,Présent,tu,formules,10,reviewed,repo-local legacy seed normalized into curated contract; QA recommended
FR,formuler,Indicatif,Présent,"il (elle, on)",formule,10,reviewed,repo-local legacy seed normalized into curated contract; QA recommended
FR,formuler,Indicatif,Présent,nous,formulons,10,reviewed,repo-local legacy seed normalized into curated contract; QA recommended
FR,formuler,Indicatif,Présent,vous,formulez,10,reviewed,repo-local legacy seed normalized into curated contract; QA recommended
FR,formuler,Indicatif,Présent,ils (elles),formulent,10,reviewed,repo-local legacy seed normalized into curated contract; QA recommended
FR,formuler,Indicatif,Futur,je,formulerai,10,reviewed,repo-local legacy seed normalized into curated contract; QA recommended
FR,formuler,Indicatif,Futur,tu,formuleras,10,reviewed,repo-local legacy seed normalized into curated contract; QA recommended
FR,formuler,Indicatif,Futur,"il (elle, on)",formulera,10,reviewed,repo-local legacy seed normalized into curated contract; QA recommended
FR,formuler,Indicatif,Futur,nous,formulerons,10,reviewed,repo-local legacy seed normalized into curated contract; QA recommended
FR,formuler,Indicatif,Futur,vous,formulerez,10,reviewed,repo-local legacy seed normalized into curated contract; QA recommended
FR,formuler,Indicatif,Futur,ils (elles),formuleront,10,reviewed,repo-local legacy seed normalized into curated contract; QA recommended
FR,formuler,Indicatif,Passé composé,je,ai formulé,10,reviewed,repo-local legacy seed normalized into curated contract; QA recommended
FR,formuler,Indicatif,Passé composé,tu,as formulé,10,reviewed,repo-local legacy seed normalized into curated contract; QA recommended
FR,formuler,Indicatif,Passé composé,"il (elle, on)",a formulé,10,reviewed,repo-local legacy seed normalized into curated contract; QA recommended
FR,formuler,Indicatif,Passé composé,nous,avons formulé,10,reviewed,repo-local legacy seed normalized into curated contract; QA recommended
FR,formuler,Indicatif,Passé composé,vous,avez formulé,10,reviewed,repo-local legacy seed normalized into curated contract; QA recommended
FR,formuler,Indicatif,Passé composé,ils (elles),ont formulé,10,reviewed,repo-local legacy seed normalized into curated contract; QA recommended
FR,formuler,Indicatif,Imparfait,je,formulais,10,reviewed,repo-local legacy seed normalized into curated contract; QA recommended
FR,formuler,Indicatif,Imparfait,tu,formulais,10,reviewed,repo-local legacy seed normalized into curated contract; QA recommended
FR,formuler,Indicatif,Imparfait,"il (elle, on)",formulait,10,reviewed,repo-local legacy seed normalized into curated contract; QA recommended
FR,formuler,Indicatif,Imparfait,nous,formulions,10,reviewed,repo-local legacy seed normalized into curated contract; QA recommended
FR,formuler,Indicatif,Imparfait,vous,formuliez,10,reviewed,repo-local legacy seed normalized into curated contract; QA recommended
FR,formuler,Indicatif,Imparfait,ils (elles),formulaient,10,reviewed,repo-local legacy seed normalized into curated contract; QA recommended
FR,formuler,Conditionnel,Conditionnel présent,je,formulerais,10,reviewed,repo-local legacy seed normalized into curated contract; QA recommended
FR,formuler,Conditionnel,Conditionnel présent,tu,formulerais,10,reviewed,repo-local legacy seed normalized into curated contract; QA recommended
FR,formuler,Conditionnel,Conditionnel présent,"il (elle, on)",formulerait,10,reviewed,repo-local legacy seed normalized into curated contract; QA recommended
FR,formuler,Conditionnel,Conditionnel présent,nous,formulerions,10,reviewed,repo-local legacy seed normalized into curated contract; QA recommended
FR,formuler,Conditionnel,Conditionnel présent,vous,formuleriez,10,reviewed,repo-local legacy seed normalized into curated contract; QA recommended
FR,formuler,Conditionnel,Conditionnel présent,ils (elles),formuleraient,10,reviewed,repo-local legacy seed normalized into curated contract; QA recommended
FR,formuler,Impératif,Impératif,je,-,10,reviewed,repo-local legacy seed normalized into curated contract; QA recommended; French imperative only uses tu / nous / vous; placeholder - used for unsupported slot
FR,formuler,Impératif,Impératif,tu,formule,10,reviewed,repo-local legacy seed normalized into curated contract; QA recommended
FR,formuler,Impératif,Impératif,"il (elle, on)",-,10,reviewed,repo-local legacy seed normalized into curated contract; QA recommended; French imperative only uses tu / nous / vous; placeholder - used for unsupported slot
FR,formuler,Impératif,Impératif,nous,formulons,10,reviewed,repo-local legacy seed normalized into curated contract; QA recommended
FR,formuler,Impératif,Impératif,vous,formulez,10,reviewed,repo-local legacy seed normalized into curated contract; QA recommended
FR,formuler,Impératif,Impératif,ils (elles),-,10,reviewed,repo-local legacy seed normalized into curated contract; QA recommended; French imperative only uses tu / nous / vous; placeholder - used for unsupported slot
FR,formuler,Subjonctif,Subjonctif présent,je,formule,10,reviewed,repo-local legacy seed normalized into curated contract; QA recommended
FR,formuler,Subjonctif,Subjonctif présent,tu,formules,10,reviewed,repo-local legacy seed normalized into curated contract; QA recommended
FR,formuler,Subjonctif,Subjonctif présent,"il (elle, on)",formule,10,reviewed,repo-local legacy seed normalized into curated contract; QA recommended
FR,formuler,Subjonctif,Subjonctif présent,nous,formulions,10,reviewed,repo-local legacy seed normalized into curated contract; QA recommended
FR,formuler,Subjonctif,Subjonctif présent,vous,formuliez,10,reviewed,repo-local legacy seed normalized into curated contract; QA recommended
FR,formuler,Subjonctif,Subjonctif présent,ils (elles),formulent,10,reviewed,repo-local legacy seed normalized into curated contract; QA recommended
FR,formuler,Indicatif,Passé Simple,je,formulai,10,reviewed,repo-local legacy seed normalized into curated contract; QA recommended
FR,formuler,Indicatif,Passé Simple,tu,formulas,10,reviewed,repo-local legacy seed normalized into curated contract; QA recommended
FR,formuler,Indicatif,Passé Simple,"il (elle, on)",formula,10,reviewed,repo-local legacy seed normalized into curated contract; QA recommended
FR,formuler,Indicatif,Passé Simple,nous,formulâmes,10,reviewed,repo-local legacy seed normalized into curated contract; QA recommended
FR,formuler,Indicatif,Passé Simple,vous,formulâtes,10,reviewed,repo-local legacy seed normalized into curated contract; QA recommended
FR,formuler,Indicatif,Passé Simple,ils (elles),formulèrent,10,reviewed,repo-local legacy seed normalized into curated contract; QA recommended
FR,formuler,Subjonctif,Subjonctif imparfait,je,formulasse,10,reviewed,repo-local legacy seed normalized into curated contract; QA recommended
FR,formuler,Subjonctif,Subjonctif imparfait,tu,formulasses,10,reviewed,repo-local legacy seed normalized into curated contract; QA recommended
FR,formuler,Subjonctif,Subjonctif imparfait,"il (elle, on)",formulât,10,reviewed,repo-local legacy seed normalized into curated contract; QA recommended
FR,formuler,Subjonctif,Subjonctif imparfait,nous,formulassions,10,reviewed,repo-local legacy seed normalized into curated contract; QA recommended
FR,formuler,Subjonctif,Subjonctif imparfait,vous,formulassiez,10,reviewed,repo-local legacy seed normalized into curated contract; QA recommended
FR,formuler,Subjonctif,Subjonctif imparfait,ils (elles),formulassent,10,reviewed,repo-local legacy seed normalized into curated contract; QA recommended
FR,caresser,Indicatif,Présent,je,caresse,10,reviewed,repo-local legacy seed normalized into curated contract; QA recommended
FR,caresser,Indicatif,Présent,tu,caresses,10,reviewed,repo-local legacy seed normalized into curated contract; QA recommended
FR,caresser,Indicatif,Présent,"il (elle, on)",caresse,10,reviewed,repo-local legacy seed normalized into curated contract; QA recommended
FR,caresser,Indicatif,Présent,nous,caressons,10,reviewed,repo-local legacy seed normalized into curated contract; QA recommended
FR,caresser,Indicatif,Présent,vous,caressez,10,reviewed,repo-local legacy seed normalized into curated contract; QA recommended
FR,caresser,Indicatif,Présent,ils (elles),caressent,10,reviewed,repo-local legacy seed normalized into curated contract; QA recommended
FR,caresser,Indicatif,Futur,je,caresserai,10,reviewed,repo-local legacy seed normalized into curated contract; QA recommended
FR,caresser,Indicatif,Futur,tu,caresseras,10,reviewed,repo-local legacy seed normalized into curated contract; QA recommended
FR,caresser,Indicatif,Futur,"il (elle, on)",caressera,10,reviewed,repo-local legacy seed normalized into curated contract; QA recommended
FR,caresser,Indicatif,Futur,nous,caresserons,10,reviewed,repo-local legacy seed normalized into curated contract; QA recommended
FR,caresser,Indicatif,Futur,vous,caresserez,10,reviewed,repo-local legacy seed normalized into curated contract; QA recommended
FR,caresser,Indicatif,Futur,ils (elles),caresseront,10,reviewed,repo-local legacy seed normalized into curated contract; QA recommended
FR,caresser,Indicatif,Passé composé,je,ai caressé,10,reviewed,repo-local legacy seed normalized into curated contract; QA recommended
FR,caresser,Indicatif,Passé composé,tu,as caressé,10,reviewed,repo-local legacy seed normalized into curated contract; QA recommended
FR,caresser,Indicatif,Passé composé,"il (elle, on)",a caressé,10,reviewed,repo-local legacy seed normalized into curated contract; QA recommended
FR,caresser,Indicatif,Passé composé,nous,avons caressé,10,reviewed,repo-local legacy seed normalized into curated contract; QA recommended
FR,caresser,Indicatif,Passé composé,vous,avez caressé,10,reviewed,repo-local legacy seed normalized into curated contract; QA recommended
FR,caresser,Indicatif,Passé composé,ils (elles),ont caressé,10,reviewed,repo-local legacy seed normalized into curated contract; QA recommended
FR,caresser,Indicatif,Imparfait,je,caressais,10,reviewed,repo-local legacy seed normalized into curated contract; QA recommended
FR,caresser,Indicatif,Imparfait,tu,caressais,10,reviewed,repo-local legacy seed normalized into curated contract; QA recommended
FR,caresser,Indicatif,Imparfait,"il (elle, on)",caressait,10,reviewed,repo-local legacy seed normalized into curated contract; QA recommended
FR,caresser,Indicatif,Imparfait,nous,caressions,10,reviewed,repo-local legacy seed normalized into curated contract; QA recommended
FR,caresser,Indicatif,Imparfait,vous,caressiez,10,reviewed,repo-local legacy seed normalized into curated contract; QA recommended
FR,caresser,Indicatif,Imparfait,ils (elles),caressaient,10,reviewed,repo-local legacy seed normalized into curated contract; QA recommended
FR,caresser,Conditionnel,Conditionnel présent,je,caresserais,10,reviewed,repo-local legacy seed normalized into curated contract; QA recommended
FR,caresser,Conditionnel,Conditionnel présent,tu,caresserais,10,reviewed,repo-local legacy seed normalized into curated contract; QA recommended
FR,caresser,Conditionnel,Conditionnel présent,"il (elle, on)",caresserait,10,reviewed,repo-local legacy seed normalized into curated contract; QA recommended
FR,caresser,Conditionnel,Conditionnel présent,nous,caresserions,10,reviewed,repo-local legacy seed normalized into curated contract; QA recommended
FR,caresser,Conditionnel,Conditionnel présent,vous,caresseriez,10,reviewed,repo-local legacy seed normalized into curated contract; QA recommended
FR,caresser,Conditionnel,Conditionnel présent,ils (elles),caresseraient,10,reviewed,repo-local legacy seed normalized into curated contract; QA recommended
FR,caresser,Impératif,Impératif,je,-,10,reviewed,repo-local legacy seed normalized into curated contract; QA recommended; French imperative only uses tu / nous / vous; placeholder - used for unsupported slot
FR,caresser,Impératif,Impératif,tu,caresse,10,reviewed,repo-local legacy seed normalized into curated contract; QA recommended
FR,caresser,Impératif,Impératif,"il (elle, on)",-,10,reviewed,repo-local legacy seed normalized into curated contract; QA recommended; French imperative only uses tu / nous / vous; placeholder - used for unsupported slot
FR,caresser,Impératif,Impératif,nous,caressons,10,reviewed,repo-local legacy seed normalized into curated contract; QA recommended
FR,caresser,Impératif,Impératif,vous,caressez,10,reviewed,repo-local legacy seed normalized into curated contract; QA recommended
FR,caresser,Impératif,Impératif,ils (elles),-,10,reviewed,repo-local legacy seed normalized into curated contract; QA recommended; French imperative only uses tu / nous / vous; placeholder - used for unsupported slot
FR,caresser,Subjonctif,Subjonctif présent,je,caresse,10,reviewed,repo-local legacy seed normalized into curated contract; QA recommended
FR,caresser,Subjonctif,Subjonctif présent,tu,caresses,10,reviewed,repo-local legacy seed normalized into curated contract; QA recommended
FR,caresser,Subjonctif,Subjonctif présent,"il (elle, on)",caresse,10,reviewed,repo-local legacy seed normalized into curated contract; QA recommended
FR,caresser,Subjonctif,Subjonctif présent,nous,caressions,10,reviewed,repo-local legacy seed normalized into curated contract; QA recommended
FR,caresser,Subjonctif,Subjonctif présent,vous,caressiez,10,reviewed,repo-local legacy seed normalized into curated contract; QA recommended
FR,caresser,Subjonctif,Subjonctif présent,ils (elles),caressent,10,reviewed,repo-local legacy seed normalized into curated contract; QA recommended
FR,caresser,Indicatif,Passé Simple,je,caressai,10,reviewed,repo-local legacy seed normalized into curated contract; QA recommended
FR,caresser,Indicatif,Passé Simple,tu,caressas,10,reviewed,repo-local legacy seed normalized into curated contract; QA recommended
FR,caresser,Indicatif,Passé Simple,"il (elle, on)",caressa,10,reviewed,repo-local legacy seed normalized into curated contract; QA recommended
FR,caresser,Indicatif,Passé Simple,nous,caressâmes,10,reviewed,repo-local legacy seed normalized into curated contract; QA recommended
FR,caresser,Indicatif,Passé Simple,vous,caressâtes,10,reviewed,repo-local legacy seed normalized into curated contract; QA recommended
FR,caresser,Indicatif,Passé Simple,ils (elles),caressèrent,10,reviewed,repo-local legacy seed normalized into curated contract; QA recommended
FR,caresser,Subjonctif,Subjonctif imparfait,je,caressasse,10,reviewed,repo-local legacy seed normalized into curated contract; QA recommended
FR,caresser,Subjonctif,Subjonctif imparfait,tu,caressasses,10,reviewed,repo-local legacy seed normalized into curated contract; QA recommended
FR,caresser,Subjonctif,Subjonctif imparfait,"il (elle, on)",caressât,10,reviewed,repo-local legacy seed normalized into curated contract; QA recommended
FR,caresser,Subjonctif,Subjonctif imparfait,nous,caressassions,10,reviewed,repo-local legacy seed normalized into curated contract; QA recommended
FR,caresser,Subjonctif,Subjonctif imparfait,vous,caressassiez,10,reviewed,repo-local legacy seed normalized into curated contract; QA recommended
FR,caresser,Subjonctif,Subjonctif imparfait,ils (elles),caressassent,10,reviewed,repo-local legacy seed normalized into curated contract; QA recommended
FR,signer,Indicatif,Présent,je,signe,10,reviewed,repo-local legacy seed normalized into curated contract; QA recommended
FR,signer,Indicatif,Présent,tu,signes,10,reviewed,repo-local legacy seed normalized into curated contract; QA recommended
FR,signer,Indicatif,Présent,"il (elle, on)",signe,10,reviewed,repo-local legacy seed normalized into curated contract; QA recommended
FR,signer,Indicatif,Présent,nous,signons,10,reviewed,repo-local legacy seed normalized into curated contract; QA recommended
FR,signer,Indicatif,Présent,vous,signez,10,reviewed,repo-local legacy seed normalized into curated contract; QA recommended
FR,signer,Indicatif,Présent,ils (elles),signent,10,reviewed,repo-local legacy seed normalized into curated contract; QA recommended
FR,signer,Indicatif,Futur,je,signerai,10,reviewed,repo-local legacy seed normalized into curated contract; QA recommended
FR,signer,Indicatif,Futur,tu,signeras,10,reviewed,repo-local legacy seed normalized into curated contract; QA recommended
FR,signer,Indicatif,Futur,"il (elle, on)",signera,10,reviewed,repo-local legacy seed normalized into curated contract; QA recommended
FR,signer,Indicatif,Futur,nous,signerons,10,reviewed,repo-local legacy seed normalized into curated contract; QA recommended
FR,signer,Indicatif,Futur,vous,signerez,10,reviewed,repo-local legacy seed normalized into curated contract; QA recommended
FR,signer,Indicatif,Futur,ils (elles),signeront,10,reviewed,repo-local legacy seed normalized into curated contract; QA recommended
FR,signer,Indicatif,Passé composé,je,ai signé,10,reviewed,repo-local legacy seed normalized into curated contract; QA recommended
FR,signer,Indicatif,Passé composé,tu,as signé,10,reviewed,repo-local legacy seed normalized into curated contract; QA recommended
FR,signer,Indicatif,Passé composé,"il (elle, on)",a signé,10,reviewed,repo-local legacy seed normalized into curated contract; QA recommended
FR,signer,Indicatif,Passé composé,nous,avons signé,10,reviewed,repo-local legacy seed normalized into curated contract; QA recommended
FR,signer,Indicatif,Passé composé,vous,avez signé,10,reviewed,repo-local legacy seed normalized into curated contract; QA recommended
FR,signer,Indicatif,Passé composé,ils (elles),ont signé,10,reviewed,repo-local legacy seed normalized into curated contract; QA recommended
FR,signer,Indicatif,Imparfait,je,signais,10,reviewed,repo-local legacy seed normalized into curated contract; QA recommended
FR,signer,Indicatif,Imparfait,tu,signais,10,reviewed,repo-local legacy seed normalized into curated contract; QA recommended
FR,signer,Indicatif,Imparfait,"il (elle, on)",signait,10,reviewed,repo-local legacy seed normalized into curated contract; QA recommended
FR,signer,Indicatif,Imparfait,nous,signions,10,reviewed,repo-local legacy seed normalized into curated contract; QA recommended
FR,signer,Indicatif,Imparfait,vous,signiez,10,reviewed,repo-local legacy seed normalized into curated contract; QA recommended
FR,signer,Indicatif,Imparfait,ils (elles),signaient,10,reviewed,repo-local legacy seed normalized into curated contract; QA recommended
FR,signer,Conditionnel,Conditionnel présent,je,signerais,10,reviewed,repo-local legacy seed normalized into curated contract; QA recommended
FR,signer,Conditionnel,Conditionnel présent,tu,signerais,10,reviewed,repo-local legacy seed normalized into curated contract; QA recommended
FR,signer,Conditionnel,Conditionnel présent,"il (elle, on)",signerait,10,reviewed,repo-local legacy seed normalized into curated contract; QA recommended
FR,signer,Conditionnel,Conditionnel présent,nous,signerions,10,reviewed,repo-local legacy seed normalized into curated contract; QA recommended
FR,signer,Conditionnel,Conditionnel présent,vous,signeriez,10,reviewed,repo-local legacy seed normalized into curated contract; QA recommended
FR,signer,Conditionnel,Conditionnel présent,ils (elles),signeraient,10,reviewed,repo-local legacy seed normalized into curated contract; QA recommended
FR,signer,Impératif,Impératif,je,-,10,reviewed,repo-local legacy seed normalized into curated contract; QA recommended; French imperative only uses tu / nous / vous; placeholder - used for unsupported slot
FR,signer,Impératif,Impératif,tu,signe,10,reviewed,repo-local legacy seed normalized into curated contract; QA recommended
FR,signer,Impératif,Impératif,"il (elle, on)",-,10,reviewed,repo-local legacy seed normalized into curated contract; QA recommended; French imperative only uses tu / nous / vous; placeholder - used for unsupported slot
FR,signer,Impératif,Impératif,nous,signons,10,reviewed,repo-local legacy seed normalized into curated contract; QA recommended
FR,signer,Impératif,Impératif,vous,signez,10,reviewed,repo-local legacy seed normalized into curated contract; QA recommended
FR,signer,Impératif,Impératif,ils (elles),-,10,reviewed,repo-local legacy seed normalized into curated contract; QA recommended; French imperative only uses tu / nous / vous; placeholder - used for unsupported slot
FR,signer,Subjonctif,Subjonctif présent,je,signe,10,reviewed,repo-local legacy seed normalized into curated contract; QA recommended
FR,signer,Subjonctif,Subjonctif présent,tu,signes,10,reviewed,repo-local legacy seed normalized into curated contract; QA recommended
FR,signer,Subjonctif,Subjonctif présent,"il (elle, on)",signe,10,reviewed,repo-local legacy seed normalized into curated contract; QA recommended
FR,signer,Subjonctif,Subjonctif présent,nous,signions,10,reviewed,repo-local legacy seed normalized into curated contract; QA recommended
FR,signer,Subjonctif,Subjonctif présent,vous,signiez,10,reviewed,repo-local legacy seed normalized into curated contract; QA recommended
FR,signer,Subjonctif,Subjonctif présent,ils (elles),signent,10,reviewed,repo-local legacy seed normalized into curated contract; QA recommended
FR,signer,Indicatif,Passé Simple,je,signai,10,reviewed,repo-local legacy seed normalized into curated contract; QA recommended
FR,signer,Indicatif,Passé Simple,tu,signas,10,reviewed,repo-local legacy seed normalized into curated contract; QA recommended
FR,signer,Indicatif,Passé Simple,"il (elle, on)",signa,10,reviewed,repo-local legacy seed normalized into curated contract; QA recommended
FR,signer,Indicatif,Passé Simple,nous,signâmes,10,reviewed,repo-local legacy seed normalized into curated contract; QA recommended
FR,signer,Indicatif,Passé Simple,vous,signâtes,10,reviewed,repo-local legacy seed normalized into curated contract; QA recommended
FR,signer,Indicatif,Passé Simple,ils (elles),signèrent,10,reviewed,repo-local legacy seed normalized into curated contract; QA recommended
FR,signer,Subjonctif,Subjonctif imparfait,je,signasse,10,reviewed,repo-local legacy seed normalized into curated contract; QA recommended
FR,signer,Subjonctif,Subjonctif imparfait,tu,signasses,10,reviewed,repo-local legacy seed normalized into curated contract; QA recommended
FR,signer,Subjonctif,Subjonctif imparfait,"il (elle, on)",signât,10,reviewed,repo-local legacy seed normalized into curated contract; QA recommended
FR,signer,Subjonctif,Subjonctif imparfait,nous,signassions,10,reviewed,repo-local legacy seed normalized into curated contract; QA recommended
FR,signer,Subjonctif,Subjonctif imparfait,vous,signassiez,10,reviewed,repo-local legacy seed normalized into curated contract; QA recommended
FR,signer,Subjonctif,Subjonctif imparfait,ils (elles),signassent,10,reviewed,repo-local legacy seed normalized into curated contract; QA recommended
FR,prolonger,Indicatif,Présent,je,prolonge,10,reviewed,repo-local legacy seed normalized into curated contract; QA recommended
FR,prolonger,Indicatif,Présent,tu,prolonges,10,reviewed,repo-local legacy seed normalized into curated contract; QA recommended
FR,prolonger,Indicatif,Présent,"il (elle, on)",prolonge,10,reviewed,repo-local legacy seed normalized into curated contract; QA recommended
FR,prolonger,Indicatif,Présent,nous,prolongeons,10,reviewed,repo-local legacy seed normalized into curated contract; QA recommended
FR,prolonger,Indicatif,Présent,vous,prolongez,10,reviewed,repo-local legacy seed normalized into curated contract; QA recommended
FR,prolonger,Indicatif,Présent,ils (elles),prolongent,10,reviewed,repo-local legacy seed normalized into curated contract; QA recommended
FR,prolonger,Indicatif,Futur,je,prolongerai,10,reviewed,repo-local legacy seed normalized into curated contract; QA recommended
FR,prolonger,Indicatif,Futur,tu,prolongeras,10,reviewed,repo-local legacy seed normalized into curated contract; QA recommended
FR,prolonger,Indicatif,Futur,"il (elle, on)",prolongera,10,reviewed,repo-local legacy seed normalized into curated contract; QA recommended
FR,prolonger,Indicatif,Futur,nous,prolongerons,10,reviewed,repo-local legacy seed normalized into curated contract; QA recommended
FR,prolonger,Indicatif,Futur,vous,prolongerez,10,reviewed,repo-local legacy seed normalized into curated contract; QA recommended
FR,prolonger,Indicatif,Futur,ils (elles),prolongeront,10,reviewed,repo-local legacy seed normalized into curated contract; QA recommended
FR,prolonger,Indicatif,Passé composé,je,ai prolongé,10,reviewed,repo-local legacy seed normalized into curated contract; QA recommended
FR,prolonger,Indicatif,Passé composé,tu,as prolongé,10,reviewed,repo-local legacy seed normalized into curated contract; QA recommended
FR,prolonger,Indicatif,Passé composé,"il (elle, on)",a prolongé,10,reviewed,repo-local legacy seed normalized into curated contract; QA recommended
FR,prolonger,Indicatif,Passé composé,nous,avons prolongé,10,reviewed,repo-local legacy seed normalized into curated contract; QA recommended
FR,prolonger,Indicatif,Passé composé,vous,avez prolongé,10,reviewed,repo-local legacy seed normalized into curated contract; QA recommended
FR,prolonger,Indicatif,Passé composé,ils (elles),ont prolongé,10,reviewed,repo-local legacy seed normalized into curated contract; QA recommended
FR,prolonger,Indicatif,Imparfait,je,prolongeais,10,reviewed,repo-local legacy seed normalized into curated contract; QA recommended
FR,prolonger,Indicatif,Imparfait,tu,prolongeais,10,reviewed,repo-local legacy seed normalized into curated contract; QA recommended
FR,prolonger,Indicatif,Imparfait,"il (elle, on)",prolongeait,10,reviewed,repo-local legacy seed normalized into curated contract; QA recommended
FR,prolonger,Indicatif,Imparfait,nous,prolongions,10,reviewed,repo-local legacy seed normalized into curated contract; QA recommended
FR,prolonger,Indicatif,Imparfait,vous,prolongiez,10,reviewed,repo-local legacy seed normalized into curated contract; QA recommended
FR,prolonger,Indicatif,Imparfait,ils (elles),prolongeaient,10,reviewed,repo-local legacy seed normalized into curated contract; QA recommended
FR,prolonger,Conditionnel,Conditionnel présent,je,prolongerais,10,reviewed,repo-local legacy seed normalized into curated contract; QA recommended
FR,prolonger,Conditionnel,Conditionnel présent,tu,prolongerais,10,reviewed,repo-local legacy seed normalized into curated contract; QA recommended
FR,prolonger,Conditionnel,Conditionnel présent,"il (elle, on)",prolongerait,10,reviewed,repo-local legacy seed normalized into curated contract; QA recommended
FR,prolonger,Conditionnel,Conditionnel présent,nous,prolongerions,10,reviewed,repo-local legacy seed normalized into curated contract; QA recommended
FR,prolonger,Conditionnel,Conditionnel présent,vous,prolongeriez,10,reviewed,repo-local legacy seed normalized into curated contract; QA recommended
FR,prolonger,Conditionnel,Conditionnel présent,ils (elles),prolongeraient,10,reviewed,repo-local legacy seed normalized into curated contract; QA recommended
FR,prolonger,Impératif,Impératif,je,-,10,reviewed,repo-local legacy seed normalized into curated contract; QA recommended; French imperative only uses tu / nous / vous; placeholder - used for unsupported slot
FR,prolonger,Impératif,Impératif,tu,prolonge,10,reviewed,repo-local legacy seed normalized into curated contract; QA recommended
FR,prolonger,Impératif,Impératif,"il (elle, on)",-,10,reviewed,repo-local legacy seed normalized into curated contract; QA recommended; French imperative only uses tu / nous / vous; placeholder - used for unsupported slot
FR,prolonger,Impératif,Impératif,nous,prolongeons,10,reviewed,repo-local legacy seed normalized into curated contract; QA recommended
FR,prolonger,Impératif,Impératif,vous,prolongez,10,reviewed,repo-local legacy seed normalized into curated contract; QA recommended
FR,prolonger,Impératif,Impératif,ils (elles),-,10,reviewed,repo-local legacy seed normalized into curated contract; QA recommended; French imperative only uses tu / nous / vous; placeholder - used for unsupported slot
FR,prolonger,Subjonctif,Subjonctif présent,je,prolonge,10,reviewed,repo-local legacy seed normalized into curated contract; QA recommended
FR,prolonger,Subjonctif,Subjonctif présent,tu,prolonges,10,reviewed,repo-local legacy seed normalized into curated contract; QA recommended
FR,prolonger,Subjonctif,Subjonctif présent,"il (elle, on)",prolonge,10,reviewed,repo-local legacy seed normalized into curated contract; QA recommended
FR,prolonger,Subjonctif,Subjonctif présent,nous,prolongions,10,reviewed,repo-local legacy seed normalized into curated contract; QA recommended
FR,prolonger,Subjonctif,Subjonctif présent,vous,prolongiez,10,reviewed,repo-local legacy seed normalized into curated contract; QA recommended
FR,prolonger,Subjonctif,Subjonctif présent,ils (elles),prolongent,10,reviewed,repo-local legacy seed normalized into curated contract; QA recommended
FR,prolonger,Indicatif,Passé Simple,je,prolongeai,10,reviewed,repo-local legacy seed normalized into curated contract; QA recommended
FR,prolonger,Indicatif,Passé Simple,tu,prolongeas,10,reviewed,repo-local legacy seed normalized into curated contract; QA recommended
FR,prolonger,Indicatif,Passé Simple,"il (elle, on)",prolongea,10,reviewed,repo-local legacy seed normalized into curated contract; QA recommended
FR,prolonger,Indicatif,Passé Simple,nous,prolongeâmes,10,reviewed,repo-local legacy seed normalized into curated contract; QA recommended
FR,prolonger,Indicatif,Passé Simple,vous,prolongeâtes,10,reviewed,repo-local legacy seed normalized into curated contract; QA recommended
FR,prolonger,Indicatif,Passé Simple,ils (elles),prolongèrent,10,reviewed,repo-local legacy seed normalized into curated contract; QA recommended
FR,prolonger,Subjonctif,Subjonctif imparfait,je,prolongeasse,10,reviewed,repo-local legacy seed normalized into curated contract; QA recommended
FR,prolonger,Subjonctif,Subjonctif imparfait,tu,prolongeasses,10,reviewed,repo-local legacy seed normalized into curated contract; QA recommended
FR,prolonger,Subjonctif,Subjonctif imparfait,"il (elle, on)",prolongeât,10,reviewed,repo-local legacy seed normalized into curated contract; QA recommended
FR,prolonger,Subjonctif,Subjonctif imparfait,nous,prolongeassions,10,reviewed,repo-local legacy seed normalized into curated contract; QA recommended
FR,prolonger,Subjonctif,Subjonctif imparfait,vous,prolongeassiez,10,reviewed,repo-local legacy seed normalized into curated contract; QA recommended
FR,prolonger,Subjonctif,Subjonctif imparfait,ils (elles),prolongeassent,10,reviewed,repo-local legacy seed normalized into curated contract; QA recommended
FR,varier,Indicatif,Présent,je,varie,10,reviewed,repo-local legacy seed normalized into curated contract; QA recommended
FR,varier,Indicatif,Présent,tu,varies,10,reviewed,repo-local legacy seed normalized into curated contract; QA recommended
FR,varier,Indicatif,Présent,"il (elle, on)",varie,10,reviewed,repo-local legacy seed normalized into curated contract; QA recommended
FR,varier,Indicatif,Présent,nous,varions,10,reviewed,repo-local legacy seed normalized into curated contract; QA recommended
FR,varier,Indicatif,Présent,vous,variez,10,reviewed,repo-local legacy seed normalized into curated contract; QA recommended
FR,varier,Indicatif,Présent,ils (elles),varient,10,reviewed,repo-local legacy seed normalized into curated contract; QA recommended
FR,varier,Indicatif,Futur,je,varierai,10,reviewed,repo-local legacy seed normalized into curated contract; QA recommended
FR,varier,Indicatif,Futur,tu,varieras,10,reviewed,repo-local legacy seed normalized into curated contract; QA recommended
FR,varier,Indicatif,Futur,"il (elle, on)",variera,10,reviewed,repo-local legacy seed normalized into curated contract; QA recommended
FR,varier,Indicatif,Futur,nous,varierons,10,reviewed,repo-local legacy seed normalized into curated contract; QA recommended
FR,varier,Indicatif,Futur,vous,varierez,10,reviewed,repo-local legacy seed normalized into curated contract; QA recommended
FR,varier,Indicatif,Futur,ils (elles),varieront,10,reviewed,repo-local legacy seed normalized into curated contract; QA recommended
FR,varier,Indicatif,Passé composé,je,ai varié,10,reviewed,repo-local legacy seed normalized into curated contract; QA recommended
FR,varier,Indicatif,Passé composé,tu,as varié,10,reviewed,repo-local legacy seed normalized into curated contract; QA recommended
FR,varier,Indicatif,Passé composé,"il (elle, on)",a varié,10,reviewed,repo-local legacy seed normalized into curated contract; QA recommended
FR,varier,Indicatif,Passé composé,nous,avons varié,10,reviewed,repo-local legacy seed normalized into curated contract; QA recommended
FR,varier,Indicatif,Passé composé,vous,avez varié,10,reviewed,repo-local legacy seed normalized into curated contract; QA recommended
FR,varier,Indicatif,Passé composé,ils (elles),ont varié,10,reviewed,repo-local legacy seed normalized into curated contract; QA recommended
FR,varier,Indicatif,Imparfait,je,variais,10,reviewed,repo-local legacy seed normalized into curated contract; QA recommended
FR,varier,Indicatif,Imparfait,tu,variais,10,reviewed,repo-local legacy seed normalized into curated contract; QA recommended
FR,varier,Indicatif,Imparfait,"il (elle, on)",variait,10,reviewed,repo-local legacy seed normalized into curated contract; QA recommended
FR,varier,Indicatif,Imparfait,nous,variions,10,reviewed,repo-local legacy seed normalized into curated contract; QA recommended
FR,varier,Indicatif,Imparfait,vous,variiez,10,reviewed,repo-local legacy seed normalized into curated contract; QA recommended
FR,varier,Indicatif,Imparfait,ils (elles),variaient,10,reviewed,repo-local legacy seed normalized into curated contract; QA recommended
FR,varier,Conditionnel,Conditionnel présent,je,varierais,10,reviewed,repo-local legacy seed normalized into curated contract; QA recommended
FR,varier,Conditionnel,Conditionnel présent,tu,varierais,10,reviewed,repo-local legacy seed normalized into curated contract; QA recommended
FR,varier,Conditionnel,Conditionnel présent,"il (elle, on)",varierait,10,reviewed,repo-local legacy seed normalized into curated contract; QA recommended
FR,varier,Conditionnel,Conditionnel présent,nous,varierions,10,reviewed,repo-local legacy seed normalized into curated contract; QA recommended
FR,varier,Conditionnel,Conditionnel présent,vous,varieriez,10,reviewed,repo-local legacy seed normalized into curated contract; QA recommended
FR,varier,Conditionnel,Conditionnel présent,ils (elles),varieraient,10,reviewed,repo-local legacy seed normalized into curated contract; QA recommended
FR,varier,Impératif,Impératif,je,-,10,reviewed,repo-local legacy seed normalized into curated contract; QA recommended; French imperative only uses tu / nous / vous; placeholder - used for unsupported slot
FR,varier,Impératif,Impératif,tu,varie,10,reviewed,repo-local legacy seed normalized into curated contract; QA recommended
FR,varier,Impératif,Impératif,"il (elle, on)",-,10,reviewed,repo-local legacy seed normalized into curated contract; QA recommended; French imperative only uses tu / nous / vous; placeholder - used for unsupported slot
FR,varier,Impératif,Impératif,nous,varions,10,reviewed,repo-local legacy seed normalized into curated contract; QA recommended
FR,varier,Impératif,Impératif,vous,variez,10,reviewed,repo-local legacy seed normalized into curated contract; QA recommended
FR,varier,Impératif,Impératif,ils (elles),-,10,reviewed,repo-local legacy seed normalized into curated contract; QA recommended; French imperative only uses tu / nous / vous; placeholder - used for unsupported slot
FR,varier,Subjonctif,Subjonctif présent,je,varie,10,reviewed,repo-local legacy seed normalized into curated contract; QA recommended
FR,varier,Subjonctif,Subjonctif présent,tu,varies,10,reviewed,repo-local legacy seed normalized into curated contract; QA recommended
FR,varier,Subjonctif,Subjonctif présent,"il (elle, on)",varie,10,reviewed,repo-local legacy seed normalized into curated contract; QA recommended
FR,varier,Subjonctif,Subjonctif présent,nous,variions,10,reviewed,repo-local legacy seed normalized into curated contract; QA recommended
FR,varier,Subjonctif,Subjonctif présent,vous,variiez,10,reviewed,repo-local legacy seed normalized into curated contract; QA recommended
FR,varier,Subjonctif,Subjonctif présent,ils (elles),varient,10,reviewed,repo-local legacy seed normalized into curated contract; QA recommended
FR,varier,Indicatif,Passé Simple,je,variai,10,reviewed,repo-local legacy seed normalized into curated contract; QA recommended
FR,varier,Indicatif,Passé Simple,tu,varias,10,reviewed,repo-local legacy seed normalized into curated contract; QA recommended
FR,varier,Indicatif,Passé Simple,"il (elle, on)",varia,10,reviewed,repo-local legacy seed normalized into curated contract; QA recommended
FR,varier,Indicatif,Passé Simple,nous,variâmes,10,reviewed,repo-local legacy seed normalized into curated contract; QA recommended
FR,varier,Indicatif,Passé Simple,vous,variâtes,10,reviewed,repo-local legacy seed normalized into curated contract; QA recommended
FR,varier,Indicatif,Passé Simple,ils (elles),varièrent,10,reviewed,repo-local legacy seed normalized into curated contract; QA recommended
FR,varier,Subjonctif,Subjonctif imparfait,je,variasse,10,reviewed,repo-local legacy seed normalized into curated contract; QA recommended
FR,varier,Subjonctif,Subjonctif imparfait,tu,variasses,10,reviewed,repo-local legacy seed normalized into curated contract; QA recommended
FR,varier,Subjonctif,Subjonctif imparfait,"il (elle, on)",variât,10,reviewed,repo-local legacy seed normalized into curated contract; QA recommended
FR,varier,Subjonctif,Subjonctif imparfait,nous,variassions,10,reviewed,repo-local legacy seed normalized into curated contract; QA recommended
FR,varier,Subjonctif,Subjonctif imparfait,vous,variassiez,10,reviewed,repo-local legacy seed normalized into curated contract; QA recommended
FR,varier,Subjonctif,Subjonctif imparfait,ils (elles),variassent,10,reviewed,repo-local legacy seed normalized into curated contract; QA recommended
ES,contener,Indicativo,Presente,yo,contengo,10,reviewed,prefixed tener paradigm; QA recommended
ES,contener,Indicativo,Presente,tú,contienes,10,reviewed,prefixed tener paradigm; QA recommended
ES,contener,Indicativo,Presente,él,contiene,10,reviewed,prefixed tener paradigm; QA recommended
ES,contener,Indicativo,Presente,nosotros,contenemos,10,reviewed,prefixed tener paradigm; QA recommended
ES,contener,Indicativo,Presente,vosotros,contenéis,10,reviewed,prefixed tener paradigm; QA recommended
ES,contener,Indicativo,Presente,ellos,contienen,10,reviewed,prefixed tener paradigm; QA recommended
ES,contener,Indicativo,Futuro,yo,contendré,10,reviewed,prefixed tener paradigm; QA recommended
ES,contener,Indicativo,Futuro,tú,contendrás,10,reviewed,prefixed tener paradigm; QA recommended
ES,contener,Indicativo,Futuro,él,contendrá,10,reviewed,prefixed tener paradigm; QA recommended
ES,contener,Indicativo,Futuro,nosotros,contendremos,10,reviewed,prefixed tener paradigm; QA recommended
ES,contener,Indicativo,Futuro,vosotros,contendréis,10,reviewed,prefixed tener paradigm; QA recommended
ES,contener,Indicativo,Futuro,ellos,contendrán,10,reviewed,prefixed tener paradigm; QA recommended
ES,contener,Indicativo,Pretérito perfecto compuesto,yo,he contenido,10,reviewed,prefixed tener paradigm; QA recommended
ES,contener,Indicativo,Pretérito perfecto compuesto,tú,has contenido,10,reviewed,prefixed tener paradigm; QA recommended
ES,contener,Indicativo,Pretérito perfecto compuesto,él,ha contenido,10,reviewed,prefixed tener paradigm; QA recommended
ES,contener,Indicativo,Pretérito perfecto compuesto,nosotros,hemos contenido,10,reviewed,prefixed tener paradigm; QA recommended
ES,contener,Indicativo,Pretérito perfecto compuesto,vosotros,habéis contenido,10,reviewed,prefixed tener paradigm; QA recommended
ES,contener,Indicativo,Pretérito perfecto compuesto,ellos,han contenido,10,reviewed,prefixed tener paradigm; QA recommended
ES,contener,Indicativo,Pretérito imperfecto,yo,contenía,10,reviewed,prefixed tener paradigm; QA recommended
ES,contener,Indicativo,Pretérito imperfecto,tú,contenías,10,reviewed,prefixed tener paradigm; QA recommended
ES,contener,Indicativo,Pretérito imperfecto,él,contenía,10,reviewed,prefixed tener paradigm; QA recommended
ES,contener,Indicativo,Pretérito imperfecto,nosotros,conteníamos,10,reviewed,prefixed tener paradigm; QA recommended
ES,contener,Indicativo,Pretérito imperfecto,vosotros,conteníais,10,reviewed,prefixed tener paradigm; QA recommended
ES,contener,Indicativo,Pretérito imperfecto,ellos,contenían,10,reviewed,prefixed tener paradigm; QA recommended
ES,contener,Condicional,Condicional,yo,contendría,10,reviewed,prefixed tener paradigm; QA recommended
ES,contener,Condicional,Condicional,tú,contendrías,10,reviewed,prefixed tener paradigm; QA recommended
ES,contener,Condicional,Condicional,él,contendría,10,reviewed,prefixed tener paradigm; QA recommended
ES,contener,Condicional,Condicional,nosotros,contendríamos,10,reviewed,prefixed tener paradigm; QA recommended
ES,contener,Condicional,Condicional,vosotros,contendríais,10,reviewed,prefixed tener paradigm; QA recommended
ES,contener,Condicional,Condicional,ellos,contendrían,10,reviewed,prefixed tener paradigm; QA recommended
ES,contener,Imperativo,Imperativo,yo,-,10,reviewed,yo imperative placeholder -; no standard form
ES,contener,Imperativo,Imperativo,tú,contén,10,reviewed,prefixed tener paradigm; QA recommended
ES,contener,Imperativo,Imperativo,él,contenga,10,reviewed,prefixed tener paradigm; QA recommended
ES,contener,Imperativo,Imperativo,nosotros,contengamos,10,reviewed,prefixed tener paradigm; QA recommended
ES,contener,Imperativo,Imperativo,vosotros,contened,10,reviewed,prefixed tener paradigm; QA recommended
ES,contener,Imperativo,Imperativo,ellos,contengan,10,reviewed,prefixed tener paradigm; QA recommended
ES,contener,Indicativo,Futuro perfecto,yo,habré contenido,10,reviewed,prefixed tener paradigm; QA recommended
ES,contener,Indicativo,Futuro perfecto,tú,habrás contenido,10,reviewed,prefixed tener paradigm; QA recommended
ES,contener,Indicativo,Futuro perfecto,él,habrá contenido,10,reviewed,prefixed tener paradigm; QA recommended
ES,contener,Indicativo,Futuro perfecto,nosotros,habremos contenido,10,reviewed,prefixed tener paradigm; QA recommended
ES,contener,Indicativo,Futuro perfecto,vosotros,habréis contenido,10,reviewed,prefixed tener paradigm; QA recommended
ES,contener,Indicativo,Futuro perfecto,ellos,habrán contenido,10,reviewed,prefixed tener paradigm; QA recommended
ES,contener,Subjuntivo,Subjuntivo presente,yo,contenga,10,reviewed,prefixed tener paradigm; QA recommended
ES,contener,Subjuntivo,Subjuntivo presente,tú,contengas,10,reviewed,prefixed tener paradigm; QA recommended
ES,contener,Subjuntivo,Subjuntivo presente,él,contenga,10,reviewed,prefixed tener paradigm; QA recommended
ES,contener,Subjuntivo,Subjuntivo presente,nosotros,contengamos,10,reviewed,prefixed tener paradigm; QA recommended
ES,contener,Subjuntivo,Subjuntivo presente,vosotros,contengáis,10,reviewed,prefixed tener paradigm; QA recommended
ES,contener,Subjuntivo,Subjuntivo presente,ellos,contengan,10,reviewed,prefixed tener paradigm; QA recommended
ES,contener,Indicativo,Pretérito perfecto simple,yo,contuve,10,reviewed,prefixed tener paradigm; QA recommended
ES,contener,Indicativo,Pretérito perfecto simple,tú,contuviste,10,reviewed,prefixed tener paradigm; QA recommended
ES,contener,Indicativo,Pretérito perfecto simple,él,contuvo,10,reviewed,prefixed tener paradigm; QA recommended
ES,contener,Indicativo,Pretérito perfecto simple,nosotros,contuvimos,10,reviewed,prefixed tener paradigm; QA recommended
ES,contener,Indicativo,Pretérito perfecto simple,vosotros,contuvisteis,10,reviewed,prefixed tener paradigm; QA recommended
ES,contener,Indicativo,Pretérito perfecto simple,ellos,contuvieron,10,reviewed,prefixed tener paradigm; QA recommended
ES,contener,Indicativo,Pretérito pluscuamperfecto,yo,había contenido,10,reviewed,prefixed tener paradigm; QA recommended
ES,contener,Indicativo,Pretérito pluscuamperfecto,tú,habías contenido,10,reviewed,prefixed tener paradigm; QA recommended
ES,contener,Indicativo,Pretérito pluscuamperfecto,él,había contenido,10,reviewed,prefixed tener paradigm; QA recommended
ES,contener,Indicativo,Pretérito pluscuamperfecto,nosotros,habíamos contenido,10,reviewed,prefixed tener paradigm; QA recommended
ES,contener,Indicativo,Pretérito pluscuamperfecto,vosotros,habíais contenido,10,reviewed,prefixed tener paradigm; QA recommended
ES,contener,Indicativo,Pretérito pluscuamperfecto,ellos,habían contenido,10,reviewed,prefixed tener paradigm; QA recommended
ES,dominar,Indicativo,Presente,yo,domino,10,reviewed,
ES,dominar,Indicativo,Presente,tú,dominas,10,reviewed,
ES,dominar,Indicativo,Presente,él,domina,10,reviewed,
ES,dominar,Indicativo,Presente,nosotros,dominamos,10,reviewed,
ES,dominar,Indicativo,Presente,vosotros,domináis,10,reviewed,
ES,dominar,Indicativo,Presente,ellos,dominan,10,reviewed,
ES,dominar,Indicativo,Futuro,yo,dominaré,10,reviewed,
ES,dominar,Indicativo,Futuro,tú,dominarás,10,reviewed,
ES,dominar,Indicativo,Futuro,él,dominará,10,reviewed,
ES,dominar,Indicativo,Futuro,nosotros,dominaremos,10,reviewed,
ES,dominar,Indicativo,Futuro,vosotros,dominaréis,10,reviewed,
ES,dominar,Indicativo,Futuro,ellos,dominarán,10,reviewed,
ES,dominar,Indicativo,Pretérito perfecto compuesto,yo,he dominado,10,reviewed,
ES,dominar,Indicativo,Pretérito perfecto compuesto,tú,has dominado,10,reviewed,
ES,dominar,Indicativo,Pretérito perfecto compuesto,él,ha dominado,10,reviewed,
ES,dominar,Indicativo,Pretérito perfecto compuesto,nosotros,hemos dominado,10,reviewed,
ES,dominar,Indicativo,Pretérito perfecto compuesto,vosotros,habéis dominado,10,reviewed,
ES,dominar,Indicativo,Pretérito perfecto compuesto,ellos,han dominado,10,reviewed,
ES,dominar,Indicativo,Pretérito imperfecto,yo,dominaba,10,reviewed,
ES,dominar,Indicativo,Pretérito imperfecto,tú,dominabas,10,reviewed,
ES,dominar,Indicativo,Pretérito imperfecto,él,dominaba,10,reviewed,
ES,dominar,Indicativo,Pretérito imperfecto,nosotros,dominábamos,10,reviewed,
ES,dominar,Indicativo,Pretérito imperfecto,vosotros,dominabais,10,reviewed,
ES,dominar,Indicativo,Pretérito imperfecto,ellos,dominaban,10,reviewed,
ES,dominar,Condicional,Condicional,yo,dominaría,10,reviewed,
ES,dominar,Condicional,Condicional,tú,dominarías,10,reviewed,
ES,dominar,Condicional,Condicional,él,dominaría,10,reviewed,
ES,dominar,Condicional,Condicional,nosotros,dominaríamos,10,reviewed,
ES,dominar,Condicional,Condicional,vosotros,dominaríais,10,reviewed,
ES,dominar,Condicional,Condicional,ellos,dominarían,10,reviewed,
ES,dominar,Imperativo,Imperativo,yo,-,10,reviewed,yo imperative placeholder -; no standard form
ES,dominar,Imperativo,Imperativo,tú,domina,10,reviewed,
ES,dominar,Imperativo,Imperativo,él,domine,10,reviewed,
ES,dominar,Imperativo,Imperativo,nosotros,dominemos,10,reviewed,
ES,dominar,Imperativo,Imperativo,vosotros,dominad,10,reviewed,
ES,dominar,Imperativo,Imperativo,ellos,dominen,10,reviewed,
ES,dominar,Indicativo,Futuro perfecto,yo,habré dominado,10,reviewed,
ES,dominar,Indicativo,Futuro perfecto,tú,habrás dominado,10,reviewed,
ES,dominar,Indicativo,Futuro perfecto,él,habrá dominado,10,reviewed,
ES,dominar,Indicativo,Futuro perfecto,nosotros,habremos dominado,10,reviewed,
ES,dominar,Indicativo,Futuro perfecto,vosotros,habréis dominado,10,reviewed,
ES,dominar,Indicativo,Futuro perfecto,ellos,habrán dominado,10,reviewed,
ES,dominar,Subjuntivo,Subjuntivo presente,yo,domine,10,reviewed,
ES,dominar,Subjuntivo,Subjuntivo presente,tú,domines,10,reviewed,
ES,dominar,Subjuntivo,Subjuntivo presente,él,domine,10,reviewed,
ES,dominar,Subjuntivo,Subjuntivo presente,nosotros,dominemos,10,reviewed,
ES,dominar,Subjuntivo,Subjuntivo presente,vosotros,dominéis,10,reviewed,
ES,dominar,Subjuntivo,Subjuntivo presente,ellos,dominen,10,reviewed,
ES,dominar,Indicativo,Pretérito perfecto simple,yo,dominé,10,reviewed,
ES,dominar,Indicativo,Pretérito perfecto simple,tú,dominaste,10,reviewed,
ES,dominar,Indicativo,Pretérito perfecto simple,él,dominó,10,reviewed,
ES,dominar,Indicativo,Pretérito perfecto simple,nosotros,dominamos,10,reviewed,
ES,dominar,Indicativo,Pretérito perfecto simple,vosotros,dominasteis,10,reviewed,
ES,dominar,Indicativo,Pretérito perfecto simple,ellos,dominaron,10,reviewed,
ES,dominar,Indicativo,Pretérito pluscuamperfecto,yo,había dominado,10,reviewed,
ES,dominar,Indicativo,Pretérito pluscuamperfecto,tú,habías dominado,10,reviewed,
ES,dominar,Indicativo,Pretérito pluscuamperfecto,él,había dominado,10,reviewed,
ES,dominar,Indicativo,Pretérito pluscuamperfecto,nosotros,habíamos dominado,10,reviewed,
ES,dominar,Indicativo,Pretérito pluscuamperfecto,vosotros,habíais dominado,10,reviewed,
ES,dominar,Indicativo,Pretérito pluscuamperfecto,ellos,habían dominado,10,reviewed,
ES,transmitir,Indicativo,Presente,yo,transmito,10,reviewed,
ES,transmitir,Indicativo,Presente,tú,transmites,10,reviewed,
ES,transmitir,Indicativo,Presente,él,transmite,10,reviewed,
ES,transmitir,Indicativo,Presente,nosotros,transmitimos,10,reviewed,
ES,transmitir,Indicativo,Presente,vosotros,transmitís,10,reviewed,
ES,transmitir,Indicativo,Presente,ellos,transmiten,10,reviewed,
ES,transmitir,Indicativo,Futuro,yo,transmitiré,10,reviewed,
ES,transmitir,Indicativo,Futuro,tú,transmitirás,10,reviewed,
ES,transmitir,Indicativo,Futuro,él,transmitirá,10,reviewed,
ES,transmitir,Indicativo,Futuro,nosotros,transmitiremos,10,reviewed,
ES,transmitir,Indicativo,Futuro,vosotros,transmitiréis,10,reviewed,
ES,transmitir,Indicativo,Futuro,ellos,transmitirán,10,reviewed,
ES,transmitir,Indicativo,Pretérito perfecto compuesto,yo,he transmitido,10,reviewed,
ES,transmitir,Indicativo,Pretérito perfecto compuesto,tú,has transmitido,10,reviewed,
ES,transmitir,Indicativo,Pretérito perfecto compuesto,él,ha transmitido,10,reviewed,
ES,transmitir,Indicativo,Pretérito perfecto compuesto,nosotros,hemos transmitido,10,reviewed,
ES,transmitir,Indicativo,Pretérito perfecto compuesto,vosotros,habéis transmitido,10,reviewed,
ES,transmitir,Indicativo,Pretérito perfecto compuesto,ellos,han transmitido,10,reviewed,
ES,transmitir,Indicativo,Pretérito imperfecto,yo,transmitía,10,reviewed,
ES,transmitir,Indicativo,Pretérito imperfecto,tú,transmitías,10,reviewed,
ES,transmitir,Indicativo,Pretérito imperfecto,él,transmitía,10,reviewed,
ES,transmitir,Indicativo,Pretérito imperfecto,nosotros,transmitíamos,10,reviewed,
ES,transmitir,Indicativo,Pretérito imperfecto,vosotros,transmitíais,10,reviewed,
ES,transmitir,Indicativo,Pretérito imperfecto,ellos,transmitían,10,reviewed,
ES,transmitir,Condicional,Condicional,yo,transmitiría,10,reviewed,
ES,transmitir,Condicional,Condicional,tú,transmitirías,10,reviewed,
ES,transmitir,Condicional,Condicional,él,transmitiría,10,reviewed,
ES,transmitir,Condicional,Condicional,nosotros,transmitiríamos,10,reviewed,
ES,transmitir,Condicional,Condicional,vosotros,transmitiríais,10,reviewed,
ES,transmitir,Condicional,Condicional,ellos,transmitirían,10,reviewed,
ES,transmitir,Imperativo,Imperativo,yo,-,10,reviewed,yo imperative placeholder -; no standard form
ES,transmitir,Imperativo,Imperativo,tú,transmite,10,reviewed,
ES,transmitir,Imperativo,Imperativo,él,transmita,10,reviewed,
ES,transmitir,Imperativo,Imperativo,nosotros,transmitamos,10,reviewed,
ES,transmitir,Imperativo,Imperativo,vosotros,transmitid,10,reviewed,
ES,transmitir,Imperativo,Imperativo,ellos,transmitan,10,reviewed,
ES,transmitir,Indicativo,Futuro perfecto,yo,habré transmitido,10,reviewed,
ES,transmitir,Indicativo,Futuro perfecto,tú,habrás transmitido,10,reviewed,
ES,transmitir,Indicativo,Futuro perfecto,él,habrá transmitido,10,reviewed,
ES,transmitir,Indicativo,Futuro perfecto,nosotros,habremos transmitido,10,reviewed,
ES,transmitir,Indicativo,Futuro perfecto,vosotros,habréis transmitido,10,reviewed,
ES,transmitir,Indicativo,Futuro perfecto,ellos,habrán transmitido,10,reviewed,
ES,transmitir,Subjuntivo,Subjuntivo presente,yo,transmita,10,reviewed,
ES,transmitir,Subjuntivo,Subjuntivo presente,tú,transmitas,10,reviewed,
ES,transmitir,Subjuntivo,Subjuntivo presente,él,transmita,10,reviewed,
ES,transmitir,Subjuntivo,Subjuntivo presente,nosotros,transmitamos,10,reviewed,
ES,transmitir,Subjuntivo,Subjuntivo presente,vosotros,transmitáis,10,reviewed,
ES,transmitir,Subjuntivo,Subjuntivo presente,ellos,transmitan,10,reviewed,
ES,transmitir,Indicativo,Pretérito perfecto simple,yo,transmití,10,reviewed,
ES,transmitir,Indicativo,Pretérito perfecto simple,tú,transmitiste,10,reviewed,
ES,transmitir,Indicativo,Pretérito perfecto simple,él,transmitió,10,reviewed,
ES,transmitir,Indicativo,Pretérito perfecto simple,nosotros,transmitimos,10,reviewed,
ES,transmitir,Indicativo,Pretérito perfecto simple,vosotros,transmitisteis,10,reviewed,
ES,transmitir,Indicativo,Pretérito perfecto simple,ellos,transmitieron,10,reviewed,
ES,transmitir,Indicativo,Pretérito pluscuamperfecto,yo,había transmitido,10,reviewed,
ES,transmitir,Indicativo,Pretérito pluscuamperfecto,tú,habías transmitido,10,reviewed,
ES,transmitir,Indicativo,Pretérito pluscuamperfecto,él,había transmitido,10,reviewed,
ES,transmitir,Indicativo,Pretérito pluscuamperfecto,nosotros,habíamos transmitido,10,reviewed,
ES,transmitir,Indicativo,Pretérito pluscuamperfecto,vosotros,habíais transmitido,10,reviewed,
ES,transmitir,Indicativo,Pretérito pluscuamperfecto,ellos,habían transmitido,10,reviewed,
ES,causar,Indicativo,Presente,yo,causo,10,reviewed,
ES,causar,Indicativo,Presente,tú,causas,10,reviewed,
ES,causar,Indicativo,Presente,él,causa,10,reviewed,
ES,causar,Indicativo,Presente,nosotros,causamos,10,reviewed,
ES,causar,Indicativo,Presente,vosotros,causáis,10,reviewed,
ES,causar,Indicativo,Presente,ellos,causan,10,reviewed,
ES,causar,Indicativo,Futuro,yo,causaré,10,reviewed,
ES,causar,Indicativo,Futuro,tú,causarás,10,reviewed,
ES,causar,Indicativo,Futuro,él,causará,10,reviewed,
ES,causar,Indicativo,Futuro,nosotros,causaremos,10,reviewed,
ES,causar,Indicativo,Futuro,vosotros,causaréis,10,reviewed,
ES,causar,Indicativo,Futuro,ellos,causarán,10,reviewed,
ES,causar,Indicativo,Pretérito perfecto compuesto,yo,he causado,10,reviewed,
ES,causar,Indicativo,Pretérito perfecto compuesto,tú,has causado,10,reviewed,
ES,causar,Indicativo,Pretérito perfecto compuesto,él,ha causado,10,reviewed,
ES,causar,Indicativo,Pretérito perfecto compuesto,nosotros,hemos causado,10,reviewed,
ES,causar,Indicativo,Pretérito perfecto compuesto,vosotros,habéis causado,10,reviewed,
ES,causar,Indicativo,Pretérito perfecto compuesto,ellos,han causado,10,reviewed,
ES,causar,Indicativo,Pretérito imperfecto,yo,causaba,10,reviewed,
ES,causar,Indicativo,Pretérito imperfecto,tú,causabas,10,reviewed,
ES,causar,Indicativo,Pretérito imperfecto,él,causaba,10,reviewed,
ES,causar,Indicativo,Pretérito imperfecto,nosotros,causábamos,10,reviewed,
ES,causar,Indicativo,Pretérito imperfecto,vosotros,causabais,10,reviewed,
ES,causar,Indicativo,Pretérito imperfecto,ellos,causaban,10,reviewed,
ES,causar,Condicional,Condicional,yo,causaría,10,reviewed,
ES,causar,Condicional,Condicional,tú,causarías,10,reviewed,
ES,causar,Condicional,Condicional,él,causaría,10,reviewed,
ES,causar,Condicional,Condicional,nosotros,causaríamos,10,reviewed,
ES,causar,Condicional,Condicional,vosotros,causaríais,10,reviewed,
ES,causar,Condicional,Condicional,ellos,causarían,10,reviewed,
ES,causar,Imperativo,Imperativo,yo,-,10,reviewed,yo imperative placeholder -; no standard form
ES,causar,Imperativo,Imperativo,tú,causa,10,reviewed,
ES,causar,Imperativo,Imperativo,él,cause,10,reviewed,
ES,causar,Imperativo,Imperativo,nosotros,causemos,10,reviewed,
ES,causar,Imperativo,Imperativo,vosotros,causad,10,reviewed,
ES,causar,Imperativo,Imperativo,ellos,causen,10,reviewed,
ES,causar,Indicativo,Futuro perfecto,yo,habré causado,10,reviewed,
ES,causar,Indicativo,Futuro perfecto,tú,habrás causado,10,reviewed,
ES,causar,Indicativo,Futuro perfecto,él,habrá causado,10,reviewed,
ES,causar,Indicativo,Futuro perfecto,nosotros,habremos causado,10,reviewed,
ES,causar,Indicativo,Futuro perfecto,vosotros,habréis causado,10,reviewed,
ES,causar,Indicativo,Futuro perfecto,ellos,habrán causado,10,reviewed,
ES,causar,Subjuntivo,Subjuntivo presente,yo,cause,10,reviewed,
ES,causar,Subjuntivo,Subjuntivo presente,tú,causes,10,reviewed,
ES,causar,Subjuntivo,Subjuntivo presente,él,cause,10,reviewed,
ES,causar,Subjuntivo,Subjuntivo presente,nosotros,causemos,10,reviewed,
ES,causar,Subjuntivo,Subjuntivo presente,vosotros,causéis,10,reviewed,
ES,causar,Subjuntivo,Subjuntivo presente,ellos,causen,10,reviewed,
ES,causar,Indicativo,Pretérito perfecto simple,yo,causé,10,reviewed,
ES,causar,Indicativo,Pretérito perfecto simple,tú,causaste,10,reviewed,
ES,causar,Indicativo,Pretérito perfecto simple,él,causó,10,reviewed,
ES,causar,Indicativo,Pretérito perfecto simple,nosotros,causamos,10,reviewed,
ES,causar,Indicativo,Pretérito perfecto simple,vosotros,causasteis,10,reviewed,
ES,causar,Indicativo,Pretérito perfecto simple,ellos,causaron,10,reviewed,
ES,causar,Indicativo,Pretérito pluscuamperfecto,yo,había causado,10,reviewed,
ES,causar,Indicativo,Pretérito pluscuamperfecto,tú,habías causado,10,reviewed,
ES,causar,Indicativo,Pretérito pluscuamperfecto,él,había causado,10,reviewed,
ES,causar,Indicativo,Pretérito pluscuamperfecto,nosotros,habíamos causado,10,reviewed,
ES,causar,Indicativo,Pretérito pluscuamperfecto,vosotros,habíais causado,10,reviewed,
ES,causar,Indicativo,Pretérito pluscuamperfecto,ellos,habían causado,10,reviewed,
ES,situar,Indicativo,Presente,yo,sitúo,10,reviewed,accent-sensitive -uar paradigm; QA recommended
ES,situar,Indicativo,Presente,tú,sitúas,10,reviewed,accent-sensitive -uar paradigm; QA recommended
ES,situar,Indicativo,Presente,él,sitúa,10,reviewed,accent-sensitive -uar paradigm; QA recommended
ES,situar,Indicativo,Presente,nosotros,situamos,10,reviewed,accent-sensitive -uar paradigm; QA recommended
ES,situar,Indicativo,Presente,vosotros,situáis,10,reviewed,accent-sensitive -uar paradigm; QA recommended
ES,situar,Indicativo,Presente,ellos,sitúan,10,reviewed,accent-sensitive -uar paradigm; QA recommended
ES,situar,Indicativo,Futuro,yo,situaré,10,reviewed,accent-sensitive -uar paradigm; QA recommended
ES,situar,Indicativo,Futuro,tú,situarás,10,reviewed,accent-sensitive -uar paradigm; QA recommended
ES,situar,Indicativo,Futuro,él,situará,10,reviewed,accent-sensitive -uar paradigm; QA recommended
ES,situar,Indicativo,Futuro,nosotros,situaremos,10,reviewed,accent-sensitive -uar paradigm; QA recommended
ES,situar,Indicativo,Futuro,vosotros,situaréis,10,reviewed,accent-sensitive -uar paradigm; QA recommended
ES,situar,Indicativo,Futuro,ellos,situarán,10,reviewed,accent-sensitive -uar paradigm; QA recommended
ES,situar,Indicativo,Pretérito perfecto compuesto,yo,he situado,10,reviewed,accent-sensitive -uar paradigm; QA recommended
ES,situar,Indicativo,Pretérito perfecto compuesto,tú,has situado,10,reviewed,accent-sensitive -uar paradigm; QA recommended
ES,situar,Indicativo,Pretérito perfecto compuesto,él,ha situado,10,reviewed,accent-sensitive -uar paradigm; QA recommended
ES,situar,Indicativo,Pretérito perfecto compuesto,nosotros,hemos situado,10,reviewed,accent-sensitive -uar paradigm; QA recommended
ES,situar,Indicativo,Pretérito perfecto compuesto,vosotros,habéis situado,10,reviewed,accent-sensitive -uar paradigm; QA recommended
ES,situar,Indicativo,Pretérito perfecto compuesto,ellos,han situado,10,reviewed,accent-sensitive -uar paradigm; QA recommended
ES,situar,Indicativo,Pretérito imperfecto,yo,situaba,10,reviewed,accent-sensitive -uar paradigm; QA recommended
ES,situar,Indicativo,Pretérito imperfecto,tú,situabas,10,reviewed,accent-sensitive -uar paradigm; QA recommended
ES,situar,Indicativo,Pretérito imperfecto,él,situaba,10,reviewed,accent-sensitive -uar paradigm; QA recommended
ES,situar,Indicativo,Pretérito imperfecto,nosotros,situábamos,10,reviewed,accent-sensitive -uar paradigm; QA recommended
ES,situar,Indicativo,Pretérito imperfecto,vosotros,situabais,10,reviewed,accent-sensitive -uar paradigm; QA recommended
ES,situar,Indicativo,Pretérito imperfecto,ellos,situaban,10,reviewed,accent-sensitive -uar paradigm; QA recommended
ES,situar,Condicional,Condicional,yo,situaría,10,reviewed,accent-sensitive -uar paradigm; QA recommended
ES,situar,Condicional,Condicional,tú,situarías,10,reviewed,accent-sensitive -uar paradigm; QA recommended
ES,situar,Condicional,Condicional,él,situaría,10,reviewed,accent-sensitive -uar paradigm; QA recommended
ES,situar,Condicional,Condicional,nosotros,situaríamos,10,reviewed,accent-sensitive -uar paradigm; QA recommended
ES,situar,Condicional,Condicional,vosotros,situaríais,10,reviewed,accent-sensitive -uar paradigm; QA recommended
ES,situar,Condicional,Condicional,ellos,situarían,10,reviewed,accent-sensitive -uar paradigm; QA recommended
ES,situar,Imperativo,Imperativo,yo,-,10,reviewed,yo imperative placeholder -; no standard form
ES,situar,Imperativo,Imperativo,tú,sitúa,10,reviewed,accent-sensitive -uar paradigm; QA recommended
ES,situar,Imperativo,Imperativo,él,sitúe,10,reviewed,accent-sensitive -uar paradigm; QA recommended
ES,situar,Imperativo,Imperativo,nosotros,situemos,10,reviewed,accent-sensitive -uar paradigm; QA recommended
ES,situar,Imperativo,Imperativo,vosotros,situad,10,reviewed,accent-sensitive -uar paradigm; QA recommended
ES,situar,Imperativo,Imperativo,ellos,sitúen,10,reviewed,accent-sensitive -uar paradigm; QA recommended
ES,situar,Indicativo,Futuro perfecto,yo,habré situado,10,reviewed,accent-sensitive -uar paradigm; QA recommended
ES,situar,Indicativo,Futuro perfecto,tú,habrás situado,10,reviewed,accent-sensitive -uar paradigm; QA recommended
ES,situar,Indicativo,Futuro perfecto,él,habrá situado,10,reviewed,accent-sensitive -uar paradigm; QA recommended
ES,situar,Indicativo,Futuro perfecto,nosotros,habremos situado,10,reviewed,accent-sensitive -uar paradigm; QA recommended
ES,situar,Indicativo,Futuro perfecto,vosotros,habréis situado,10,reviewed,accent-sensitive -uar paradigm; QA recommended
ES,situar,Indicativo,Futuro perfecto,ellos,habrán situado,10,reviewed,accent-sensitive -uar paradigm; QA recommended
ES,situar,Subjuntivo,Subjuntivo presente,yo,sitúe,10,reviewed,accent-sensitive -uar paradigm; QA recommended
ES,situar,Subjuntivo,Subjuntivo presente,tú,sitúes,10,reviewed,accent-sensitive -uar paradigm; QA recommended
ES,situar,Subjuntivo,Subjuntivo presente,él,sitúe,10,reviewed,accent-sensitive -uar paradigm; QA recommended
ES,situar,Subjuntivo,Subjuntivo presente,nosotros,situemos,10,reviewed,accent-sensitive -uar paradigm; QA recommended
ES,situar,Subjuntivo,Subjuntivo presente,vosotros,situéis,10,reviewed,accent-sensitive -uar paradigm; QA recommended
ES,situar,Subjuntivo,Subjuntivo presente,ellos,sitúen,10,reviewed,accent-sensitive -uar paradigm; QA recommended
ES,situar,Indicativo,Pretérito perfecto simple,yo,situé,10,reviewed,accent-sensitive -uar paradigm; QA recommended
ES,situar,Indicativo,Pretérito perfecto simple,tú,situaste,10,reviewed,accent-sensitive -uar paradigm; QA recommended
ES,situar,Indicativo,Pretérito perfecto simple,él,situó,10,reviewed,accent-sensitive -uar paradigm; QA recommended
ES,situar,Indicativo,Pretérito perfecto simple,nosotros,situamos,10,reviewed,accent-sensitive -uar paradigm; QA recommended
ES,situar,Indicativo,Pretérito perfecto simple,vosotros,situasteis,10,reviewed,accent-sensitive -uar paradigm; QA recommended
ES,situar,Indicativo,Pretérito perfecto simple,ellos,situaron,10,reviewed,accent-sensitive -uar paradigm; QA recommended
ES,situar,Indicativo,Pretérito pluscuamperfecto,yo,había situado,10,reviewed,accent-sensitive -uar paradigm; QA recommended
ES,situar,Indicativo,Pretérito pluscuamperfecto,tú,habías situado,10,reviewed,accent-sensitive -uar paradigm; QA recommended
ES,situar,Indicativo,Pretérito pluscuamperfecto,él,había situado,10,reviewed,accent-sensitive -uar paradigm; QA recommended
ES,situar,Indicativo,Pretérito pluscuamperfecto,nosotros,habíamos situado,10,reviewed,accent-sensitive -uar paradigm; QA recommended
ES,situar,Indicativo,Pretérito pluscuamperfecto,vosotros,habíais situado,10,reviewed,accent-sensitive -uar paradigm; QA recommended
ES,situar,Indicativo,Pretérito pluscuamperfecto,ellos,habían situado,10,reviewed,accent-sensitive -uar paradigm; QA recommended
ES,ubicar,Indicativo,Presente,yo,ubico,10,reviewed,
ES,ubicar,Indicativo,Presente,tú,ubicas,10,reviewed,
ES,ubicar,Indicativo,Presente,él,ubica,10,reviewed,
ES,ubicar,Indicativo,Presente,nosotros,ubicamos,10,reviewed,
ES,ubicar,Indicativo,Presente,vosotros,ubicáis,10,reviewed,
ES,ubicar,Indicativo,Presente,ellos,ubican,10,reviewed,
ES,ubicar,Indicativo,Futuro,yo,ubicaré,10,reviewed,
ES,ubicar,Indicativo,Futuro,tú,ubicarás,10,reviewed,
ES,ubicar,Indicativo,Futuro,él,ubicará,10,reviewed,
ES,ubicar,Indicativo,Futuro,nosotros,ubicaremos,10,reviewed,
ES,ubicar,Indicativo,Futuro,vosotros,ubicaréis,10,reviewed,
ES,ubicar,Indicativo,Futuro,ellos,ubicarán,10,reviewed,
ES,ubicar,Indicativo,Pretérito perfecto compuesto,yo,he ubicado,10,reviewed,
ES,ubicar,Indicativo,Pretérito perfecto compuesto,tú,has ubicado,10,reviewed,
ES,ubicar,Indicativo,Pretérito perfecto compuesto,él,ha ubicado,10,reviewed,
ES,ubicar,Indicativo,Pretérito perfecto compuesto,nosotros,hemos ubicado,10,reviewed,
ES,ubicar,Indicativo,Pretérito perfecto compuesto,vosotros,habéis ubicado,10,reviewed,
ES,ubicar,Indicativo,Pretérito perfecto compuesto,ellos,han ubicado,10,reviewed,
ES,ubicar,Indicativo,Pretérito imperfecto,yo,ubicaba,10,reviewed,
ES,ubicar,Indicativo,Pretérito imperfecto,tú,ubicabas,10,reviewed,
ES,ubicar,Indicativo,Pretérito imperfecto,él,ubicaba,10,reviewed,
ES,ubicar,Indicativo,Pretérito imperfecto,nosotros,ubicábamos,10,reviewed,
ES,ubicar,Indicativo,Pretérito imperfecto,vosotros,ubicabais,10,reviewed,
ES,ubicar,Indicativo,Pretérito imperfecto,ellos,ubicaban,10,reviewed,
ES,ubicar,Condicional,Condicional,yo,ubicaría,10,reviewed,
ES,ubicar,Condicional,Condicional,tú,ubicarías,10,reviewed,
ES,ubicar,Condicional,Condicional,él,ubicaría,10,reviewed,
ES,ubicar,Condicional,Condicional,nosotros,ubicaríamos,10,reviewed,
ES,ubicar,Condicional,Condicional,vosotros,ubicaríais,10,reviewed,
ES,ubicar,Condicional,Condicional,ellos,ubicarían,10,reviewed,
ES,ubicar,Imperativo,Imperativo,yo,-,10,reviewed,yo imperative placeholder -; no standard form
ES,ubicar,Imperativo,Imperativo,tú,ubica,10,reviewed,
ES,ubicar,Imperativo,Imperativo,él,ubique,10,reviewed,
ES,ubicar,Imperativo,Imperativo,nosotros,ubiquemos,10,reviewed,
ES,ubicar,Imperativo,Imperativo,vosotros,ubicad,10,reviewed,
ES,ubicar,Imperativo,Imperativo,ellos,ubiquen,10,reviewed,
ES,ubicar,Indicativo,Futuro perfecto,yo,habré ubicado,10,reviewed,
ES,ubicar,Indicativo,Futuro perfecto,tú,habrás ubicado,10,reviewed,
ES,ubicar,Indicativo,Futuro perfecto,él,habrá ubicado,10,reviewed,
ES,ubicar,Indicativo,Futuro perfecto,nosotros,habremos ubicado,10,reviewed,
ES,ubicar,Indicativo,Futuro perfecto,vosotros,habréis ubicado,10,reviewed,
ES,ubicar,Indicativo,Futuro perfecto,ellos,habrán ubicado,10,reviewed,
ES,ubicar,Subjuntivo,Subjuntivo presente,yo,ubique,10,reviewed,
ES,ubicar,Subjuntivo,Subjuntivo presente,tú,ubiques,10,reviewed,
ES,ubicar,Subjuntivo,Subjuntivo presente,él,ubique,10,reviewed,
ES,ubicar,Subjuntivo,Subjuntivo presente,nosotros,ubiquemos,10,reviewed,
ES,ubicar,Subjuntivo,Subjuntivo presente,vosotros,ubiquéis,10,reviewed,
ES,ubicar,Subjuntivo,Subjuntivo presente,ellos,ubiquen,10,reviewed,
ES,ubicar,Indicativo,Pretérito perfecto simple,yo,ubiqué,10,reviewed,
ES,ubicar,Indicativo,Pretérito perfecto simple,tú,ubicaste,10,reviewed,
ES,ubicar,Indicativo,Pretérito perfecto simple,él,ubicó,10,reviewed,
ES,ubicar,Indicativo,Pretérito perfecto simple,nosotros,ubicamos,10,reviewed,
ES,ubicar,Indicativo,Pretérito perfecto simple,vosotros,ubicasteis,10,reviewed,
ES,ubicar,Indicativo,Pretérito perfecto simple,ellos,ubicaron,10,reviewed,
ES,ubicar,Indicativo,Pretérito pluscuamperfecto,yo,había ubicado,10,reviewed,
ES,ubicar,Indicativo,Pretérito pluscuamperfecto,tú,habías ubicado,10,reviewed,
ES,ubicar,Indicativo,Pretérito pluscuamperfecto,él,había ubicado,10,reviewed,
ES,ubicar,Indicativo,Pretérito pluscuamperfecto,nosotros,habíamos ubicado,10,reviewed,
ES,ubicar,Indicativo,Pretérito pluscuamperfecto,vosotros,habíais ubicado,10,reviewed,
ES,ubicar,Indicativo,Pretérito pluscuamperfecto,ellos,habían ubicado,10,reviewed,
ES,desprender,Indicativo,Presente,yo,desprendo,10,reviewed,
ES,desprender,Indicativo,Presente,tú,desprendes,10,reviewed,
ES,desprender,Indicativo,Presente,él,desprende,10,reviewed,
ES,desprender,Indicativo,Presente,nosotros,desprendemos,10,reviewed,
ES,desprender,Indicativo,Presente,vosotros,desprendéis,10,reviewed,
ES,desprender,Indicativo,Presente,ellos,desprenden,10,reviewed,
ES,desprender,Indicativo,Futuro,yo,desprenderé,10,reviewed,
ES,desprender,Indicativo,Futuro,tú,desprenderás,10,reviewed,
ES,desprender,Indicativo,Futuro,él,desprenderá,10,reviewed,
ES,desprender,Indicativo,Futuro,nosotros,desprenderemos,10,reviewed,
ES,desprender,Indicativo,Futuro,vosotros,desprenderéis,10,reviewed,
ES,desprender,Indicativo,Futuro,ellos,desprenderán,10,reviewed,
ES,desprender,Indicativo,Pretérito perfecto compuesto,yo,he desprendido,10,reviewed,
ES,desprender,Indicativo,Pretérito perfecto compuesto,tú,has desprendido,10,reviewed,
ES,desprender,Indicativo,Pretérito perfecto compuesto,él,ha desprendido,10,reviewed,
ES,desprender,Indicativo,Pretérito perfecto compuesto,nosotros,hemos desprendido,10,reviewed,
ES,desprender,Indicativo,Pretérito perfecto compuesto,vosotros,habéis desprendido,10,reviewed,
ES,desprender,Indicativo,Pretérito perfecto compuesto,ellos,han desprendido,10,reviewed,
ES,desprender,Indicativo,Pretérito imperfecto,yo,desprendía,10,reviewed,
ES,desprender,Indicativo,Pretérito imperfecto,tú,desprendías,10,reviewed,
ES,desprender,Indicativo,Pretérito imperfecto,él,desprendía,10,reviewed,
ES,desprender,Indicativo,Pretérito imperfecto,nosotros,desprendíamos,10,reviewed,
ES,desprender,Indicativo,Pretérito imperfecto,vosotros,desprendíais,10,reviewed,
ES,desprender,Indicativo,Pretérito imperfecto,ellos,desprendían,10,reviewed,
ES,desprender,Condicional,Condicional,yo,desprendería,10,reviewed,
ES,desprender,Condicional,Condicional,tú,desprenderías,10,reviewed,
ES,desprender,Condicional,Condicional,él,desprendería,10,reviewed,
ES,desprender,Condicional,Condicional,nosotros,desprenderíamos,10,reviewed,
ES,desprender,Condicional,Condicional,vosotros,desprenderíais,10,reviewed,
ES,desprender,Condicional,Condicional,ellos,desprenderían,10,reviewed,
ES,desprender,Imperativo,Imperativo,yo,-,10,reviewed,yo imperative placeholder -; no standard form
ES,desprender,Imperativo,Imperativo,tú,desprende,10,reviewed,
ES,desprender,Imperativo,Imperativo,él,desprenda,10,reviewed,
ES,desprender,Imperativo,Imperativo,nosotros,desprendamos,10,reviewed,
ES,desprender,Imperativo,Imperativo,vosotros,desprended,10,reviewed,
ES,desprender,Imperativo,Imperativo,ellos,desprendan,10,reviewed,
ES,desprender,Indicativo,Futuro perfecto,yo,habré desprendido,10,reviewed,
ES,desprender,Indicativo,Futuro perfecto,tú,habrás desprendido,10,reviewed,
ES,desprender,Indicativo,Futuro perfecto,él,habrá desprendido,10,reviewed,
ES,desprender,Indicativo,Futuro perfecto,nosotros,habremos desprendido,10,reviewed,
ES,desprender,Indicativo,Futuro perfecto,vosotros,habréis desprendido,10,reviewed,
ES,desprender,Indicativo,Futuro perfecto,ellos,habrán desprendido,10,reviewed,
ES,desprender,Subjuntivo,Subjuntivo presente,yo,desprenda,10,reviewed,
ES,desprender,Subjuntivo,Subjuntivo presente,tú,desprendas,10,reviewed,
ES,desprender,Subjuntivo,Subjuntivo presente,él,desprenda,10,reviewed,
ES,desprender,Subjuntivo,Subjuntivo presente,nosotros,desprendamos,10,reviewed,
ES,desprender,Subjuntivo,Subjuntivo presente,vosotros,desprendáis,10,reviewed,
ES,desprender,Subjuntivo,Subjuntivo presente,ellos,desprendan,10,reviewed,
ES,desprender,Indicativo,Pretérito perfecto simple,yo,desprendí,10,reviewed,
ES,desprender,Indicativo,Pretérito perfecto simple,tú,desprendiste,10,reviewed,
ES,desprender,Indicativo,Pretérito perfecto simple,él,desprendió,10,reviewed,
ES,desprender,Indicativo,Pretérito perfecto simple,nosotros,desprendimos,10,reviewed,
ES,desprender,Indicativo,Pretérito perfecto simple,vosotros,desprendisteis,10,reviewed,
ES,desprender,Indicativo,Pretérito perfecto simple,ellos,desprendieron,10,reviewed,
ES,desprender,Indicativo,Pretérito pluscuamperfecto,yo,había desprendido,10,reviewed,
ES,desprender,Indicativo,Pretérito pluscuamperfecto,tú,habías desprendido,10,reviewed,
ES,desprender,Indicativo,Pretérito pluscuamperfecto,él,había desprendido,10,reviewed,
ES,desprender,Indicativo,Pretérito pluscuamperfecto,nosotros,habíamos desprendido,10,reviewed,
ES,desprender,Indicativo,Pretérito pluscuamperfecto,vosotros,habíais desprendido,10,reviewed,
ES,desprender,Indicativo,Pretérito pluscuamperfecto,ellos,habían desprendido,10,reviewed,
ES,separar,Indicativo,Presente,yo,separo,10,reviewed,
ES,separar,Indicativo,Presente,tú,separas,10,reviewed,
ES,separar,Indicativo,Presente,él,separa,10,reviewed,
ES,separar,Indicativo,Presente,nosotros,separamos,10,reviewed,
ES,separar,Indicativo,Presente,vosotros,separáis,10,reviewed,
ES,separar,Indicativo,Presente,ellos,separan,10,reviewed,
ES,separar,Indicativo,Futuro,yo,separaré,10,reviewed,
ES,separar,Indicativo,Futuro,tú,separarás,10,reviewed,
ES,separar,Indicativo,Futuro,él,separará,10,reviewed,
ES,separar,Indicativo,Futuro,nosotros,separaremos,10,reviewed,
ES,separar,Indicativo,Futuro,vosotros,separaréis,10,reviewed,
ES,separar,Indicativo,Futuro,ellos,separarán,10,reviewed,
ES,separar,Indicativo,Pretérito perfecto compuesto,yo,he separado,10,reviewed,
ES,separar,Indicativo,Pretérito perfecto compuesto,tú,has separado,10,reviewed,
ES,separar,Indicativo,Pretérito perfecto compuesto,él,ha separado,10,reviewed,
ES,separar,Indicativo,Pretérito perfecto compuesto,nosotros,hemos separado,10,reviewed,
ES,separar,Indicativo,Pretérito perfecto compuesto,vosotros,habéis separado,10,reviewed,
ES,separar,Indicativo,Pretérito perfecto compuesto,ellos,han separado,10,reviewed,
ES,separar,Indicativo,Pretérito imperfecto,yo,separaba,10,reviewed,
ES,separar,Indicativo,Pretérito imperfecto,tú,separabas,10,reviewed,
ES,separar,Indicativo,Pretérito imperfecto,él,separaba,10,reviewed,
ES,separar,Indicativo,Pretérito imperfecto,nosotros,separábamos,10,reviewed,
ES,separar,Indicativo,Pretérito imperfecto,vosotros,separabais,10,reviewed,
ES,separar,Indicativo,Pretérito imperfecto,ellos,separaban,10,reviewed,
ES,separar,Condicional,Condicional,yo,separaría,10,reviewed,
ES,separar,Condicional,Condicional,tú,separarías,10,reviewed,
ES,separar,Condicional,Condicional,él,separaría,10,reviewed,
ES,separar,Condicional,Condicional,nosotros,separaríamos,10,reviewed,
ES,separar,Condicional,Condicional,vosotros,separaríais,10,reviewed,
ES,separar,Condicional,Condicional,ellos,separarían,10,reviewed,
ES,separar,Imperativo,Imperativo,yo,-,10,reviewed,yo imperative placeholder -; no standard form
ES,separar,Imperativo,Imperativo,tú,separa,10,reviewed,
ES,separar,Imperativo,Imperativo,él,separe,10,reviewed,
ES,separar,Imperativo,Imperativo,nosotros,separemos,10,reviewed,
ES,separar,Imperativo,Imperativo,vosotros,separad,10,reviewed,
ES,separar,Imperativo,Imperativo,ellos,separen,10,reviewed,
ES,separar,Indicativo,Futuro perfecto,yo,habré separado,10,reviewed,
ES,separar,Indicativo,Futuro perfecto,tú,habrás separado,10,reviewed,
ES,separar,Indicativo,Futuro perfecto,él,habrá separado,10,reviewed,
ES,separar,Indicativo,Futuro perfecto,nosotros,habremos separado,10,reviewed,
ES,separar,Indicativo,Futuro perfecto,vosotros,habréis separado,10,reviewed,
ES,separar,Indicativo,Futuro perfecto,ellos,habrán separado,10,reviewed,
ES,separar,Subjuntivo,Subjuntivo presente,yo,separe,10,reviewed,
ES,separar,Subjuntivo,Subjuntivo presente,tú,separes,10,reviewed,
ES,separar,Subjuntivo,Subjuntivo presente,él,separe,10,reviewed,
ES,separar,Subjuntivo,Subjuntivo presente,nosotros,separemos,10,reviewed,
ES,separar,Subjuntivo,Subjuntivo presente,vosotros,separéis,10,reviewed,
ES,separar,Subjuntivo,Subjuntivo presente,ellos,separen,10,reviewed,
ES,separar,Indicativo,Pretérito perfecto simple,yo,separé,10,reviewed,
ES,separar,Indicativo,Pretérito perfecto simple,tú,separaste,10,reviewed,
ES,separar,Indicativo,Pretérito perfecto simple,él,separó,10,reviewed,
ES,separar,Indicativo,Pretérito perfecto simple,nosotros,separamos,10,reviewed,
ES,separar,Indicativo,Pretérito perfecto simple,vosotros,separasteis,10,reviewed,
ES,separar,Indicativo,Pretérito perfecto simple,ellos,separaron,10,reviewed,
ES,separar,Indicativo,Pretérito pluscuamperfecto,yo,había separado,10,reviewed,
ES,separar,Indicativo,Pretérito pluscuamperfecto,tú,habías separado,10,reviewed,
ES,separar,Indicativo,Pretérito pluscuamperfecto,él,había separado,10,reviewed,
ES,separar,Indicativo,Pretérito pluscuamperfecto,nosotros,habíamos separado,10,reviewed,
ES,separar,Indicativo,Pretérito pluscuamperfecto,vosotros,habíais separado,10,reviewed,
ES,separar,Indicativo,Pretérito pluscuamperfecto,ellos,habían separado,10,reviewed,
ES,funcionar,Indicativo,Presente,yo,funciono,10,reviewed,
ES,funcionar,Indicativo,Presente,tú,funcionas,10,reviewed,
ES,funcionar,Indicativo,Presente,él,funciona,10,reviewed,
ES,funcionar,Indicativo,Presente,nosotros,funcionamos,10,reviewed,
ES,funcionar,Indicativo,Presente,vosotros,funcionáis,10,reviewed,
ES,funcionar,Indicativo,Presente,ellos,funcionan,10,reviewed,
ES,funcionar,Indicativo,Futuro,yo,funcionaré,10,reviewed,
ES,funcionar,Indicativo,Futuro,tú,funcionarás,10,reviewed,
ES,funcionar,Indicativo,Futuro,él,funcionará,10,reviewed,
ES,funcionar,Indicativo,Futuro,nosotros,funcionaremos,10,reviewed,
ES,funcionar,Indicativo,Futuro,vosotros,funcionaréis,10,reviewed,
ES,funcionar,Indicativo,Futuro,ellos,funcionarán,10,reviewed,
ES,funcionar,Indicativo,Pretérito perfecto compuesto,yo,he funcionado,10,reviewed,
ES,funcionar,Indicativo,Pretérito perfecto compuesto,tú,has funcionado,10,reviewed,
ES,funcionar,Indicativo,Pretérito perfecto compuesto,él,ha funcionado,10,reviewed,
ES,funcionar,Indicativo,Pretérito perfecto compuesto,nosotros,hemos funcionado,10,reviewed,
ES,funcionar,Indicativo,Pretérito perfecto compuesto,vosotros,habéis funcionado,10,reviewed,
ES,funcionar,Indicativo,Pretérito perfecto compuesto,ellos,han funcionado,10,reviewed,
ES,funcionar,Indicativo,Pretérito imperfecto,yo,funcionaba,10,reviewed,
ES,funcionar,Indicativo,Pretérito imperfecto,tú,funcionabas,10,reviewed,
ES,funcionar,Indicativo,Pretérito imperfecto,él,funcionaba,10,reviewed,
ES,funcionar,Indicativo,Pretérito imperfecto,nosotros,funcionábamos,10,reviewed,
ES,funcionar,Indicativo,Pretérito imperfecto,vosotros,funcionabais,10,reviewed,
ES,funcionar,Indicativo,Pretérito imperfecto,ellos,funcionaban,10,reviewed,
ES,funcionar,Condicional,Condicional,yo,funcionaría,10,reviewed,
ES,funcionar,Condicional,Condicional,tú,funcionarías,10,reviewed,
ES,funcionar,Condicional,Condicional,él,funcionaría,10,reviewed,
ES,funcionar,Condicional,Condicional,nosotros,funcionaríamos,10,reviewed,
ES,funcionar,Condicional,Condicional,vosotros,funcionaríais,10,reviewed,
ES,funcionar,Condicional,Condicional,ellos,funcionarían,10,reviewed,
ES,funcionar,Imperativo,Imperativo,yo,-,10,reviewed,yo imperative placeholder -; no standard form
ES,funcionar,Imperativo,Imperativo,tú,funciona,10,reviewed,
ES,funcionar,Imperativo,Imperativo,él,funcione,10,reviewed,
ES,funcionar,Imperativo,Imperativo,nosotros,funcionemos,10,reviewed,
ES,funcionar,Imperativo,Imperativo,vosotros,funcionad,10,reviewed,
ES,funcionar,Imperativo,Imperativo,ellos,funcionen,10,reviewed,
ES,funcionar,Indicativo,Futuro perfecto,yo,habré funcionado,10,reviewed,
ES,funcionar,Indicativo,Futuro perfecto,tú,habrás funcionado,10,reviewed,
ES,funcionar,Indicativo,Futuro perfecto,él,habrá funcionado,10,reviewed,
ES,funcionar,Indicativo,Futuro perfecto,nosotros,habremos funcionado,10,reviewed,
ES,funcionar,Indicativo,Futuro perfecto,vosotros,habréis funcionado,10,reviewed,
ES,funcionar,Indicativo,Futuro perfecto,ellos,habrán funcionado,10,reviewed,
ES,funcionar,Subjuntivo,Subjuntivo presente,yo,funcione,10,reviewed,
ES,funcionar,Subjuntivo,Subjuntivo presente,tú,funciones,10,reviewed,
ES,funcionar,Subjuntivo,Subjuntivo presente,él,funcione,10,reviewed,
ES,funcionar,Subjuntivo,Subjuntivo presente,nosotros,funcionemos,10,reviewed,
ES,funcionar,Subjuntivo,Subjuntivo presente,vosotros,funcionéis,10,reviewed,
ES,funcionar,Subjuntivo,Subjuntivo presente,ellos,funcionen,10,reviewed,
ES,funcionar,Indicativo,Pretérito perfecto simple,yo,funcioné,10,reviewed,
ES,funcionar,Indicativo,Pretérito perfecto simple,tú,funcionaste,10,reviewed,
ES,funcionar,Indicativo,Pretérito perfecto simple,él,funcionó,10,reviewed,
ES,funcionar,Indicativo,Pretérito perfecto simple,nosotros,funcionamos,10,reviewed,
ES,funcionar,Indicativo,Pretérito perfecto simple,vosotros,funcionasteis,10,reviewed,
ES,funcionar,Indicativo,Pretérito perfecto simple,ellos,funcionaron,10,reviewed,
ES,funcionar,Indicativo,Pretérito pluscuamperfecto,yo,había funcionado,10,reviewed,
ES,funcionar,Indicativo,Pretérito pluscuamperfecto,tú,habías funcionado,10,reviewed,
ES,funcionar,Indicativo,Pretérito pluscuamperfecto,él,había funcionado,10,reviewed,
ES,funcionar,Indicativo,Pretérito pluscuamperfecto,nosotros,habíamos funcionado,10,reviewed,
ES,funcionar,Indicativo,Pretérito pluscuamperfecto,vosotros,habíais funcionado,10,reviewed,
ES,funcionar,Indicativo,Pretérito pluscuamperfecto,ellos,habían funcionado,10,reviewed,
ES,tranquilizar,Indicativo,Presente,yo,tranquilizo,10,reviewed,
ES,tranquilizar,Indicativo,Presente,tú,tranquilizas,10,reviewed,
ES,tranquilizar,Indicativo,Presente,él,tranquiliza,10,reviewed,
ES,tranquilizar,Indicativo,Presente,nosotros,tranquilizamos,10,reviewed,
ES,tranquilizar,Indicativo,Presente,vosotros,tranquilizáis,10,reviewed,
ES,tranquilizar,Indicativo,Presente,ellos,tranquilizan,10,reviewed,
ES,tranquilizar,Indicativo,Futuro,yo,tranquilizaré,10,reviewed,
ES,tranquilizar,Indicativo,Futuro,tú,tranquilizarás,10,reviewed,
ES,tranquilizar,Indicativo,Futuro,él,tranquilizará,10,reviewed,
ES,tranquilizar,Indicativo,Futuro,nosotros,tranquilizaremos,10,reviewed,
ES,tranquilizar,Indicativo,Futuro,vosotros,tranquilizaréis,10,reviewed,
ES,tranquilizar,Indicativo,Futuro,ellos,tranquilizarán,10,reviewed,
ES,tranquilizar,Indicativo,Pretérito perfecto compuesto,yo,he tranquilizado,10,reviewed,
ES,tranquilizar,Indicativo,Pretérito perfecto compuesto,tú,has tranquilizado,10,reviewed,
ES,tranquilizar,Indicativo,Pretérito perfecto compuesto,él,ha tranquilizado,10,reviewed,
ES,tranquilizar,Indicativo,Pretérito perfecto compuesto,nosotros,hemos tranquilizado,10,reviewed,
ES,tranquilizar,Indicativo,Pretérito perfecto compuesto,vosotros,habéis tranquilizado,10,reviewed,
ES,tranquilizar,Indicativo,Pretérito perfecto compuesto,ellos,han tranquilizado,10,reviewed,
ES,tranquilizar,Indicativo,Pretérito imperfecto,yo,tranquilizaba,10,reviewed,
ES,tranquilizar,Indicativo,Pretérito imperfecto,tú,tranquilizabas,10,reviewed,
ES,tranquilizar,Indicativo,Pretérito imperfecto,él,tranquilizaba,10,reviewed,
ES,tranquilizar,Indicativo,Pretérito imperfecto,nosotros,tranquilizábamos,10,reviewed,
ES,tranquilizar,Indicativo,Pretérito imperfecto,vosotros,tranquilizabais,10,reviewed,
ES,tranquilizar,Indicativo,Pretérito imperfecto,ellos,tranquilizaban,10,reviewed,
ES,tranquilizar,Condicional,Condicional,yo,tranquilizaría,10,reviewed,
ES,tranquilizar,Condicional,Condicional,tú,tranquilizarías,10,reviewed,
ES,tranquilizar,Condicional,Condicional,él,tranquilizaría,10,reviewed,
ES,tranquilizar,Condicional,Condicional,nosotros,tranquilizaríamos,10,reviewed,
ES,tranquilizar,Condicional,Condicional,vosotros,tranquilizaríais,10,reviewed,
ES,tranquilizar,Condicional,Condicional,ellos,tranquilizarían,10,reviewed,
ES,tranquilizar,Imperativo,Imperativo,yo,-,10,reviewed,yo imperative placeholder -; no standard form
ES,tranquilizar,Imperativo,Imperativo,tú,tranquiliza,10,reviewed,
ES,tranquilizar,Imperativo,Imperativo,él,tranquilice,10,reviewed,
ES,tranquilizar,Imperativo,Imperativo,nosotros,tranquilicemos,10,reviewed,
ES,tranquilizar,Imperativo,Imperativo,vosotros,tranquilizad,10,reviewed,
ES,tranquilizar,Imperativo,Imperativo,ellos,tranquilicen,10,reviewed,
ES,tranquilizar,Indicativo,Futuro perfecto,yo,habré tranquilizado,10,reviewed,
ES,tranquilizar,Indicativo,Futuro perfecto,tú,habrás tranquilizado,10,reviewed,
ES,tranquilizar,Indicativo,Futuro perfecto,él,habrá tranquilizado,10,reviewed,
ES,tranquilizar,Indicativo,Futuro perfecto,nosotros,habremos tranquilizado,10,reviewed,
ES,tranquilizar,Indicativo,Futuro perfecto,vosotros,habréis tranquilizado,10,reviewed,
ES,tranquilizar,Indicativo,Futuro perfecto,ellos,habrán tranquilizado,10,reviewed,
ES,tranquilizar,Subjuntivo,Subjuntivo presente,yo,tranquilice,10,reviewed,
ES,tranquilizar,Subjuntivo,Subjuntivo presente,tú,tranquilices,10,reviewed,
ES,tranquilizar,Subjuntivo,Subjuntivo presente,él,tranquilice,10,reviewed,
ES,tranquilizar,Subjuntivo,Subjuntivo presente,nosotros,tranquilicemos,10,reviewed,
ES,tranquilizar,Subjuntivo,Subjuntivo presente,vosotros,tranquilicéis,10,reviewed,
ES,tranquilizar,Subjuntivo,Subjuntivo presente,ellos,tranquilicen,10,reviewed,
ES,tranquilizar,Indicativo,Pretérito perfecto simple,yo,tranquilicé,10,reviewed,
ES,tranquilizar,Indicativo,Pretérito perfecto simple,tú,tranquilizaste,10,reviewed,
ES,tranquilizar,Indicativo,Pretérito perfecto simple,él,tranquilizó,10,reviewed,
ES,tranquilizar,Indicativo,Pretérito perfecto simple,nosotros,tranquilizamos,10,reviewed,
ES,tranquilizar,Indicativo,Pretérito perfecto simple,vosotros,tranquilizasteis,10,reviewed,
ES,tranquilizar,Indicativo,Pretérito perfecto simple,ellos,tranquilizaron,10,reviewed,
ES,tranquilizar,Indicativo,Pretérito pluscuamperfecto,yo,había tranquilizado,10,reviewed,
ES,tranquilizar,Indicativo,Pretérito pluscuamperfecto,tú,habías tranquilizado,10,reviewed,
ES,tranquilizar,Indicativo,Pretérito pluscuamperfecto,él,había tranquilizado,10,reviewed,
ES,tranquilizar,Indicativo,Pretérito pluscuamperfecto,nosotros,habíamos tranquilizado,10,reviewed,
ES,tranquilizar,Indicativo,Pretérito pluscuamperfecto,vosotros,habíais tranquilizado,10,reviewed,
ES,tranquilizar,Indicativo,Pretérito pluscuamperfecto,ellos,habían tranquilizado,10,reviewed,
ES,tragar,Indicativo,Presente,yo,trago,10,reviewed,
ES,tragar,Indicativo,Presente,tú,tragas,10,reviewed,
ES,tragar,Indicativo,Presente,él,traga,10,reviewed,
ES,tragar,Indicativo,Presente,nosotros,tragamos,10,reviewed,
ES,tragar,Indicativo,Presente,vosotros,tragáis,10,reviewed,
ES,tragar,Indicativo,Presente,ellos,tragan,10,reviewed,
ES,tragar,Indicativo,Futuro,yo,tragaré,10,reviewed,
ES,tragar,Indicativo,Futuro,tú,tragarás,10,reviewed,
ES,tragar,Indicativo,Futuro,él,tragará,10,reviewed,
ES,tragar,Indicativo,Futuro,nosotros,tragaremos,10,reviewed,
ES,tragar,Indicativo,Futuro,vosotros,tragaréis,10,reviewed,
ES,tragar,Indicativo,Futuro,ellos,tragarán,10,reviewed,
ES,tragar,Indicativo,Pretérito perfecto compuesto,yo,he tragado,10,reviewed,
ES,tragar,Indicativo,Pretérito perfecto compuesto,tú,has tragado,10,reviewed,
ES,tragar,Indicativo,Pretérito perfecto compuesto,él,ha tragado,10,reviewed,
ES,tragar,Indicativo,Pretérito perfecto compuesto,nosotros,hemos tragado,10,reviewed,
ES,tragar,Indicativo,Pretérito perfecto compuesto,vosotros,habéis tragado,10,reviewed,
ES,tragar,Indicativo,Pretérito perfecto compuesto,ellos,han tragado,10,reviewed,
ES,tragar,Indicativo,Pretérito imperfecto,yo,tragaba,10,reviewed,
ES,tragar,Indicativo,Pretérito imperfecto,tú,tragabas,10,reviewed,
ES,tragar,Indicativo,Pretérito imperfecto,él,tragaba,10,reviewed,
ES,tragar,Indicativo,Pretérito imperfecto,nosotros,tragábamos,10,reviewed,
ES,tragar,Indicativo,Pretérito imperfecto,vosotros,tragabais,10,reviewed,
ES,tragar,Indicativo,Pretérito imperfecto,ellos,tragaban,10,reviewed,
ES,tragar,Condicional,Condicional,yo,tragaría,10,reviewed,
ES,tragar,Condicional,Condicional,tú,tragarías,10,reviewed,
ES,tragar,Condicional,Condicional,él,tragaría,10,reviewed,
ES,tragar,Condicional,Condicional,nosotros,tragaríamos,10,reviewed,
ES,tragar,Condicional,Condicional,vosotros,tragaríais,10,reviewed,
ES,tragar,Condicional,Condicional,ellos,tragarían,10,reviewed,
ES,tragar,Imperativo,Imperativo,yo,-,10,reviewed,yo imperative placeholder -; no standard form
ES,tragar,Imperativo,Imperativo,tú,traga,10,reviewed,
ES,tragar,Imperativo,Imperativo,él,trague,10,reviewed,
ES,tragar,Imperativo,Imperativo,nosotros,traguemos,10,reviewed,
ES,tragar,Imperativo,Imperativo,vosotros,tragad,10,reviewed,
ES,tragar,Imperativo,Imperativo,ellos,traguen,10,reviewed,
ES,tragar,Indicativo,Futuro perfecto,yo,habré tragado,10,reviewed,
ES,tragar,Indicativo,Futuro perfecto,tú,habrás tragado,10,reviewed,
ES,tragar,Indicativo,Futuro perfecto,él,habrá tragado,10,reviewed,
ES,tragar,Indicativo,Futuro perfecto,nosotros,habremos tragado,10,reviewed,
ES,tragar,Indicativo,Futuro perfecto,vosotros,habréis tragado,10,reviewed,
ES,tragar,Indicativo,Futuro perfecto,ellos,habrán tragado,10,reviewed,
ES,tragar,Subjuntivo,Subjuntivo presente,yo,trague,10,reviewed,
ES,tragar,Subjuntivo,Subjuntivo presente,tú,tragues,10,reviewed,
ES,tragar,Subjuntivo,Subjuntivo presente,él,trague,10,reviewed,
ES,tragar,Subjuntivo,Subjuntivo presente,nosotros,traguemos,10,reviewed,
ES,tragar,Subjuntivo,Subjuntivo presente,vosotros,traguéis,10,reviewed,
ES,tragar,Subjuntivo,Subjuntivo presente,ellos,traguen,10,reviewed,
ES,tragar,Indicativo,Pretérito perfecto simple,yo,tragué,10,reviewed,
ES,tragar,Indicativo,Pretérito perfecto simple,tú,tragaste,10,reviewed,
ES,tragar,Indicativo,Pretérito perfecto simple,él,tragó,10,reviewed,
ES,tragar,Indicativo,Pretérito perfecto simple,nosotros,tragamos,10,reviewed,
ES,tragar,Indicativo,Pretérito perfecto simple,vosotros,tragasteis,10,reviewed,
ES,tragar,Indicativo,Pretérito perfecto simple,ellos,tragaron,10,reviewed,
ES,tragar,Indicativo,Pretérito pluscuamperfecto,yo,había tragado,10,reviewed,
ES,tragar,Indicativo,Pretérito pluscuamperfecto,tú,habías tragado,10,reviewed,
ES,tragar,Indicativo,Pretérito pluscuamperfecto,él,había tragado,10,reviewed,
ES,tragar,Indicativo,Pretérito pluscuamperfecto,nosotros,habíamos tragado,10,reviewed,
ES,tragar,Indicativo,Pretérito pluscuamperfecto,vosotros,habíais tragado,10,reviewed,
ES,tragar,Indicativo,Pretérito pluscuamperfecto,ellos,habían tragado,10,reviewed,
ES,asociar,Indicativo,Presente,yo,asocio,10,reviewed,
ES,asociar,Indicativo,Presente,tú,asocias,10,reviewed,
ES,asociar,Indicativo,Presente,él,asocia,10,reviewed,
ES,asociar,Indicativo,Presente,nosotros,asociamos,10,reviewed,
ES,asociar,Indicativo,Presente,vosotros,asociáis,10,reviewed,
ES,asociar,Indicativo,Presente,ellos,asocian,10,reviewed,
ES,asociar,Indicativo,Futuro,yo,asociaré,10,reviewed,
ES,asociar,Indicativo,Futuro,tú,asociarás,10,reviewed,
ES,asociar,Indicativo,Futuro,él,asociará,10,reviewed,
ES,asociar,Indicativo,Futuro,nosotros,asociaremos,10,reviewed,
ES,asociar,Indicativo,Futuro,vosotros,asociaréis,10,reviewed,
ES,asociar,Indicativo,Futuro,ellos,asociarán,10,reviewed,
ES,asociar,Indicativo,Pretérito perfecto compuesto,yo,he asociado,10,reviewed,
ES,asociar,Indicativo,Pretérito perfecto compuesto,tú,has asociado,10,reviewed,
ES,asociar,Indicativo,Pretérito perfecto compuesto,él,ha asociado,10,reviewed,
ES,asociar,Indicativo,Pretérito perfecto compuesto,nosotros,hemos asociado,10,reviewed,
ES,asociar,Indicativo,Pretérito perfecto compuesto,vosotros,habéis asociado,10,reviewed,
ES,asociar,Indicativo,Pretérito perfecto compuesto,ellos,han asociado,10,reviewed,
ES,asociar,Indicativo,Pretérito imperfecto,yo,asociaba,10,reviewed,
ES,asociar,Indicativo,Pretérito imperfecto,tú,asociabas,10,reviewed,
ES,asociar,Indicativo,Pretérito imperfecto,él,asociaba,10,reviewed,
ES,asociar,Indicativo,Pretérito imperfecto,nosotros,asociábamos,10,reviewed,
ES,asociar,Indicativo,Pretérito imperfecto,vosotros,asociabais,10,reviewed,
ES,asociar,Indicativo,Pretérito imperfecto,ellos,asociaban,10,reviewed,
ES,asociar,Condicional,Condicional,yo,asociaría,10,reviewed,
ES,asociar,Condicional,Condicional,tú,asociarías,10,reviewed,
ES,asociar,Condicional,Condicional,él,asociaría,10,reviewed,
ES,asociar,Condicional,Condicional,nosotros,asociaríamos,10,reviewed,
ES,asociar,Condicional,Condicional,vosotros,asociaríais,10,reviewed,
ES,asociar,Condicional,Condicional,ellos,asociarían,10,reviewed,
ES,asociar,Imperativo,Imperativo,yo,-,10,reviewed,yo imperative placeholder -; no standard form
ES,asociar,Imperativo,Imperativo,tú,asocia,10,reviewed,
ES,asociar,Imperativo,Imperativo,él,asocie,10,reviewed,
ES,asociar,Imperativo,Imperativo,nosotros,asociemos,10,reviewed,
ES,asociar,Imperativo,Imperativo,vosotros,asociad,10,reviewed,
ES,asociar,Imperativo,Imperativo,ellos,asocien,10,reviewed,
ES,asociar,Indicativo,Futuro perfecto,yo,habré asociado,10,reviewed,
ES,asociar,Indicativo,Futuro perfecto,tú,habrás asociado,10,reviewed,
ES,asociar,Indicativo,Futuro perfecto,él,habrá asociado,10,reviewed,
ES,asociar,Indicativo,Futuro perfecto,nosotros,habremos asociado,10,reviewed,
ES,asociar,Indicativo,Futuro perfecto,vosotros,habréis asociado,10,reviewed,
ES,asociar,Indicativo,Futuro perfecto,ellos,habrán asociado,10,reviewed,
ES,asociar,Subjuntivo,Subjuntivo presente,yo,asocie,10,reviewed,
ES,asociar,Subjuntivo,Subjuntivo presente,tú,asocies,10,reviewed,
ES,asociar,Subjuntivo,Subjuntivo presente,él,asocie,10,reviewed,
ES,asociar,Subjuntivo,Subjuntivo presente,nosotros,asociemos,10,reviewed,
ES,asociar,Subjuntivo,Subjuntivo presente,vosotros,asociéis,10,reviewed,
ES,asociar,Subjuntivo,Subjuntivo presente,ellos,asocien,10,reviewed,
ES,asociar,Indicativo,Pretérito perfecto simple,yo,asocié,10,reviewed,
ES,asociar,Indicativo,Pretérito perfecto simple,tú,asociaste,10,reviewed,
ES,asociar,Indicativo,Pretérito perfecto simple,él,asoció,10,reviewed,
ES,asociar,Indicativo,Pretérito perfecto simple,nosotros,asociamos,10,reviewed,
ES,asociar,Indicativo,Pretérito perfecto simple,vosotros,asociasteis,10,reviewed,
ES,asociar,Indicativo,Pretérito perfecto simple,ellos,asociaron,10,reviewed,
ES,asociar,Indicativo,Pretérito pluscuamperfecto,yo,había asociado,10,reviewed,
ES,asociar,Indicativo,Pretérito pluscuamperfecto,tú,habías asociado,10,reviewed,
ES,asociar,Indicativo,Pretérito pluscuamperfecto,él,había asociado,10,reviewed,
ES,asociar,Indicativo,Pretérito pluscuamperfecto,nosotros,habíamos asociado,10,reviewed,
ES,asociar,Indicativo,Pretérito pluscuamperfecto,vosotros,habíais asociado,10,reviewed,
ES,asociar,Indicativo,Pretérito pluscuamperfecto,ellos,habían asociado,10,reviewed,
ES,reunir,Indicativo,Presente,yo,reúno,10,reviewed,accent-sensitive paradigm; QA recommended
ES,reunir,Indicativo,Presente,tú,reúnes,10,reviewed,accent-sensitive paradigm; QA recommended
ES,reunir,Indicativo,Presente,él,reúne,10,reviewed,accent-sensitive paradigm; QA recommended
ES,reunir,Indicativo,Presente,nosotros,reunimos,10,reviewed,accent-sensitive paradigm; QA recommended
ES,reunir,Indicativo,Presente,vosotros,reunís,10,reviewed,accent-sensitive paradigm; QA recommended
ES,reunir,Indicativo,Presente,ellos,reúnen,10,reviewed,accent-sensitive paradigm; QA recommended
ES,reunir,Indicativo,Futuro,yo,reuniré,10,reviewed,accent-sensitive paradigm; QA recommended
ES,reunir,Indicativo,Futuro,tú,reunirás,10,reviewed,accent-sensitive paradigm; QA recommended
ES,reunir,Indicativo,Futuro,él,reunirá,10,reviewed,accent-sensitive paradigm; QA recommended
ES,reunir,Indicativo,Futuro,nosotros,reuniremos,10,reviewed,accent-sensitive paradigm; QA recommended
ES,reunir,Indicativo,Futuro,vosotros,reuniréis,10,reviewed,accent-sensitive paradigm; QA recommended
ES,reunir,Indicativo,Futuro,ellos,reunirán,10,reviewed,accent-sensitive paradigm; QA recommended
ES,reunir,Indicativo,Pretérito perfecto compuesto,yo,he reunido,10,reviewed,accent-sensitive paradigm; QA recommended
ES,reunir,Indicativo,Pretérito perfecto compuesto,tú,has reunido,10,reviewed,accent-sensitive paradigm; QA recommended
ES,reunir,Indicativo,Pretérito perfecto compuesto,él,ha reunido,10,reviewed,accent-sensitive paradigm; QA recommended
ES,reunir,Indicativo,Pretérito perfecto compuesto,nosotros,hemos reunido,10,reviewed,accent-sensitive paradigm; QA recommended
ES,reunir,Indicativo,Pretérito perfecto compuesto,vosotros,habéis reunido,10,reviewed,accent-sensitive paradigm; QA recommended
ES,reunir,Indicativo,Pretérito perfecto compuesto,ellos,han reunido,10,reviewed,accent-sensitive paradigm; QA recommended
ES,reunir,Indicativo,Pretérito imperfecto,yo,reunía,10,reviewed,accent-sensitive paradigm; QA recommended
ES,reunir,Indicativo,Pretérito imperfecto,tú,reunías,10,reviewed,accent-sensitive paradigm; QA recommended
ES,reunir,Indicativo,Pretérito imperfecto,él,reunía,10,reviewed,accent-sensitive paradigm; QA recommended
ES,reunir,Indicativo,Pretérito imperfecto,nosotros,reuníamos,10,reviewed,accent-sensitive paradigm; QA recommended
ES,reunir,Indicativo,Pretérito imperfecto,vosotros,reuníais,10,reviewed,accent-sensitive paradigm; QA recommended
ES,reunir,Indicativo,Pretérito imperfecto,ellos,reunían,10,reviewed,accent-sensitive paradigm; QA recommended
ES,reunir,Condicional,Condicional,yo,reuniría,10,reviewed,accent-sensitive paradigm; QA recommended
ES,reunir,Condicional,Condicional,tú,reunirías,10,reviewed,accent-sensitive paradigm; QA recommended
ES,reunir,Condicional,Condicional,él,reuniría,10,reviewed,accent-sensitive paradigm; QA recommended
ES,reunir,Condicional,Condicional,nosotros,reuniríamos,10,reviewed,accent-sensitive paradigm; QA recommended
ES,reunir,Condicional,Condicional,vosotros,reuniríais,10,reviewed,accent-sensitive paradigm; QA recommended
ES,reunir,Condicional,Condicional,ellos,reunirían,10,reviewed,accent-sensitive paradigm; QA recommended
ES,reunir,Imperativo,Imperativo,yo,-,10,reviewed,accent-sensitive paradigm; yo imperative placeholder -; QA recommended
ES,reunir,Imperativo,Imperativo,tú,reúne,10,reviewed,accent-sensitive paradigm; QA recommended
ES,reunir,Imperativo,Imperativo,él,reúna,10,reviewed,accent-sensitive paradigm; QA recommended
ES,reunir,Imperativo,Imperativo,nosotros,reunamos,10,reviewed,accent-sensitive paradigm; QA recommended
ES,reunir,Imperativo,Imperativo,vosotros,reunid,10,reviewed,accent-sensitive paradigm; QA recommended
ES,reunir,Imperativo,Imperativo,ellos,reúnan,10,reviewed,accent-sensitive paradigm; QA recommended
ES,reunir,Indicativo,Futuro perfecto,yo,habré reunido,10,reviewed,accent-sensitive paradigm; QA recommended
ES,reunir,Indicativo,Futuro perfecto,tú,habrás reunido,10,reviewed,accent-sensitive paradigm; QA recommended
ES,reunir,Indicativo,Futuro perfecto,él,habrá reunido,10,reviewed,accent-sensitive paradigm; QA recommended
ES,reunir,Indicativo,Futuro perfecto,nosotros,habremos reunido,10,reviewed,accent-sensitive paradigm; QA recommended
ES,reunir,Indicativo,Futuro perfecto,vosotros,habréis reunido,10,reviewed,accent-sensitive paradigm; QA recommended
ES,reunir,Indicativo,Futuro perfecto,ellos,habrán reunido,10,reviewed,accent-sensitive paradigm; QA recommended
ES,reunir,Subjuntivo,Subjuntivo presente,yo,reúna,10,reviewed,accent-sensitive paradigm; QA recommended
ES,reunir,Subjuntivo,Subjuntivo presente,tú,reúnas,10,reviewed,accent-sensitive paradigm; QA recommended
ES,reunir,Subjuntivo,Subjuntivo presente,él,reúna,10,reviewed,accent-sensitive paradigm; QA recommended
ES,reunir,Subjuntivo,Subjuntivo presente,nosotros,reunamos,10,reviewed,accent-sensitive paradigm; QA recommended
ES,reunir,Subjuntivo,Subjuntivo presente,vosotros,reunáis,10,reviewed,accent-sensitive paradigm; QA recommended
ES,reunir,Subjuntivo,Subjuntivo presente,ellos,reúnan,10,reviewed,accent-sensitive paradigm; QA recommended
ES,reunir,Indicativo,Pretérito perfecto simple,yo,reuní,10,reviewed,accent-sensitive paradigm; QA recommended
ES,reunir,Indicativo,Pretérito perfecto simple,tú,reuniste,10,reviewed,accent-sensitive paradigm; QA recommended
ES,reunir,Indicativo,Pretérito perfecto simple,él,reunió,10,reviewed,accent-sensitive paradigm; QA recommended
ES,reunir,Indicativo,Pretérito perfecto simple,nosotros,reunimos,10,reviewed,accent-sensitive paradigm; QA recommended
ES,reunir,Indicativo,Pretérito perfecto simple,vosotros,reunisteis,10,reviewed,accent-sensitive paradigm; QA recommended
ES,reunir,Indicativo,Pretérito perfecto simple,ellos,reunieron,10,reviewed,accent-sensitive paradigm; QA recommended
ES,reunir,Indicativo,Pretérito pluscuamperfecto,yo,había reunido,10,reviewed,accent-sensitive paradigm; QA recommended
ES,reunir,Indicativo,Pretérito pluscuamperfecto,tú,habías reunido,10,reviewed,accent-sensitive paradigm; QA recommended
ES,reunir,Indicativo,Pretérito pluscuamperfecto,él,había reunido,10,reviewed,accent-sensitive paradigm; QA recommended
ES,reunir,Indicativo,Pretérito pluscuamperfecto,nosotros,habíamos reunido,10,reviewed,accent-sensitive paradigm; QA recommended
ES,reunir,Indicativo,Pretérito pluscuamperfecto,vosotros,habíais reunido,10,reviewed,accent-sensitive paradigm; QA recommended
ES,reunir,Indicativo,Pretérito pluscuamperfecto,ellos,habían reunido,10,reviewed,accent-sensitive paradigm; QA recommended
ES,juntar,Indicativo,Presente,yo,junto,10,reviewed,
ES,juntar,Indicativo,Presente,tú,juntas,10,reviewed,
ES,juntar,Indicativo,Presente,él,junta,10,reviewed,
ES,juntar,Indicativo,Presente,nosotros,juntamos,10,reviewed,
ES,juntar,Indicativo,Presente,vosotros,juntáis,10,reviewed,
ES,juntar,Indicativo,Presente,ellos,juntan,10,reviewed,
ES,juntar,Indicativo,Futuro,yo,juntaré,10,reviewed,
ES,juntar,Indicativo,Futuro,tú,juntarás,10,reviewed,
ES,juntar,Indicativo,Futuro,él,juntará,10,reviewed,
ES,juntar,Indicativo,Futuro,nosotros,juntaremos,10,reviewed,
ES,juntar,Indicativo,Futuro,vosotros,juntaréis,10,reviewed,
ES,juntar,Indicativo,Futuro,ellos,juntarán,10,reviewed,
ES,juntar,Indicativo,Pretérito perfecto compuesto,yo,he juntado,10,reviewed,
ES,juntar,Indicativo,Pretérito perfecto compuesto,tú,has juntado,10,reviewed,
ES,juntar,Indicativo,Pretérito perfecto compuesto,él,ha juntado,10,reviewed,
ES,juntar,Indicativo,Pretérito perfecto compuesto,nosotros,hemos juntado,10,reviewed,
ES,juntar,Indicativo,Pretérito perfecto compuesto,vosotros,habéis juntado,10,reviewed,
ES,juntar,Indicativo,Pretérito perfecto compuesto,ellos,han juntado,10,reviewed,
ES,juntar,Indicativo,Pretérito imperfecto,yo,juntaba,10,reviewed,
ES,juntar,Indicativo,Pretérito imperfecto,tú,juntabas,10,reviewed,
ES,juntar,Indicativo,Pretérito imperfecto,él,juntaba,10,reviewed,
ES,juntar,Indicativo,Pretérito imperfecto,nosotros,juntábamos,10,reviewed,
ES,juntar,Indicativo,Pretérito imperfecto,vosotros,juntabais,10,reviewed,
ES,juntar,Indicativo,Pretérito imperfecto,ellos,juntaban,10,reviewed,
ES,juntar,Condicional,Condicional,yo,juntaría,10,reviewed,
ES,juntar,Condicional,Condicional,tú,juntarías,10,reviewed,
ES,juntar,Condicional,Condicional,él,juntaría,10,reviewed,
ES,juntar,Condicional,Condicional,nosotros,juntaríamos,10,reviewed,
ES,juntar,Condicional,Condicional,vosotros,juntaríais,10,reviewed,
ES,juntar,Condicional,Condicional,ellos,juntarían,10,reviewed,
ES,juntar,Imperativo,Imperativo,yo,-,10,reviewed,yo imperative placeholder -; no standard form
ES,juntar,Imperativo,Imperativo,tú,junta,10,reviewed,
ES,juntar,Imperativo,Imperativo,él,junte,10,reviewed,
ES,juntar,Imperativo,Imperativo,nosotros,juntemos,10,reviewed,
ES,juntar,Imperativo,Imperativo,vosotros,juntad,10,reviewed,
ES,juntar,Imperativo,Imperativo,ellos,junten,10,reviewed,
ES,juntar,Indicativo,Futuro perfecto,yo,habré juntado,10,reviewed,
ES,juntar,Indicativo,Futuro perfecto,tú,habrás juntado,10,reviewed,
ES,juntar,Indicativo,Futuro perfecto,él,habrá juntado,10,reviewed,
ES,juntar,Indicativo,Futuro perfecto,nosotros,habremos juntado,10,reviewed,
ES,juntar,Indicativo,Futuro perfecto,vosotros,habréis juntado,10,reviewed,
ES,juntar,Indicativo,Futuro perfecto,ellos,habrán juntado,10,reviewed,
ES,juntar,Subjuntivo,Subjuntivo presente,yo,junte,10,reviewed,
ES,juntar,Subjuntivo,Subjuntivo presente,tú,juntes,10,reviewed,
ES,juntar,Subjuntivo,Subjuntivo presente,él,junte,10,reviewed,
ES,juntar,Subjuntivo,Subjuntivo presente,nosotros,juntemos,10,reviewed,
ES,juntar,Subjuntivo,Subjuntivo presente,vosotros,juntéis,10,reviewed,
ES,juntar,Subjuntivo,Subjuntivo presente,ellos,junten,10,reviewed,
ES,juntar,Indicativo,Pretérito perfecto simple,yo,junté,10,reviewed,
ES,juntar,Indicativo,Pretérito perfecto simple,tú,juntaste,10,reviewed,
ES,juntar,Indicativo,Pretérito perfecto simple,él,juntó,10,reviewed,
ES,juntar,Indicativo,Pretérito perfecto simple,nosotros,juntamos,10,reviewed,
ES,juntar,Indicativo,Pretérito perfecto simple,vosotros,juntasteis,10,reviewed,
ES,juntar,Indicativo,Pretérito perfecto simple,ellos,juntaron,10,reviewed,
ES,juntar,Indicativo,Pretérito pluscuamperfecto,yo,había juntado,10,reviewed,
ES,juntar,Indicativo,Pretérito pluscuamperfecto,tú,habías juntado,10,reviewed,
ES,juntar,Indicativo,Pretérito pluscuamperfecto,él,había juntado,10,reviewed,
ES,juntar,Indicativo,Pretérito pluscuamperfecto,nosotros,habíamos juntado,10,reviewed,
ES,juntar,Indicativo,Pretérito pluscuamperfecto,vosotros,habíais juntado,10,reviewed,
ES,juntar,Indicativo,Pretérito pluscuamperfecto,ellos,habían juntado,10,reviewed,
ES,saludar,Indicativo,Presente,yo,saludo,10,reviewed,
ES,saludar,Indicativo,Presente,tú,saludas,10,reviewed,
ES,saludar,Indicativo,Presente,él,saluda,10,reviewed,
ES,saludar,Indicativo,Presente,nosotros,saludamos,10,reviewed,
ES,saludar,Indicativo,Presente,vosotros,saludáis,10,reviewed,
ES,saludar,Indicativo,Presente,ellos,saludan,10,reviewed,
ES,saludar,Indicativo,Futuro,yo,saludaré,10,reviewed,
ES,saludar,Indicativo,Futuro,tú,saludarás,10,reviewed,
ES,saludar,Indicativo,Futuro,él,saludará,10,reviewed,
ES,saludar,Indicativo,Futuro,nosotros,saludaremos,10,reviewed,
ES,saludar,Indicativo,Futuro,vosotros,saludaréis,10,reviewed,
ES,saludar,Indicativo,Futuro,ellos,saludarán,10,reviewed,
ES,saludar,Indicativo,Pretérito perfecto compuesto,yo,he saludado,10,reviewed,
ES,saludar,Indicativo,Pretérito perfecto compuesto,tú,has saludado,10,reviewed,
ES,saludar,Indicativo,Pretérito perfecto compuesto,él,ha saludado,10,reviewed,
ES,saludar,Indicativo,Pretérito perfecto compuesto,nosotros,hemos saludado,10,reviewed,
ES,saludar,Indicativo,Pretérito perfecto compuesto,vosotros,habéis saludado,10,reviewed,
ES,saludar,Indicativo,Pretérito perfecto compuesto,ellos,han saludado,10,reviewed,
ES,saludar,Indicativo,Pretérito imperfecto,yo,saludaba,10,reviewed,
ES,saludar,Indicativo,Pretérito imperfecto,tú,saludabas,10,reviewed,
ES,saludar,Indicativo,Pretérito imperfecto,él,saludaba,10,reviewed,
ES,saludar,Indicativo,Pretérito imperfecto,nosotros,saludábamos,10,reviewed,
ES,saludar,Indicativo,Pretérito imperfecto,vosotros,saludabais,10,reviewed,
ES,saludar,Indicativo,Pretérito imperfecto,ellos,saludaban,10,reviewed,
ES,saludar,Condicional,Condicional,yo,saludaría,10,reviewed,
ES,saludar,Condicional,Condicional,tú,saludarías,10,reviewed,
ES,saludar,Condicional,Condicional,él,saludaría,10,reviewed,
ES,saludar,Condicional,Condicional,nosotros,saludaríamos,10,reviewed,
ES,saludar,Condicional,Condicional,vosotros,saludaríais,10,reviewed,
ES,saludar,Condicional,Condicional,ellos,saludarían,10,reviewed,
ES,saludar,Imperativo,Imperativo,yo,-,10,reviewed,yo imperative placeholder -; no standard form
ES,saludar,Imperativo,Imperativo,tú,saluda,10,reviewed,
ES,saludar,Imperativo,Imperativo,él,salude,10,reviewed,
ES,saludar,Imperativo,Imperativo,nosotros,saludemos,10,reviewed,
ES,saludar,Imperativo,Imperativo,vosotros,saludad,10,reviewed,
ES,saludar,Imperativo,Imperativo,ellos,saluden,10,reviewed,
ES,saludar,Indicativo,Futuro perfecto,yo,habré saludado,10,reviewed,
ES,saludar,Indicativo,Futuro perfecto,tú,habrás saludado,10,reviewed,
ES,saludar,Indicativo,Futuro perfecto,él,habrá saludado,10,reviewed,
ES,saludar,Indicativo,Futuro perfecto,nosotros,habremos saludado,10,reviewed,
ES,saludar,Indicativo,Futuro perfecto,vosotros,habréis saludado,10,reviewed,
ES,saludar,Indicativo,Futuro perfecto,ellos,habrán saludado,10,reviewed,
ES,saludar,Subjuntivo,Subjuntivo presente,yo,salude,10,reviewed,
ES,saludar,Subjuntivo,Subjuntivo presente,tú,saludes,10,reviewed,
ES,saludar,Subjuntivo,Subjuntivo presente,él,salude,10,reviewed,
ES,saludar,Subjuntivo,Subjuntivo presente,nosotros,saludemos,10,reviewed,
ES,saludar,Subjuntivo,Subjuntivo presente,vosotros,saludéis,10,reviewed,
ES,saludar,Subjuntivo,Subjuntivo presente,ellos,saluden,10,reviewed,
ES,saludar,Indicativo,Pretérito perfecto simple,yo,saludé,10,reviewed,
ES,saludar,Indicativo,Pretérito perfecto simple,tú,saludaste,10,reviewed,
ES,saludar,Indicativo,Pretérito perfecto simple,él,saludó,10,reviewed,
ES,saludar,Indicativo,Pretérito perfecto simple,nosotros,saludamos,10,reviewed,
ES,saludar,Indicativo,Pretérito perfecto simple,vosotros,saludasteis,10,reviewed,
ES,saludar,Indicativo,Pretérito perfecto simple,ellos,saludaron,10,reviewed,
ES,saludar,Indicativo,Pretérito pluscuamperfecto,yo,había saludado,10,reviewed,
ES,saludar,Indicativo,Pretérito pluscuamperfecto,tú,habías saludado,10,reviewed,
ES,saludar,Indicativo,Pretérito pluscuamperfecto,él,había saludado,10,reviewed,
ES,saludar,Indicativo,Pretérito pluscuamperfecto,nosotros,habíamos saludado,10,reviewed,
ES,saludar,Indicativo,Pretérito pluscuamperfecto,vosotros,habíais saludado,10,reviewed,
ES,saludar,Indicativo,Pretérito pluscuamperfecto,ellos,habían saludado,10,reviewed,
ES,brillar,Indicativo,Presente,yo,brillo,10,reviewed,
ES,brillar,Indicativo,Presente,tú,brillas,10,reviewed,
ES,brillar,Indicativo,Presente,él,brilla,10,reviewed,
ES,brillar,Indicativo,Presente,nosotros,brillamos,10,reviewed,
ES,brillar,Indicativo,Presente,vosotros,brilláis,10,reviewed,
ES,brillar,Indicativo,Presente,ellos,brillan,10,reviewed,
ES,brillar,Indicativo,Futuro,yo,brillaré,10,reviewed,
ES,brillar,Indicativo,Futuro,tú,brillarás,10,reviewed,
ES,brillar,Indicativo,Futuro,él,brillará,10,reviewed,
ES,brillar,Indicativo,Futuro,nosotros,brillaremos,10,reviewed,
ES,brillar,Indicativo,Futuro,vosotros,brillaréis,10,reviewed,
ES,brillar,Indicativo,Futuro,ellos,brillarán,10,reviewed,
ES,brillar,Indicativo,Pretérito perfecto compuesto,yo,he brillado,10,reviewed,
ES,brillar,Indicativo,Pretérito perfecto compuesto,tú,has brillado,10,reviewed,
ES,brillar,Indicativo,Pretérito perfecto compuesto,él,ha brillado,10,reviewed,
ES,brillar,Indicativo,Pretérito perfecto compuesto,nosotros,hemos brillado,10,reviewed,
ES,brillar,Indicativo,Pretérito perfecto compuesto,vosotros,habéis brillado,10,reviewed,
ES,brillar,Indicativo,Pretérito perfecto compuesto,ellos,han brillado,10,reviewed,
ES,brillar,Indicativo,Pretérito imperfecto,yo,brillaba,10,reviewed,
ES,brillar,Indicativo,Pretérito imperfecto,tú,brillabas,10,reviewed,
ES,brillar,Indicativo,Pretérito imperfecto,él,brillaba,10,reviewed,
ES,brillar,Indicativo,Pretérito imperfecto,nosotros,brillábamos,10,reviewed,
ES,brillar,Indicativo,Pretérito imperfecto,vosotros,brillabais,10,reviewed,
ES,brillar,Indicativo,Pretérito imperfecto,ellos,brillaban,10,reviewed,
ES,brillar,Condicional,Condicional,yo,brillaría,10,reviewed,
ES,brillar,Condicional,Condicional,tú,brillarías,10,reviewed,
ES,brillar,Condicional,Condicional,él,brillaría,10,reviewed,
ES,brillar,Condicional,Condicional,nosotros,brillaríamos,10,reviewed,
ES,brillar,Condicional,Condicional,vosotros,brillaríais,10,reviewed,
ES,brillar,Condicional,Condicional,ellos,brillarían,10,reviewed,
ES,brillar,Imperativo,Imperativo,yo,-,10,reviewed,yo imperative placeholder -; no standard form
ES,brillar,Imperativo,Imperativo,tú,brilla,10,reviewed,
ES,brillar,Imperativo,Imperativo,él,brille,10,reviewed,
ES,brillar,Imperativo,Imperativo,nosotros,brillemos,10,reviewed,
ES,brillar,Imperativo,Imperativo,vosotros,brillad,10,reviewed,
ES,brillar,Imperativo,Imperativo,ellos,brillen,10,reviewed,
ES,brillar,Indicativo,Futuro perfecto,yo,habré brillado,10,reviewed,
ES,brillar,Indicativo,Futuro perfecto,tú,habrás brillado,10,reviewed,
ES,brillar,Indicativo,Futuro perfecto,él,habrá brillado,10,reviewed,
ES,brillar,Indicativo,Futuro perfecto,nosotros,habremos brillado,10,reviewed,
ES,brillar,Indicativo,Futuro perfecto,vosotros,habréis brillado,10,reviewed,
ES,brillar,Indicativo,Futuro perfecto,ellos,habrán brillado,10,reviewed,
ES,brillar,Subjuntivo,Subjuntivo presente,yo,brille,10,reviewed,
ES,brillar,Subjuntivo,Subjuntivo presente,tú,brilles,10,reviewed,
ES,brillar,Subjuntivo,Subjuntivo presente,él,brille,10,reviewed,
ES,brillar,Subjuntivo,Subjuntivo presente,nosotros,brillemos,10,reviewed,
ES,brillar,Subjuntivo,Subjuntivo presente,vosotros,brilléis,10,reviewed,
ES,brillar,Subjuntivo,Subjuntivo presente,ellos,brillen,10,reviewed,
ES,brillar,Indicativo,Pretérito perfecto simple,yo,brillé,10,reviewed,
ES,brillar,Indicativo,Pretérito perfecto simple,tú,brillaste,10,reviewed,
ES,brillar,Indicativo,Pretérito perfecto simple,él,brilló,10,reviewed,
ES,brillar,Indicativo,Pretérito perfecto simple,nosotros,brillamos,10,reviewed,
ES,brillar,Indicativo,Pretérito perfecto simple,vosotros,brillasteis,10,reviewed,
ES,brillar,Indicativo,Pretérito perfecto simple,ellos,brillaron,10,reviewed,
ES,brillar,Indicativo,Pretérito pluscuamperfecto,yo,había brillado,10,reviewed,
ES,brillar,Indicativo,Pretérito pluscuamperfecto,tú,habías brillado,10,reviewed,
ES,brillar,Indicativo,Pretérito pluscuamperfecto,él,había brillado,10,reviewed,
ES,brillar,Indicativo,Pretérito pluscuamperfecto,nosotros,habíamos brillado,10,reviewed,
ES,brillar,Indicativo,Pretérito pluscuamperfecto,vosotros,habíais brillado,10,reviewed,
ES,brillar,Indicativo,Pretérito pluscuamperfecto,ellos,habían brillado,10,reviewed,
ES,comandar,Indicativo,Presente,yo,comando,10,reviewed,
ES,comandar,Indicativo,Presente,tú,comandas,10,reviewed,
ES,comandar,Indicativo,Presente,él,comanda,10,reviewed,
ES,comandar,Indicativo,Presente,nosotros,comandamos,10,reviewed,
ES,comandar,Indicativo,Presente,vosotros,comandáis,10,reviewed,
ES,comandar,Indicativo,Presente,ellos,comandan,10,reviewed,
ES,comandar,Indicativo,Futuro,yo,comandaré,10,reviewed,
ES,comandar,Indicativo,Futuro,tú,comandarás,10,reviewed,
ES,comandar,Indicativo,Futuro,él,comandará,10,reviewed,
ES,comandar,Indicativo,Futuro,nosotros,comandaremos,10,reviewed,
ES,comandar,Indicativo,Futuro,vosotros,comandaréis,10,reviewed,
ES,comandar,Indicativo,Futuro,ellos,comandarán,10,reviewed,
ES,comandar,Indicativo,Pretérito perfecto compuesto,yo,he comandado,10,reviewed,
ES,comandar,Indicativo,Pretérito perfecto compuesto,tú,has comandado,10,reviewed,
ES,comandar,Indicativo,Pretérito perfecto compuesto,él,ha comandado,10,reviewed,
ES,comandar,Indicativo,Pretérito perfecto compuesto,nosotros,hemos comandado,10,reviewed,
ES,comandar,Indicativo,Pretérito perfecto compuesto,vosotros,habéis comandado,10,reviewed,
ES,comandar,Indicativo,Pretérito perfecto compuesto,ellos,han comandado,10,reviewed,
ES,comandar,Indicativo,Pretérito imperfecto,yo,comandaba,10,reviewed,
ES,comandar,Indicativo,Pretérito imperfecto,tú,comandabas,10,reviewed,
ES,comandar,Indicativo,Pretérito imperfecto,él,comandaba,10,reviewed,
ES,comandar,Indicativo,Pretérito imperfecto,nosotros,comandábamos,10,reviewed,
ES,comandar,Indicativo,Pretérito imperfecto,vosotros,comandabais,10,reviewed,
ES,comandar,Indicativo,Pretérito imperfecto,ellos,comandaban,10,reviewed,
ES,comandar,Condicional,Condicional,yo,comandaría,10,reviewed,
ES,comandar,Condicional,Condicional,tú,comandarías,10,reviewed,
ES,comandar,Condicional,Condicional,él,comandaría,10,reviewed,
ES,comandar,Condicional,Condicional,nosotros,comandaríamos,10,reviewed,
ES,comandar,Condicional,Condicional,vosotros,comandaríais,10,reviewed,
ES,comandar,Condicional,Condicional,ellos,comandarían,10,reviewed,
ES,comandar,Imperativo,Imperativo,yo,-,10,reviewed,yo imperative placeholder -; no standard form
ES,comandar,Imperativo,Imperativo,tú,comanda,10,reviewed,
ES,comandar,Imperativo,Imperativo,él,comande,10,reviewed,
ES,comandar,Imperativo,Imperativo,nosotros,comandemos,10,reviewed,
ES,comandar,Imperativo,Imperativo,vosotros,comandad,10,reviewed,
ES,comandar,Imperativo,Imperativo,ellos,comanden,10,reviewed,
ES,comandar,Indicativo,Futuro perfecto,yo,habré comandado,10,reviewed,
ES,comandar,Indicativo,Futuro perfecto,tú,habrás comandado,10,reviewed,
ES,comandar,Indicativo,Futuro perfecto,él,habrá comandado,10,reviewed,
ES,comandar,Indicativo,Futuro perfecto,nosotros,habremos comandado,10,reviewed,
ES,comandar,Indicativo,Futuro perfecto,vosotros,habréis comandado,10,reviewed,
ES,comandar,Indicativo,Futuro perfecto,ellos,habrán comandado,10,reviewed,
ES,comandar,Subjuntivo,Subjuntivo presente,yo,comande,10,reviewed,
ES,comandar,Subjuntivo,Subjuntivo presente,tú,comandes,10,reviewed,
ES,comandar,Subjuntivo,Subjuntivo presente,él,comande,10,reviewed,
ES,comandar,Subjuntivo,Subjuntivo presente,nosotros,comandemos,10,reviewed,
ES,comandar,Subjuntivo,Subjuntivo presente,vosotros,comandéis,10,reviewed,
ES,comandar,Subjuntivo,Subjuntivo presente,ellos,comanden,10,reviewed,
ES,comandar,Indicativo,Pretérito perfecto simple,yo,comandé,10,reviewed,
ES,comandar,Indicativo,Pretérito perfecto simple,tú,comandaste,10,reviewed,
ES,comandar,Indicativo,Pretérito perfecto simple,él,comandó,10,reviewed,
ES,comandar,Indicativo,Pretérito perfecto simple,nosotros,comandamos,10,reviewed,
ES,comandar,Indicativo,Pretérito perfecto simple,vosotros,comandasteis,10,reviewed,
ES,comandar,Indicativo,Pretérito perfecto simple,ellos,comandaron,10,reviewed,
ES,comandar,Indicativo,Pretérito pluscuamperfecto,yo,había comandado,10,reviewed,
ES,comandar,Indicativo,Pretérito pluscuamperfecto,tú,habías comandado,10,reviewed,
ES,comandar,Indicativo,Pretérito pluscuamperfecto,él,había comandado,10,reviewed,
ES,comandar,Indicativo,Pretérito pluscuamperfecto,nosotros,habíamos comandado,10,reviewed,
ES,comandar,Indicativo,Pretérito pluscuamperfecto,vosotros,habíais comandado,10,reviewed,
ES,comandar,Indicativo,Pretérito pluscuamperfecto,ellos,habían comandado,10,reviewed,
ES,ordenar,Indicativo,Presente,yo,ordeno,10,reviewed,
ES,ordenar,Indicativo,Presente,tú,ordenas,10,reviewed,
ES,ordenar,Indicativo,Presente,él,ordena,10,reviewed,
ES,ordenar,Indicativo,Presente,nosotros,ordenamos,10,reviewed,
ES,ordenar,Indicativo,Presente,vosotros,ordenáis,10,reviewed,
ES,ordenar,Indicativo,Presente,ellos,ordenan,10,reviewed,
ES,ordenar,Indicativo,Futuro,yo,ordenaré,10,reviewed,
ES,ordenar,Indicativo,Futuro,tú,ordenarás,10,reviewed,
ES,ordenar,Indicativo,Futuro,él,ordenará,10,reviewed,
ES,ordenar,Indicativo,Futuro,nosotros,ordenaremos,10,reviewed,
ES,ordenar,Indicativo,Futuro,vosotros,ordenaréis,10,reviewed,
ES,ordenar,Indicativo,Futuro,ellos,ordenarán,10,reviewed,
ES,ordenar,Indicativo,Pretérito perfecto compuesto,yo,he ordenado,10,reviewed,
ES,ordenar,Indicativo,Pretérito perfecto compuesto,tú,has ordenado,10,reviewed,
ES,ordenar,Indicativo,Pretérito perfecto compuesto,él,ha ordenado,10,reviewed,
ES,ordenar,Indicativo,Pretérito perfecto compuesto,nosotros,hemos ordenado,10,reviewed,
ES,ordenar,Indicativo,Pretérito perfecto compuesto,vosotros,habéis ordenado,10,reviewed,
ES,ordenar,Indicativo,Pretérito perfecto compuesto,ellos,han ordenado,10,reviewed,
ES,ordenar,Indicativo,Pretérito imperfecto,yo,ordenaba,10,reviewed,
ES,ordenar,Indicativo,Pretérito imperfecto,tú,ordenabas,10,reviewed,
ES,ordenar,Indicativo,Pretérito imperfecto,él,ordenaba,10,reviewed,
ES,ordenar,Indicativo,Pretérito imperfecto,nosotros,ordenábamos,10,reviewed,
ES,ordenar,Indicativo,Pretérito imperfecto,vosotros,ordenabais,10,reviewed,
ES,ordenar,Indicativo,Pretérito imperfecto,ellos,ordenaban,10,reviewed,
ES,ordenar,Condicional,Condicional,yo,ordenaría,10,reviewed,
ES,ordenar,Condicional,Condicional,tú,ordenarías,10,reviewed,
ES,ordenar,Condicional,Condicional,él,ordenaría,10,reviewed,
ES,ordenar,Condicional,Condicional,nosotros,ordenaríamos,10,reviewed,
ES,ordenar,Condicional,Condicional,vosotros,ordenaríais,10,reviewed,
ES,ordenar,Condicional,Condicional,ellos,ordenarían,10,reviewed,
ES,ordenar,Imperativo,Imperativo,yo,-,10,reviewed,yo imperative placeholder -; no standard form
ES,ordenar,Imperativo,Imperativo,tú,ordena,10,reviewed,
ES,ordenar,Imperativo,Imperativo,él,ordene,10,reviewed,
ES,ordenar,Imperativo,Imperativo,nosotros,ordenemos,10,reviewed,
ES,ordenar,Imperativo,Imperativo,vosotros,ordenad,10,reviewed,
ES,ordenar,Imperativo,Imperativo,ellos,ordenen,10,reviewed,
ES,ordenar,Indicativo,Futuro perfecto,yo,habré ordenado,10,reviewed,
ES,ordenar,Indicativo,Futuro perfecto,tú,habrás ordenado,10,reviewed,
ES,ordenar,Indicativo,Futuro perfecto,él,habrá ordenado,10,reviewed,
ES,ordenar,Indicativo,Futuro perfecto,nosotros,habremos ordenado,10,reviewed,
ES,ordenar,Indicativo,Futuro perfecto,vosotros,habréis ordenado,10,reviewed,
ES,ordenar,Indicativo,Futuro perfecto,ellos,habrán ordenado,10,reviewed,
ES,ordenar,Subjuntivo,Subjuntivo presente,yo,ordene,10,reviewed,
ES,ordenar,Subjuntivo,Subjuntivo presente,tú,ordenes,10,reviewed,
ES,ordenar,Subjuntivo,Subjuntivo presente,él,ordene,10,reviewed,
ES,ordenar,Subjuntivo,Subjuntivo presente,nosotros,ordenemos,10,reviewed,
ES,ordenar,Subjuntivo,Subjuntivo presente,vosotros,ordenéis,10,reviewed,
ES,ordenar,Subjuntivo,Subjuntivo presente,ellos,ordenen,10,reviewed,
ES,ordenar,Indicativo,Pretérito perfecto simple,yo,ordené,10,reviewed,
ES,ordenar,Indicativo,Pretérito perfecto simple,tú,ordenaste,10,reviewed,
ES,ordenar,Indicativo,Pretérito perfecto simple,él,ordenó,10,reviewed,
ES,ordenar,Indicativo,Pretérito perfecto simple,nosotros,ordenamos,10,reviewed,
ES,ordenar,Indicativo,Pretérito perfecto simple,vosotros,ordenasteis,10,reviewed,
ES,ordenar,Indicativo,Pretérito perfecto simple,ellos,ordenaron,10,reviewed,
ES,ordenar,Indicativo,Pretérito pluscuamperfecto,yo,había ordenado,10,reviewed,
ES,ordenar,Indicativo,Pretérito pluscuamperfecto,tú,habías ordenado,10,reviewed,
ES,ordenar,Indicativo,Pretérito pluscuamperfecto,él,había ordenado,10,reviewed,
ES,ordenar,Indicativo,Pretérito pluscuamperfecto,nosotros,habíamos ordenado,10,reviewed,
ES,ordenar,Indicativo,Pretérito pluscuamperfecto,vosotros,habíais ordenado,10,reviewed,
ES,ordenar,Indicativo,Pretérito pluscuamperfecto,ellos,habían ordenado,10,reviewed,
ES,valer,Indicativo,Presente,yo,valgo,10,reviewed,irregular valer paradigm; QA recommended
ES,valer,Indicativo,Presente,tú,vales,10,reviewed,irregular valer paradigm; QA recommended
ES,valer,Indicativo,Presente,él,vale,10,reviewed,irregular valer paradigm; QA recommended
ES,valer,Indicativo,Presente,nosotros,valemos,10,reviewed,irregular valer paradigm; QA recommended
ES,valer,Indicativo,Presente,vosotros,valéis,10,reviewed,irregular valer paradigm; QA recommended
ES,valer,Indicativo,Presente,ellos,valen,10,reviewed,irregular valer paradigm; QA recommended
ES,valer,Indicativo,Futuro,yo,valdré,10,reviewed,irregular valer paradigm; QA recommended
ES,valer,Indicativo,Futuro,tú,valdrás,10,reviewed,irregular valer paradigm; QA recommended
ES,valer,Indicativo,Futuro,él,valdrá,10,reviewed,irregular valer paradigm; QA recommended
ES,valer,Indicativo,Futuro,nosotros,valdremos,10,reviewed,irregular valer paradigm; QA recommended
ES,valer,Indicativo,Futuro,vosotros,valdréis,10,reviewed,irregular valer paradigm; QA recommended
ES,valer,Indicativo,Futuro,ellos,valdrán,10,reviewed,irregular valer paradigm; QA recommended
ES,valer,Indicativo,Pretérito perfecto compuesto,yo,he valido,10,reviewed,irregular valer paradigm; QA recommended
ES,valer,Indicativo,Pretérito perfecto compuesto,tú,has valido,10,reviewed,irregular valer paradigm; QA recommended
ES,valer,Indicativo,Pretérito perfecto compuesto,él,ha valido,10,reviewed,irregular valer paradigm; QA recommended
ES,valer,Indicativo,Pretérito perfecto compuesto,nosotros,hemos valido,10,reviewed,irregular valer paradigm; QA recommended
ES,valer,Indicativo,Pretérito perfecto compuesto,vosotros,habéis valido,10,reviewed,irregular valer paradigm; QA recommended
ES,valer,Indicativo,Pretérito perfecto compuesto,ellos,han valido,10,reviewed,irregular valer paradigm; QA recommended
ES,valer,Indicativo,Pretérito imperfecto,yo,valía,10,reviewed,irregular valer paradigm; QA recommended
ES,valer,Indicativo,Pretérito imperfecto,tú,valías,10,reviewed,irregular valer paradigm; QA recommended
ES,valer,Indicativo,Pretérito imperfecto,él,valía,10,reviewed,irregular valer paradigm; QA recommended
ES,valer,Indicativo,Pretérito imperfecto,nosotros,valíamos,10,reviewed,irregular valer paradigm; QA recommended
ES,valer,Indicativo,Pretérito imperfecto,vosotros,valíais,10,reviewed,irregular valer paradigm; QA recommended
ES,valer,Indicativo,Pretérito imperfecto,ellos,valían,10,reviewed,irregular valer paradigm; QA recommended
ES,valer,Condicional,Condicional,yo,valdría,10,reviewed,irregular valer paradigm; QA recommended
ES,valer,Condicional,Condicional,tú,valdrías,10,reviewed,irregular valer paradigm; QA recommended
ES,valer,Condicional,Condicional,él,valdría,10,reviewed,irregular valer paradigm; QA recommended
ES,valer,Condicional,Condicional,nosotros,valdríamos,10,reviewed,irregular valer paradigm; QA recommended
ES,valer,Condicional,Condicional,vosotros,valdríais,10,reviewed,irregular valer paradigm; QA recommended
ES,valer,Condicional,Condicional,ellos,valdrían,10,reviewed,irregular valer paradigm; QA recommended
ES,valer,Imperativo,Imperativo,yo,-,10,reviewed,yo imperative placeholder -; no standard form
ES,valer,Imperativo,Imperativo,tú,vale,10,reviewed,irregular valer paradigm; QA recommended
ES,valer,Imperativo,Imperativo,él,valga,10,reviewed,irregular valer paradigm; QA recommended
ES,valer,Imperativo,Imperativo,nosotros,valgamos,10,reviewed,irregular valer paradigm; QA recommended
ES,valer,Imperativo,Imperativo,vosotros,valed,10,reviewed,irregular valer paradigm; QA recommended
ES,valer,Imperativo,Imperativo,ellos,valgan,10,reviewed,irregular valer paradigm; QA recommended
ES,valer,Indicativo,Futuro perfecto,yo,habré valido,10,reviewed,irregular valer paradigm; QA recommended
ES,valer,Indicativo,Futuro perfecto,tú,habrás valido,10,reviewed,irregular valer paradigm; QA recommended
ES,valer,Indicativo,Futuro perfecto,él,habrá valido,10,reviewed,irregular valer paradigm; QA recommended
ES,valer,Indicativo,Futuro perfecto,nosotros,habremos valido,10,reviewed,irregular valer paradigm; QA recommended
ES,valer,Indicativo,Futuro perfecto,vosotros,habréis valido,10,reviewed,irregular valer paradigm; QA recommended
ES,valer,Indicativo,Futuro perfecto,ellos,habrán valido,10,reviewed,irregular valer paradigm; QA recommended
ES,valer,Subjuntivo,Subjuntivo presente,yo,valga,10,reviewed,irregular valer paradigm; QA recommended
ES,valer,Subjuntivo,Subjuntivo presente,tú,valgas,10,reviewed,irregular valer paradigm; QA recommended
ES,valer,Subjuntivo,Subjuntivo presente,él,valga,10,reviewed,irregular valer paradigm; QA recommended
ES,valer,Subjuntivo,Subjuntivo presente,nosotros,valgamos,10,reviewed,irregular valer paradigm; QA recommended
ES,valer,Subjuntivo,Subjuntivo presente,vosotros,valgáis,10,reviewed,irregular valer paradigm; QA recommended
ES,valer,Subjuntivo,Subjuntivo presente,ellos,valgan,10,reviewed,irregular valer paradigm; QA recommended
ES,valer,Indicativo,Pretérito perfecto simple,yo,valí,10,reviewed,irregular valer paradigm; QA recommended
ES,valer,Indicativo,Pretérito perfecto simple,tú,valiste,10,reviewed,irregular valer paradigm; QA recommended
ES,valer,Indicativo,Pretérito perfecto simple,él,valió,10,reviewed,irregular valer paradigm; QA recommended
ES,valer,Indicativo,Pretérito perfecto simple,nosotros,valimos,10,reviewed,irregular valer paradigm; QA recommended
ES,valer,Indicativo,Pretérito perfecto simple,vosotros,valisteis,10,reviewed,irregular valer paradigm; QA recommended
ES,valer,Indicativo,Pretérito perfecto simple,ellos,valieron,10,reviewed,irregular valer paradigm; QA recommended
ES,valer,Indicativo,Pretérito pluscuamperfecto,yo,había valido,10,reviewed,irregular valer paradigm; QA recommended
ES,valer,Indicativo,Pretérito pluscuamperfecto,tú,habías valido,10,reviewed,irregular valer paradigm; QA recommended
ES,valer,Indicativo,Pretérito pluscuamperfecto,él,había valido,10,reviewed,irregular valer paradigm; QA recommended
ES,valer,Indicativo,Pretérito pluscuamperfecto,nosotros,habíamos valido,10,reviewed,irregular valer paradigm; QA recommended
ES,valer,Indicativo,Pretérito pluscuamperfecto,vosotros,habíais valido,10,reviewed,irregular valer paradigm; QA recommended
ES,valer,Indicativo,Pretérito pluscuamperfecto,ellos,habían valido,10,reviewed,irregular valer paradigm; QA recommended
ES,reproducir,Indicativo,Presente,yo,reprduzco,10,reviewed,-ducir paradigm; QA recommended
ES,reproducir,Indicativo,Presente,tú,reprduces,10,reviewed,-ducir paradigm; QA recommended
ES,reproducir,Indicativo,Presente,él,reprduce,10,reviewed,-ducir paradigm; QA recommended
ES,reproducir,Indicativo,Presente,nosotros,reprducimos,10,reviewed,-ducir paradigm; QA recommended
ES,reproducir,Indicativo,Presente,vosotros,reprducís,10,reviewed,-ducir paradigm; QA recommended
ES,reproducir,Indicativo,Presente,ellos,reprducen,10,reviewed,-ducir paradigm; QA recommended
ES,reproducir,Indicativo,Futuro,yo,reproduciré,10,reviewed,-ducir paradigm; QA recommended
ES,reproducir,Indicativo,Futuro,tú,reproducirás,10,reviewed,-ducir paradigm; QA recommended
ES,reproducir,Indicativo,Futuro,él,reproducirá,10,reviewed,-ducir paradigm; QA recommended
ES,reproducir,Indicativo,Futuro,nosotros,reproduciremos,10,reviewed,-ducir paradigm; QA recommended
ES,reproducir,Indicativo,Futuro,vosotros,reproduciréis,10,reviewed,-ducir paradigm; QA recommended
ES,reproducir,Indicativo,Futuro,ellos,reproducirán,10,reviewed,-ducir paradigm; QA recommended
ES,reproducir,Indicativo,Pretérito perfecto compuesto,yo,he reprducido,10,reviewed,-ducir paradigm; QA recommended
ES,reproducir,Indicativo,Pretérito perfecto compuesto,tú,has reprducido,10,reviewed,-ducir paradigm; QA recommended
ES,reproducir,Indicativo,Pretérito perfecto compuesto,él,ha reprducido,10,reviewed,-ducir paradigm; QA recommended
ES,reproducir,Indicativo,Pretérito perfecto compuesto,nosotros,hemos reprducido,10,reviewed,-ducir paradigm; QA recommended
ES,reproducir,Indicativo,Pretérito perfecto compuesto,vosotros,habéis reprducido,10,reviewed,-ducir paradigm; QA recommended
ES,reproducir,Indicativo,Pretérito perfecto compuesto,ellos,han reprducido,10,reviewed,-ducir paradigm; QA recommended
ES,reproducir,Indicativo,Pretérito imperfecto,yo,reprducía,10,reviewed,-ducir paradigm; QA recommended
ES,reproducir,Indicativo,Pretérito imperfecto,tú,reprducías,10,reviewed,-ducir paradigm; QA recommended
ES,reproducir,Indicativo,Pretérito imperfecto,él,reprducía,10,reviewed,-ducir paradigm; QA recommended
ES,reproducir,Indicativo,Pretérito imperfecto,nosotros,reprducíamos,10,reviewed,-ducir paradigm; QA recommended
ES,reproducir,Indicativo,Pretérito imperfecto,vosotros,reprducíais,10,reviewed,-ducir paradigm; QA recommended
ES,reproducir,Indicativo,Pretérito imperfecto,ellos,reprducían,10,reviewed,-ducir paradigm; QA recommended
ES,reproducir,Condicional,Condicional,yo,reproduciría,10,reviewed,-ducir paradigm; QA recommended
ES,reproducir,Condicional,Condicional,tú,reproducirías,10,reviewed,-ducir paradigm; QA recommended
ES,reproducir,Condicional,Condicional,él,reproduciría,10,reviewed,-ducir paradigm; QA recommended
ES,reproducir,Condicional,Condicional,nosotros,reproduciríamos,10,reviewed,-ducir paradigm; QA recommended
ES,reproducir,Condicional,Condicional,vosotros,reproduciríais,10,reviewed,-ducir paradigm; QA recommended
ES,reproducir,Condicional,Condicional,ellos,reproducirían,10,reviewed,-ducir paradigm; QA recommended
ES,reproducir,Imperativo,Imperativo,yo,-,10,reviewed,yo imperative placeholder -; no standard form
ES,reproducir,Imperativo,Imperativo,tú,reprduce,10,reviewed,-ducir paradigm; QA recommended
ES,reproducir,Imperativo,Imperativo,él,reprduzca,10,reviewed,-ducir paradigm; QA recommended
ES,reproducir,Imperativo,Imperativo,nosotros,reprduzcamos,10,reviewed,-ducir paradigm; QA recommended
ES,reproducir,Imperativo,Imperativo,vosotros,reprducid,10,reviewed,-ducir paradigm; QA recommended
ES,reproducir,Imperativo,Imperativo,ellos,reprduzcan,10,reviewed,-ducir paradigm; QA recommended
ES,reproducir,Indicativo,Futuro perfecto,yo,habré reprducido,10,reviewed,-ducir paradigm; QA recommended
ES,reproducir,Indicativo,Futuro perfecto,tú,habrás reprducido,10,reviewed,-ducir paradigm; QA recommended
ES,reproducir,Indicativo,Futuro perfecto,él,habrá reprducido,10,reviewed,-ducir paradigm; QA recommended
ES,reproducir,Indicativo,Futuro perfecto,nosotros,habremos reprducido,10,reviewed,-ducir paradigm; QA recommended
ES,reproducir,Indicativo,Futuro perfecto,vosotros,habréis reprducido,10,reviewed,-ducir paradigm; QA recommended
ES,reproducir,Indicativo,Futuro perfecto,ellos,habrán reprducido,10,reviewed,-ducir paradigm; QA recommended
ES,reproducir,Subjuntivo,Subjuntivo presente,yo,reprduzca,10,reviewed,-ducir paradigm; QA recommended
ES,reproducir,Subjuntivo,Subjuntivo presente,tú,reprduzcas,10,reviewed,-ducir paradigm; QA recommended
ES,reproducir,Subjuntivo,Subjuntivo presente,él,reprduzca,10,reviewed,-ducir paradigm; QA recommended
ES,reproducir,Subjuntivo,Subjuntivo presente,nosotros,reprduzcamos,10,reviewed,-ducir paradigm; QA recommended
ES,reproducir,Subjuntivo,Subjuntivo presente,vosotros,reprduzcáis,10,reviewed,-ducir paradigm; QA recommended
ES,reproducir,Subjuntivo,Subjuntivo presente,ellos,reprduzcan,10,reviewed,-ducir paradigm; QA recommended
ES,reproducir,Indicativo,Pretérito perfecto simple,yo,reprduje,10,reviewed,-ducir paradigm; QA recommended
ES,reproducir,Indicativo,Pretérito perfecto simple,tú,reprdujiste,10,reviewed,-ducir paradigm; QA recommended
ES,reproducir,Indicativo,Pretérito perfecto simple,él,reprdujo,10,reviewed,-ducir paradigm; QA recommended
ES,reproducir,Indicativo,Pretérito perfecto simple,nosotros,reprdujimos,10,reviewed,-ducir paradigm; QA recommended
ES,reproducir,Indicativo,Pretérito perfecto simple,vosotros,reprdujisteis,10,reviewed,-ducir paradigm; QA recommended
ES,reproducir,Indicativo,Pretérito perfecto simple,ellos,reprdujeron,10,reviewed,-ducir paradigm; QA recommended
ES,reproducir,Indicativo,Pretérito pluscuamperfecto,yo,había reprducido,10,reviewed,-ducir paradigm; QA recommended
ES,reproducir,Indicativo,Pretérito pluscuamperfecto,tú,habías reprducido,10,reviewed,-ducir paradigm; QA recommended
ES,reproducir,Indicativo,Pretérito pluscuamperfecto,él,había reprducido,10,reviewed,-ducir paradigm; QA recommended
ES,reproducir,Indicativo,Pretérito pluscuamperfecto,nosotros,habíamos reprducido,10,reviewed,-ducir paradigm; QA recommended
ES,reproducir,Indicativo,Pretérito pluscuamperfecto,vosotros,habíais reprducido,10,reviewed,-ducir paradigm; QA recommended
ES,reproducir,Indicativo,Pretérito pluscuamperfecto,ellos,habían reprducido,10,reviewed,-ducir paradigm; QA recommended
ES,recoger,Indicativo,Presente,yo,recojo,10,reviewed,-ger / -jo paradigm; QA recommended
ES,recoger,Indicativo,Presente,tú,recoges,10,reviewed,-ger / -jo paradigm; QA recommended
ES,recoger,Indicativo,Presente,él,recoge,10,reviewed,-ger / -jo paradigm; QA recommended
ES,recoger,Indicativo,Presente,nosotros,recogemos,10,reviewed,-ger / -jo paradigm; QA recommended
ES,recoger,Indicativo,Presente,vosotros,recogéis,10,reviewed,-ger / -jo paradigm; QA recommended
ES,recoger,Indicativo,Presente,ellos,recogen,10,reviewed,-ger / -jo paradigm; QA recommended
ES,recoger,Indicativo,Futuro,yo,recogeré,10,reviewed,-ger / -jo paradigm; QA recommended
ES,recoger,Indicativo,Futuro,tú,recogerás,10,reviewed,-ger / -jo paradigm; QA recommended
ES,recoger,Indicativo,Futuro,él,recogerá,10,reviewed,-ger / -jo paradigm; QA recommended
ES,recoger,Indicativo,Futuro,nosotros,recogeremos,10,reviewed,-ger / -jo paradigm; QA recommended
ES,recoger,Indicativo,Futuro,vosotros,recogeréis,10,reviewed,-ger / -jo paradigm; QA recommended
ES,recoger,Indicativo,Futuro,ellos,recogerán,10,reviewed,-ger / -jo paradigm; QA recommended
ES,recoger,Indicativo,Pretérito perfecto compuesto,yo,he recogido,10,reviewed,-ger / -jo paradigm; QA recommended
ES,recoger,Indicativo,Pretérito perfecto compuesto,tú,has recogido,10,reviewed,-ger / -jo paradigm; QA recommended
ES,recoger,Indicativo,Pretérito perfecto compuesto,él,ha recogido,10,reviewed,-ger / -jo paradigm; QA recommended
ES,recoger,Indicativo,Pretérito perfecto compuesto,nosotros,hemos recogido,10,reviewed,-ger / -jo paradigm; QA recommended
ES,recoger,Indicativo,Pretérito perfecto compuesto,vosotros,habéis recogido,10,reviewed,-ger / -jo paradigm; QA recommended
ES,recoger,Indicativo,Pretérito perfecto compuesto,ellos,han recogido,10,reviewed,-ger / -jo paradigm; QA recommended
ES,recoger,Indicativo,Pretérito imperfecto,yo,recogía,10,reviewed,-ger / -jo paradigm; QA recommended
ES,recoger,Indicativo,Pretérito imperfecto,tú,recogías,10,reviewed,-ger / -jo paradigm; QA recommended
ES,recoger,Indicativo,Pretérito imperfecto,él,recogía,10,reviewed,-ger / -jo paradigm; QA recommended
ES,recoger,Indicativo,Pretérito imperfecto,nosotros,recogíamos,10,reviewed,-ger / -jo paradigm; QA recommended
ES,recoger,Indicativo,Pretérito imperfecto,vosotros,recogíais,10,reviewed,-ger / -jo paradigm; QA recommended
ES,recoger,Indicativo,Pretérito imperfecto,ellos,recogían,10,reviewed,-ger / -jo paradigm; QA recommended
ES,recoger,Condicional,Condicional,yo,recogería,10,reviewed,-ger / -jo paradigm; QA recommended
ES,recoger,Condicional,Condicional,tú,recogerías,10,reviewed,-ger / -jo paradigm; QA recommended
ES,recoger,Condicional,Condicional,él,recogería,10,reviewed,-ger / -jo paradigm; QA recommended
ES,recoger,Condicional,Condicional,nosotros,recogeríamos,10,reviewed,-ger / -jo paradigm; QA recommended
ES,recoger,Condicional,Condicional,vosotros,recogeríais,10,reviewed,-ger / -jo paradigm; QA recommended
ES,recoger,Condicional,Condicional,ellos,recogerían,10,reviewed,-ger / -jo paradigm; QA recommended
ES,recoger,Imperativo,Imperativo,yo,-,10,reviewed,yo imperative placeholder -; no standard form
ES,recoger,Imperativo,Imperativo,tú,recoge,10,reviewed,-ger / -jo paradigm; QA recommended
ES,recoger,Imperativo,Imperativo,él,recoja,10,reviewed,-ger / -jo paradigm; QA recommended
ES,recoger,Imperativo,Imperativo,nosotros,recojamos,10,reviewed,-ger / -jo paradigm; QA recommended
ES,recoger,Imperativo,Imperativo,vosotros,recoged,10,reviewed,-ger / -jo paradigm; QA recommended
ES,recoger,Imperativo,Imperativo,ellos,recojan,10,reviewed,-ger / -jo paradigm; QA recommended
ES,recoger,Indicativo,Futuro perfecto,yo,habré recogido,10,reviewed,-ger / -jo paradigm; QA recommended
ES,recoger,Indicativo,Futuro perfecto,tú,habrás recogido,10,reviewed,-ger / -jo paradigm; QA recommended
ES,recoger,Indicativo,Futuro perfecto,él,habrá recogido,10,reviewed,-ger / -jo paradigm; QA recommended
ES,recoger,Indicativo,Futuro perfecto,nosotros,habremos recogido,10,reviewed,-ger / -jo paradigm; QA recommended
ES,recoger,Indicativo,Futuro perfecto,vosotros,habréis recogido,10,reviewed,-ger / -jo paradigm; QA recommended
ES,recoger,Indicativo,Futuro perfecto,ellos,habrán recogido,10,reviewed,-ger / -jo paradigm; QA recommended
ES,recoger,Subjuntivo,Subjuntivo presente,yo,recoja,10,reviewed,-ger / -jo paradigm; QA recommended
ES,recoger,Subjuntivo,Subjuntivo presente,tú,recojas,10,reviewed,-ger / -jo paradigm; QA recommended
ES,recoger,Subjuntivo,Subjuntivo presente,él,recoja,10,reviewed,-ger / -jo paradigm; QA recommended
ES,recoger,Subjuntivo,Subjuntivo presente,nosotros,recojamos,10,reviewed,-ger / -jo paradigm; QA recommended
ES,recoger,Subjuntivo,Subjuntivo presente,vosotros,recojáis,10,reviewed,-ger / -jo paradigm; QA recommended
ES,recoger,Subjuntivo,Subjuntivo presente,ellos,recojan,10,reviewed,-ger / -jo paradigm; QA recommended
ES,recoger,Indicativo,Pretérito perfecto simple,yo,recogí,10,reviewed,-ger / -jo paradigm; QA recommended
ES,recoger,Indicativo,Pretérito perfecto simple,tú,recogiste,10,reviewed,-ger / -jo paradigm; QA recommended
ES,recoger,Indicativo,Pretérito perfecto simple,él,recogió,10,reviewed,-ger / -jo paradigm; QA recommended
ES,recoger,Indicativo,Pretérito perfecto simple,nosotros,recogimos,10,reviewed,-ger / -jo paradigm; QA recommended
ES,recoger,Indicativo,Pretérito perfecto simple,vosotros,recogisteis,10,reviewed,-ger / -jo paradigm; QA recommended
ES,recoger,Indicativo,Pretérito perfecto simple,ellos,recogieron,10,reviewed,-ger / -jo paradigm; QA recommended
ES,recoger,Indicativo,Pretérito pluscuamperfecto,yo,había recogido,10,reviewed,-ger / -jo paradigm; QA recommended
ES,recoger,Indicativo,Pretérito pluscuamperfecto,tú,habías recogido,10,reviewed,-ger / -jo paradigm; QA recommended
ES,recoger,Indicativo,Pretérito pluscuamperfecto,él,había recogido,10,reviewed,-ger / -jo paradigm; QA recommended
ES,recoger,Indicativo,Pretérito pluscuamperfecto,nosotros,habíamos recogido,10,reviewed,-ger / -jo paradigm; QA recommended
ES,recoger,Indicativo,Pretérito pluscuamperfecto,vosotros,habíais recogido,10,reviewed,-ger / -jo paradigm; QA recommended
ES,recoger,Indicativo,Pretérito pluscuamperfecto,ellos,habían recogido,10,reviewed,-ger / -jo paradigm; QA recommended
ES,teclear,Indicativo,Presente,yo,tecleo,10,reviewed,vowel-sequence paradigm; QA recommended
ES,teclear,Indicativo,Presente,tú,tecleas,10,reviewed,vowel-sequence paradigm; QA recommended
ES,teclear,Indicativo,Presente,él,teclea,10,reviewed,vowel-sequence paradigm; QA recommended
ES,teclear,Indicativo,Presente,nosotros,tecleamos,10,reviewed,vowel-sequence paradigm; QA recommended
ES,teclear,Indicativo,Presente,vosotros,tecleáis,10,reviewed,vowel-sequence paradigm; QA recommended
ES,teclear,Indicativo,Presente,ellos,teclean,10,reviewed,vowel-sequence paradigm; QA recommended
ES,teclear,Indicativo,Futuro,yo,teclearé,10,reviewed,vowel-sequence paradigm; QA recommended
ES,teclear,Indicativo,Futuro,tú,teclearás,10,reviewed,vowel-sequence paradigm; QA recommended
ES,teclear,Indicativo,Futuro,él,tecleará,10,reviewed,vowel-sequence paradigm; QA recommended
ES,teclear,Indicativo,Futuro,nosotros,teclearemos,10,reviewed,vowel-sequence paradigm; QA recommended
ES,teclear,Indicativo,Futuro,vosotros,teclearéis,10,reviewed,vowel-sequence paradigm; QA recommended
ES,teclear,Indicativo,Futuro,ellos,teclearán,10,reviewed,vowel-sequence paradigm; QA recommended
ES,teclear,Indicativo,Pretérito perfecto compuesto,yo,he tecleado,10,reviewed,vowel-sequence paradigm; QA recommended
ES,teclear,Indicativo,Pretérito perfecto compuesto,tú,has tecleado,10,reviewed,vowel-sequence paradigm; QA recommended
ES,teclear,Indicativo,Pretérito perfecto compuesto,él,ha tecleado,10,reviewed,vowel-sequence paradigm; QA recommended
ES,teclear,Indicativo,Pretérito perfecto compuesto,nosotros,hemos tecleado,10,reviewed,vowel-sequence paradigm; QA recommended
ES,teclear,Indicativo,Pretérito perfecto compuesto,vosotros,habéis tecleado,10,reviewed,vowel-sequence paradigm; QA recommended
ES,teclear,Indicativo,Pretérito perfecto compuesto,ellos,han tecleado,10,reviewed,vowel-sequence paradigm; QA recommended
ES,teclear,Indicativo,Pretérito imperfecto,yo,tecleaba,10,reviewed,vowel-sequence paradigm; QA recommended
ES,teclear,Indicativo,Pretérito imperfecto,tú,tecleabas,10,reviewed,vowel-sequence paradigm; QA recommended
ES,teclear,Indicativo,Pretérito imperfecto,él,tecleaba,10,reviewed,vowel-sequence paradigm; QA recommended
ES,teclear,Indicativo,Pretérito imperfecto,nosotros,tecleábamos,10,reviewed,vowel-sequence paradigm; QA recommended
ES,teclear,Indicativo,Pretérito imperfecto,vosotros,tecleabais,10,reviewed,vowel-sequence paradigm; QA recommended
ES,teclear,Indicativo,Pretérito imperfecto,ellos,tecleaban,10,reviewed,vowel-sequence paradigm; QA recommended
ES,teclear,Condicional,Condicional,yo,teclearía,10,reviewed,vowel-sequence paradigm; QA recommended
ES,teclear,Condicional,Condicional,tú,teclearías,10,reviewed,vowel-sequence paradigm; QA recommended
ES,teclear,Condicional,Condicional,él,teclearía,10,reviewed,vowel-sequence paradigm; QA recommended
ES,teclear,Condicional,Condicional,nosotros,teclearíamos,10,reviewed,vowel-sequence paradigm; QA recommended
ES,teclear,Condicional,Condicional,vosotros,teclearíais,10,reviewed,vowel-sequence paradigm; QA recommended
ES,teclear,Condicional,Condicional,ellos,teclearían,10,reviewed,vowel-sequence paradigm; QA recommended
ES,teclear,Imperativo,Imperativo,yo,-,10,reviewed,yo imperative placeholder -; no standard form
ES,teclear,Imperativo,Imperativo,tú,teclea,10,reviewed,vowel-sequence paradigm; QA recommended
ES,teclear,Imperativo,Imperativo,él,teclee,10,reviewed,vowel-sequence paradigm; QA recommended
ES,teclear,Imperativo,Imperativo,nosotros,tecleemos,10,reviewed,vowel-sequence paradigm; QA recommended
ES,teclear,Imperativo,Imperativo,vosotros,teclead,10,reviewed,vowel-sequence paradigm; QA recommended
ES,teclear,Imperativo,Imperativo,ellos,tecleen,10,reviewed,vowel-sequence paradigm; QA recommended
ES,teclear,Indicativo,Futuro perfecto,yo,habré tecleado,10,reviewed,vowel-sequence paradigm; QA recommended
ES,teclear,Indicativo,Futuro perfecto,tú,habrás tecleado,10,reviewed,vowel-sequence paradigm; QA recommended
ES,teclear,Indicativo,Futuro perfecto,él,habrá tecleado,10,reviewed,vowel-sequence paradigm; QA recommended
ES,teclear,Indicativo,Futuro perfecto,nosotros,habremos tecleado,10,reviewed,vowel-sequence paradigm; QA recommended
ES,teclear,Indicativo,Futuro perfecto,vosotros,habréis tecleado,10,reviewed,vowel-sequence paradigm; QA recommended
ES,teclear,Indicativo,Futuro perfecto,ellos,habrán tecleado,10,reviewed,vowel-sequence paradigm; QA recommended
ES,teclear,Subjuntivo,Subjuntivo presente,yo,teclee,10,reviewed,vowel-sequence paradigm; QA recommended
ES,teclear,Subjuntivo,Subjuntivo presente,tú,teclees,10,reviewed,vowel-sequence paradigm; QA recommended
ES,teclear,Subjuntivo,Subjuntivo presente,él,teclee,10,reviewed,vowel-sequence paradigm; QA recommended
ES,teclear,Subjuntivo,Subjuntivo presente,nosotros,tecleemos,10,reviewed,vowel-sequence paradigm; QA recommended
ES,teclear,Subjuntivo,Subjuntivo presente,vosotros,tecleéis,10,reviewed,vowel-sequence paradigm; QA recommended
ES,teclear,Subjuntivo,Subjuntivo presente,ellos,tecleen,10,reviewed,vowel-sequence paradigm; QA recommended
ES,teclear,Indicativo,Pretérito perfecto simple,yo,tecleé,10,reviewed,vowel-sequence paradigm; QA recommended
ES,teclear,Indicativo,Pretérito perfecto simple,tú,tecleaste,10,reviewed,vowel-sequence paradigm; QA recommended
ES,teclear,Indicativo,Pretérito perfecto simple,él,tecleó,10,reviewed,vowel-sequence paradigm; QA recommended
ES,teclear,Indicativo,Pretérito perfecto simple,nosotros,tecleamos,10,reviewed,vowel-sequence paradigm; QA recommended
ES,teclear,Indicativo,Pretérito perfecto simple,vosotros,tecleasteis,10,reviewed,vowel-sequence paradigm; QA recommended
ES,teclear,Indicativo,Pretérito perfecto simple,ellos,teclearon,10,reviewed,vowel-sequence paradigm; QA recommended
ES,teclear,Indicativo,Pretérito pluscuamperfecto,yo,había tecleado,10,reviewed,vowel-sequence paradigm; QA recommended
ES,teclear,Indicativo,Pretérito pluscuamperfecto,tú,habías tecleado,10,reviewed,vowel-sequence paradigm; QA recommended
ES,teclear,Indicativo,Pretérito pluscuamperfecto,él,había tecleado,10,reviewed,vowel-sequence paradigm; QA recommended
ES,teclear,Indicativo,Pretérito pluscuamperfecto,nosotros,habíamos tecleado,10,reviewed,vowel-sequence paradigm; QA recommended
ES,teclear,Indicativo,Pretérito pluscuamperfecto,vosotros,habíais tecleado,10,reviewed,vowel-sequence paradigm; QA recommended
ES,teclear,Indicativo,Pretérito pluscuamperfecto,ellos,habían tecleado,10,reviewed,vowel-sequence paradigm; QA recommended
ES,golpear,Indicativo,Presente,yo,golpeo,10,reviewed,
ES,golpear,Indicativo,Presente,tú,golpeas,10,reviewed,
ES,golpear,Indicativo,Presente,él,golpea,10,reviewed,
ES,golpear,Indicativo,Presente,nosotros,golpeamos,10,reviewed,
ES,golpear,Indicativo,Presente,vosotros,golpeáis,10,reviewed,
ES,golpear,Indicativo,Presente,ellos,golpean,10,reviewed,
ES,golpear,Indicativo,Futuro,yo,golpearé,10,reviewed,
ES,golpear,Indicativo,Futuro,tú,golpearás,10,reviewed,
ES,golpear,Indicativo,Futuro,él,golpeará,10,reviewed,
ES,golpear,Indicativo,Futuro,nosotros,golpearemos,10,reviewed,
ES,golpear,Indicativo,Futuro,vosotros,golpearéis,10,reviewed,
ES,golpear,Indicativo,Futuro,ellos,golpearán,10,reviewed,
ES,golpear,Indicativo,Pretérito perfecto compuesto,yo,he golpeado,10,reviewed,
ES,golpear,Indicativo,Pretérito perfecto compuesto,tú,has golpeado,10,reviewed,
ES,golpear,Indicativo,Pretérito perfecto compuesto,él,ha golpeado,10,reviewed,
ES,golpear,Indicativo,Pretérito perfecto compuesto,nosotros,hemos golpeado,10,reviewed,
ES,golpear,Indicativo,Pretérito perfecto compuesto,vosotros,habéis golpeado,10,reviewed,
ES,golpear,Indicativo,Pretérito perfecto compuesto,ellos,han golpeado,10,reviewed,
ES,golpear,Indicativo,Pretérito imperfecto,yo,golpeaba,10,reviewed,
ES,golpear,Indicativo,Pretérito imperfecto,tú,golpeabas,10,reviewed,
ES,golpear,Indicativo,Pretérito imperfecto,él,golpeaba,10,reviewed,
ES,golpear,Indicativo,Pretérito imperfecto,nosotros,golpeábamos,10,reviewed,
ES,golpear,Indicativo,Pretérito imperfecto,vosotros,golpeabais,10,reviewed,
ES,golpear,Indicativo,Pretérito imperfecto,ellos,golpeaban,10,reviewed,
ES,golpear,Condicional,Condicional,yo,golpearía,10,reviewed,
ES,golpear,Condicional,Condicional,tú,golpearías,10,reviewed,
ES,golpear,Condicional,Condicional,él,golpearía,10,reviewed,
ES,golpear,Condicional,Condicional,nosotros,golpearíamos,10,reviewed,
ES,golpear,Condicional,Condicional,vosotros,golpearíais,10,reviewed,
ES,golpear,Condicional,Condicional,ellos,golpearían,10,reviewed,
ES,golpear,Imperativo,Imperativo,yo,-,10,reviewed,yo imperative placeholder -; no standard form
ES,golpear,Imperativo,Imperativo,tú,golpea,10,reviewed,
ES,golpear,Imperativo,Imperativo,él,golpee,10,reviewed,
ES,golpear,Imperativo,Imperativo,nosotros,golpeemos,10,reviewed,
ES,golpear,Imperativo,Imperativo,vosotros,golpead,10,reviewed,
ES,golpear,Imperativo,Imperativo,ellos,golpeen,10,reviewed,
ES,golpear,Indicativo,Futuro perfecto,yo,habré golpeado,10,reviewed,
ES,golpear,Indicativo,Futuro perfecto,tú,habrás golpeado,10,reviewed,
ES,golpear,Indicativo,Futuro perfecto,él,habrá golpeado,10,reviewed,
ES,golpear,Indicativo,Futuro perfecto,nosotros,habremos golpeado,10,reviewed,
ES,golpear,Indicativo,Futuro perfecto,vosotros,habréis golpeado,10,reviewed,
ES,golpear,Indicativo,Futuro perfecto,ellos,habrán golpeado,10,reviewed,
ES,golpear,Subjuntivo,Subjuntivo presente,yo,golpee,10,reviewed,
ES,golpear,Subjuntivo,Subjuntivo presente,tú,golpees,10,reviewed,
ES,golpear,Subjuntivo,Subjuntivo presente,él,golpee,10,reviewed,
ES,golpear,Subjuntivo,Subjuntivo presente,nosotros,golpeemos,10,reviewed,
ES,golpear,Subjuntivo,Subjuntivo presente,vosotros,golpeéis,10,reviewed,
ES,golpear,Subjuntivo,Subjuntivo presente,ellos,golpeen,10,reviewed,
ES,golpear,Indicativo,Pretérito perfecto simple,yo,golpeé,10,reviewed,
ES,golpear,Indicativo,Pretérito perfecto simple,tú,golpeaste,10,reviewed,
ES,golpear,Indicativo,Pretérito perfecto simple,él,golpeó,10,reviewed,
ES,golpear,Indicativo,Pretérito perfecto simple,nosotros,golpeamos,10,reviewed,
ES,golpear,Indicativo,Pretérito perfecto simple,vosotros,golpeasteis,10,reviewed,
ES,golpear,Indicativo,Pretérito perfecto simple,ellos,golpearon,10,reviewed,
ES,golpear,Indicativo,Pretérito pluscuamperfecto,yo,había golpeado,10,reviewed,
ES,golpear,Indicativo,Pretérito pluscuamperfecto,tú,habías golpeado,10,reviewed,
ES,golpear,Indicativo,Pretérito pluscuamperfecto,él,había golpeado,10,reviewed,
ES,golpear,Indicativo,Pretérito pluscuamperfecto,nosotros,habíamos golpeado,10,reviewed,
ES,golpear,Indicativo,Pretérito pluscuamperfecto,vosotros,habíais golpeado,10,reviewed,
ES,golpear,Indicativo,Pretérito pluscuamperfecto,ellos,habían golpeado,10,reviewed,
ES,aislar,Indicativo,Presente,yo,aíslo,10,reviewed,accent-sensitive paradigm; QA recommended
ES,aislar,Indicativo,Presente,tú,aíslas,10,reviewed,accent-sensitive paradigm; QA recommended
ES,aislar,Indicativo,Presente,él,aísla,10,reviewed,accent-sensitive paradigm; QA recommended
ES,aislar,Indicativo,Presente,nosotros,aislamos,10,reviewed,accent-sensitive paradigm; QA recommended
ES,aislar,Indicativo,Presente,vosotros,aisláis,10,reviewed,accent-sensitive paradigm; QA recommended
ES,aislar,Indicativo,Presente,ellos,aíslan,10,reviewed,accent-sensitive paradigm; QA recommended
ES,aislar,Indicativo,Futuro,yo,aislaré,10,reviewed,accent-sensitive paradigm; QA recommended
ES,aislar,Indicativo,Futuro,tú,aislarás,10,reviewed,accent-sensitive paradigm; QA recommended
ES,aislar,Indicativo,Futuro,él,aislará,10,reviewed,accent-sensitive paradigm; QA recommended
ES,aislar,Indicativo,Futuro,nosotros,aislaremos,10,reviewed,accent-sensitive paradigm; QA recommended
ES,aislar,Indicativo,Futuro,vosotros,aislaréis,10,reviewed,accent-sensitive paradigm; QA recommended
ES,aislar,Indicativo,Futuro,ellos,aislarán,10,reviewed,accent-sensitive paradigm; QA recommended
ES,aislar,Indicativo,Pretérito perfecto compuesto,yo,he aislado,10,reviewed,accent-sensitive paradigm; QA recommended
ES,aislar,Indicativo,Pretérito perfecto compuesto,tú,has aislado,10,reviewed,accent-sensitive paradigm; QA recommended
ES,aislar,Indicativo,Pretérito perfecto compuesto,él,ha aislado,10,reviewed,accent-sensitive paradigm; QA recommended
ES,aislar,Indicativo,Pretérito perfecto compuesto,nosotros,hemos aislado,10,reviewed,accent-sensitive paradigm; QA recommended
ES,aislar,Indicativo,Pretérito perfecto compuesto,vosotros,habéis aislado,10,reviewed,accent-sensitive paradigm; QA recommended
ES,aislar,Indicativo,Pretérito perfecto compuesto,ellos,han aislado,10,reviewed,accent-sensitive paradigm; QA recommended
ES,aislar,Indicativo,Pretérito imperfecto,yo,aislaba,10,reviewed,accent-sensitive paradigm; QA recommended
ES,aislar,Indicativo,Pretérito imperfecto,tú,aislabas,10,reviewed,accent-sensitive paradigm; QA recommended
ES,aislar,Indicativo,Pretérito imperfecto,él,aislaba,10,reviewed,accent-sensitive paradigm; QA recommended
ES,aislar,Indicativo,Pretérito imperfecto,nosotros,aislábamos,10,reviewed,accent-sensitive paradigm; QA recommended
ES,aislar,Indicativo,Pretérito imperfecto,vosotros,aislabais,10,reviewed,accent-sensitive paradigm; QA recommended
ES,aislar,Indicativo,Pretérito imperfecto,ellos,aislaban,10,reviewed,accent-sensitive paradigm; QA recommended
ES,aislar,Condicional,Condicional,yo,aislaría,10,reviewed,accent-sensitive paradigm; QA recommended
ES,aislar,Condicional,Condicional,tú,aislarías,10,reviewed,accent-sensitive paradigm; QA recommended
ES,aislar,Condicional,Condicional,él,aislaría,10,reviewed,accent-sensitive paradigm; QA recommended
ES,aislar,Condicional,Condicional,nosotros,aislaríamos,10,reviewed,accent-sensitive paradigm; QA recommended
ES,aislar,Condicional,Condicional,vosotros,aislaríais,10,reviewed,accent-sensitive paradigm; QA recommended
ES,aislar,Condicional,Condicional,ellos,aislarían,10,reviewed,accent-sensitive paradigm; QA recommended
ES,aislar,Imperativo,Imperativo,yo,-,10,reviewed,yo imperative placeholder -; no standard form
ES,aislar,Imperativo,Imperativo,tú,aísla,10,reviewed,accent-sensitive paradigm; QA recommended
ES,aislar,Imperativo,Imperativo,él,aísle,10,reviewed,accent-sensitive paradigm; QA recommended
ES,aislar,Imperativo,Imperativo,nosotros,aislemos,10,reviewed,accent-sensitive paradigm; QA recommended
ES,aislar,Imperativo,Imperativo,vosotros,aislad,10,reviewed,accent-sensitive paradigm; QA recommended
ES,aislar,Imperativo,Imperativo,ellos,aíslen,10,reviewed,accent-sensitive paradigm; QA recommended
ES,aislar,Indicativo,Futuro perfecto,yo,habré aislado,10,reviewed,accent-sensitive paradigm; QA recommended
ES,aislar,Indicativo,Futuro perfecto,tú,habrás aislado,10,reviewed,accent-sensitive paradigm; QA recommended
ES,aislar,Indicativo,Futuro perfecto,él,habrá aislado,10,reviewed,accent-sensitive paradigm; QA recommended
ES,aislar,Indicativo,Futuro perfecto,nosotros,habremos aislado,10,reviewed,accent-sensitive paradigm; QA recommended
ES,aislar,Indicativo,Futuro perfecto,vosotros,habréis aislado,10,reviewed,accent-sensitive paradigm; QA recommended
ES,aislar,Indicativo,Futuro perfecto,ellos,habrán aislado,10,reviewed,accent-sensitive paradigm; QA recommended
ES,aislar,Subjuntivo,Subjuntivo presente,yo,aísle,10,reviewed,accent-sensitive paradigm; QA recommended
ES,aislar,Subjuntivo,Subjuntivo presente,tú,aísles,10,reviewed,accent-sensitive paradigm; QA recommended
ES,aislar,Subjuntivo,Subjuntivo presente,él,aísle,10,reviewed,accent-sensitive paradigm; QA recommended
ES,aislar,Subjuntivo,Subjuntivo presente,nosotros,aislemos,10,reviewed,accent-sensitive paradigm; QA recommended
ES,aislar,Subjuntivo,Subjuntivo presente,vosotros,aisléis,10,reviewed,accent-sensitive paradigm; QA recommended
ES,aislar,Subjuntivo,Subjuntivo presente,ellos,aíslen,10,reviewed,accent-sensitive paradigm; QA recommended
ES,aislar,Indicativo,Pretérito perfecto simple,yo,aislé,10,reviewed,accent-sensitive paradigm; QA recommended
ES,aislar,Indicativo,Pretérito perfecto simple,tú,aislaste,10,reviewed,accent-sensitive paradigm; QA recommended
ES,aislar,Indicativo,Pretérito perfecto simple,él,aisló,10,reviewed,accent-sensitive paradigm; QA recommended
ES,aislar,Indicativo,Pretérito perfecto simple,nosotros,aislamos,10,reviewed,accent-sensitive paradigm; QA recommended
ES,aislar,Indicativo,Pretérito perfecto simple,vosotros,aislasteis,10,reviewed,accent-sensitive paradigm; QA recommended
ES,aislar,Indicativo,Pretérito perfecto simple,ellos,aislaron,10,reviewed,accent-sensitive paradigm; QA recommended
ES,aislar,Indicativo,Pretérito pluscuamperfecto,yo,había aislado,10,reviewed,accent-sensitive paradigm; QA recommended
ES,aislar,Indicativo,Pretérito pluscuamperfecto,tú,habías aislado,10,reviewed,accent-sensitive paradigm; QA recommended
ES,aislar,Indicativo,Pretérito pluscuamperfecto,él,había aislado,10,reviewed,accent-sensitive paradigm; QA recommended
ES,aislar,Indicativo,Pretérito pluscuamperfecto,nosotros,habíamos aislado,10,reviewed,accent-sensitive paradigm; QA recommended
ES,aislar,Indicativo,Pretérito pluscuamperfecto,vosotros,habíais aislado,10,reviewed,accent-sensitive paradigm; QA recommended
ES,aislar,Indicativo,Pretérito pluscuamperfecto,ellos,habían aislado,10,reviewed,accent-sensitive paradigm; QA recommended
ES,mentir,Indicativo,Presente,yo,miento,10,reviewed,stem-changing paradigm; QA recommended
ES,mentir,Indicativo,Presente,tú,mientes,10,reviewed,stem-changing paradigm; QA recommended
ES,mentir,Indicativo,Presente,él,miente,10,reviewed,stem-changing paradigm; QA recommended
ES,mentir,Indicativo,Presente,nosotros,mentimos,10,reviewed,stem-changing paradigm; QA recommended
ES,mentir,Indicativo,Presente,vosotros,mentís,10,reviewed,stem-changing paradigm; QA recommended
ES,mentir,Indicativo,Presente,ellos,mienten,10,reviewed,stem-changing paradigm; QA recommended
ES,mentir,Indicativo,Futuro,yo,mentiré,10,reviewed,stem-changing paradigm; QA recommended
ES,mentir,Indicativo,Futuro,tú,mentirás,10,reviewed,stem-changing paradigm; QA recommended
ES,mentir,Indicativo,Futuro,él,mentirá,10,reviewed,stem-changing paradigm; QA recommended
ES,mentir,Indicativo,Futuro,nosotros,mentiremos,10,reviewed,stem-changing paradigm; QA recommended
ES,mentir,Indicativo,Futuro,vosotros,mentiréis,10,reviewed,stem-changing paradigm; QA recommended
ES,mentir,Indicativo,Futuro,ellos,mentirán,10,reviewed,stem-changing paradigm; QA recommended
ES,mentir,Indicativo,Pretérito perfecto compuesto,yo,he mentido,10,reviewed,stem-changing paradigm; QA recommended
ES,mentir,Indicativo,Pretérito perfecto compuesto,tú,has mentido,10,reviewed,stem-changing paradigm; QA recommended
ES,mentir,Indicativo,Pretérito perfecto compuesto,él,ha mentido,10,reviewed,stem-changing paradigm; QA recommended
ES,mentir,Indicativo,Pretérito perfecto compuesto,nosotros,hemos mentido,10,reviewed,stem-changing paradigm; QA recommended
ES,mentir,Indicativo,Pretérito perfecto compuesto,vosotros,habéis mentido,10,reviewed,stem-changing paradigm; QA recommended
ES,mentir,Indicativo,Pretérito perfecto compuesto,ellos,han mentido,10,reviewed,stem-changing paradigm; QA recommended
ES,mentir,Indicativo,Pretérito imperfecto,yo,mentía,10,reviewed,stem-changing paradigm; QA recommended
ES,mentir,Indicativo,Pretérito imperfecto,tú,mentías,10,reviewed,stem-changing paradigm; QA recommended
ES,mentir,Indicativo,Pretérito imperfecto,él,mentía,10,reviewed,stem-changing paradigm; QA recommended
ES,mentir,Indicativo,Pretérito imperfecto,nosotros,mentíamos,10,reviewed,stem-changing paradigm; QA recommended
ES,mentir,Indicativo,Pretérito imperfecto,vosotros,mentíais,10,reviewed,stem-changing paradigm; QA recommended
ES,mentir,Indicativo,Pretérito imperfecto,ellos,mentían,10,reviewed,stem-changing paradigm; QA recommended
ES,mentir,Condicional,Condicional,yo,mentiría,10,reviewed,stem-changing paradigm; QA recommended
ES,mentir,Condicional,Condicional,tú,mentirías,10,reviewed,stem-changing paradigm; QA recommended
ES,mentir,Condicional,Condicional,él,mentiría,10,reviewed,stem-changing paradigm; QA recommended
ES,mentir,Condicional,Condicional,nosotros,mentiríamos,10,reviewed,stem-changing paradigm; QA recommended
ES,mentir,Condicional,Condicional,vosotros,mentiríais,10,reviewed,stem-changing paradigm; QA recommended
ES,mentir,Condicional,Condicional,ellos,mentirían,10,reviewed,stem-changing paradigm; QA recommended
ES,mentir,Imperativo,Imperativo,yo,-,10,reviewed,yo imperative placeholder -; no standard form
ES,mentir,Imperativo,Imperativo,tú,miente,10,reviewed,stem-changing paradigm; QA recommended
ES,mentir,Imperativo,Imperativo,él,mienta,10,reviewed,stem-changing paradigm; QA recommended
ES,mentir,Imperativo,Imperativo,nosotros,mintamos,10,reviewed,stem-changing paradigm; QA recommended
ES,mentir,Imperativo,Imperativo,vosotros,mentid,10,reviewed,stem-changing paradigm; QA recommended
ES,mentir,Imperativo,Imperativo,ellos,mientan,10,reviewed,stem-changing paradigm; QA recommended
ES,mentir,Indicativo,Futuro perfecto,yo,habré mentido,10,reviewed,stem-changing paradigm; QA recommended
ES,mentir,Indicativo,Futuro perfecto,tú,habrás mentido,10,reviewed,stem-changing paradigm; QA recommended
ES,mentir,Indicativo,Futuro perfecto,él,habrá mentido,10,reviewed,stem-changing paradigm; QA recommended
ES,mentir,Indicativo,Futuro perfecto,nosotros,habremos mentido,10,reviewed,stem-changing paradigm; QA recommended
ES,mentir,Indicativo,Futuro perfecto,vosotros,habréis mentido,10,reviewed,stem-changing paradigm; QA recommended
ES,mentir,Indicativo,Futuro perfecto,ellos,habrán mentido,10,reviewed,stem-changing paradigm; QA recommended
ES,mentir,Subjuntivo,Subjuntivo presente,yo,mienta,10,reviewed,stem-changing paradigm; QA recommended
ES,mentir,Subjuntivo,Subjuntivo presente,tú,mientas,10,reviewed,stem-changing paradigm; QA recommended
ES,mentir,Subjuntivo,Subjuntivo presente,él,mienta,10,reviewed,stem-changing paradigm; QA recommended
ES,mentir,Subjuntivo,Subjuntivo presente,nosotros,mintamos,10,reviewed,stem-changing paradigm; QA recommended
ES,mentir,Subjuntivo,Subjuntivo presente,vosotros,mintáis,10,reviewed,stem-changing paradigm; QA recommended
ES,mentir,Subjuntivo,Subjuntivo presente,ellos,mientan,10,reviewed,stem-changing paradigm; QA recommended
ES,mentir,Indicativo,Pretérito perfecto simple,yo,mentí,10,reviewed,stem-changing paradigm; QA recommended
ES,mentir,Indicativo,Pretérito perfecto simple,tú,mentiste,10,reviewed,stem-changing paradigm; QA recommended
ES,mentir,Indicativo,Pretérito perfecto simple,él,mintió,10,reviewed,stem-changing paradigm; QA recommended
ES,mentir,Indicativo,Pretérito perfecto simple,nosotros,mentimos,10,reviewed,stem-changing paradigm; QA recommended
ES,mentir,Indicativo,Pretérito perfecto simple,vosotros,mentisteis,10,reviewed,stem-changing paradigm; QA recommended
ES,mentir,Indicativo,Pretérito perfecto simple,ellos,mintieron,10,reviewed,stem-changing paradigm; QA recommended
ES,mentir,Indicativo,Pretérito pluscuamperfecto,yo,había mentido,10,reviewed,stem-changing paradigm; QA recommended
ES,mentir,Indicativo,Pretérito pluscuamperfecto,tú,habías mentido,10,reviewed,stem-changing paradigm; QA recommended
ES,mentir,Indicativo,Pretérito pluscuamperfecto,él,había mentido,10,reviewed,stem-changing paradigm; QA recommended
ES,mentir,Indicativo,Pretérito pluscuamperfecto,nosotros,habíamos mentido,10,reviewed,stem-changing paradigm; QA recommended
ES,mentir,Indicativo,Pretérito pluscuamperfecto,vosotros,habíais mentido,10,reviewed,stem-changing paradigm; QA recommended
ES,mentir,Indicativo,Pretérito pluscuamperfecto,ellos,habían mentido,10,reviewed,stem-changing paradigm; QA recommended
ES,alcanzar,Indicativo,Presente,yo,alcanzo,10,reviewed,
ES,alcanzar,Indicativo,Presente,tú,alcanzas,10,reviewed,
ES,alcanzar,Indicativo,Presente,él,alcanza,10,reviewed,
ES,alcanzar,Indicativo,Presente,nosotros,alcanzamos,10,reviewed,
ES,alcanzar,Indicativo,Presente,vosotros,alcanzáis,10,reviewed,
ES,alcanzar,Indicativo,Presente,ellos,alcanzan,10,reviewed,
ES,alcanzar,Indicativo,Futuro,yo,alcanzaré,10,reviewed,
ES,alcanzar,Indicativo,Futuro,tú,alcanzarás,10,reviewed,
ES,alcanzar,Indicativo,Futuro,él,alcanzará,10,reviewed,
ES,alcanzar,Indicativo,Futuro,nosotros,alcanzaremos,10,reviewed,
ES,alcanzar,Indicativo,Futuro,vosotros,alcanzaréis,10,reviewed,
ES,alcanzar,Indicativo,Futuro,ellos,alcanzarán,10,reviewed,
ES,alcanzar,Indicativo,Pretérito perfecto compuesto,yo,he alcanzado,10,reviewed,
ES,alcanzar,Indicativo,Pretérito perfecto compuesto,tú,has alcanzado,10,reviewed,
ES,alcanzar,Indicativo,Pretérito perfecto compuesto,él,ha alcanzado,10,reviewed,
ES,alcanzar,Indicativo,Pretérito perfecto compuesto,nosotros,hemos alcanzado,10,reviewed,
ES,alcanzar,Indicativo,Pretérito perfecto compuesto,vosotros,habéis alcanzado,10,reviewed,
ES,alcanzar,Indicativo,Pretérito perfecto compuesto,ellos,han alcanzado,10,reviewed,
ES,alcanzar,Indicativo,Pretérito imperfecto,yo,alcanzaba,10,reviewed,
ES,alcanzar,Indicativo,Pretérito imperfecto,tú,alcanzabas,10,reviewed,
ES,alcanzar,Indicativo,Pretérito imperfecto,él,alcanzaba,10,reviewed,
ES,alcanzar,Indicativo,Pretérito imperfecto,nosotros,alcanzábamos,10,reviewed,
ES,alcanzar,Indicativo,Pretérito imperfecto,vosotros,alcanzabais,10,reviewed,
ES,alcanzar,Indicativo,Pretérito imperfecto,ellos,alcanzaban,10,reviewed,
ES,alcanzar,Condicional,Condicional,yo,alcanzaría,10,reviewed,
ES,alcanzar,Condicional,Condicional,tú,alcanzarías,10,reviewed,
ES,alcanzar,Condicional,Condicional,él,alcanzaría,10,reviewed,
ES,alcanzar,Condicional,Condicional,nosotros,alcanzaríamos,10,reviewed,
ES,alcanzar,Condicional,Condicional,vosotros,alcanzaríais,10,reviewed,
ES,alcanzar,Condicional,Condicional,ellos,alcanzarían,10,reviewed,
ES,alcanzar,Imperativo,Imperativo,yo,-,10,reviewed,yo imperative placeholder -; no standard form
ES,alcanzar,Imperativo,Imperativo,tú,alcanza,10,reviewed,
ES,alcanzar,Imperativo,Imperativo,él,alcance,10,reviewed,
ES,alcanzar,Imperativo,Imperativo,nosotros,alcancemos,10,reviewed,
ES,alcanzar,Imperativo,Imperativo,vosotros,alcanzad,10,reviewed,
ES,alcanzar,Imperativo,Imperativo,ellos,alcancen,10,reviewed,
ES,alcanzar,Indicativo,Futuro perfecto,yo,habré alcanzado,10,reviewed,
ES,alcanzar,Indicativo,Futuro perfecto,tú,habrás alcanzado,10,reviewed,
ES,alcanzar,Indicativo,Futuro perfecto,él,habrá alcanzado,10,reviewed,
ES,alcanzar,Indicativo,Futuro perfecto,nosotros,habremos alcanzado,10,reviewed,
ES,alcanzar,Indicativo,Futuro perfecto,vosotros,habréis alcanzado,10,reviewed,
ES,alcanzar,Indicativo,Futuro perfecto,ellos,habrán alcanzado,10,reviewed,
ES,alcanzar,Subjuntivo,Subjuntivo presente,yo,alcance,10,reviewed,
ES,alcanzar,Subjuntivo,Subjuntivo presente,tú,alcances,10,reviewed,
ES,alcanzar,Subjuntivo,Subjuntivo presente,él,alcance,10,reviewed,
ES,alcanzar,Subjuntivo,Subjuntivo presente,nosotros,alcancemos,10,reviewed,
ES,alcanzar,Subjuntivo,Subjuntivo presente,vosotros,alcancéis,10,reviewed,
ES,alcanzar,Subjuntivo,Subjuntivo presente,ellos,alcancen,10,reviewed,
ES,alcanzar,Indicativo,Pretérito perfecto simple,yo,alcancé,10,reviewed,
ES,alcanzar,Indicativo,Pretérito perfecto simple,tú,alcanzaste,10,reviewed,
ES,alcanzar,Indicativo,Pretérito perfecto simple,él,alcanzó,10,reviewed,
ES,alcanzar,Indicativo,Pretérito perfecto simple,nosotros,alcanzamos,10,reviewed,
ES,alcanzar,Indicativo,Pretérito perfecto simple,vosotros,alcanzasteis,10,reviewed,
ES,alcanzar,Indicativo,Pretérito perfecto simple,ellos,alcanzaron,10,reviewed,
ES,alcanzar,Indicativo,Pretérito pluscuamperfecto,yo,había alcanzado,10,reviewed,
ES,alcanzar,Indicativo,Pretérito pluscuamperfecto,tú,habías alcanzado,10,reviewed,
ES,alcanzar,Indicativo,Pretérito pluscuamperfecto,él,había alcanzado,10,reviewed,
ES,alcanzar,Indicativo,Pretérito pluscuamperfecto,nosotros,habíamos alcanzado,10,reviewed,
ES,alcanzar,Indicativo,Pretérito pluscuamperfecto,vosotros,habíais alcanzado,10,reviewed,
ES,alcanzar,Indicativo,Pretérito pluscuamperfecto,ellos,habían alcanzado,10,reviewed,
ES,atrapar,Indicativo,Presente,yo,atrapo,10,reviewed,
ES,atrapar,Indicativo,Presente,tú,atrapas,10,reviewed,
ES,atrapar,Indicativo,Presente,él,atrapa,10,reviewed,
ES,atrapar,Indicativo,Presente,nosotros,atrapamos,10,reviewed,
ES,atrapar,Indicativo,Presente,vosotros,atrapáis,10,reviewed,
ES,atrapar,Indicativo,Presente,ellos,atrapan,10,reviewed,
ES,atrapar,Indicativo,Futuro,yo,atraparé,10,reviewed,
ES,atrapar,Indicativo,Futuro,tú,atraparás,10,reviewed,
ES,atrapar,Indicativo,Futuro,él,atrapará,10,reviewed,
ES,atrapar,Indicativo,Futuro,nosotros,atraparemos,10,reviewed,
ES,atrapar,Indicativo,Futuro,vosotros,atraparéis,10,reviewed,
ES,atrapar,Indicativo,Futuro,ellos,atraparán,10,reviewed,
ES,atrapar,Indicativo,Pretérito perfecto compuesto,yo,he atrapado,10,reviewed,
ES,atrapar,Indicativo,Pretérito perfecto compuesto,tú,has atrapado,10,reviewed,
ES,atrapar,Indicativo,Pretérito perfecto compuesto,él,ha atrapado,10,reviewed,
ES,atrapar,Indicativo,Pretérito perfecto compuesto,nosotros,hemos atrapado,10,reviewed,
ES,atrapar,Indicativo,Pretérito perfecto compuesto,vosotros,habéis atrapado,10,reviewed,
ES,atrapar,Indicativo,Pretérito perfecto compuesto,ellos,han atrapado,10,reviewed,
ES,atrapar,Indicativo,Pretérito imperfecto,yo,atrapaba,10,reviewed,
ES,atrapar,Indicativo,Pretérito imperfecto,tú,atrapabas,10,reviewed,
ES,atrapar,Indicativo,Pretérito imperfecto,él,atrapaba,10,reviewed,
ES,atrapar,Indicativo,Pretérito imperfecto,nosotros,atrapábamos,10,reviewed,
ES,atrapar,Indicativo,Pretérito imperfecto,vosotros,atrapabais,10,reviewed,
ES,atrapar,Indicativo,Pretérito imperfecto,ellos,atrapaban,10,reviewed,
ES,atrapar,Condicional,Condicional,yo,atraparía,10,reviewed,
ES,atrapar,Condicional,Condicional,tú,atraparías,10,reviewed,
ES,atrapar,Condicional,Condicional,él,atraparía,10,reviewed,
ES,atrapar,Condicional,Condicional,nosotros,atraparíamos,10,reviewed,
ES,atrapar,Condicional,Condicional,vosotros,atraparíais,10,reviewed,
ES,atrapar,Condicional,Condicional,ellos,atraparían,10,reviewed,
ES,atrapar,Imperativo,Imperativo,yo,-,10,reviewed,yo imperative placeholder -; no standard form
ES,atrapar,Imperativo,Imperativo,tú,atrapa,10,reviewed,
ES,atrapar,Imperativo,Imperativo,él,atrape,10,reviewed,
ES,atrapar,Imperativo,Imperativo,nosotros,atrapemos,10,reviewed,
ES,atrapar,Imperativo,Imperativo,vosotros,atrapad,10,reviewed,
ES,atrapar,Imperativo,Imperativo,ellos,atrapen,10,reviewed,
ES,atrapar,Indicativo,Futuro perfecto,yo,habré atrapado,10,reviewed,
ES,atrapar,Indicativo,Futuro perfecto,tú,habrás atrapado,10,reviewed,
ES,atrapar,Indicativo,Futuro perfecto,él,habrá atrapado,10,reviewed,
ES,atrapar,Indicativo,Futuro perfecto,nosotros,habremos atrapado,10,reviewed,
ES,atrapar,Indicativo,Futuro perfecto,vosotros,habréis atrapado,10,reviewed,
ES,atrapar,Indicativo,Futuro perfecto,ellos,habrán atrapado,10,reviewed,
ES,atrapar,Subjuntivo,Subjuntivo presente,yo,atrape,10,reviewed,
ES,atrapar,Subjuntivo,Subjuntivo presente,tú,atrapes,10,reviewed,
ES,atrapar,Subjuntivo,Subjuntivo presente,él,atrape,10,reviewed,
ES,atrapar,Subjuntivo,Subjuntivo presente,nosotros,atrapemos,10,reviewed,
ES,atrapar,Subjuntivo,Subjuntivo presente,vosotros,atrapéis,10,reviewed,
ES,atrapar,Subjuntivo,Subjuntivo presente,ellos,atrapen,10,reviewed,
ES,atrapar,Indicativo,Pretérito perfecto simple,yo,atrapé,10,reviewed,
ES,atrapar,Indicativo,Pretérito perfecto simple,tú,atrapaste,10,reviewed,
ES,atrapar,Indicativo,Pretérito perfecto simple,él,atrapó,10,reviewed,
ES,atrapar,Indicativo,Pretérito perfecto simple,nosotros,atrapamos,10,reviewed,
ES,atrapar,Indicativo,Pretérito perfecto simple,vosotros,atrapasteis,10,reviewed,
ES,atrapar,Indicativo,Pretérito perfecto simple,ellos,atraparon,10,reviewed,
ES,atrapar,Indicativo,Pretérito pluscuamperfecto,yo,había atrapado,10,reviewed,
ES,atrapar,Indicativo,Pretérito pluscuamperfecto,tú,habías atrapado,10,reviewed,
ES,atrapar,Indicativo,Pretérito pluscuamperfecto,él,había atrapado,10,reviewed,
ES,atrapar,Indicativo,Pretérito pluscuamperfecto,nosotros,habíamos atrapado,10,reviewed,
ES,atrapar,Indicativo,Pretérito pluscuamperfecto,vosotros,habíais atrapado,10,reviewed,
ES,atrapar,Indicativo,Pretérito pluscuamperfecto,ellos,habían atrapado,10,reviewed,
ES,multiplicar,Indicativo,Presente,yo,multiplico,10,reviewed,
ES,multiplicar,Indicativo,Presente,tú,multiplicas,10,reviewed,
ES,multiplicar,Indicativo,Presente,él,multiplica,10,reviewed,
ES,multiplicar,Indicativo,Presente,nosotros,multiplicamos,10,reviewed,
ES,multiplicar,Indicativo,Presente,vosotros,multiplicáis,10,reviewed,
ES,multiplicar,Indicativo,Presente,ellos,multiplican,10,reviewed,
ES,multiplicar,Indicativo,Futuro,yo,multiplicaré,10,reviewed,
ES,multiplicar,Indicativo,Futuro,tú,multiplicarás,10,reviewed,
ES,multiplicar,Indicativo,Futuro,él,multiplicará,10,reviewed,
ES,multiplicar,Indicativo,Futuro,nosotros,multiplicaremos,10,reviewed,
ES,multiplicar,Indicativo,Futuro,vosotros,multiplicaréis,10,reviewed,
ES,multiplicar,Indicativo,Futuro,ellos,multiplicarán,10,reviewed,
ES,multiplicar,Indicativo,Pretérito perfecto compuesto,yo,he multiplicado,10,reviewed,
ES,multiplicar,Indicativo,Pretérito perfecto compuesto,tú,has multiplicado,10,reviewed,
ES,multiplicar,Indicativo,Pretérito perfecto compuesto,él,ha multiplicado,10,reviewed,
ES,multiplicar,Indicativo,Pretérito perfecto compuesto,nosotros,hemos multiplicado,10,reviewed,
ES,multiplicar,Indicativo,Pretérito perfecto compuesto,vosotros,habéis multiplicado,10,reviewed,
ES,multiplicar,Indicativo,Pretérito perfecto compuesto,ellos,han multiplicado,10,reviewed,
ES,multiplicar,Indicativo,Pretérito imperfecto,yo,multiplicaba,10,reviewed,
ES,multiplicar,Indicativo,Pretérito imperfecto,tú,multiplicabas,10,reviewed,
ES,multiplicar,Indicativo,Pretérito imperfecto,él,multiplicaba,10,reviewed,
ES,multiplicar,Indicativo,Pretérito imperfecto,nosotros,multiplicábamos,10,reviewed,
ES,multiplicar,Indicativo,Pretérito imperfecto,vosotros,multiplicabais,10,reviewed,
ES,multiplicar,Indicativo,Pretérito imperfecto,ellos,multiplicaban,10,reviewed,
ES,multiplicar,Condicional,Condicional,yo,multiplicaría,10,reviewed,
ES,multiplicar,Condicional,Condicional,tú,multiplicarías,10,reviewed,
ES,multiplicar,Condicional,Condicional,él,multiplicaría,10,reviewed,
ES,multiplicar,Condicional,Condicional,nosotros,multiplicaríamos,10,reviewed,
ES,multiplicar,Condicional,Condicional,vosotros,multiplicaríais,10,reviewed,
ES,multiplicar,Condicional,Condicional,ellos,multiplicarían,10,reviewed,
ES,multiplicar,Imperativo,Imperativo,yo,-,10,reviewed,yo imperative placeholder -; no standard form
ES,multiplicar,Imperativo,Imperativo,tú,multiplica,10,reviewed,
ES,multiplicar,Imperativo,Imperativo,él,multiplique,10,reviewed,
ES,multiplicar,Imperativo,Imperativo,nosotros,multipliquemos,10,reviewed,
ES,multiplicar,Imperativo,Imperativo,vosotros,multiplicad,10,reviewed,
ES,multiplicar,Imperativo,Imperativo,ellos,multipliquen,10,reviewed,
ES,multiplicar,Indicativo,Futuro perfecto,yo,habré multiplicado,10,reviewed,
ES,multiplicar,Indicativo,Futuro perfecto,tú,habrás multiplicado,10,reviewed,
ES,multiplicar,Indicativo,Futuro perfecto,él,habrá multiplicado,10,reviewed,
ES,multiplicar,Indicativo,Futuro perfecto,nosotros,habremos multiplicado,10,reviewed,
ES,multiplicar,Indicativo,Futuro perfecto,vosotros,habréis multiplicado,10,reviewed,
ES,multiplicar,Indicativo,Futuro perfecto,ellos,habrán multiplicado,10,reviewed,
ES,multiplicar,Subjuntivo,Subjuntivo presente,yo,multiplique,10,reviewed,
ES,multiplicar,Subjuntivo,Subjuntivo presente,tú,multipliques,10,reviewed,
ES,multiplicar,Subjuntivo,Subjuntivo presente,él,multiplique,10,reviewed,
ES,multiplicar,Subjuntivo,Subjuntivo presente,nosotros,multipliquemos,10,reviewed,
ES,multiplicar,Subjuntivo,Subjuntivo presente,vosotros,multipliquéis,10,reviewed,
ES,multiplicar,Subjuntivo,Subjuntivo presente,ellos,multipliquen,10,reviewed,
ES,multiplicar,Indicativo,Pretérito perfecto simple,yo,multipliqué,10,reviewed,
ES,multiplicar,Indicativo,Pretérito perfecto simple,tú,multiplicaste,10,reviewed,
ES,multiplicar,Indicativo,Pretérito perfecto simple,él,multiplicó,10,reviewed,
ES,multiplicar,Indicativo,Pretérito perfecto simple,nosotros,multiplicamos,10,reviewed,
ES,multiplicar,Indicativo,Pretérito perfecto simple,vosotros,multiplicasteis,10,reviewed,
ES,multiplicar,Indicativo,Pretérito perfecto simple,ellos,multiplicaron,10,reviewed,
ES,multiplicar,Indicativo,Pretérito pluscuamperfecto,yo,había multiplicado,10,reviewed,
ES,multiplicar,Indicativo,Pretérito pluscuamperfecto,tú,habías multiplicado,10,reviewed,
ES,multiplicar,Indicativo,Pretérito pluscuamperfecto,él,había multiplicado,10,reviewed,
ES,multiplicar,Indicativo,Pretérito pluscuamperfecto,nosotros,habíamos multiplicado,10,reviewed,
ES,multiplicar,Indicativo,Pretérito pluscuamperfecto,vosotros,habíais multiplicado,10,reviewed,
ES,multiplicar,Indicativo,Pretérito pluscuamperfecto,ellos,habían multiplicado,10,reviewed,
ES,orientar,Indicativo,Presente,yo,oriento,10,reviewed,
ES,orientar,Indicativo,Presente,tú,orientas,10,reviewed,
ES,orientar,Indicativo,Presente,él,orienta,10,reviewed,
ES,orientar,Indicativo,Presente,nosotros,orientamos,10,reviewed,
ES,orientar,Indicativo,Presente,vosotros,orientáis,10,reviewed,
ES,orientar,Indicativo,Presente,ellos,orientan,10,reviewed,
ES,orientar,Indicativo,Futuro,yo,orientaré,10,reviewed,
ES,orientar,Indicativo,Futuro,tú,orientarás,10,reviewed,
ES,orientar,Indicativo,Futuro,él,orientará,10,reviewed,
ES,orientar,Indicativo,Futuro,nosotros,orientaremos,10,reviewed,
ES,orientar,Indicativo,Futuro,vosotros,orientaréis,10,reviewed,
ES,orientar,Indicativo,Futuro,ellos,orientarán,10,reviewed,
ES,orientar,Indicativo,Pretérito perfecto compuesto,yo,he orientado,10,reviewed,
ES,orientar,Indicativo,Pretérito perfecto compuesto,tú,has orientado,10,reviewed,
ES,orientar,Indicativo,Pretérito perfecto compuesto,él,ha orientado,10,reviewed,
ES,orientar,Indicativo,Pretérito perfecto compuesto,nosotros,hemos orientado,10,reviewed,
ES,orientar,Indicativo,Pretérito perfecto compuesto,vosotros,habéis orientado,10,reviewed,
ES,orientar,Indicativo,Pretérito perfecto compuesto,ellos,han orientado,10,reviewed,
ES,orientar,Indicativo,Pretérito imperfecto,yo,orientaba,10,reviewed,
ES,orientar,Indicativo,Pretérito imperfecto,tú,orientabas,10,reviewed,
ES,orientar,Indicativo,Pretérito imperfecto,él,orientaba,10,reviewed,
ES,orientar,Indicativo,Pretérito imperfecto,nosotros,orientábamos,10,reviewed,
ES,orientar,Indicativo,Pretérito imperfecto,vosotros,orientabais,10,reviewed,
ES,orientar,Indicativo,Pretérito imperfecto,ellos,orientaban,10,reviewed,
ES,orientar,Condicional,Condicional,yo,orientaría,10,reviewed,
ES,orientar,Condicional,Condicional,tú,orientarías,10,reviewed,
ES,orientar,Condicional,Condicional,él,orientaría,10,reviewed,
ES,orientar,Condicional,Condicional,nosotros,orientaríamos,10,reviewed,
ES,orientar,Condicional,Condicional,vosotros,orientaríais,10,reviewed,
ES,orientar,Condicional,Condicional,ellos,orientarían,10,reviewed,
ES,orientar,Imperativo,Imperativo,yo,-,10,reviewed,yo imperative placeholder -; no standard form
ES,orientar,Imperativo,Imperativo,tú,orienta,10,reviewed,
ES,orientar,Imperativo,Imperativo,él,oriente,10,reviewed,
ES,orientar,Imperativo,Imperativo,nosotros,orientemos,10,reviewed,
ES,orientar,Imperativo,Imperativo,vosotros,orientad,10,reviewed,
ES,orientar,Imperativo,Imperativo,ellos,orienten,10,reviewed,
ES,orientar,Indicativo,Futuro perfecto,yo,habré orientado,10,reviewed,
ES,orientar,Indicativo,Futuro perfecto,tú,habrás orientado,10,reviewed,
ES,orientar,Indicativo,Futuro perfecto,él,habrá orientado,10,reviewed,
ES,orientar,Indicativo,Futuro perfecto,nosotros,habremos orientado,10,reviewed,
ES,orientar,Indicativo,Futuro perfecto,vosotros,habréis orientado,10,reviewed,
ES,orientar,Indicativo,Futuro perfecto,ellos,habrán orientado,10,reviewed,
ES,orientar,Subjuntivo,Subjuntivo presente,yo,oriente,10,reviewed,
ES,orientar,Subjuntivo,Subjuntivo presente,tú,orientes,10,reviewed,
ES,orientar,Subjuntivo,Subjuntivo presente,él,oriente,10,reviewed,
ES,orientar,Subjuntivo,Subjuntivo presente,nosotros,orientemos,10,reviewed,
ES,orientar,Subjuntivo,Subjuntivo presente,vosotros,orientéis,10,reviewed,
ES,orientar,Subjuntivo,Subjuntivo presente,ellos,orienten,10,reviewed,
ES,orientar,Indicativo,Pretérito perfecto simple,yo,orienté,10,reviewed,
ES,orientar,Indicativo,Pretérito perfecto simple,tú,orientaste,10,reviewed,
ES,orientar,Indicativo,Pretérito perfecto simple,él,orientó,10,reviewed,
ES,orientar,Indicativo,Pretérito perfecto simple,nosotros,orientamos,10,reviewed,
ES,orientar,Indicativo,Pretérito perfecto simple,vosotros,orientasteis,10,reviewed,
ES,orientar,Indicativo,Pretérito perfecto simple,ellos,orientaron,10,reviewed,
ES,orientar,Indicativo,Pretérito pluscuamperfecto,yo,había orientado,10,reviewed,
ES,orientar,Indicativo,Pretérito pluscuamperfecto,tú,habías orientado,10,reviewed,
ES,orientar,Indicativo,Pretérito pluscuamperfecto,él,había orientado,10,reviewed,
ES,orientar,Indicativo,Pretérito pluscuamperfecto,nosotros,habíamos orientado,10,reviewed,
ES,orientar,Indicativo,Pretérito pluscuamperfecto,vosotros,habíais orientado,10,reviewed,
ES,orientar,Indicativo,Pretérito pluscuamperfecto,ellos,habían orientado,10,reviewed,
ES,usar,Indicativo,Presente,yo,uso,10,reviewed,
ES,usar,Indicativo,Presente,tú,usas,10,reviewed,
ES,usar,Indicativo,Presente,él,usa,10,reviewed,
ES,usar,Indicativo,Presente,nosotros,usamos,10,reviewed,
ES,usar,Indicativo,Presente,vosotros,usáis,10,reviewed,
ES,usar,Indicativo,Presente,ellos,usan,10,reviewed,
ES,usar,Indicativo,Futuro,yo,usaré,10,reviewed,
ES,usar,Indicativo,Futuro,tú,usarás,10,reviewed,
ES,usar,Indicativo,Futuro,él,usará,10,reviewed,
ES,usar,Indicativo,Futuro,nosotros,usaremos,10,reviewed,
ES,usar,Indicativo,Futuro,vosotros,usaréis,10,reviewed,
ES,usar,Indicativo,Futuro,ellos,usarán,10,reviewed,
ES,usar,Indicativo,Pretérito perfecto compuesto,yo,he usado,10,reviewed,
ES,usar,Indicativo,Pretérito perfecto compuesto,tú,has usado,10,reviewed,
ES,usar,Indicativo,Pretérito perfecto compuesto,él,ha usado,10,reviewed,
ES,usar,Indicativo,Pretérito perfecto compuesto,nosotros,hemos usado,10,reviewed,
ES,usar,Indicativo,Pretérito perfecto compuesto,vosotros,habéis usado,10,reviewed,
ES,usar,Indicativo,Pretérito perfecto compuesto,ellos,han usado,10,reviewed,
ES,usar,Indicativo,Pretérito imperfecto,yo,usaba,10,reviewed,
ES,usar,Indicativo,Pretérito imperfecto,tú,usabas,10,reviewed,
ES,usar,Indicativo,Pretérito imperfecto,él,usaba,10,reviewed,
ES,usar,Indicativo,Pretérito imperfecto,nosotros,usábamos,10,reviewed,
ES,usar,Indicativo,Pretérito imperfecto,vosotros,usabais,10,reviewed,
ES,usar,Indicativo,Pretérito imperfecto,ellos,usaban,10,reviewed,
ES,usar,Condicional,Condicional,yo,usaría,10,reviewed,
ES,usar,Condicional,Condicional,tú,usarías,10,reviewed,
ES,usar,Condicional,Condicional,él,usaría,10,reviewed,
ES,usar,Condicional,Condicional,nosotros,usaríamos,10,reviewed,
ES,usar,Condicional,Condicional,vosotros,usaríais,10,reviewed,
ES,usar,Condicional,Condicional,ellos,usarían,10,reviewed,
ES,usar,Imperativo,Imperativo,yo,-,10,reviewed,yo imperative placeholder -; no standard form
ES,usar,Imperativo,Imperativo,tú,usa,10,reviewed,
ES,usar,Imperativo,Imperativo,él,use,10,reviewed,
ES,usar,Imperativo,Imperativo,nosotros,usemos,10,reviewed,
ES,usar,Imperativo,Imperativo,vosotros,usad,10,reviewed,
ES,usar,Imperativo,Imperativo,ellos,usen,10,reviewed,
ES,usar,Indicativo,Futuro perfecto,yo,habré usado,10,reviewed,
ES,usar,Indicativo,Futuro perfecto,tú,habrás usado,10,reviewed,
ES,usar,Indicativo,Futuro perfecto,él,habrá usado,10,reviewed,
ES,usar,Indicativo,Futuro perfecto,nosotros,habremos usado,10,reviewed,
ES,usar,Indicativo,Futuro perfecto,vosotros,habréis usado,10,reviewed,
ES,usar,Indicativo,Futuro perfecto,ellos,habrán usado,10,reviewed,
ES,usar,Subjuntivo,Subjuntivo presente,yo,use,10,reviewed,
ES,usar,Subjuntivo,Subjuntivo presente,tú,uses,10,reviewed,
ES,usar,Subjuntivo,Subjuntivo presente,él,use,10,reviewed,
ES,usar,Subjuntivo,Subjuntivo presente,nosotros,usemos,10,reviewed,
ES,usar,Subjuntivo,Subjuntivo presente,vosotros,uséis,10,reviewed,
ES,usar,Subjuntivo,Subjuntivo presente,ellos,usen,10,reviewed,
ES,usar,Indicativo,Pretérito perfecto simple,yo,usé,10,reviewed,
ES,usar,Indicativo,Pretérito perfecto simple,tú,usaste,10,reviewed,
ES,usar,Indicativo,Pretérito perfecto simple,él,usó,10,reviewed,
ES,usar,Indicativo,Pretérito perfecto simple,nosotros,usamos,10,reviewed,
ES,usar,Indicativo,Pretérito perfecto simple,vosotros,usasteis,10,reviewed,
ES,usar,Indicativo,Pretérito perfecto simple,ellos,usaron,10,reviewed,
ES,usar,Indicativo,Pretérito pluscuamperfecto,yo,había usado,10,reviewed,
ES,usar,Indicativo,Pretérito pluscuamperfecto,tú,habías usado,10,reviewed,
ES,usar,Indicativo,Pretérito pluscuamperfecto,él,había usado,10,reviewed,
ES,usar,Indicativo,Pretérito pluscuamperfecto,nosotros,habíamos usado,10,reviewed,
ES,usar,Indicativo,Pretérito pluscuamperfecto,vosotros,habíais usado,10,reviewed,
ES,usar,Indicativo,Pretérito pluscuamperfecto,ellos,habían usado,10,reviewed,
ES,desgastar,Indicativo,Presente,yo,desgasto,10,reviewed,
ES,desgastar,Indicativo,Presente,tú,desgastas,10,reviewed,
ES,desgastar,Indicativo,Presente,él,desgasta,10,reviewed,
ES,desgastar,Indicativo,Presente,nosotros,desgastamos,10,reviewed,
ES,desgastar,Indicativo,Presente,vosotros,desgastáis,10,reviewed,
ES,desgastar,Indicativo,Presente,ellos,desgastan,10,reviewed,
ES,desgastar,Indicativo,Futuro,yo,desgastaré,10,reviewed,
ES,desgastar,Indicativo,Futuro,tú,desgastarás,10,reviewed,
ES,desgastar,Indicativo,Futuro,él,desgastará,10,reviewed,
ES,desgastar,Indicativo,Futuro,nosotros,desgastaremos,10,reviewed,
ES,desgastar,Indicativo,Futuro,vosotros,desgastaréis,10,reviewed,
ES,desgastar,Indicativo,Futuro,ellos,desgastarán,10,reviewed,
ES,desgastar,Indicativo,Pretérito perfecto compuesto,yo,he desgastado,10,reviewed,
ES,desgastar,Indicativo,Pretérito perfecto compuesto,tú,has desgastado,10,reviewed,
ES,desgastar,Indicativo,Pretérito perfecto compuesto,él,ha desgastado,10,reviewed,
ES,desgastar,Indicativo,Pretérito perfecto compuesto,nosotros,hemos desgastado,10,reviewed,
ES,desgastar,Indicativo,Pretérito perfecto compuesto,vosotros,habéis desgastado,10,reviewed,
ES,desgastar,Indicativo,Pretérito perfecto compuesto,ellos,han desgastado,10,reviewed,
ES,desgastar,Indicativo,Pretérito imperfecto,yo,desgastaba,10,reviewed,
ES,desgastar,Indicativo,Pretérito imperfecto,tú,desgastabas,10,reviewed,
ES,desgastar,Indicativo,Pretérito imperfecto,él,desgastaba,10,reviewed,
ES,desgastar,Indicativo,Pretérito imperfecto,nosotros,desgastábamos,10,reviewed,
ES,desgastar,Indicativo,Pretérito imperfecto,vosotros,desgastabais,10,reviewed,
ES,desgastar,Indicativo,Pretérito imperfecto,ellos,desgastaban,10,reviewed,
ES,desgastar,Condicional,Condicional,yo,desgastaría,10,reviewed,
ES,desgastar,Condicional,Condicional,tú,desgastarías,10,reviewed,
ES,desgastar,Condicional,Condicional,él,desgastaría,10,reviewed,
ES,desgastar,Condicional,Condicional,nosotros,desgastaríamos,10,reviewed,
ES,desgastar,Condicional,Condicional,vosotros,desgastaríais,10,reviewed,
ES,desgastar,Condicional,Condicional,ellos,desgastarían,10,reviewed,
ES,desgastar,Imperativo,Imperativo,yo,-,10,reviewed,yo imperative placeholder -; no standard form
ES,desgastar,Imperativo,Imperativo,tú,desgasta,10,reviewed,
ES,desgastar,Imperativo,Imperativo,él,desgaste,10,reviewed,
ES,desgastar,Imperativo,Imperativo,nosotros,desgastemos,10,reviewed,
ES,desgastar,Imperativo,Imperativo,vosotros,desgastad,10,reviewed,
ES,desgastar,Imperativo,Imperativo,ellos,desgasten,10,reviewed,
ES,desgastar,Indicativo,Futuro perfecto,yo,habré desgastado,10,reviewed,
ES,desgastar,Indicativo,Futuro perfecto,tú,habrás desgastado,10,reviewed,
ES,desgastar,Indicativo,Futuro perfecto,él,habrá desgastado,10,reviewed,
ES,desgastar,Indicativo,Futuro perfecto,nosotros,habremos desgastado,10,reviewed,
ES,desgastar,Indicativo,Futuro perfecto,vosotros,habréis desgastado,10,reviewed,
ES,desgastar,Indicativo,Futuro perfecto,ellos,habrán desgastado,10,reviewed,
ES,desgastar,Subjuntivo,Subjuntivo presente,yo,desgaste,10,reviewed,
ES,desgastar,Subjuntivo,Subjuntivo presente,tú,desgastes,10,reviewed,
ES,desgastar,Subjuntivo,Subjuntivo presente,él,desgaste,10,reviewed,
ES,desgastar,Subjuntivo,Subjuntivo presente,nosotros,desgastemos,10,reviewed,
ES,desgastar,Subjuntivo,Subjuntivo presente,vosotros,desgastéis,10,reviewed,
ES,desgastar,Subjuntivo,Subjuntivo presente,ellos,desgasten,10,reviewed,
ES,desgastar,Indicativo,Pretérito perfecto simple,yo,desgasté,10,reviewed,
ES,desgastar,Indicativo,Pretérito perfecto simple,tú,desgastaste,10,reviewed,
ES,desgastar,Indicativo,Pretérito perfecto simple,él,desgastó,10,reviewed,
ES,desgastar,Indicativo,Pretérito perfecto simple,nosotros,desgastamos,10,reviewed,
ES,desgastar,Indicativo,Pretérito perfecto simple,vosotros,desgastasteis,10,reviewed,
ES,desgastar,Indicativo,Pretérito perfecto simple,ellos,desgastaron,10,reviewed,
ES,desgastar,Indicativo,Pretérito pluscuamperfecto,yo,había desgastado,10,reviewed,
ES,desgastar,Indicativo,Pretérito pluscuamperfecto,tú,habías desgastado,10,reviewed,
ES,desgastar,Indicativo,Pretérito pluscuamperfecto,él,había desgastado,10,reviewed,
ES,desgastar,Indicativo,Pretérito pluscuamperfecto,nosotros,habíamos desgastado,10,reviewed,
ES,desgastar,Indicativo,Pretérito pluscuamperfecto,vosotros,habíais desgastado,10,reviewed,
ES,desgastar,Indicativo,Pretérito pluscuamperfecto,ellos,habían desgastado,10,reviewed,
ES,afrontar,Indicativo,Presente,yo,afronto,10,reviewed,
ES,afrontar,Indicativo,Presente,tú,afrontas,10,reviewed,
ES,afrontar,Indicativo,Presente,él,afronta,10,reviewed,
ES,afrontar,Indicativo,Presente,nosotros,afrontamos,10,reviewed,
ES,afrontar,Indicativo,Presente,vosotros,afrontáis,10,reviewed,
ES,afrontar,Indicativo,Presente,ellos,afrontan,10,reviewed,
ES,afrontar,Indicativo,Futuro,yo,afrontaré,10,reviewed,
ES,afrontar,Indicativo,Futuro,tú,afrontarás,10,reviewed,
ES,afrontar,Indicativo,Futuro,él,afrontará,10,reviewed,
ES,afrontar,Indicativo,Futuro,nosotros,afrontaremos,10,reviewed,
ES,afrontar,Indicativo,Futuro,vosotros,afrontaréis,10,reviewed,
ES,afrontar,Indicativo,Futuro,ellos,afrontarán,10,reviewed,
ES,afrontar,Indicativo,Pretérito perfecto compuesto,yo,he afrontado,10,reviewed,
ES,afrontar,Indicativo,Pretérito perfecto compuesto,tú,has afrontado,10,reviewed,
ES,afrontar,Indicativo,Pretérito perfecto compuesto,él,ha afrontado,10,reviewed,
ES,afrontar,Indicativo,Pretérito perfecto compuesto,nosotros,hemos afrontado,10,reviewed,
ES,afrontar,Indicativo,Pretérito perfecto compuesto,vosotros,habéis afrontado,10,reviewed,
ES,afrontar,Indicativo,Pretérito perfecto compuesto,ellos,han afrontado,10,reviewed,
ES,afrontar,Indicativo,Pretérito imperfecto,yo,afrontaba,10,reviewed,
ES,afrontar,Indicativo,Pretérito imperfecto,tú,afrontabas,10,reviewed,
ES,afrontar,Indicativo,Pretérito imperfecto,él,afrontaba,10,reviewed,
ES,afrontar,Indicativo,Pretérito imperfecto,nosotros,afrontábamos,10,reviewed,
ES,afrontar,Indicativo,Pretérito imperfecto,vosotros,afrontabais,10,reviewed,
ES,afrontar,Indicativo,Pretérito imperfecto,ellos,afrontaban,10,reviewed,
ES,afrontar,Condicional,Condicional,yo,afrontaría,10,reviewed,
ES,afrontar,Condicional,Condicional,tú,afrontarías,10,reviewed,
ES,afrontar,Condicional,Condicional,él,afrontaría,10,reviewed,
ES,afrontar,Condicional,Condicional,nosotros,afrontaríamos,10,reviewed,
ES,afrontar,Condicional,Condicional,vosotros,afrontaríais,10,reviewed,
ES,afrontar,Condicional,Condicional,ellos,afrontarían,10,reviewed,
ES,afrontar,Imperativo,Imperativo,yo,-,10,reviewed,yo imperative placeholder -; no standard form
ES,afrontar,Imperativo,Imperativo,tú,afronta,10,reviewed,
ES,afrontar,Imperativo,Imperativo,él,afronte,10,reviewed,
ES,afrontar,Imperativo,Imperativo,nosotros,afrontemos,10,reviewed,
ES,afrontar,Imperativo,Imperativo,vosotros,afrontad,10,reviewed,
ES,afrontar,Imperativo,Imperativo,ellos,afronten,10,reviewed,
ES,afrontar,Indicativo,Futuro perfecto,yo,habré afrontado,10,reviewed,
ES,afrontar,Indicativo,Futuro perfecto,tú,habrás afrontado,10,reviewed,
ES,afrontar,Indicativo,Futuro perfecto,él,habrá afrontado,10,reviewed,
ES,afrontar,Indicativo,Futuro perfecto,nosotros,habremos afrontado,10,reviewed,
ES,afrontar,Indicativo,Futuro perfecto,vosotros,habréis afrontado,10,reviewed,
ES,afrontar,Indicativo,Futuro perfecto,ellos,habrán afrontado,10,reviewed,
ES,afrontar,Subjuntivo,Subjuntivo presente,yo,afronte,10,reviewed,
ES,afrontar,Subjuntivo,Subjuntivo presente,tú,afrontes,10,reviewed,
ES,afrontar,Subjuntivo,Subjuntivo presente,él,afronte,10,reviewed,
ES,afrontar,Subjuntivo,Subjuntivo presente,nosotros,afrontemos,10,reviewed,
ES,afrontar,Subjuntivo,Subjuntivo presente,vosotros,afrontéis,10,reviewed,
ES,afrontar,Subjuntivo,Subjuntivo presente,ellos,afronten,10,reviewed,
ES,afrontar,Indicativo,Pretérito perfecto simple,yo,afronté,10,reviewed,
ES,afrontar,Indicativo,Pretérito perfecto simple,tú,afrontaste,10,reviewed,
ES,afrontar,Indicativo,Pretérito perfecto simple,él,afrontó,10,reviewed,
ES,afrontar,Indicativo,Pretérito perfecto simple,nosotros,afrontamos,10,reviewed,
ES,afrontar,Indicativo,Pretérito perfecto simple,vosotros,afrontasteis,10,reviewed,
ES,afrontar,Indicativo,Pretérito perfecto simple,ellos,afrontaron,10,reviewed,
ES,afrontar,Indicativo,Pretérito pluscuamperfecto,yo,había afrontado,10,reviewed,
ES,afrontar,Indicativo,Pretérito pluscuamperfecto,tú,habías afrontado,10,reviewed,
ES,afrontar,Indicativo,Pretérito pluscuamperfecto,él,había afrontado,10,reviewed,
ES,afrontar,Indicativo,Pretérito pluscuamperfecto,nosotros,habíamos afrontado,10,reviewed,
ES,afrontar,Indicativo,Pretérito pluscuamperfecto,vosotros,habíais afrontado,10,reviewed,
ES,afrontar,Indicativo,Pretérito pluscuamperfecto,ellos,habían afrontado,10,reviewed,
ES,enfrentar,Indicativo,Presente,yo,enfrento,10,reviewed,
ES,enfrentar,Indicativo,Presente,tú,enfrentas,10,reviewed,
ES,enfrentar,Indicativo,Presente,él,enfrenta,10,reviewed,
ES,enfrentar,Indicativo,Presente,nosotros,enfrentamos,10,reviewed,
ES,enfrentar,Indicativo,Presente,vosotros,enfrentáis,10,reviewed,
ES,enfrentar,Indicativo,Presente,ellos,enfrentan,10,reviewed,
ES,enfrentar,Indicativo,Futuro,yo,enfrentaré,10,reviewed,
ES,enfrentar,Indicativo,Futuro,tú,enfrentarás,10,reviewed,
ES,enfrentar,Indicativo,Futuro,él,enfrentará,10,reviewed,
ES,enfrentar,Indicativo,Futuro,nosotros,enfrentaremos,10,reviewed,
ES,enfrentar,Indicativo,Futuro,vosotros,enfrentaréis,10,reviewed,
ES,enfrentar,Indicativo,Futuro,ellos,enfrentarán,10,reviewed,
ES,enfrentar,Indicativo,Pretérito perfecto compuesto,yo,he enfrentado,10,reviewed,
ES,enfrentar,Indicativo,Pretérito perfecto compuesto,tú,has enfrentado,10,reviewed,
ES,enfrentar,Indicativo,Pretérito perfecto compuesto,él,ha enfrentado,10,reviewed,
ES,enfrentar,Indicativo,Pretérito perfecto compuesto,nosotros,hemos enfrentado,10,reviewed,
ES,enfrentar,Indicativo,Pretérito perfecto compuesto,vosotros,habéis enfrentado,10,reviewed,
ES,enfrentar,Indicativo,Pretérito perfecto compuesto,ellos,han enfrentado,10,reviewed,
ES,enfrentar,Indicativo,Pretérito imperfecto,yo,enfrentaba,10,reviewed,
ES,enfrentar,Indicativo,Pretérito imperfecto,tú,enfrentabas,10,reviewed,
ES,enfrentar,Indicativo,Pretérito imperfecto,él,enfrentaba,10,reviewed,
ES,enfrentar,Indicativo,Pretérito imperfecto,nosotros,enfrentábamos,10,reviewed,
ES,enfrentar,Indicativo,Pretérito imperfecto,vosotros,enfrentabais,10,reviewed,
ES,enfrentar,Indicativo,Pretérito imperfecto,ellos,enfrentaban,10,reviewed,
ES,enfrentar,Condicional,Condicional,yo,enfrentaría,10,reviewed,
ES,enfrentar,Condicional,Condicional,tú,enfrentarías,10,reviewed,
ES,enfrentar,Condicional,Condicional,él,enfrentaría,10,reviewed,
ES,enfrentar,Condicional,Condicional,nosotros,enfrentaríamos,10,reviewed,
ES,enfrentar,Condicional,Condicional,vosotros,enfrentaríais,10,reviewed,
ES,enfrentar,Condicional,Condicional,ellos,enfrentarían,10,reviewed,
ES,enfrentar,Imperativo,Imperativo,yo,-,10,reviewed,yo imperative placeholder -; no standard form
ES,enfrentar,Imperativo,Imperativo,tú,enfrenta,10,reviewed,
ES,enfrentar,Imperativo,Imperativo,él,enfrente,10,reviewed,
ES,enfrentar,Imperativo,Imperativo,nosotros,enfrentemos,10,reviewed,
ES,enfrentar,Imperativo,Imperativo,vosotros,enfrentad,10,reviewed,
ES,enfrentar,Imperativo,Imperativo,ellos,enfrenten,10,reviewed,
ES,enfrentar,Indicativo,Futuro perfecto,yo,habré enfrentado,10,reviewed,
ES,enfrentar,Indicativo,Futuro perfecto,tú,habrás enfrentado,10,reviewed,
ES,enfrentar,Indicativo,Futuro perfecto,él,habrá enfrentado,10,reviewed,
ES,enfrentar,Indicativo,Futuro perfecto,nosotros,habremos enfrentado,10,reviewed,
ES,enfrentar,Indicativo,Futuro perfecto,vosotros,habréis enfrentado,10,reviewed,
ES,enfrentar,Indicativo,Futuro perfecto,ellos,habrán enfrentado,10,reviewed,
ES,enfrentar,Subjuntivo,Subjuntivo presente,yo,enfrente,10,reviewed,
ES,enfrentar,Subjuntivo,Subjuntivo presente,tú,enfrentes,10,reviewed,
ES,enfrentar,Subjuntivo,Subjuntivo presente,él,enfrente,10,reviewed,
ES,enfrentar,Subjuntivo,Subjuntivo presente,nosotros,enfrentemos,10,reviewed,
ES,enfrentar,Subjuntivo,Subjuntivo presente,vosotros,enfrentéis,10,reviewed,
ES,enfrentar,Subjuntivo,Subjuntivo presente,ellos,enfrenten,10,reviewed,
ES,enfrentar,Indicativo,Pretérito perfecto simple,yo,enfrenté,10,reviewed,
ES,enfrentar,Indicativo,Pretérito perfecto simple,tú,enfrentaste,10,reviewed,
ES,enfrentar,Indicativo,Pretérito perfecto simple,él,enfrentó,10,reviewed,
ES,enfrentar,Indicativo,Pretérito perfecto simple,nosotros,enfrentamos,10,reviewed,
ES,enfrentar,Indicativo,Pretérito perfecto simple,vosotros,enfrentasteis,10,reviewed,
ES,enfrentar,Indicativo,Pretérito perfecto simple,ellos,enfrentaron,10,reviewed,
ES,enfrentar,Indicativo,Pretérito pluscuamperfecto,yo,había enfrentado,10,reviewed,
ES,enfrentar,Indicativo,Pretérito pluscuamperfecto,tú,habías enfrentado,10,reviewed,
ES,enfrentar,Indicativo,Pretérito pluscuamperfecto,él,había enfrentado,10,reviewed,
ES,enfrentar,Indicativo,Pretérito pluscuamperfecto,nosotros,habíamos enfrentado,10,reviewed,
ES,enfrentar,Indicativo,Pretérito pluscuamperfecto,vosotros,habíais enfrentado,10,reviewed,
ES,enfrentar,Indicativo,Pretérito pluscuamperfecto,ellos,habían enfrentado,10,reviewed,
ES,enseñar,Indicativo,Presente,yo,enseño,10,reviewed,
ES,enseñar,Indicativo,Presente,tú,enseñas,10,reviewed,
ES,enseñar,Indicativo,Presente,él,enseña,10,reviewed,
ES,enseñar,Indicativo,Presente,nosotros,enseñamos,10,reviewed,
ES,enseñar,Indicativo,Presente,vosotros,enseñáis,10,reviewed,
ES,enseñar,Indicativo,Presente,ellos,enseñan,10,reviewed,
ES,enseñar,Indicativo,Futuro,yo,enseñaré,10,reviewed,
ES,enseñar,Indicativo,Futuro,tú,enseñarás,10,reviewed,
ES,enseñar,Indicativo,Futuro,él,enseñará,10,reviewed,
ES,enseñar,Indicativo,Futuro,nosotros,enseñaremos,10,reviewed,
ES,enseñar,Indicativo,Futuro,vosotros,enseñaréis,10,reviewed,
ES,enseñar,Indicativo,Futuro,ellos,enseñarán,10,reviewed,
ES,enseñar,Indicativo,Pretérito perfecto compuesto,yo,he enseñado,10,reviewed,
ES,enseñar,Indicativo,Pretérito perfecto compuesto,tú,has enseñado,10,reviewed,
ES,enseñar,Indicativo,Pretérito perfecto compuesto,él,ha enseñado,10,reviewed,
ES,enseñar,Indicativo,Pretérito perfecto compuesto,nosotros,hemos enseñado,10,reviewed,
ES,enseñar,Indicativo,Pretérito perfecto compuesto,vosotros,habéis enseñado,10,reviewed,
ES,enseñar,Indicativo,Pretérito perfecto compuesto,ellos,han enseñado,10,reviewed,
ES,enseñar,Indicativo,Pretérito imperfecto,yo,enseñaba,10,reviewed,
ES,enseñar,Indicativo,Pretérito imperfecto,tú,enseñabas,10,reviewed,
ES,enseñar,Indicativo,Pretérito imperfecto,él,enseñaba,10,reviewed,
ES,enseñar,Indicativo,Pretérito imperfecto,nosotros,enseñábamos,10,reviewed,
ES,enseñar,Indicativo,Pretérito imperfecto,vosotros,enseñabais,10,reviewed,
ES,enseñar,Indicativo,Pretérito imperfecto,ellos,enseñaban,10,reviewed,
ES,enseñar,Condicional,Condicional,yo,enseñaría,10,reviewed,
ES,enseñar,Condicional,Condicional,tú,enseñarías,10,reviewed,
ES,enseñar,Condicional,Condicional,él,enseñaría,10,reviewed,
ES,enseñar,Condicional,Condicional,nosotros,enseñaríamos,10,reviewed,
ES,enseñar,Condicional,Condicional,vosotros,enseñaríais,10,reviewed,
ES,enseñar,Condicional,Condicional,ellos,enseñarían,10,reviewed,
ES,enseñar,Imperativo,Imperativo,yo,-,10,reviewed,yo imperative placeholder -; no standard form
ES,enseñar,Imperativo,Imperativo,tú,enseña,10,reviewed,
ES,enseñar,Imperativo,Imperativo,él,enseñe,10,reviewed,
ES,enseñar,Imperativo,Imperativo,nosotros,enseñemos,10,reviewed,
ES,enseñar,Imperativo,Imperativo,vosotros,enseñad,10,reviewed,
ES,enseñar,Imperativo,Imperativo,ellos,enseñen,10,reviewed,
ES,enseñar,Indicativo,Futuro perfecto,yo,habré enseñado,10,reviewed,
ES,enseñar,Indicativo,Futuro perfecto,tú,habrás enseñado,10,reviewed,
ES,enseñar,Indicativo,Futuro perfecto,él,habrá enseñado,10,reviewed,
ES,enseñar,Indicativo,Futuro perfecto,nosotros,habremos enseñado,10,reviewed,
ES,enseñar,Indicativo,Futuro perfecto,vosotros,habréis enseñado,10,reviewed,
ES,enseñar,Indicativo,Futuro perfecto,ellos,habrán enseñado,10,reviewed,
ES,enseñar,Subjuntivo,Subjuntivo presente,yo,enseñe,10,reviewed,
ES,enseñar,Subjuntivo,Subjuntivo presente,tú,enseñes,10,reviewed,
ES,enseñar,Subjuntivo,Subjuntivo presente,él,enseñe,10,reviewed,
ES,enseñar,Subjuntivo,Subjuntivo presente,nosotros,enseñemos,10,reviewed,
ES,enseñar,Subjuntivo,Subjuntivo presente,vosotros,enseñéis,10,reviewed,
ES,enseñar,Subjuntivo,Subjuntivo presente,ellos,enseñen,10,reviewed,
ES,enseñar,Indicativo,Pretérito perfecto simple,yo,enseñé,10,reviewed,
ES,enseñar,Indicativo,Pretérito perfecto simple,tú,enseñaste,10,reviewed,
ES,enseñar,Indicativo,Pretérito perfecto simple,él,enseñó,10,reviewed,
ES,enseñar,Indicativo,Pretérito perfecto simple,nosotros,enseñamos,10,reviewed,
ES,enseñar,Indicativo,Pretérito perfecto simple,vosotros,enseñasteis,10,reviewed,
ES,enseñar,Indicativo,Pretérito perfecto simple,ellos,enseñaron,10,reviewed,
ES,enseñar,Indicativo,Pretérito pluscuamperfecto,yo,había enseñado,10,reviewed,
ES,enseñar,Indicativo,Pretérito pluscuamperfecto,tú,habías enseñado,10,reviewed,
ES,enseñar,Indicativo,Pretérito pluscuamperfecto,él,había enseñado,10,reviewed,
ES,enseñar,Indicativo,Pretérito pluscuamperfecto,nosotros,habíamos enseñado,10,reviewed,
ES,enseñar,Indicativo,Pretérito pluscuamperfecto,vosotros,habíais enseñado,10,reviewed,
ES,enseñar,Indicativo,Pretérito pluscuamperfecto,ellos,habían enseñado,10,reviewed,
ES,hacer falta,Indicativo,Presente,yo,hago falta,10,reviewed,fixed expression; only hacer conjugates
ES,hacer falta,Indicativo,Presente,tú,haces falta,10,reviewed,fixed expression; only hacer conjugates
ES,hacer falta,Indicativo,Presente,él,hace falta,10,reviewed,fixed expression; only hacer conjugates
ES,hacer falta,Indicativo,Presente,nosotros,hacemos falta,10,reviewed,fixed expression; only hacer conjugates
ES,hacer falta,Indicativo,Presente,vosotros,hacéis falta,10,reviewed,fixed expression; only hacer conjugates
ES,hacer falta,Indicativo,Presente,ellos,hacen falta,10,reviewed,fixed expression; only hacer conjugates
ES,hacer falta,Indicativo,Futuro,yo,haré falta,10,reviewed,fixed expression; only hacer conjugates
ES,hacer falta,Indicativo,Futuro,tú,harás falta,10,reviewed,fixed expression; only hacer conjugates
ES,hacer falta,Indicativo,Futuro,él,hará falta,10,reviewed,fixed expression; only hacer conjugates
ES,hacer falta,Indicativo,Futuro,nosotros,haremos falta,10,reviewed,fixed expression; only hacer conjugates
ES,hacer falta,Indicativo,Futuro,vosotros,haréis falta,10,reviewed,fixed expression; only hacer conjugates
ES,hacer falta,Indicativo,Futuro,ellos,harán falta,10,reviewed,fixed expression; only hacer conjugates
ES,hacer falta,Indicativo,Pretérito perfecto compuesto,yo,he hecho falta,10,reviewed,fixed expression; only hacer conjugates
ES,hacer falta,Indicativo,Pretérito perfecto compuesto,tú,has hecho falta,10,reviewed,fixed expression; only hacer conjugates
ES,hacer falta,Indicativo,Pretérito perfecto compuesto,él,ha hecho falta,10,reviewed,fixed expression; only hacer conjugates
ES,hacer falta,Indicativo,Pretérito perfecto compuesto,nosotros,hemos hecho falta,10,reviewed,fixed expression; only hacer conjugates
ES,hacer falta,Indicativo,Pretérito perfecto compuesto,vosotros,habéis hecho falta,10,reviewed,fixed expression; only hacer conjugates
ES,hacer falta,Indicativo,Pretérito perfecto compuesto,ellos,han hecho falta,10,reviewed,fixed expression; only hacer conjugates
ES,hacer falta,Indicativo,Pretérito imperfecto,yo,hacía falta,10,reviewed,fixed expression; only hacer conjugates
ES,hacer falta,Indicativo,Pretérito imperfecto,tú,hacías falta,10,reviewed,fixed expression; only hacer conjugates
ES,hacer falta,Indicativo,Pretérito imperfecto,él,hacía falta,10,reviewed,fixed expression; only hacer conjugates
ES,hacer falta,Indicativo,Pretérito imperfecto,nosotros,hacíamos falta,10,reviewed,fixed expression; only hacer conjugates
ES,hacer falta,Indicativo,Pretérito imperfecto,vosotros,hacíais falta,10,reviewed,fixed expression; only hacer conjugates
ES,hacer falta,Indicativo,Pretérito imperfecto,ellos,hacían falta,10,reviewed,fixed expression; only hacer conjugates
ES,hacer falta,Condicional,Condicional,yo,haría falta,10,reviewed,fixed expression; only hacer conjugates
ES,hacer falta,Condicional,Condicional,tú,harías falta,10,reviewed,fixed expression; only hacer conjugates
ES,hacer falta,Condicional,Condicional,él,haría falta,10,reviewed,fixed expression; only hacer conjugates
ES,hacer falta,Condicional,Condicional,nosotros,haríamos falta,10,reviewed,fixed expression; only hacer conjugates
ES,hacer falta,Condicional,Condicional,vosotros,haríais falta,10,reviewed,fixed expression; only hacer conjugates
ES,hacer falta,Condicional,Condicional,ellos,harían falta,10,reviewed,fixed expression; only hacer conjugates
ES,hacer falta,Imperativo,Imperativo,yo,-,10,reviewed,fixed expression; yo imperative placeholder -; imperative usage uncommon; only hacer conjugates; QA recommended
ES,hacer falta,Imperativo,Imperativo,tú,haz falta,10,reviewed,fixed expression; imperative usage uncommon; only hacer conjugates; QA recommended
ES,hacer falta,Imperativo,Imperativo,él,haga falta,10,reviewed,fixed expression; imperative usage uncommon; only hacer conjugates; QA recommended
ES,hacer falta,Imperativo,Imperativo,nosotros,hagamos falta,10,reviewed,fixed expression; imperative usage uncommon; only hacer conjugates; QA recommended
ES,hacer falta,Imperativo,Imperativo,vosotros,haced falta,10,reviewed,fixed expression; imperative usage uncommon; only hacer conjugates; QA recommended
ES,hacer falta,Imperativo,Imperativo,ellos,hagan falta,10,reviewed,fixed expression; imperative usage uncommon; only hacer conjugates; QA recommended
ES,hacer falta,Indicativo,Futuro perfecto,yo,habré hecho falta,10,reviewed,fixed expression; only hacer conjugates
ES,hacer falta,Indicativo,Futuro perfecto,tú,habrás hecho falta,10,reviewed,fixed expression; only hacer conjugates
ES,hacer falta,Indicativo,Futuro perfecto,él,habrá hecho falta,10,reviewed,fixed expression; only hacer conjugates
ES,hacer falta,Indicativo,Futuro perfecto,nosotros,habremos hecho falta,10,reviewed,fixed expression; only hacer conjugates
ES,hacer falta,Indicativo,Futuro perfecto,vosotros,habréis hecho falta,10,reviewed,fixed expression; only hacer conjugates
ES,hacer falta,Indicativo,Futuro perfecto,ellos,habrán hecho falta,10,reviewed,fixed expression; only hacer conjugates
ES,hacer falta,Subjuntivo,Subjuntivo presente,yo,haga falta,10,reviewed,fixed expression; only hacer conjugates
ES,hacer falta,Subjuntivo,Subjuntivo presente,tú,hagas falta,10,reviewed,fixed expression; only hacer conjugates
ES,hacer falta,Subjuntivo,Subjuntivo presente,él,haga falta,10,reviewed,fixed expression; only hacer conjugates
ES,hacer falta,Subjuntivo,Subjuntivo presente,nosotros,hagamos falta,10,reviewed,fixed expression; only hacer conjugates
ES,hacer falta,Subjuntivo,Subjuntivo presente,vosotros,hagáis falta,10,reviewed,fixed expression; only hacer conjugates
ES,hacer falta,Subjuntivo,Subjuntivo presente,ellos,hagan falta,10,reviewed,fixed expression; only hacer conjugates
ES,hacer falta,Indicativo,Pretérito perfecto simple,yo,hice falta,10,reviewed,fixed expression; only hacer conjugates
ES,hacer falta,Indicativo,Pretérito perfecto simple,tú,hiciste falta,10,reviewed,fixed expression; only hacer conjugates
ES,hacer falta,Indicativo,Pretérito perfecto simple,él,hizo falta,10,reviewed,fixed expression; only hacer conjugates
ES,hacer falta,Indicativo,Pretérito perfecto simple,nosotros,hicimos falta,10,reviewed,fixed expression; only hacer conjugates
ES,hacer falta,Indicativo,Pretérito perfecto simple,vosotros,hicisteis falta,10,reviewed,fixed expression; only hacer conjugates
ES,hacer falta,Indicativo,Pretérito perfecto simple,ellos,hicieron falta,10,reviewed,fixed expression; only hacer conjugates
ES,hacer falta,Indicativo,Pretérito pluscuamperfecto,yo,había hecho falta,10,reviewed,fixed expression; only hacer conjugates
ES,hacer falta,Indicativo,Pretérito pluscuamperfecto,tú,habías hecho falta,10,reviewed,fixed expression; only hacer conjugates
ES,hacer falta,Indicativo,Pretérito pluscuamperfecto,él,había hecho falta,10,reviewed,fixed expression; only hacer conjugates
ES,hacer falta,Indicativo,Pretérito pluscuamperfecto,nosotros,habíamos hecho falta,10,reviewed,fixed expression; only hacer conjugates
ES,hacer falta,Indicativo,Pretérito pluscuamperfecto,vosotros,habíais hecho falta,10,reviewed,fixed expression; only hacer conjugates
ES,hacer falta,Indicativo,Pretérito pluscuamperfecto,ellos,habían hecho falta,10,reviewed,fixed expression; only hacer conjugates
ES,necesitar,Indicativo,Presente,yo,necesito,10,reviewed,
ES,necesitar,Indicativo,Presente,tú,necesitas,10,reviewed,
ES,necesitar,Indicativo,Presente,él,necesita,10,reviewed,
ES,necesitar,Indicativo,Presente,nosotros,necesitamos,10,reviewed,
ES,necesitar,Indicativo,Presente,vosotros,necesitáis,10,reviewed,
ES,necesitar,Indicativo,Presente,ellos,necesitan,10,reviewed,
ES,necesitar,Indicativo,Futuro,yo,necesitaré,10,reviewed,
ES,necesitar,Indicativo,Futuro,tú,necesitarás,10,reviewed,
ES,necesitar,Indicativo,Futuro,él,necesitará,10,reviewed,
ES,necesitar,Indicativo,Futuro,nosotros,necesitaremos,10,reviewed,
ES,necesitar,Indicativo,Futuro,vosotros,necesitaréis,10,reviewed,
ES,necesitar,Indicativo,Futuro,ellos,necesitarán,10,reviewed,
ES,necesitar,Indicativo,Pretérito perfecto compuesto,yo,he necesitado,10,reviewed,
ES,necesitar,Indicativo,Pretérito perfecto compuesto,tú,has necesitado,10,reviewed,
ES,necesitar,Indicativo,Pretérito perfecto compuesto,él,ha necesitado,10,reviewed,
ES,necesitar,Indicativo,Pretérito perfecto compuesto,nosotros,hemos necesitado,10,reviewed,
ES,necesitar,Indicativo,Pretérito perfecto compuesto,vosotros,habéis necesitado,10,reviewed,
ES,necesitar,Indicativo,Pretérito perfecto compuesto,ellos,han necesitado,10,reviewed,
ES,necesitar,Indicativo,Pretérito imperfecto,yo,necesitaba,10,reviewed,
ES,necesitar,Indicativo,Pretérito imperfecto,tú,necesitabas,10,reviewed,
ES,necesitar,Indicativo,Pretérito imperfecto,él,necesitaba,10,reviewed,
ES,necesitar,Indicativo,Pretérito imperfecto,nosotros,necesitábamos,10,reviewed,
ES,necesitar,Indicativo,Pretérito imperfecto,vosotros,necesitabais,10,reviewed,
ES,necesitar,Indicativo,Pretérito imperfecto,ellos,necesitaban,10,reviewed,
ES,necesitar,Condicional,Condicional,yo,necesitaría,10,reviewed,
ES,necesitar,Condicional,Condicional,tú,necesitarías,10,reviewed,
ES,necesitar,Condicional,Condicional,él,necesitaría,10,reviewed,
ES,necesitar,Condicional,Condicional,nosotros,necesitaríamos,10,reviewed,
ES,necesitar,Condicional,Condicional,vosotros,necesitaríais,10,reviewed,
ES,necesitar,Condicional,Condicional,ellos,necesitarían,10,reviewed,
ES,necesitar,Imperativo,Imperativo,yo,-,10,reviewed,yo imperative placeholder -; no standard form
ES,necesitar,Imperativo,Imperativo,tú,necesita,10,reviewed,
ES,necesitar,Imperativo,Imperativo,él,necesite,10,reviewed,
ES,necesitar,Imperativo,Imperativo,nosotros,necesitemos,10,reviewed,
ES,necesitar,Imperativo,Imperativo,vosotros,necesitad,10,reviewed,
ES,necesitar,Imperativo,Imperativo,ellos,necesiten,10,reviewed,
ES,necesitar,Indicativo,Futuro perfecto,yo,habré necesitado,10,reviewed,
ES,necesitar,Indicativo,Futuro perfecto,tú,habrás necesitado,10,reviewed,
ES,necesitar,Indicativo,Futuro perfecto,él,habrá necesitado,10,reviewed,
ES,necesitar,Indicativo,Futuro perfecto,nosotros,habremos necesitado,10,reviewed,
ES,necesitar,Indicativo,Futuro perfecto,vosotros,habréis necesitado,10,reviewed,
ES,necesitar,Indicativo,Futuro perfecto,ellos,habrán necesitado,10,reviewed,
ES,necesitar,Subjuntivo,Subjuntivo presente,yo,necesite,10,reviewed,
ES,necesitar,Subjuntivo,Subjuntivo presente,tú,necesites,10,reviewed,
ES,necesitar,Subjuntivo,Subjuntivo presente,él,necesite,10,reviewed,
ES,necesitar,Subjuntivo,Subjuntivo presente,nosotros,necesitemos,10,reviewed,
ES,necesitar,Subjuntivo,Subjuntivo presente,vosotros,necesitéis,10,reviewed,
ES,necesitar,Subjuntivo,Subjuntivo presente,ellos,necesiten,10,reviewed,
ES,necesitar,Indicativo,Pretérito perfecto simple,yo,necesité,10,reviewed,
ES,necesitar,Indicativo,Pretérito perfecto simple,tú,necesitaste,10,reviewed,
ES,necesitar,Indicativo,Pretérito perfecto simple,él,necesitó,10,reviewed,
ES,necesitar,Indicativo,Pretérito perfecto simple,nosotros,necesitamos,10,reviewed,
ES,necesitar,Indicativo,Pretérito perfecto simple,vosotros,necesitasteis,10,reviewed,
ES,necesitar,Indicativo,Pretérito perfecto simple,ellos,necesitaron,10,reviewed,
ES,necesitar,Indicativo,Pretérito pluscuamperfecto,yo,había necesitado,10,reviewed,
ES,necesitar,Indicativo,Pretérito pluscuamperfecto,tú,habías necesitado,10,reviewed,
ES,necesitar,Indicativo,Pretérito pluscuamperfecto,él,había necesitado,10,reviewed,
ES,necesitar,Indicativo,Pretérito pluscuamperfecto,nosotros,habíamos necesitado,10,reviewed,
ES,necesitar,Indicativo,Pretérito pluscuamperfecto,vosotros,habíais necesitado,10,reviewed,
ES,necesitar,Indicativo,Pretérito pluscuamperfecto,ellos,habían necesitado,10,reviewed,
ES,encerrar,Indicativo,Presente,yo,encierro,10,reviewed,stem-changing paradigm; QA recommended
ES,encerrar,Indicativo,Presente,tú,encierras,10,reviewed,stem-changing paradigm; QA recommended
ES,encerrar,Indicativo,Presente,él,encierra,10,reviewed,stem-changing paradigm; QA recommended
ES,encerrar,Indicativo,Presente,nosotros,encerramos,10,reviewed,stem-changing paradigm; QA recommended
ES,encerrar,Indicativo,Presente,vosotros,encerráis,10,reviewed,stem-changing paradigm; QA recommended
ES,encerrar,Indicativo,Presente,ellos,encierran,10,reviewed,stem-changing paradigm; QA recommended
ES,encerrar,Indicativo,Futuro,yo,encerraré,10,reviewed,stem-changing paradigm; QA recommended
ES,encerrar,Indicativo,Futuro,tú,encerrarás,10,reviewed,stem-changing paradigm; QA recommended
ES,encerrar,Indicativo,Futuro,él,encerrará,10,reviewed,stem-changing paradigm; QA recommended
ES,encerrar,Indicativo,Futuro,nosotros,encerraremos,10,reviewed,stem-changing paradigm; QA recommended
ES,encerrar,Indicativo,Futuro,vosotros,encerraréis,10,reviewed,stem-changing paradigm; QA recommended
ES,encerrar,Indicativo,Futuro,ellos,encerrarán,10,reviewed,stem-changing paradigm; QA recommended
ES,encerrar,Indicativo,Pretérito perfecto compuesto,yo,he encerrado,10,reviewed,stem-changing paradigm; QA recommended
ES,encerrar,Indicativo,Pretérito perfecto compuesto,tú,has encerrado,10,reviewed,stem-changing paradigm; QA recommended
ES,encerrar,Indicativo,Pretérito perfecto compuesto,él,ha encerrado,10,reviewed,stem-changing paradigm; QA recommended
ES,encerrar,Indicativo,Pretérito perfecto compuesto,nosotros,hemos encerrado,10,reviewed,stem-changing paradigm; QA recommended
ES,encerrar,Indicativo,Pretérito perfecto compuesto,vosotros,habéis encerrado,10,reviewed,stem-changing paradigm; QA recommended
ES,encerrar,Indicativo,Pretérito perfecto compuesto,ellos,han encerrado,10,reviewed,stem-changing paradigm; QA recommended
ES,encerrar,Indicativo,Pretérito imperfecto,yo,encerraba,10,reviewed,stem-changing paradigm; QA recommended
ES,encerrar,Indicativo,Pretérito imperfecto,tú,encerrabas,10,reviewed,stem-changing paradigm; QA recommended
ES,encerrar,Indicativo,Pretérito imperfecto,él,encerraba,10,reviewed,stem-changing paradigm; QA recommended
ES,encerrar,Indicativo,Pretérito imperfecto,nosotros,encerrábamos,10,reviewed,stem-changing paradigm; QA recommended
ES,encerrar,Indicativo,Pretérito imperfecto,vosotros,encerrabais,10,reviewed,stem-changing paradigm; QA recommended
ES,encerrar,Indicativo,Pretérito imperfecto,ellos,encerraban,10,reviewed,stem-changing paradigm; QA recommended
ES,encerrar,Condicional,Condicional,yo,encerraría,10,reviewed,stem-changing paradigm; QA recommended
ES,encerrar,Condicional,Condicional,tú,encerrarías,10,reviewed,stem-changing paradigm; QA recommended
ES,encerrar,Condicional,Condicional,él,encerraría,10,reviewed,stem-changing paradigm; QA recommended
ES,encerrar,Condicional,Condicional,nosotros,encerraríamos,10,reviewed,stem-changing paradigm; QA recommended
ES,encerrar,Condicional,Condicional,vosotros,encerraríais,10,reviewed,stem-changing paradigm; QA recommended
ES,encerrar,Condicional,Condicional,ellos,encerrarían,10,reviewed,stem-changing paradigm; QA recommended
ES,encerrar,Imperativo,Imperativo,yo,-,10,reviewed,yo imperative placeholder -; no standard form
ES,encerrar,Imperativo,Imperativo,tú,encierra,10,reviewed,stem-changing paradigm; QA recommended
ES,encerrar,Imperativo,Imperativo,él,encierre,10,reviewed,stem-changing paradigm; QA recommended
ES,encerrar,Imperativo,Imperativo,nosotros,encerremos,10,reviewed,stem-changing paradigm; QA recommended
ES,encerrar,Imperativo,Imperativo,vosotros,encerrad,10,reviewed,stem-changing paradigm; QA recommended
ES,encerrar,Imperativo,Imperativo,ellos,encierren,10,reviewed,stem-changing paradigm; QA recommended
ES,encerrar,Indicativo,Futuro perfecto,yo,habré encerrado,10,reviewed,stem-changing paradigm; QA recommended
ES,encerrar,Indicativo,Futuro perfecto,tú,habrás encerrado,10,reviewed,stem-changing paradigm; QA recommended
ES,encerrar,Indicativo,Futuro perfecto,él,habrá encerrado,10,reviewed,stem-changing paradigm; QA recommended
ES,encerrar,Indicativo,Futuro perfecto,nosotros,habremos encerrado,10,reviewed,stem-changing paradigm; QA recommended
ES,encerrar,Indicativo,Futuro perfecto,vosotros,habréis encerrado,10,reviewed,stem-changing paradigm; QA recommended
ES,encerrar,Indicativo,Futuro perfecto,ellos,habrán encerrado,10,reviewed,stem-changing paradigm; QA recommended
ES,encerrar,Subjuntivo,Subjuntivo presente,yo,encierre,10,reviewed,stem-changing paradigm; QA recommended
ES,encerrar,Subjuntivo,Subjuntivo presente,tú,encierres,10,reviewed,stem-changing paradigm; QA recommended
ES,encerrar,Subjuntivo,Subjuntivo presente,él,encierre,10,reviewed,stem-changing paradigm; QA recommended
ES,encerrar,Subjuntivo,Subjuntivo presente,nosotros,encerremos,10,reviewed,stem-changing paradigm; QA recommended
ES,encerrar,Subjuntivo,Subjuntivo presente,vosotros,encerréis,10,reviewed,stem-changing paradigm; QA recommended
ES,encerrar,Subjuntivo,Subjuntivo presente,ellos,encierren,10,reviewed,stem-changing paradigm; QA recommended
ES,encerrar,Indicativo,Pretérito perfecto simple,yo,encerré,10,reviewed,stem-changing paradigm; QA recommended
ES,encerrar,Indicativo,Pretérito perfecto simple,tú,encerraste,10,reviewed,stem-changing paradigm; QA recommended
ES,encerrar,Indicativo,Pretérito perfecto simple,él,encerró,10,reviewed,stem-changing paradigm; QA recommended
ES,encerrar,Indicativo,Pretérito perfecto simple,nosotros,encerramos,10,reviewed,stem-changing paradigm; QA recommended
ES,encerrar,Indicativo,Pretérito perfecto simple,vosotros,encerrasteis,10,reviewed,stem-changing paradigm; QA recommended
ES,encerrar,Indicativo,Pretérito perfecto simple,ellos,encerraron,10,reviewed,stem-changing paradigm; QA recommended
ES,encerrar,Indicativo,Pretérito pluscuamperfecto,yo,había encerrado,10,reviewed,stem-changing paradigm; QA recommended
ES,encerrar,Indicativo,Pretérito pluscuamperfecto,tú,habías encerrado,10,reviewed,stem-changing paradigm; QA recommended
ES,encerrar,Indicativo,Pretérito pluscuamperfecto,él,había encerrado,10,reviewed,stem-changing paradigm; QA recommended
ES,encerrar,Indicativo,Pretérito pluscuamperfecto,nosotros,habíamos encerrado,10,reviewed,stem-changing paradigm; QA recommended
ES,encerrar,Indicativo,Pretérito pluscuamperfecto,vosotros,habíais encerrado,10,reviewed,stem-changing paradigm; QA recommended
ES,encerrar,Indicativo,Pretérito pluscuamperfecto,ellos,habían encerrado,10,reviewed,stem-changing paradigm; QA recommended
ES,dibujar,Indicativo,Presente,yo,dibujo,10,reviewed,
ES,dibujar,Indicativo,Presente,tú,dibujas,10,reviewed,
ES,dibujar,Indicativo,Presente,él,dibuja,10,reviewed,
ES,dibujar,Indicativo,Presente,nosotros,dibujamos,10,reviewed,
ES,dibujar,Indicativo,Presente,vosotros,dibujáis,10,reviewed,
ES,dibujar,Indicativo,Presente,ellos,dibujan,10,reviewed,
ES,dibujar,Indicativo,Futuro,yo,dibujaré,10,reviewed,
ES,dibujar,Indicativo,Futuro,tú,dibujarás,10,reviewed,
ES,dibujar,Indicativo,Futuro,él,dibujará,10,reviewed,
ES,dibujar,Indicativo,Futuro,nosotros,dibujaremos,10,reviewed,
ES,dibujar,Indicativo,Futuro,vosotros,dibujaréis,10,reviewed,
ES,dibujar,Indicativo,Futuro,ellos,dibujarán,10,reviewed,
ES,dibujar,Indicativo,Pretérito perfecto compuesto,yo,he dibujado,10,reviewed,
ES,dibujar,Indicativo,Pretérito perfecto compuesto,tú,has dibujado,10,reviewed,
ES,dibujar,Indicativo,Pretérito perfecto compuesto,él,ha dibujado,10,reviewed,
ES,dibujar,Indicativo,Pretérito perfecto compuesto,nosotros,hemos dibujado,10,reviewed,
ES,dibujar,Indicativo,Pretérito perfecto compuesto,vosotros,habéis dibujado,10,reviewed,
ES,dibujar,Indicativo,Pretérito perfecto compuesto,ellos,han dibujado,10,reviewed,
ES,dibujar,Indicativo,Pretérito imperfecto,yo,dibujaba,10,reviewed,
ES,dibujar,Indicativo,Pretérito imperfecto,tú,dibujabas,10,reviewed,
ES,dibujar,Indicativo,Pretérito imperfecto,él,dibujaba,10,reviewed,
ES,dibujar,Indicativo,Pretérito imperfecto,nosotros,dibujábamos,10,reviewed,
ES,dibujar,Indicativo,Pretérito imperfecto,vosotros,dibujabais,10,reviewed,
ES,dibujar,Indicativo,Pretérito imperfecto,ellos,dibujaban,10,reviewed,
ES,dibujar,Condicional,Condicional,yo,dibujaría,10,reviewed,
ES,dibujar,Condicional,Condicional,tú,dibujarías,10,reviewed,
ES,dibujar,Condicional,Condicional,él,dibujaría,10,reviewed,
ES,dibujar,Condicional,Condicional,nosotros,dibujaríamos,10,reviewed,
ES,dibujar,Condicional,Condicional,vosotros,dibujaríais,10,reviewed,
ES,dibujar,Condicional,Condicional,ellos,dibujarían,10,reviewed,
ES,dibujar,Imperativo,Imperativo,yo,-,10,reviewed,yo imperative placeholder -; no standard form
ES,dibujar,Imperativo,Imperativo,tú,dibuja,10,reviewed,
ES,dibujar,Imperativo,Imperativo,él,dibuje,10,reviewed,
ES,dibujar,Imperativo,Imperativo,nosotros,dibujemos,10,reviewed,
ES,dibujar,Imperativo,Imperativo,vosotros,dibujad,10,reviewed,
ES,dibujar,Imperativo,Imperativo,ellos,dibujen,10,reviewed,
ES,dibujar,Indicativo,Futuro perfecto,yo,habré dibujado,10,reviewed,
ES,dibujar,Indicativo,Futuro perfecto,tú,habrás dibujado,10,reviewed,
ES,dibujar,Indicativo,Futuro perfecto,él,habrá dibujado,10,reviewed,
ES,dibujar,Indicativo,Futuro perfecto,nosotros,habremos dibujado,10,reviewed,
ES,dibujar,Indicativo,Futuro perfecto,vosotros,habréis dibujado,10,reviewed,
ES,dibujar,Indicativo,Futuro perfecto,ellos,habrán dibujado,10,reviewed,
ES,dibujar,Subjuntivo,Subjuntivo presente,yo,dibuje,10,reviewed,
ES,dibujar,Subjuntivo,Subjuntivo presente,tú,dibujes,10,reviewed,
ES,dibujar,Subjuntivo,Subjuntivo presente,él,dibuje,10,reviewed,
ES,dibujar,Subjuntivo,Subjuntivo presente,nosotros,dibujemos,10,reviewed,
ES,dibujar,Subjuntivo,Subjuntivo presente,vosotros,dibujéis,10,reviewed,
ES,dibujar,Subjuntivo,Subjuntivo presente,ellos,dibujen,10,reviewed,
ES,dibujar,Indicativo,Pretérito perfecto simple,yo,dibujé,10,reviewed,
ES,dibujar,Indicativo,Pretérito perfecto simple,tú,dibujaste,10,reviewed,
ES,dibujar,Indicativo,Pretérito perfecto simple,él,dibujó,10,reviewed,
ES,dibujar,Indicativo,Pretérito perfecto simple,nosotros,dibujamos,10,reviewed,
ES,dibujar,Indicativo,Pretérito perfecto simple,vosotros,dibujasteis,10,reviewed,
ES,dibujar,Indicativo,Pretérito perfecto simple,ellos,dibujaron,10,reviewed,
ES,dibujar,Indicativo,Pretérito pluscuamperfecto,yo,había dibujado,10,reviewed,
ES,dibujar,Indicativo,Pretérito pluscuamperfecto,tú,habías dibujado,10,reviewed,
ES,dibujar,Indicativo,Pretérito pluscuamperfecto,él,había dibujado,10,reviewed,
ES,dibujar,Indicativo,Pretérito pluscuamperfecto,nosotros,habíamos dibujado,10,reviewed,
ES,dibujar,Indicativo,Pretérito pluscuamperfecto,vosotros,habíais dibujado,10,reviewed,
ES,dibujar,Indicativo,Pretérito pluscuamperfecto,ellos,habían dibujado,10,reviewed,
ES,favorecer,Indicativo,Presente,yo,favorezco,10,reviewed,-ecer / -zc- paradigm; QA recommended
ES,favorecer,Indicativo,Presente,tú,favoreces,10,reviewed,-ecer / -zc- paradigm; QA recommended
ES,favorecer,Indicativo,Presente,él,favorece,10,reviewed,-ecer / -zc- paradigm; QA recommended
ES,favorecer,Indicativo,Presente,nosotros,favorecemos,10,reviewed,-ecer / -zc- paradigm; QA recommended
ES,favorecer,Indicativo,Presente,vosotros,favorecéis,10,reviewed,-ecer / -zc- paradigm; QA recommended
ES,favorecer,Indicativo,Presente,ellos,favorecen,10,reviewed,-ecer / -zc- paradigm; QA recommended
ES,favorecer,Indicativo,Futuro,yo,favoreceré,10,reviewed,-ecer / -zc- paradigm; QA recommended
ES,favorecer,Indicativo,Futuro,tú,favorecerás,10,reviewed,-ecer / -zc- paradigm; QA recommended
ES,favorecer,Indicativo,Futuro,él,favorecerá,10,reviewed,-ecer / -zc- paradigm; QA recommended
ES,favorecer,Indicativo,Futuro,nosotros,favoreceremos,10,reviewed,-ecer / -zc- paradigm; QA recommended
ES,favorecer,Indicativo,Futuro,vosotros,favoreceréis,10,reviewed,-ecer / -zc- paradigm; QA recommended
ES,favorecer,Indicativo,Futuro,ellos,favorecerán,10,reviewed,-ecer / -zc- paradigm; QA recommended
ES,favorecer,Indicativo,Pretérito perfecto compuesto,yo,he favorecido,10,reviewed,-ecer / -zc- paradigm; QA recommended
ES,favorecer,Indicativo,Pretérito perfecto compuesto,tú,has favorecido,10,reviewed,-ecer / -zc- paradigm; QA recommended
ES,favorecer,Indicativo,Pretérito perfecto compuesto,él,ha favorecido,10,reviewed,-ecer / -zc- paradigm; QA recommended
ES,favorecer,Indicativo,Pretérito perfecto compuesto,nosotros,hemos favorecido,10,reviewed,-ecer / -zc- paradigm; QA recommended
ES,favorecer,Indicativo,Pretérito perfecto compuesto,vosotros,habéis favorecido,10,reviewed,-ecer / -zc- paradigm; QA recommended
ES,favorecer,Indicativo,Pretérito perfecto compuesto,ellos,han favorecido,10,reviewed,-ecer / -zc- paradigm; QA recommended
ES,favorecer,Indicativo,Pretérito imperfecto,yo,favorecía,10,reviewed,-ecer / -zc- paradigm; QA recommended
ES,favorecer,Indicativo,Pretérito imperfecto,tú,favorecías,10,reviewed,-ecer / -zc- paradigm; QA recommended
ES,favorecer,Indicativo,Pretérito imperfecto,él,favorecía,10,reviewed,-ecer / -zc- paradigm; QA recommended
ES,favorecer,Indicativo,Pretérito imperfecto,nosotros,favorecíamos,10,reviewed,-ecer / -zc- paradigm; QA recommended
ES,favorecer,Indicativo,Pretérito imperfecto,vosotros,favorecíais,10,reviewed,-ecer / -zc- paradigm; QA recommended
ES,favorecer,Indicativo,Pretérito imperfecto,ellos,favorecían,10,reviewed,-ecer / -zc- paradigm; QA recommended
ES,favorecer,Condicional,Condicional,yo,favorecería,10,reviewed,-ecer / -zc- paradigm; QA recommended
ES,favorecer,Condicional,Condicional,tú,favorecerías,10,reviewed,-ecer / -zc- paradigm; QA recommended
ES,favorecer,Condicional,Condicional,él,favorecería,10,reviewed,-ecer / -zc- paradigm; QA recommended
ES,favorecer,Condicional,Condicional,nosotros,favoreceríamos,10,reviewed,-ecer / -zc- paradigm; QA recommended
ES,favorecer,Condicional,Condicional,vosotros,favoreceríais,10,reviewed,-ecer / -zc- paradigm; QA recommended
ES,favorecer,Condicional,Condicional,ellos,favorecerían,10,reviewed,-ecer / -zc- paradigm; QA recommended
ES,favorecer,Imperativo,Imperativo,yo,-,10,reviewed,yo imperative placeholder -; no standard form
ES,favorecer,Imperativo,Imperativo,tú,favorece,10,reviewed,-ecer / -zc- paradigm; QA recommended
ES,favorecer,Imperativo,Imperativo,él,favorezca,10,reviewed,-ecer / -zc- paradigm; QA recommended
ES,favorecer,Imperativo,Imperativo,nosotros,favorezcamos,10,reviewed,-ecer / -zc- paradigm; QA recommended
ES,favorecer,Imperativo,Imperativo,vosotros,favoreced,10,reviewed,-ecer / -zc- paradigm; QA recommended
ES,favorecer,Imperativo,Imperativo,ellos,favorezcan,10,reviewed,-ecer / -zc- paradigm; QA recommended
ES,favorecer,Indicativo,Futuro perfecto,yo,habré favorecido,10,reviewed,-ecer / -zc- paradigm; QA recommended
ES,favorecer,Indicativo,Futuro perfecto,tú,habrás favorecido,10,reviewed,-ecer / -zc- paradigm; QA recommended
ES,favorecer,Indicativo,Futuro perfecto,él,habrá favorecido,10,reviewed,-ecer / -zc- paradigm; QA recommended
ES,favorecer,Indicativo,Futuro perfecto,nosotros,habremos favorecido,10,reviewed,-ecer / -zc- paradigm; QA recommended
ES,favorecer,Indicativo,Futuro perfecto,vosotros,habréis favorecido,10,reviewed,-ecer / -zc- paradigm; QA recommended
ES,favorecer,Indicativo,Futuro perfecto,ellos,habrán favorecido,10,reviewed,-ecer / -zc- paradigm; QA recommended
ES,favorecer,Subjuntivo,Subjuntivo presente,yo,favorezca,10,reviewed,-ecer / -zc- paradigm; QA recommended
ES,favorecer,Subjuntivo,Subjuntivo presente,tú,favorezcas,10,reviewed,-ecer / -zc- paradigm; QA recommended
ES,favorecer,Subjuntivo,Subjuntivo presente,él,favorezca,10,reviewed,-ecer / -zc- paradigm; QA recommended
ES,favorecer,Subjuntivo,Subjuntivo presente,nosotros,favorezcamos,10,reviewed,-ecer / -zc- paradigm; QA recommended
ES,favorecer,Subjuntivo,Subjuntivo presente,vosotros,favorezcáis,10,reviewed,-ecer / -zc- paradigm; QA recommended
ES,favorecer,Subjuntivo,Subjuntivo presente,ellos,favorezcan,10,reviewed,-ecer / -zc- paradigm; QA recommended
ES,favorecer,Indicativo,Pretérito perfecto simple,yo,favorecí,10,reviewed,-ecer / -zc- paradigm; QA recommended
ES,favorecer,Indicativo,Pretérito perfecto simple,tú,favoreciste,10,reviewed,-ecer / -zc- paradigm; QA recommended
ES,favorecer,Indicativo,Pretérito perfecto simple,él,favoreció,10,reviewed,-ecer / -zc- paradigm; QA recommended
ES,favorecer,Indicativo,Pretérito perfecto simple,nosotros,favorecimos,10,reviewed,-ecer / -zc- paradigm; QA recommended
ES,favorecer,Indicativo,Pretérito perfecto simple,vosotros,favorecisteis,10,reviewed,-ecer / -zc- paradigm; QA recommended
ES,favorecer,Indicativo,Pretérito perfecto simple,ellos,favorecieron,10,reviewed,-ecer / -zc- paradigm; QA recommended
ES,favorecer,Indicativo,Pretérito pluscuamperfecto,yo,había favorecido,10,reviewed,-ecer / -zc- paradigm; QA recommended
ES,favorecer,Indicativo,Pretérito pluscuamperfecto,tú,habías favorecido,10,reviewed,-ecer / -zc- paradigm; QA recommended
ES,favorecer,Indicativo,Pretérito pluscuamperfecto,él,había favorecido,10,reviewed,-ecer / -zc- paradigm; QA recommended
ES,favorecer,Indicativo,Pretérito pluscuamperfecto,nosotros,habíamos favorecido,10,reviewed,-ecer / -zc- paradigm; QA recommended
ES,favorecer,Indicativo,Pretérito pluscuamperfecto,vosotros,habíais favorecido,10,reviewed,-ecer / -zc- paradigm; QA recommended
ES,favorecer,Indicativo,Pretérito pluscuamperfecto,ellos,habían favorecido,10,reviewed,-ecer / -zc- paradigm; QA recommended
ES,recaer,Indicativo,Presente,yo,recaigo,10,reviewed,prefixed caer paradigm; accent-sensitive paradigm; QA recommended
ES,recaer,Indicativo,Presente,tú,recaes,10,reviewed,prefixed caer paradigm; accent-sensitive paradigm; QA recommended
ES,recaer,Indicativo,Presente,él,recae,10,reviewed,prefixed caer paradigm; accent-sensitive paradigm; QA recommended
ES,recaer,Indicativo,Presente,nosotros,recaemos,10,reviewed,prefixed caer paradigm; accent-sensitive paradigm; QA recommended
ES,recaer,Indicativo,Presente,vosotros,recaéis,10,reviewed,prefixed caer paradigm; accent-sensitive paradigm; QA recommended
ES,recaer,Indicativo,Presente,ellos,recaen,10,reviewed,prefixed caer paradigm; accent-sensitive paradigm; QA recommended
ES,recaer,Indicativo,Futuro,yo,recaeré,10,reviewed,prefixed caer paradigm; accent-sensitive paradigm; QA recommended
ES,recaer,Indicativo,Futuro,tú,recaerás,10,reviewed,prefixed caer paradigm; accent-sensitive paradigm; QA recommended
ES,recaer,Indicativo,Futuro,él,recaerá,10,reviewed,prefixed caer paradigm; accent-sensitive paradigm; QA recommended
ES,recaer,Indicativo,Futuro,nosotros,recaeremos,10,reviewed,prefixed caer paradigm; accent-sensitive paradigm; QA recommended
ES,recaer,Indicativo,Futuro,vosotros,recaeréis,10,reviewed,prefixed caer paradigm; accent-sensitive paradigm; QA recommended
ES,recaer,Indicativo,Futuro,ellos,recaerán,10,reviewed,prefixed caer paradigm; accent-sensitive paradigm; QA recommended
ES,recaer,Indicativo,Pretérito perfecto compuesto,yo,he recaído,10,reviewed,prefixed caer paradigm; accent-sensitive paradigm; QA recommended
ES,recaer,Indicativo,Pretérito perfecto compuesto,tú,has recaído,10,reviewed,prefixed caer paradigm; accent-sensitive paradigm; QA recommended
ES,recaer,Indicativo,Pretérito perfecto compuesto,él,ha recaído,10,reviewed,prefixed caer paradigm; accent-sensitive paradigm; QA recommended
ES,recaer,Indicativo,Pretérito perfecto compuesto,nosotros,hemos recaído,10,reviewed,prefixed caer paradigm; accent-sensitive paradigm; QA recommended
ES,recaer,Indicativo,Pretérito perfecto compuesto,vosotros,habéis recaído,10,reviewed,prefixed caer paradigm; accent-sensitive paradigm; QA recommended
ES,recaer,Indicativo,Pretérito perfecto compuesto,ellos,han recaído,10,reviewed,prefixed caer paradigm; accent-sensitive paradigm; QA recommended
ES,recaer,Indicativo,Pretérito imperfecto,yo,recaía,10,reviewed,prefixed caer paradigm; accent-sensitive paradigm; QA recommended
ES,recaer,Indicativo,Pretérito imperfecto,tú,recaías,10,reviewed,prefixed caer paradigm; accent-sensitive paradigm; QA recommended
ES,recaer,Indicativo,Pretérito imperfecto,él,recaía,10,reviewed,prefixed caer paradigm; accent-sensitive paradigm; QA recommended
ES,recaer,Indicativo,Pretérito imperfecto,nosotros,recaíamos,10,reviewed,prefixed caer paradigm; accent-sensitive paradigm; QA recommended
ES,recaer,Indicativo,Pretérito imperfecto,vosotros,recaíais,10,reviewed,prefixed caer paradigm; accent-sensitive paradigm; QA recommended
ES,recaer,Indicativo,Pretérito imperfecto,ellos,recaían,10,reviewed,prefixed caer paradigm; accent-sensitive paradigm; QA recommended
ES,recaer,Condicional,Condicional,yo,recaería,10,reviewed,prefixed caer paradigm; accent-sensitive paradigm; QA recommended
ES,recaer,Condicional,Condicional,tú,recaerías,10,reviewed,prefixed caer paradigm; accent-sensitive paradigm; QA recommended
ES,recaer,Condicional,Condicional,él,recaería,10,reviewed,prefixed caer paradigm; accent-sensitive paradigm; QA recommended
ES,recaer,Condicional,Condicional,nosotros,recaeríamos,10,reviewed,prefixed caer paradigm; accent-sensitive paradigm; QA recommended
ES,recaer,Condicional,Condicional,vosotros,recaeríais,10,reviewed,prefixed caer paradigm; accent-sensitive paradigm; QA recommended
ES,recaer,Condicional,Condicional,ellos,recaerían,10,reviewed,prefixed caer paradigm; accent-sensitive paradigm; QA recommended
ES,recaer,Imperativo,Imperativo,yo,-,10,reviewed,yo imperative placeholder -; no standard form
ES,recaer,Imperativo,Imperativo,tú,recae,10,reviewed,prefixed caer paradigm; accent-sensitive paradigm; QA recommended
ES,recaer,Imperativo,Imperativo,él,recaiga,10,reviewed,prefixed caer paradigm; accent-sensitive paradigm; QA recommended
ES,recaer,Imperativo,Imperativo,nosotros,recaigamos,10,reviewed,prefixed caer paradigm; accent-sensitive paradigm; QA recommended
ES,recaer,Imperativo,Imperativo,vosotros,recaed,10,reviewed,prefixed caer paradigm; accent-sensitive paradigm; QA recommended
ES,recaer,Imperativo,Imperativo,ellos,recaigan,10,reviewed,prefixed caer paradigm; accent-sensitive paradigm; QA recommended
ES,recaer,Indicativo,Futuro perfecto,yo,habré recaído,10,reviewed,prefixed caer paradigm; accent-sensitive paradigm; QA recommended
ES,recaer,Indicativo,Futuro perfecto,tú,habrás recaído,10,reviewed,prefixed caer paradigm; accent-sensitive paradigm; QA recommended
ES,recaer,Indicativo,Futuro perfecto,él,habrá recaído,10,reviewed,prefixed caer paradigm; accent-sensitive paradigm; QA recommended
ES,recaer,Indicativo,Futuro perfecto,nosotros,habremos recaído,10,reviewed,prefixed caer paradigm; accent-sensitive paradigm; QA recommended
ES,recaer,Indicativo,Futuro perfecto,vosotros,habréis recaído,10,reviewed,prefixed caer paradigm; accent-sensitive paradigm; QA recommended
ES,recaer,Indicativo,Futuro perfecto,ellos,habrán recaído,10,reviewed,prefixed caer paradigm; accent-sensitive paradigm; QA recommended
ES,recaer,Subjuntivo,Subjuntivo presente,yo,recaiga,10,reviewed,prefixed caer paradigm; accent-sensitive paradigm; QA recommended
ES,recaer,Subjuntivo,Subjuntivo presente,tú,recaigas,10,reviewed,prefixed caer paradigm; accent-sensitive paradigm; QA recommended
ES,recaer,Subjuntivo,Subjuntivo presente,él,recaiga,10,reviewed,prefixed caer paradigm; accent-sensitive paradigm; QA recommended
ES,recaer,Subjuntivo,Subjuntivo presente,nosotros,recaigamos,10,reviewed,prefixed caer paradigm; accent-sensitive paradigm; QA recommended
ES,recaer,Subjuntivo,Subjuntivo presente,vosotros,recaigáis,10,reviewed,prefixed caer paradigm; accent-sensitive paradigm; QA recommended
ES,recaer,Subjuntivo,Subjuntivo presente,ellos,recaigan,10,reviewed,prefixed caer paradigm; accent-sensitive paradigm; QA recommended
ES,recaer,Indicativo,Pretérito perfecto simple,yo,recaí,10,reviewed,prefixed caer paradigm; accent-sensitive paradigm; QA recommended
ES,recaer,Indicativo,Pretérito perfecto simple,tú,recaíste,10,reviewed,prefixed caer paradigm; accent-sensitive paradigm; QA recommended
ES,recaer,Indicativo,Pretérito perfecto simple,él,recayó,10,reviewed,prefixed caer paradigm; accent-sensitive paradigm; QA recommended
ES,recaer,Indicativo,Pretérito perfecto simple,nosotros,recaímos,10,reviewed,prefixed caer paradigm; accent-sensitive paradigm; QA recommended
ES,recaer,Indicativo,Pretérito perfecto simple,vosotros,recaísteis,10,reviewed,prefixed caer paradigm; accent-sensitive paradigm; QA recommended
ES,recaer,Indicativo,Pretérito perfecto simple,ellos,recayeron,10,reviewed,prefixed caer paradigm; accent-sensitive paradigm; QA recommended
ES,recaer,Indicativo,Pretérito pluscuamperfecto,yo,había recaído,10,reviewed,prefixed caer paradigm; accent-sensitive paradigm; QA recommended
ES,recaer,Indicativo,Pretérito pluscuamperfecto,tú,habías recaído,10,reviewed,prefixed caer paradigm; accent-sensitive paradigm; QA recommended
ES,recaer,Indicativo,Pretérito pluscuamperfecto,él,había recaído,10,reviewed,prefixed caer paradigm; accent-sensitive paradigm; QA recommended
ES,recaer,Indicativo,Pretérito pluscuamperfecto,nosotros,habíamos recaído,10,reviewed,prefixed caer paradigm; accent-sensitive paradigm; QA recommended
ES,recaer,Indicativo,Pretérito pluscuamperfecto,vosotros,habíais recaído,10,reviewed,prefixed caer paradigm; accent-sensitive paradigm; QA recommended
ES,recaer,Indicativo,Pretérito pluscuamperfecto,ellos,habían recaído,10,reviewed,prefixed caer paradigm; accent-sensitive paradigm; QA recommended
ES,recurrir,Indicativo,Presente,yo,recurro,10,reviewed,
ES,recurrir,Indicativo,Presente,tú,recurres,10,reviewed,
ES,recurrir,Indicativo,Presente,él,recurre,10,reviewed,
ES,recurrir,Indicativo,Presente,nosotros,recurrimos,10,reviewed,
ES,recurrir,Indicativo,Presente,vosotros,recurrís,10,reviewed,
ES,recurrir,Indicativo,Presente,ellos,recurren,10,reviewed,
ES,recurrir,Indicativo,Futuro,yo,recurriré,10,reviewed,
ES,recurrir,Indicativo,Futuro,tú,recurrirás,10,reviewed,
ES,recurrir,Indicativo,Futuro,él,recurrirá,10,reviewed,
ES,recurrir,Indicativo,Futuro,nosotros,recurriremos,10,reviewed,
ES,recurrir,Indicativo,Futuro,vosotros,recurriréis,10,reviewed,
ES,recurrir,Indicativo,Futuro,ellos,recurrirán,10,reviewed,
ES,recurrir,Indicativo,Pretérito perfecto compuesto,yo,he recurrido,10,reviewed,
ES,recurrir,Indicativo,Pretérito perfecto compuesto,tú,has recurrido,10,reviewed,
ES,recurrir,Indicativo,Pretérito perfecto compuesto,él,ha recurrido,10,reviewed,
ES,recurrir,Indicativo,Pretérito perfecto compuesto,nosotros,hemos recurrido,10,reviewed,
ES,recurrir,Indicativo,Pretérito perfecto compuesto,vosotros,habéis recurrido,10,reviewed,
ES,recurrir,Indicativo,Pretérito perfecto compuesto,ellos,han recurrido,10,reviewed,
ES,recurrir,Indicativo,Pretérito imperfecto,yo,recurría,10,reviewed,
ES,recurrir,Indicativo,Pretérito imperfecto,tú,recurrías,10,reviewed,
ES,recurrir,Indicativo,Pretérito imperfecto,él,recurría,10,reviewed,
ES,recurrir,Indicativo,Pretérito imperfecto,nosotros,recurríamos,10,reviewed,
ES,recurrir,Indicativo,Pretérito imperfecto,vosotros,recurríais,10,reviewed,
ES,recurrir,Indicativo,Pretérito imperfecto,ellos,recurrían,10,reviewed,
ES,recurrir,Condicional,Condicional,yo,recurriría,10,reviewed,
ES,recurrir,Condicional,Condicional,tú,recurrirías,10,reviewed,
ES,recurrir,Condicional,Condicional,él,recurriría,10,reviewed,
ES,recurrir,Condicional,Condicional,nosotros,recurriríamos,10,reviewed,
ES,recurrir,Condicional,Condicional,vosotros,recurriríais,10,reviewed,
ES,recurrir,Condicional,Condicional,ellos,recurrirían,10,reviewed,
ES,recurrir,Imperativo,Imperativo,yo,-,10,reviewed,yo imperative placeholder -; no standard form
ES,recurrir,Imperativo,Imperativo,tú,recurre,10,reviewed,
ES,recurrir,Imperativo,Imperativo,él,recurra,10,reviewed,
ES,recurrir,Imperativo,Imperativo,nosotros,recurramos,10,reviewed,
ES,recurrir,Imperativo,Imperativo,vosotros,recurrid,10,reviewed,
ES,recurrir,Imperativo,Imperativo,ellos,recurran,10,reviewed,
ES,recurrir,Indicativo,Futuro perfecto,yo,habré recurrido,10,reviewed,
ES,recurrir,Indicativo,Futuro perfecto,tú,habrás recurrido,10,reviewed,
ES,recurrir,Indicativo,Futuro perfecto,él,habrá recurrido,10,reviewed,
ES,recurrir,Indicativo,Futuro perfecto,nosotros,habremos recurrido,10,reviewed,
ES,recurrir,Indicativo,Futuro perfecto,vosotros,habréis recurrido,10,reviewed,
ES,recurrir,Indicativo,Futuro perfecto,ellos,habrán recurrido,10,reviewed,
ES,recurrir,Subjuntivo,Subjuntivo presente,yo,recurra,10,reviewed,
ES,recurrir,Subjuntivo,Subjuntivo presente,tú,recurras,10,reviewed,
ES,recurrir,Subjuntivo,Subjuntivo presente,él,recurra,10,reviewed,
ES,recurrir,Subjuntivo,Subjuntivo presente,nosotros,recurramos,10,reviewed,
ES,recurrir,Subjuntivo,Subjuntivo presente,vosotros,recurráis,10,reviewed,
ES,recurrir,Subjuntivo,Subjuntivo presente,ellos,recurran,10,reviewed,
ES,recurrir,Indicativo,Pretérito perfecto simple,yo,recurrí,10,reviewed,
ES,recurrir,Indicativo,Pretérito perfecto simple,tú,recurriste,10,reviewed,
ES,recurrir,Indicativo,Pretérito perfecto simple,él,recurrió,10,reviewed,
ES,recurrir,Indicativo,Pretérito perfecto simple,nosotros,recurrimos,10,reviewed,
ES,recurrir,Indicativo,Pretérito perfecto simple,vosotros,recurristeis,10,reviewed,
ES,recurrir,Indicativo,Pretérito perfecto simple,ellos,recurrieron,10,reviewed,
ES,recurrir,Indicativo,Pretérito pluscuamperfecto,yo,había recurrido,10,reviewed,
ES,recurrir,Indicativo,Pretérito pluscuamperfecto,tú,habías recurrido,10,reviewed,
ES,recurrir,Indicativo,Pretérito pluscuamperfecto,él,había recurrido,10,reviewed,
ES,recurrir,Indicativo,Pretérito pluscuamperfecto,nosotros,habíamos recurrido,10,reviewed,
ES,recurrir,Indicativo,Pretérito pluscuamperfecto,vosotros,habíais recurrido,10,reviewed,
ES,recurrir,Indicativo,Pretérito pluscuamperfecto,ellos,habían recurrido,10,reviewed,
ES,practicar,Indicativo,Presente,yo,practico,10,reviewed,
ES,practicar,Indicativo,Presente,tú,practicas,10,reviewed,
ES,practicar,Indicativo,Presente,él,practica,10,reviewed,
ES,practicar,Indicativo,Presente,nosotros,practicamos,10,reviewed,
ES,practicar,Indicativo,Presente,vosotros,practicáis,10,reviewed,
ES,practicar,Indicativo,Presente,ellos,practican,10,reviewed,
ES,practicar,Indicativo,Futuro,yo,practicaré,10,reviewed,
ES,practicar,Indicativo,Futuro,tú,practicarás,10,reviewed,
ES,practicar,Indicativo,Futuro,él,practicará,10,reviewed,
ES,practicar,Indicativo,Futuro,nosotros,practicaremos,10,reviewed,
ES,practicar,Indicativo,Futuro,vosotros,practicaréis,10,reviewed,
ES,practicar,Indicativo,Futuro,ellos,practicarán,10,reviewed,
ES,practicar,Indicativo,Pretérito perfecto compuesto,yo,he practicado,10,reviewed,
ES,practicar,Indicativo,Pretérito perfecto compuesto,tú,has practicado,10,reviewed,
ES,practicar,Indicativo,Pretérito perfecto compuesto,él,ha practicado,10,reviewed,
ES,practicar,Indicativo,Pretérito perfecto compuesto,nosotros,hemos practicado,10,reviewed,
ES,practicar,Indicativo,Pretérito perfecto compuesto,vosotros,habéis practicado,10,reviewed,
ES,practicar,Indicativo,Pretérito perfecto compuesto,ellos,han practicado,10,reviewed,
ES,practicar,Indicativo,Pretérito imperfecto,yo,practicaba,10,reviewed,
ES,practicar,Indicativo,Pretérito imperfecto,tú,practicabas,10,reviewed,
ES,practicar,Indicativo,Pretérito imperfecto,él,practicaba,10,reviewed,
ES,practicar,Indicativo,Pretérito imperfecto,nosotros,practicábamos,10,reviewed,
ES,practicar,Indicativo,Pretérito imperfecto,vosotros,practicabais,10,reviewed,
ES,practicar,Indicativo,Pretérito imperfecto,ellos,practicaban,10,reviewed,
ES,practicar,Condicional,Condicional,yo,practicaría,10,reviewed,
ES,practicar,Condicional,Condicional,tú,practicarías,10,reviewed,
ES,practicar,Condicional,Condicional,él,practicaría,10,reviewed,
ES,practicar,Condicional,Condicional,nosotros,practicaríamos,10,reviewed,
ES,practicar,Condicional,Condicional,vosotros,practicaríais,10,reviewed,
ES,practicar,Condicional,Condicional,ellos,practicarían,10,reviewed,
ES,practicar,Imperativo,Imperativo,yo,-,10,reviewed,yo imperative placeholder -; no standard form
ES,practicar,Imperativo,Imperativo,tú,practica,10,reviewed,
ES,practicar,Imperativo,Imperativo,él,practique,10,reviewed,
ES,practicar,Imperativo,Imperativo,nosotros,practiquemos,10,reviewed,
ES,practicar,Imperativo,Imperativo,vosotros,practicad,10,reviewed,
ES,practicar,Imperativo,Imperativo,ellos,practiquen,10,reviewed,
ES,practicar,Indicativo,Futuro perfecto,yo,habré practicado,10,reviewed,
ES,practicar,Indicativo,Futuro perfecto,tú,habrás practicado,10,reviewed,
ES,practicar,Indicativo,Futuro perfecto,él,habrá practicado,10,reviewed,
ES,practicar,Indicativo,Futuro perfecto,nosotros,habremos practicado,10,reviewed,
ES,practicar,Indicativo,Futuro perfecto,vosotros,habréis practicado,10,reviewed,
ES,practicar,Indicativo,Futuro perfecto,ellos,habrán practicado,10,reviewed,
ES,practicar,Subjuntivo,Subjuntivo presente,yo,practique,10,reviewed,
ES,practicar,Subjuntivo,Subjuntivo presente,tú,practiques,10,reviewed,
ES,practicar,Subjuntivo,Subjuntivo presente,él,practique,10,reviewed,
ES,practicar,Subjuntivo,Subjuntivo presente,nosotros,practiquemos,10,reviewed,
ES,practicar,Subjuntivo,Subjuntivo presente,vosotros,practiquéis,10,reviewed,
ES,practicar,Subjuntivo,Subjuntivo presente,ellos,practiquen,10,reviewed,
ES,practicar,Indicativo,Pretérito perfecto simple,yo,practiqué,10,reviewed,
ES,practicar,Indicativo,Pretérito perfecto simple,tú,practicaste,10,reviewed,
ES,practicar,Indicativo,Pretérito perfecto simple,él,practicó,10,reviewed,
ES,practicar,Indicativo,Pretérito perfecto simple,nosotros,practicamos,10,reviewed,
ES,practicar,Indicativo,Pretérito perfecto simple,vosotros,practicasteis,10,reviewed,
ES,practicar,Indicativo,Pretérito perfecto simple,ellos,practicaron,10,reviewed,
ES,practicar,Indicativo,Pretérito pluscuamperfecto,yo,había practicado,10,reviewed,
ES,practicar,Indicativo,Pretérito pluscuamperfecto,tú,habías practicado,10,reviewed,
ES,practicar,Indicativo,Pretérito pluscuamperfecto,él,había practicado,10,reviewed,
ES,practicar,Indicativo,Pretérito pluscuamperfecto,nosotros,habíamos practicado,10,reviewed,
ES,practicar,Indicativo,Pretérito pluscuamperfecto,vosotros,habíais practicado,10,reviewed,
ES,practicar,Indicativo,Pretérito pluscuamperfecto,ellos,habían practicado,10,reviewed,
ES,abatir,Indicativo,Presente,yo,abato,10,reviewed,
ES,abatir,Indicativo,Presente,tú,abates,10,reviewed,
ES,abatir,Indicativo,Presente,él,abate,10,reviewed,
ES,abatir,Indicativo,Presente,nosotros,abatimos,10,reviewed,
ES,abatir,Indicativo,Presente,vosotros,abatís,10,reviewed,
ES,abatir,Indicativo,Presente,ellos,abaten,10,reviewed,
ES,abatir,Indicativo,Futuro,yo,abatiré,10,reviewed,
ES,abatir,Indicativo,Futuro,tú,abatirás,10,reviewed,
ES,abatir,Indicativo,Futuro,él,abatirá,10,reviewed,
ES,abatir,Indicativo,Futuro,nosotros,abatiremos,10,reviewed,
ES,abatir,Indicativo,Futuro,vosotros,abatiréis,10,reviewed,
ES,abatir,Indicativo,Futuro,ellos,abatirán,10,reviewed,
ES,abatir,Indicativo,Pretérito perfecto compuesto,yo,he abatido,10,reviewed,
ES,abatir,Indicativo,Pretérito perfecto compuesto,tú,has abatido,10,reviewed,
ES,abatir,Indicativo,Pretérito perfecto compuesto,él,ha abatido,10,reviewed,
ES,abatir,Indicativo,Pretérito perfecto compuesto,nosotros,hemos abatido,10,reviewed,
ES,abatir,Indicativo,Pretérito perfecto compuesto,vosotros,habéis abatido,10,reviewed,
ES,abatir,Indicativo,Pretérito perfecto compuesto,ellos,han abatido,10,reviewed,
ES,abatir,Indicativo,Pretérito imperfecto,yo,abatía,10,reviewed,
ES,abatir,Indicativo,Pretérito imperfecto,tú,abatías,10,reviewed,
ES,abatir,Indicativo,Pretérito imperfecto,él,abatía,10,reviewed,
ES,abatir,Indicativo,Pretérito imperfecto,nosotros,abatíamos,10,reviewed,
ES,abatir,Indicativo,Pretérito imperfecto,vosotros,abatíais,10,reviewed,
ES,abatir,Indicativo,Pretérito imperfecto,ellos,abatían,10,reviewed,
ES,abatir,Condicional,Condicional,yo,abatiría,10,reviewed,
ES,abatir,Condicional,Condicional,tú,abatirías,10,reviewed,
ES,abatir,Condicional,Condicional,él,abatiría,10,reviewed,
ES,abatir,Condicional,Condicional,nosotros,abatiríamos,10,reviewed,
ES,abatir,Condicional,Condicional,vosotros,abatiríais,10,reviewed,
ES,abatir,Condicional,Condicional,ellos,abatirían,10,reviewed,
ES,abatir,Imperativo,Imperativo,yo,-,10,reviewed,yo imperative placeholder -; no standard form
ES,abatir,Imperativo,Imperativo,tú,abate,10,reviewed,
ES,abatir,Imperativo,Imperativo,él,abata,10,reviewed,
ES,abatir,Imperativo,Imperativo,nosotros,abatamos,10,reviewed,
ES,abatir,Imperativo,Imperativo,vosotros,abatid,10,reviewed,
ES,abatir,Imperativo,Imperativo,ellos,abatan,10,reviewed,
ES,abatir,Indicativo,Futuro perfecto,yo,habré abatido,10,reviewed,
ES,abatir,Indicativo,Futuro perfecto,tú,habrás abatido,10,reviewed,
ES,abatir,Indicativo,Futuro perfecto,él,habrá abatido,10,reviewed,
ES,abatir,Indicativo,Futuro perfecto,nosotros,habremos abatido,10,reviewed,
ES,abatir,Indicativo,Futuro perfecto,vosotros,habréis abatido,10,reviewed,
ES,abatir,Indicativo,Futuro perfecto,ellos,habrán abatido,10,reviewed,
ES,abatir,Subjuntivo,Subjuntivo presente,yo,abata,10,reviewed,
ES,abatir,Subjuntivo,Subjuntivo presente,tú,abatas,10,reviewed,
ES,abatir,Subjuntivo,Subjuntivo presente,él,abata,10,reviewed,
ES,abatir,Subjuntivo,Subjuntivo presente,nosotros,abatamos,10,reviewed,
ES,abatir,Subjuntivo,Subjuntivo presente,vosotros,abatáis,10,reviewed,
ES,abatir,Subjuntivo,Subjuntivo presente,ellos,abatan,10,reviewed,
ES,abatir,Indicativo,Pretérito perfecto simple,yo,abatí,10,reviewed,
ES,abatir,Indicativo,Pretérito perfecto simple,tú,abatiste,10,reviewed,
ES,abatir,Indicativo,Pretérito perfecto simple,él,abatió,10,reviewed,
ES,abatir,Indicativo,Pretérito perfecto simple,nosotros,abatimos,10,reviewed,
ES,abatir,Indicativo,Pretérito perfecto simple,vosotros,abatisteis,10,reviewed,
ES,abatir,Indicativo,Pretérito perfecto simple,ellos,abatieron,10,reviewed,
ES,abatir,Indicativo,Pretérito pluscuamperfecto,yo,había abatido,10,reviewed,
ES,abatir,Indicativo,Pretérito pluscuamperfecto,tú,habías abatido,10,reviewed,
ES,abatir,Indicativo,Pretérito pluscuamperfecto,él,había abatido,10,reviewed,
ES,abatir,Indicativo,Pretérito pluscuamperfecto,nosotros,habíamos abatido,10,reviewed,
ES,abatir,Indicativo,Pretérito pluscuamperfecto,vosotros,habíais abatido,10,reviewed,
ES,abatir,Indicativo,Pretérito pluscuamperfecto,ellos,habían abatido,10,reviewed,
ES,derribar,Indicativo,Presente,yo,derribo,10,reviewed,
ES,derribar,Indicativo,Presente,tú,derribas,10,reviewed,
ES,derribar,Indicativo,Presente,él,derriba,10,reviewed,
ES,derribar,Indicativo,Presente,nosotros,derribamos,10,reviewed,
ES,derribar,Indicativo,Presente,vosotros,derribáis,10,reviewed,
ES,derribar,Indicativo,Presente,ellos,derriban,10,reviewed,
ES,derribar,Indicativo,Futuro,yo,derribaré,10,reviewed,
ES,derribar,Indicativo,Futuro,tú,derribarás,10,reviewed,
ES,derribar,Indicativo,Futuro,él,derribará,10,reviewed,
ES,derribar,Indicativo,Futuro,nosotros,derribaremos,10,reviewed,
ES,derribar,Indicativo,Futuro,vosotros,derribaréis,10,reviewed,
ES,derribar,Indicativo,Futuro,ellos,derribarán,10,reviewed,
ES,derribar,Indicativo,Pretérito perfecto compuesto,yo,he derribado,10,reviewed,
ES,derribar,Indicativo,Pretérito perfecto compuesto,tú,has derribado,10,reviewed,
ES,derribar,Indicativo,Pretérito perfecto compuesto,él,ha derribado,10,reviewed,
ES,derribar,Indicativo,Pretérito perfecto compuesto,nosotros,hemos derribado,10,reviewed,
ES,derribar,Indicativo,Pretérito perfecto compuesto,vosotros,habéis derribado,10,reviewed,
ES,derribar,Indicativo,Pretérito perfecto compuesto,ellos,han derribado,10,reviewed,
ES,derribar,Indicativo,Pretérito imperfecto,yo,derribaba,10,reviewed,
ES,derribar,Indicativo,Pretérito imperfecto,tú,derribabas,10,reviewed,
ES,derribar,Indicativo,Pretérito imperfecto,él,derribaba,10,reviewed,
ES,derribar,Indicativo,Pretérito imperfecto,nosotros,derribábamos,10,reviewed,
ES,derribar,Indicativo,Pretérito imperfecto,vosotros,derribabais,10,reviewed,
ES,derribar,Indicativo,Pretérito imperfecto,ellos,derribaban,10,reviewed,
ES,derribar,Condicional,Condicional,yo,derribaría,10,reviewed,
ES,derribar,Condicional,Condicional,tú,derribarías,10,reviewed,
ES,derribar,Condicional,Condicional,él,derribaría,10,reviewed,
ES,derribar,Condicional,Condicional,nosotros,derribaríamos,10,reviewed,
ES,derribar,Condicional,Condicional,vosotros,derribaríais,10,reviewed,
ES,derribar,Condicional,Condicional,ellos,derribarían,10,reviewed,
ES,derribar,Imperativo,Imperativo,yo,-,10,reviewed,yo imperative placeholder -; no standard form
ES,derribar,Imperativo,Imperativo,tú,derriba,10,reviewed,
ES,derribar,Imperativo,Imperativo,él,derribe,10,reviewed,
ES,derribar,Imperativo,Imperativo,nosotros,derribemos,10,reviewed,
ES,derribar,Imperativo,Imperativo,vosotros,derribad,10,reviewed,
ES,derribar,Imperativo,Imperativo,ellos,derriben,10,reviewed,
ES,derribar,Indicativo,Futuro perfecto,yo,habré derribado,10,reviewed,
ES,derribar,Indicativo,Futuro perfecto,tú,habrás derribado,10,reviewed,
ES,derribar,Indicativo,Futuro perfecto,él,habrá derribado,10,reviewed,
ES,derribar,Indicativo,Futuro perfecto,nosotros,habremos derribado,10,reviewed,
ES,derribar,Indicativo,Futuro perfecto,vosotros,habréis derribado,10,reviewed,
ES,derribar,Indicativo,Futuro perfecto,ellos,habrán derribado,10,reviewed,
ES,derribar,Subjuntivo,Subjuntivo presente,yo,derribe,10,reviewed,
ES,derribar,Subjuntivo,Subjuntivo presente,tú,derribes,10,reviewed,
ES,derribar,Subjuntivo,Subjuntivo presente,él,derribe,10,reviewed,
ES,derribar,Subjuntivo,Subjuntivo presente,nosotros,derribemos,10,reviewed,
ES,derribar,Subjuntivo,Subjuntivo presente,vosotros,derribéis,10,reviewed,
ES,derribar,Subjuntivo,Subjuntivo presente,ellos,derriben,10,reviewed,
ES,derribar,Indicativo,Pretérito perfecto simple,yo,derribé,10,reviewed,
ES,derribar,Indicativo,Pretérito perfecto simple,tú,derribaste,10,reviewed,
ES,derribar,Indicativo,Pretérito perfecto simple,él,derribó,10,reviewed,
ES,derribar,Indicativo,Pretérito perfecto simple,nosotros,derribamos,10,reviewed,
ES,derribar,Indicativo,Pretérito perfecto simple,vosotros,derribasteis,10,reviewed,
ES,derribar,Indicativo,Pretérito perfecto simple,ellos,derribaron,10,reviewed,
ES,derribar,Indicativo,Pretérito pluscuamperfecto,yo,había derribado,10,reviewed,
ES,derribar,Indicativo,Pretérito pluscuamperfecto,tú,habías derribado,10,reviewed,
ES,derribar,Indicativo,Pretérito pluscuamperfecto,él,había derribado,10,reviewed,
ES,derribar,Indicativo,Pretérito pluscuamperfecto,nosotros,habíamos derribado,10,reviewed,
ES,derribar,Indicativo,Pretérito pluscuamperfecto,vosotros,habíais derribado,10,reviewed,
ES,derribar,Indicativo,Pretérito pluscuamperfecto,ellos,habían derribado,10,reviewed,
ES,bajar,Indicativo,Presente,yo,bajo,10,reviewed,
ES,bajar,Indicativo,Presente,tú,bajas,10,reviewed,
ES,bajar,Indicativo,Presente,él,baja,10,reviewed,
ES,bajar,Indicativo,Presente,nosotros,bajamos,10,reviewed,
ES,bajar,Indicativo,Presente,vosotros,bajáis,10,reviewed,
ES,bajar,Indicativo,Presente,ellos,bajan,10,reviewed,
ES,bajar,Indicativo,Futuro,yo,bajaré,10,reviewed,
ES,bajar,Indicativo,Futuro,tú,bajarás,10,reviewed,
ES,bajar,Indicativo,Futuro,él,bajará,10,reviewed,
ES,bajar,Indicativo,Futuro,nosotros,bajaremos,10,reviewed,
ES,bajar,Indicativo,Futuro,vosotros,bajaréis,10,reviewed,
ES,bajar,Indicativo,Futuro,ellos,bajarán,10,reviewed,
ES,bajar,Indicativo,Pretérito perfecto compuesto,yo,he bajado,10,reviewed,
ES,bajar,Indicativo,Pretérito perfecto compuesto,tú,has bajado,10,reviewed,
ES,bajar,Indicativo,Pretérito perfecto compuesto,él,ha bajado,10,reviewed,
ES,bajar,Indicativo,Pretérito perfecto compuesto,nosotros,hemos bajado,10,reviewed,
ES,bajar,Indicativo,Pretérito perfecto compuesto,vosotros,habéis bajado,10,reviewed,
ES,bajar,Indicativo,Pretérito perfecto compuesto,ellos,han bajado,10,reviewed,
ES,bajar,Indicativo,Pretérito imperfecto,yo,bajaba,10,reviewed,
ES,bajar,Indicativo,Pretérito imperfecto,tú,bajabas,10,reviewed,
ES,bajar,Indicativo,Pretérito imperfecto,él,bajaba,10,reviewed,
ES,bajar,Indicativo,Pretérito imperfecto,nosotros,bajábamos,10,reviewed,
ES,bajar,Indicativo,Pretérito imperfecto,vosotros,bajabais,10,reviewed,
ES,bajar,Indicativo,Pretérito imperfecto,ellos,bajaban,10,reviewed,
ES,bajar,Condicional,Condicional,yo,bajaría,10,reviewed,
ES,bajar,Condicional,Condicional,tú,bajarías,10,reviewed,
ES,bajar,Condicional,Condicional,él,bajaría,10,reviewed,
ES,bajar,Condicional,Condicional,nosotros,bajaríamos,10,reviewed,
ES,bajar,Condicional,Condicional,vosotros,bajaríais,10,reviewed,
ES,bajar,Condicional,Condicional,ellos,bajarían,10,reviewed,
ES,bajar,Imperativo,Imperativo,yo,-,10,reviewed,yo imperative placeholder -; no standard form
ES,bajar,Imperativo,Imperativo,tú,baja,10,reviewed,
ES,bajar,Imperativo,Imperativo,él,baje,10,reviewed,
ES,bajar,Imperativo,Imperativo,nosotros,bajemos,10,reviewed,
ES,bajar,Imperativo,Imperativo,vosotros,bajad,10,reviewed,
ES,bajar,Imperativo,Imperativo,ellos,bajen,10,reviewed,
ES,bajar,Indicativo,Futuro perfecto,yo,habré bajado,10,reviewed,
ES,bajar,Indicativo,Futuro perfecto,tú,habrás bajado,10,reviewed,
ES,bajar,Indicativo,Futuro perfecto,él,habrá bajado,10,reviewed,
ES,bajar,Indicativo,Futuro perfecto,nosotros,habremos bajado,10,reviewed,
ES,bajar,Indicativo,Futuro perfecto,vosotros,habréis bajado,10,reviewed,
ES,bajar,Indicativo,Futuro perfecto,ellos,habrán bajado,10,reviewed,
ES,bajar,Subjuntivo,Subjuntivo presente,yo,baje,10,reviewed,
ES,bajar,Subjuntivo,Subjuntivo presente,tú,bajes,10,reviewed,
ES,bajar,Subjuntivo,Subjuntivo presente,él,baje,10,reviewed,
ES,bajar,Subjuntivo,Subjuntivo presente,nosotros,bajemos,10,reviewed,
ES,bajar,Subjuntivo,Subjuntivo presente,vosotros,bajéis,10,reviewed,
ES,bajar,Subjuntivo,Subjuntivo presente,ellos,bajen,10,reviewed,
ES,bajar,Indicativo,Pretérito perfecto simple,yo,bajé,10,reviewed,
ES,bajar,Indicativo,Pretérito perfecto simple,tú,bajaste,10,reviewed,
ES,bajar,Indicativo,Pretérito perfecto simple,él,bajó,10,reviewed,
ES,bajar,Indicativo,Pretérito perfecto simple,nosotros,bajamos,10,reviewed,
ES,bajar,Indicativo,Pretérito perfecto simple,vosotros,bajasteis,10,reviewed,
ES,bajar,Indicativo,Pretérito perfecto simple,ellos,bajaron,10,reviewed,
ES,bajar,Indicativo,Pretérito pluscuamperfecto,yo,había bajado,10,reviewed,
ES,bajar,Indicativo,Pretérito pluscuamperfecto,tú,habías bajado,10,reviewed,
ES,bajar,Indicativo,Pretérito pluscuamperfecto,él,había bajado,10,reviewed,
ES,bajar,Indicativo,Pretérito pluscuamperfecto,nosotros,habíamos bajado,10,reviewed,
ES,bajar,Indicativo,Pretérito pluscuamperfecto,vosotros,habíais bajado,10,reviewed,
ES,bajar,Indicativo,Pretérito pluscuamperfecto,ellos,habían bajado,10,reviewed,
ES,beneficiar,Indicativo,Presente,yo,beneficio,10,reviewed,
ES,beneficiar,Indicativo,Presente,tú,beneficias,10,reviewed,
ES,beneficiar,Indicativo,Presente,él,beneficia,10,reviewed,
ES,beneficiar,Indicativo,Presente,nosotros,beneficiamos,10,reviewed,
ES,beneficiar,Indicativo,Presente,vosotros,beneficiáis,10,reviewed,
ES,beneficiar,Indicativo,Presente,ellos,benefician,10,reviewed,
ES,beneficiar,Indicativo,Futuro,yo,beneficiaré,10,reviewed,
ES,beneficiar,Indicativo,Futuro,tú,beneficiarás,10,reviewed,
ES,beneficiar,Indicativo,Futuro,él,beneficiará,10,reviewed,
ES,beneficiar,Indicativo,Futuro,nosotros,beneficiaremos,10,reviewed,
ES,beneficiar,Indicativo,Futuro,vosotros,beneficiaréis,10,reviewed,
ES,beneficiar,Indicativo,Futuro,ellos,beneficiarán,10,reviewed,
ES,beneficiar,Indicativo,Pretérito perfecto compuesto,yo,he beneficiado,10,reviewed,
ES,beneficiar,Indicativo,Pretérito perfecto compuesto,tú,has beneficiado,10,reviewed,
ES,beneficiar,Indicativo,Pretérito perfecto compuesto,él,ha beneficiado,10,reviewed,
ES,beneficiar,Indicativo,Pretérito perfecto compuesto,nosotros,hemos beneficiado,10,reviewed,
ES,beneficiar,Indicativo,Pretérito perfecto compuesto,vosotros,habéis beneficiado,10,reviewed,
ES,beneficiar,Indicativo,Pretérito perfecto compuesto,ellos,han beneficiado,10,reviewed,
ES,beneficiar,Indicativo,Pretérito imperfecto,yo,beneficiaba,10,reviewed,
ES,beneficiar,Indicativo,Pretérito imperfecto,tú,beneficiabas,10,reviewed,
ES,beneficiar,Indicativo,Pretérito imperfecto,él,beneficiaba,10,reviewed,
ES,beneficiar,Indicativo,Pretérito imperfecto,nosotros,beneficiábamos,10,reviewed,
ES,beneficiar,Indicativo,Pretérito imperfecto,vosotros,beneficiabais,10,reviewed,
ES,beneficiar,Indicativo,Pretérito imperfecto,ellos,beneficiaban,10,reviewed,
ES,beneficiar,Condicional,Condicional,yo,beneficiaría,10,reviewed,
ES,beneficiar,Condicional,Condicional,tú,beneficiarías,10,reviewed,
ES,beneficiar,Condicional,Condicional,él,beneficiaría,10,reviewed,
ES,beneficiar,Condicional,Condicional,nosotros,beneficiaríamos,10,reviewed,
ES,beneficiar,Condicional,Condicional,vosotros,beneficiaríais,10,reviewed,
ES,beneficiar,Condicional,Condicional,ellos,beneficiarían,10,reviewed,
ES,beneficiar,Imperativo,Imperativo,yo,-,10,reviewed,yo imperative placeholder -; no standard form
ES,beneficiar,Imperativo,Imperativo,tú,beneficia,10,reviewed,
ES,beneficiar,Imperativo,Imperativo,él,beneficie,10,reviewed,
ES,beneficiar,Imperativo,Imperativo,nosotros,beneficiemos,10,reviewed,
ES,beneficiar,Imperativo,Imperativo,vosotros,beneficiad,10,reviewed,
ES,beneficiar,Imperativo,Imperativo,ellos,beneficien,10,reviewed,
ES,beneficiar,Indicativo,Futuro perfecto,yo,habré beneficiado,10,reviewed,
ES,beneficiar,Indicativo,Futuro perfecto,tú,habrás beneficiado,10,reviewed,
ES,beneficiar,Indicativo,Futuro perfecto,él,habrá beneficiado,10,reviewed,
ES,beneficiar,Indicativo,Futuro perfecto,nosotros,habremos beneficiado,10,reviewed,
ES,beneficiar,Indicativo,Futuro perfecto,vosotros,habréis beneficiado,10,reviewed,
ES,beneficiar,Indicativo,Futuro perfecto,ellos,habrán beneficiado,10,reviewed,
ES,beneficiar,Subjuntivo,Subjuntivo presente,yo,beneficie,10,reviewed,
ES,beneficiar,Subjuntivo,Subjuntivo presente,tú,beneficies,10,reviewed,
ES,beneficiar,Subjuntivo,Subjuntivo presente,él,beneficie,10,reviewed,
ES,beneficiar,Subjuntivo,Subjuntivo presente,nosotros,beneficiemos,10,reviewed,
ES,beneficiar,Subjuntivo,Subjuntivo presente,vosotros,beneficiéis,10,reviewed,
ES,beneficiar,Subjuntivo,Subjuntivo presente,ellos,beneficien,10,reviewed,
ES,beneficiar,Indicativo,Pretérito perfecto simple,yo,beneficié,10,reviewed,
ES,beneficiar,Indicativo,Pretérito perfecto simple,tú,beneficiaste,10,reviewed,
ES,beneficiar,Indicativo,Pretérito perfecto simple,él,benefició,10,reviewed,
ES,beneficiar,Indicativo,Pretérito perfecto simple,nosotros,beneficiamos,10,reviewed,
ES,beneficiar,Indicativo,Pretérito perfecto simple,vosotros,beneficiasteis,10,reviewed,
ES,beneficiar,Indicativo,Pretérito perfecto simple,ellos,beneficiaron,10,reviewed,
ES,beneficiar,Indicativo,Pretérito pluscuamperfecto,yo,había beneficiado,10,reviewed,
ES,beneficiar,Indicativo,Pretérito pluscuamperfecto,tú,habías beneficiado,10,reviewed,
ES,beneficiar,Indicativo,Pretérito pluscuamperfecto,él,había beneficiado,10,reviewed,
ES,beneficiar,Indicativo,Pretérito pluscuamperfecto,nosotros,habíamos beneficiado,10,reviewed,
ES,beneficiar,Indicativo,Pretérito pluscuamperfecto,vosotros,habíais beneficiado,10,reviewed,
ES,beneficiar,Indicativo,Pretérito pluscuamperfecto,ellos,habían beneficiado,10,reviewed,
ES,fundar,Indicativo,Presente,yo,fundo,10,reviewed,
ES,fundar,Indicativo,Presente,tú,fundas,10,reviewed,
ES,fundar,Indicativo,Presente,él,funda,10,reviewed,
ES,fundar,Indicativo,Presente,nosotros,fundamos,10,reviewed,
ES,fundar,Indicativo,Presente,vosotros,fundáis,10,reviewed,
ES,fundar,Indicativo,Presente,ellos,fundan,10,reviewed,
ES,fundar,Indicativo,Futuro,yo,fundaré,10,reviewed,
ES,fundar,Indicativo,Futuro,tú,fundarás,10,reviewed,
ES,fundar,Indicativo,Futuro,él,fundará,10,reviewed,
ES,fundar,Indicativo,Futuro,nosotros,fundaremos,10,reviewed,
ES,fundar,Indicativo,Futuro,vosotros,fundaréis,10,reviewed,
ES,fundar,Indicativo,Futuro,ellos,fundarán,10,reviewed,
ES,fundar,Indicativo,Pretérito perfecto compuesto,yo,he fundado,10,reviewed,
ES,fundar,Indicativo,Pretérito perfecto compuesto,tú,has fundado,10,reviewed,
ES,fundar,Indicativo,Pretérito perfecto compuesto,él,ha fundado,10,reviewed,
ES,fundar,Indicativo,Pretérito perfecto compuesto,nosotros,hemos fundado,10,reviewed,
ES,fundar,Indicativo,Pretérito perfecto compuesto,vosotros,habéis fundado,10,reviewed,
ES,fundar,Indicativo,Pretérito perfecto compuesto,ellos,han fundado,10,reviewed,
ES,fundar,Indicativo,Pretérito imperfecto,yo,fundaba,10,reviewed,
ES,fundar,Indicativo,Pretérito imperfecto,tú,fundabas,10,reviewed,
ES,fundar,Indicativo,Pretérito imperfecto,él,fundaba,10,reviewed,
ES,fundar,Indicativo,Pretérito imperfecto,nosotros,fundábamos,10,reviewed,
ES,fundar,Indicativo,Pretérito imperfecto,vosotros,fundabais,10,reviewed,
ES,fundar,Indicativo,Pretérito imperfecto,ellos,fundaban,10,reviewed,
ES,fundar,Condicional,Condicional,yo,fundaría,10,reviewed,
ES,fundar,Condicional,Condicional,tú,fundarías,10,reviewed,
ES,fundar,Condicional,Condicional,él,fundaría,10,reviewed,
ES,fundar,Condicional,Condicional,nosotros,fundaríamos,10,reviewed,
ES,fundar,Condicional,Condicional,vosotros,fundaríais,10,reviewed,
ES,fundar,Condicional,Condicional,ellos,fundarían,10,reviewed,
ES,fundar,Imperativo,Imperativo,yo,-,10,reviewed,yo imperative placeholder -; no standard form
ES,fundar,Imperativo,Imperativo,tú,funda,10,reviewed,
ES,fundar,Imperativo,Imperativo,él,funde,10,reviewed,
ES,fundar,Imperativo,Imperativo,nosotros,fundemos,10,reviewed,
ES,fundar,Imperativo,Imperativo,vosotros,fundad,10,reviewed,
ES,fundar,Imperativo,Imperativo,ellos,funden,10,reviewed,
ES,fundar,Indicativo,Futuro perfecto,yo,habré fundado,10,reviewed,
ES,fundar,Indicativo,Futuro perfecto,tú,habrás fundado,10,reviewed,
ES,fundar,Indicativo,Futuro perfecto,él,habrá fundado,10,reviewed,
ES,fundar,Indicativo,Futuro perfecto,nosotros,habremos fundado,10,reviewed,
ES,fundar,Indicativo,Futuro perfecto,vosotros,habréis fundado,10,reviewed,
ES,fundar,Indicativo,Futuro perfecto,ellos,habrán fundado,10,reviewed,
ES,fundar,Subjuntivo,Subjuntivo presente,yo,funde,10,reviewed,
ES,fundar,Subjuntivo,Subjuntivo presente,tú,fundes,10,reviewed,
ES,fundar,Subjuntivo,Subjuntivo presente,él,funde,10,reviewed,
ES,fundar,Subjuntivo,Subjuntivo presente,nosotros,fundemos,10,reviewed,
ES,fundar,Subjuntivo,Subjuntivo presente,vosotros,fundéis,10,reviewed,
ES,fundar,Subjuntivo,Subjuntivo presente,ellos,funden,10,reviewed,
ES,fundar,Indicativo,Pretérito perfecto simple,yo,fundé,10,reviewed,
ES,fundar,Indicativo,Pretérito perfecto simple,tú,fundaste,10,reviewed,
ES,fundar,Indicativo,Pretérito perfecto simple,él,fundó,10,reviewed,
ES,fundar,Indicativo,Pretérito perfecto simple,nosotros,fundamos,10,reviewed,
ES,fundar,Indicativo,Pretérito perfecto simple,vosotros,fundasteis,10,reviewed,
ES,fundar,Indicativo,Pretérito perfecto simple,ellos,fundaron,10,reviewed,
ES,fundar,Indicativo,Pretérito pluscuamperfecto,yo,había fundado,10,reviewed,
ES,fundar,Indicativo,Pretérito pluscuamperfecto,tú,habías fundado,10,reviewed,
ES,fundar,Indicativo,Pretérito pluscuamperfecto,él,había fundado,10,reviewed,
ES,fundar,Indicativo,Pretérito pluscuamperfecto,nosotros,habíamos fundado,10,reviewed,
ES,fundar,Indicativo,Pretérito pluscuamperfecto,vosotros,habíais fundado,10,reviewed,
ES,fundar,Indicativo,Pretérito pluscuamperfecto,ellos,habían fundado,10,reviewed,
ES,exigir,Indicativo,Presente,yo,exijo,10,reviewed,-gir / -j paradigm; QA recommended
ES,exigir,Indicativo,Presente,tú,exiges,10,reviewed,-gir / -j paradigm; QA recommended
ES,exigir,Indicativo,Presente,él,exige,10,reviewed,-gir / -j paradigm; QA recommended
ES,exigir,Indicativo,Presente,nosotros,exigimos,10,reviewed,-gir / -j paradigm; QA recommended
ES,exigir,Indicativo,Presente,vosotros,exigís,10,reviewed,-gir / -j paradigm; QA recommended
ES,exigir,Indicativo,Presente,ellos,exigen,10,reviewed,-gir / -j paradigm; QA recommended
ES,exigir,Indicativo,Futuro,yo,exigiré,10,reviewed,-gir / -j paradigm; QA recommended
ES,exigir,Indicativo,Futuro,tú,exigirás,10,reviewed,-gir / -j paradigm; QA recommended
ES,exigir,Indicativo,Futuro,él,exigirá,10,reviewed,-gir / -j paradigm; QA recommended
ES,exigir,Indicativo,Futuro,nosotros,exigiremos,10,reviewed,-gir / -j paradigm; QA recommended
ES,exigir,Indicativo,Futuro,vosotros,exigiréis,10,reviewed,-gir / -j paradigm; QA recommended
ES,exigir,Indicativo,Futuro,ellos,exigirán,10,reviewed,-gir / -j paradigm; QA recommended
ES,exigir,Indicativo,Pretérito perfecto compuesto,yo,he exigido,10,reviewed,-gir / -j paradigm; QA recommended
ES,exigir,Indicativo,Pretérito perfecto compuesto,tú,has exigido,10,reviewed,-gir / -j paradigm; QA recommended
ES,exigir,Indicativo,Pretérito perfecto compuesto,él,ha exigido,10,reviewed,-gir / -j paradigm; QA recommended
ES,exigir,Indicativo,Pretérito perfecto compuesto,nosotros,hemos exigido,10,reviewed,-gir / -j paradigm; QA recommended
ES,exigir,Indicativo,Pretérito perfecto compuesto,vosotros,habéis exigido,10,reviewed,-gir / -j paradigm; QA recommended
ES,exigir,Indicativo,Pretérito perfecto compuesto,ellos,han exigido,10,reviewed,-gir / -j paradigm; QA recommended
ES,exigir,Indicativo,Pretérito imperfecto,yo,exigía,10,reviewed,-gir / -j paradigm; QA recommended
ES,exigir,Indicativo,Pretérito imperfecto,tú,exigías,10,reviewed,-gir / -j paradigm; QA recommended
ES,exigir,Indicativo,Pretérito imperfecto,él,exigía,10,reviewed,-gir / -j paradigm; QA recommended
ES,exigir,Indicativo,Pretérito imperfecto,nosotros,exigíamos,10,reviewed,-gir / -j paradigm; QA recommended
ES,exigir,Indicativo,Pretérito imperfecto,vosotros,exigíais,10,reviewed,-gir / -j paradigm; QA recommended
ES,exigir,Indicativo,Pretérito imperfecto,ellos,exigían,10,reviewed,-gir / -j paradigm; QA recommended
ES,exigir,Condicional,Condicional,yo,exigiría,10,reviewed,-gir / -j paradigm; QA recommended
ES,exigir,Condicional,Condicional,tú,exigirías,10,reviewed,-gir / -j paradigm; QA recommended
ES,exigir,Condicional,Condicional,él,exigiría,10,reviewed,-gir / -j paradigm; QA recommended
ES,exigir,Condicional,Condicional,nosotros,exigiríamos,10,reviewed,-gir / -j paradigm; QA recommended
ES,exigir,Condicional,Condicional,vosotros,exigiríais,10,reviewed,-gir / -j paradigm; QA recommended
ES,exigir,Condicional,Condicional,ellos,exigirían,10,reviewed,-gir / -j paradigm; QA recommended
ES,exigir,Imperativo,Imperativo,yo,-,10,reviewed,yo imperative placeholder -; no standard form
ES,exigir,Imperativo,Imperativo,tú,exige,10,reviewed,-gir / -j paradigm; QA recommended
ES,exigir,Imperativo,Imperativo,él,exija,10,reviewed,-gir / -j paradigm; QA recommended
ES,exigir,Imperativo,Imperativo,nosotros,exijamos,10,reviewed,-gir / -j paradigm; QA recommended
ES,exigir,Imperativo,Imperativo,vosotros,exigid,10,reviewed,-gir / -j paradigm; QA recommended
ES,exigir,Imperativo,Imperativo,ellos,exijan,10,reviewed,-gir / -j paradigm; QA recommended
ES,exigir,Indicativo,Futuro perfecto,yo,habré exigido,10,reviewed,-gir / -j paradigm; QA recommended
ES,exigir,Indicativo,Futuro perfecto,tú,habrás exigido,10,reviewed,-gir / -j paradigm; QA recommended
ES,exigir,Indicativo,Futuro perfecto,él,habrá exigido,10,reviewed,-gir / -j paradigm; QA recommended
ES,exigir,Indicativo,Futuro perfecto,nosotros,habremos exigido,10,reviewed,-gir / -j paradigm; QA recommended
ES,exigir,Indicativo,Futuro perfecto,vosotros,habréis exigido,10,reviewed,-gir / -j paradigm; QA recommended
ES,exigir,Indicativo,Futuro perfecto,ellos,habrán exigido,10,reviewed,-gir / -j paradigm; QA recommended
ES,exigir,Subjuntivo,Subjuntivo presente,yo,exija,10,reviewed,-gir / -j paradigm; QA recommended
ES,exigir,Subjuntivo,Subjuntivo presente,tú,exijas,10,reviewed,-gir / -j paradigm; QA recommended
ES,exigir,Subjuntivo,Subjuntivo presente,él,exija,10,reviewed,-gir / -j paradigm; QA recommended
ES,exigir,Subjuntivo,Subjuntivo presente,nosotros,exijamos,10,reviewed,-gir / -j paradigm; QA recommended
ES,exigir,Subjuntivo,Subjuntivo presente,vosotros,exijáis,10,reviewed,-gir / -j paradigm; QA recommended
ES,exigir,Subjuntivo,Subjuntivo presente,ellos,exijan,10,reviewed,-gir / -j paradigm; QA recommended
ES,exigir,Indicativo,Pretérito perfecto simple,yo,exigí,10,reviewed,-gir / -j paradigm; QA recommended
ES,exigir,Indicativo,Pretérito perfecto simple,tú,exigiste,10,reviewed,-gir / -j paradigm; QA recommended
ES,exigir,Indicativo,Pretérito perfecto simple,él,exigió,10,reviewed,-gir / -j paradigm; QA recommended
ES,exigir,Indicativo,Pretérito perfecto simple,nosotros,exigimos,10,reviewed,-gir / -j paradigm; QA recommended
ES,exigir,Indicativo,Pretérito perfecto simple,vosotros,exigisteis,10,reviewed,-gir / -j paradigm; QA recommended
ES,exigir,Indicativo,Pretérito perfecto simple,ellos,exigieron,10,reviewed,-gir / -j paradigm; QA recommended
ES,exigir,Indicativo,Pretérito pluscuamperfecto,yo,había exigido,10,reviewed,-gir / -j paradigm; QA recommended
ES,exigir,Indicativo,Pretérito pluscuamperfecto,tú,habías exigido,10,reviewed,-gir / -j paradigm; QA recommended
ES,exigir,Indicativo,Pretérito pluscuamperfecto,él,había exigido,10,reviewed,-gir / -j paradigm; QA recommended
ES,exigir,Indicativo,Pretérito pluscuamperfecto,nosotros,habíamos exigido,10,reviewed,-gir / -j paradigm; QA recommended
ES,exigir,Indicativo,Pretérito pluscuamperfecto,vosotros,habíais exigido,10,reviewed,-gir / -j paradigm; QA recommended
ES,exigir,Indicativo,Pretérito pluscuamperfecto,ellos,habían exigido,10,reviewed,-gir / -j paradigm; QA recommended
ES,reparar,Indicativo,Presente,yo,reparo,10,reviewed,
ES,reparar,Indicativo,Presente,tú,reparas,10,reviewed,
ES,reparar,Indicativo,Presente,él,repara,10,reviewed,
ES,reparar,Indicativo,Presente,nosotros,reparamos,10,reviewed,
ES,reparar,Indicativo,Presente,vosotros,reparáis,10,reviewed,
ES,reparar,Indicativo,Presente,ellos,reparan,10,reviewed,
ES,reparar,Indicativo,Futuro,yo,repararé,10,reviewed,
ES,reparar,Indicativo,Futuro,tú,repararás,10,reviewed,
ES,reparar,Indicativo,Futuro,él,reparará,10,reviewed,
ES,reparar,Indicativo,Futuro,nosotros,repararemos,10,reviewed,
ES,reparar,Indicativo,Futuro,vosotros,repararéis,10,reviewed,
ES,reparar,Indicativo,Futuro,ellos,repararán,10,reviewed,
ES,reparar,Indicativo,Pretérito perfecto compuesto,yo,he reparado,10,reviewed,
ES,reparar,Indicativo,Pretérito perfecto compuesto,tú,has reparado,10,reviewed,
ES,reparar,Indicativo,Pretérito perfecto compuesto,él,ha reparado,10,reviewed,
ES,reparar,Indicativo,Pretérito perfecto compuesto,nosotros,hemos reparado,10,reviewed,
ES,reparar,Indicativo,Pretérito perfecto compuesto,vosotros,habéis reparado,10,reviewed,
ES,reparar,Indicativo,Pretérito perfecto compuesto,ellos,han reparado,10,reviewed,
ES,reparar,Indicativo,Pretérito imperfecto,yo,reparaba,10,reviewed,
ES,reparar,Indicativo,Pretérito imperfecto,tú,reparabas,10,reviewed,
ES,reparar,Indicativo,Pretérito imperfecto,él,reparaba,10,reviewed,
ES,reparar,Indicativo,Pretérito imperfecto,nosotros,reparábamos,10,reviewed,
ES,reparar,Indicativo,Pretérito imperfecto,vosotros,reparabais,10,reviewed,
ES,reparar,Indicativo,Pretérito imperfecto,ellos,reparaban,10,reviewed,
ES,reparar,Condicional,Condicional,yo,repararía,10,reviewed,
ES,reparar,Condicional,Condicional,tú,repararías,10,reviewed,
ES,reparar,Condicional,Condicional,él,repararía,10,reviewed,
ES,reparar,Condicional,Condicional,nosotros,repararíamos,10,reviewed,
ES,reparar,Condicional,Condicional,vosotros,repararíais,10,reviewed,
ES,reparar,Condicional,Condicional,ellos,repararían,10,reviewed,
ES,reparar,Imperativo,Imperativo,yo,-,10,reviewed,yo imperative placeholder -; no standard form
ES,reparar,Imperativo,Imperativo,tú,repara,10,reviewed,
ES,reparar,Imperativo,Imperativo,él,repare,10,reviewed,
ES,reparar,Imperativo,Imperativo,nosotros,reparemos,10,reviewed,
ES,reparar,Imperativo,Imperativo,vosotros,reparad,10,reviewed,
ES,reparar,Imperativo,Imperativo,ellos,reparen,10,reviewed,
ES,reparar,Indicativo,Futuro perfecto,yo,habré reparado,10,reviewed,
ES,reparar,Indicativo,Futuro perfecto,tú,habrás reparado,10,reviewed,
ES,reparar,Indicativo,Futuro perfecto,él,habrá reparado,10,reviewed,
ES,reparar,Indicativo,Futuro perfecto,nosotros,habremos reparado,10,reviewed,
ES,reparar,Indicativo,Futuro perfecto,vosotros,habréis reparado,10,reviewed,
ES,reparar,Indicativo,Futuro perfecto,ellos,habrán reparado,10,reviewed,
ES,reparar,Subjuntivo,Subjuntivo presente,yo,repare,10,reviewed,
ES,reparar,Subjuntivo,Subjuntivo presente,tú,repares,10,reviewed,
ES,reparar,Subjuntivo,Subjuntivo presente,él,repare,10,reviewed,
ES,reparar,Subjuntivo,Subjuntivo presente,nosotros,reparemos,10,reviewed,
ES,reparar,Subjuntivo,Subjuntivo presente,vosotros,reparéis,10,reviewed,
ES,reparar,Subjuntivo,Subjuntivo presente,ellos,reparen,10,reviewed,
ES,reparar,Indicativo,Pretérito perfecto simple,yo,reparé,10,reviewed,
ES,reparar,Indicativo,Pretérito perfecto simple,tú,reparaste,10,reviewed,
ES,reparar,Indicativo,Pretérito perfecto simple,él,reparó,10,reviewed,
ES,reparar,Indicativo,Pretérito perfecto simple,nosotros,reparamos,10,reviewed,
ES,reparar,Indicativo,Pretérito perfecto simple,vosotros,reparasteis,10,reviewed,
ES,reparar,Indicativo,Pretérito perfecto simple,ellos,repararon,10,reviewed,
ES,reparar,Indicativo,Pretérito pluscuamperfecto,yo,había reparado,10,reviewed,
ES,reparar,Indicativo,Pretérito pluscuamperfecto,tú,habías reparado,10,reviewed,
ES,reparar,Indicativo,Pretérito pluscuamperfecto,él,había reparado,10,reviewed,
ES,reparar,Indicativo,Pretérito pluscuamperfecto,nosotros,habíamos reparado,10,reviewed,
ES,reparar,Indicativo,Pretérito pluscuamperfecto,vosotros,habíais reparado,10,reviewed,
ES,reparar,Indicativo,Pretérito pluscuamperfecto,ellos,habían reparado,10,reviewed,
ES,arriesgar,Indicativo,Presente,yo,arriesgo,10,reviewed,
ES,arriesgar,Indicativo,Presente,tú,arriesgas,10,reviewed,
ES,arriesgar,Indicativo,Presente,él,arriesga,10,reviewed,
ES,arriesgar,Indicativo,Presente,nosotros,arriesgamos,10,reviewed,
ES,arriesgar,Indicativo,Presente,vosotros,arriesgáis,10,reviewed,
ES,arriesgar,Indicativo,Presente,ellos,arriesgan,10,reviewed,
ES,arriesgar,Indicativo,Futuro,yo,arriesgaré,10,reviewed,
ES,arriesgar,Indicativo,Futuro,tú,arriesgarás,10,reviewed,
ES,arriesgar,Indicativo,Futuro,él,arriesgará,10,reviewed,
ES,arriesgar,Indicativo,Futuro,nosotros,arriesgaremos,10,reviewed,
ES,arriesgar,Indicativo,Futuro,vosotros,arriesgaréis,10,reviewed,
ES,arriesgar,Indicativo,Futuro,ellos,arriesgarán,10,reviewed,
ES,arriesgar,Indicativo,Pretérito perfecto compuesto,yo,he arriesgado,10,reviewed,
ES,arriesgar,Indicativo,Pretérito perfecto compuesto,tú,has arriesgado,10,reviewed,
ES,arriesgar,Indicativo,Pretérito perfecto compuesto,él,ha arriesgado,10,reviewed,
ES,arriesgar,Indicativo,Pretérito perfecto compuesto,nosotros,hemos arriesgado,10,reviewed,
ES,arriesgar,Indicativo,Pretérito perfecto compuesto,vosotros,habéis arriesgado,10,reviewed,
ES,arriesgar,Indicativo,Pretérito perfecto compuesto,ellos,han arriesgado,10,reviewed,
ES,arriesgar,Indicativo,Pretérito imperfecto,yo,arriesgaba,10,reviewed,
ES,arriesgar,Indicativo,Pretérito imperfecto,tú,arriesgabas,10,reviewed,
ES,arriesgar,Indicativo,Pretérito imperfecto,él,arriesgaba,10,reviewed,
ES,arriesgar,Indicativo,Pretérito imperfecto,nosotros,arriesgábamos,10,reviewed,
ES,arriesgar,Indicativo,Pretérito imperfecto,vosotros,arriesgabais,10,reviewed,
ES,arriesgar,Indicativo,Pretérito imperfecto,ellos,arriesgaban,10,reviewed,
ES,arriesgar,Condicional,Condicional,yo,arriesgaría,10,reviewed,
ES,arriesgar,Condicional,Condicional,tú,arriesgarías,10,reviewed,
ES,arriesgar,Condicional,Condicional,él,arriesgaría,10,reviewed,
ES,arriesgar,Condicional,Condicional,nosotros,arriesgaríamos,10,reviewed,
ES,arriesgar,Condicional,Condicional,vosotros,arriesgaríais,10,reviewed,
ES,arriesgar,Condicional,Condicional,ellos,arriesgarían,10,reviewed,
ES,arriesgar,Imperativo,Imperativo,yo,-,10,reviewed,yo imperative placeholder -; no standard form
ES,arriesgar,Imperativo,Imperativo,tú,arriesga,10,reviewed,
ES,arriesgar,Imperativo,Imperativo,él,arriesgue,10,reviewed,
ES,arriesgar,Imperativo,Imperativo,nosotros,arriesguemos,10,reviewed,
ES,arriesgar,Imperativo,Imperativo,vosotros,arriesgad,10,reviewed,
ES,arriesgar,Imperativo,Imperativo,ellos,arriesguen,10,reviewed,
ES,arriesgar,Indicativo,Futuro perfecto,yo,habré arriesgado,10,reviewed,
ES,arriesgar,Indicativo,Futuro perfecto,tú,habrás arriesgado,10,reviewed,
ES,arriesgar,Indicativo,Futuro perfecto,él,habrá arriesgado,10,reviewed,
ES,arriesgar,Indicativo,Futuro perfecto,nosotros,habremos arriesgado,10,reviewed,
ES,arriesgar,Indicativo,Futuro perfecto,vosotros,habréis arriesgado,10,reviewed,
ES,arriesgar,Indicativo,Futuro perfecto,ellos,habrán arriesgado,10,reviewed,
ES,arriesgar,Subjuntivo,Subjuntivo presente,yo,arriesgue,10,reviewed,
ES,arriesgar,Subjuntivo,Subjuntivo presente,tú,arriesgues,10,reviewed,
ES,arriesgar,Subjuntivo,Subjuntivo presente,él,arriesgue,10,reviewed,
ES,arriesgar,Subjuntivo,Subjuntivo presente,nosotros,arriesguemos,10,reviewed,
ES,arriesgar,Subjuntivo,Subjuntivo presente,vosotros,arriesguéis,10,reviewed,
ES,arriesgar,Subjuntivo,Subjuntivo presente,ellos,arriesguen,10,reviewed,
ES,arriesgar,Indicativo,Pretérito perfecto simple,yo,arriesgué,10,reviewed,
ES,arriesgar,Indicativo,Pretérito perfecto simple,tú,arriesgaste,10,reviewed,
ES,arriesgar,Indicativo,Pretérito perfecto simple,él,arriesgó,10,reviewed,
ES,arriesgar,Indicativo,Pretérito perfecto simple,nosotros,arriesgamos,10,reviewed,
ES,arriesgar,Indicativo,Pretérito perfecto simple,vosotros,arriesgasteis,10,reviewed,
ES,arriesgar,Indicativo,Pretérito perfecto simple,ellos,arriesgaron,10,reviewed,
ES,arriesgar,Indicativo,Pretérito pluscuamperfecto,yo,había arriesgado,10,reviewed,
ES,arriesgar,Indicativo,Pretérito pluscuamperfecto,tú,habías arriesgado,10,reviewed,
ES,arriesgar,Indicativo,Pretérito pluscuamperfecto,él,había arriesgado,10,reviewed,
ES,arriesgar,Indicativo,Pretérito pluscuamperfecto,nosotros,habíamos arriesgado,10,reviewed,
ES,arriesgar,Indicativo,Pretérito pluscuamperfecto,vosotros,habíais arriesgado,10,reviewed,
ES,arriesgar,Indicativo,Pretérito pluscuamperfecto,ellos,habían arriesgado,10,reviewed,
ES,percibir,Indicativo,Presente,yo,percibo,10,reviewed,
ES,percibir,Indicativo,Presente,tú,percibes,10,reviewed,
ES,percibir,Indicativo,Presente,él,percibe,10,reviewed,
ES,percibir,Indicativo,Presente,nosotros,percibimos,10,reviewed,
ES,percibir,Indicativo,Presente,vosotros,percibís,10,reviewed,
ES,percibir,Indicativo,Presente,ellos,perciben,10,reviewed,
ES,percibir,Indicativo,Futuro,yo,percibiré,10,reviewed,
ES,percibir,Indicativo,Futuro,tú,percibirás,10,reviewed,
ES,percibir,Indicativo,Futuro,él,percibirá,10,reviewed,
ES,percibir,Indicativo,Futuro,nosotros,percibiremos,10,reviewed,
ES,percibir,Indicativo,Futuro,vosotros,percibiréis,10,reviewed,
ES,percibir,Indicativo,Futuro,ellos,percibirán,10,reviewed,
ES,percibir,Indicativo,Pretérito perfecto compuesto,yo,he percibido,10,reviewed,
ES,percibir,Indicativo,Pretérito perfecto compuesto,tú,has percibido,10,reviewed,
ES,percibir,Indicativo,Pretérito perfecto compuesto,él,ha percibido,10,reviewed,
ES,percibir,Indicativo,Pretérito perfecto compuesto,nosotros,hemos percibido,10,reviewed,
ES,percibir,Indicativo,Pretérito perfecto compuesto,vosotros,habéis percibido,10,reviewed,
ES,percibir,Indicativo,Pretérito perfecto compuesto,ellos,han percibido,10,reviewed,
ES,percibir,Indicativo,Pretérito imperfecto,yo,percibía,10,reviewed,
ES,percibir,Indicativo,Pretérito imperfecto,tú,percibías,10,reviewed,
ES,percibir,Indicativo,Pretérito imperfecto,él,percibía,10,reviewed,
ES,percibir,Indicativo,Pretérito imperfecto,nosotros,percibíamos,10,reviewed,
ES,percibir,Indicativo,Pretérito imperfecto,vosotros,percibíais,10,reviewed,
ES,percibir,Indicativo,Pretérito imperfecto,ellos,percibían,10,reviewed,
ES,percibir,Condicional,Condicional,yo,percibiría,10,reviewed,
ES,percibir,Condicional,Condicional,tú,percibirías,10,reviewed,
ES,percibir,Condicional,Condicional,él,percibiría,10,reviewed,
ES,percibir,Condicional,Condicional,nosotros,percibiríamos,10,reviewed,
ES,percibir,Condicional,Condicional,vosotros,percibiríais,10,reviewed,
ES,percibir,Condicional,Condicional,ellos,percibirían,10,reviewed,
ES,percibir,Imperativo,Imperativo,yo,-,10,reviewed,yo imperative placeholder -; no standard form
ES,percibir,Imperativo,Imperativo,tú,percibe,10,reviewed,
ES,percibir,Imperativo,Imperativo,él,perciba,10,reviewed,
ES,percibir,Imperativo,Imperativo,nosotros,percibamos,10,reviewed,
ES,percibir,Imperativo,Imperativo,vosotros,percibid,10,reviewed,
ES,percibir,Imperativo,Imperativo,ellos,perciban,10,reviewed,
ES,percibir,Indicativo,Futuro perfecto,yo,habré percibido,10,reviewed,
ES,percibir,Indicativo,Futuro perfecto,tú,habrás percibido,10,reviewed,
ES,percibir,Indicativo,Futuro perfecto,él,habrá percibido,10,reviewed,
ES,percibir,Indicativo,Futuro perfecto,nosotros,habremos percibido,10,reviewed,
ES,percibir,Indicativo,Futuro perfecto,vosotros,habréis percibido,10,reviewed,
ES,percibir,Indicativo,Futuro perfecto,ellos,habrán percibido,10,reviewed,
ES,percibir,Subjuntivo,Subjuntivo presente,yo,perciba,10,reviewed,
ES,percibir,Subjuntivo,Subjuntivo presente,tú,percibas,10,reviewed,
ES,percibir,Subjuntivo,Subjuntivo presente,él,perciba,10,reviewed,
ES,percibir,Subjuntivo,Subjuntivo presente,nosotros,percibamos,10,reviewed,
ES,percibir,Subjuntivo,Subjuntivo presente,vosotros,percibáis,10,reviewed,
ES,percibir,Subjuntivo,Subjuntivo presente,ellos,perciban,10,reviewed,
ES,percibir,Indicativo,Pretérito perfecto simple,yo,percibí,10,reviewed,
ES,percibir,Indicativo,Pretérito perfecto simple,tú,percibiste,10,reviewed,
ES,percibir,Indicativo,Pretérito perfecto simple,él,percibió,10,reviewed,
ES,percibir,Indicativo,Pretérito perfecto simple,nosotros,percibimos,10,reviewed,
ES,percibir,Indicativo,Pretérito perfecto simple,vosotros,percibisteis,10,reviewed,
ES,percibir,Indicativo,Pretérito perfecto simple,ellos,percibieron,10,reviewed,
ES,percibir,Indicativo,Pretérito pluscuamperfecto,yo,había percibido,10,reviewed,
ES,percibir,Indicativo,Pretérito pluscuamperfecto,tú,habías percibido,10,reviewed,
ES,percibir,Indicativo,Pretérito pluscuamperfecto,él,había percibido,10,reviewed,
ES,percibir,Indicativo,Pretérito pluscuamperfecto,nosotros,habíamos percibido,10,reviewed,
ES,percibir,Indicativo,Pretérito pluscuamperfecto,vosotros,habíais percibido,10,reviewed,
ES,percibir,Indicativo,Pretérito pluscuamperfecto,ellos,habían percibido,10,reviewed,
ES,comportar,Indicativo,Presente,yo,comporto,10,reviewed,
ES,comportar,Indicativo,Presente,tú,comportas,10,reviewed,
ES,comportar,Indicativo,Presente,él,comporta,10,reviewed,
ES,comportar,Indicativo,Presente,nosotros,comportamos,10,reviewed,
ES,comportar,Indicativo,Presente,vosotros,comportáis,10,reviewed,
ES,comportar,Indicativo,Presente,ellos,comportan,10,reviewed,
ES,comportar,Indicativo,Futuro,yo,comportaré,10,reviewed,
ES,comportar,Indicativo,Futuro,tú,comportarás,10,reviewed,
ES,comportar,Indicativo,Futuro,él,comportará,10,reviewed,
ES,comportar,Indicativo,Futuro,nosotros,comportaremos,10,reviewed,
ES,comportar,Indicativo,Futuro,vosotros,comportaréis,10,reviewed,
ES,comportar,Indicativo,Futuro,ellos,comportarán,10,reviewed,
ES,comportar,Indicativo,Pretérito perfecto compuesto,yo,he comportado,10,reviewed,
ES,comportar,Indicativo,Pretérito perfecto compuesto,tú,has comportado,10,reviewed,
ES,comportar,Indicativo,Pretérito perfecto compuesto,él,ha comportado,10,reviewed,
ES,comportar,Indicativo,Pretérito perfecto compuesto,nosotros,hemos comportado,10,reviewed,
ES,comportar,Indicativo,Pretérito perfecto compuesto,vosotros,habéis comportado,10,reviewed,
ES,comportar,Indicativo,Pretérito perfecto compuesto,ellos,han comportado,10,reviewed,
ES,comportar,Indicativo,Pretérito imperfecto,yo,comportaba,10,reviewed,
ES,comportar,Indicativo,Pretérito imperfecto,tú,comportabas,10,reviewed,
ES,comportar,Indicativo,Pretérito imperfecto,él,comportaba,10,reviewed,
ES,comportar,Indicativo,Pretérito imperfecto,nosotros,comportábamos,10,reviewed,
ES,comportar,Indicativo,Pretérito imperfecto,vosotros,comportabais,10,reviewed,
ES,comportar,Indicativo,Pretérito imperfecto,ellos,comportaban,10,reviewed,
ES,comportar,Condicional,Condicional,yo,comportaría,10,reviewed,
ES,comportar,Condicional,Condicional,tú,comportarías,10,reviewed,
ES,comportar,Condicional,Condicional,él,comportaría,10,reviewed,
ES,comportar,Condicional,Condicional,nosotros,comportaríamos,10,reviewed,
ES,comportar,Condicional,Condicional,vosotros,comportaríais,10,reviewed,
ES,comportar,Condicional,Condicional,ellos,comportarían,10,reviewed,
ES,comportar,Imperativo,Imperativo,yo,-,10,reviewed,yo imperative placeholder -; no standard form
ES,comportar,Imperativo,Imperativo,tú,comporta,10,reviewed,
ES,comportar,Imperativo,Imperativo,él,comporte,10,reviewed,
ES,comportar,Imperativo,Imperativo,nosotros,comportemos,10,reviewed,
ES,comportar,Imperativo,Imperativo,vosotros,comportad,10,reviewed,
ES,comportar,Imperativo,Imperativo,ellos,comporten,10,reviewed,
ES,comportar,Indicativo,Futuro perfecto,yo,habré comportado,10,reviewed,
ES,comportar,Indicativo,Futuro perfecto,tú,habrás comportado,10,reviewed,
ES,comportar,Indicativo,Futuro perfecto,él,habrá comportado,10,reviewed,
ES,comportar,Indicativo,Futuro perfecto,nosotros,habremos comportado,10,reviewed,
ES,comportar,Indicativo,Futuro perfecto,vosotros,habréis comportado,10,reviewed,
ES,comportar,Indicativo,Futuro perfecto,ellos,habrán comportado,10,reviewed,
ES,comportar,Subjuntivo,Subjuntivo presente,yo,comporte,10,reviewed,
ES,comportar,Subjuntivo,Subjuntivo presente,tú,comportes,10,reviewed,
ES,comportar,Subjuntivo,Subjuntivo presente,él,comporte,10,reviewed,
ES,comportar,Subjuntivo,Subjuntivo presente,nosotros,comportemos,10,reviewed,
ES,comportar,Subjuntivo,Subjuntivo presente,vosotros,comportéis,10,reviewed,
ES,comportar,Subjuntivo,Subjuntivo presente,ellos,comporten,10,reviewed,
ES,comportar,Indicativo,Pretérito perfecto simple,yo,comporté,10,reviewed,
ES,comportar,Indicativo,Pretérito perfecto simple,tú,comportaste,10,reviewed,
ES,comportar,Indicativo,Pretérito perfecto simple,él,comportó,10,reviewed,
ES,comportar,Indicativo,Pretérito perfecto simple,nosotros,comportamos,10,reviewed,
ES,comportar,Indicativo,Pretérito perfecto simple,vosotros,comportasteis,10,reviewed,
ES,comportar,Indicativo,Pretérito perfecto simple,ellos,comportaron,10,reviewed,
ES,comportar,Indicativo,Pretérito pluscuamperfecto,yo,había comportado,10,reviewed,
ES,comportar,Indicativo,Pretérito pluscuamperfecto,tú,habías comportado,10,reviewed,
ES,comportar,Indicativo,Pretérito pluscuamperfecto,él,había comportado,10,reviewed,
ES,comportar,Indicativo,Pretérito pluscuamperfecto,nosotros,habíamos comportado,10,reviewed,
ES,comportar,Indicativo,Pretérito pluscuamperfecto,vosotros,habíais comportado,10,reviewed,
ES,comportar,Indicativo,Pretérito pluscuamperfecto,ellos,habían comportado,10,reviewed,
ES,vaciar,Indicativo,Presente,yo,vacío,10,reviewed,accent-sensitive -iar paradigm; QA recommended
ES,vaciar,Indicativo,Presente,tú,vacías,10,reviewed,accent-sensitive -iar paradigm; QA recommended
ES,vaciar,Indicativo,Presente,él,vacía,10,reviewed,accent-sensitive -iar paradigm; QA recommended
ES,vaciar,Indicativo,Presente,nosotros,vaciamos,10,reviewed,accent-sensitive -iar paradigm; QA recommended
ES,vaciar,Indicativo,Presente,vosotros,vaciáis,10,reviewed,accent-sensitive -iar paradigm; QA recommended
ES,vaciar,Indicativo,Presente,ellos,vacían,10,reviewed,accent-sensitive -iar paradigm; QA recommended
ES,vaciar,Indicativo,Futuro,yo,vaciaré,10,reviewed,accent-sensitive -iar paradigm; QA recommended
ES,vaciar,Indicativo,Futuro,tú,vaciarás,10,reviewed,accent-sensitive -iar paradigm; QA recommended
ES,vaciar,Indicativo,Futuro,él,vaciará,10,reviewed,accent-sensitive -iar paradigm; QA recommended
ES,vaciar,Indicativo,Futuro,nosotros,vaciaremos,10,reviewed,accent-sensitive -iar paradigm; QA recommended
ES,vaciar,Indicativo,Futuro,vosotros,vaciaréis,10,reviewed,accent-sensitive -iar paradigm; QA recommended
ES,vaciar,Indicativo,Futuro,ellos,vaciarán,10,reviewed,accent-sensitive -iar paradigm; QA recommended
ES,vaciar,Indicativo,Pretérito perfecto compuesto,yo,he vaciado,10,reviewed,accent-sensitive -iar paradigm; QA recommended
ES,vaciar,Indicativo,Pretérito perfecto compuesto,tú,has vaciado,10,reviewed,accent-sensitive -iar paradigm; QA recommended
ES,vaciar,Indicativo,Pretérito perfecto compuesto,él,ha vaciado,10,reviewed,accent-sensitive -iar paradigm; QA recommended
ES,vaciar,Indicativo,Pretérito perfecto compuesto,nosotros,hemos vaciado,10,reviewed,accent-sensitive -iar paradigm; QA recommended
ES,vaciar,Indicativo,Pretérito perfecto compuesto,vosotros,habéis vaciado,10,reviewed,accent-sensitive -iar paradigm; QA recommended
ES,vaciar,Indicativo,Pretérito perfecto compuesto,ellos,han vaciado,10,reviewed,accent-sensitive -iar paradigm; QA recommended
ES,vaciar,Indicativo,Pretérito imperfecto,yo,vaciaba,10,reviewed,accent-sensitive -iar paradigm; QA recommended
ES,vaciar,Indicativo,Pretérito imperfecto,tú,vaciabas,10,reviewed,accent-sensitive -iar paradigm; QA recommended
ES,vaciar,Indicativo,Pretérito imperfecto,él,vaciaba,10,reviewed,accent-sensitive -iar paradigm; QA recommended
ES,vaciar,Indicativo,Pretérito imperfecto,nosotros,vaciábamos,10,reviewed,accent-sensitive -iar paradigm; QA recommended
ES,vaciar,Indicativo,Pretérito imperfecto,vosotros,vaciabais,10,reviewed,accent-sensitive -iar paradigm; QA recommended
ES,vaciar,Indicativo,Pretérito imperfecto,ellos,vaciaban,10,reviewed,accent-sensitive -iar paradigm; QA recommended
ES,vaciar,Condicional,Condicional,yo,vaciaría,10,reviewed,accent-sensitive -iar paradigm; QA recommended
ES,vaciar,Condicional,Condicional,tú,vaciarías,10,reviewed,accent-sensitive -iar paradigm; QA recommended
ES,vaciar,Condicional,Condicional,él,vaciaría,10,reviewed,accent-sensitive -iar paradigm; QA recommended
ES,vaciar,Condicional,Condicional,nosotros,vaciaríamos,10,reviewed,accent-sensitive -iar paradigm; QA recommended
ES,vaciar,Condicional,Condicional,vosotros,vaciaríais,10,reviewed,accent-sensitive -iar paradigm; QA recommended
ES,vaciar,Condicional,Condicional,ellos,vaciarían,10,reviewed,accent-sensitive -iar paradigm; QA recommended
ES,vaciar,Imperativo,Imperativo,yo,-,10,reviewed,yo imperative placeholder -; no standard form
ES,vaciar,Imperativo,Imperativo,tú,vacía,10,reviewed,accent-sensitive -iar paradigm; QA recommended
ES,vaciar,Imperativo,Imperativo,él,vacíe,10,reviewed,accent-sensitive -iar paradigm; QA recommended
ES,vaciar,Imperativo,Imperativo,nosotros,vaciemos,10,reviewed,accent-sensitive -iar paradigm; QA recommended
ES,vaciar,Imperativo,Imperativo,vosotros,vaciad,10,reviewed,accent-sensitive -iar paradigm; QA recommended
ES,vaciar,Imperativo,Imperativo,ellos,vacíen,10,reviewed,accent-sensitive -iar paradigm; QA recommended
ES,vaciar,Indicativo,Futuro perfecto,yo,habré vaciado,10,reviewed,accent-sensitive -iar paradigm; QA recommended
ES,vaciar,Indicativo,Futuro perfecto,tú,habrás vaciado,10,reviewed,accent-sensitive -iar paradigm; QA recommended
ES,vaciar,Indicativo,Futuro perfecto,él,habrá vaciado,10,reviewed,accent-sensitive -iar paradigm; QA recommended
ES,vaciar,Indicativo,Futuro perfecto,nosotros,habremos vaciado,10,reviewed,accent-sensitive -iar paradigm; QA recommended
ES,vaciar,Indicativo,Futuro perfecto,vosotros,habréis vaciado,10,reviewed,accent-sensitive -iar paradigm; QA recommended
ES,vaciar,Indicativo,Futuro perfecto,ellos,habrán vaciado,10,reviewed,accent-sensitive -iar paradigm; QA recommended
ES,vaciar,Subjuntivo,Subjuntivo presente,yo,vacíe,10,reviewed,accent-sensitive -iar paradigm; QA recommended
ES,vaciar,Subjuntivo,Subjuntivo presente,tú,vacíes,10,reviewed,accent-sensitive -iar paradigm; QA recommended
ES,vaciar,Subjuntivo,Subjuntivo presente,él,vacíe,10,reviewed,accent-sensitive -iar paradigm; QA recommended
ES,vaciar,Subjuntivo,Subjuntivo presente,nosotros,vaciemos,10,reviewed,accent-sensitive -iar paradigm; QA recommended
ES,vaciar,Subjuntivo,Subjuntivo presente,vosotros,vaciéis,10,reviewed,accent-sensitive -iar paradigm; QA recommended
ES,vaciar,Subjuntivo,Subjuntivo presente,ellos,vacíen,10,reviewed,accent-sensitive -iar paradigm; QA recommended
ES,vaciar,Indicativo,Pretérito perfecto simple,yo,vacié,10,reviewed,accent-sensitive -iar paradigm; QA recommended
ES,vaciar,Indicativo,Pretérito perfecto simple,tú,vaciaste,10,reviewed,accent-sensitive -iar paradigm; QA recommended
ES,vaciar,Indicativo,Pretérito perfecto simple,él,vació,10,reviewed,accent-sensitive -iar paradigm; QA recommended
ES,vaciar,Indicativo,Pretérito perfecto simple,nosotros,vaciamos,10,reviewed,accent-sensitive -iar paradigm; QA recommended
ES,vaciar,Indicativo,Pretérito perfecto simple,vosotros,vaciasteis,10,reviewed,accent-sensitive -iar paradigm; QA recommended
ES,vaciar,Indicativo,Pretérito perfecto simple,ellos,vaciaron,10,reviewed,accent-sensitive -iar paradigm; QA recommended
ES,vaciar,Indicativo,Pretérito pluscuamperfecto,yo,había vaciado,10,reviewed,accent-sensitive -iar paradigm; QA recommended
ES,vaciar,Indicativo,Pretérito pluscuamperfecto,tú,habías vaciado,10,reviewed,accent-sensitive -iar paradigm; QA recommended
ES,vaciar,Indicativo,Pretérito pluscuamperfecto,él,había vaciado,10,reviewed,accent-sensitive -iar paradigm; QA recommended
ES,vaciar,Indicativo,Pretérito pluscuamperfecto,nosotros,habíamos vaciado,10,reviewed,accent-sensitive -iar paradigm; QA recommended
ES,vaciar,Indicativo,Pretérito pluscuamperfecto,vosotros,habíais vaciado,10,reviewed,accent-sensitive -iar paradigm; QA recommended
ES,vaciar,Indicativo,Pretérito pluscuamperfecto,ellos,habían vaciado,10,reviewed,accent-sensitive -iar paradigm; QA recommended
ES,acceder,Indicativo,Presente,yo,accedo,10,reviewed,
ES,acceder,Indicativo,Presente,tú,accedes,10,reviewed,
ES,acceder,Indicativo,Presente,él,accede,10,reviewed,
ES,acceder,Indicativo,Presente,nosotros,accedemos,10,reviewed,
ES,acceder,Indicativo,Presente,vosotros,accedéis,10,reviewed,
ES,acceder,Indicativo,Presente,ellos,acceden,10,reviewed,
ES,acceder,Indicativo,Futuro,yo,accederé,10,reviewed,
ES,acceder,Indicativo,Futuro,tú,accederás,10,reviewed,
ES,acceder,Indicativo,Futuro,él,accederá,10,reviewed,
ES,acceder,Indicativo,Futuro,nosotros,accederemos,10,reviewed,
ES,acceder,Indicativo,Futuro,vosotros,accederéis,10,reviewed,
ES,acceder,Indicativo,Futuro,ellos,accederán,10,reviewed,
ES,acceder,Indicativo,Pretérito perfecto compuesto,yo,he accedido,10,reviewed,
ES,acceder,Indicativo,Pretérito perfecto compuesto,tú,has accedido,10,reviewed,
ES,acceder,Indicativo,Pretérito perfecto compuesto,él,ha accedido,10,reviewed,
ES,acceder,Indicativo,Pretérito perfecto compuesto,nosotros,hemos accedido,10,reviewed,
ES,acceder,Indicativo,Pretérito perfecto compuesto,vosotros,habéis accedido,10,reviewed,
ES,acceder,Indicativo,Pretérito perfecto compuesto,ellos,han accedido,10,reviewed,
ES,acceder,Indicativo,Pretérito imperfecto,yo,accedía,10,reviewed,
ES,acceder,Indicativo,Pretérito imperfecto,tú,accedías,10,reviewed,
ES,acceder,Indicativo,Pretérito imperfecto,él,accedía,10,reviewed,
ES,acceder,Indicativo,Pretérito imperfecto,nosotros,accedíamos,10,reviewed,
ES,acceder,Indicativo,Pretérito imperfecto,vosotros,accedíais,10,reviewed,
ES,acceder,Indicativo,Pretérito imperfecto,ellos,accedían,10,reviewed,
ES,acceder,Condicional,Condicional,yo,accedería,10,reviewed,
ES,acceder,Condicional,Condicional,tú,accederías,10,reviewed,
ES,acceder,Condicional,Condicional,él,accedería,10,reviewed,
ES,acceder,Condicional,Condicional,nosotros,accederíamos,10,reviewed,
ES,acceder,Condicional,Condicional,vosotros,accederíais,10,reviewed,
ES,acceder,Condicional,Condicional,ellos,accederían,10,reviewed,
ES,acceder,Imperativo,Imperativo,yo,-,10,reviewed,yo imperative placeholder -; no standard form
ES,acceder,Imperativo,Imperativo,tú,accede,10,reviewed,
ES,acceder,Imperativo,Imperativo,él,acceda,10,reviewed,
ES,acceder,Imperativo,Imperativo,nosotros,accedamos,10,reviewed,
ES,acceder,Imperativo,Imperativo,vosotros,acceded,10,reviewed,
ES,acceder,Imperativo,Imperativo,ellos,accedan,10,reviewed,
ES,acceder,Indicativo,Futuro perfecto,yo,habré accedido,10,reviewed,
ES,acceder,Indicativo,Futuro perfecto,tú,habrás accedido,10,reviewed,
ES,acceder,Indicativo,Futuro perfecto,él,habrá accedido,10,reviewed,
ES,acceder,Indicativo,Futuro perfecto,nosotros,habremos accedido,10,reviewed,
ES,acceder,Indicativo,Futuro perfecto,vosotros,habréis accedido,10,reviewed,
ES,acceder,Indicativo,Futuro perfecto,ellos,habrán accedido,10,reviewed,
ES,acceder,Subjuntivo,Subjuntivo presente,yo,acceda,10,reviewed,
ES,acceder,Subjuntivo,Subjuntivo presente,tú,accedas,10,reviewed,
ES,acceder,Subjuntivo,Subjuntivo presente,él,acceda,10,reviewed,
ES,acceder,Subjuntivo,Subjuntivo presente,nosotros,accedamos,10,reviewed,
ES,acceder,Subjuntivo,Subjuntivo presente,vosotros,accedáis,10,reviewed,
ES,acceder,Subjuntivo,Subjuntivo presente,ellos,accedan,10,reviewed,
ES,acceder,Indicativo,Pretérito perfecto simple,yo,accedí,10,reviewed,
ES,acceder,Indicativo,Pretérito perfecto simple,tú,accediste,10,reviewed,
ES,acceder,Indicativo,Pretérito perfecto simple,él,accedió,10,reviewed,
ES,acceder,Indicativo,Pretérito perfecto simple,nosotros,accedimos,10,reviewed,
ES,acceder,Indicativo,Pretérito perfecto simple,vosotros,accedisteis,10,reviewed,
ES,acceder,Indicativo,Pretérito perfecto simple,ellos,accedieron,10,reviewed,
ES,acceder,Indicativo,Pretérito pluscuamperfecto,yo,había accedido,10,reviewed,
ES,acceder,Indicativo,Pretérito pluscuamperfecto,tú,habías accedido,10,reviewed,
ES,acceder,Indicativo,Pretérito pluscuamperfecto,él,había accedido,10,reviewed,
ES,acceder,Indicativo,Pretérito pluscuamperfecto,nosotros,habíamos accedido,10,reviewed,
ES,acceder,Indicativo,Pretérito pluscuamperfecto,vosotros,habíais accedido,10,reviewed,
ES,acceder,Indicativo,Pretérito pluscuamperfecto,ellos,habían accedido,10,reviewed,
ES,componer,Indicativo,Presente,yo,compongo,10,reviewed,prefixed poner paradigm; irregular participle; QA recommended
ES,componer,Indicativo,Presente,tú,compones,10,reviewed,prefixed poner paradigm; irregular participle; QA recommended
ES,componer,Indicativo,Presente,él,compone,10,reviewed,prefixed poner paradigm; irregular participle; QA recommended
ES,componer,Indicativo,Presente,nosotros,componemos,10,reviewed,prefixed poner paradigm; irregular participle; QA recommended
ES,componer,Indicativo,Presente,vosotros,componéis,10,reviewed,prefixed poner paradigm; irregular participle; QA recommended
ES,componer,Indicativo,Presente,ellos,componen,10,reviewed,prefixed poner paradigm; irregular participle; QA recommended
ES,componer,Indicativo,Futuro,yo,compondré,10,reviewed,prefixed poner paradigm; irregular participle; QA recommended
ES,componer,Indicativo,Futuro,tú,compondrás,10,reviewed,prefixed poner paradigm; irregular participle; QA recommended
ES,componer,Indicativo,Futuro,él,compondrá,10,reviewed,prefixed poner paradigm; irregular participle; QA recommended
ES,componer,Indicativo,Futuro,nosotros,compondremos,10,reviewed,prefixed poner paradigm; irregular participle; QA recommended
ES,componer,Indicativo,Futuro,vosotros,compondréis,10,reviewed,prefixed poner paradigm; irregular participle; QA recommended
ES,componer,Indicativo,Futuro,ellos,compondrán,10,reviewed,prefixed poner paradigm; irregular participle; QA recommended
ES,componer,Indicativo,Pretérito perfecto compuesto,yo,he compuesto,10,reviewed,prefixed poner paradigm; irregular participle; QA recommended
ES,componer,Indicativo,Pretérito perfecto compuesto,tú,has compuesto,10,reviewed,prefixed poner paradigm; irregular participle; QA recommended
ES,componer,Indicativo,Pretérito perfecto compuesto,él,ha compuesto,10,reviewed,prefixed poner paradigm; irregular participle; QA recommended
ES,componer,Indicativo,Pretérito perfecto compuesto,nosotros,hemos compuesto,10,reviewed,prefixed poner paradigm; irregular participle; QA recommended
ES,componer,Indicativo,Pretérito perfecto compuesto,vosotros,habéis compuesto,10,reviewed,prefixed poner paradigm; irregular participle; QA recommended
ES,componer,Indicativo,Pretérito perfecto compuesto,ellos,han compuesto,10,reviewed,prefixed poner paradigm; irregular participle; QA recommended
ES,componer,Indicativo,Pretérito imperfecto,yo,componía,10,reviewed,prefixed poner paradigm; irregular participle; QA recommended
ES,componer,Indicativo,Pretérito imperfecto,tú,componías,10,reviewed,prefixed poner paradigm; irregular participle; QA recommended
ES,componer,Indicativo,Pretérito imperfecto,él,componía,10,reviewed,prefixed poner paradigm; irregular participle; QA recommended
ES,componer,Indicativo,Pretérito imperfecto,nosotros,componíamos,10,reviewed,prefixed poner paradigm; irregular participle; QA recommended
ES,componer,Indicativo,Pretérito imperfecto,vosotros,componíais,10,reviewed,prefixed poner paradigm; irregular participle; QA recommended
ES,componer,Indicativo,Pretérito imperfecto,ellos,componían,10,reviewed,prefixed poner paradigm; irregular participle; QA recommended
ES,componer,Condicional,Condicional,yo,compondría,10,reviewed,prefixed poner paradigm; irregular participle; QA recommended
ES,componer,Condicional,Condicional,tú,compondrías,10,reviewed,prefixed poner paradigm; irregular participle; QA recommended
ES,componer,Condicional,Condicional,él,compondría,10,reviewed,prefixed poner paradigm; irregular participle; QA recommended
ES,componer,Condicional,Condicional,nosotros,compondríamos,10,reviewed,prefixed poner paradigm; irregular participle; QA recommended
ES,componer,Condicional,Condicional,vosotros,compondríais,10,reviewed,prefixed poner paradigm; irregular participle; QA recommended
ES,componer,Condicional,Condicional,ellos,compondrían,10,reviewed,prefixed poner paradigm; irregular participle; QA recommended
ES,componer,Imperativo,Imperativo,yo,-,10,reviewed,yo imperative placeholder -; no standard form
ES,componer,Imperativo,Imperativo,tú,compón,10,reviewed,prefixed poner paradigm; irregular participle; QA recommended
ES,componer,Imperativo,Imperativo,él,componga,10,reviewed,prefixed poner paradigm; irregular participle; QA recommended
ES,componer,Imperativo,Imperativo,nosotros,compongamos,10,reviewed,prefixed poner paradigm; irregular participle; QA recommended
ES,componer,Imperativo,Imperativo,vosotros,componed,10,reviewed,prefixed poner paradigm; irregular participle; QA recommended
ES,componer,Imperativo,Imperativo,ellos,compongan,10,reviewed,prefixed poner paradigm; irregular participle; QA recommended
ES,componer,Indicativo,Futuro perfecto,yo,habré compuesto,10,reviewed,prefixed poner paradigm; irregular participle; QA recommended
ES,componer,Indicativo,Futuro perfecto,tú,habrás compuesto,10,reviewed,prefixed poner paradigm; irregular participle; QA recommended
ES,componer,Indicativo,Futuro perfecto,él,habrá compuesto,10,reviewed,prefixed poner paradigm; irregular participle; QA recommended
ES,componer,Indicativo,Futuro perfecto,nosotros,habremos compuesto,10,reviewed,prefixed poner paradigm; irregular participle; QA recommended
ES,componer,Indicativo,Futuro perfecto,vosotros,habréis compuesto,10,reviewed,prefixed poner paradigm; irregular participle; QA recommended
ES,componer,Indicativo,Futuro perfecto,ellos,habrán compuesto,10,reviewed,prefixed poner paradigm; irregular participle; QA recommended
ES,componer,Subjuntivo,Subjuntivo presente,yo,componga,10,reviewed,prefixed poner paradigm; irregular participle; QA recommended
ES,componer,Subjuntivo,Subjuntivo presente,tú,compongas,10,reviewed,prefixed poner paradigm; irregular participle; QA recommended
ES,componer,Subjuntivo,Subjuntivo presente,él,componga,10,reviewed,prefixed poner paradigm; irregular participle; QA recommended
ES,componer,Subjuntivo,Subjuntivo presente,nosotros,compongamos,10,reviewed,prefixed poner paradigm; irregular participle; QA recommended
ES,componer,Subjuntivo,Subjuntivo presente,vosotros,compongáis,10,reviewed,prefixed poner paradigm; irregular participle; QA recommended
ES,componer,Subjuntivo,Subjuntivo presente,ellos,compongan,10,reviewed,prefixed poner paradigm; irregular participle; QA recommended
ES,componer,Indicativo,Pretérito perfecto simple,yo,compuse,10,reviewed,prefixed poner paradigm; irregular participle; QA recommended
ES,componer,Indicativo,Pretérito perfecto simple,tú,compusiste,10,reviewed,prefixed poner paradigm; irregular participle; QA recommended
ES,componer,Indicativo,Pretérito perfecto simple,él,compuso,10,reviewed,prefixed poner paradigm; irregular participle; QA recommended
ES,componer,Indicativo,Pretérito perfecto simple,nosotros,compusimos,10,reviewed,prefixed poner paradigm; irregular participle; QA recommended
ES,componer,Indicativo,Pretérito perfecto simple,vosotros,compusisteis,10,reviewed,prefixed poner paradigm; irregular participle; QA recommended
ES,componer,Indicativo,Pretérito perfecto simple,ellos,compusieron,10,reviewed,prefixed poner paradigm; irregular participle; QA recommended
ES,componer,Indicativo,Pretérito pluscuamperfecto,yo,había compuesto,10,reviewed,prefixed poner paradigm; irregular participle; QA recommended
ES,componer,Indicativo,Pretérito pluscuamperfecto,tú,habías compuesto,10,reviewed,prefixed poner paradigm; irregular participle; QA recommended
ES,componer,Indicativo,Pretérito pluscuamperfecto,él,había compuesto,10,reviewed,prefixed poner paradigm; irregular participle; QA recommended
ES,componer,Indicativo,Pretérito pluscuamperfecto,nosotros,habíamos compuesto,10,reviewed,prefixed poner paradigm; irregular participle; QA recommended
ES,componer,Indicativo,Pretérito pluscuamperfecto,vosotros,habíais compuesto,10,reviewed,prefixed poner paradigm; irregular participle; QA recommended
ES,componer,Indicativo,Pretérito pluscuamperfecto,ellos,habían compuesto,10,reviewed,prefixed poner paradigm; irregular participle; QA recommended
ES,formular,Indicativo,Presente,yo,formulo,10,reviewed,
ES,formular,Indicativo,Presente,tú,formulas,10,reviewed,
ES,formular,Indicativo,Presente,él,formula,10,reviewed,
ES,formular,Indicativo,Presente,nosotros,formulamos,10,reviewed,
ES,formular,Indicativo,Presente,vosotros,formuláis,10,reviewed,
ES,formular,Indicativo,Presente,ellos,formulan,10,reviewed,
ES,formular,Indicativo,Futuro,yo,formularé,10,reviewed,
ES,formular,Indicativo,Futuro,tú,formularás,10,reviewed,
ES,formular,Indicativo,Futuro,él,formulará,10,reviewed,
ES,formular,Indicativo,Futuro,nosotros,formularemos,10,reviewed,
ES,formular,Indicativo,Futuro,vosotros,formularéis,10,reviewed,
ES,formular,Indicativo,Futuro,ellos,formularán,10,reviewed,
ES,formular,Indicativo,Pretérito perfecto compuesto,yo,he formulado,10,reviewed,
ES,formular,Indicativo,Pretérito perfecto compuesto,tú,has formulado,10,reviewed,
ES,formular,Indicativo,Pretérito perfecto compuesto,él,ha formulado,10,reviewed,
ES,formular,Indicativo,Pretérito perfecto compuesto,nosotros,hemos formulado,10,reviewed,
ES,formular,Indicativo,Pretérito perfecto compuesto,vosotros,habéis formulado,10,reviewed,
ES,formular,Indicativo,Pretérito perfecto compuesto,ellos,han formulado,10,reviewed,
ES,formular,Indicativo,Pretérito imperfecto,yo,formulaba,10,reviewed,
ES,formular,Indicativo,Pretérito imperfecto,tú,formulabas,10,reviewed,
ES,formular,Indicativo,Pretérito imperfecto,él,formulaba,10,reviewed,
ES,formular,Indicativo,Pretérito imperfecto,nosotros,formulábamos,10,reviewed,
ES,formular,Indicativo,Pretérito imperfecto,vosotros,formulabais,10,reviewed,
ES,formular,Indicativo,Pretérito imperfecto,ellos,formulaban,10,reviewed,
ES,formular,Condicional,Condicional,yo,formularía,10,reviewed,
ES,formular,Condicional,Condicional,tú,formularías,10,reviewed,
ES,formular,Condicional,Condicional,él,formularía,10,reviewed,
ES,formular,Condicional,Condicional,nosotros,formularíamos,10,reviewed,
ES,formular,Condicional,Condicional,vosotros,formularíais,10,reviewed,
ES,formular,Condicional,Condicional,ellos,formularían,10,reviewed,
ES,formular,Imperativo,Imperativo,yo,-,10,reviewed,yo imperative placeholder -; no standard form
ES,formular,Imperativo,Imperativo,tú,formula,10,reviewed,
ES,formular,Imperativo,Imperativo,él,formule,10,reviewed,
ES,formular,Imperativo,Imperativo,nosotros,formulemos,10,reviewed,
ES,formular,Imperativo,Imperativo,vosotros,formulad,10,reviewed,
ES,formular,Imperativo,Imperativo,ellos,formulen,10,reviewed,
ES,formular,Indicativo,Futuro perfecto,yo,habré formulado,10,reviewed,
ES,formular,Indicativo,Futuro perfecto,tú,habrás formulado,10,reviewed,
ES,formular,Indicativo,Futuro perfecto,él,habrá formulado,10,reviewed,
ES,formular,Indicativo,Futuro perfecto,nosotros,habremos formulado,10,reviewed,
ES,formular,Indicativo,Futuro perfecto,vosotros,habréis formulado,10,reviewed,
ES,formular,Indicativo,Futuro perfecto,ellos,habrán formulado,10,reviewed,
ES,formular,Subjuntivo,Subjuntivo presente,yo,formule,10,reviewed,
ES,formular,Subjuntivo,Subjuntivo presente,tú,formules,10,reviewed,
ES,formular,Subjuntivo,Subjuntivo presente,él,formule,10,reviewed,
ES,formular,Subjuntivo,Subjuntivo presente,nosotros,formulemos,10,reviewed,
ES,formular,Subjuntivo,Subjuntivo presente,vosotros,formuléis,10,reviewed,
ES,formular,Subjuntivo,Subjuntivo presente,ellos,formulen,10,reviewed,
ES,formular,Indicativo,Pretérito perfecto simple,yo,formulé,10,reviewed,
ES,formular,Indicativo,Pretérito perfecto simple,tú,formulaste,10,reviewed,
ES,formular,Indicativo,Pretérito perfecto simple,él,formuló,10,reviewed,
ES,formular,Indicativo,Pretérito perfecto simple,nosotros,formulamos,10,reviewed,
ES,formular,Indicativo,Pretérito perfecto simple,vosotros,formulasteis,10,reviewed,
ES,formular,Indicativo,Pretérito perfecto simple,ellos,formularon,10,reviewed,
ES,formular,Indicativo,Pretérito pluscuamperfecto,yo,había formulado,10,reviewed,
ES,formular,Indicativo,Pretérito pluscuamperfecto,tú,habías formulado,10,reviewed,
ES,formular,Indicativo,Pretérito pluscuamperfecto,él,había formulado,10,reviewed,
ES,formular,Indicativo,Pretérito pluscuamperfecto,nosotros,habíamos formulado,10,reviewed,
ES,formular,Indicativo,Pretérito pluscuamperfecto,vosotros,habíais formulado,10,reviewed,
ES,formular,Indicativo,Pretérito pluscuamperfecto,ellos,habían formulado,10,reviewed,
ES,acariciar,Indicativo,Presente,yo,acaricio,10,reviewed,
ES,acariciar,Indicativo,Presente,tú,acaricias,10,reviewed,
ES,acariciar,Indicativo,Presente,él,acaricia,10,reviewed,
ES,acariciar,Indicativo,Presente,nosotros,acariciamos,10,reviewed,
ES,acariciar,Indicativo,Presente,vosotros,acariciáis,10,reviewed,
ES,acariciar,Indicativo,Presente,ellos,acarician,10,reviewed,
ES,acariciar,Indicativo,Futuro,yo,acariciaré,10,reviewed,
ES,acariciar,Indicativo,Futuro,tú,acariciarás,10,reviewed,
ES,acariciar,Indicativo,Futuro,él,acariciará,10,reviewed,
ES,acariciar,Indicativo,Futuro,nosotros,acariciaremos,10,reviewed,
ES,acariciar,Indicativo,Futuro,vosotros,acariciaréis,10,reviewed,
ES,acariciar,Indicativo,Futuro,ellos,acariciarán,10,reviewed,
ES,acariciar,Indicativo,Pretérito perfecto compuesto,yo,he acariciado,10,reviewed,
ES,acariciar,Indicativo,Pretérito perfecto compuesto,tú,has acariciado,10,reviewed,
ES,acariciar,Indicativo,Pretérito perfecto compuesto,él,ha acariciado,10,reviewed,
ES,acariciar,Indicativo,Pretérito perfecto compuesto,nosotros,hemos acariciado,10,reviewed,
ES,acariciar,Indicativo,Pretérito perfecto compuesto,vosotros,habéis acariciado,10,reviewed,
ES,acariciar,Indicativo,Pretérito perfecto compuesto,ellos,han acariciado,10,reviewed,
ES,acariciar,Indicativo,Pretérito imperfecto,yo,acariciaba,10,reviewed,
ES,acariciar,Indicativo,Pretérito imperfecto,tú,acariciabas,10,reviewed,
ES,acariciar,Indicativo,Pretérito imperfecto,él,acariciaba,10,reviewed,
ES,acariciar,Indicativo,Pretérito imperfecto,nosotros,acariciábamos,10,reviewed,
ES,acariciar,Indicativo,Pretérito imperfecto,vosotros,acariciabais,10,reviewed,
ES,acariciar,Indicativo,Pretérito imperfecto,ellos,acariciaban,10,reviewed,
ES,acariciar,Condicional,Condicional,yo,acariciaría,10,reviewed,
ES,acariciar,Condicional,Condicional,tú,acariciarías,10,reviewed,
ES,acariciar,Condicional,Condicional,él,acariciaría,10,reviewed,
ES,acariciar,Condicional,Condicional,nosotros,acariciaríamos,10,reviewed,
ES,acariciar,Condicional,Condicional,vosotros,acariciaríais,10,reviewed,
ES,acariciar,Condicional,Condicional,ellos,acariciarían,10,reviewed,
ES,acariciar,Imperativo,Imperativo,yo,-,10,reviewed,yo imperative placeholder -; no standard form
ES,acariciar,Imperativo,Imperativo,tú,acaricia,10,reviewed,
ES,acariciar,Imperativo,Imperativo,él,acaricie,10,reviewed,
ES,acariciar,Imperativo,Imperativo,nosotros,acariciemos,10,reviewed,
ES,acariciar,Imperativo,Imperativo,vosotros,acariciad,10,reviewed,
ES,acariciar,Imperativo,Imperativo,ellos,acaricien,10,reviewed,
ES,acariciar,Indicativo,Futuro perfecto,yo,habré acariciado,10,reviewed,
ES,acariciar,Indicativo,Futuro perfecto,tú,habrás acariciado,10,reviewed,
ES,acariciar,Indicativo,Futuro perfecto,él,habrá acariciado,10,reviewed,
ES,acariciar,Indicativo,Futuro perfecto,nosotros,habremos acariciado,10,reviewed,
ES,acariciar,Indicativo,Futuro perfecto,vosotros,habréis acariciado,10,reviewed,
ES,acariciar,Indicativo,Futuro perfecto,ellos,habrán acariciado,10,reviewed,
ES,acariciar,Subjuntivo,Subjuntivo presente,yo,acaricie,10,reviewed,
ES,acariciar,Subjuntivo,Subjuntivo presente,tú,acaricies,10,reviewed,
ES,acariciar,Subjuntivo,Subjuntivo presente,él,acaricie,10,reviewed,
ES,acariciar,Subjuntivo,Subjuntivo presente,nosotros,acariciemos,10,reviewed,
ES,acariciar,Subjuntivo,Subjuntivo presente,vosotros,acariciéis,10,reviewed,
ES,acariciar,Subjuntivo,Subjuntivo presente,ellos,acaricien,10,reviewed,
ES,acariciar,Indicativo,Pretérito perfecto simple,yo,acaricié,10,reviewed,
ES,acariciar,Indicativo,Pretérito perfecto simple,tú,acariciaste,10,reviewed,
ES,acariciar,Indicativo,Pretérito perfecto simple,él,acarició,10,reviewed,
ES,acariciar,Indicativo,Pretérito perfecto simple,nosotros,acariciamos,10,reviewed,
ES,acariciar,Indicativo,Pretérito perfecto simple,vosotros,acariciasteis,10,reviewed,
ES,acariciar,Indicativo,Pretérito perfecto simple,ellos,acariciaron,10,reviewed,
ES,acariciar,Indicativo,Pretérito pluscuamperfecto,yo,había acariciado,10,reviewed,
ES,acariciar,Indicativo,Pretérito pluscuamperfecto,tú,habías acariciado,10,reviewed,
ES,acariciar,Indicativo,Pretérito pluscuamperfecto,él,había acariciado,10,reviewed,
ES,acariciar,Indicativo,Pretérito pluscuamperfecto,nosotros,habíamos acariciado,10,reviewed,
ES,acariciar,Indicativo,Pretérito pluscuamperfecto,vosotros,habíais acariciado,10,reviewed,
ES,acariciar,Indicativo,Pretérito pluscuamperfecto,ellos,habían acariciado,10,reviewed,
ES,firmar,Indicativo,Presente,yo,firmo,10,reviewed,
ES,firmar,Indicativo,Presente,tú,firmas,10,reviewed,
ES,firmar,Indicativo,Presente,él,firma,10,reviewed,
ES,firmar,Indicativo,Presente,nosotros,firmamos,10,reviewed,
ES,firmar,Indicativo,Presente,vosotros,firmáis,10,reviewed,
ES,firmar,Indicativo,Presente,ellos,firman,10,reviewed,
ES,firmar,Indicativo,Futuro,yo,firmaré,10,reviewed,
ES,firmar,Indicativo,Futuro,tú,firmarás,10,reviewed,
ES,firmar,Indicativo,Futuro,él,firmará,10,reviewed,
ES,firmar,Indicativo,Futuro,nosotros,firmaremos,10,reviewed,
ES,firmar,Indicativo,Futuro,vosotros,firmaréis,10,reviewed,
ES,firmar,Indicativo,Futuro,ellos,firmarán,10,reviewed,
ES,firmar,Indicativo,Pretérito perfecto compuesto,yo,he firmado,10,reviewed,
ES,firmar,Indicativo,Pretérito perfecto compuesto,tú,has firmado,10,reviewed,
ES,firmar,Indicativo,Pretérito perfecto compuesto,él,ha firmado,10,reviewed,
ES,firmar,Indicativo,Pretérito perfecto compuesto,nosotros,hemos firmado,10,reviewed,
ES,firmar,Indicativo,Pretérito perfecto compuesto,vosotros,habéis firmado,10,reviewed,
ES,firmar,Indicativo,Pretérito perfecto compuesto,ellos,han firmado,10,reviewed,
ES,firmar,Indicativo,Pretérito imperfecto,yo,firmaba,10,reviewed,
ES,firmar,Indicativo,Pretérito imperfecto,tú,firmabas,10,reviewed,
ES,firmar,Indicativo,Pretérito imperfecto,él,firmaba,10,reviewed,
ES,firmar,Indicativo,Pretérito imperfecto,nosotros,firmábamos,10,reviewed,
ES,firmar,Indicativo,Pretérito imperfecto,vosotros,firmabais,10,reviewed,
ES,firmar,Indicativo,Pretérito imperfecto,ellos,firmaban,10,reviewed,
ES,firmar,Condicional,Condicional,yo,firmaría,10,reviewed,
ES,firmar,Condicional,Condicional,tú,firmarías,10,reviewed,
ES,firmar,Condicional,Condicional,él,firmaría,10,reviewed,
ES,firmar,Condicional,Condicional,nosotros,firmaríamos,10,reviewed,
ES,firmar,Condicional,Condicional,vosotros,firmaríais,10,reviewed,
ES,firmar,Condicional,Condicional,ellos,firmarían,10,reviewed,
ES,firmar,Imperativo,Imperativo,yo,-,10,reviewed,yo imperative placeholder -; no standard form
ES,firmar,Imperativo,Imperativo,tú,firma,10,reviewed,
ES,firmar,Imperativo,Imperativo,él,firme,10,reviewed,
ES,firmar,Imperativo,Imperativo,nosotros,firmemos,10,reviewed,
ES,firmar,Imperativo,Imperativo,vosotros,firmad,10,reviewed,
ES,firmar,Imperativo,Imperativo,ellos,firmen,10,reviewed,
ES,firmar,Indicativo,Futuro perfecto,yo,habré firmado,10,reviewed,
ES,firmar,Indicativo,Futuro perfecto,tú,habrás firmado,10,reviewed,
ES,firmar,Indicativo,Futuro perfecto,él,habrá firmado,10,reviewed,
ES,firmar,Indicativo,Futuro perfecto,nosotros,habremos firmado,10,reviewed,
ES,firmar,Indicativo,Futuro perfecto,vosotros,habréis firmado,10,reviewed,
ES,firmar,Indicativo,Futuro perfecto,ellos,habrán firmado,10,reviewed,
ES,firmar,Subjuntivo,Subjuntivo presente,yo,firme,10,reviewed,
ES,firmar,Subjuntivo,Subjuntivo presente,tú,firmes,10,reviewed,
ES,firmar,Subjuntivo,Subjuntivo presente,él,firme,10,reviewed,
ES,firmar,Subjuntivo,Subjuntivo presente,nosotros,firmemos,10,reviewed,
ES,firmar,Subjuntivo,Subjuntivo presente,vosotros,firméis,10,reviewed,
ES,firmar,Subjuntivo,Subjuntivo presente,ellos,firmen,10,reviewed,
ES,firmar,Indicativo,Pretérito perfecto simple,yo,firmé,10,reviewed,
ES,firmar,Indicativo,Pretérito perfecto simple,tú,firmaste,10,reviewed,
ES,firmar,Indicativo,Pretérito perfecto simple,él,firmó,10,reviewed,
ES,firmar,Indicativo,Pretérito perfecto simple,nosotros,firmamos,10,reviewed,
ES,firmar,Indicativo,Pretérito perfecto simple,vosotros,firmasteis,10,reviewed,
ES,firmar,Indicativo,Pretérito perfecto simple,ellos,firmaron,10,reviewed,
ES,firmar,Indicativo,Pretérito pluscuamperfecto,yo,había firmado,10,reviewed,
ES,firmar,Indicativo,Pretérito pluscuamperfecto,tú,habías firmado,10,reviewed,
ES,firmar,Indicativo,Pretérito pluscuamperfecto,él,había firmado,10,reviewed,
ES,firmar,Indicativo,Pretérito pluscuamperfecto,nosotros,habíamos firmado,10,reviewed,
ES,firmar,Indicativo,Pretérito pluscuamperfecto,vosotros,habíais firmado,10,reviewed,
ES,firmar,Indicativo,Pretérito pluscuamperfecto,ellos,habían firmado,10,reviewed,
ES,prolongar,Indicativo,Presente,yo,prolongo,10,reviewed,
ES,prolongar,Indicativo,Presente,tú,prolongas,10,reviewed,
ES,prolongar,Indicativo,Presente,él,prolonga,10,reviewed,
ES,prolongar,Indicativo,Presente,nosotros,prolongamos,10,reviewed,
ES,prolongar,Indicativo,Presente,vosotros,prolongáis,10,reviewed,
ES,prolongar,Indicativo,Presente,ellos,prolongan,10,reviewed,
ES,prolongar,Indicativo,Futuro,yo,prolongaré,10,reviewed,
ES,prolongar,Indicativo,Futuro,tú,prolongarás,10,reviewed,
ES,prolongar,Indicativo,Futuro,él,prolongará,10,reviewed,
ES,prolongar,Indicativo,Futuro,nosotros,prolongaremos,10,reviewed,
ES,prolongar,Indicativo,Futuro,vosotros,prolongaréis,10,reviewed,
ES,prolongar,Indicativo,Futuro,ellos,prolongarán,10,reviewed,
ES,prolongar,Indicativo,Pretérito perfecto compuesto,yo,he prolongado,10,reviewed,
ES,prolongar,Indicativo,Pretérito perfecto compuesto,tú,has prolongado,10,reviewed,
ES,prolongar,Indicativo,Pretérito perfecto compuesto,él,ha prolongado,10,reviewed,
ES,prolongar,Indicativo,Pretérito perfecto compuesto,nosotros,hemos prolongado,10,reviewed,
ES,prolongar,Indicativo,Pretérito perfecto compuesto,vosotros,habéis prolongado,10,reviewed,
ES,prolongar,Indicativo,Pretérito perfecto compuesto,ellos,han prolongado,10,reviewed,
ES,prolongar,Indicativo,Pretérito imperfecto,yo,prolongaba,10,reviewed,
ES,prolongar,Indicativo,Pretérito imperfecto,tú,prolongabas,10,reviewed,
ES,prolongar,Indicativo,Pretérito imperfecto,él,prolongaba,10,reviewed,
ES,prolongar,Indicativo,Pretérito imperfecto,nosotros,prolongábamos,10,reviewed,
ES,prolongar,Indicativo,Pretérito imperfecto,vosotros,prolongabais,10,reviewed,
ES,prolongar,Indicativo,Pretérito imperfecto,ellos,prolongaban,10,reviewed,
ES,prolongar,Condicional,Condicional,yo,prolongaría,10,reviewed,
ES,prolongar,Condicional,Condicional,tú,prolongarías,10,reviewed,
ES,prolongar,Condicional,Condicional,él,prolongaría,10,reviewed,
ES,prolongar,Condicional,Condicional,nosotros,prolongaríamos,10,reviewed,
ES,prolongar,Condicional,Condicional,vosotros,prolongaríais,10,reviewed,
ES,prolongar,Condicional,Condicional,ellos,prolongarían,10,reviewed,
ES,prolongar,Imperativo,Imperativo,yo,-,10,reviewed,yo imperative placeholder -; no standard form
ES,prolongar,Imperativo,Imperativo,tú,prolonga,10,reviewed,
ES,prolongar,Imperativo,Imperativo,él,prolongue,10,reviewed,
ES,prolongar,Imperativo,Imperativo,nosotros,prolonguemos,10,reviewed,
ES,prolongar,Imperativo,Imperativo,vosotros,prolongad,10,reviewed,
ES,prolongar,Imperativo,Imperativo,ellos,prolonguen,10,reviewed,
ES,prolongar,Indicativo,Futuro perfecto,yo,habré prolongado,10,reviewed,
ES,prolongar,Indicativo,Futuro perfecto,tú,habrás prolongado,10,reviewed,
ES,prolongar,Indicativo,Futuro perfecto,él,habrá prolongado,10,reviewed,
ES,prolongar,Indicativo,Futuro perfecto,nosotros,habremos prolongado,10,reviewed,
ES,prolongar,Indicativo,Futuro perfecto,vosotros,habréis prolongado,10,reviewed,
ES,prolongar,Indicativo,Futuro perfecto,ellos,habrán prolongado,10,reviewed,
ES,prolongar,Subjuntivo,Subjuntivo presente,yo,prolongue,10,reviewed,
ES,prolongar,Subjuntivo,Subjuntivo presente,tú,prolongues,10,reviewed,
ES,prolongar,Subjuntivo,Subjuntivo presente,él,prolongue,10,reviewed,
ES,prolongar,Subjuntivo,Subjuntivo presente,nosotros,prolonguemos,10,reviewed,
ES,prolongar,Subjuntivo,Subjuntivo presente,vosotros,prolonguéis,10,reviewed,
ES,prolongar,Subjuntivo,Subjuntivo presente,ellos,prolonguen,10,reviewed,
ES,prolongar,Indicativo,Pretérito perfecto simple,yo,prolongué,10,reviewed,
ES,prolongar,Indicativo,Pretérito perfecto simple,tú,prolongaste,10,reviewed,
ES,prolongar,Indicativo,Pretérito perfecto simple,él,prolongó,10,reviewed,
ES,prolongar,Indicativo,Pretérito perfecto simple,nosotros,prolongamos,10,reviewed,
ES,prolongar,Indicativo,Pretérito perfecto simple,vosotros,prolongasteis,10,reviewed,
ES,prolongar,Indicativo,Pretérito perfecto simple,ellos,prolongaron,10,reviewed,
ES,prolongar,Indicativo,Pretérito pluscuamperfecto,yo,había prolongado,10,reviewed,
ES,prolongar,Indicativo,Pretérito pluscuamperfecto,tú,habías prolongado,10,reviewed,
ES,prolongar,Indicativo,Pretérito pluscuamperfecto,él,había prolongado,10,reviewed,
ES,prolongar,Indicativo,Pretérito pluscuamperfecto,nosotros,habíamos prolongado,10,reviewed,
ES,prolongar,Indicativo,Pretérito pluscuamperfecto,vosotros,habíais prolongado,10,reviewed,
ES,prolongar,Indicativo,Pretérito pluscuamperfecto,ellos,habían prolongado,10,reviewed,
ES,variar,Indicativo,Presente,yo,varío,10,reviewed,accent-sensitive -iar paradigm; QA recommended
ES,variar,Indicativo,Presente,tú,varías,10,reviewed,accent-sensitive -iar paradigm; QA recommended
ES,variar,Indicativo,Presente,él,varía,10,reviewed,accent-sensitive -iar paradigm; QA recommended
ES,variar,Indicativo,Presente,nosotros,variamos,10,reviewed,accent-sensitive -iar paradigm; QA recommended
ES,variar,Indicativo,Presente,vosotros,variáis,10,reviewed,accent-sensitive -iar paradigm; QA recommended
ES,variar,Indicativo,Presente,ellos,varían,10,reviewed,accent-sensitive -iar paradigm; QA recommended
ES,variar,Indicativo,Futuro,yo,variaré,10,reviewed,accent-sensitive -iar paradigm; QA recommended
ES,variar,Indicativo,Futuro,tú,variarás,10,reviewed,accent-sensitive -iar paradigm; QA recommended
ES,variar,Indicativo,Futuro,él,variará,10,reviewed,accent-sensitive -iar paradigm; QA recommended
ES,variar,Indicativo,Futuro,nosotros,variaremos,10,reviewed,accent-sensitive -iar paradigm; QA recommended
ES,variar,Indicativo,Futuro,vosotros,variaréis,10,reviewed,accent-sensitive -iar paradigm; QA recommended
ES,variar,Indicativo,Futuro,ellos,variarán,10,reviewed,accent-sensitive -iar paradigm; QA recommended
ES,variar,Indicativo,Pretérito perfecto compuesto,yo,he variado,10,reviewed,accent-sensitive -iar paradigm; QA recommended
ES,variar,Indicativo,Pretérito perfecto compuesto,tú,has variado,10,reviewed,accent-sensitive -iar paradigm; QA recommended
ES,variar,Indicativo,Pretérito perfecto compuesto,él,ha variado,10,reviewed,accent-sensitive -iar paradigm; QA recommended
ES,variar,Indicativo,Pretérito perfecto compuesto,nosotros,hemos variado,10,reviewed,accent-sensitive -iar paradigm; QA recommended
ES,variar,Indicativo,Pretérito perfecto compuesto,vosotros,habéis variado,10,reviewed,accent-sensitive -iar paradigm; QA recommended
ES,variar,Indicativo,Pretérito perfecto compuesto,ellos,han variado,10,reviewed,accent-sensitive -iar paradigm; QA recommended
ES,variar,Indicativo,Pretérito imperfecto,yo,variaba,10,reviewed,accent-sensitive -iar paradigm; QA recommended
ES,variar,Indicativo,Pretérito imperfecto,tú,variabas,10,reviewed,accent-sensitive -iar paradigm; QA recommended
ES,variar,Indicativo,Pretérito imperfecto,él,variaba,10,reviewed,accent-sensitive -iar paradigm; QA recommended
ES,variar,Indicativo,Pretérito imperfecto,nosotros,variábamos,10,reviewed,accent-sensitive -iar paradigm; QA recommended
ES,variar,Indicativo,Pretérito imperfecto,vosotros,variabais,10,reviewed,accent-sensitive -iar paradigm; QA recommended
ES,variar,Indicativo,Pretérito imperfecto,ellos,variaban,10,reviewed,accent-sensitive -iar paradigm; QA recommended
ES,variar,Condicional,Condicional,yo,variaría,10,reviewed,accent-sensitive -iar paradigm; QA recommended
ES,variar,Condicional,Condicional,tú,variarías,10,reviewed,accent-sensitive -iar paradigm; QA recommended
ES,variar,Condicional,Condicional,él,variaría,10,reviewed,accent-sensitive -iar paradigm; QA recommended
ES,variar,Condicional,Condicional,nosotros,variaríamos,10,reviewed,accent-sensitive -iar paradigm; QA recommended
ES,variar,Condicional,Condicional,vosotros,variaríais,10,reviewed,accent-sensitive -iar paradigm; QA recommended
ES,variar,Condicional,Condicional,ellos,variarían,10,reviewed,accent-sensitive -iar paradigm; QA recommended
ES,variar,Imperativo,Imperativo,yo,-,10,reviewed,yo imperative placeholder -; no standard form
ES,variar,Imperativo,Imperativo,tú,varía,10,reviewed,accent-sensitive -iar paradigm; QA recommended
ES,variar,Imperativo,Imperativo,él,varíe,10,reviewed,accent-sensitive -iar paradigm; QA recommended
ES,variar,Imperativo,Imperativo,nosotros,variemos,10,reviewed,accent-sensitive -iar paradigm; QA recommended
ES,variar,Imperativo,Imperativo,vosotros,variad,10,reviewed,accent-sensitive -iar paradigm; QA recommended
ES,variar,Imperativo,Imperativo,ellos,varíen,10,reviewed,accent-sensitive -iar paradigm; QA recommended
ES,variar,Indicativo,Futuro perfecto,yo,habré variado,10,reviewed,accent-sensitive -iar paradigm; QA recommended
ES,variar,Indicativo,Futuro perfecto,tú,habrás variado,10,reviewed,accent-sensitive -iar paradigm; QA recommended
ES,variar,Indicativo,Futuro perfecto,él,habrá variado,10,reviewed,accent-sensitive -iar paradigm; QA recommended
ES,variar,Indicativo,Futuro perfecto,nosotros,habremos variado,10,reviewed,accent-sensitive -iar paradigm; QA recommended
ES,variar,Indicativo,Futuro perfecto,vosotros,habréis variado,10,reviewed,accent-sensitive -iar paradigm; QA recommended
ES,variar,Indicativo,Futuro perfecto,ellos,habrán variado,10,reviewed,accent-sensitive -iar paradigm; QA recommended
ES,variar,Subjuntivo,Subjuntivo presente,yo,varíe,10,reviewed,accent-sensitive -iar paradigm; QA recommended
ES,variar,Subjuntivo,Subjuntivo presente,tú,varíes,10,reviewed,accent-sensitive -iar paradigm; QA recommended
ES,variar,Subjuntivo,Subjuntivo presente,él,varíe,10,reviewed,accent-sensitive -iar paradigm; QA recommended
ES,variar,Subjuntivo,Subjuntivo presente,nosotros,variemos,10,reviewed,accent-sensitive -iar paradigm; QA recommended
ES,variar,Subjuntivo,Subjuntivo presente,vosotros,variéis,10,reviewed,accent-sensitive -iar paradigm; QA recommended
ES,variar,Subjuntivo,Subjuntivo presente,ellos,varíen,10,reviewed,accent-sensitive -iar paradigm; QA recommended
ES,variar,Indicativo,Pretérito perfecto simple,yo,varié,10,reviewed,accent-sensitive -iar paradigm; QA recommended
ES,variar,Indicativo,Pretérito perfecto simple,tú,variaste,10,reviewed,accent-sensitive -iar paradigm; QA recommended
ES,variar,Indicativo,Pretérito perfecto simple,él,varió,10,reviewed,accent-sensitive -iar paradigm; QA recommended
ES,variar,Indicativo,Pretérito perfecto simple,nosotros,variamos,10,reviewed,accent-sensitive -iar paradigm; QA recommended
ES,variar,Indicativo,Pretérito perfecto simple,vosotros,variasteis,10,reviewed,accent-sensitive -iar paradigm; QA recommended
ES,variar,Indicativo,Pretérito perfecto simple,ellos,variaron,10,reviewed,accent-sensitive -iar paradigm; QA recommended
ES,variar,Indicativo,Pretérito pluscuamperfecto,yo,había variado,10,reviewed,accent-sensitive -iar paradigm; QA recommended
ES,variar,Indicativo,Pretérito pluscuamperfecto,tú,habías variado,10,reviewed,accent-sensitive -iar paradigm; QA recommended
ES,variar,Indicativo,Pretérito pluscuamperfecto,él,había variado,10,reviewed,accent-sensitive -iar paradigm; QA recommended
ES,variar,Indicativo,Pretérito pluscuamperfecto,nosotros,habíamos variado,10,reviewed,accent-sensitive -iar paradigm; QA recommended
ES,variar,Indicativo,Pretérito pluscuamperfecto,vosotros,habíais variado,10,reviewed,accent-sensitive -iar paradigm; QA recommended
ES,variar,Indicativo,Pretérito pluscuamperfecto,ellos,habían variado,10,reviewed,accent-sensitive -iar paradigm; QA recommended
