language_code,infinitive,mood,tense,pronoun,conjugated_form,batch,review_status,source_note
FR,expliquer,Indicatif,Présent,je,explique,2,reviewed,repo-local legacy seed normalized into curated contract; QA recommended
FR,expliquer,Indicatif,Présent,tu,expliques,2,reviewed,repo-local legacy seed normalized into curated contract; QA recommended
FR,expliquer,Indicatif,Présent,"il (elle, on)",explique,2,reviewed,repo-local legacy seed normalized into curated contract; QA recommended
FR,expliquer,Indicatif,Présent,nous,expliquons,2,reviewed,repo-local legacy seed normalized into curated contract; QA recommended
FR,expliquer,Indicatif,Présent,vous,expliquez,2,reviewed,repo-local legacy seed normalized into curated contract; QA recommended
FR,expliquer,Indicatif,Présent,ils (elles),expliquent,2,reviewed,repo-local legacy seed normalized into curated contract; QA recommended
FR,expliquer,Indicatif,Futur,je,expliquerai,2,reviewed,repo-local legacy seed normalized into curated contract; QA recommended
FR,expliquer,Indicatif,Futur,tu,expliqueras,2,reviewed,repo-local legacy seed normalized into curated contract; QA recommended
FR,expliquer,Indicatif,Futur,"il (elle, on)",expliquera,2,reviewed,repo-local legacy seed normalized into curated contract; QA recommended
FR,expliquer,Indicatif,Futur,nous,expliquerons,2,reviewed,repo-local legacy seed normalized into curated contract; QA recommended
FR,expliquer,Indicatif,Futur,vous,expliquerez,2,reviewed,repo-local legacy seed normalized into curated contract; QA recommended
FR,expliquer,Indicatif,Futur,ils (elles),expliqueront,2,reviewed,repo-local legacy seed normalized into curated contract; QA recommended
FR,expliquer,Indicatif,Passé composé,je,ai expliqué,2,reviewed,repo-local legacy seed normalized into curated contract; QA recommended
FR,expliquer,Indicatif,Passé composé,tu,as expliqué,2,reviewed,repo-local legacy seed normalized into curated contract; QA recommended
FR,expliquer,Indicatif,Passé composé,"il (elle, on)",a expliqué,2,reviewed,repo-local legacy seed normalized into curated contract; QA recommended
FR,expliquer,Indicatif,Passé composé,nous,avons expliqué,2,reviewed,repo-local legacy seed normalized into curated contract; QA recommended
FR,expliquer,Indicatif,Passé composé,vous,avez expliqué,2,reviewed,repo-local legacy seed normalized into curated contract; QA recommended
FR,expliquer,Indicatif,Passé composé,ils (elles),ont expliqué,2,reviewed,repo-local legacy seed normalized into curated contract; QA recommended
FR,expliquer,Indicatif,Imparfait,je,expliquais,2,reviewed,repo-local legacy seed normalized into curated contract; QA recommended
FR,expliquer,Indicatif,Imparfait,tu,expliquais,2,reviewed,repo-local legacy seed normalized into curated contract; QA recommended
FR,expliquer,Indicatif,Imparfait,"il (elle, on)",expliquait,2,reviewed,repo-local legacy seed normalized into curated contract; QA recommended
FR,expliquer,Indicatif,Imparfait,nous,expliquions,2,reviewed,repo-local legacy seed normalized into curated contract; QA recommended
FR,expliquer,Indicatif,Imparfait,vous,expliquiez,2,reviewed,repo-local legacy seed normalized into curated contract; QA recommended
FR,expliquer,Indicatif,Imparfait,ils (elles),expliquaient,2,reviewed,repo-local legacy seed normalized into curated contract; QA recommended
FR,expliquer,Conditionnel,Conditionnel présent,je,expliquerais,2,reviewed,repo-local legacy seed normalized into curated contract; QA recommended
FR,expliquer,Conditionnel,Conditionnel présent,tu,expliquerais,2,reviewed,repo-local legacy seed normalized into curated contract; QA recommended
FR,expliquer,Conditionnel,Conditionnel présent,"il (elle, on)",expliquerait,2,reviewed,repo-local legacy seed normalized into curated contract; QA recommended
FR,expliquer,Conditionnel,Conditionnel présent,nous,expliquerions,2,reviewed,repo-local legacy seed normalized into curated contract; QA recommended
FR,expliquer,Conditionnel,Conditionnel présent,vous,expliqueriez,2,reviewed,repo-local legacy seed normalized into curated contract; QA recommended
FR,expliquer,Conditionnel,Conditionnel présent,ils (elles),expliqueraient,2,reviewed,repo-local legacy seed normalized into curated contract; QA recommended
FR,expliquer,Impératif,Impératif,je,-,2,reviewed,repo-local legacy seed normalized into curated contract; QA recommended; French imperative only uses tu / nous / vous; placeholder - used for unsupported slot
FR,expliquer,Impératif,Impératif,tu,explique,2,reviewed,repo-local legacy seed normalized into curated contract; QA recommended
FR,expliquer,Impératif,Impératif,"il (elle, on)",-,2,reviewed,repo-local legacy seed normalized into curated contract; QA recommended; French imperative only uses tu / nous / vous; placeholder - used for unsupported slot
FR,expliquer,Impératif,Impératif,nous,expliquons,2,reviewed,repo-local legacy seed normalized into curated contract; QA recommended
FR,expliquer,Impératif,Impératif,vous,expliquez,2,reviewed,repo-local legacy seed normalized into curated contract; QA recommended
FR,expliquer,Impératif,Impératif,ils (elles),-,2,reviewed,repo-local legacy seed normalized into curated contract; QA recommended; French imperative only uses tu / nous / vous; placeholder - used for unsupported slot
FR,expliquer,Subjonctif,Subjonctif présent,je,explique,2,reviewed,repo-local legacy seed normalized into curated contract; QA recommended
FR,expliquer,Subjonctif,Subjonctif présent,tu,expliques,2,reviewed,repo-local legacy seed normalized into curated contract; QA recommended
FR,expliquer,Subjonctif,Subjonctif présent,"il (elle, on)",explique,2,reviewed,repo-local legacy seed normalized into curated contract; QA recommended
FR,expliquer,Subjonctif,Subjonctif présent,nous,expliquions,2,reviewed,repo-local legacy seed normalized into curated contract; QA recommended
FR,expliquer,Subjonctif,Subjonctif présent,vous,expliquiez,2,reviewed,repo-local legacy seed normalized into curated contract; QA recommended
FR,expliquer,Subjonctif,Subjonctif présent,ils (elles),expliquent,2,reviewed,repo-local legacy seed normalized into curated contract; QA recommended
FR,expliquer,Indicatif,Passé Simple,je,expliquai,2,reviewed,repo-local legacy seed normalized into curated contract; QA recommended
FR,expliquer,Indicatif,Passé Simple,tu,expliquas,2,reviewed,repo-local legacy seed normalized into curated contract; QA recommended
FR,expliquer,Indicatif,Passé Simple,"il (elle, on)",expliqua,2,reviewed,repo-local legacy seed normalized into curated contract; QA recommended
FR,expliquer,Indicatif,Passé Simple,nous,expliquâmes,2,reviewed,repo-local legacy seed normalized into curated contract; QA recommended
FR,expliquer,Indicatif,Passé Simple,vous,expliquâtes,2,reviewed,repo-local legacy seed normalized into curated contract; QA recommended
FR,expliquer,Indicatif,Passé Simple,ils (elles),expliquèrent,2,reviewed,repo-local legacy seed normalized into curated contract; QA recommended
FR,expliquer,Subjonctif,Subjonctif imparfait,je,expliquasse,2,reviewed,repo-local legacy seed normalized into curated contract; QA recommended
FR,expliquer,Subjonctif,Subjonctif imparfait,tu,expliquasses,2,reviewed,repo-local legacy seed normalized into curated contract; QA recommended
FR,expliquer,Subjonctif,Subjonctif imparfait,"il (elle, on)",expliquât,2,reviewed,repo-local legacy seed normalized into curated contract; QA recommended
FR,expliquer,Subjonctif,Subjonctif imparfait,nous,expliquassions,2,reviewed,repo-local legacy seed normalized into curated contract; QA recommended
FR,expliquer,Subjonctif,Subjonctif imparfait,vous,expliquassiez,2,reviewed,repo-local legacy seed normalized into curated contract; QA recommended
FR,expliquer,Subjonctif,Subjonctif imparfait,ils (elles),expliquassent,2,reviewed,repo-local legacy seed normalized into curated contract; QA recommended
FR,assurer,Indicatif,Présent,je,assure,2,reviewed,repo-local legacy seed normalized into curated contract; QA recommended
FR,assurer,Indicatif,Présent,tu,assures,2,reviewed,repo-local legacy seed normalized into curated contract; QA recommended
FR,assurer,Indicatif,Présent,"il (elle, on)",assure,2,reviewed,repo-local legacy seed normalized into curated contract; QA recommended
FR,assurer,Indicatif,Présent,nous,assurons,2,reviewed,repo-local legacy seed normalized into curated contract; QA recommended
FR,assurer,Indicatif,Présent,vous,assurez,2,reviewed,repo-local legacy seed normalized into curated contract; QA recommended
FR,assurer,Indicatif,Présent,ils (elles),assurent,2,reviewed,repo-local legacy seed normalized into curated contract; QA recommended
FR,assurer,Indicatif,Futur,je,assurerai,2,reviewed,repo-local legacy seed normalized into curated contract; QA recommended
FR,assurer,Indicatif,Futur,tu,assureras,2,reviewed,repo-local legacy seed normalized into curated contract; QA recommended
FR,assurer,Indicatif,Futur,"il (elle, on)",assurera,2,reviewed,repo-local legacy seed normalized into curated contract; QA recommended
FR,assurer,Indicatif,Futur,nous,assurerons,2,reviewed,repo-local legacy seed normalized into curated contract; QA recommended
FR,assurer,Indicatif,Futur,vous,assurerez,2,reviewed,repo-local legacy seed normalized into curated contract; QA recommended
FR,assurer,Indicatif,Futur,ils (elles),assureront,2,reviewed,repo-local legacy seed normalized into curated contract; QA recommended
FR,assurer,Indicatif,Passé composé,je,ai assuré,2,reviewed,repo-local legacy seed normalized into curated contract; QA recommended
FR,assurer,Indicatif,Passé composé,tu,as assuré,2,reviewed,repo-local legacy seed normalized into curated contract; QA recommended
FR,assurer,Indicatif,Passé composé,"il (elle, on)",a assuré,2,reviewed,repo-local legacy seed normalized into curated contract; QA recommended
FR,assurer,Indicatif,Passé composé,nous,avons assuré,2,reviewed,repo-local legacy seed normalized into curated contract; QA recommended
FR,assurer,Indicatif,Passé composé,vous,avez assuré,2,reviewed,repo-local legacy seed normalized into curated contract; QA recommended
FR,assurer,Indicatif,Passé composé,ils (elles),ont assuré,2,reviewed,repo-local legacy seed normalized into curated contract; QA recommended
FR,assurer,Indicatif,Imparfait,je,assurais,2,reviewed,repo-local legacy seed normalized into curated contract; QA recommended
FR,assurer,Indicatif,Imparfait,tu,assurais,2,reviewed,repo-local legacy seed normalized into curated contract; QA recommended
FR,assurer,Indicatif,Imparfait,"il (elle, on)",assurait,2,reviewed,repo-local legacy seed normalized into curated contract; QA recommended
FR,assurer,Indicatif,Imparfait,nous,assurions,2,reviewed,repo-local legacy seed normalized into curated contract; QA recommended
FR,assurer,Indicatif,Imparfait,vous,assuriez,2,reviewed,repo-local legacy seed normalized into curated contract; QA recommended
FR,assurer,Indicatif,Imparfait,ils (elles),assuraient,2,reviewed,repo-local legacy seed normalized into curated contract; QA recommended
FR,assurer,Conditionnel,Conditionnel présent,je,assurerais,2,reviewed,repo-local legacy seed normalized into curated contract; QA recommended
FR,assurer,Conditionnel,Conditionnel présent,tu,assurerais,2,reviewed,repo-local legacy seed normalized into curated contract; QA recommended
FR,assurer,Conditionnel,Conditionnel présent,"il (elle, on)",assurerait,2,reviewed,repo-local legacy seed normalized into curated contract; QA recommended
FR,assurer,Conditionnel,Conditionnel présent,nous,assurerions,2,reviewed,repo-local legacy seed normalized into curated contract; QA recommended
FR,assurer,Conditionnel,Conditionnel présent,vous,assureriez,2,reviewed,repo-local legacy seed normalized into curated contract; QA recommended
FR,assurer,Conditionnel,Conditionnel présent,ils (elles),assureraient,2,reviewed,repo-local legacy seed normalized into curated contract; QA recommended
FR,assurer,Impératif,Impératif,je,-,2,reviewed,repo-local legacy seed normalized into curated contract; QA recommended; French imperative only uses tu / nous / vous; placeholder - used for unsupported slot
FR,assurer,Impératif,Impératif,tu,assure,2,reviewed,repo-local legacy seed normalized into curated contract; QA recommended
FR,assurer,Impératif,Impératif,"il (elle, on)",-,2,reviewed,repo-local legacy seed normalized into curated contract; QA recommended; French imperative only uses tu / nous / vous; placeholder - used for unsupported slot
FR,assurer,Impératif,Impératif,nous,assurons,2,reviewed,repo-local legacy seed normalized into curated contract; QA recommended
FR,assurer,Impératif,Impératif,vous,assurez,2,reviewed,repo-local legacy seed normalized into curated contract; QA recommended
FR,assurer,Impératif,Impératif,ils (elles),-,2,reviewed,repo-local legacy seed normalized into curated contract; QA recommended; French imperative only uses tu / nous / vous; placeholder - used for unsupported slot
FR,assurer,Subjonctif,Subjonctif présent,je,assure,2,reviewed,repo-local legacy seed normalized into curated contract; QA recommended
FR,assurer,Subjonctif,Subjonctif présent,tu,assures,2,reviewed,repo-local legacy seed normalized into curated contract; QA recommended
FR,assurer,Subjonctif,Subjonctif présent,"il (elle, on)",assure,2,reviewed,repo-local legacy seed normalized into curated contract; QA recommended
FR,assurer,Subjonctif,Subjonctif présent,nous,assurions,2,reviewed,repo-local legacy seed normalized into curated contract; QA recommended
FR,assurer,Subjonctif,Subjonctif présent,vous,assuriez,2,reviewed,repo-local legacy seed normalized into curated contract; QA recommended
FR,assurer,Subjonctif,Subjonctif présent,ils (elles),assurent,2,reviewed,repo-local legacy seed normalized into curated contract; QA recommended
FR,assurer,Indicatif,Passé Simple,je,assurai,2,reviewed,repo-local legacy seed normalized into curated contract; QA recommended
FR,assurer,Indicatif,Passé Simple,tu,assuras,2,reviewed,repo-local legacy seed normalized into curated contract; QA recommended
FR,assurer,Indicatif,Passé Simple,"il (elle, on)",assura,2,reviewed,repo-local legacy seed normalized into curated contract; QA recommended
FR,assurer,Indicatif,Passé Simple,nous,assurâmes,2,reviewed,repo-local legacy seed normalized into curated contract; QA recommended
FR,assurer,Indicatif,Passé Simple,vous,assurâtes,2,reviewed,repo-local legacy seed normalized into curated contract; QA recommended
FR,assurer,Indicatif,Passé Simple,ils (elles),assurèrent,2,reviewed,repo-local legacy seed normalized into curated contract; QA recommended
FR,assurer,Subjonctif,Subjonctif imparfait,je,assurasse,2,reviewed,repo-local legacy seed normalized into curated contract; QA recommended
FR,assurer,Subjonctif,Subjonctif imparfait,tu,assurasses,2,reviewed,repo-local legacy seed normalized into curated contract; QA recommended
FR,assurer,Subjonctif,Subjonctif imparfait,"il (elle, on)",assurât,2,reviewed,repo-local legacy seed normalized into curated contract; QA recommended
FR,assurer,Subjonctif,Subjonctif imparfait,nous,assurassions,2,reviewed,repo-local legacy seed normalized into curated contract; QA recommended
FR,assurer,Subjonctif,Subjonctif imparfait,vous,assurassiez,2,reviewed,repo-local legacy seed normalized into curated contract; QA recommended
FR,assurer,Subjonctif,Subjonctif imparfait,ils (elles),assurassent,2,reviewed,repo-local legacy seed normalized into curated contract; QA recommended
FR,servir,Indicatif,Présent,je,sers,2,reviewed,irregular/compound paradigm patched manually; QA recommended
FR,servir,Indicatif,Présent,tu,sers,2,reviewed,irregular/compound paradigm patched manually; QA recommended
FR,servir,Indicatif,Présent,"il (elle, on)",sert,2,reviewed,irregular/compound paradigm patched manually; QA recommended
FR,servir,Indicatif,Présent,nous,servons,2,reviewed,irregular/compound paradigm patched manually; QA recommended
FR,servir,Indicatif,Présent,vous,servez,2,reviewed,irregular/compound paradigm patched manually; QA recommended
FR,servir,Indicatif,Présent,ils (elles),servent,2,reviewed,irregular/compound paradigm patched manually; QA recommended
FR,servir,Indicatif,Futur,je,servirai,2,reviewed,irregular/compound paradigm patched manually; QA recommended
FR,servir,Indicatif,Futur,tu,serviras,2,reviewed,irregular/compound paradigm patched manually; QA recommended
FR,servir,Indicatif,Futur,"il (elle, on)",servira,2,reviewed,irregular/compound paradigm patched manually; QA recommended
FR,servir,Indicatif,Futur,nous,servirons,2,reviewed,irregular/compound paradigm patched manually; QA recommended
FR,servir,Indicatif,Futur,vous,servirez,2,reviewed,irregular/compound paradigm patched manually; QA recommended
FR,servir,Indicatif,Futur,ils (elles),serviront,2,reviewed,irregular/compound paradigm patched manually; QA recommended
FR,servir,Indicatif,Passé composé,je,ai servi,2,reviewed,irregular/compound paradigm patched manually; QA recommended
FR,servir,Indicatif,Passé composé,tu,as servi,2,reviewed,irregular/compound paradigm patched manually; QA recommended
FR,servir,Indicatif,Passé composé,"il (elle, on)",a servi,2,reviewed,irregular/compound paradigm patched manually; QA recommended
FR,servir,Indicatif,Passé composé,nous,avons servi,2,reviewed,irregular/compound paradigm patched manually; QA recommended
FR,servir,Indicatif,Passé composé,vous,avez servi,2,reviewed,irregular/compound paradigm patched manually; QA recommended
FR,servir,Indicatif,Passé composé,ils (elles),ont servi,2,reviewed,irregular/compound paradigm patched manually; QA recommended
FR,servir,Indicatif,Imparfait,je,servais,2,reviewed,irregular/compound paradigm patched manually; QA recommended
FR,servir,Indicatif,Imparfait,tu,servais,2,reviewed,irregular/compound paradigm patched manually; QA recommended
FR,servir,Indicatif,Imparfait,"il (elle, on)",servait,2,reviewed,irregular/compound paradigm patched manually; QA recommended
FR,servir,Indicatif,Imparfait,nous,servions,2,reviewed,irregular/compound paradigm patched manually; QA recommended
FR,servir,Indicatif,Imparfait,vous,serviez,2,reviewed,irregular/compound paradigm patched manually; QA recommended
FR,servir,Indicatif,Imparfait,ils (elles),servaient,2,reviewed,irregular/compound paradigm patched manually; QA recommended
FR,servir,Conditionnel,Conditionnel présent,je,servirais,2,reviewed,irregular/compound paradigm patched manually; QA recommended
FR,servir,Conditionnel,Conditionnel présent,tu,servirais,2,reviewed,irregular/compound paradigm patched manually; QA recommended
FR,servir,Conditionnel,Conditionnel présent,"il (elle, on)",servirait,2,reviewed,irregular/compound paradigm patched manually; QA recommended
FR,servir,Conditionnel,Conditionnel présent,nous,servirions,2,reviewed,irregular/compound paradigm patched manually; QA recommended
FR,servir,Conditionnel,Conditionnel présent,vous,serviriez,2,reviewed,irregular/compound paradigm patched manually; QA recommended
FR,servir,Conditionnel,Conditionnel présent,ils (elles),serviraient,2,reviewed,irregular/compound paradigm patched manually; QA recommended
FR,servir,Impératif,Impératif,je,-,2,reviewed,irregular/compound paradigm patched manually; QA recommended; French imperative only uses tu / nous / vous; placeholder - used for unsupported slot
FR,servir,Impératif,Impératif,tu,sers,2,reviewed,irregular/compound paradigm patched manually; QA recommended
FR,servir,Impératif,Impératif,"il (elle, on)",-,2,reviewed,irregular/compound paradigm patched manually; QA recommended; French imperative only uses tu / nous / vous; placeholder - used for unsupported slot
FR,servir,Impératif,Impératif,nous,servons,2,reviewed,irregular/compound paradigm patched manually; QA recommended
FR,servir,Impératif,Impératif,vous,servez,2,reviewed,irregular/compound paradigm patched manually; QA recommended
FR,servir,Impératif,Impératif,ils (elles),-,2,reviewed,irregular/compound paradigm patched manually; QA recommended; French imperative only uses tu / nous / vous; placeholder - used for unsupported slot
FR,servir,Subjonctif,Subjonctif présent,je,serve,2,reviewed,irregular/compound paradigm patched manually; QA recommended
FR,servir,Subjonctif,Subjonctif présent,tu,serves,2,reviewed,irregular/compound paradigm patched manually; QA recommended
FR,servir,Subjonctif,Subjonctif présent,"il (elle, on)",serve,2,reviewed,irregular/compound paradigm patched manually; QA recommended
FR,servir,Subjonctif,Subjonctif présent,nous,servions,2,reviewed,irregular/compound paradigm patched manually; QA recommended
FR,servir,Subjonctif,Subjonctif présent,vous,serviez,2,reviewed,irregular/compound paradigm patched manually; QA recommended
FR,servir,Subjonctif,Subjonctif présent,ils (elles),servent,2,reviewed,irregular/compound paradigm patched manually; QA recommended
FR,servir,Indicatif,Passé Simple,je,servis,2,reviewed,irregular/compound paradigm patched manually; QA recommended
FR,servir,Indicatif,Passé Simple,tu,servis,2,reviewed,irregular/compound paradigm patched manually; QA recommended
FR,servir,Indicatif,Passé Simple,"il (elle, on)",servit,2,reviewed,irregular/compound paradigm patched manually; QA recommended
FR,servir,Indicatif,Passé Simple,nous,servîmes,2,reviewed,irregular/compound paradigm patched manually; QA recommended
FR,servir,Indicatif,Passé Simple,vous,servîtes,2,reviewed,irregular/compound paradigm patched manually; QA recommended
FR,servir,Indicatif,Passé Simple,ils (elles),servirent,2,reviewed,irregular/compound paradigm patched manually; QA recommended
FR,servir,Subjonctif,Subjonctif imparfait,je,servisse,2,reviewed,irregular/compound paradigm patched manually; QA recommended
FR,servir,Subjonctif,Subjonctif imparfait,tu,servisses,2,reviewed,irregular/compound paradigm patched manually; QA recommended
FR,servir,Subjonctif,Subjonctif imparfait,"il (elle, on)",servît,2,reviewed,irregular/compound paradigm patched manually; QA recommended
FR,servir,Subjonctif,Subjonctif imparfait,nous,servissions,2,reviewed,irregular/compound paradigm patched manually; QA recommended
FR,servir,Subjonctif,Subjonctif imparfait,vous,servissiez,2,reviewed,irregular/compound paradigm patched manually; QA recommended
FR,servir,Subjonctif,Subjonctif imparfait,ils (elles),servissent,2,reviewed,irregular/compound paradigm patched manually; QA recommended
FR,porter,Indicatif,Présent,je,porte,2,reviewed,repo-local legacy seed normalized into curated contract; QA recommended
FR,porter,Indicatif,Présent,tu,portes,2,reviewed,repo-local legacy seed normalized into curated contract; QA recommended
FR,porter,Indicatif,Présent,"il (elle, on)",porte,2,reviewed,repo-local legacy seed normalized into curated contract; QA recommended
FR,porter,Indicatif,Présent,nous,portons,2,reviewed,repo-local legacy seed normalized into curated contract; QA recommended
FR,porter,Indicatif,Présent,vous,portez,2,reviewed,repo-local legacy seed normalized into curated contract; QA recommended
FR,porter,Indicatif,Présent,ils (elles),portent,2,reviewed,repo-local legacy seed normalized into curated contract; QA recommended
FR,porter,Indicatif,Futur,je,porterai,2,reviewed,repo-local legacy seed normalized into curated contract; QA recommended
FR,porter,Indicatif,Futur,tu,porteras,2,reviewed,repo-local legacy seed normalized into curated contract; QA recommended
FR,porter,Indicatif,Futur,"il (elle, on)",portera,2,reviewed,repo-local legacy seed normalized into curated contract; QA recommended
FR,porter,Indicatif,Futur,nous,porterons,2,reviewed,repo-local legacy seed normalized into curated contract; QA recommended
FR,porter,Indicatif,Futur,vous,porterez,2,reviewed,repo-local legacy seed normalized into curated contract; QA recommended
FR,porter,Indicatif,Futur,ils (elles),porteront,2,reviewed,repo-local legacy seed normalized into curated contract; QA recommended
FR,porter,Indicatif,Passé composé,je,ai porté,2,reviewed,repo-local legacy seed normalized into curated contract; QA recommended
FR,porter,Indicatif,Passé composé,tu,as porté,2,reviewed,repo-local legacy seed normalized into curated contract; QA recommended
FR,porter,Indicatif,Passé composé,"il (elle, on)",a porté,2,reviewed,repo-local legacy seed normalized into curated contract; QA recommended
FR,porter,Indicatif,Passé composé,nous,avons porté,2,reviewed,repo-local legacy seed normalized into curated contract; QA recommended
FR,porter,Indicatif,Passé composé,vous,avez porté,2,reviewed,repo-local legacy seed normalized into curated contract; QA recommended
FR,porter,Indicatif,Passé composé,ils (elles),ont porté,2,reviewed,repo-local legacy seed normalized into curated contract; QA recommended
FR,porter,Indicatif,Imparfait,je,portais,2,reviewed,repo-local legacy seed normalized into curated contract; QA recommended
FR,porter,Indicatif,Imparfait,tu,portais,2,reviewed,repo-local legacy seed normalized into curated contract; QA recommended
FR,porter,Indicatif,Imparfait,"il (elle, on)",portait,2,reviewed,repo-local legacy seed normalized into curated contract; QA recommended
FR,porter,Indicatif,Imparfait,nous,portions,2,reviewed,repo-local legacy seed normalized into curated contract; QA recommended
FR,porter,Indicatif,Imparfait,vous,portiez,2,reviewed,repo-local legacy seed normalized into curated contract; QA recommended
FR,porter,Indicatif,Imparfait,ils (elles),portaient,2,reviewed,repo-local legacy seed normalized into curated contract; QA recommended
FR,porter,Conditionnel,Conditionnel présent,je,porterais,2,reviewed,repo-local legacy seed normalized into curated contract; QA recommended
FR,porter,Conditionnel,Conditionnel présent,tu,porterais,2,reviewed,repo-local legacy seed normalized into curated contract; QA recommended
FR,porter,Conditionnel,Conditionnel présent,"il (elle, on)",porterait,2,reviewed,repo-local legacy seed normalized into curated contract; QA recommended
FR,porter,Conditionnel,Conditionnel présent,nous,porterions,2,reviewed,repo-local legacy seed normalized into curated contract; QA recommended
FR,porter,Conditionnel,Conditionnel présent,vous,porteriez,2,reviewed,repo-local legacy seed normalized into curated contract; QA recommended
FR,porter,Conditionnel,Conditionnel présent,ils (elles),porteraient,2,reviewed,repo-local legacy seed normalized into curated contract; QA recommended
FR,porter,Impératif,Impératif,je,-,2,reviewed,repo-local legacy seed normalized into curated contract; QA recommended; French imperative only uses tu / nous / vous; placeholder - used for unsupported slot
FR,porter,Impératif,Impératif,tu,porte,2,reviewed,repo-local legacy seed normalized into curated contract; QA recommended
FR,porter,Impératif,Impératif,"il (elle, on)",-,2,reviewed,repo-local legacy seed normalized into curated contract; QA recommended; French imperative only uses tu / nous / vous; placeholder - used for unsupported slot
FR,porter,Impératif,Impératif,nous,portons,2,reviewed,repo-local legacy seed normalized into curated contract; QA recommended
FR,porter,Impératif,Impératif,vous,portez,2,reviewed,repo-local legacy seed normalized into curated contract; QA recommended
FR,porter,Impératif,Impératif,ils (elles),-,2,reviewed,repo-local legacy seed normalized into curated contract; QA recommended; French imperative only uses tu / nous / vous; placeholder - used for unsupported slot
FR,porter,Subjonctif,Subjonctif présent,je,porte,2,reviewed,repo-local legacy seed normalized into curated contract; QA recommended
FR,porter,Subjonctif,Subjonctif présent,tu,portes,2,reviewed,repo-local legacy seed normalized into curated contract; QA recommended
FR,porter,Subjonctif,Subjonctif présent,"il (elle, on)",porte,2,reviewed,repo-local legacy seed normalized into curated contract; QA recommended
FR,porter,Subjonctif,Subjonctif présent,nous,portions,2,reviewed,repo-local legacy seed normalized into curated contract; QA recommended
FR,porter,Subjonctif,Subjonctif présent,vous,portiez,2,reviewed,repo-local legacy seed normalized into curated contract; QA recommended
FR,porter,Subjonctif,Subjonctif présent,ils (elles),portent,2,reviewed,repo-local legacy seed normalized into curated contract; QA recommended
FR,porter,Indicatif,Passé Simple,je,portai,2,reviewed,repo-local legacy seed normalized into curated contract; QA recommended
FR,porter,Indicatif,Passé Simple,tu,portas,2,reviewed,repo-local legacy seed normalized into curated contract; QA recommended
FR,porter,Indicatif,Passé Simple,"il (elle, on)",porta,2,reviewed,repo-local legacy seed normalized into curated contract; QA recommended
FR,porter,Indicatif,Passé Simple,nous,portâmes,2,reviewed,repo-local legacy seed normalized into curated contract; QA recommended
FR,porter,Indicatif,Passé Simple,vous,portâtes,2,reviewed,repo-local legacy seed normalized into curated contract; QA recommended
FR,porter,Indicatif,Passé Simple,ils (elles),portèrent,2,reviewed,repo-local legacy seed normalized into curated contract; QA recommended
FR,porter,Subjonctif,Subjonctif imparfait,je,portasse,2,reviewed,repo-local legacy seed normalized into curated contract; QA recommended
FR,porter,Subjonctif,Subjonctif imparfait,tu,portasses,2,reviewed,repo-local legacy seed normalized into curated contract; QA recommended
FR,porter,Subjonctif,Subjonctif imparfait,"il (elle, on)",portât,2,reviewed,repo-local legacy seed normalized into curated contract; QA recommended
FR,porter,Subjonctif,Subjonctif imparfait,nous,portassions,2,reviewed,repo-local legacy seed normalized into curated contract; QA recommended
FR,porter,Subjonctif,Subjonctif imparfait,vous,portassiez,2,reviewed,repo-local legacy seed normalized into curated contract; QA recommended
FR,porter,Subjonctif,Subjonctif imparfait,ils (elles),portassent,2,reviewed,repo-local legacy seed normalized into curated contract; QA recommended
FR,montrer,Indicatif,Présent,je,montre,2,reviewed,repo-local legacy seed normalized into curated contract; QA recommended
FR,montrer,Indicatif,Présent,tu,montres,2,reviewed,repo-local legacy seed normalized into curated contract; QA recommended
FR,montrer,Indicatif,Présent,"il (elle, on)",montre,2,reviewed,repo-local legacy seed normalized into curated contract; QA recommended
FR,montrer,Indicatif,Présent,nous,montrons,2,reviewed,repo-local legacy seed normalized into curated contract; QA recommended
FR,montrer,Indicatif,Présent,vous,montrez,2,reviewed,repo-local legacy seed normalized into curated contract; QA recommended
FR,montrer,Indicatif,Présent,ils (elles),montrent,2,reviewed,repo-local legacy seed normalized into curated contract; QA recommended
FR,montrer,Indicatif,Futur,je,montrerai,2,reviewed,repo-local legacy seed normalized into curated contract; QA recommended
FR,montrer,Indicatif,Futur,tu,montreras,2,reviewed,repo-local legacy seed normalized into curated contract; QA recommended
FR,montrer,Indicatif,Futur,"il (elle, on)",montrera,2,reviewed,repo-local legacy seed normalized into curated contract; QA recommended
FR,montrer,Indicatif,Futur,nous,montrerons,2,reviewed,repo-local legacy seed normalized into curated contract; QA recommended
FR,montrer,Indicatif,Futur,vous,montrerez,2,reviewed,repo-local legacy seed normalized into curated contract; QA recommended
FR,montrer,Indicatif,Futur,ils (elles),montreront,2,reviewed,repo-local legacy seed normalized into curated contract; QA recommended
FR,montrer,Indicatif,Passé composé,je,ai montré,2,reviewed,repo-local legacy seed normalized into curated contract; QA recommended
FR,montrer,Indicatif,Passé composé,tu,as montré,2,reviewed,repo-local legacy seed normalized into curated contract; QA recommended
FR,montrer,Indicatif,Passé composé,"il (elle, on)",a montré,2,reviewed,repo-local legacy seed normalized into curated contract; QA recommended
FR,montrer,Indicatif,Passé composé,nous,avons montré,2,reviewed,repo-local legacy seed normalized into curated contract; QA recommended
FR,montrer,Indicatif,Passé composé,vous,avez montré,2,reviewed,repo-local legacy seed normalized into curated contract; QA recommended
FR,montrer,Indicatif,Passé composé,ils (elles),ont montré,2,reviewed,repo-local legacy seed normalized into curated contract; QA recommended
FR,montrer,Indicatif,Imparfait,je,montrais,2,reviewed,repo-local legacy seed normalized into curated contract; QA recommended
FR,montrer,Indicatif,Imparfait,tu,montrais,2,reviewed,repo-local legacy seed normalized into curated contract; QA recommended
FR,montrer,Indicatif,Imparfait,"il (elle, on)",montrait,2,reviewed,repo-local legacy seed normalized into curated contract; QA recommended
FR,montrer,Indicatif,Imparfait,nous,montrions,2,reviewed,repo-local legacy seed normalized into curated contract; QA recommended
FR,montrer,Indicatif,Imparfait,vous,montriez,2,reviewed,repo-local legacy seed normalized into curated contract; QA recommended
FR,montrer,Indicatif,Imparfait,ils (elles),montraient,2,reviewed,repo-local legacy seed normalized into curated contract; QA recommended
FR,montrer,Conditionnel,Conditionnel présent,je,montrerais,2,reviewed,repo-local legacy seed normalized into curated contract; QA recommended
FR,montrer,Conditionnel,Conditionnel présent,tu,montrerais,2,reviewed,repo-local legacy seed normalized into curated contract; QA recommended
FR,montrer,Conditionnel,Conditionnel présent,"il (elle, on)",montrerait,2,reviewed,repo-local legacy seed normalized into curated contract; QA recommended
FR,montrer,Conditionnel,Conditionnel présent,nous,montrerions,2,reviewed,repo-local legacy seed normalized into curated contract; QA recommended
FR,montrer,Conditionnel,Conditionnel présent,vous,montreriez,2,reviewed,repo-local legacy seed normalized into curated contract; QA recommended
FR,montrer,Conditionnel,Conditionnel présent,ils (elles),montreraient,2,reviewed,repo-local legacy seed normalized into curated contract; QA recommended
FR,montrer,Impératif,Impératif,je,-,2,reviewed,repo-local legacy seed normalized into curated contract; QA recommended; French imperative only uses tu / nous / vous; placeholder - used for unsupported slot
FR,montrer,Impératif,Impératif,tu,montre,2,reviewed,repo-local legacy seed normalized into curated contract; QA recommended
FR,montrer,Impératif,Impératif,"il (elle, on)",-,2,reviewed,repo-local legacy seed normalized into curated contract; QA recommended; French imperative only uses tu / nous / vous; placeholder - used for unsupported slot
FR,montrer,Impératif,Impératif,nous,montrons,2,reviewed,repo-local legacy seed normalized into curated contract; QA recommended
FR,montrer,Impératif,Impératif,vous,montrez,2,reviewed,repo-local legacy seed normalized into curated contract; QA recommended
FR,montrer,Impératif,Impératif,ils (elles),-,2,reviewed,repo-local legacy seed normalized into curated contract; QA recommended; French imperative only uses tu / nous / vous; placeholder - used for unsupported slot
FR,montrer,Subjonctif,Subjonctif présent,je,montre,2,reviewed,repo-local legacy seed normalized into curated contract; QA recommended
FR,montrer,Subjonctif,Subjonctif présent,tu,montres,2,reviewed,repo-local legacy seed normalized into curated contract; QA recommended
FR,montrer,Subjonctif,Subjonctif présent,"il (elle, on)",montre,2,reviewed,repo-local legacy seed normalized into curated contract; QA recommended
FR,montrer,Subjonctif,Subjonctif présent,nous,montrions,2,reviewed,repo-local legacy seed normalized into curated contract; QA recommended
FR,montrer,Subjonctif,Subjonctif présent,vous,montriez,2,reviewed,repo-local legacy seed normalized into curated contract; QA recommended
FR,montrer,Subjonctif,Subjonctif présent,ils (elles),montrent,2,reviewed,repo-local legacy seed normalized into curated contract; QA recommended
FR,montrer,Indicatif,Passé Simple,je,montrai,2,reviewed,repo-local legacy seed normalized into curated contract; QA recommended
FR,montrer,Indicatif,Passé Simple,tu,montras,2,reviewed,repo-local legacy seed normalized into curated contract; QA recommended
FR,montrer,Indicatif,Passé Simple,"il (elle, on)",montra,2,reviewed,repo-local legacy seed normalized into curated contract; QA recommended
FR,montrer,Indicatif,Passé Simple,nous,montrâmes,2,reviewed,repo-local legacy seed normalized into curated contract; QA recommended
FR,montrer,Indicatif,Passé Simple,vous,montrâtes,2,reviewed,repo-local legacy seed normalized into curated contract; QA recommended
FR,montrer,Indicatif,Passé Simple,ils (elles),montrèrent,2,reviewed,repo-local legacy seed normalized into curated contract; QA recommended
FR,montrer,Subjonctif,Subjonctif imparfait,je,montrasse,2,reviewed,repo-local legacy seed normalized into curated contract; QA recommended
FR,montrer,Subjonctif,Subjonctif imparfait,tu,montrasses,2,reviewed,repo-local legacy seed normalized into curated contract; QA recommended
FR,montrer,Subjonctif,Subjonctif imparfait,"il (elle, on)",montrât,2,reviewed,repo-local legacy seed normalized into curated contract; QA recommended
FR,montrer,Subjonctif,Subjonctif imparfait,nous,montrassions,2,reviewed,repo-local legacy seed normalized into curated contract; QA recommended
FR,montrer,Subjonctif,Subjonctif imparfait,vous,montrassiez,2,reviewed,repo-local legacy seed normalized into curated contract; QA recommended
FR,montrer,Subjonctif,Subjonctif imparfait,ils (elles),montrassent,2,reviewed,repo-local legacy seed normalized into curated contract; QA recommended
FR,éviter,Indicatif,Présent,je,évite,2,reviewed,repo-local legacy seed normalized into curated contract; QA recommended
FR,éviter,Indicatif,Présent,tu,évites,2,reviewed,repo-local legacy seed normalized into curated contract; QA recommended
FR,éviter,Indicatif,Présent,"il (elle, on)",évite,2,reviewed,repo-local legacy seed normalized into curated contract; QA recommended
FR,éviter,Indicatif,Présent,nous,évitons,2,reviewed,repo-local legacy seed normalized into curated contract; QA recommended
FR,éviter,Indicatif,Présent,vous,évitez,2,reviewed,repo-local legacy seed normalized into curated contract; QA recommended
FR,éviter,Indicatif,Présent,ils (elles),évitent,2,reviewed,repo-local legacy seed normalized into curated contract; QA recommended
FR,éviter,Indicatif,Futur,je,éviterai,2,reviewed,repo-local legacy seed normalized into curated contract; QA recommended
FR,éviter,Indicatif,Futur,tu,éviteras,2,reviewed,repo-local legacy seed normalized into curated contract; QA recommended
FR,éviter,Indicatif,Futur,"il (elle, on)",évitera,2,reviewed,repo-local legacy seed normalized into curated contract; QA recommended
FR,éviter,Indicatif,Futur,nous,éviterons,2,reviewed,repo-local legacy seed normalized into curated contract; QA recommended
FR,éviter,Indicatif,Futur,vous,éviterez,2,reviewed,repo-local legacy seed normalized into curated contract; QA recommended
FR,éviter,Indicatif,Futur,ils (elles),éviteront,2,reviewed,repo-local legacy seed normalized into curated contract; QA recommended
FR,éviter,Indicatif,Passé composé,je,ai évité,2,reviewed,repo-local legacy seed normalized into curated contract; QA recommended
FR,éviter,Indicatif,Passé composé,tu,as évité,2,reviewed,repo-local legacy seed normalized into curated contract; QA recommended
FR,éviter,Indicatif,Passé composé,"il (elle, on)",a évité,2,reviewed,repo-local legacy seed normalized into curated contract; QA recommended
FR,éviter,Indicatif,Passé composé,nous,avons évité,2,reviewed,repo-local legacy seed normalized into curated contract; QA recommended
FR,éviter,Indicatif,Passé composé,vous,avez évité,2,reviewed,repo-local legacy seed normalized into curated contract; QA recommended
FR,éviter,Indicatif,Passé composé,ils (elles),ont évité,2,reviewed,repo-local legacy seed normalized into curated contract; QA recommended
FR,éviter,Indicatif,Imparfait,je,évitais,2,reviewed,repo-local legacy seed normalized into curated contract; QA recommended
FR,éviter,Indicatif,Imparfait,tu,évitais,2,reviewed,repo-local legacy seed normalized into curated contract; QA recommended
FR,éviter,Indicatif,Imparfait,"il (elle, on)",évitait,2,reviewed,repo-local legacy seed normalized into curated contract; QA recommended
FR,éviter,Indicatif,Imparfait,nous,évitions,2,reviewed,repo-local legacy seed normalized into curated contract; QA recommended
FR,éviter,Indicatif,Imparfait,vous,évitiez,2,reviewed,repo-local legacy seed normalized into curated contract; QA recommended
FR,éviter,Indicatif,Imparfait,ils (elles),évitaient,2,reviewed,repo-local legacy seed normalized into curated contract; QA recommended
FR,éviter,Conditionnel,Conditionnel présent,je,éviterais,2,reviewed,repo-local legacy seed normalized into curated contract; QA recommended
FR,éviter,Conditionnel,Conditionnel présent,tu,éviterais,2,reviewed,repo-local legacy seed normalized into curated contract; QA recommended
FR,éviter,Conditionnel,Conditionnel présent,"il (elle, on)",éviterait,2,reviewed,repo-local legacy seed normalized into curated contract; QA recommended
FR,éviter,Conditionnel,Conditionnel présent,nous,éviterions,2,reviewed,repo-local legacy seed normalized into curated contract; QA recommended
FR,éviter,Conditionnel,Conditionnel présent,vous,éviteriez,2,reviewed,repo-local legacy seed normalized into curated contract; QA recommended
FR,éviter,Conditionnel,Conditionnel présent,ils (elles),éviteraient,2,reviewed,repo-local legacy seed normalized into curated contract; QA recommended
FR,éviter,Impératif,Impératif,je,-,2,reviewed,repo-local legacy seed normalized into curated contract; QA recommended; French imperative only uses tu / nous / vous; placeholder - used for unsupported slot
FR,éviter,Impératif,Impératif,tu,évite,2,reviewed,repo-local legacy seed normalized into curated contract; QA recommended
FR,éviter,Impératif,Impératif,"il (elle, on)",-,2,reviewed,repo-local legacy seed normalized into curated contract; QA recommended; French imperative only uses tu / nous / vous; placeholder - used for unsupported slot
FR,éviter,Impératif,Impératif,nous,évitons,2,reviewed,repo-local legacy seed normalized into curated contract; QA recommended
FR,éviter,Impératif,Impératif,vous,évitez,2,reviewed,repo-local legacy seed normalized into curated contract; QA recommended
FR,éviter,Impératif,Impératif,ils (elles),-,2,reviewed,repo-local legacy seed normalized into curated contract; QA recommended; French imperative only uses tu / nous / vous; placeholder - used for unsupported slot
FR,éviter,Subjonctif,Subjonctif présent,je,évite,2,reviewed,repo-local legacy seed normalized into curated contract; QA recommended
FR,éviter,Subjonctif,Subjonctif présent,tu,évites,2,reviewed,repo-local legacy seed normalized into curated contract; QA recommended
FR,éviter,Subjonctif,Subjonctif présent,"il (elle, on)",évite,2,reviewed,repo-local legacy seed normalized into curated contract; QA recommended
FR,éviter,Subjonctif,Subjonctif présent,nous,évitions,2,reviewed,repo-local legacy seed normalized into curated contract; QA recommended
FR,éviter,Subjonctif,Subjonctif présent,vous,évitiez,2,reviewed,repo-local legacy seed normalized into curated contract; QA recommended
FR,éviter,Subjonctif,Subjonctif présent,ils (elles),évitent,2,reviewed,repo-local legacy seed normalized into curated contract; QA recommended
FR,éviter,Indicatif,Passé Simple,je,évitai,2,reviewed,repo-local legacy seed normalized into curated contract; QA recommended
FR,éviter,Indicatif,Passé Simple,tu,évitas,2,reviewed,repo-local legacy seed normalized into curated contract; QA recommended
FR,éviter,Indicatif,Passé Simple,"il (elle, on)",évita,2,reviewed,repo-local legacy seed normalized into curated contract; QA recommended
FR,éviter,Indicatif,Passé Simple,nous,évitâmes,2,reviewed,repo-local legacy seed normalized into curated contract; QA recommended
FR,éviter,Indicatif,Passé Simple,vous,évitâtes,2,reviewed,repo-local legacy seed normalized into curated contract; QA recommended
FR,éviter,Indicatif,Passé Simple,ils (elles),évitèrent,2,reviewed,repo-local legacy seed normalized into curated contract; QA recommended
FR,éviter,Subjonctif,Subjonctif imparfait,je,évitasse,2,reviewed,repo-local legacy seed normalized into curated contract; QA recommended
FR,éviter,Subjonctif,Subjonctif imparfait,tu,évitasses,2,reviewed,repo-local legacy seed normalized into curated contract; QA recommended
FR,éviter,Subjonctif,Subjonctif imparfait,"il (elle, on)",évitât,2,reviewed,repo-local legacy seed normalized into curated contract; QA recommended
FR,éviter,Subjonctif,Subjonctif imparfait,nous,évitassions,2,reviewed,repo-local legacy seed normalized into curated contract; QA recommended
FR,éviter,Subjonctif,Subjonctif imparfait,vous,évitassiez,2,reviewed,repo-local legacy seed normalized into curated contract; QA recommended
FR,éviter,Subjonctif,Subjonctif imparfait,ils (elles),évitassent,2,reviewed,repo-local legacy seed normalized into curated contract; QA recommended
FR,arriver,Indicatif,Présent,je,arrive,2,reviewed,irregular/compound paradigm patched manually; QA recommended
FR,arriver,Indicatif,Présent,tu,arrives,2,reviewed,irregular/compound paradigm patched manually; QA recommended
FR,arriver,Indicatif,Présent,"il (elle, on)",arrive,2,reviewed,irregular/compound paradigm patched manually; QA recommended
FR,arriver,Indicatif,Présent,nous,arrivons,2,reviewed,irregular/compound paradigm patched manually; QA recommended
FR,arriver,Indicatif,Présent,vous,arrivez,2,reviewed,irregular/compound paradigm patched manually; QA recommended
FR,arriver,Indicatif,Présent,ils (elles),arrivent,2,reviewed,irregular/compound paradigm patched manually; QA recommended
FR,arriver,Indicatif,Futur,je,arriverai,2,reviewed,irregular/compound paradigm patched manually; QA recommended
FR,arriver,Indicatif,Futur,tu,arriveras,2,reviewed,irregular/compound paradigm patched manually; QA recommended
FR,arriver,Indicatif,Futur,"il (elle, on)",arrivera,2,reviewed,irregular/compound paradigm patched manually; QA recommended
FR,arriver,Indicatif,Futur,nous,arriverons,2,reviewed,irregular/compound paradigm patched manually; QA recommended
FR,arriver,Indicatif,Futur,vous,arriverez,2,reviewed,irregular/compound paradigm patched manually; QA recommended
FR,arriver,Indicatif,Futur,ils (elles),arriveront,2,reviewed,irregular/compound paradigm patched manually; QA recommended
FR,arriver,Indicatif,Passé composé,je,suis arrivé(e),2,reviewed,irregular/compound paradigm patched manually; QA recommended
FR,arriver,Indicatif,Passé composé,tu,es arrivé(e),2,reviewed,irregular/compound paradigm patched manually; QA recommended
FR,arriver,Indicatif,Passé composé,"il (elle, on)",est arrivé(e),2,reviewed,irregular/compound paradigm patched manually; QA recommended
FR,arriver,Indicatif,Passé composé,nous,sommes arrivé(e)s,2,reviewed,irregular/compound paradigm patched manually; QA recommended
FR,arriver,Indicatif,Passé composé,vous,êtes arrivé(e)(s),2,reviewed,irregular/compound paradigm patched manually; QA recommended
FR,arriver,Indicatif,Passé composé,ils (elles),sont arrivé(e)s,2,reviewed,irregular/compound paradigm patched manually; QA recommended
FR,arriver,Indicatif,Imparfait,je,arrivais,2,reviewed,irregular/compound paradigm patched manually; QA recommended
FR,arriver,Indicatif,Imparfait,tu,arrivais,2,reviewed,irregular/compound paradigm patched manually; QA recommended
FR,arriver,Indicatif,Imparfait,"il (elle, on)",arrivait,2,reviewed,irregular/compound paradigm patched manually; QA recommended
FR,arriver,Indicatif,Imparfait,nous,arrivions,2,reviewed,irregular/compound paradigm patched manually; QA recommended
FR,arriver,Indicatif,Imparfait,vous,arriviez,2,reviewed,irregular/compound paradigm patched manually; QA recommended
FR,arriver,Indicatif,Imparfait,ils (elles),arrivaient,2,reviewed,irregular/compound paradigm patched manually; QA recommended
FR,arriver,Conditionnel,Conditionnel présent,je,arriverais,2,reviewed,irregular/compound paradigm patched manually; QA recommended
FR,arriver,Conditionnel,Conditionnel présent,tu,arriverais,2,reviewed,irregular/compound paradigm patched manually; QA recommended
FR,arriver,Conditionnel,Conditionnel présent,"il (elle, on)",arriverait,2,reviewed,irregular/compound paradigm patched manually; QA recommended
FR,arriver,Conditionnel,Conditionnel présent,nous,arriverions,2,reviewed,irregular/compound paradigm patched manually; QA recommended
FR,arriver,Conditionnel,Conditionnel présent,vous,arriveriez,2,reviewed,irregular/compound paradigm patched manually; QA recommended
FR,arriver,Conditionnel,Conditionnel présent,ils (elles),arriveraient,2,reviewed,irregular/compound paradigm patched manually; QA recommended
FR,arriver,Impératif,Impératif,je,-,2,reviewed,irregular/compound paradigm patched manually; QA recommended; French imperative only uses tu / nous / vous; placeholder - used for unsupported slot
FR,arriver,Impératif,Impératif,tu,arrive,2,reviewed,irregular/compound paradigm patched manually; QA recommended
FR,arriver,Impératif,Impératif,"il (elle, on)",-,2,reviewed,irregular/compound paradigm patched manually; QA recommended; French imperative only uses tu / nous / vous; placeholder - used for unsupported slot
FR,arriver,Impératif,Impératif,nous,arrivons,2,reviewed,irregular/compound paradigm patched manually; QA recommended
FR,arriver,Impératif,Impératif,vous,arrivez,2,reviewed,irregular/compound paradigm patched manually; QA recommended
FR,arriver,Impératif,Impératif,ils (elles),-,2,reviewed,irregular/compound paradigm patched manually; QA recommended; French imperative only uses tu / nous / vous; placeholder - used for unsupported slot
FR,arriver,Subjonctif,Subjonctif présent,je,arrive,2,reviewed,irregular/compound paradigm patched manually; QA recommended
FR,arriver,Subjonctif,Subjonctif présent,tu,arrives,2,reviewed,irregular/compound paradigm patched manually; QA recommended
FR,arriver,Subjonctif,Subjonctif présent,"il (elle, on)",arrive,2,reviewed,irregular/compound paradigm patched manually; QA recommended
FR,arriver,Subjonctif,Subjonctif présent,nous,arrivions,2,reviewed,irregular/compound paradigm patched manually; QA recommended
FR,arriver,Subjonctif,Subjonctif présent,vous,arriviez,2,reviewed,irregular/compound paradigm patched manually; QA recommended
FR,arriver,Subjonctif,Subjonctif présent,ils (elles),arrivent,2,reviewed,irregular/compound paradigm patched manually; QA recommended
FR,arriver,Indicatif,Passé Simple,je,arrivai,2,reviewed,irregular/compound paradigm patched manually; QA recommended
FR,arriver,Indicatif,Passé Simple,tu,arrivas,2,reviewed,irregular/compound paradigm patched manually; QA recommended
FR,arriver,Indicatif,Passé Simple,"il (elle, on)",arriva,2,reviewed,irregular/compound paradigm patched manually; QA recommended
FR,arriver,Indicatif,Passé Simple,nous,arrivâmes,2,reviewed,irregular/compound paradigm patched manually; QA recommended
FR,arriver,Indicatif,Passé Simple,vous,arrivâtes,2,reviewed,irregular/compound paradigm patched manually; QA recommended
FR,arriver,Indicatif,Passé Simple,ils (elles),arrivèrent,2,reviewed,irregular/compound paradigm patched manually; QA recommended
FR,arriver,Subjonctif,Subjonctif imparfait,je,arrivasse,2,reviewed,irregular/compound paradigm patched manually; QA recommended
FR,arriver,Subjonctif,Subjonctif imparfait,tu,arrivasses,2,reviewed,irregular/compound paradigm patched manually; QA recommended
FR,arriver,Subjonctif,Subjonctif imparfait,"il (elle, on)",arrivât,2,reviewed,irregular/compound paradigm patched manually; QA recommended
FR,arriver,Subjonctif,Subjonctif imparfait,nous,arrivassions,2,reviewed,irregular/compound paradigm patched manually; QA recommended
FR,arriver,Subjonctif,Subjonctif imparfait,vous,arrivassiez,2,reviewed,irregular/compound paradigm patched manually; QA recommended
FR,arriver,Subjonctif,Subjonctif imparfait,ils (elles),arrivassent,2,reviewed,irregular/compound paradigm patched manually; QA recommended
FR,vouloir,Indicatif,Présent,je,veux,2,reviewed,irregular/compound paradigm patched manually; QA recommended
FR,vouloir,Indicatif,Présent,tu,veux,2,reviewed,irregular/compound paradigm patched manually; QA recommended
FR,vouloir,Indicatif,Présent,"il (elle, on)",veut,2,reviewed,irregular/compound paradigm patched manually; QA recommended
FR,vouloir,Indicatif,Présent,nous,voulons,2,reviewed,irregular/compound paradigm patched manually; QA recommended
FR,vouloir,Indicatif,Présent,vous,voulez,2,reviewed,irregular/compound paradigm patched manually; QA recommended
FR,vouloir,Indicatif,Présent,ils (elles),veulent,2,reviewed,irregular/compound paradigm patched manually; QA recommended
FR,vouloir,Indicatif,Futur,je,voudrai,2,reviewed,irregular/compound paradigm patched manually; QA recommended
FR,vouloir,Indicatif,Futur,tu,voudras,2,reviewed,irregular/compound paradigm patched manually; QA recommended
FR,vouloir,Indicatif,Futur,"il (elle, on)",voudra,2,reviewed,irregular/compound paradigm patched manually; QA recommended
FR,vouloir,Indicatif,Futur,nous,voudrons,2,reviewed,irregular/compound paradigm patched manually; QA recommended
FR,vouloir,Indicatif,Futur,vous,voudrez,2,reviewed,irregular/compound paradigm patched manually; QA recommended
FR,vouloir,Indicatif,Futur,ils (elles),voudront,2,reviewed,irregular/compound paradigm patched manually; QA recommended
FR,vouloir,Indicatif,Passé composé,je,ai voulu,2,reviewed,irregular/compound paradigm patched manually; QA recommended
FR,vouloir,Indicatif,Passé composé,tu,as voulu,2,reviewed,irregular/compound paradigm patched manually; QA recommended
FR,vouloir,Indicatif,Passé composé,"il (elle, on)",a voulu,2,reviewed,irregular/compound paradigm patched manually; QA recommended
FR,vouloir,Indicatif,Passé composé,nous,avons voulu,2,reviewed,irregular/compound paradigm patched manually; QA recommended
FR,vouloir,Indicatif,Passé composé,vous,avez voulu,2,reviewed,irregular/compound paradigm patched manually; QA recommended
FR,vouloir,Indicatif,Passé composé,ils (elles),ont voulu,2,reviewed,irregular/compound paradigm patched manually; QA recommended
FR,vouloir,Indicatif,Imparfait,je,voulais,2,reviewed,irregular/compound paradigm patched manually; QA recommended
FR,vouloir,Indicatif,Imparfait,tu,voulais,2,reviewed,irregular/compound paradigm patched manually; QA recommended
FR,vouloir,Indicatif,Imparfait,"il (elle, on)",voulait,2,reviewed,irregular/compound paradigm patched manually; QA recommended
FR,vouloir,Indicatif,Imparfait,nous,voulions,2,reviewed,irregular/compound paradigm patched manually; QA recommended
FR,vouloir,Indicatif,Imparfait,vous,vouliez,2,reviewed,irregular/compound paradigm patched manually; QA recommended
FR,vouloir,Indicatif,Imparfait,ils (elles),voulaient,2,reviewed,irregular/compound paradigm patched manually; QA recommended
FR,vouloir,Conditionnel,Conditionnel présent,je,voudrais,2,reviewed,irregular/compound paradigm patched manually; QA recommended
FR,vouloir,Conditionnel,Conditionnel présent,tu,voudrais,2,reviewed,irregular/compound paradigm patched manually; QA recommended
FR,vouloir,Conditionnel,Conditionnel présent,"il (elle, on)",voudrait,2,reviewed,irregular/compound paradigm patched manually; QA recommended
FR,vouloir,Conditionnel,Conditionnel présent,nous,voudrions,2,reviewed,irregular/compound paradigm patched manually; QA recommended
FR,vouloir,Conditionnel,Conditionnel présent,vous,voudriez,2,reviewed,irregular/compound paradigm patched manually; QA recommended
FR,vouloir,Conditionnel,Conditionnel présent,ils (elles),voudraient,2,reviewed,irregular/compound paradigm patched manually; QA recommended
FR,vouloir,Impératif,Impératif,je,-,2,reviewed,irregular/compound paradigm patched manually; QA recommended; French imperative only uses tu / nous / vous; placeholder - used for unsupported slot
FR,vouloir,Impératif,Impératif,tu,veuille,2,reviewed,irregular/compound paradigm patched manually; QA recommended
FR,vouloir,Impératif,Impératif,"il (elle, on)",-,2,reviewed,irregular/compound paradigm patched manually; QA recommended; French imperative only uses tu / nous / vous; placeholder - used for unsupported slot
FR,vouloir,Impératif,Impératif,nous,veuillons,2,reviewed,irregular/compound paradigm patched manually; QA recommended
FR,vouloir,Impératif,Impératif,vous,veuillez,2,reviewed,irregular/compound paradigm patched manually; QA recommended
FR,vouloir,Impératif,Impératif,ils (elles),-,2,reviewed,irregular/compound paradigm patched manually; QA recommended; French imperative only uses tu / nous / vous; placeholder - used for unsupported slot
FR,vouloir,Subjonctif,Subjonctif présent,je,veuille,2,reviewed,irregular/compound paradigm patched manually; QA recommended
FR,vouloir,Subjonctif,Subjonctif présent,tu,veuilles,2,reviewed,irregular/compound paradigm patched manually; QA recommended
FR,vouloir,Subjonctif,Subjonctif présent,"il (elle, on)",veuille,2,reviewed,irregular/compound paradigm patched manually; QA recommended
FR,vouloir,Subjonctif,Subjonctif présent,nous,voulions,2,reviewed,irregular/compound paradigm patched manually; QA recommended
FR,vouloir,Subjonctif,Subjonctif présent,vous,vouliez,2,reviewed,irregular/compound paradigm patched manually; QA recommended
FR,vouloir,Subjonctif,Subjonctif présent,ils (elles),veuillent,2,reviewed,irregular/compound paradigm patched manually; QA recommended
FR,vouloir,Indicatif,Passé Simple,je,voulus,2,reviewed,irregular/compound paradigm patched manually; QA recommended
FR,vouloir,Indicatif,Passé Simple,tu,voulus,2,reviewed,irregular/compound paradigm patched manually; QA recommended
FR,vouloir,Indicatif,Passé Simple,"il (elle, on)",voulut,2,reviewed,irregular/compound paradigm patched manually; QA recommended
FR,vouloir,Indicatif,Passé Simple,nous,voulûmes,2,reviewed,irregular/compound paradigm patched manually; QA recommended
FR,vouloir,Indicatif,Passé Simple,vous,voulûtes,2,reviewed,irregular/compound paradigm patched manually; QA recommended
FR,vouloir,Indicatif,Passé Simple,ils (elles),voulurent,2,reviewed,irregular/compound paradigm patched manually; QA recommended
FR,vouloir,Subjonctif,Subjonctif imparfait,je,voulusse,2,reviewed,irregular/compound paradigm patched manually; QA recommended
FR,vouloir,Subjonctif,Subjonctif imparfait,tu,voulusses,2,reviewed,irregular/compound paradigm patched manually; QA recommended
FR,vouloir,Subjonctif,Subjonctif imparfait,"il (elle, on)",voulût,2,reviewed,irregular/compound paradigm patched manually; QA recommended
FR,vouloir,Subjonctif,Subjonctif imparfait,nous,voulussions,2,reviewed,irregular/compound paradigm patched manually; QA recommended
FR,vouloir,Subjonctif,Subjonctif imparfait,vous,voulussiez,2,reviewed,irregular/compound paradigm patched manually; QA recommended
FR,vouloir,Subjonctif,Subjonctif imparfait,ils (elles),voulussent,2,reviewed,irregular/compound paradigm patched manually; QA recommended
FR,reconnaître,Indicatif,Présent,je,reconnais,2,reviewed,irregular/compound paradigm patched manually; QA recommended
FR,reconnaître,Indicatif,Présent,tu,reconnais,2,reviewed,irregular/compound paradigm patched manually; QA recommended
FR,reconnaître,Indicatif,Présent,"il (elle, on)",reconnaît,2,reviewed,irregular/compound paradigm patched manually; QA recommended
FR,reconnaître,Indicatif,Présent,nous,reconnaissons,2,reviewed,irregular/compound paradigm patched manually; QA recommended
FR,reconnaître,Indicatif,Présent,vous,reconnaissez,2,reviewed,irregular/compound paradigm patched manually; QA recommended
FR,reconnaître,Indicatif,Présent,ils (elles),reconnaissent,2,reviewed,irregular/compound paradigm patched manually; QA recommended
FR,reconnaître,Indicatif,Futur,je,reconnaîtrai,2,reviewed,irregular/compound paradigm patched manually; QA recommended
FR,reconnaître,Indicatif,Futur,tu,reconnaîtras,2,reviewed,irregular/compound paradigm patched manually; QA recommended
FR,reconnaître,Indicatif,Futur,"il (elle, on)",reconnaîtra,2,reviewed,irregular/compound paradigm patched manually; QA recommended
FR,reconnaître,Indicatif,Futur,nous,reconnaîtrons,2,reviewed,irregular/compound paradigm patched manually; QA recommended
FR,reconnaître,Indicatif,Futur,vous,reconnaîtrez,2,reviewed,irregular/compound paradigm patched manually; QA recommended
FR,reconnaître,Indicatif,Futur,ils (elles),reconnaîtront,2,reviewed,irregular/compound paradigm patched manually; QA recommended
FR,reconnaître,Indicatif,Passé composé,je,ai reconnaîtu,2,reviewed,irregular/compound paradigm patched manually; QA recommended
FR,reconnaître,Indicatif,Passé composé,tu,as reconnaîtu,2,reviewed,irregular/compound paradigm patched manually; QA recommended
FR,reconnaître,Indicatif,Passé composé,"il (elle, on)",a reconnaîtu,2,reviewed,irregular/compound paradigm patched manually; QA recommended
FR,reconnaître,Indicatif,Passé composé,nous,avons reconnaîtu,2,reviewed,irregular/compound paradigm patched manually; QA recommended
FR,reconnaître,Indicatif,Passé composé,vous,avez reconnaîtu,2,reviewed,irregular/compound paradigm patched manually; QA recommended
FR,reconnaître,Indicatif,Passé composé,ils (elles),ont reconnaîtu,2,reviewed,irregular/compound paradigm patched manually; QA recommended
FR,reconnaître,Indicatif,Imparfait,je,reconnaissais,2,reviewed,irregular/compound paradigm patched manually; QA recommended
FR,reconnaître,Indicatif,Imparfait,tu,reconnaissais,2,reviewed,irregular/compound paradigm patched manually; QA recommended
FR,reconnaître,Indicatif,Imparfait,"il (elle, on)",reconnaissait,2,reviewed,irregular/compound paradigm patched manually; QA recommended
FR,reconnaître,Indicatif,Imparfait,nous,reconnaissions,2,reviewed,irregular/compound paradigm patched manually; QA recommended
FR,reconnaître,Indicatif,Imparfait,vous,reconnaissiez,2,reviewed,irregular/compound paradigm patched manually; QA recommended
FR,reconnaître,Indicatif,Imparfait,ils (elles),reconnaissaient,2,reviewed,irregular/compound paradigm patched manually; QA recommended
FR,reconnaître,Conditionnel,Conditionnel présent,je,reconnaîtrais,2,reviewed,irregular/compound paradigm patched manually; QA recommended
FR,reconnaître,Conditionnel,Conditionnel présent,tu,reconnaîtrais,2,reviewed,irregular/compound paradigm patched manually; QA recommended
FR,reconnaître,Conditionnel,Conditionnel présent,"il (elle, on)",reconnaîtrait,2,reviewed,irregular/compound paradigm patched manually; QA recommended
FR,reconnaître,Conditionnel,Conditionnel présent,nous,reconnaîtrions,2,reviewed,irregular/compound paradigm patched manually; QA recommended
FR,reconnaître,Conditionnel,Conditionnel présent,vous,reconnaîtriez,2,reviewed,irregular/compound paradigm patched manually; QA recommended
FR,reconnaître,Conditionnel,Conditionnel présent,ils (elles),reconnaîtraient,2,reviewed,irregular/compound paradigm patched manually; QA recommended
FR,reconnaître,Impératif,Impératif,je,-,2,reviewed,irregular/compound paradigm patched manually; QA recommended; French imperative only uses tu / nous / vous; placeholder - used for unsupported slot
FR,reconnaître,Impératif,Impératif,tu,reconnais,2,reviewed,irregular/compound paradigm patched manually; QA recommended
FR,reconnaître,Impératif,Impératif,"il (elle, on)",-,2,reviewed,irregular/compound paradigm patched manually; QA recommended; French imperative only uses tu / nous / vous; placeholder - used for unsupported slot
FR,reconnaître,Impératif,Impératif,nous,reconnaissons,2,reviewed,irregular/compound paradigm patched manually; QA recommended
FR,reconnaître,Impératif,Impératif,vous,reconnaissez,2,reviewed,irregular/compound paradigm patched manually; QA recommended
FR,reconnaître,Impératif,Impératif,ils (elles),-,2,reviewed,irregular/compound paradigm patched manually; QA recommended; French imperative only uses tu / nous / vous; placeholder - used for unsupported slot
FR,reconnaître,Subjonctif,Subjonctif présent,je,reconnaisse,2,reviewed,irregular/compound paradigm patched manually; QA recommended
FR,reconnaître,Subjonctif,Subjonctif présent,tu,reconnaisses,2,reviewed,irregular/compound paradigm patched manually; QA recommended
FR,reconnaître,Subjonctif,Subjonctif présent,"il (elle, on)",reconnaisse,2,reviewed,irregular/compound paradigm patched manually; QA recommended
FR,reconnaître,Subjonctif,Subjonctif présent,nous,reconnaissions,2,reviewed,irregular/compound paradigm patched manually; QA recommended
FR,reconnaître,Subjonctif,Subjonctif présent,vous,reconnaissiez,2,reviewed,irregular/compound paradigm patched manually; QA recommended
FR,reconnaître,Subjonctif,Subjonctif présent,ils (elles),reconnaissent,2,reviewed,irregular/compound paradigm patched manually; QA recommended
FR,reconnaître,Indicatif,Passé Simple,je,reconnus,2,reviewed,irregular/compound paradigm patched manually; QA recommended
FR,reconnaître,Indicatif,Passé Simple,tu,reconnus,2,reviewed,irregular/compound paradigm patched manually; QA recommended
FR,reconnaître,Indicatif,Passé Simple,"il (elle, on)",reconnut,2,reviewed,irregular/compound paradigm patched manually; QA recommended
FR,reconnaître,Indicatif,Passé Simple,nous,reconnûmes,2,reviewed,irregular/compound paradigm patched manually; QA recommended
FR,reconnaître,Indicatif,Passé Simple,vous,reconnûtes,2,reviewed,irregular/compound paradigm patched manually; QA recommended
FR,reconnaître,Indicatif,Passé Simple,ils (elles),reconnurent,2,reviewed,irregular/compound paradigm patched manually; QA recommended
FR,reconnaître,Subjonctif,Subjonctif imparfait,je,reconnusse,2,reviewed,irregular/compound paradigm patched manually; QA recommended
FR,reconnaître,Subjonctif,Subjonctif imparfait,tu,reconnusses,2,reviewed,irregular/compound paradigm patched manually; QA recommended
FR,reconnaître,Subjonctif,Subjonctif imparfait,"il (elle, on)",reconnût,2,reviewed,irregular/compound paradigm patched manually; QA recommended
FR,reconnaître,Subjonctif,Subjonctif imparfait,nous,reconnussions,2,reviewed,irregular/compound paradigm patched manually; QA recommended
FR,reconnaître,Subjonctif,Subjonctif imparfait,vous,reconnussiez,2,reviewed,irregular/compound paradigm patched manually; QA recommended
FR,reconnaître,Subjonctif,Subjonctif imparfait,ils (elles),reconnussent,2,reviewed,irregular/compound paradigm patched manually; QA recommended
FR,monter,Indicatif,Présent,je,monte,2,reviewed,irregular/compound paradigm patched manually; QA recommended
FR,monter,Indicatif,Présent,tu,montes,2,reviewed,irregular/compound paradigm patched manually; QA recommended
FR,monter,Indicatif,Présent,"il (elle, on)",monte,2,reviewed,irregular/compound paradigm patched manually; QA recommended
FR,monter,Indicatif,Présent,nous,montons,2,reviewed,irregular/compound paradigm patched manually; QA recommended
FR,monter,Indicatif,Présent,vous,montez,2,reviewed,irregular/compound paradigm patched manually; QA recommended
FR,monter,Indicatif,Présent,ils (elles),montent,2,reviewed,irregular/compound paradigm patched manually; QA recommended
FR,monter,Indicatif,Futur,je,monterai,2,reviewed,irregular/compound paradigm patched manually; QA recommended
FR,monter,Indicatif,Futur,tu,monteras,2,reviewed,irregular/compound paradigm patched manually; QA recommended
FR,monter,Indicatif,Futur,"il (elle, on)",montera,2,reviewed,irregular/compound paradigm patched manually; QA recommended
FR,monter,Indicatif,Futur,nous,monterons,2,reviewed,irregular/compound paradigm patched manually; QA recommended
FR,monter,Indicatif,Futur,vous,monterez,2,reviewed,irregular/compound paradigm patched manually; QA recommended
FR,monter,Indicatif,Futur,ils (elles),monteront,2,reviewed,irregular/compound paradigm patched manually; QA recommended
FR,monter,Indicatif,Passé composé,je,suis monté(e),2,reviewed,irregular/compound paradigm patched manually; QA recommended
FR,monter,Indicatif,Passé composé,tu,es monté(e),2,reviewed,irregular/compound paradigm patched manually; QA recommended
FR,monter,Indicatif,Passé composé,"il (elle, on)",est monté(e),2,reviewed,irregular/compound paradigm patched manually; QA recommended
FR,monter,Indicatif,Passé composé,nous,sommes monté(e)s,2,reviewed,irregular/compound paradigm patched manually; QA recommended
FR,monter,Indicatif,Passé composé,vous,êtes monté(e)(s),2,reviewed,irregular/compound paradigm patched manually; QA recommended
FR,monter,Indicatif,Passé composé,ils (elles),sont monté(e)s,2,reviewed,irregular/compound paradigm patched manually; QA recommended
FR,monter,Indicatif,Imparfait,je,montais,2,reviewed,irregular/compound paradigm patched manually; QA recommended
FR,monter,Indicatif,Imparfait,tu,montais,2,reviewed,irregular/compound paradigm patched manually; QA recommended
FR,monter,Indicatif,Imparfait,"il (elle, on)",montait,2,reviewed,irregular/compound paradigm patched manually; QA recommended
FR,monter,Indicatif,Imparfait,nous,montions,2,reviewed,irregular/compound paradigm patched manually; QA recommended
FR,monter,Indicatif,Imparfait,vous,montiez,2,reviewed,irregular/compound paradigm patched manually; QA recommended
FR,monter,Indicatif,Imparfait,ils (elles),montaient,2,reviewed,irregular/compound paradigm patched manually; QA recommended
FR,monter,Conditionnel,Conditionnel présent,je,monterais,2,reviewed,irregular/compound paradigm patched manually; QA recommended
FR,monter,Conditionnel,Conditionnel présent,tu,monterais,2,reviewed,irregular/compound paradigm patched manually; QA recommended
FR,monter,Conditionnel,Conditionnel présent,"il (elle, on)",monterait,2,reviewed,irregular/compound paradigm patched manually; QA recommended
FR,monter,Conditionnel,Conditionnel présent,nous,monterions,2,reviewed,irregular/compound paradigm patched manually; QA recommended
FR,monter,Conditionnel,Conditionnel présent,vous,monteriez,2,reviewed,irregular/compound paradigm patched manually; QA recommended
FR,monter,Conditionnel,Conditionnel présent,ils (elles),monteraient,2,reviewed,irregular/compound paradigm patched manually; QA recommended
FR,monter,Impératif,Impératif,je,-,2,reviewed,irregular/compound paradigm patched manually; QA recommended; French imperative only uses tu / nous / vous; placeholder - used for unsupported slot
FR,monter,Impératif,Impératif,tu,monte,2,reviewed,irregular/compound paradigm patched manually; QA recommended
FR,monter,Impératif,Impératif,"il (elle, on)",-,2,reviewed,irregular/compound paradigm patched manually; QA recommended; French imperative only uses tu / nous / vous; placeholder - used for unsupported slot
FR,monter,Impératif,Impératif,nous,montons,2,reviewed,irregular/compound paradigm patched manually; QA recommended
FR,monter,Impératif,Impératif,vous,montez,2,reviewed,irregular/compound paradigm patched manually; QA recommended
FR,monter,Impératif,Impératif,ils (elles),-,2,reviewed,irregular/compound paradigm patched manually; QA recommended; French imperative only uses tu / nous / vous; placeholder - used for unsupported slot
FR,monter,Subjonctif,Subjonctif présent,je,monte,2,reviewed,irregular/compound paradigm patched manually; QA recommended
FR,monter,Subjonctif,Subjonctif présent,tu,montes,2,reviewed,irregular/compound paradigm patched manually; QA recommended
FR,monter,Subjonctif,Subjonctif présent,"il (elle, on)",monte,2,reviewed,irregular/compound paradigm patched manually; QA recommended
FR,monter,Subjonctif,Subjonctif présent,nous,montions,2,reviewed,irregular/compound paradigm patched manually; QA recommended
FR,monter,Subjonctif,Subjonctif présent,vous,montiez,2,reviewed,irregular/compound paradigm patched manually; QA recommended
FR,monter,Subjonctif,Subjonctif présent,ils (elles),montent,2,reviewed,irregular/compound paradigm patched manually; QA recommended
FR,monter,Indicatif,Passé Simple,je,montai,2,reviewed,irregular/compound paradigm patched manually; QA recommended
FR,monter,Indicatif,Passé Simple,tu,montas,2,reviewed,irregular/compound paradigm patched manually; QA recommended
FR,monter,Indicatif,Passé Simple,"il (elle, on)",monta,2,reviewed,irregular/compound paradigm patched manually; QA recommended
FR,monter,Indicatif,Passé Simple,nous,montâmes,2,reviewed,irregular/compound paradigm patched manually; QA recommended
FR,monter,Indicatif,Passé Simple,vous,montâtes,2,reviewed,irregular/compound paradigm patched manually; QA recommended
FR,monter,Indicatif,Passé Simple,ils (elles),montèrent,2,reviewed,irregular/compound paradigm patched manually; QA recommended
FR,monter,Subjonctif,Subjonctif imparfait,je,montasse,2,reviewed,irregular/compound paradigm patched manually; QA recommended
FR,monter,Subjonctif,Subjonctif imparfait,tu,montasses,2,reviewed,irregular/compound paradigm patched manually; QA recommended
FR,monter,Subjonctif,Subjonctif imparfait,"il (elle, on)",montât,2,reviewed,irregular/compound paradigm patched manually; QA recommended
FR,monter,Subjonctif,Subjonctif imparfait,nous,montassions,2,reviewed,irregular/compound paradigm patched manually; QA recommended
FR,monter,Subjonctif,Subjonctif imparfait,vous,montassiez,2,reviewed,irregular/compound paradigm patched manually; QA recommended
FR,monter,Subjonctif,Subjonctif imparfait,ils (elles),montassent,2,reviewed,irregular/compound paradigm patched manually; QA recommended
FR,boire,Indicatif,Présent,je,bois,2,reviewed,irregular/compound paradigm patched manually; QA recommended
FR,boire,Indicatif,Présent,tu,bois,2,reviewed,irregular/compound paradigm patched manually; QA recommended
FR,boire,Indicatif,Présent,"il (elle, on)",boit,2,reviewed,irregular/compound paradigm patched manually; QA recommended
FR,boire,Indicatif,Présent,nous,buvons,2,reviewed,irregular/compound paradigm patched manually; QA recommended
FR,boire,Indicatif,Présent,vous,buvez,2,reviewed,irregular/compound paradigm patched manually; QA recommended
FR,boire,Indicatif,Présent,ils (elles),boivent,2,reviewed,irregular/compound paradigm patched manually; QA recommended
FR,boire,Indicatif,Futur,je,boirai,2,reviewed,irregular/compound paradigm patched manually; QA recommended
FR,boire,Indicatif,Futur,tu,boiras,2,reviewed,irregular/compound paradigm patched manually; QA recommended
FR,boire,Indicatif,Futur,"il (elle, on)",boira,2,reviewed,irregular/compound paradigm patched manually; QA recommended
FR,boire,Indicatif,Futur,nous,boirons,2,reviewed,irregular/compound paradigm patched manually; QA recommended
FR,boire,Indicatif,Futur,vous,boirez,2,reviewed,irregular/compound paradigm patched manually; QA recommended
FR,boire,Indicatif,Futur,ils (elles),boiront,2,reviewed,irregular/compound paradigm patched manually; QA recommended
FR,boire,Indicatif,Passé composé,je,ai bu,2,reviewed,irregular/compound paradigm patched manually; QA recommended
FR,boire,Indicatif,Passé composé,tu,as bu,2,reviewed,irregular/compound paradigm patched manually; QA recommended
FR,boire,Indicatif,Passé composé,"il (elle, on)",a bu,2,reviewed,irregular/compound paradigm patched manually; QA recommended
FR,boire,Indicatif,Passé composé,nous,avons bu,2,reviewed,irregular/compound paradigm patched manually; QA recommended
FR,boire,Indicatif,Passé composé,vous,avez bu,2,reviewed,irregular/compound paradigm patched manually; QA recommended
FR,boire,Indicatif,Passé composé,ils (elles),ont bu,2,reviewed,irregular/compound paradigm patched manually; QA recommended
FR,boire,Indicatif,Imparfait,je,buvais,2,reviewed,irregular/compound paradigm patched manually; QA recommended
FR,boire,Indicatif,Imparfait,tu,buvais,2,reviewed,irregular/compound paradigm patched manually; QA recommended
FR,boire,Indicatif,Imparfait,"il (elle, on)",buvait,2,reviewed,irregular/compound paradigm patched manually; QA recommended
FR,boire,Indicatif,Imparfait,nous,buvions,2,reviewed,irregular/compound paradigm patched manually; QA recommended
FR,boire,Indicatif,Imparfait,vous,buviez,2,reviewed,irregular/compound paradigm patched manually; QA recommended
FR,boire,Indicatif,Imparfait,ils (elles),buvaient,2,reviewed,irregular/compound paradigm patched manually; QA recommended
FR,boire,Conditionnel,Conditionnel présent,je,boirais,2,reviewed,irregular/compound paradigm patched manually; QA recommended
FR,boire,Conditionnel,Conditionnel présent,tu,boirais,2,reviewed,irregular/compound paradigm patched manually; QA recommended
FR,boire,Conditionnel,Conditionnel présent,"il (elle, on)",boirait,2,reviewed,irregular/compound paradigm patched manually; QA recommended
FR,boire,Conditionnel,Conditionnel présent,nous,boirions,2,reviewed,irregular/compound paradigm patched manually; QA recommended
FR,boire,Conditionnel,Conditionnel présent,vous,boiriez,2,reviewed,irregular/compound paradigm patched manually; QA recommended
FR,boire,Conditionnel,Conditionnel présent,ils (elles),boiraient,2,reviewed,irregular/compound paradigm patched manually; QA recommended
FR,boire,Impératif,Impératif,je,-,2,reviewed,irregular/compound paradigm patched manually; QA recommended; French imperative only uses tu / nous / vous; placeholder - used for unsupported slot
FR,boire,Impératif,Impératif,tu,bois,2,reviewed,irregular/compound paradigm patched manually; QA recommended
FR,boire,Impératif,Impératif,"il (elle, on)",-,2,reviewed,irregular/compound paradigm patched manually; QA recommended; French imperative only uses tu / nous / vous; placeholder - used for unsupported slot
FR,boire,Impératif,Impératif,nous,buvons,2,reviewed,irregular/compound paradigm patched manually; QA recommended
FR,boire,Impératif,Impératif,vous,buvez,2,reviewed,irregular/compound paradigm patched manually; QA recommended
FR,boire,Impératif,Impératif,ils (elles),-,2,reviewed,irregular/compound paradigm patched manually; QA recommended; French imperative only uses tu / nous / vous; placeholder - used for unsupported slot
FR,boire,Subjonctif,Subjonctif présent,je,boive,2,reviewed,irregular/compound paradigm patched manually; QA recommended
FR,boire,Subjonctif,Subjonctif présent,tu,boives,2,reviewed,irregular/compound paradigm patched manually; QA recommended
FR,boire,Subjonctif,Subjonctif présent,"il (elle, on)",boive,2,reviewed,irregular/compound paradigm patched manually; QA recommended
FR,boire,Subjonctif,Subjonctif présent,nous,buvions,2,reviewed,irregular/compound paradigm patched manually; QA recommended
FR,boire,Subjonctif,Subjonctif présent,vous,buviez,2,reviewed,irregular/compound paradigm patched manually; QA recommended
FR,boire,Subjonctif,Subjonctif présent,ils (elles),boivent,2,reviewed,irregular/compound paradigm patched manually; QA recommended
FR,boire,Indicatif,Passé Simple,je,bus,2,reviewed,irregular/compound paradigm patched manually; QA recommended
FR,boire,Indicatif,Passé Simple,tu,bus,2,reviewed,irregular/compound paradigm patched manually; QA recommended
FR,boire,Indicatif,Passé Simple,"il (elle, on)",but,2,reviewed,irregular/compound paradigm patched manually; QA recommended
FR,boire,Indicatif,Passé Simple,nous,bûmes,2,reviewed,irregular/compound paradigm patched manually; QA recommended
FR,boire,Indicatif,Passé Simple,vous,bûtes,2,reviewed,irregular/compound paradigm patched manually; QA recommended
FR,boire,Indicatif,Passé Simple,ils (elles),burent,2,reviewed,irregular/compound paradigm patched manually; QA recommended
FR,boire,Subjonctif,Subjonctif imparfait,je,busse,2,reviewed,irregular/compound paradigm patched manually; QA recommended
FR,boire,Subjonctif,Subjonctif imparfait,tu,busses,2,reviewed,irregular/compound paradigm patched manually; QA recommended
FR,boire,Subjonctif,Subjonctif imparfait,"il (elle, on)",bût,2,reviewed,irregular/compound paradigm patched manually; QA recommended
FR,boire,Subjonctif,Subjonctif imparfait,nous,bussions,2,reviewed,irregular/compound paradigm patched manually; QA recommended
FR,boire,Subjonctif,Subjonctif imparfait,vous,bussiez,2,reviewed,irregular/compound paradigm patched manually; QA recommended
FR,boire,Subjonctif,Subjonctif imparfait,ils (elles),bussent,2,reviewed,irregular/compound paradigm patched manually; QA recommended
FR,oublier,Indicatif,Présent,je,oublie,2,reviewed,repo-local legacy seed normalized into curated contract; QA recommended
FR,oublier,Indicatif,Présent,tu,oublies,2,reviewed,repo-local legacy seed normalized into curated contract; QA recommended
FR,oublier,Indicatif,Présent,"il (elle, on)",oublie,2,reviewed,repo-local legacy seed normalized into curated contract; QA recommended
FR,oublier,Indicatif,Présent,nous,oublions,2,reviewed,repo-local legacy seed normalized into curated contract; QA recommended
FR,oublier,Indicatif,Présent,vous,oubliez,2,reviewed,repo-local legacy seed normalized into curated contract; QA recommended
FR,oublier,Indicatif,Présent,ils (elles),oublient,2,reviewed,repo-local legacy seed normalized into curated contract; QA recommended
FR,oublier,Indicatif,Futur,je,oublierai,2,reviewed,repo-local legacy seed normalized into curated contract; QA recommended
FR,oublier,Indicatif,Futur,tu,oublieras,2,reviewed,repo-local legacy seed normalized into curated contract; QA recommended
FR,oublier,Indicatif,Futur,"il (elle, on)",oubliera,2,reviewed,repo-local legacy seed normalized into curated contract; QA recommended
FR,oublier,Indicatif,Futur,nous,oublierons,2,reviewed,repo-local legacy seed normalized into curated contract; QA recommended
FR,oublier,Indicatif,Futur,vous,oublierez,2,reviewed,repo-local legacy seed normalized into curated contract; QA recommended
FR,oublier,Indicatif,Futur,ils (elles),oublieront,2,reviewed,repo-local legacy seed normalized into curated contract; QA recommended
FR,oublier,Indicatif,Passé composé,je,ai oublié,2,reviewed,repo-local legacy seed normalized into curated contract; QA recommended
FR,oublier,Indicatif,Passé composé,tu,as oublié,2,reviewed,repo-local legacy seed normalized into curated contract; QA recommended
FR,oublier,Indicatif,Passé composé,"il (elle, on)",a oublié,2,reviewed,repo-local legacy seed normalized into curated contract; QA recommended
FR,oublier,Indicatif,Passé composé,nous,avons oublié,2,reviewed,repo-local legacy seed normalized into curated contract; QA recommended
FR,oublier,Indicatif,Passé composé,vous,avez oublié,2,reviewed,repo-local legacy seed normalized into curated contract; QA recommended
FR,oublier,Indicatif,Passé composé,ils (elles),ont oublié,2,reviewed,repo-local legacy seed normalized into curated contract; QA recommended
FR,oublier,Indicatif,Imparfait,je,oubliais,2,reviewed,repo-local legacy seed normalized into curated contract; QA recommended
FR,oublier,Indicatif,Imparfait,tu,oubliais,2,reviewed,repo-local legacy seed normalized into curated contract; QA recommended
FR,oublier,Indicatif,Imparfait,"il (elle, on)",oubliait,2,reviewed,repo-local legacy seed normalized into curated contract; QA recommended
FR,oublier,Indicatif,Imparfait,nous,oubliions,2,reviewed,repo-local legacy seed normalized into curated contract; QA recommended
FR,oublier,Indicatif,Imparfait,vous,oubliiez,2,reviewed,repo-local legacy seed normalized into curated contract; QA recommended
FR,oublier,Indicatif,Imparfait,ils (elles),oubliaient,2,reviewed,repo-local legacy seed normalized into curated contract; QA recommended
FR,oublier,Conditionnel,Conditionnel présent,je,oublierais,2,reviewed,repo-local legacy seed normalized into curated contract; QA recommended
FR,oublier,Conditionnel,Conditionnel présent,tu,oublierais,2,reviewed,repo-local legacy seed normalized into curated contract; QA recommended
FR,oublier,Conditionnel,Conditionnel présent,"il (elle, on)",oublierait,2,reviewed,repo-local legacy seed normalized into curated contract; QA recommended
FR,oublier,Conditionnel,Conditionnel présent,nous,oublierions,2,reviewed,repo-local legacy seed normalized into curated contract; QA recommended
FR,oublier,Conditionnel,Conditionnel présent,vous,oublieriez,2,reviewed,repo-local legacy seed normalized into curated contract; QA recommended
FR,oublier,Conditionnel,Conditionnel présent,ils (elles),oublieraient,2,reviewed,repo-local legacy seed normalized into curated contract; QA recommended
FR,oublier,Impératif,Impératif,je,-,2,reviewed,repo-local legacy seed normalized into curated contract; QA recommended; French imperative only uses tu / nous / vous; placeholder - used for unsupported slot
FR,oublier,Impératif,Impératif,tu,oublie,2,reviewed,repo-local legacy seed normalized into curated contract; QA recommended
FR,oublier,Impératif,Impératif,"il (elle, on)",-,2,reviewed,repo-local legacy seed normalized into curated contract; QA recommended; French imperative only uses tu / nous / vous; placeholder - used for unsupported slot
FR,oublier,Impératif,Impératif,nous,oublions,2,reviewed,repo-local legacy seed normalized into curated contract; QA recommended
FR,oublier,Impératif,Impératif,vous,oubliez,2,reviewed,repo-local legacy seed normalized into curated contract; QA recommended
FR,oublier,Impératif,Impératif,ils (elles),-,2,reviewed,repo-local legacy seed normalized into curated contract; QA recommended; French imperative only uses tu / nous / vous; placeholder - used for unsupported slot
FR,oublier,Subjonctif,Subjonctif présent,je,oublie,2,reviewed,repo-local legacy seed normalized into curated contract; QA recommended
FR,oublier,Subjonctif,Subjonctif présent,tu,oublies,2,reviewed,repo-local legacy seed normalized into curated contract; QA recommended
FR,oublier,Subjonctif,Subjonctif présent,"il (elle, on)",oublie,2,reviewed,repo-local legacy seed normalized into curated contract; QA recommended
FR,oublier,Subjonctif,Subjonctif présent,nous,oubliions,2,reviewed,repo-local legacy seed normalized into curated contract; QA recommended
FR,oublier,Subjonctif,Subjonctif présent,vous,oubliiez,2,reviewed,repo-local legacy seed normalized into curated contract; QA recommended
FR,oublier,Subjonctif,Subjonctif présent,ils (elles),oublient,2,reviewed,repo-local legacy seed normalized into curated contract; QA recommended
FR,oublier,Indicatif,Passé Simple,je,oubliai,2,reviewed,repo-local legacy seed normalized into curated contract; QA recommended
FR,oublier,Indicatif,Passé Simple,tu,oublias,2,reviewed,repo-local legacy seed normalized into curated contract; QA recommended
FR,oublier,Indicatif,Passé Simple,"il (elle, on)",oublia,2,reviewed,repo-local legacy seed normalized into curated contract; QA recommended
FR,oublier,Indicatif,Passé Simple,nous,oubliâmes,2,reviewed,repo-local legacy seed normalized into curated contract; QA recommended
FR,oublier,Indicatif,Passé Simple,vous,oubliâtes,2,reviewed,repo-local legacy seed normalized into curated contract; QA recommended
FR,oublier,Indicatif,Passé Simple,ils (elles),oublièrent,2,reviewed,repo-local legacy seed normalized into curated contract; QA recommended
FR,oublier,Subjonctif,Subjonctif imparfait,je,oubliasse,2,reviewed,repo-local legacy seed normalized into curated contract; QA recommended
FR,oublier,Subjonctif,Subjonctif imparfait,tu,oubliasses,2,reviewed,repo-local legacy seed normalized into curated contract; QA recommended
FR,oublier,Subjonctif,Subjonctif imparfait,"il (elle, on)",oubliât,2,reviewed,repo-local legacy seed normalized into curated contract; QA recommended
FR,oublier,Subjonctif,Subjonctif imparfait,nous,oubliassions,2,reviewed,repo-local legacy seed normalized into curated contract; QA recommended
FR,oublier,Subjonctif,Subjonctif imparfait,vous,oubliassiez,2,reviewed,repo-local legacy seed normalized into curated contract; QA recommended
FR,oublier,Subjonctif,Subjonctif imparfait,ils (elles),oubliassent,2,reviewed,repo-local legacy seed normalized into curated contract; QA recommended
FR,poser,Indicatif,Présent,je,pose,2,reviewed,repo-local legacy seed normalized into curated contract; QA recommended
FR,poser,Indicatif,Présent,tu,poses,2,reviewed,repo-local legacy seed normalized into curated contract; QA recommended
FR,poser,Indicatif,Présent,"il (elle, on)",pose,2,reviewed,repo-local legacy seed normalized into curated contract; QA recommended
FR,poser,Indicatif,Présent,nous,posons,2,reviewed,repo-local legacy seed normalized into curated contract; QA recommended
FR,poser,Indicatif,Présent,vous,posez,2,reviewed,repo-local legacy seed normalized into curated contract; QA recommended
FR,poser,Indicatif,Présent,ils (elles),posent,2,reviewed,repo-local legacy seed normalized into curated contract; QA recommended
FR,poser,Indicatif,Futur,je,poserai,2,reviewed,repo-local legacy seed normalized into curated contract; QA recommended
FR,poser,Indicatif,Futur,tu,poseras,2,reviewed,repo-local legacy seed normalized into curated contract; QA recommended
FR,poser,Indicatif,Futur,"il (elle, on)",posera,2,reviewed,repo-local legacy seed normalized into curated contract; QA recommended
FR,poser,Indicatif,Futur,nous,poserons,2,reviewed,repo-local legacy seed normalized into curated contract; QA recommended
FR,poser,Indicatif,Futur,vous,poserez,2,reviewed,repo-local legacy seed normalized into curated contract; QA recommended
FR,poser,Indicatif,Futur,ils (elles),poseront,2,reviewed,repo-local legacy seed normalized into curated contract; QA recommended
FR,poser,Indicatif,Passé composé,je,ai posé,2,reviewed,repo-local legacy seed normalized into curated contract; QA recommended
FR,poser,Indicatif,Passé composé,tu,as posé,2,reviewed,repo-local legacy seed normalized into curated contract; QA recommended
FR,poser,Indicatif,Passé composé,"il (elle, on)",a posé,2,reviewed,repo-local legacy seed normalized into curated contract; QA recommended
FR,poser,Indicatif,Passé composé,nous,avons posé,2,reviewed,repo-local legacy seed normalized into curated contract; QA recommended
FR,poser,Indicatif,Passé composé,vous,avez posé,2,reviewed,repo-local legacy seed normalized into curated contract; QA recommended
FR,poser,Indicatif,Passé composé,ils (elles),ont posé,2,reviewed,repo-local legacy seed normalized into curated contract; QA recommended
FR,poser,Indicatif,Imparfait,je,posais,2,reviewed,repo-local legacy seed normalized into curated contract; QA recommended
FR,poser,Indicatif,Imparfait,tu,posais,2,reviewed,repo-local legacy seed normalized into curated contract; QA recommended
FR,poser,Indicatif,Imparfait,"il (elle, on)",posait,2,reviewed,repo-local legacy seed normalized into curated contract; QA recommended
FR,poser,Indicatif,Imparfait,nous,posions,2,reviewed,repo-local legacy seed normalized into curated contract; QA recommended
FR,poser,Indicatif,Imparfait,vous,posiez,2,reviewed,repo-local legacy seed normalized into curated contract; QA recommended
FR,poser,Indicatif,Imparfait,ils (elles),posaient,2,reviewed,repo-local legacy seed normalized into curated contract; QA recommended
FR,poser,Conditionnel,Conditionnel présent,je,poserais,2,reviewed,repo-local legacy seed normalized into curated contract; QA recommended
FR,poser,Conditionnel,Conditionnel présent,tu,poserais,2,reviewed,repo-local legacy seed normalized into curated contract; QA recommended
FR,poser,Conditionnel,Conditionnel présent,"il (elle, on)",poserait,2,reviewed,repo-local legacy seed normalized into curated contract; QA recommended
FR,poser,Conditionnel,Conditionnel présent,nous,poserions,2,reviewed,repo-local legacy seed normalized into curated contract; QA recommended
FR,poser,Conditionnel,Conditionnel présent,vous,poseriez,2,reviewed,repo-local legacy seed normalized into curated contract; QA recommended
FR,poser,Conditionnel,Conditionnel présent,ils (elles),poseraient,2,reviewed,repo-local legacy seed normalized into curated contract; QA recommended
FR,poser,Impératif,Impératif,je,-,2,reviewed,repo-local legacy seed normalized into curated contract; QA recommended; French imperative only uses tu / nous / vous; placeholder - used for unsupported slot
FR,poser,Impératif,Impératif,tu,pose,2,reviewed,repo-local legacy seed normalized into curated contract; QA recommended
FR,poser,Impératif,Impératif,"il (elle, on)",-,2,reviewed,repo-local legacy seed normalized into curated contract; QA recommended; French imperative only uses tu / nous / vous; placeholder - used for unsupported slot
FR,poser,Impératif,Impératif,nous,posons,2,reviewed,repo-local legacy seed normalized into curated contract; QA recommended
FR,poser,Impératif,Impératif,vous,posez,2,reviewed,repo-local legacy seed normalized into curated contract; QA recommended
FR,poser,Impératif,Impératif,ils (elles),-,2,reviewed,repo-local legacy seed normalized into curated contract; QA recommended; French imperative only uses tu / nous / vous; placeholder - used for unsupported slot
FR,poser,Subjonctif,Subjonctif présent,je,pose,2,reviewed,repo-local legacy seed normalized into curated contract; QA recommended
FR,poser,Subjonctif,Subjonctif présent,tu,poses,2,reviewed,repo-local legacy seed normalized into curated contract; QA recommended
FR,poser,Subjonctif,Subjonctif présent,"il (elle, on)",pose,2,reviewed,repo-local legacy seed normalized into curated contract; QA recommended
FR,poser,Subjonctif,Subjonctif présent,nous,posions,2,reviewed,repo-local legacy seed normalized into curated contract; QA recommended
FR,poser,Subjonctif,Subjonctif présent,vous,posiez,2,reviewed,repo-local legacy seed normalized into curated contract; QA recommended
FR,poser,Subjonctif,Subjonctif présent,ils (elles),posent,2,reviewed,repo-local legacy seed normalized into curated contract; QA recommended
FR,poser,Indicatif,Passé Simple,je,posai,2,reviewed,repo-local legacy seed normalized into curated contract; QA recommended
FR,poser,Indicatif,Passé Simple,tu,posas,2,reviewed,repo-local legacy seed normalized into curated contract; QA recommended
FR,poser,Indicatif,Passé Simple,"il (elle, on)",posa,2,reviewed,repo-local legacy seed normalized into curated contract; QA recommended
FR,poser,Indicatif,Passé Simple,nous,posâmes,2,reviewed,repo-local legacy seed normalized into curated contract; QA recommended
FR,poser,Indicatif,Passé Simple,vous,posâtes,2,reviewed,repo-local legacy seed normalized into curated contract; QA recommended
FR,poser,Indicatif,Passé Simple,ils (elles),posèrent,2,reviewed,repo-local legacy seed normalized into curated contract; QA recommended
FR,poser,Subjonctif,Subjonctif imparfait,je,posasse,2,reviewed,repo-local legacy seed normalized into curated contract; QA recommended
FR,poser,Subjonctif,Subjonctif imparfait,tu,posasses,2,reviewed,repo-local legacy seed normalized into curated contract; QA recommended
FR,poser,Subjonctif,Subjonctif imparfait,"il (elle, on)",posât,2,reviewed,repo-local legacy seed normalized into curated contract; QA recommended
FR,poser,Subjonctif,Subjonctif imparfait,nous,posassions,2,reviewed,repo-local legacy seed normalized into curated contract; QA recommended
FR,poser,Subjonctif,Subjonctif imparfait,vous,posassiez,2,reviewed,repo-local legacy seed normalized into curated contract; QA recommended
FR,poser,Subjonctif,Subjonctif imparfait,ils (elles),posassent,2,reviewed,repo-local legacy seed normalized into curated contract; QA recommended
FR,aimer,Indicatif,Présent,je,aime,2,reviewed,repo-local legacy seed normalized into curated contract; QA recommended
FR,aimer,Indicatif,Présent,tu,aimes,2,reviewed,repo-local legacy seed normalized into curated contract; QA recommended
FR,aimer,Indicatif,Présent,"il (elle, on)",aime,2,reviewed,repo-local legacy seed normalized into curated contract; QA recommended
FR,aimer,Indicatif,Présent,nous,aimons,2,reviewed,repo-local legacy seed normalized into curated contract; QA recommended
FR,aimer,Indicatif,Présent,vous,aimez,2,reviewed,repo-local legacy seed normalized into curated contract; QA recommended
FR,aimer,Indicatif,Présent,ils (elles),aiment,2,reviewed,repo-local legacy seed normalized into curated contract; QA recommended
FR,aimer,Indicatif,Futur,je,aimerai,2,reviewed,repo-local legacy seed normalized into curated contract; QA recommended
FR,aimer,Indicatif,Futur,tu,aimeras,2,reviewed,repo-local legacy seed normalized into curated contract; QA recommended
FR,aimer,Indicatif,Futur,"il (elle, on)",aimera,2,reviewed,repo-local legacy seed normalized into curated contract; QA recommended
FR,aimer,Indicatif,Futur,nous,aimerons,2,reviewed,repo-local legacy seed normalized into curated contract; QA recommended
FR,aimer,Indicatif,Futur,vous,aimerez,2,reviewed,repo-local legacy seed normalized into curated contract; QA recommended
FR,aimer,Indicatif,Futur,ils (elles),aimeront,2,reviewed,repo-local legacy seed normalized into curated contract; QA recommended
FR,aimer,Indicatif,Passé composé,je,ai aimé,2,reviewed,repo-local legacy seed normalized into curated contract; QA recommended
FR,aimer,Indicatif,Passé composé,tu,as aimé,2,reviewed,repo-local legacy seed normalized into curated contract; QA recommended
FR,aimer,Indicatif,Passé composé,"il (elle, on)",a aimé,2,reviewed,repo-local legacy seed normalized into curated contract; QA recommended
FR,aimer,Indicatif,Passé composé,nous,avons aimé,2,reviewed,repo-local legacy seed normalized into curated contract; QA recommended
FR,aimer,Indicatif,Passé composé,vous,avez aimé,2,reviewed,repo-local legacy seed normalized into curated contract; QA recommended
FR,aimer,Indicatif,Passé composé,ils (elles),ont aimé,2,reviewed,repo-local legacy seed normalized into curated contract; QA recommended
FR,aimer,Indicatif,Imparfait,je,aimais,2,reviewed,repo-local legacy seed normalized into curated contract; QA recommended
FR,aimer,Indicatif,Imparfait,tu,aimais,2,reviewed,repo-local legacy seed normalized into curated contract; QA recommended
FR,aimer,Indicatif,Imparfait,"il (elle, on)",aimait,2,reviewed,repo-local legacy seed normalized into curated contract; QA recommended
FR,aimer,Indicatif,Imparfait,nous,aimions,2,reviewed,repo-local legacy seed normalized into curated contract; QA recommended
FR,aimer,Indicatif,Imparfait,vous,aimiez,2,reviewed,repo-local legacy seed normalized into curated contract; QA recommended
FR,aimer,Indicatif,Imparfait,ils (elles),aimaient,2,reviewed,repo-local legacy seed normalized into curated contract; QA recommended
FR,aimer,Conditionnel,Conditionnel présent,je,aimerais,2,reviewed,repo-local legacy seed normalized into curated contract; QA recommended
FR,aimer,Conditionnel,Conditionnel présent,tu,aimerais,2,reviewed,repo-local legacy seed normalized into curated contract; QA recommended
FR,aimer,Conditionnel,Conditionnel présent,"il (elle, on)",aimerait,2,reviewed,repo-local legacy seed normalized into curated contract; QA recommended
FR,aimer,Conditionnel,Conditionnel présent,nous,aimerions,2,reviewed,repo-local legacy seed normalized into curated contract; QA recommended
FR,aimer,Conditionnel,Conditionnel présent,vous,aimeriez,2,reviewed,repo-local legacy seed normalized into curated contract; QA recommended
FR,aimer,Conditionnel,Conditionnel présent,ils (elles),aimeraient,2,reviewed,repo-local legacy seed normalized into curated contract; QA recommended
FR,aimer,Impératif,Impératif,je,-,2,reviewed,repo-local legacy seed normalized into curated contract; QA recommended; French imperative only uses tu / nous / vous; placeholder - used for unsupported slot
FR,aimer,Impératif,Impératif,tu,aime,2,reviewed,repo-local legacy seed normalized into curated contract; QA recommended
FR,aimer,Impératif,Impératif,"il (elle, on)",-,2,reviewed,repo-local legacy seed normalized into curated contract; QA recommended; French imperative only uses tu / nous / vous; placeholder - used for unsupported slot
FR,aimer,Impératif,Impératif,nous,aimons,2,reviewed,repo-local legacy seed normalized into curated contract; QA recommended
FR,aimer,Impératif,Impératif,vous,aimez,2,reviewed,repo-local legacy seed normalized into curated contract; QA recommended
FR,aimer,Impératif,Impératif,ils (elles),-,2,reviewed,repo-local legacy seed normalized into curated contract; QA recommended; French imperative only uses tu / nous / vous; placeholder - used for unsupported slot
FR,aimer,Subjonctif,Subjonctif présent,je,aime,2,reviewed,repo-local legacy seed normalized into curated contract; QA recommended
FR,aimer,Subjonctif,Subjonctif présent,tu,aimes,2,reviewed,repo-local legacy seed normalized into curated contract; QA recommended
FR,aimer,Subjonctif,Subjonctif présent,"il (elle, on)",aime,2,reviewed,repo-local legacy seed normalized into curated contract; QA recommended
FR,aimer,Subjonctif,Subjonctif présent,nous,aimions,2,reviewed,repo-local legacy seed normalized into curated contract; QA recommended
FR,aimer,Subjonctif,Subjonctif présent,vous,aimiez,2,reviewed,repo-local legacy seed normalized into curated contract; QA recommended
FR,aimer,Subjonctif,Subjonctif présent,ils (elles),aiment,2,reviewed,repo-local legacy seed normalized into curated contract; QA recommended
FR,aimer,Indicatif,Passé Simple,je,aimai,2,reviewed,repo-local legacy seed normalized into curated contract; QA recommended
FR,aimer,Indicatif,Passé Simple,tu,aimas,2,reviewed,repo-local legacy seed normalized into curated contract; QA recommended
FR,aimer,Indicatif,Passé Simple,"il (elle, on)",aima,2,reviewed,repo-local legacy seed normalized into curated contract; QA recommended
FR,aimer,Indicatif,Passé Simple,nous,aimâmes,2,reviewed,repo-local legacy seed normalized into curated contract; QA recommended
FR,aimer,Indicatif,Passé Simple,vous,aimâtes,2,reviewed,repo-local legacy seed normalized into curated contract; QA recommended
FR,aimer,Indicatif,Passé Simple,ils (elles),aimèrent,2,reviewed,repo-local legacy seed normalized into curated contract; QA recommended
FR,aimer,Subjonctif,Subjonctif imparfait,je,aimasse,2,reviewed,repo-local legacy seed normalized into curated contract; QA recommended
FR,aimer,Subjonctif,Subjonctif imparfait,tu,aimasses,2,reviewed,repo-local legacy seed normalized into curated contract; QA recommended
FR,aimer,Subjonctif,Subjonctif imparfait,"il (elle, on)",aimât,2,reviewed,repo-local legacy seed normalized into curated contract; QA recommended
FR,aimer,Subjonctif,Subjonctif imparfait,nous,aimassions,2,reviewed,repo-local legacy seed normalized into curated contract; QA recommended
FR,aimer,Subjonctif,Subjonctif imparfait,vous,aimassiez,2,reviewed,repo-local legacy seed normalized into curated contract; QA recommended
FR,aimer,Subjonctif,Subjonctif imparfait,ils (elles),aimassent,2,reviewed,repo-local legacy seed normalized into curated contract; QA recommended
FR,arrêter,Indicatif,Présent,je,arrête,2,reviewed,repo-local legacy seed normalized into curated contract; QA recommended
FR,arrêter,Indicatif,Présent,tu,arrêtes,2,reviewed,repo-local legacy seed normalized into curated contract; QA recommended
FR,arrêter,Indicatif,Présent,"il (elle, on)",arrête,2,reviewed,repo-local legacy seed normalized into curated contract; QA recommended
FR,arrêter,Indicatif,Présent,nous,arrêtons,2,reviewed,repo-local legacy seed normalized into curated contract; QA recommended
FR,arrêter,Indicatif,Présent,vous,arrêtez,2,reviewed,repo-local legacy seed normalized into curated contract; QA recommended
FR,arrêter,Indicatif,Présent,ils (elles),arrêtent,2,reviewed,repo-local legacy seed normalized into curated contract; QA recommended
FR,arrêter,Indicatif,Futur,je,arrêterai,2,reviewed,repo-local legacy seed normalized into curated contract; QA recommended
FR,arrêter,Indicatif,Futur,tu,arrêteras,2,reviewed,repo-local legacy seed normalized into curated contract; QA recommended
FR,arrêter,Indicatif,Futur,"il (elle, on)",arrêtera,2,reviewed,repo-local legacy seed normalized into curated contract; QA recommended
FR,arrêter,Indicatif,Futur,nous,arrêterons,2,reviewed,repo-local legacy seed normalized into curated contract; QA recommended
FR,arrêter,Indicatif,Futur,vous,arrêterez,2,reviewed,repo-local legacy seed normalized into curated contract; QA recommended
FR,arrêter,Indicatif,Futur,ils (elles),arrêteront,2,reviewed,repo-local legacy seed normalized into curated contract; QA recommended
FR,arrêter,Indicatif,Passé composé,je,ai arrêté,2,reviewed,repo-local legacy seed normalized into curated contract; QA recommended
FR,arrêter,Indicatif,Passé composé,tu,as arrêté,2,reviewed,repo-local legacy seed normalized into curated contract; QA recommended
FR,arrêter,Indicatif,Passé composé,"il (elle, on)",a arrêté,2,reviewed,repo-local legacy seed normalized into curated contract; QA recommended
FR,arrêter,Indicatif,Passé composé,nous,avons arrêté,2,reviewed,repo-local legacy seed normalized into curated contract; QA recommended
FR,arrêter,Indicatif,Passé composé,vous,avez arrêté,2,reviewed,repo-local legacy seed normalized into curated contract; QA recommended
FR,arrêter,Indicatif,Passé composé,ils (elles),ont arrêté,2,reviewed,repo-local legacy seed normalized into curated contract; QA recommended
FR,arrêter,Indicatif,Imparfait,je,arrêtais,2,reviewed,repo-local legacy seed normalized into curated contract; QA recommended
FR,arrêter,Indicatif,Imparfait,tu,arrêtais,2,reviewed,repo-local legacy seed normalized into curated contract; QA recommended
FR,arrêter,Indicatif,Imparfait,"il (elle, on)",arrêtait,2,reviewed,repo-local legacy seed normalized into curated contract; QA recommended
FR,arrêter,Indicatif,Imparfait,nous,arrêtions,2,reviewed,repo-local legacy seed normalized into curated contract; QA recommended
FR,arrêter,Indicatif,Imparfait,vous,arrêtiez,2,reviewed,repo-local legacy seed normalized into curated contract; QA recommended
FR,arrêter,Indicatif,Imparfait,ils (elles),arrêtaient,2,reviewed,repo-local legacy seed normalized into curated contract; QA recommended
FR,arrêter,Conditionnel,Conditionnel présent,je,arrêterais,2,reviewed,repo-local legacy seed normalized into curated contract; QA recommended
FR,arrêter,Conditionnel,Conditionnel présent,tu,arrêterais,2,reviewed,repo-local legacy seed normalized into curated contract; QA recommended
FR,arrêter,Conditionnel,Conditionnel présent,"il (elle, on)",arrêterait,2,reviewed,repo-local legacy seed normalized into curated contract; QA recommended
FR,arrêter,Conditionnel,Conditionnel présent,nous,arrêterions,2,reviewed,repo-local legacy seed normalized into curated contract; QA recommended
FR,arrêter,Conditionnel,Conditionnel présent,vous,arrêteriez,2,reviewed,repo-local legacy seed normalized into curated contract; QA recommended
FR,arrêter,Conditionnel,Conditionnel présent,ils (elles),arrêteraient,2,reviewed,repo-local legacy seed normalized into curated contract; QA recommended
FR,arrêter,Impératif,Impératif,je,-,2,reviewed,repo-local legacy seed normalized into curated contract; QA recommended; French imperative only uses tu / nous / vous; placeholder - used for unsupported slot
FR,arrêter,Impératif,Impératif,tu,arrête,2,reviewed,repo-local legacy seed normalized into curated contract; QA recommended
FR,arrêter,Impératif,Impératif,"il (elle, on)",-,2,reviewed,repo-local legacy seed normalized into curated contract; QA recommended; French imperative only uses tu / nous / vous; placeholder - used for unsupported slot
FR,arrêter,Impératif,Impératif,nous,arrêtons,2,reviewed,repo-local legacy seed normalized into curated contract; QA recommended
FR,arrêter,Impératif,Impératif,vous,arrêtez,2,reviewed,repo-local legacy seed normalized into curated contract; QA recommended
FR,arrêter,Impératif,Impératif,ils (elles),-,2,reviewed,repo-local legacy seed normalized into curated contract; QA recommended; French imperative only uses tu / nous / vous; placeholder - used for unsupported slot
FR,arrêter,Subjonctif,Subjonctif présent,je,arrête,2,reviewed,repo-local legacy seed normalized into curated contract; QA recommended
FR,arrêter,Subjonctif,Subjonctif présent,tu,arrêtes,2,reviewed,repo-local legacy seed normalized into curated contract; QA recommended
FR,arrêter,Subjonctif,Subjonctif présent,"il (elle, on)",arrête,2,reviewed,repo-local legacy seed normalized into curated contract; QA recommended
FR,arrêter,Subjonctif,Subjonctif présent,nous,arrêtions,2,reviewed,repo-local legacy seed normalized into curated contract; QA recommended
FR,arrêter,Subjonctif,Subjonctif présent,vous,arrêtiez,2,reviewed,repo-local legacy seed normalized into curated contract; QA recommended
FR,arrêter,Subjonctif,Subjonctif présent,ils (elles),arrêtent,2,reviewed,repo-local legacy seed normalized into curated contract; QA recommended
FR,arrêter,Indicatif,Passé Simple,je,arrêtai,2,reviewed,repo-local legacy seed normalized into curated contract; QA recommended
FR,arrêter,Indicatif,Passé Simple,tu,arrêtas,2,reviewed,repo-local legacy seed normalized into curated contract; QA recommended
FR,arrêter,Indicatif,Passé Simple,"il (elle, on)",arrêta,2,reviewed,repo-local legacy seed normalized into curated contract; QA recommended
FR,arrêter,Indicatif,Passé Simple,nous,arrêtâmes,2,reviewed,repo-local legacy seed normalized into curated contract; QA recommended
FR,arrêter,Indicatif,Passé Simple,vous,arrêtâtes,2,reviewed,repo-local legacy seed normalized into curated contract; QA recommended
FR,arrêter,Indicatif,Passé Simple,ils (elles),arrêtèrent,2,reviewed,repo-local legacy seed normalized into curated contract; QA recommended
FR,arrêter,Subjonctif,Subjonctif imparfait,je,arrêtasse,2,reviewed,repo-local legacy seed normalized into curated contract; QA recommended
FR,arrêter,Subjonctif,Subjonctif imparfait,tu,arrêtasses,2,reviewed,repo-local legacy seed normalized into curated contract; QA recommended
FR,arrêter,Subjonctif,Subjonctif imparfait,"il (elle, on)",arrêtât,2,reviewed,repo-local legacy seed normalized into curated contract; QA recommended
FR,arrêter,Subjonctif,Subjonctif imparfait,nous,arrêtassions,2,reviewed,repo-local legacy seed normalized into curated contract; QA recommended
FR,arrêter,Subjonctif,Subjonctif imparfait,vous,arrêtassiez,2,reviewed,repo-local legacy seed normalized into curated contract; QA recommended
FR,arrêter,Subjonctif,Subjonctif imparfait,ils (elles),arrêtassent,2,reviewed,repo-local legacy seed normalized into curated contract; QA recommended
FR,sentir,Indicatif,Présent,je,sens,2,reviewed,irregular/compound paradigm patched manually; QA recommended
FR,sentir,Indicatif,Présent,tu,sens,2,reviewed,irregular/compound paradigm patched manually; QA recommended
FR,sentir,Indicatif,Présent,"il (elle, on)",sent,2,reviewed,irregular/compound paradigm patched manually; QA recommended
FR,sentir,Indicatif,Présent,nous,sentons,2,reviewed,irregular/compound paradigm patched manually; QA recommended
FR,sentir,Indicatif,Présent,vous,sentez,2,reviewed,irregular/compound paradigm patched manually; QA recommended
FR,sentir,Indicatif,Présent,ils (elles),sentent,2,reviewed,irregular/compound paradigm patched manually; QA recommended
FR,sentir,Indicatif,Futur,je,sentirai,2,reviewed,irregular/compound paradigm patched manually; QA recommended
FR,sentir,Indicatif,Futur,tu,sentiras,2,reviewed,irregular/compound paradigm patched manually; QA recommended
FR,sentir,Indicatif,Futur,"il (elle, on)",sentira,2,reviewed,irregular/compound paradigm patched manually; QA recommended
FR,sentir,Indicatif,Futur,nous,sentirons,2,reviewed,irregular/compound paradigm patched manually; QA recommended
FR,sentir,Indicatif,Futur,vous,sentirez,2,reviewed,irregular/compound paradigm patched manually; QA recommended
FR,sentir,Indicatif,Futur,ils (elles),sentiront,2,reviewed,irregular/compound paradigm patched manually; QA recommended
FR,sentir,Indicatif,Passé composé,je,ai senti,2,reviewed,irregular/compound paradigm patched manually; QA recommended
FR,sentir,Indicatif,Passé composé,tu,as senti,2,reviewed,irregular/compound paradigm patched manually; QA recommended
FR,sentir,Indicatif,Passé composé,"il (elle, on)",a senti,2,reviewed,irregular/compound paradigm patched manually; QA recommended
FR,sentir,Indicatif,Passé composé,nous,avons senti,2,reviewed,irregular/compound paradigm patched manually; QA recommended
FR,sentir,Indicatif,Passé composé,vous,avez senti,2,reviewed,irregular/compound paradigm patched manually; QA recommended
FR,sentir,Indicatif,Passé composé,ils (elles),ont senti,2,reviewed,irregular/compound paradigm patched manually; QA recommended
FR,sentir,Indicatif,Imparfait,je,sentais,2,reviewed,irregular/compound paradigm patched manually; QA recommended
FR,sentir,Indicatif,Imparfait,tu,sentais,2,reviewed,irregular/compound paradigm patched manually; QA recommended
FR,sentir,Indicatif,Imparfait,"il (elle, on)",sentait,2,reviewed,irregular/compound paradigm patched manually; QA recommended
FR,sentir,Indicatif,Imparfait,nous,sentions,2,reviewed,irregular/compound paradigm patched manually; QA recommended
FR,sentir,Indicatif,Imparfait,vous,sentiez,2,reviewed,irregular/compound paradigm patched manually; QA recommended
FR,sentir,Indicatif,Imparfait,ils (elles),sentaient,2,reviewed,irregular/compound paradigm patched manually; QA recommended
FR,sentir,Conditionnel,Conditionnel présent,je,sentirais,2,reviewed,irregular/compound paradigm patched manually; QA recommended
FR,sentir,Conditionnel,Conditionnel présent,tu,sentirais,2,reviewed,irregular/compound paradigm patched manually; QA recommended
FR,sentir,Conditionnel,Conditionnel présent,"il (elle, on)",sentirait,2,reviewed,irregular/compound paradigm patched manually; QA recommended
FR,sentir,Conditionnel,Conditionnel présent,nous,sentirions,2,reviewed,irregular/compound paradigm patched manually; QA recommended
FR,sentir,Conditionnel,Conditionnel présent,vous,sentiriez,2,reviewed,irregular/compound paradigm patched manually; QA recommended
FR,sentir,Conditionnel,Conditionnel présent,ils (elles),sentiraient,2,reviewed,irregular/compound paradigm patched manually; QA recommended
FR,sentir,Impératif,Impératif,je,-,2,reviewed,irregular/compound paradigm patched manually; QA recommended; French imperative only uses tu / nous / vous; placeholder - used for unsupported slot
FR,sentir,Impératif,Impératif,tu,sens,2,reviewed,irregular/compound paradigm patched manually; QA recommended
FR,sentir,Impératif,Impératif,"il (elle, on)",-,2,reviewed,irregular/compound paradigm patched manually; QA recommended; French imperative only uses tu / nous / vous; placeholder - used for unsupported slot
FR,sentir,Impératif,Impératif,nous,sentons,2,reviewed,irregular/compound paradigm patched manually; QA recommended
FR,sentir,Impératif,Impératif,vous,sentez,2,reviewed,irregular/compound paradigm patched manually; QA recommended
FR,sentir,Impératif,Impératif,ils (elles),-,2,reviewed,irregular/compound paradigm patched manually; QA recommended; French imperative only uses tu / nous / vous; placeholder - used for unsupported slot
FR,sentir,Subjonctif,Subjonctif présent,je,sente,2,reviewed,irregular/compound paradigm patched manually; QA recommended
FR,sentir,Subjonctif,Subjonctif présent,tu,sentes,2,reviewed,irregular/compound paradigm patched manually; QA recommended
FR,sentir,Subjonctif,Subjonctif présent,"il (elle, on)",sente,2,reviewed,irregular/compound paradigm patched manually; QA recommended
FR,sentir,Subjonctif,Subjonctif présent,nous,sentions,2,reviewed,irregular/compound paradigm patched manually; QA recommended
FR,sentir,Subjonctif,Subjonctif présent,vous,sentiez,2,reviewed,irregular/compound paradigm patched manually; QA recommended
FR,sentir,Subjonctif,Subjonctif présent,ils (elles),sentent,2,reviewed,irregular/compound paradigm patched manually; QA recommended
FR,sentir,Indicatif,Passé Simple,je,sentis,2,reviewed,irregular/compound paradigm patched manually; QA recommended
FR,sentir,Indicatif,Passé Simple,tu,sentis,2,reviewed,irregular/compound paradigm patched manually; QA recommended
FR,sentir,Indicatif,Passé Simple,"il (elle, on)",sentit,2,reviewed,irregular/compound paradigm patched manually; QA recommended
FR,sentir,Indicatif,Passé Simple,nous,sentîmes,2,reviewed,irregular/compound paradigm patched manually; QA recommended
FR,sentir,Indicatif,Passé Simple,vous,sentîtes,2,reviewed,irregular/compound paradigm patched manually; QA recommended
FR,sentir,Indicatif,Passé Simple,ils (elles),sentirent,2,reviewed,irregular/compound paradigm patched manually; QA recommended
FR,sentir,Subjonctif,Subjonctif imparfait,je,sentisse,2,reviewed,irregular/compound paradigm patched manually; QA recommended
FR,sentir,Subjonctif,Subjonctif imparfait,tu,sentisses,2,reviewed,irregular/compound paradigm patched manually; QA recommended
FR,sentir,Subjonctif,Subjonctif imparfait,"il (elle, on)",sentît,2,reviewed,irregular/compound paradigm patched manually; QA recommended
FR,sentir,Subjonctif,Subjonctif imparfait,nous,sentissions,2,reviewed,irregular/compound paradigm patched manually; QA recommended
FR,sentir,Subjonctif,Subjonctif imparfait,vous,sentissiez,2,reviewed,irregular/compound paradigm patched manually; QA recommended
FR,sentir,Subjonctif,Subjonctif imparfait,ils (elles),sentissent,2,reviewed,irregular/compound paradigm patched manually; QA recommended
FR,atteindre,Indicatif,Présent,je,atteins,2,reviewed,irregular/compound paradigm patched manually; QA recommended
FR,atteindre,Indicatif,Présent,tu,atteins,2,reviewed,irregular/compound paradigm patched manually; QA recommended
FR,atteindre,Indicatif,Présent,"il (elle, on)",atteint,2,reviewed,irregular/compound paradigm patched manually; QA recommended
FR,atteindre,Indicatif,Présent,nous,atteignons,2,reviewed,irregular/compound paradigm patched manually; QA recommended
FR,atteindre,Indicatif,Présent,vous,atteignez,2,reviewed,irregular/compound paradigm patched manually; QA recommended
FR,atteindre,Indicatif,Présent,ils (elles),atteignent,2,reviewed,irregular/compound paradigm patched manually; QA recommended
FR,atteindre,Indicatif,Futur,je,atteindrai,2,reviewed,irregular/compound paradigm patched manually; QA recommended
FR,atteindre,Indicatif,Futur,tu,atteindras,2,reviewed,irregular/compound paradigm patched manually; QA recommended
FR,atteindre,Indicatif,Futur,"il (elle, on)",atteindra,2,reviewed,irregular/compound paradigm patched manually; QA recommended
FR,atteindre,Indicatif,Futur,nous,atteindrons,2,reviewed,irregular/compound paradigm patched manually; QA recommended
FR,atteindre,Indicatif,Futur,vous,atteindrez,2,reviewed,irregular/compound paradigm patched manually; QA recommended
FR,atteindre,Indicatif,Futur,ils (elles),atteindront,2,reviewed,irregular/compound paradigm patched manually; QA recommended
FR,atteindre,Indicatif,Passé composé,je,ai atteint,2,reviewed,irregular/compound paradigm patched manually; QA recommended
FR,atteindre,Indicatif,Passé composé,tu,as atteint,2,reviewed,irregular/compound paradigm patched manually; QA recommended
FR,atteindre,Indicatif,Passé composé,"il (elle, on)",a atteint,2,reviewed,irregular/compound paradigm patched manually; QA recommended
FR,atteindre,Indicatif,Passé composé,nous,avons atteint,2,reviewed,irregular/compound paradigm patched manually; QA recommended
FR,atteindre,Indicatif,Passé composé,vous,avez atteint,2,reviewed,irregular/compound paradigm patched manually; QA recommended
FR,atteindre,Indicatif,Passé composé,ils (elles),ont atteint,2,reviewed,irregular/compound paradigm patched manually; QA recommended
FR,atteindre,Indicatif,Imparfait,je,atteignais,2,reviewed,irregular/compound paradigm patched manually; QA recommended
FR,atteindre,Indicatif,Imparfait,tu,atteignais,2,reviewed,irregular/compound paradigm patched manually; QA recommended
FR,atteindre,Indicatif,Imparfait,"il (elle, on)",atteignait,2,reviewed,irregular/compound paradigm patched manually; QA recommended
FR,atteindre,Indicatif,Imparfait,nous,atteignions,2,reviewed,irregular/compound paradigm patched manually; QA recommended
FR,atteindre,Indicatif,Imparfait,vous,atteigniez,2,reviewed,irregular/compound paradigm patched manually; QA recommended
FR,atteindre,Indicatif,Imparfait,ils (elles),atteignaient,2,reviewed,irregular/compound paradigm patched manually; QA recommended
FR,atteindre,Conditionnel,Conditionnel présent,je,atteindrais,2,reviewed,irregular/compound paradigm patched manually; QA recommended
FR,atteindre,Conditionnel,Conditionnel présent,tu,atteindrais,2,reviewed,irregular/compound paradigm patched manually; QA recommended
FR,atteindre,Conditionnel,Conditionnel présent,"il (elle, on)",atteindrait,2,reviewed,irregular/compound paradigm patched manually; QA recommended
FR,atteindre,Conditionnel,Conditionnel présent,nous,atteindrions,2,reviewed,irregular/compound paradigm patched manually; QA recommended
FR,atteindre,Conditionnel,Conditionnel présent,vous,atteindriez,2,reviewed,irregular/compound paradigm patched manually; QA recommended
FR,atteindre,Conditionnel,Conditionnel présent,ils (elles),atteindraient,2,reviewed,irregular/compound paradigm patched manually; QA recommended
FR,atteindre,Impératif,Impératif,je,-,2,reviewed,irregular/compound paradigm patched manually; QA recommended; French imperative only uses tu / nous / vous; placeholder - used for unsupported slot
FR,atteindre,Impératif,Impératif,tu,atteins,2,reviewed,irregular/compound paradigm patched manually; QA recommended
FR,atteindre,Impératif,Impératif,"il (elle, on)",-,2,reviewed,irregular/compound paradigm patched manually; QA recommended; French imperative only uses tu / nous / vous; placeholder - used for unsupported slot
FR,atteindre,Impératif,Impératif,nous,atteignons,2,reviewed,irregular/compound paradigm patched manually; QA recommended
FR,atteindre,Impératif,Impératif,vous,atteignez,2,reviewed,irregular/compound paradigm patched manually; QA recommended
FR,atteindre,Impératif,Impératif,ils (elles),-,2,reviewed,irregular/compound paradigm patched manually; QA recommended; French imperative only uses tu / nous / vous; placeholder - used for unsupported slot
FR,atteindre,Subjonctif,Subjonctif présent,je,atteigne,2,reviewed,irregular/compound paradigm patched manually; QA recommended
FR,atteindre,Subjonctif,Subjonctif présent,tu,atteignes,2,reviewed,irregular/compound paradigm patched manually; QA recommended
FR,atteindre,Subjonctif,Subjonctif présent,"il (elle, on)",atteigne,2,reviewed,irregular/compound paradigm patched manually; QA recommended
FR,atteindre,Subjonctif,Subjonctif présent,nous,atteignions,2,reviewed,irregular/compound paradigm patched manually; QA recommended
FR,atteindre,Subjonctif,Subjonctif présent,vous,atteigniez,2,reviewed,irregular/compound paradigm patched manually; QA recommended
FR,atteindre,Subjonctif,Subjonctif présent,ils (elles),atteignent,2,reviewed,irregular/compound paradigm patched manually; QA recommended
FR,atteindre,Indicatif,Passé Simple,je,atteignis,2,reviewed,irregular/compound paradigm patched manually; QA recommended
FR,atteindre,Indicatif,Passé Simple,tu,atteignis,2,reviewed,irregular/compound paradigm patched manually; QA recommended
FR,atteindre,Indicatif,Passé Simple,"il (elle, on)",atteignit,2,reviewed,irregular/compound paradigm patched manually; QA recommended
FR,atteindre,Indicatif,Passé Simple,nous,atteignîmes,2,reviewed,irregular/compound paradigm patched manually; QA recommended
FR,atteindre,Indicatif,Passé Simple,vous,atteignîtes,2,reviewed,irregular/compound paradigm patched manually; QA recommended
FR,atteindre,Indicatif,Passé Simple,ils (elles),atteignirent,2,reviewed,irregular/compound paradigm patched manually; QA recommended
FR,atteindre,Subjonctif,Subjonctif imparfait,je,atteignisse,2,reviewed,irregular/compound paradigm patched manually; QA recommended
FR,atteindre,Subjonctif,Subjonctif imparfait,tu,atteignisses,2,reviewed,irregular/compound paradigm patched manually; QA recommended
FR,atteindre,Subjonctif,Subjonctif imparfait,"il (elle, on)",atteignît,2,reviewed,irregular/compound paradigm patched manually; QA recommended
FR,atteindre,Subjonctif,Subjonctif imparfait,nous,atteignissions,2,reviewed,irregular/compound paradigm patched manually; QA recommended
FR,atteindre,Subjonctif,Subjonctif imparfait,vous,atteignissiez,2,reviewed,irregular/compound paradigm patched manually; QA recommended
FR,atteindre,Subjonctif,Subjonctif imparfait,ils (elles),atteignissent,2,reviewed,irregular/compound paradigm patched manually; QA recommended
FR,revenir,Indicatif,Présent,je,reviens,2,reviewed,irregular/compound paradigm patched manually; QA recommended
FR,revenir,Indicatif,Présent,tu,reviens,2,reviewed,irregular/compound paradigm patched manually; QA recommended
FR,revenir,Indicatif,Présent,"il (elle, on)",revient,2,reviewed,irregular/compound paradigm patched manually; QA recommended
FR,revenir,Indicatif,Présent,nous,revenons,2,reviewed,irregular/compound paradigm patched manually; QA recommended
FR,revenir,Indicatif,Présent,vous,revenez,2,reviewed,irregular/compound paradigm patched manually; QA recommended
FR,revenir,Indicatif,Présent,ils (elles),reviennent,2,reviewed,irregular/compound paradigm patched manually; QA recommended
FR,revenir,Indicatif,Futur,je,reviendrai,2,reviewed,irregular/compound paradigm patched manually; QA recommended
FR,revenir,Indicatif,Futur,tu,reviendras,2,reviewed,irregular/compound paradigm patched manually; QA recommended
FR,revenir,Indicatif,Futur,"il (elle, on)",reviendra,2,reviewed,irregular/compound paradigm patched manually; QA recommended
FR,revenir,Indicatif,Futur,nous,reviendrons,2,reviewed,irregular/compound paradigm patched manually; QA recommended
FR,revenir,Indicatif,Futur,vous,reviendrez,2,reviewed,irregular/compound paradigm patched manually; QA recommended
FR,revenir,Indicatif,Futur,ils (elles),reviendront,2,reviewed,irregular/compound paradigm patched manually; QA recommended
FR,revenir,Indicatif,Passé composé,je,suis revenu(e),2,reviewed,irregular/compound paradigm patched manually; QA recommended
FR,revenir,Indicatif,Passé composé,tu,es revenu(e),2,reviewed,irregular/compound paradigm patched manually; QA recommended
FR,revenir,Indicatif,Passé composé,"il (elle, on)",est revenu(e),2,reviewed,irregular/compound paradigm patched manually; QA recommended
FR,revenir,Indicatif,Passé composé,nous,sommes revenu(e)s,2,reviewed,irregular/compound paradigm patched manually; QA recommended
FR,revenir,Indicatif,Passé composé,vous,êtes revenu(e)(s),2,reviewed,irregular/compound paradigm patched manually; QA recommended
FR,revenir,Indicatif,Passé composé,ils (elles),sont revenu(e)s,2,reviewed,irregular/compound paradigm patched manually; QA recommended
FR,revenir,Indicatif,Imparfait,je,revenais,2,reviewed,irregular/compound paradigm patched manually; QA recommended
FR,revenir,Indicatif,Imparfait,tu,revenais,2,reviewed,irregular/compound paradigm patched manually; QA recommended
FR,revenir,Indicatif,Imparfait,"il (elle, on)",revenait,2,reviewed,irregular/compound paradigm patched manually; QA recommended
FR,revenir,Indicatif,Imparfait,nous,revenions,2,reviewed,irregular/compound paradigm patched manually; QA recommended
FR,revenir,Indicatif,Imparfait,vous,reveniez,2,reviewed,irregular/compound paradigm patched manually; QA recommended
FR,revenir,Indicatif,Imparfait,ils (elles),revenaient,2,reviewed,irregular/compound paradigm patched manually; QA recommended
FR,revenir,Conditionnel,Conditionnel présent,je,reviendrais,2,reviewed,irregular/compound paradigm patched manually; QA recommended
FR,revenir,Conditionnel,Conditionnel présent,tu,reviendrais,2,reviewed,irregular/compound paradigm patched manually; QA recommended
FR,revenir,Conditionnel,Conditionnel présent,"il (elle, on)",reviendrait,2,reviewed,irregular/compound paradigm patched manually; QA recommended
FR,revenir,Conditionnel,Conditionnel présent,nous,reviendrions,2,reviewed,irregular/compound paradigm patched manually; QA recommended
FR,revenir,Conditionnel,Conditionnel présent,vous,reviendriez,2,reviewed,irregular/compound paradigm patched manually; QA recommended
FR,revenir,Conditionnel,Conditionnel présent,ils (elles),reviendraient,2,reviewed,irregular/compound paradigm patched manually; QA recommended
FR,revenir,Impératif,Impératif,je,-,2,reviewed,irregular/compound paradigm patched manually; QA recommended; French imperative only uses tu / nous / vous; placeholder - used for unsupported slot
FR,revenir,Impératif,Impératif,tu,reviens,2,reviewed,irregular/compound paradigm patched manually; QA recommended
FR,revenir,Impératif,Impératif,"il (elle, on)",-,2,reviewed,irregular/compound paradigm patched manually; QA recommended; French imperative only uses tu / nous / vous; placeholder - used for unsupported slot
FR,revenir,Impératif,Impératif,nous,revenons,2,reviewed,irregular/compound paradigm patched manually; QA recommended
FR,revenir,Impératif,Impératif,vous,revenez,2,reviewed,irregular/compound paradigm patched manually; QA recommended
FR,revenir,Impératif,Impératif,ils (elles),-,2,reviewed,irregular/compound paradigm patched manually; QA recommended; French imperative only uses tu / nous / vous; placeholder - used for unsupported slot
FR,revenir,Subjonctif,Subjonctif présent,je,revienne,2,reviewed,irregular/compound paradigm patched manually; QA recommended
FR,revenir,Subjonctif,Subjonctif présent,tu,reviennes,2,reviewed,irregular/compound paradigm patched manually; QA recommended
FR,revenir,Subjonctif,Subjonctif présent,"il (elle, on)",revienne,2,reviewed,irregular/compound paradigm patched manually; QA recommended
FR,revenir,Subjonctif,Subjonctif présent,nous,revenions,2,reviewed,irregular/compound paradigm patched manually; QA recommended
FR,revenir,Subjonctif,Subjonctif présent,vous,reveniez,2,reviewed,irregular/compound paradigm patched manually; QA recommended
FR,revenir,Subjonctif,Subjonctif présent,ils (elles),reviennent,2,reviewed,irregular/compound paradigm patched manually; QA recommended
FR,revenir,Indicatif,Passé Simple,je,revins,2,reviewed,irregular/compound paradigm patched manually; QA recommended
FR,revenir,Indicatif,Passé Simple,tu,revins,2,reviewed,irregular/compound paradigm patched manually; QA recommended
FR,revenir,Indicatif,Passé Simple,"il (elle, on)",revint,2,reviewed,irregular/compound paradigm patched manually; QA recommended
FR,revenir,Indicatif,Passé Simple,nous,revînmes,2,reviewed,irregular/compound paradigm patched manually; QA recommended
FR,revenir,Indicatif,Passé Simple,vous,revîntes,2,reviewed,irregular/compound paradigm patched manually; QA recommended
FR,revenir,Indicatif,Passé Simple,ils (elles),revinrent,2,reviewed,irregular/compound paradigm patched manually; QA recommended
FR,revenir,Subjonctif,Subjonctif imparfait,je,revinsse,2,reviewed,irregular/compound paradigm patched manually; QA recommended
FR,revenir,Subjonctif,Subjonctif imparfait,tu,revinsses,2,reviewed,irregular/compound paradigm patched manually; QA recommended
FR,revenir,Subjonctif,Subjonctif imparfait,"il (elle, on)",revînt,2,reviewed,irregular/compound paradigm patched manually; QA recommended
FR,revenir,Subjonctif,Subjonctif imparfait,nous,revinssions,2,reviewed,irregular/compound paradigm patched manually; QA recommended
FR,revenir,Subjonctif,Subjonctif imparfait,vous,revinssiez,2,reviewed,irregular/compound paradigm patched manually; QA recommended
FR,revenir,Subjonctif,Subjonctif imparfait,ils (elles),revinssent,2,reviewed,irregular/compound paradigm patched manually; QA recommended
FR,devoir,Indicatif,Présent,je,dois,2,reviewed,irregular/compound paradigm patched manually; QA recommended
FR,devoir,Indicatif,Présent,tu,dois,2,reviewed,irregular/compound paradigm patched manually; QA recommended
FR,devoir,Indicatif,Présent,"il (elle, on)",doit,2,reviewed,irregular/compound paradigm patched manually; QA recommended
FR,devoir,Indicatif,Présent,nous,devons,2,reviewed,irregular/compound paradigm patched manually; QA recommended
FR,devoir,Indicatif,Présent,vous,devez,2,reviewed,irregular/compound paradigm patched manually; QA recommended
FR,devoir,Indicatif,Présent,ils (elles),doivent,2,reviewed,irregular/compound paradigm patched manually; QA recommended
FR,devoir,Indicatif,Futur,je,devrai,2,reviewed,irregular/compound paradigm patched manually; QA recommended
FR,devoir,Indicatif,Futur,tu,devras,2,reviewed,irregular/compound paradigm patched manually; QA recommended
FR,devoir,Indicatif,Futur,"il (elle, on)",devra,2,reviewed,irregular/compound paradigm patched manually; QA recommended
FR,devoir,Indicatif,Futur,nous,devrons,2,reviewed,irregular/compound paradigm patched manually; QA recommended
FR,devoir,Indicatif,Futur,vous,devrez,2,reviewed,irregular/compound paradigm patched manually; QA recommended
FR,devoir,Indicatif,Futur,ils (elles),devront,2,reviewed,irregular/compound paradigm patched manually; QA recommended
FR,devoir,Indicatif,Passé composé,je,ai dû,2,reviewed,irregular/compound paradigm patched manually; QA recommended
FR,devoir,Indicatif,Passé composé,tu,as dû,2,reviewed,irregular/compound paradigm patched manually; QA recommended
FR,devoir,Indicatif,Passé composé,"il (elle, on)",a dû,2,reviewed,irregular/compound paradigm patched manually; QA recommended
FR,devoir,Indicatif,Passé composé,nous,avons dû,2,reviewed,irregular/compound paradigm patched manually; QA recommended
FR,devoir,Indicatif,Passé composé,vous,avez dû,2,reviewed,irregular/compound paradigm patched manually; QA recommended
FR,devoir,Indicatif,Passé composé,ils (elles),ont dû,2,reviewed,irregular/compound paradigm patched manually; QA recommended
FR,devoir,Indicatif,Imparfait,je,devais,2,reviewed,irregular/compound paradigm patched manually; QA recommended
FR,devoir,Indicatif,Imparfait,tu,devais,2,reviewed,irregular/compound paradigm patched manually; QA recommended
FR,devoir,Indicatif,Imparfait,"il (elle, on)",devait,2,reviewed,irregular/compound paradigm patched manually; QA recommended
FR,devoir,Indicatif,Imparfait,nous,devions,2,reviewed,irregular/compound paradigm patched manually; QA recommended
FR,devoir,Indicatif,Imparfait,vous,deviez,2,reviewed,irregular/compound paradigm patched manually; QA recommended
FR,devoir,Indicatif,Imparfait,ils (elles),devaient,2,reviewed,irregular/compound paradigm patched manually; QA recommended
FR,devoir,Conditionnel,Conditionnel présent,je,devrais,2,reviewed,irregular/compound paradigm patched manually; QA recommended
FR,devoir,Conditionnel,Conditionnel présent,tu,devrais,2,reviewed,irregular/compound paradigm patched manually; QA recommended
FR,devoir,Conditionnel,Conditionnel présent,"il (elle, on)",devrait,2,reviewed,irregular/compound paradigm patched manually; QA recommended
FR,devoir,Conditionnel,Conditionnel présent,nous,devrions,2,reviewed,irregular/compound paradigm patched manually; QA recommended
FR,devoir,Conditionnel,Conditionnel présent,vous,devriez,2,reviewed,irregular/compound paradigm patched manually; QA recommended
FR,devoir,Conditionnel,Conditionnel présent,ils (elles),devraient,2,reviewed,irregular/compound paradigm patched manually; QA recommended
FR,devoir,Impératif,Impératif,je,-,2,reviewed,irregular/compound paradigm patched manually; QA recommended; French imperative only uses tu / nous / vous; placeholder - used for unsupported slot
FR,devoir,Impératif,Impératif,tu,dois,2,reviewed,irregular/compound paradigm patched manually; QA recommended
FR,devoir,Impératif,Impératif,"il (elle, on)",-,2,reviewed,irregular/compound paradigm patched manually; QA recommended; French imperative only uses tu / nous / vous; placeholder - used for unsupported slot
FR,devoir,Impératif,Impératif,nous,devons,2,reviewed,irregular/compound paradigm patched manually; QA recommended
FR,devoir,Impératif,Impératif,vous,devez,2,reviewed,irregular/compound paradigm patched manually; QA recommended
FR,devoir,Impératif,Impératif,ils (elles),-,2,reviewed,irregular/compound paradigm patched manually; QA recommended; French imperative only uses tu / nous / vous; placeholder - used for unsupported slot
FR,devoir,Subjonctif,Subjonctif présent,je,doive,2,reviewed,irregular/compound paradigm patched manually; QA recommended
FR,devoir,Subjonctif,Subjonctif présent,tu,doives,2,reviewed,irregular/compound paradigm patched manually; QA recommended
FR,devoir,Subjonctif,Subjonctif présent,"il (elle, on)",doive,2,reviewed,irregular/compound paradigm patched manually; QA recommended
FR,devoir,Subjonctif,Subjonctif présent,nous,devions,2,reviewed,irregular/compound paradigm patched manually; QA recommended
FR,devoir,Subjonctif,Subjonctif présent,vous,deviez,2,reviewed,irregular/compound paradigm patched manually; QA recommended
FR,devoir,Subjonctif,Subjonctif présent,ils (elles),doivent,2,reviewed,irregular/compound paradigm patched manually; QA recommended
FR,devoir,Indicatif,Passé Simple,je,dus,2,reviewed,irregular/compound paradigm patched manually; QA recommended
FR,devoir,Indicatif,Passé Simple,tu,dus,2,reviewed,irregular/compound paradigm patched manually; QA recommended
FR,devoir,Indicatif,Passé Simple,"il (elle, on)",dut,2,reviewed,irregular/compound paradigm patched manually; QA recommended
FR,devoir,Indicatif,Passé Simple,nous,dûmes,2,reviewed,irregular/compound paradigm patched manually; QA recommended
FR,devoir,Indicatif,Passé Simple,vous,dûtes,2,reviewed,irregular/compound paradigm patched manually; QA recommended
FR,devoir,Indicatif,Passé Simple,ils (elles),durent,2,reviewed,irregular/compound paradigm patched manually; QA recommended
FR,devoir,Subjonctif,Subjonctif imparfait,je,dusse,2,reviewed,irregular/compound paradigm patched manually; QA recommended
FR,devoir,Subjonctif,Subjonctif imparfait,tu,dusses,2,reviewed,irregular/compound paradigm patched manually; QA recommended
FR,devoir,Subjonctif,Subjonctif imparfait,"il (elle, on)",dût,2,reviewed,irregular/compound paradigm patched manually; QA recommended
FR,devoir,Subjonctif,Subjonctif imparfait,nous,dussions,2,reviewed,irregular/compound paradigm patched manually; QA recommended
FR,devoir,Subjonctif,Subjonctif imparfait,vous,dussiez,2,reviewed,irregular/compound paradigm patched manually; QA recommended
FR,devoir,Subjonctif,Subjonctif imparfait,ils (elles),dussent,2,reviewed,irregular/compound paradigm patched manually; QA recommended
FR,changer,Indicatif,Présent,je,change,2,reviewed,repo-local legacy seed normalized into curated contract; QA recommended
FR,changer,Indicatif,Présent,tu,changes,2,reviewed,repo-local legacy seed normalized into curated contract; QA recommended
FR,changer,Indicatif,Présent,"il (elle, on)",change,2,reviewed,repo-local legacy seed normalized into curated contract; QA recommended
FR,changer,Indicatif,Présent,nous,changeons,2,reviewed,repo-local legacy seed normalized into curated contract; QA recommended
FR,changer,Indicatif,Présent,vous,changez,2,reviewed,repo-local legacy seed normalized into curated contract; QA recommended
FR,changer,Indicatif,Présent,ils (elles),changent,2,reviewed,repo-local legacy seed normalized into curated contract; QA recommended
FR,changer,Indicatif,Futur,je,changerai,2,reviewed,repo-local legacy seed normalized into curated contract; QA recommended
FR,changer,Indicatif,Futur,tu,changeras,2,reviewed,repo-local legacy seed normalized into curated contract; QA recommended
FR,changer,Indicatif,Futur,"il (elle, on)",changera,2,reviewed,repo-local legacy seed normalized into curated contract; QA recommended
FR,changer,Indicatif,Futur,nous,changerons,2,reviewed,repo-local legacy seed normalized into curated contract; QA recommended
FR,changer,Indicatif,Futur,vous,changerez,2,reviewed,repo-local legacy seed normalized into curated contract; QA recommended
FR,changer,Indicatif,Futur,ils (elles),changeront,2,reviewed,repo-local legacy seed normalized into curated contract; QA recommended
FR,changer,Indicatif,Passé composé,je,ai changé,2,reviewed,repo-local legacy seed normalized into curated contract; QA recommended
FR,changer,Indicatif,Passé composé,tu,as changé,2,reviewed,repo-local legacy seed normalized into curated contract; QA recommended
FR,changer,Indicatif,Passé composé,"il (elle, on)",a changé,2,reviewed,repo-local legacy seed normalized into curated contract; QA recommended
FR,changer,Indicatif,Passé composé,nous,avons changé,2,reviewed,repo-local legacy seed normalized into curated contract; QA recommended
FR,changer,Indicatif,Passé composé,vous,avez changé,2,reviewed,repo-local legacy seed normalized into curated contract; QA recommended
FR,changer,Indicatif,Passé composé,ils (elles),ont changé,2,reviewed,repo-local legacy seed normalized into curated contract; QA recommended
FR,changer,Indicatif,Imparfait,je,changeais,2,reviewed,repo-local legacy seed normalized into curated contract; QA recommended
FR,changer,Indicatif,Imparfait,tu,changeais,2,reviewed,repo-local legacy seed normalized into curated contract; QA recommended
FR,changer,Indicatif,Imparfait,"il (elle, on)",changeait,2,reviewed,repo-local legacy seed normalized into curated contract; QA recommended
FR,changer,Indicatif,Imparfait,nous,changions,2,reviewed,repo-local legacy seed normalized into curated contract; QA recommended
FR,changer,Indicatif,Imparfait,vous,changiez,2,reviewed,repo-local legacy seed normalized into curated contract; QA recommended
FR,changer,Indicatif,Imparfait,ils (elles),changeaient,2,reviewed,repo-local legacy seed normalized into curated contract; QA recommended
FR,changer,Conditionnel,Conditionnel présent,je,changerais,2,reviewed,repo-local legacy seed normalized into curated contract; QA recommended
FR,changer,Conditionnel,Conditionnel présent,tu,changerais,2,reviewed,repo-local legacy seed normalized into curated contract; QA recommended
FR,changer,Conditionnel,Conditionnel présent,"il (elle, on)",changerait,2,reviewed,repo-local legacy seed normalized into curated contract; QA recommended
FR,changer,Conditionnel,Conditionnel présent,nous,changerions,2,reviewed,repo-local legacy seed normalized into curated contract; QA recommended
FR,changer,Conditionnel,Conditionnel présent,vous,changeriez,2,reviewed,repo-local legacy seed normalized into curated contract; QA recommended
FR,changer,Conditionnel,Conditionnel présent,ils (elles),changeraient,2,reviewed,repo-local legacy seed normalized into curated contract; QA recommended
FR,changer,Impératif,Impératif,je,-,2,reviewed,repo-local legacy seed normalized into curated contract; QA recommended; French imperative only uses tu / nous / vous; placeholder - used for unsupported slot
FR,changer,Impératif,Impératif,tu,change,2,reviewed,repo-local legacy seed normalized into curated contract; QA recommended
FR,changer,Impératif,Impératif,"il (elle, on)",-,2,reviewed,repo-local legacy seed normalized into curated contract; QA recommended; French imperative only uses tu / nous / vous; placeholder - used for unsupported slot
FR,changer,Impératif,Impératif,nous,changeons,2,reviewed,repo-local legacy seed normalized into curated contract; QA recommended
FR,changer,Impératif,Impératif,vous,changez,2,reviewed,repo-local legacy seed normalized into curated contract; QA recommended
FR,changer,Impératif,Impératif,ils (elles),-,2,reviewed,repo-local legacy seed normalized into curated contract; QA recommended; French imperative only uses tu / nous / vous; placeholder - used for unsupported slot
FR,changer,Subjonctif,Subjonctif présent,je,change,2,reviewed,repo-local legacy seed normalized into curated contract; QA recommended
FR,changer,Subjonctif,Subjonctif présent,tu,changes,2,reviewed,repo-local legacy seed normalized into curated contract; QA recommended
FR,changer,Subjonctif,Subjonctif présent,"il (elle, on)",change,2,reviewed,repo-local legacy seed normalized into curated contract; QA recommended
FR,changer,Subjonctif,Subjonctif présent,nous,changions,2,reviewed,repo-local legacy seed normalized into curated contract; QA recommended
FR,changer,Subjonctif,Subjonctif présent,vous,changiez,2,reviewed,repo-local legacy seed normalized into curated contract; QA recommended
FR,changer,Subjonctif,Subjonctif présent,ils (elles),changent,2,reviewed,repo-local legacy seed normalized into curated contract; QA recommended
FR,changer,Indicatif,Passé Simple,je,changeai,2,reviewed,repo-local legacy seed normalized into curated contract; QA recommended
FR,changer,Indicatif,Passé Simple,tu,changeas,2,reviewed,repo-local legacy seed normalized into curated contract; QA recommended
FR,changer,Indicatif,Passé Simple,"il (elle, on)",changea,2,reviewed,repo-local legacy seed normalized into curated contract; QA recommended
FR,changer,Indicatif,Passé Simple,nous,changeâmes,2,reviewed,repo-local legacy seed normalized into curated contract; QA recommended
FR,changer,Indicatif,Passé Simple,vous,changeâtes,2,reviewed,repo-local legacy seed normalized into curated contract; QA recommended
FR,changer,Indicatif,Passé Simple,ils (elles),changèrent,2,reviewed,repo-local legacy seed normalized into curated contract; QA recommended
FR,changer,Subjonctif,Subjonctif imparfait,je,changeasse,2,reviewed,repo-local legacy seed normalized into curated contract; QA recommended
FR,changer,Subjonctif,Subjonctif imparfait,tu,changeasses,2,reviewed,repo-local legacy seed normalized into curated contract; QA recommended
FR,changer,Subjonctif,Subjonctif imparfait,"il (elle, on)",changeât,2,reviewed,repo-local legacy seed normalized into curated contract; QA recommended
FR,changer,Subjonctif,Subjonctif imparfait,nous,changeassions,2,reviewed,repo-local legacy seed normalized into curated contract; QA recommended
FR,changer,Subjonctif,Subjonctif imparfait,vous,changeassiez,2,reviewed,repo-local legacy seed normalized into curated contract; QA recommended
FR,changer,Subjonctif,Subjonctif imparfait,ils (elles),changeassent,2,reviewed,repo-local legacy seed normalized into curated contract; QA recommended
FR,dormir,Indicatif,Présent,je,dors,2,reviewed,irregular/compound paradigm patched manually; QA recommended
FR,dormir,Indicatif,Présent,tu,dors,2,reviewed,irregular/compound paradigm patched manually; QA recommended
FR,dormir,Indicatif,Présent,"il (elle, on)",dort,2,reviewed,irregular/compound paradigm patched manually; QA recommended
FR,dormir,Indicatif,Présent,nous,dormons,2,reviewed,irregular/compound paradigm patched manually; QA recommended
FR,dormir,Indicatif,Présent,vous,dormez,2,reviewed,irregular/compound paradigm patched manually; QA recommended
FR,dormir,Indicatif,Présent,ils (elles),dorment,2,reviewed,irregular/compound paradigm patched manually; QA recommended
FR,dormir,Indicatif,Futur,je,dormirai,2,reviewed,irregular/compound paradigm patched manually; QA recommended
FR,dormir,Indicatif,Futur,tu,dormiras,2,reviewed,irregular/compound paradigm patched manually; QA recommended
FR,dormir,Indicatif,Futur,"il (elle, on)",dormira,2,reviewed,irregular/compound paradigm patched manually; QA recommended
FR,dormir,Indicatif,Futur,nous,dormirons,2,reviewed,irregular/compound paradigm patched manually; QA recommended
FR,dormir,Indicatif,Futur,vous,dormirez,2,reviewed,irregular/compound paradigm patched manually; QA recommended
FR,dormir,Indicatif,Futur,ils (elles),dormiront,2,reviewed,irregular/compound paradigm patched manually; QA recommended
FR,dormir,Indicatif,Passé composé,je,ai dormi,2,reviewed,irregular/compound paradigm patched manually; QA recommended
FR,dormir,Indicatif,Passé composé,tu,as dormi,2,reviewed,irregular/compound paradigm patched manually; QA recommended
FR,dormir,Indicatif,Passé composé,"il (elle, on)",a dormi,2,reviewed,irregular/compound paradigm patched manually; QA recommended
FR,dormir,Indicatif,Passé composé,nous,avons dormi,2,reviewed,irregular/compound paradigm patched manually; QA recommended
FR,dormir,Indicatif,Passé composé,vous,avez dormi,2,reviewed,irregular/compound paradigm patched manually; QA recommended
FR,dormir,Indicatif,Passé composé,ils (elles),ont dormi,2,reviewed,irregular/compound paradigm patched manually; QA recommended
FR,dormir,Indicatif,Imparfait,je,dormais,2,reviewed,irregular/compound paradigm patched manually; QA recommended
FR,dormir,Indicatif,Imparfait,tu,dormais,2,reviewed,irregular/compound paradigm patched manually; QA recommended
FR,dormir,Indicatif,Imparfait,"il (elle, on)",dormait,2,reviewed,irregular/compound paradigm patched manually; QA recommended
FR,dormir,Indicatif,Imparfait,nous,dormions,2,reviewed,irregular/compound paradigm patched manually; QA recommended
FR,dormir,Indicatif,Imparfait,vous,dormiez,2,reviewed,irregular/compound paradigm patched manually; QA recommended
FR,dormir,Indicatif,Imparfait,ils (elles),dormaient,2,reviewed,irregular/compound paradigm patched manually; QA recommended
FR,dormir,Conditionnel,Conditionnel présent,je,dormirais,2,reviewed,irregular/compound paradigm patched manually; QA recommended
FR,dormir,Conditionnel,Conditionnel présent,tu,dormirais,2,reviewed,irregular/compound paradigm patched manually; QA recommended
FR,dormir,Conditionnel,Conditionnel présent,"il (elle, on)",dormirait,2,reviewed,irregular/compound paradigm patched manually; QA recommended
FR,dormir,Conditionnel,Conditionnel présent,nous,dormirions,2,reviewed,irregular/compound paradigm patched manually; QA recommended
FR,dormir,Conditionnel,Conditionnel présent,vous,dormiriez,2,reviewed,irregular/compound paradigm patched manually; QA recommended
FR,dormir,Conditionnel,Conditionnel présent,ils (elles),dormiraient,2,reviewed,irregular/compound paradigm patched manually; QA recommended
FR,dormir,Impératif,Impératif,je,-,2,reviewed,irregular/compound paradigm patched manually; QA recommended; French imperative only uses tu / nous / vous; placeholder - used for unsupported slot
FR,dormir,Impératif,Impératif,tu,dors,2,reviewed,irregular/compound paradigm patched manually; QA recommended
FR,dormir,Impératif,Impératif,"il (elle, on)",-,2,reviewed,irregular/compound paradigm patched manually; QA recommended; French imperative only uses tu / nous / vous; placeholder - used for unsupported slot
FR,dormir,Impératif,Impératif,nous,dormons,2,reviewed,irregular/compound paradigm patched manually; QA recommended
FR,dormir,Impératif,Impératif,vous,dormez,2,reviewed,irregular/compound paradigm patched manually; QA recommended
FR,dormir,Impératif,Impératif,ils (elles),-,2,reviewed,irregular/compound paradigm patched manually; QA recommended; French imperative only uses tu / nous / vous; placeholder - used for unsupported slot
FR,dormir,Subjonctif,Subjonctif présent,je,dorme,2,reviewed,irregular/compound paradigm patched manually; QA recommended
FR,dormir,Subjonctif,Subjonctif présent,tu,dormes,2,reviewed,irregular/compound paradigm patched manually; QA recommended
FR,dormir,Subjonctif,Subjonctif présent,"il (elle, on)",dorme,2,reviewed,irregular/compound paradigm patched manually; QA recommended
FR,dormir,Subjonctif,Subjonctif présent,nous,dormions,2,reviewed,irregular/compound paradigm patched manually; QA recommended
FR,dormir,Subjonctif,Subjonctif présent,vous,dormiez,2,reviewed,irregular/compound paradigm patched manually; QA recommended
FR,dormir,Subjonctif,Subjonctif présent,ils (elles),dorment,2,reviewed,irregular/compound paradigm patched manually; QA recommended
FR,dormir,Indicatif,Passé Simple,je,dormis,2,reviewed,irregular/compound paradigm patched manually; QA recommended
FR,dormir,Indicatif,Passé Simple,tu,dormis,2,reviewed,irregular/compound paradigm patched manually; QA recommended
FR,dormir,Indicatif,Passé Simple,"il (elle, on)",dormit,2,reviewed,irregular/compound paradigm patched manually; QA recommended
FR,dormir,Indicatif,Passé Simple,nous,dormîmes,2,reviewed,irregular/compound paradigm patched manually; QA recommended
FR,dormir,Indicatif,Passé Simple,vous,dormîtes,2,reviewed,irregular/compound paradigm patched manually; QA recommended
FR,dormir,Indicatif,Passé Simple,ils (elles),dormirent,2,reviewed,irregular/compound paradigm patched manually; QA recommended
FR,dormir,Subjonctif,Subjonctif imparfait,je,dormisse,2,reviewed,irregular/compound paradigm patched manually; QA recommended
FR,dormir,Subjonctif,Subjonctif imparfait,tu,dormisses,2,reviewed,irregular/compound paradigm patched manually; QA recommended
FR,dormir,Subjonctif,Subjonctif imparfait,"il (elle, on)",dormît,2,reviewed,irregular/compound paradigm patched manually; QA recommended
FR,dormir,Subjonctif,Subjonctif imparfait,nous,dormissions,2,reviewed,irregular/compound paradigm patched manually; QA recommended
FR,dormir,Subjonctif,Subjonctif imparfait,vous,dormissiez,2,reviewed,irregular/compound paradigm patched manually; QA recommended
FR,dormir,Subjonctif,Subjonctif imparfait,ils (elles),dormissent,2,reviewed,irregular/compound paradigm patched manually; QA recommended
FR,permettre,Indicatif,Présent,je,permets,2,reviewed,irregular/compound paradigm patched manually; QA recommended
FR,permettre,Indicatif,Présent,tu,permets,2,reviewed,irregular/compound paradigm patched manually; QA recommended
FR,permettre,Indicatif,Présent,"il (elle, on)",permet,2,reviewed,irregular/compound paradigm patched manually; QA recommended
FR,permettre,Indicatif,Présent,nous,permettons,2,reviewed,irregular/compound paradigm patched manually; QA recommended
FR,permettre,Indicatif,Présent,vous,permettez,2,reviewed,irregular/compound paradigm patched manually; QA recommended
FR,permettre,Indicatif,Présent,ils (elles),permettent,2,reviewed,irregular/compound paradigm patched manually; QA recommended
FR,permettre,Indicatif,Futur,je,permettrai,2,reviewed,irregular/compound paradigm patched manually; QA recommended
FR,permettre,Indicatif,Futur,tu,permettras,2,reviewed,irregular/compound paradigm patched manually; QA recommended
FR,permettre,Indicatif,Futur,"il (elle, on)",permettra,2,reviewed,irregular/compound paradigm patched manually; QA recommended
FR,permettre,Indicatif,Futur,nous,permettrons,2,reviewed,irregular/compound paradigm patched manually; QA recommended
FR,permettre,Indicatif,Futur,vous,permettrez,2,reviewed,irregular/compound paradigm patched manually; QA recommended
FR,permettre,Indicatif,Futur,ils (elles),permettront,2,reviewed,irregular/compound paradigm patched manually; QA recommended
FR,permettre,Indicatif,Passé composé,je,ai permis,2,reviewed,irregular/compound paradigm patched manually; QA recommended
FR,permettre,Indicatif,Passé composé,tu,as permis,2,reviewed,irregular/compound paradigm patched manually; QA recommended
FR,permettre,Indicatif,Passé composé,"il (elle, on)",a permis,2,reviewed,irregular/compound paradigm patched manually; QA recommended
FR,permettre,Indicatif,Passé composé,nous,avons permis,2,reviewed,irregular/compound paradigm patched manually; QA recommended
FR,permettre,Indicatif,Passé composé,vous,avez permis,2,reviewed,irregular/compound paradigm patched manually; QA recommended
FR,permettre,Indicatif,Passé composé,ils (elles),ont permis,2,reviewed,irregular/compound paradigm patched manually; QA recommended
FR,permettre,Indicatif,Imparfait,je,permettais,2,reviewed,irregular/compound paradigm patched manually; QA recommended
FR,permettre,Indicatif,Imparfait,tu,permettais,2,reviewed,irregular/compound paradigm patched manually; QA recommended
FR,permettre,Indicatif,Imparfait,"il (elle, on)",permettait,2,reviewed,irregular/compound paradigm patched manually; QA recommended
FR,permettre,Indicatif,Imparfait,nous,permettions,2,reviewed,irregular/compound paradigm patched manually; QA recommended
FR,permettre,Indicatif,Imparfait,vous,permettiez,2,reviewed,irregular/compound paradigm patched manually; QA recommended
FR,permettre,Indicatif,Imparfait,ils (elles),permettaient,2,reviewed,irregular/compound paradigm patched manually; QA recommended
FR,permettre,Conditionnel,Conditionnel présent,je,permettrais,2,reviewed,irregular/compound paradigm patched manually; QA recommended
FR,permettre,Conditionnel,Conditionnel présent,tu,permettrais,2,reviewed,irregular/compound paradigm patched manually; QA recommended
FR,permettre,Conditionnel,Conditionnel présent,"il (elle, on)",permettrait,2,reviewed,irregular/compound paradigm patched manually; QA recommended
FR,permettre,Conditionnel,Conditionnel présent,nous,permettrions,2,reviewed,irregular/compound paradigm patched manually; QA recommended
FR,permettre,Conditionnel,Conditionnel présent,vous,permettriez,2,reviewed,irregular/compound paradigm patched manually; QA recommended
FR,permettre,Conditionnel,Conditionnel présent,ils (elles),permettraient,2,reviewed,irregular/compound paradigm patched manually; QA recommended
FR,permettre,Impératif,Impératif,je,-,2,reviewed,irregular/compound paradigm patched manually; QA recommended; French imperative only uses tu / nous / vous; placeholder - used for unsupported slot
FR,permettre,Impératif,Impératif,tu,permets,2,reviewed,irregular/compound paradigm patched manually; QA recommended
FR,permettre,Impératif,Impératif,"il (elle, on)",-,2,reviewed,irregular/compound paradigm patched manually; QA recommended; French imperative only uses tu / nous / vous; placeholder - used for unsupported slot
FR,permettre,Impératif,Impératif,nous,permettons,2,reviewed,irregular/compound paradigm patched manually; QA recommended
FR,permettre,Impératif,Impératif,vous,permettez,2,reviewed,irregular/compound paradigm patched manually; QA recommended
FR,permettre,Impératif,Impératif,ils (elles),-,2,reviewed,irregular/compound paradigm patched manually; QA recommended; French imperative only uses tu / nous / vous; placeholder - used for unsupported slot
FR,permettre,Subjonctif,Subjonctif présent,je,permette,2,reviewed,irregular/compound paradigm patched manually; QA recommended
FR,permettre,Subjonctif,Subjonctif présent,tu,permettes,2,reviewed,irregular/compound paradigm patched manually; QA recommended
FR,permettre,Subjonctif,Subjonctif présent,"il (elle, on)",permette,2,reviewed,irregular/compound paradigm patched manually; QA recommended
FR,permettre,Subjonctif,Subjonctif présent,nous,permettions,2,reviewed,irregular/compound paradigm patched manually; QA recommended
FR,permettre,Subjonctif,Subjonctif présent,vous,permettiez,2,reviewed,irregular/compound paradigm patched manually; QA recommended
FR,permettre,Subjonctif,Subjonctif présent,ils (elles),permettent,2,reviewed,irregular/compound paradigm patched manually; QA recommended
FR,permettre,Indicatif,Passé Simple,je,permis,2,reviewed,irregular/compound paradigm patched manually; QA recommended
FR,permettre,Indicatif,Passé Simple,tu,permis,2,reviewed,irregular/compound paradigm patched manually; QA recommended
FR,permettre,Indicatif,Passé Simple,"il (elle, on)",permit,2,reviewed,irregular/compound paradigm patched manually; QA recommended
FR,permettre,Indicatif,Passé Simple,nous,permîmes,2,reviewed,irregular/compound paradigm patched manually; QA recommended
FR,permettre,Indicatif,Passé Simple,vous,permîtes,2,reviewed,irregular/compound paradigm patched manually; QA recommended
FR,permettre,Indicatif,Passé Simple,ils (elles),permirent,2,reviewed,irregular/compound paradigm patched manually; QA recommended
FR,permettre,Subjonctif,Subjonctif imparfait,je,permisse,2,reviewed,irregular/compound paradigm patched manually; QA recommended
FR,permettre,Subjonctif,Subjonctif imparfait,tu,permisses,2,reviewed,irregular/compound paradigm patched manually; QA recommended
FR,permettre,Subjonctif,Subjonctif imparfait,"il (elle, on)",permît,2,reviewed,irregular/compound paradigm patched manually; QA recommended
FR,permettre,Subjonctif,Subjonctif imparfait,nous,permissions,2,reviewed,irregular/compound paradigm patched manually; QA recommended
FR,permettre,Subjonctif,Subjonctif imparfait,vous,permissiez,2,reviewed,irregular/compound paradigm patched manually; QA recommended
FR,permettre,Subjonctif,Subjonctif imparfait,ils (elles),permissent,2,reviewed,irregular/compound paradigm patched manually; QA recommended
FR,quitter,Indicatif,Présent,je,quitte,2,reviewed,repo-local legacy seed normalized into curated contract; QA recommended
FR,quitter,Indicatif,Présent,tu,quittes,2,reviewed,repo-local legacy seed normalized into curated contract; QA recommended
FR,quitter,Indicatif,Présent,"il (elle, on)",quitte,2,reviewed,repo-local legacy seed normalized into curated contract; QA recommended
FR,quitter,Indicatif,Présent,nous,quittons,2,reviewed,repo-local legacy seed normalized into curated contract; QA recommended
FR,quitter,Indicatif,Présent,vous,quittez,2,reviewed,repo-local legacy seed normalized into curated contract; QA recommended
FR,quitter,Indicatif,Présent,ils (elles),quittent,2,reviewed,repo-local legacy seed normalized into curated contract; QA recommended
FR,quitter,Indicatif,Futur,je,quitterai,2,reviewed,repo-local legacy seed normalized into curated contract; QA recommended
FR,quitter,Indicatif,Futur,tu,quitteras,2,reviewed,repo-local legacy seed normalized into curated contract; QA recommended
FR,quitter,Indicatif,Futur,"il (elle, on)",quittera,2,reviewed,repo-local legacy seed normalized into curated contract; QA recommended
FR,quitter,Indicatif,Futur,nous,quitterons,2,reviewed,repo-local legacy seed normalized into curated contract; QA recommended
FR,quitter,Indicatif,Futur,vous,quitterez,2,reviewed,repo-local legacy seed normalized into curated contract; QA recommended
FR,quitter,Indicatif,Futur,ils (elles),quitteront,2,reviewed,repo-local legacy seed normalized into curated contract; QA recommended
FR,quitter,Indicatif,Passé composé,je,ai quitté,2,reviewed,repo-local legacy seed normalized into curated contract; QA recommended
FR,quitter,Indicatif,Passé composé,tu,as quitté,2,reviewed,repo-local legacy seed normalized into curated contract; QA recommended
FR,quitter,Indicatif,Passé composé,"il (elle, on)",a quitté,2,reviewed,repo-local legacy seed normalized into curated contract; QA recommended
FR,quitter,Indicatif,Passé composé,nous,avons quitté,2,reviewed,repo-local legacy seed normalized into curated contract; QA recommended
FR,quitter,Indicatif,Passé composé,vous,avez quitté,2,reviewed,repo-local legacy seed normalized into curated contract; QA recommended
FR,quitter,Indicatif,Passé composé,ils (elles),ont quitté,2,reviewed,repo-local legacy seed normalized into curated contract; QA recommended
FR,quitter,Indicatif,Imparfait,je,quittais,2,reviewed,repo-local legacy seed normalized into curated contract; QA recommended
FR,quitter,Indicatif,Imparfait,tu,quittais,2,reviewed,repo-local legacy seed normalized into curated contract; QA recommended
FR,quitter,Indicatif,Imparfait,"il (elle, on)",quittait,2,reviewed,repo-local legacy seed normalized into curated contract; QA recommended
FR,quitter,Indicatif,Imparfait,nous,quittions,2,reviewed,repo-local legacy seed normalized into curated contract; QA recommended
FR,quitter,Indicatif,Imparfait,vous,quittiez,2,reviewed,repo-local legacy seed normalized into curated contract; QA recommended
FR,quitter,Indicatif,Imparfait,ils (elles),quittaient,2,reviewed,repo-local legacy seed normalized into curated contract; QA recommended
FR,quitter,Conditionnel,Conditionnel présent,je,quitterais,2,reviewed,repo-local legacy seed normalized into curated contract; QA recommended
FR,quitter,Conditionnel,Conditionnel présent,tu,quitterais,2,reviewed,repo-local legacy seed normalized into curated contract; QA recommended
FR,quitter,Conditionnel,Conditionnel présent,"il (elle, on)",quitterait,2,reviewed,repo-local legacy seed normalized into curated contract; QA recommended
FR,quitter,Conditionnel,Conditionnel présent,nous,quitterions,2,reviewed,repo-local legacy seed normalized into curated contract; QA recommended
FR,quitter,Conditionnel,Conditionnel présent,vous,quitteriez,2,reviewed,repo-local legacy seed normalized into curated contract; QA recommended
FR,quitter,Conditionnel,Conditionnel présent,ils (elles),quitteraient,2,reviewed,repo-local legacy seed normalized into curated contract; QA recommended
FR,quitter,Impératif,Impératif,je,-,2,reviewed,repo-local legacy seed normalized into curated contract; QA recommended; French imperative only uses tu / nous / vous; placeholder - used for unsupported slot
FR,quitter,Impératif,Impératif,tu,quitte,2,reviewed,repo-local legacy seed normalized into curated contract; QA recommended
FR,quitter,Impératif,Impératif,"il (elle, on)",-,2,reviewed,repo-local legacy seed normalized into curated contract; QA recommended; French imperative only uses tu / nous / vous; placeholder - used for unsupported slot
FR,quitter,Impératif,Impératif,nous,quittons,2,reviewed,repo-local legacy seed normalized into curated contract; QA recommended
FR,quitter,Impératif,Impératif,vous,quittez,2,reviewed,repo-local legacy seed normalized into curated contract; QA recommended
FR,quitter,Impératif,Impératif,ils (elles),-,2,reviewed,repo-local legacy seed normalized into curated contract; QA recommended; French imperative only uses tu / nous / vous; placeholder - used for unsupported slot
FR,quitter,Subjonctif,Subjonctif présent,je,quitte,2,reviewed,repo-local legacy seed normalized into curated contract; QA recommended
FR,quitter,Subjonctif,Subjonctif présent,tu,quittes,2,reviewed,repo-local legacy seed normalized into curated contract; QA recommended
FR,quitter,Subjonctif,Subjonctif présent,"il (elle, on)",quitte,2,reviewed,repo-local legacy seed normalized into curated contract; QA recommended
FR,quitter,Subjonctif,Subjonctif présent,nous,quittions,2,reviewed,repo-local legacy seed normalized into curated contract; QA recommended
FR,quitter,Subjonctif,Subjonctif présent,vous,quittiez,2,reviewed,repo-local legacy seed normalized into curated contract; QA recommended
FR,quitter,Subjonctif,Subjonctif présent,ils (elles),quittent,2,reviewed,repo-local legacy seed normalized into curated contract; QA recommended
FR,quitter,Indicatif,Passé Simple,je,quittai,2,reviewed,repo-local legacy seed normalized into curated contract; QA recommended
FR,quitter,Indicatif,Passé Simple,tu,quittas,2,reviewed,repo-local legacy seed normalized into curated contract; QA recommended
FR,quitter,Indicatif,Passé Simple,"il (elle, on)",quitta,2,reviewed,repo-local legacy seed normalized into curated contract; QA recommended
FR,quitter,Indicatif,Passé Simple,nous,quittâmes,2,reviewed,repo-local legacy seed normalized into curated contract; QA recommended
FR,quitter,Indicatif,Passé Simple,vous,quittâtes,2,reviewed,repo-local legacy seed normalized into curated contract; QA recommended
FR,quitter,Indicatif,Passé Simple,ils (elles),quittèrent,2,reviewed,repo-local legacy seed normalized into curated contract; QA recommended
FR,quitter,Subjonctif,Subjonctif imparfait,je,quittasse,2,reviewed,repo-local legacy seed normalized into curated contract; QA recommended
FR,quitter,Subjonctif,Subjonctif imparfait,tu,quittasses,2,reviewed,repo-local legacy seed normalized into curated contract; QA recommended
FR,quitter,Subjonctif,Subjonctif imparfait,"il (elle, on)",quittât,2,reviewed,repo-local legacy seed normalized into curated contract; QA recommended
FR,quitter,Subjonctif,Subjonctif imparfait,nous,quittassions,2,reviewed,repo-local legacy seed normalized into curated contract; QA recommended
FR,quitter,Subjonctif,Subjonctif imparfait,vous,quittassiez,2,reviewed,repo-local legacy seed normalized into curated contract; QA recommended
FR,quitter,Subjonctif,Subjonctif imparfait,ils (elles),quittassent,2,reviewed,repo-local legacy seed normalized into curated contract; QA recommended
FR,reprendre,Indicatif,Présent,je,reprends,2,reviewed,irregular/compound paradigm patched manually; QA recommended
FR,reprendre,Indicatif,Présent,tu,reprends,2,reviewed,irregular/compound paradigm patched manually; QA recommended
FR,reprendre,Indicatif,Présent,"il (elle, on)",reprend,2,reviewed,irregular/compound paradigm patched manually; QA recommended
FR,reprendre,Indicatif,Présent,nous,reprenons,2,reviewed,irregular/compound paradigm patched manually; QA recommended
FR,reprendre,Indicatif,Présent,vous,reprenez,2,reviewed,irregular/compound paradigm patched manually; QA recommended
FR,reprendre,Indicatif,Présent,ils (elles),reprennent,2,reviewed,irregular/compound paradigm patched manually; QA recommended
FR,reprendre,Indicatif,Futur,je,reprendrai,2,reviewed,irregular/compound paradigm patched manually; QA recommended
FR,reprendre,Indicatif,Futur,tu,reprendras,2,reviewed,irregular/compound paradigm patched manually; QA recommended
FR,reprendre,Indicatif,Futur,"il (elle, on)",reprendra,2,reviewed,irregular/compound paradigm patched manually; QA recommended
FR,reprendre,Indicatif,Futur,nous,reprendrons,2,reviewed,irregular/compound paradigm patched manually; QA recommended
FR,reprendre,Indicatif,Futur,vous,reprendrez,2,reviewed,irregular/compound paradigm patched manually; QA recommended
FR,reprendre,Indicatif,Futur,ils (elles),reprendront,2,reviewed,irregular/compound paradigm patched manually; QA recommended
FR,reprendre,Indicatif,Passé composé,je,ai repris,2,reviewed,irregular/compound paradigm patched manually; QA recommended
FR,reprendre,Indicatif,Passé composé,tu,as repris,2,reviewed,irregular/compound paradigm patched manually; QA recommended
FR,reprendre,Indicatif,Passé composé,"il (elle, on)",a repris,2,reviewed,irregular/compound paradigm patched manually; QA recommended
FR,reprendre,Indicatif,Passé composé,nous,avons repris,2,reviewed,irregular/compound paradigm patched manually; QA recommended
FR,reprendre,Indicatif,Passé composé,vous,avez repris,2,reviewed,irregular/compound paradigm patched manually; QA recommended
FR,reprendre,Indicatif,Passé composé,ils (elles),ont repris,2,reviewed,irregular/compound paradigm patched manually; QA recommended
FR,reprendre,Indicatif,Imparfait,je,reprenais,2,reviewed,irregular/compound paradigm patched manually; QA recommended
FR,reprendre,Indicatif,Imparfait,tu,reprenais,2,reviewed,irregular/compound paradigm patched manually; QA recommended
FR,reprendre,Indicatif,Imparfait,"il (elle, on)",reprenait,2,reviewed,irregular/compound paradigm patched manually; QA recommended
FR,reprendre,Indicatif,Imparfait,nous,reprenions,2,reviewed,irregular/compound paradigm patched manually; QA recommended
FR,reprendre,Indicatif,Imparfait,vous,repreniez,2,reviewed,irregular/compound paradigm patched manually; QA recommended
FR,reprendre,Indicatif,Imparfait,ils (elles),reprenaient,2,reviewed,irregular/compound paradigm patched manually; QA recommended
FR,reprendre,Conditionnel,Conditionnel présent,je,reprendrais,2,reviewed,irregular/compound paradigm patched manually; QA recommended
FR,reprendre,Conditionnel,Conditionnel présent,tu,reprendrais,2,reviewed,irregular/compound paradigm patched manually; QA recommended
FR,reprendre,Conditionnel,Conditionnel présent,"il (elle, on)",reprendrait,2,reviewed,irregular/compound paradigm patched manually; QA recommended
FR,reprendre,Conditionnel,Conditionnel présent,nous,reprendrions,2,reviewed,irregular/compound paradigm patched manually; QA recommended
FR,reprendre,Conditionnel,Conditionnel présent,vous,reprendriez,2,reviewed,irregular/compound paradigm patched manually; QA recommended
FR,reprendre,Conditionnel,Conditionnel présent,ils (elles),reprendraient,2,reviewed,irregular/compound paradigm patched manually; QA recommended
FR,reprendre,Impératif,Impératif,je,-,2,reviewed,irregular/compound paradigm patched manually; QA recommended; French imperative only uses tu / nous / vous; placeholder - used for unsupported slot
FR,reprendre,Impératif,Impératif,tu,reprends,2,reviewed,irregular/compound paradigm patched manually; QA recommended
FR,reprendre,Impératif,Impératif,"il (elle, on)",-,2,reviewed,irregular/compound paradigm patched manually; QA recommended; French imperative only uses tu / nous / vous; placeholder - used for unsupported slot
FR,reprendre,Impératif,Impératif,nous,reprenons,2,reviewed,irregular/compound paradigm patched manually; QA recommended
FR,reprendre,Impératif,Impératif,vous,reprenez,2,reviewed,irregular/compound paradigm patched manually; QA recommended
FR,reprendre,Impératif,Impératif,ils (elles),-,2,reviewed,irregular/compound paradigm patched manually; QA recommended; French imperative only uses tu / nous / vous; placeholder - used for unsupported slot
FR,reprendre,Subjonctif,Subjonctif présent,je,reprenne,2,reviewed,irregular/compound paradigm patched manually; QA recommended
FR,reprendre,Subjonctif,Subjonctif présent,tu,reprennes,2,reviewed,irregular/compound paradigm patched manually; QA recommended
FR,reprendre,Subjonctif,Subjonctif présent,"il (elle, on)",reprenne,2,reviewed,irregular/compound paradigm patched manually; QA recommended
FR,reprendre,Subjonctif,Subjonctif présent,nous,reprenions,2,reviewed,irregular/compound paradigm patched manually; QA recommended
FR,reprendre,Subjonctif,Subjonctif présent,vous,repreniez,2,reviewed,irregular/compound paradigm patched manually; QA recommended
FR,reprendre,Subjonctif,Subjonctif présent,ils (elles),reprennent,2,reviewed,irregular/compound paradigm patched manually; QA recommended
FR,reprendre,Indicatif,Passé Simple,je,repris,2,reviewed,irregular/compound paradigm patched manually; QA recommended
FR,reprendre,Indicatif,Passé Simple,tu,repris,2,reviewed,irregular/compound paradigm patched manually; QA recommended
FR,reprendre,Indicatif,Passé Simple,"il (elle, on)",reprit,2,reviewed,irregular/compound paradigm patched manually; QA recommended
FR,reprendre,Indicatif,Passé Simple,nous,reprîmes,2,reviewed,irregular/compound paradigm patched manually; QA recommended
FR,reprendre,Indicatif,Passé Simple,vous,reprîtes,2,reviewed,irregular/compound paradigm patched manually; QA recommended
FR,reprendre,Indicatif,Passé Simple,ils (elles),reprirent,2,reviewed,irregular/compound paradigm patched manually; QA recommended
FR,reprendre,Subjonctif,Subjonctif imparfait,je,reprisse,2,reviewed,irregular/compound paradigm patched manually; QA recommended
FR,reprendre,Subjonctif,Subjonctif imparfait,tu,reprisses,2,reviewed,irregular/compound paradigm patched manually; QA recommended
FR,reprendre,Subjonctif,Subjonctif imparfait,"il (elle, on)",reprît,2,reviewed,irregular/compound paradigm patched manually; QA recommended
FR,reprendre,Subjonctif,Subjonctif imparfait,nous,reprissions,2,reviewed,irregular/compound paradigm patched manually; QA recommended
FR,reprendre,Subjonctif,Subjonctif imparfait,vous,reprissiez,2,reviewed,irregular/compound paradigm patched manually; QA recommended
FR,reprendre,Subjonctif,Subjonctif imparfait,ils (elles),reprissent,2,reviewed,irregular/compound paradigm patched manually; QA recommended
FR,appeler,Indicatif,Présent,je,appelle,2,reviewed,repo-local legacy seed normalized into curated contract; QA recommended
FR,appeler,Indicatif,Présent,tu,appelles,2,reviewed,repo-local legacy seed normalized into curated contract; QA recommended
FR,appeler,Indicatif,Présent,"il (elle, on)",appelle,2,reviewed,repo-local legacy seed normalized into curated contract; QA recommended
FR,appeler,Indicatif,Présent,nous,appelons,2,reviewed,repo-local legacy seed normalized into curated contract; QA recommended
FR,appeler,Indicatif,Présent,vous,appelez,2,reviewed,repo-local legacy seed normalized into curated contract; QA recommended
FR,appeler,Indicatif,Présent,ils (elles),appellent,2,reviewed,repo-local legacy seed normalized into curated contract; QA recommended
FR,appeler,Indicatif,Futur,je,appellerai,2,reviewed,repo-local legacy seed normalized into curated contract; QA recommended
FR,appeler,Indicatif,Futur,tu,appelleras,2,reviewed,repo-local legacy seed normalized into curated contract; QA recommended
FR,appeler,Indicatif,Futur,"il (elle, on)",appellera,2,reviewed,repo-local legacy seed normalized into curated contract; QA recommended
FR,appeler,Indicatif,Futur,nous,appellerons,2,reviewed,repo-local legacy seed normalized into curated contract; QA recommended
FR,appeler,Indicatif,Futur,vous,appellerez,2,reviewed,repo-local legacy seed normalized into curated contract; QA recommended
FR,appeler,Indicatif,Futur,ils (elles),appelleront,2,reviewed,repo-local legacy seed normalized into curated contract; QA recommended
FR,appeler,Indicatif,Passé composé,je,ai appelé,2,reviewed,repo-local legacy seed normalized into curated contract; QA recommended
FR,appeler,Indicatif,Passé composé,tu,as appelé,2,reviewed,repo-local legacy seed normalized into curated contract; QA recommended
FR,appeler,Indicatif,Passé composé,"il (elle, on)",a appelé,2,reviewed,repo-local legacy seed normalized into curated contract; QA recommended
FR,appeler,Indicatif,Passé composé,nous,avons appelé,2,reviewed,repo-local legacy seed normalized into curated contract; QA recommended
FR,appeler,Indicatif,Passé composé,vous,avez appelé,2,reviewed,repo-local legacy seed normalized into curated contract; QA recommended
FR,appeler,Indicatif,Passé composé,ils (elles),ont appelé,2,reviewed,repo-local legacy seed normalized into curated contract; QA recommended
FR,appeler,Indicatif,Imparfait,je,appelais,2,reviewed,repo-local legacy seed normalized into curated contract; QA recommended
FR,appeler,Indicatif,Imparfait,tu,appelais,2,reviewed,repo-local legacy seed normalized into curated contract; QA recommended
FR,appeler,Indicatif,Imparfait,"il (elle, on)",appelait,2,reviewed,repo-local legacy seed normalized into curated contract; QA recommended
FR,appeler,Indicatif,Imparfait,nous,appelions,2,reviewed,repo-local legacy seed normalized into curated contract; QA recommended
FR,appeler,Indicatif,Imparfait,vous,appeliez,2,reviewed,repo-local legacy seed normalized into curated contract; QA recommended
FR,appeler,Indicatif,Imparfait,ils (elles),appelaient,2,reviewed,repo-local legacy seed normalized into curated contract; QA recommended
FR,appeler,Conditionnel,Conditionnel présent,je,appellerais,2,reviewed,repo-local legacy seed normalized into curated contract; QA recommended
FR,appeler,Conditionnel,Conditionnel présent,tu,appellerais,2,reviewed,repo-local legacy seed normalized into curated contract; QA recommended
FR,appeler,Conditionnel,Conditionnel présent,"il (elle, on)",appellerait,2,reviewed,repo-local legacy seed normalized into curated contract; QA recommended
FR,appeler,Conditionnel,Conditionnel présent,nous,appellerions,2,reviewed,repo-local legacy seed normalized into curated contract; QA recommended
FR,appeler,Conditionnel,Conditionnel présent,vous,appelleriez,2,reviewed,repo-local legacy seed normalized into curated contract; QA recommended
FR,appeler,Conditionnel,Conditionnel présent,ils (elles),appelleraient,2,reviewed,repo-local legacy seed normalized into curated contract; QA recommended
FR,appeler,Impératif,Impératif,je,-,2,reviewed,repo-local legacy seed normalized into curated contract; QA recommended; French imperative only uses tu / nous / vous; placeholder - used for unsupported slot
FR,appeler,Impératif,Impératif,tu,appelle,2,reviewed,repo-local legacy seed normalized into curated contract; QA recommended
FR,appeler,Impératif,Impératif,"il (elle, on)",-,2,reviewed,repo-local legacy seed normalized into curated contract; QA recommended; French imperative only uses tu / nous / vous; placeholder - used for unsupported slot
FR,appeler,Impératif,Impératif,nous,appelons,2,reviewed,repo-local legacy seed normalized into curated contract; QA recommended
FR,appeler,Impératif,Impératif,vous,appelez,2,reviewed,repo-local legacy seed normalized into curated contract; QA recommended
FR,appeler,Impératif,Impératif,ils (elles),-,2,reviewed,repo-local legacy seed normalized into curated contract; QA recommended; French imperative only uses tu / nous / vous; placeholder - used for unsupported slot
FR,appeler,Subjonctif,Subjonctif présent,je,appelle,2,reviewed,repo-local legacy seed normalized into curated contract; QA recommended
FR,appeler,Subjonctif,Subjonctif présent,tu,appelles,2,reviewed,repo-local legacy seed normalized into curated contract; QA recommended
FR,appeler,Subjonctif,Subjonctif présent,"il (elle, on)",appelle,2,reviewed,repo-local legacy seed normalized into curated contract; QA recommended
FR,appeler,Subjonctif,Subjonctif présent,nous,appelions,2,reviewed,repo-local legacy seed normalized into curated contract; QA recommended
FR,appeler,Subjonctif,Subjonctif présent,vous,appeliez,2,reviewed,repo-local legacy seed normalized into curated contract; QA recommended
FR,appeler,Subjonctif,Subjonctif présent,ils (elles),appellent,2,reviewed,repo-local legacy seed normalized into curated contract; QA recommended
FR,appeler,Indicatif,Passé Simple,je,appelai,2,reviewed,repo-local legacy seed normalized into curated contract; QA recommended
FR,appeler,Indicatif,Passé Simple,tu,appelas,2,reviewed,repo-local legacy seed normalized into curated contract; QA recommended
FR,appeler,Indicatif,Passé Simple,"il (elle, on)",appela,2,reviewed,repo-local legacy seed normalized into curated contract; QA recommended
FR,appeler,Indicatif,Passé Simple,nous,appelâmes,2,reviewed,repo-local legacy seed normalized into curated contract; QA recommended
FR,appeler,Indicatif,Passé Simple,vous,appelâtes,2,reviewed,repo-local legacy seed normalized into curated contract; QA recommended
FR,appeler,Indicatif,Passé Simple,ils (elles),appelèrent,2,reviewed,repo-local legacy seed normalized into curated contract; QA recommended
FR,appeler,Subjonctif,Subjonctif imparfait,je,appelasse,2,reviewed,repo-local legacy seed normalized into curated contract; QA recommended
FR,appeler,Subjonctif,Subjonctif imparfait,tu,appelasses,2,reviewed,repo-local legacy seed normalized into curated contract; QA recommended
FR,appeler,Subjonctif,Subjonctif imparfait,"il (elle, on)",appelât,2,reviewed,repo-local legacy seed normalized into curated contract; QA recommended
FR,appeler,Subjonctif,Subjonctif imparfait,nous,appelassions,2,reviewed,repo-local legacy seed normalized into curated contract; QA recommended
FR,appeler,Subjonctif,Subjonctif imparfait,vous,appelassiez,2,reviewed,repo-local legacy seed normalized into curated contract; QA recommended
FR,appeler,Subjonctif,Subjonctif imparfait,ils (elles),appelassent,2,reviewed,repo-local legacy seed normalized into curated contract; QA recommended
FR,dîner,Indicatif,Présent,je,dîne,2,reviewed,repo-local legacy seed normalized into curated contract; QA recommended
FR,dîner,Indicatif,Présent,tu,dînes,2,reviewed,repo-local legacy seed normalized into curated contract; QA recommended
FR,dîner,Indicatif,Présent,"il (elle, on)",dîne,2,reviewed,repo-local legacy seed normalized into curated contract; QA recommended
FR,dîner,Indicatif,Présent,nous,dînons,2,reviewed,repo-local legacy seed normalized into curated contract; QA recommended
FR,dîner,Indicatif,Présent,vous,dînez,2,reviewed,repo-local legacy seed normalized into curated contract; QA recommended
FR,dîner,Indicatif,Présent,ils (elles),dînent,2,reviewed,repo-local legacy seed normalized into curated contract; QA recommended
FR,dîner,Indicatif,Futur,je,dînerai,2,reviewed,repo-local legacy seed normalized into curated contract; QA recommended
FR,dîner,Indicatif,Futur,tu,dîneras,2,reviewed,repo-local legacy seed normalized into curated contract; QA recommended
FR,dîner,Indicatif,Futur,"il (elle, on)",dînera,2,reviewed,repo-local legacy seed normalized into curated contract; QA recommended
FR,dîner,Indicatif,Futur,nous,dînerons,2,reviewed,repo-local legacy seed normalized into curated contract; QA recommended
FR,dîner,Indicatif,Futur,vous,dînerez,2,reviewed,repo-local legacy seed normalized into curated contract; QA recommended
FR,dîner,Indicatif,Futur,ils (elles),dîneront,2,reviewed,repo-local legacy seed normalized into curated contract; QA recommended
FR,dîner,Indicatif,Passé composé,je,ai dîné,2,reviewed,repo-local legacy seed normalized into curated contract; QA recommended
FR,dîner,Indicatif,Passé composé,tu,as dîné,2,reviewed,repo-local legacy seed normalized into curated contract; QA recommended
FR,dîner,Indicatif,Passé composé,"il (elle, on)",a dîné,2,reviewed,repo-local legacy seed normalized into curated contract; QA recommended
FR,dîner,Indicatif,Passé composé,nous,avons dîné,2,reviewed,repo-local legacy seed normalized into curated contract; QA recommended
FR,dîner,Indicatif,Passé composé,vous,avez dîné,2,reviewed,repo-local legacy seed normalized into curated contract; QA recommended
FR,dîner,Indicatif,Passé composé,ils (elles),ont dîné,2,reviewed,repo-local legacy seed normalized into curated contract; QA recommended
FR,dîner,Indicatif,Imparfait,je,dînais,2,reviewed,repo-local legacy seed normalized into curated contract; QA recommended
FR,dîner,Indicatif,Imparfait,tu,dînais,2,reviewed,repo-local legacy seed normalized into curated contract; QA recommended
FR,dîner,Indicatif,Imparfait,"il (elle, on)",dînait,2,reviewed,repo-local legacy seed normalized into curated contract; QA recommended
FR,dîner,Indicatif,Imparfait,nous,dînions,2,reviewed,repo-local legacy seed normalized into curated contract; QA recommended
FR,dîner,Indicatif,Imparfait,vous,dîniez,2,reviewed,repo-local legacy seed normalized into curated contract; QA recommended
FR,dîner,Indicatif,Imparfait,ils (elles),dînaient,2,reviewed,repo-local legacy seed normalized into curated contract; QA recommended
FR,dîner,Conditionnel,Conditionnel présent,je,dînerais,2,reviewed,repo-local legacy seed normalized into curated contract; QA recommended
FR,dîner,Conditionnel,Conditionnel présent,tu,dînerais,2,reviewed,repo-local legacy seed normalized into curated contract; QA recommended
FR,dîner,Conditionnel,Conditionnel présent,"il (elle, on)",dînerait,2,reviewed,repo-local legacy seed normalized into curated contract; QA recommended
FR,dîner,Conditionnel,Conditionnel présent,nous,dînerions,2,reviewed,repo-local legacy seed normalized into curated contract; QA recommended
FR,dîner,Conditionnel,Conditionnel présent,vous,dîneriez,2,reviewed,repo-local legacy seed normalized into curated contract; QA recommended
FR,dîner,Conditionnel,Conditionnel présent,ils (elles),dîneraient,2,reviewed,repo-local legacy seed normalized into curated contract; QA recommended
FR,dîner,Impératif,Impératif,je,-,2,reviewed,repo-local legacy seed normalized into curated contract; QA recommended; French imperative only uses tu / nous / vous; placeholder - used for unsupported slot
FR,dîner,Impératif,Impératif,tu,dîne,2,reviewed,repo-local legacy seed normalized into curated contract; QA recommended
FR,dîner,Impératif,Impératif,"il (elle, on)",-,2,reviewed,repo-local legacy seed normalized into curated contract; QA recommended; French imperative only uses tu / nous / vous; placeholder - used for unsupported slot
FR,dîner,Impératif,Impératif,nous,dînons,2,reviewed,repo-local legacy seed normalized into curated contract; QA recommended
FR,dîner,Impératif,Impératif,vous,dînez,2,reviewed,repo-local legacy seed normalized into curated contract; QA recommended
FR,dîner,Impératif,Impératif,ils (elles),-,2,reviewed,repo-local legacy seed normalized into curated contract; QA recommended; French imperative only uses tu / nous / vous; placeholder - used for unsupported slot
FR,dîner,Subjonctif,Subjonctif présent,je,dîne,2,reviewed,repo-local legacy seed normalized into curated contract; QA recommended
FR,dîner,Subjonctif,Subjonctif présent,tu,dînes,2,reviewed,repo-local legacy seed normalized into curated contract; QA recommended
FR,dîner,Subjonctif,Subjonctif présent,"il (elle, on)",dîne,2,reviewed,repo-local legacy seed normalized into curated contract; QA recommended
FR,dîner,Subjonctif,Subjonctif présent,nous,dînions,2,reviewed,repo-local legacy seed normalized into curated contract; QA recommended
FR,dîner,Subjonctif,Subjonctif présent,vous,dîniez,2,reviewed,repo-local legacy seed normalized into curated contract; QA recommended
FR,dîner,Subjonctif,Subjonctif présent,ils (elles),dînent,2,reviewed,repo-local legacy seed normalized into curated contract; QA recommended
FR,dîner,Indicatif,Passé Simple,je,dînai,2,reviewed,repo-local legacy seed normalized into curated contract; QA recommended
FR,dîner,Indicatif,Passé Simple,tu,dînas,2,reviewed,repo-local legacy seed normalized into curated contract; QA recommended
FR,dîner,Indicatif,Passé Simple,"il (elle, on)",dîna,2,reviewed,repo-local legacy seed normalized into curated contract; QA recommended
FR,dîner,Indicatif,Passé Simple,nous,dînâmes,2,reviewed,repo-local legacy seed normalized into curated contract; QA recommended
FR,dîner,Indicatif,Passé Simple,vous,dînâtes,2,reviewed,repo-local legacy seed normalized into curated contract; QA recommended
FR,dîner,Indicatif,Passé Simple,ils (elles),dînèrent,2,reviewed,repo-local legacy seed normalized into curated contract; QA recommended
FR,dîner,Subjonctif,Subjonctif imparfait,je,dînasse,2,reviewed,repo-local legacy seed normalized into curated contract; QA recommended
FR,dîner,Subjonctif,Subjonctif imparfait,tu,dînasses,2,reviewed,repo-local legacy seed normalized into curated contract; QA recommended
FR,dîner,Subjonctif,Subjonctif imparfait,"il (elle, on)",dînât,2,reviewed,repo-local legacy seed normalized into curated contract; QA recommended
FR,dîner,Subjonctif,Subjonctif imparfait,nous,dînassions,2,reviewed,repo-local legacy seed normalized into curated contract; QA recommended
FR,dîner,Subjonctif,Subjonctif imparfait,vous,dînassiez,2,reviewed,repo-local legacy seed normalized into curated contract; QA recommended
FR,dîner,Subjonctif,Subjonctif imparfait,ils (elles),dînassent,2,reviewed,repo-local legacy seed normalized into curated contract; QA recommended
FR,apprendre,Indicatif,Présent,je,apprends,2,reviewed,irregular/compound paradigm patched manually; QA recommended
FR,apprendre,Indicatif,Présent,tu,apprends,2,reviewed,irregular/compound paradigm patched manually; QA recommended
FR,apprendre,Indicatif,Présent,"il (elle, on)",apprend,2,reviewed,irregular/compound paradigm patched manually; QA recommended
FR,apprendre,Indicatif,Présent,nous,apprenons,2,reviewed,irregular/compound paradigm patched manually; QA recommended
FR,apprendre,Indicatif,Présent,vous,apprenez,2,reviewed,irregular/compound paradigm patched manually; QA recommended
FR,apprendre,Indicatif,Présent,ils (elles),apprennent,2,reviewed,irregular/compound paradigm patched manually; QA recommended
FR,apprendre,Indicatif,Futur,je,apprendrai,2,reviewed,irregular/compound paradigm patched manually; QA recommended
FR,apprendre,Indicatif,Futur,tu,apprendras,2,reviewed,irregular/compound paradigm patched manually; QA recommended
FR,apprendre,Indicatif,Futur,"il (elle, on)",apprendra,2,reviewed,irregular/compound paradigm patched manually; QA recommended
FR,apprendre,Indicatif,Futur,nous,apprendrons,2,reviewed,irregular/compound paradigm patched manually; QA recommended
FR,apprendre,Indicatif,Futur,vous,apprendrez,2,reviewed,irregular/compound paradigm patched manually; QA recommended
FR,apprendre,Indicatif,Futur,ils (elles),apprendront,2,reviewed,irregular/compound paradigm patched manually; QA recommended
FR,apprendre,Indicatif,Passé composé,je,ai appris,2,reviewed,irregular/compound paradigm patched manually; QA recommended
FR,apprendre,Indicatif,Passé composé,tu,as appris,2,reviewed,irregular/compound paradigm patched manually; QA recommended
FR,apprendre,Indicatif,Passé composé,"il (elle, on)",a appris,2,reviewed,irregular/compound paradigm patched manually; QA recommended
FR,apprendre,Indicatif,Passé composé,nous,avons appris,2,reviewed,irregular/compound paradigm patched manually; QA recommended
FR,apprendre,Indicatif,Passé composé,vous,avez appris,2,reviewed,irregular/compound paradigm patched manually; QA recommended
FR,apprendre,Indicatif,Passé composé,ils (elles),ont appris,2,reviewed,irregular/compound paradigm patched manually; QA recommended
FR,apprendre,Indicatif,Imparfait,je,apprenais,2,reviewed,irregular/compound paradigm patched manually; QA recommended
FR,apprendre,Indicatif,Imparfait,tu,apprenais,2,reviewed,irregular/compound paradigm patched manually; QA recommended
FR,apprendre,Indicatif,Imparfait,"il (elle, on)",apprenait,2,reviewed,irregular/compound paradigm patched manually; QA recommended
FR,apprendre,Indicatif,Imparfait,nous,apprenions,2,reviewed,irregular/compound paradigm patched manually; QA recommended
FR,apprendre,Indicatif,Imparfait,vous,appreniez,2,reviewed,irregular/compound paradigm patched manually; QA recommended
FR,apprendre,Indicatif,Imparfait,ils (elles),apprenaient,2,reviewed,irregular/compound paradigm patched manually; QA recommended
FR,apprendre,Conditionnel,Conditionnel présent,je,apprendrais,2,reviewed,irregular/compound paradigm patched manually; QA recommended
FR,apprendre,Conditionnel,Conditionnel présent,tu,apprendrais,2,reviewed,irregular/compound paradigm patched manually; QA recommended
FR,apprendre,Conditionnel,Conditionnel présent,"il (elle, on)",apprendrait,2,reviewed,irregular/compound paradigm patched manually; QA recommended
FR,apprendre,Conditionnel,Conditionnel présent,nous,apprendrions,2,reviewed,irregular/compound paradigm patched manually; QA recommended
FR,apprendre,Conditionnel,Conditionnel présent,vous,apprendriez,2,reviewed,irregular/compound paradigm patched manually; QA recommended
FR,apprendre,Conditionnel,Conditionnel présent,ils (elles),apprendraient,2,reviewed,irregular/compound paradigm patched manually; QA recommended
FR,apprendre,Impératif,Impératif,je,-,2,reviewed,irregular/compound paradigm patched manually; QA recommended; French imperative only uses tu / nous / vous; placeholder - used for unsupported slot
FR,apprendre,Impératif,Impératif,tu,apprends,2,reviewed,irregular/compound paradigm patched manually; QA recommended
FR,apprendre,Impératif,Impératif,"il (elle, on)",-,2,reviewed,irregular/compound paradigm patched manually; QA recommended; French imperative only uses tu / nous / vous; placeholder - used for unsupported slot
FR,apprendre,Impératif,Impératif,nous,apprenons,2,reviewed,irregular/compound paradigm patched manually; QA recommended
FR,apprendre,Impératif,Impératif,vous,apprenez,2,reviewed,irregular/compound paradigm patched manually; QA recommended
FR,apprendre,Impératif,Impératif,ils (elles),-,2,reviewed,irregular/compound paradigm patched manually; QA recommended; French imperative only uses tu / nous / vous; placeholder - used for unsupported slot
FR,apprendre,Subjonctif,Subjonctif présent,je,apprenne,2,reviewed,irregular/compound paradigm patched manually; QA recommended
FR,apprendre,Subjonctif,Subjonctif présent,tu,apprennes,2,reviewed,irregular/compound paradigm patched manually; QA recommended
FR,apprendre,Subjonctif,Subjonctif présent,"il (elle, on)",apprenne,2,reviewed,irregular/compound paradigm patched manually; QA recommended
FR,apprendre,Subjonctif,Subjonctif présent,nous,apprenions,2,reviewed,irregular/compound paradigm patched manually; QA recommended
FR,apprendre,Subjonctif,Subjonctif présent,vous,appreniez,2,reviewed,irregular/compound paradigm patched manually; QA recommended
FR,apprendre,Subjonctif,Subjonctif présent,ils (elles),apprennent,2,reviewed,irregular/compound paradigm patched manually; QA recommended
FR,apprendre,Indicatif,Passé Simple,je,appris,2,reviewed,irregular/compound paradigm patched manually; QA recommended
FR,apprendre,Indicatif,Passé Simple,tu,appris,2,reviewed,irregular/compound paradigm patched manually; QA recommended
FR,apprendre,Indicatif,Passé Simple,"il (elle, on)",apprit,2,reviewed,irregular/compound paradigm patched manually; QA recommended
FR,apprendre,Indicatif,Passé Simple,nous,apprîmes,2,reviewed,irregular/compound paradigm patched manually; QA recommended
FR,apprendre,Indicatif,Passé Simple,vous,apprîtes,2,reviewed,irregular/compound paradigm patched manually; QA recommended
FR,apprendre,Indicatif,Passé Simple,ils (elles),apprirent,2,reviewed,irregular/compound paradigm patched manually; QA recommended
FR,apprendre,Subjonctif,Subjonctif imparfait,je,apprisse,2,reviewed,irregular/compound paradigm patched manually; QA recommended
FR,apprendre,Subjonctif,Subjonctif imparfait,tu,apprisses,2,reviewed,irregular/compound paradigm patched manually; QA recommended
FR,apprendre,Subjonctif,Subjonctif imparfait,"il (elle, on)",apprît,2,reviewed,irregular/compound paradigm patched manually; QA recommended
FR,apprendre,Subjonctif,Subjonctif imparfait,nous,apprissions,2,reviewed,irregular/compound paradigm patched manually; QA recommended
FR,apprendre,Subjonctif,Subjonctif imparfait,vous,apprissiez,2,reviewed,irregular/compound paradigm patched manually; QA recommended
FR,apprendre,Subjonctif,Subjonctif imparfait,ils (elles),apprissent,2,reviewed,irregular/compound paradigm patched manually; QA recommended
FR,empêcher,Indicatif,Présent,je,empêche,2,reviewed,repo-local legacy seed normalized into curated contract; QA recommended
FR,empêcher,Indicatif,Présent,tu,empêches,2,reviewed,repo-local legacy seed normalized into curated contract; QA recommended
FR,empêcher,Indicatif,Présent,"il (elle, on)",empêche,2,reviewed,repo-local legacy seed normalized into curated contract; QA recommended
FR,empêcher,Indicatif,Présent,nous,empêchons,2,reviewed,repo-local legacy seed normalized into curated contract; QA recommended
FR,empêcher,Indicatif,Présent,vous,empêchez,2,reviewed,repo-local legacy seed normalized into curated contract; QA recommended
FR,empêcher,Indicatif,Présent,ils (elles),empêchent,2,reviewed,repo-local legacy seed normalized into curated contract; QA recommended
FR,empêcher,Indicatif,Futur,je,empêcherai,2,reviewed,repo-local legacy seed normalized into curated contract; QA recommended
FR,empêcher,Indicatif,Futur,tu,empêcheras,2,reviewed,repo-local legacy seed normalized into curated contract; QA recommended
FR,empêcher,Indicatif,Futur,"il (elle, on)",empêchera,2,reviewed,repo-local legacy seed normalized into curated contract; QA recommended
FR,empêcher,Indicatif,Futur,nous,empêcherons,2,reviewed,repo-local legacy seed normalized into curated contract; QA recommended
FR,empêcher,Indicatif,Futur,vous,empêcherez,2,reviewed,repo-local legacy seed normalized into curated contract; QA recommended
FR,empêcher,Indicatif,Futur,ils (elles),empêcheront,2,reviewed,repo-local legacy seed normalized into curated contract; QA recommended
FR,empêcher,Indicatif,Passé composé,je,ai empêché,2,reviewed,repo-local legacy seed normalized into curated contract; QA recommended
FR,empêcher,Indicatif,Passé composé,tu,as empêché,2,reviewed,repo-local legacy seed normalized into curated contract; QA recommended
FR,empêcher,Indicatif,Passé composé,"il (elle, on)",a empêché,2,reviewed,repo-local legacy seed normalized into curated contract; QA recommended
FR,empêcher,Indicatif,Passé composé,nous,avons empêché,2,reviewed,repo-local legacy seed normalized into curated contract; QA recommended
FR,empêcher,Indicatif,Passé composé,vous,avez empêché,2,reviewed,repo-local legacy seed normalized into curated contract; QA recommended
FR,empêcher,Indicatif,Passé composé,ils (elles),ont empêché,2,reviewed,repo-local legacy seed normalized into curated contract; QA recommended
FR,empêcher,Indicatif,Imparfait,je,empêchais,2,reviewed,repo-local legacy seed normalized into curated contract; QA recommended
FR,empêcher,Indicatif,Imparfait,tu,empêchais,2,reviewed,repo-local legacy seed normalized into curated contract; QA recommended
FR,empêcher,Indicatif,Imparfait,"il (elle, on)",empêchait,2,reviewed,repo-local legacy seed normalized into curated contract; QA recommended
FR,empêcher,Indicatif,Imparfait,nous,empêchions,2,reviewed,repo-local legacy seed normalized into curated contract; QA recommended
FR,empêcher,Indicatif,Imparfait,vous,empêchiez,2,reviewed,repo-local legacy seed normalized into curated contract; QA recommended
FR,empêcher,Indicatif,Imparfait,ils (elles),empêchaient,2,reviewed,repo-local legacy seed normalized into curated contract; QA recommended
FR,empêcher,Conditionnel,Conditionnel présent,je,empêcherais,2,reviewed,repo-local legacy seed normalized into curated contract; QA recommended
FR,empêcher,Conditionnel,Conditionnel présent,tu,empêcherais,2,reviewed,repo-local legacy seed normalized into curated contract; QA recommended
FR,empêcher,Conditionnel,Conditionnel présent,"il (elle, on)",empêcherait,2,reviewed,repo-local legacy seed normalized into curated contract; QA recommended
FR,empêcher,Conditionnel,Conditionnel présent,nous,empêcherions,2,reviewed,repo-local legacy seed normalized into curated contract; QA recommended
FR,empêcher,Conditionnel,Conditionnel présent,vous,empêcheriez,2,reviewed,repo-local legacy seed normalized into curated contract; QA recommended
FR,empêcher,Conditionnel,Conditionnel présent,ils (elles),empêcheraient,2,reviewed,repo-local legacy seed normalized into curated contract; QA recommended
FR,empêcher,Impératif,Impératif,je,-,2,reviewed,repo-local legacy seed normalized into curated contract; QA recommended; French imperative only uses tu / nous / vous; placeholder - used for unsupported slot
FR,empêcher,Impératif,Impératif,tu,empêche,2,reviewed,repo-local legacy seed normalized into curated contract; QA recommended
FR,empêcher,Impératif,Impératif,"il (elle, on)",-,2,reviewed,repo-local legacy seed normalized into curated contract; QA recommended; French imperative only uses tu / nous / vous; placeholder - used for unsupported slot
FR,empêcher,Impératif,Impératif,nous,empêchons,2,reviewed,repo-local legacy seed normalized into curated contract; QA recommended
FR,empêcher,Impératif,Impératif,vous,empêchez,2,reviewed,repo-local legacy seed normalized into curated contract; QA recommended
FR,empêcher,Impératif,Impératif,ils (elles),-,2,reviewed,repo-local legacy seed normalized into curated contract; QA recommended; French imperative only uses tu / nous / vous; placeholder - used for unsupported slot
FR,empêcher,Subjonctif,Subjonctif présent,je,empêche,2,reviewed,repo-local legacy seed normalized into curated contract; QA recommended
FR,empêcher,Subjonctif,Subjonctif présent,tu,empêches,2,reviewed,repo-local legacy seed normalized into curated contract; QA recommended
FR,empêcher,Subjonctif,Subjonctif présent,"il (elle, on)",empêche,2,reviewed,repo-local legacy seed normalized into curated contract; QA recommended
FR,empêcher,Subjonctif,Subjonctif présent,nous,empêchions,2,reviewed,repo-local legacy seed normalized into curated contract; QA recommended
FR,empêcher,Subjonctif,Subjonctif présent,vous,empêchiez,2,reviewed,repo-local legacy seed normalized into curated contract; QA recommended
FR,empêcher,Subjonctif,Subjonctif présent,ils (elles),empêchent,2,reviewed,repo-local legacy seed normalized into curated contract; QA recommended
FR,empêcher,Indicatif,Passé Simple,je,empêchai,2,reviewed,repo-local legacy seed normalized into curated contract; QA recommended
FR,empêcher,Indicatif,Passé Simple,tu,empêchas,2,reviewed,repo-local legacy seed normalized into curated contract; QA recommended
FR,empêcher,Indicatif,Passé Simple,"il (elle, on)",empêcha,2,reviewed,repo-local legacy seed normalized into curated contract; QA recommended
FR,empêcher,Indicatif,Passé Simple,nous,empêchâmes,2,reviewed,repo-local legacy seed normalized into curated contract; QA recommended
FR,empêcher,Indicatif,Passé Simple,vous,empêchâtes,2,reviewed,repo-local legacy seed normalized into curated contract; QA recommended
FR,empêcher,Indicatif,Passé Simple,ils (elles),empêchèrent,2,reviewed,repo-local legacy seed normalized into curated contract; QA recommended
FR,empêcher,Subjonctif,Subjonctif imparfait,je,empêchasse,2,reviewed,repo-local legacy seed normalized into curated contract; QA recommended
FR,empêcher,Subjonctif,Subjonctif imparfait,tu,empêchasses,2,reviewed,repo-local legacy seed normalized into curated contract; QA recommended
FR,empêcher,Subjonctif,Subjonctif imparfait,"il (elle, on)",empêchât,2,reviewed,repo-local legacy seed normalized into curated contract; QA recommended
FR,empêcher,Subjonctif,Subjonctif imparfait,nous,empêchassions,2,reviewed,repo-local legacy seed normalized into curated contract; QA recommended
FR,empêcher,Subjonctif,Subjonctif imparfait,vous,empêchassiez,2,reviewed,repo-local legacy seed normalized into curated contract; QA recommended
FR,empêcher,Subjonctif,Subjonctif imparfait,ils (elles),empêchassent,2,reviewed,repo-local legacy seed normalized into curated contract; QA recommended
FR,établir,Indicatif,Présent,je,établis,2,reviewed,irregular/compound paradigm patched manually; QA recommended
FR,établir,Indicatif,Présent,tu,établis,2,reviewed,irregular/compound paradigm patched manually; QA recommended
FR,établir,Indicatif,Présent,"il (elle, on)",établit,2,reviewed,irregular/compound paradigm patched manually; QA recommended
FR,établir,Indicatif,Présent,nous,établissons,2,reviewed,irregular/compound paradigm patched manually; QA recommended
FR,établir,Indicatif,Présent,vous,établissez,2,reviewed,irregular/compound paradigm patched manually; QA recommended
FR,établir,Indicatif,Présent,ils (elles),établissent,2,reviewed,irregular/compound paradigm patched manually; QA recommended
FR,établir,Indicatif,Futur,je,établirai,2,reviewed,irregular/compound paradigm patched manually; QA recommended
FR,établir,Indicatif,Futur,tu,établiras,2,reviewed,irregular/compound paradigm patched manually; QA recommended
FR,établir,Indicatif,Futur,"il (elle, on)",établira,2,reviewed,irregular/compound paradigm patched manually; QA recommended
FR,établir,Indicatif,Futur,nous,établirons,2,reviewed,irregular/compound paradigm patched manually; QA recommended
FR,établir,Indicatif,Futur,vous,établirez,2,reviewed,irregular/compound paradigm patched manually; QA recommended
FR,établir,Indicatif,Futur,ils (elles),établiront,2,reviewed,irregular/compound paradigm patched manually; QA recommended
FR,établir,Indicatif,Passé composé,je,ai établi,2,reviewed,irregular/compound paradigm patched manually; QA recommended
FR,établir,Indicatif,Passé composé,tu,as établi,2,reviewed,irregular/compound paradigm patched manually; QA recommended
FR,établir,Indicatif,Passé composé,"il (elle, on)",a établi,2,reviewed,irregular/compound paradigm patched manually; QA recommended
FR,établir,Indicatif,Passé composé,nous,avons établi,2,reviewed,irregular/compound paradigm patched manually; QA recommended
FR,établir,Indicatif,Passé composé,vous,avez établi,2,reviewed,irregular/compound paradigm patched manually; QA recommended
FR,établir,Indicatif,Passé composé,ils (elles),ont établi,2,reviewed,irregular/compound paradigm patched manually; QA recommended
FR,établir,Indicatif,Imparfait,je,établissais,2,reviewed,irregular/compound paradigm patched manually; QA recommended
FR,établir,Indicatif,Imparfait,tu,établissais,2,reviewed,irregular/compound paradigm patched manually; QA recommended
FR,établir,Indicatif,Imparfait,"il (elle, on)",établissait,2,reviewed,irregular/compound paradigm patched manually; QA recommended
FR,établir,Indicatif,Imparfait,nous,établissions,2,reviewed,irregular/compound paradigm patched manually; QA recommended
FR,établir,Indicatif,Imparfait,vous,établissiez,2,reviewed,irregular/compound paradigm patched manually; QA recommended
FR,établir,Indicatif,Imparfait,ils (elles),établissaient,2,reviewed,irregular/compound paradigm patched manually; QA recommended
FR,établir,Conditionnel,Conditionnel présent,je,établirais,2,reviewed,irregular/compound paradigm patched manually; QA recommended
FR,établir,Conditionnel,Conditionnel présent,tu,établirais,2,reviewed,irregular/compound paradigm patched manually; QA recommended
FR,établir,Conditionnel,Conditionnel présent,"il (elle, on)",établirait,2,reviewed,irregular/compound paradigm patched manually; QA recommended
FR,établir,Conditionnel,Conditionnel présent,nous,établirions,2,reviewed,irregular/compound paradigm patched manually; QA recommended
FR,établir,Conditionnel,Conditionnel présent,vous,établiriez,2,reviewed,irregular/compound paradigm patched manually; QA recommended
FR,établir,Conditionnel,Conditionnel présent,ils (elles),établiraient,2,reviewed,irregular/compound paradigm patched manually; QA recommended
FR,établir,Impératif,Impératif,je,-,2,reviewed,irregular/compound paradigm patched manually; QA recommended; French imperative only uses tu / nous / vous; placeholder - used for unsupported slot
FR,établir,Impératif,Impératif,tu,établis,2,reviewed,irregular/compound paradigm patched manually; QA recommended
FR,établir,Impératif,Impératif,"il (elle, on)",-,2,reviewed,irregular/compound paradigm patched manually; QA recommended; French imperative only uses tu / nous / vous; placeholder - used for unsupported slot
FR,établir,Impératif,Impératif,nous,établissons,2,reviewed,irregular/compound paradigm patched manually; QA recommended
FR,établir,Impératif,Impératif,vous,établissez,2,reviewed,irregular/compound paradigm patched manually; QA recommended
FR,établir,Impératif,Impératif,ils (elles),-,2,reviewed,irregular/compound paradigm patched manually; QA recommended; French imperative only uses tu / nous / vous; placeholder - used for unsupported slot
FR,établir,Subjonctif,Subjonctif présent,je,établisse,2,reviewed,irregular/compound paradigm patched manually; QA recommended
FR,établir,Subjonctif,Subjonctif présent,tu,établisses,2,reviewed,irregular/compound paradigm patched manually; QA recommended
FR,établir,Subjonctif,Subjonctif présent,"il (elle, on)",établisse,2,reviewed,irregular/compound paradigm patched manually; QA recommended
FR,établir,Subjonctif,Subjonctif présent,nous,établissions,2,reviewed,irregular/compound paradigm patched manually; QA recommended
FR,établir,Subjonctif,Subjonctif présent,vous,établissiez,2,reviewed,irregular/compound paradigm patched manually; QA recommended
FR,établir,Subjonctif,Subjonctif présent,ils (elles),établissent,2,reviewed,irregular/compound paradigm patched manually; QA recommended
FR,établir,Indicatif,Passé Simple,je,établis,2,reviewed,irregular/compound paradigm patched manually; QA recommended
FR,établir,Indicatif,Passé Simple,tu,établis,2,reviewed,irregular/compound paradigm patched manually; QA recommended
FR,établir,Indicatif,Passé Simple,"il (elle, on)",établit,2,reviewed,irregular/compound paradigm patched manually; QA recommended
FR,établir,Indicatif,Passé Simple,nous,établîmes,2,reviewed,irregular/compound paradigm patched manually; QA recommended
FR,établir,Indicatif,Passé Simple,vous,établîtes,2,reviewed,irregular/compound paradigm patched manually; QA recommended
FR,établir,Indicatif,Passé Simple,ils (elles),établirent,2,reviewed,irregular/compound paradigm patched manually; QA recommended
FR,établir,Subjonctif,Subjonctif imparfait,je,établisse,2,reviewed,irregular/compound paradigm patched manually; QA recommended
FR,établir,Subjonctif,Subjonctif imparfait,tu,établisses,2,reviewed,irregular/compound paradigm patched manually; QA recommended
FR,établir,Subjonctif,Subjonctif imparfait,"il (elle, on)",établît,2,reviewed,irregular/compound paradigm patched manually; QA recommended
FR,établir,Subjonctif,Subjonctif imparfait,nous,établissions,2,reviewed,irregular/compound paradigm patched manually; QA recommended
FR,établir,Subjonctif,Subjonctif imparfait,vous,établissiez,2,reviewed,irregular/compound paradigm patched manually; QA recommended
FR,établir,Subjonctif,Subjonctif imparfait,ils (elles),établissent,2,reviewed,irregular/compound paradigm patched manually; QA recommended
FR,travailler,Indicatif,Présent,je,travaille,2,reviewed,repo-local legacy seed normalized into curated contract; QA recommended
FR,travailler,Indicatif,Présent,tu,travailles,2,reviewed,repo-local legacy seed normalized into curated contract; QA recommended
FR,travailler,Indicatif,Présent,"il (elle, on)",travaille,2,reviewed,repo-local legacy seed normalized into curated contract; QA recommended
FR,travailler,Indicatif,Présent,nous,travaillons,2,reviewed,repo-local legacy seed normalized into curated contract; QA recommended
FR,travailler,Indicatif,Présent,vous,travaillez,2,reviewed,repo-local legacy seed normalized into curated contract; QA recommended
FR,travailler,Indicatif,Présent,ils (elles),travaillent,2,reviewed,repo-local legacy seed normalized into curated contract; QA recommended
FR,travailler,Indicatif,Futur,je,travaillerai,2,reviewed,repo-local legacy seed normalized into curated contract; QA recommended
FR,travailler,Indicatif,Futur,tu,travailleras,2,reviewed,repo-local legacy seed normalized into curated contract; QA recommended
FR,travailler,Indicatif,Futur,"il (elle, on)",travaillera,2,reviewed,repo-local legacy seed normalized into curated contract; QA recommended
FR,travailler,Indicatif,Futur,nous,travaillerons,2,reviewed,repo-local legacy seed normalized into curated contract; QA recommended
FR,travailler,Indicatif,Futur,vous,travaillerez,2,reviewed,repo-local legacy seed normalized into curated contract; QA recommended
FR,travailler,Indicatif,Futur,ils (elles),travailleront,2,reviewed,repo-local legacy seed normalized into curated contract; QA recommended
FR,travailler,Indicatif,Passé composé,je,ai travaillé,2,reviewed,repo-local legacy seed normalized into curated contract; QA recommended
FR,travailler,Indicatif,Passé composé,tu,as travaillé,2,reviewed,repo-local legacy seed normalized into curated contract; QA recommended
FR,travailler,Indicatif,Passé composé,"il (elle, on)",a travaillé,2,reviewed,repo-local legacy seed normalized into curated contract; QA recommended
FR,travailler,Indicatif,Passé composé,nous,avons travaillé,2,reviewed,repo-local legacy seed normalized into curated contract; QA recommended
FR,travailler,Indicatif,Passé composé,vous,avez travaillé,2,reviewed,repo-local legacy seed normalized into curated contract; QA recommended
FR,travailler,Indicatif,Passé composé,ils (elles),ont travaillé,2,reviewed,repo-local legacy seed normalized into curated contract; QA recommended
FR,travailler,Indicatif,Imparfait,je,travaillais,2,reviewed,repo-local legacy seed normalized into curated contract; QA recommended
FR,travailler,Indicatif,Imparfait,tu,travaillais,2,reviewed,repo-local legacy seed normalized into curated contract; QA recommended
FR,travailler,Indicatif,Imparfait,"il (elle, on)",travaillait,2,reviewed,repo-local legacy seed normalized into curated contract; QA recommended
FR,travailler,Indicatif,Imparfait,nous,travaillions,2,reviewed,repo-local legacy seed normalized into curated contract; QA recommended
FR,travailler,Indicatif,Imparfait,vous,travailliez,2,reviewed,repo-local legacy seed normalized into curated contract; QA recommended
FR,travailler,Indicatif,Imparfait,ils (elles),travaillaient,2,reviewed,repo-local legacy seed normalized into curated contract; QA recommended
FR,travailler,Conditionnel,Conditionnel présent,je,travaillerais,2,reviewed,repo-local legacy seed normalized into curated contract; QA recommended
FR,travailler,Conditionnel,Conditionnel présent,tu,travaillerais,2,reviewed,repo-local legacy seed normalized into curated contract; QA recommended
FR,travailler,Conditionnel,Conditionnel présent,"il (elle, on)",travaillerait,2,reviewed,repo-local legacy seed normalized into curated contract; QA recommended
FR,travailler,Conditionnel,Conditionnel présent,nous,travaillerions,2,reviewed,repo-local legacy seed normalized into curated contract; QA recommended
FR,travailler,Conditionnel,Conditionnel présent,vous,travailleriez,2,reviewed,repo-local legacy seed normalized into curated contract; QA recommended
FR,travailler,Conditionnel,Conditionnel présent,ils (elles),travailleraient,2,reviewed,repo-local legacy seed normalized into curated contract; QA recommended
FR,travailler,Impératif,Impératif,je,-,2,reviewed,repo-local legacy seed normalized into curated contract; QA recommended; French imperative only uses tu / nous / vous; placeholder - used for unsupported slot
FR,travailler,Impératif,Impératif,tu,travaille,2,reviewed,repo-local legacy seed normalized into curated contract; QA recommended
FR,travailler,Impératif,Impératif,"il (elle, on)",-,2,reviewed,repo-local legacy seed normalized into curated contract; QA recommended; French imperative only uses tu / nous / vous; placeholder - used for unsupported slot
FR,travailler,Impératif,Impératif,nous,travaillons,2,reviewed,repo-local legacy seed normalized into curated contract; QA recommended
FR,travailler,Impératif,Impératif,vous,travaillez,2,reviewed,repo-local legacy seed normalized into curated contract; QA recommended
FR,travailler,Impératif,Impératif,ils (elles),-,2,reviewed,repo-local legacy seed normalized into curated contract; QA recommended; French imperative only uses tu / nous / vous; placeholder - used for unsupported slot
FR,travailler,Subjonctif,Subjonctif présent,je,travaille,2,reviewed,repo-local legacy seed normalized into curated contract; QA recommended
FR,travailler,Subjonctif,Subjonctif présent,tu,travailles,2,reviewed,repo-local legacy seed normalized into curated contract; QA recommended
FR,travailler,Subjonctif,Subjonctif présent,"il (elle, on)",travaille,2,reviewed,repo-local legacy seed normalized into curated contract; QA recommended
FR,travailler,Subjonctif,Subjonctif présent,nous,travaillions,2,reviewed,repo-local legacy seed normalized into curated contract; QA recommended
FR,travailler,Subjonctif,Subjonctif présent,vous,travailliez,2,reviewed,repo-local legacy seed normalized into curated contract; QA recommended
FR,travailler,Subjonctif,Subjonctif présent,ils (elles),travaillent,2,reviewed,repo-local legacy seed normalized into curated contract; QA recommended
FR,travailler,Indicatif,Passé Simple,je,travaillai,2,reviewed,repo-local legacy seed normalized into curated contract; QA recommended
FR,travailler,Indicatif,Passé Simple,tu,travaillas,2,reviewed,repo-local legacy seed normalized into curated contract; QA recommended
FR,travailler,Indicatif,Passé Simple,"il (elle, on)",travailla,2,reviewed,repo-local legacy seed normalized into curated contract; QA recommended
FR,travailler,Indicatif,Passé Simple,nous,travaillâmes,2,reviewed,repo-local legacy seed normalized into curated contract; QA recommended
FR,travailler,Indicatif,Passé Simple,vous,travaillâtes,2,reviewed,repo-local legacy seed normalized into curated contract; QA recommended
FR,travailler,Indicatif,Passé Simple,ils (elles),travaillèrent,2,reviewed,repo-local legacy seed normalized into curated contract; QA recommended
FR,travailler,Subjonctif,Subjonctif imparfait,je,travaillasse,2,reviewed,repo-local legacy seed normalized into curated contract; QA recommended
FR,travailler,Subjonctif,Subjonctif imparfait,tu,travaillasses,2,reviewed,repo-local legacy seed normalized into curated contract; QA recommended
FR,travailler,Subjonctif,Subjonctif imparfait,"il (elle, on)",travaillât,2,reviewed,repo-local legacy seed normalized into curated contract; QA recommended
FR,travailler,Subjonctif,Subjonctif imparfait,nous,travaillassions,2,reviewed,repo-local legacy seed normalized into curated contract; QA recommended
FR,travailler,Subjonctif,Subjonctif imparfait,vous,travaillassiez,2,reviewed,repo-local legacy seed normalized into curated contract; QA recommended
FR,travailler,Subjonctif,Subjonctif imparfait,ils (elles),travaillassent,2,reviewed,repo-local legacy seed normalized into curated contract; QA recommended
FR,garder,Indicatif,Présent,je,garde,2,reviewed,repo-local legacy seed normalized into curated contract; QA recommended
FR,garder,Indicatif,Présent,tu,gardes,2,reviewed,repo-local legacy seed normalized into curated contract; QA recommended
FR,garder,Indicatif,Présent,"il (elle, on)",garde,2,reviewed,repo-local legacy seed normalized into curated contract; QA recommended
FR,garder,Indicatif,Présent,nous,gardons,2,reviewed,repo-local legacy seed normalized into curated contract; QA recommended
FR,garder,Indicatif,Présent,vous,gardez,2,reviewed,repo-local legacy seed normalized into curated contract; QA recommended
FR,garder,Indicatif,Présent,ils (elles),gardent,2,reviewed,repo-local legacy seed normalized into curated contract; QA recommended
FR,garder,Indicatif,Futur,je,garderai,2,reviewed,repo-local legacy seed normalized into curated contract; QA recommended
FR,garder,Indicatif,Futur,tu,garderas,2,reviewed,repo-local legacy seed normalized into curated contract; QA recommended
FR,garder,Indicatif,Futur,"il (elle, on)",gardera,2,reviewed,repo-local legacy seed normalized into curated contract; QA recommended
FR,garder,Indicatif,Futur,nous,garderons,2,reviewed,repo-local legacy seed normalized into curated contract; QA recommended
FR,garder,Indicatif,Futur,vous,garderez,2,reviewed,repo-local legacy seed normalized into curated contract; QA recommended
FR,garder,Indicatif,Futur,ils (elles),garderont,2,reviewed,repo-local legacy seed normalized into curated contract; QA recommended
FR,garder,Indicatif,Passé composé,je,ai gardé,2,reviewed,repo-local legacy seed normalized into curated contract; QA recommended
FR,garder,Indicatif,Passé composé,tu,as gardé,2,reviewed,repo-local legacy seed normalized into curated contract; QA recommended
FR,garder,Indicatif,Passé composé,"il (elle, on)",a gardé,2,reviewed,repo-local legacy seed normalized into curated contract; QA recommended
FR,garder,Indicatif,Passé composé,nous,avons gardé,2,reviewed,repo-local legacy seed normalized into curated contract; QA recommended
FR,garder,Indicatif,Passé composé,vous,avez gardé,2,reviewed,repo-local legacy seed normalized into curated contract; QA recommended
FR,garder,Indicatif,Passé composé,ils (elles),ont gardé,2,reviewed,repo-local legacy seed normalized into curated contract; QA recommended
FR,garder,Indicatif,Imparfait,je,gardais,2,reviewed,repo-local legacy seed normalized into curated contract; QA recommended
FR,garder,Indicatif,Imparfait,tu,gardais,2,reviewed,repo-local legacy seed normalized into curated contract; QA recommended
FR,garder,Indicatif,Imparfait,"il (elle, on)",gardait,2,reviewed,repo-local legacy seed normalized into curated contract; QA recommended
FR,garder,Indicatif,Imparfait,nous,gardions,2,reviewed,repo-local legacy seed normalized into curated contract; QA recommended
FR,garder,Indicatif,Imparfait,vous,gardiez,2,reviewed,repo-local legacy seed normalized into curated contract; QA recommended
FR,garder,Indicatif,Imparfait,ils (elles),gardaient,2,reviewed,repo-local legacy seed normalized into curated contract; QA recommended
FR,garder,Conditionnel,Conditionnel présent,je,garderais,2,reviewed,repo-local legacy seed normalized into curated contract; QA recommended
FR,garder,Conditionnel,Conditionnel présent,tu,garderais,2,reviewed,repo-local legacy seed normalized into curated contract; QA recommended
FR,garder,Conditionnel,Conditionnel présent,"il (elle, on)",garderait,2,reviewed,repo-local legacy seed normalized into curated contract; QA recommended
FR,garder,Conditionnel,Conditionnel présent,nous,garderions,2,reviewed,repo-local legacy seed normalized into curated contract; QA recommended
FR,garder,Conditionnel,Conditionnel présent,vous,garderiez,2,reviewed,repo-local legacy seed normalized into curated contract; QA recommended
FR,garder,Conditionnel,Conditionnel présent,ils (elles),garderaient,2,reviewed,repo-local legacy seed normalized into curated contract; QA recommended
FR,garder,Impératif,Impératif,je,-,2,reviewed,repo-local legacy seed normalized into curated contract; QA recommended; French imperative only uses tu / nous / vous; placeholder - used for unsupported slot
FR,garder,Impératif,Impératif,tu,garde,2,reviewed,repo-local legacy seed normalized into curated contract; QA recommended
FR,garder,Impératif,Impératif,"il (elle, on)",-,2,reviewed,repo-local legacy seed normalized into curated contract; QA recommended; French imperative only uses tu / nous / vous; placeholder - used for unsupported slot
FR,garder,Impératif,Impératif,nous,gardons,2,reviewed,repo-local legacy seed normalized into curated contract; QA recommended
FR,garder,Impératif,Impératif,vous,gardez,2,reviewed,repo-local legacy seed normalized into curated contract; QA recommended
FR,garder,Impératif,Impératif,ils (elles),-,2,reviewed,repo-local legacy seed normalized into curated contract; QA recommended; French imperative only uses tu / nous / vous; placeholder - used for unsupported slot
FR,garder,Subjonctif,Subjonctif présent,je,garde,2,reviewed,repo-local legacy seed normalized into curated contract; QA recommended
FR,garder,Subjonctif,Subjonctif présent,tu,gardes,2,reviewed,repo-local legacy seed normalized into curated contract; QA recommended
FR,garder,Subjonctif,Subjonctif présent,"il (elle, on)",garde,2,reviewed,repo-local legacy seed normalized into curated contract; QA recommended
FR,garder,Subjonctif,Subjonctif présent,nous,gardions,2,reviewed,repo-local legacy seed normalized into curated contract; QA recommended
FR,garder,Subjonctif,Subjonctif présent,vous,gardiez,2,reviewed,repo-local legacy seed normalized into curated contract; QA recommended
FR,garder,Subjonctif,Subjonctif présent,ils (elles),gardent,2,reviewed,repo-local legacy seed normalized into curated contract; QA recommended
FR,garder,Indicatif,Passé Simple,je,gardai,2,reviewed,repo-local legacy seed normalized into curated contract; QA recommended
FR,garder,Indicatif,Passé Simple,tu,gardas,2,reviewed,repo-local legacy seed normalized into curated contract; QA recommended
FR,garder,Indicatif,Passé Simple,"il (elle, on)",garda,2,reviewed,repo-local legacy seed normalized into curated contract; QA recommended
FR,garder,Indicatif,Passé Simple,nous,gardâmes,2,reviewed,repo-local legacy seed normalized into curated contract; QA recommended
FR,garder,Indicatif,Passé Simple,vous,gardâtes,2,reviewed,repo-local legacy seed normalized into curated contract; QA recommended
FR,garder,Indicatif,Passé Simple,ils (elles),gardèrent,2,reviewed,repo-local legacy seed normalized into curated contract; QA recommended
FR,garder,Subjonctif,Subjonctif imparfait,je,gardasse,2,reviewed,repo-local legacy seed normalized into curated contract; QA recommended
FR,garder,Subjonctif,Subjonctif imparfait,tu,gardasses,2,reviewed,repo-local legacy seed normalized into curated contract; QA recommended
FR,garder,Subjonctif,Subjonctif imparfait,"il (elle, on)",gardât,2,reviewed,repo-local legacy seed normalized into curated contract; QA recommended
FR,garder,Subjonctif,Subjonctif imparfait,nous,gardassions,2,reviewed,repo-local legacy seed normalized into curated contract; QA recommended
FR,garder,Subjonctif,Subjonctif imparfait,vous,gardassiez,2,reviewed,repo-local legacy seed normalized into curated contract; QA recommended
FR,garder,Subjonctif,Subjonctif imparfait,ils (elles),gardassent,2,reviewed,repo-local legacy seed normalized into curated contract; QA recommended
FR,marcher,Indicatif,Présent,je,marche,2,reviewed,repo-local legacy seed normalized into curated contract; QA recommended
FR,marcher,Indicatif,Présent,tu,marches,2,reviewed,repo-local legacy seed normalized into curated contract; QA recommended
FR,marcher,Indicatif,Présent,"il (elle, on)",marche,2,reviewed,repo-local legacy seed normalized into curated contract; QA recommended
FR,marcher,Indicatif,Présent,nous,marchons,2,reviewed,repo-local legacy seed normalized into curated contract; QA recommended
FR,marcher,Indicatif,Présent,vous,marchez,2,reviewed,repo-local legacy seed normalized into curated contract; QA recommended
FR,marcher,Indicatif,Présent,ils (elles),marchent,2,reviewed,repo-local legacy seed normalized into curated contract; QA recommended
FR,marcher,Indicatif,Futur,je,marcherai,2,reviewed,repo-local legacy seed normalized into curated contract; QA recommended
FR,marcher,Indicatif,Futur,tu,marcheras,2,reviewed,repo-local legacy seed normalized into curated contract; QA recommended
FR,marcher,Indicatif,Futur,"il (elle, on)",marchera,2,reviewed,repo-local legacy seed normalized into curated contract; QA recommended
FR,marcher,Indicatif,Futur,nous,marcherons,2,reviewed,repo-local legacy seed normalized into curated contract; QA recommended
FR,marcher,Indicatif,Futur,vous,marcherez,2,reviewed,repo-local legacy seed normalized into curated contract; QA recommended
FR,marcher,Indicatif,Futur,ils (elles),marcheront,2,reviewed,repo-local legacy seed normalized into curated contract; QA recommended
FR,marcher,Indicatif,Passé composé,je,ai marché,2,reviewed,repo-local legacy seed normalized into curated contract; QA recommended
FR,marcher,Indicatif,Passé composé,tu,as marché,2,reviewed,repo-local legacy seed normalized into curated contract; QA recommended
FR,marcher,Indicatif,Passé composé,"il (elle, on)",a marché,2,reviewed,repo-local legacy seed normalized into curated contract; QA recommended
FR,marcher,Indicatif,Passé composé,nous,avons marché,2,reviewed,repo-local legacy seed normalized into curated contract; QA recommended
FR,marcher,Indicatif,Passé composé,vous,avez marché,2,reviewed,repo-local legacy seed normalized into curated contract; QA recommended
FR,marcher,Indicatif,Passé composé,ils (elles),ont marché,2,reviewed,repo-local legacy seed normalized into curated contract; QA recommended
FR,marcher,Indicatif,Imparfait,je,marchais,2,reviewed,repo-local legacy seed normalized into curated contract; QA recommended
FR,marcher,Indicatif,Imparfait,tu,marchais,2,reviewed,repo-local legacy seed normalized into curated contract; QA recommended
FR,marcher,Indicatif,Imparfait,"il (elle, on)",marchait,2,reviewed,repo-local legacy seed normalized into curated contract; QA recommended
FR,marcher,Indicatif,Imparfait,nous,marchions,2,reviewed,repo-local legacy seed normalized into curated contract; QA recommended
FR,marcher,Indicatif,Imparfait,vous,marchiez,2,reviewed,repo-local legacy seed normalized into curated contract; QA recommended
FR,marcher,Indicatif,Imparfait,ils (elles),marchaient,2,reviewed,repo-local legacy seed normalized into curated contract; QA recommended
FR,marcher,Conditionnel,Conditionnel présent,je,marcherais,2,reviewed,repo-local legacy seed normalized into curated contract; QA recommended
FR,marcher,Conditionnel,Conditionnel présent,tu,marcherais,2,reviewed,repo-local legacy seed normalized into curated contract; QA recommended
FR,marcher,Conditionnel,Conditionnel présent,"il (elle, on)",marcherait,2,reviewed,repo-local legacy seed normalized into curated contract; QA recommended
FR,marcher,Conditionnel,Conditionnel présent,nous,marcherions,2,reviewed,repo-local legacy seed normalized into curated contract; QA recommended
FR,marcher,Conditionnel,Conditionnel présent,vous,marcheriez,2,reviewed,repo-local legacy seed normalized into curated contract; QA recommended
FR,marcher,Conditionnel,Conditionnel présent,ils (elles),marcheraient,2,reviewed,repo-local legacy seed normalized into curated contract; QA recommended
FR,marcher,Impératif,Impératif,je,-,2,reviewed,repo-local legacy seed normalized into curated contract; QA recommended; French imperative only uses tu / nous / vous; placeholder - used for unsupported slot
FR,marcher,Impératif,Impératif,tu,marche,2,reviewed,repo-local legacy seed normalized into curated contract; QA recommended
FR,marcher,Impératif,Impératif,"il (elle, on)",-,2,reviewed,repo-local legacy seed normalized into curated contract; QA recommended; French imperative only uses tu / nous / vous; placeholder - used for unsupported slot
FR,marcher,Impératif,Impératif,nous,marchons,2,reviewed,repo-local legacy seed normalized into curated contract; QA recommended
FR,marcher,Impératif,Impératif,vous,marchez,2,reviewed,repo-local legacy seed normalized into curated contract; QA recommended
FR,marcher,Impératif,Impératif,ils (elles),-,2,reviewed,repo-local legacy seed normalized into curated contract; QA recommended; French imperative only uses tu / nous / vous; placeholder - used for unsupported slot
FR,marcher,Subjonctif,Subjonctif présent,je,marche,2,reviewed,repo-local legacy seed normalized into curated contract; QA recommended
FR,marcher,Subjonctif,Subjonctif présent,tu,marches,2,reviewed,repo-local legacy seed normalized into curated contract; QA recommended
FR,marcher,Subjonctif,Subjonctif présent,"il (elle, on)",marche,2,reviewed,repo-local legacy seed normalized into curated contract; QA recommended
FR,marcher,Subjonctif,Subjonctif présent,nous,marchions,2,reviewed,repo-local legacy seed normalized into curated contract; QA recommended
FR,marcher,Subjonctif,Subjonctif présent,vous,marchiez,2,reviewed,repo-local legacy seed normalized into curated contract; QA recommended
FR,marcher,Subjonctif,Subjonctif présent,ils (elles),marchent,2,reviewed,repo-local legacy seed normalized into curated contract; QA recommended
FR,marcher,Indicatif,Passé Simple,je,marchai,2,reviewed,repo-local legacy seed normalized into curated contract; QA recommended
FR,marcher,Indicatif,Passé Simple,tu,marchas,2,reviewed,repo-local legacy seed normalized into curated contract; QA recommended
FR,marcher,Indicatif,Passé Simple,"il (elle, on)",marcha,2,reviewed,repo-local legacy seed normalized into curated contract; QA recommended
FR,marcher,Indicatif,Passé Simple,nous,marchâmes,2,reviewed,repo-local legacy seed normalized into curated contract; QA recommended
FR,marcher,Indicatif,Passé Simple,vous,marchâtes,2,reviewed,repo-local legacy seed normalized into curated contract; QA recommended
FR,marcher,Indicatif,Passé Simple,ils (elles),marchèrent,2,reviewed,repo-local legacy seed normalized into curated contract; QA recommended
FR,marcher,Subjonctif,Subjonctif imparfait,je,marchasse,2,reviewed,repo-local legacy seed normalized into curated contract; QA recommended
FR,marcher,Subjonctif,Subjonctif imparfait,tu,marchasses,2,reviewed,repo-local legacy seed normalized into curated contract; QA recommended
FR,marcher,Subjonctif,Subjonctif imparfait,"il (elle, on)",marchât,2,reviewed,repo-local legacy seed normalized into curated contract; QA recommended
FR,marcher,Subjonctif,Subjonctif imparfait,nous,marchassions,2,reviewed,repo-local legacy seed normalized into curated contract; QA recommended
FR,marcher,Subjonctif,Subjonctif imparfait,vous,marchassiez,2,reviewed,repo-local legacy seed normalized into curated contract; QA recommended
FR,marcher,Subjonctif,Subjonctif imparfait,ils (elles),marchassent,2,reviewed,repo-local legacy seed normalized into curated contract; QA recommended
FR,imaginer,Indicatif,Présent,je,imagine,2,reviewed,repo-local legacy seed normalized into curated contract; QA recommended
FR,imaginer,Indicatif,Présent,tu,imagines,2,reviewed,repo-local legacy seed normalized into curated contract; QA recommended
FR,imaginer,Indicatif,Présent,"il (elle, on)",imagine,2,reviewed,repo-local legacy seed normalized into curated contract; QA recommended
FR,imaginer,Indicatif,Présent,nous,imaginons,2,reviewed,repo-local legacy seed normalized into curated contract; QA recommended
FR,imaginer,Indicatif,Présent,vous,imaginez,2,reviewed,repo-local legacy seed normalized into curated contract; QA recommended
FR,imaginer,Indicatif,Présent,ils (elles),imaginent,2,reviewed,repo-local legacy seed normalized into curated contract; QA recommended
FR,imaginer,Indicatif,Futur,je,imaginerai,2,reviewed,repo-local legacy seed normalized into curated contract; QA recommended
FR,imaginer,Indicatif,Futur,tu,imagineras,2,reviewed,repo-local legacy seed normalized into curated contract; QA recommended
FR,imaginer,Indicatif,Futur,"il (elle, on)",imaginera,2,reviewed,repo-local legacy seed normalized into curated contract; QA recommended
FR,imaginer,Indicatif,Futur,nous,imaginerons,2,reviewed,repo-local legacy seed normalized into curated contract; QA recommended
FR,imaginer,Indicatif,Futur,vous,imaginerez,2,reviewed,repo-local legacy seed normalized into curated contract; QA recommended
FR,imaginer,Indicatif,Futur,ils (elles),imagineront,2,reviewed,repo-local legacy seed normalized into curated contract; QA recommended
FR,imaginer,Indicatif,Passé composé,je,ai imaginé,2,reviewed,repo-local legacy seed normalized into curated contract; QA recommended
FR,imaginer,Indicatif,Passé composé,tu,as imaginé,2,reviewed,repo-local legacy seed normalized into curated contract; QA recommended
FR,imaginer,Indicatif,Passé composé,"il (elle, on)",a imaginé,2,reviewed,repo-local legacy seed normalized into curated contract; QA recommended
FR,imaginer,Indicatif,Passé composé,nous,avons imaginé,2,reviewed,repo-local legacy seed normalized into curated contract; QA recommended
FR,imaginer,Indicatif,Passé composé,vous,avez imaginé,2,reviewed,repo-local legacy seed normalized into curated contract; QA recommended
FR,imaginer,Indicatif,Passé composé,ils (elles),ont imaginé,2,reviewed,repo-local legacy seed normalized into curated contract; QA recommended
FR,imaginer,Indicatif,Imparfait,je,imaginais,2,reviewed,repo-local legacy seed normalized into curated contract; QA recommended
FR,imaginer,Indicatif,Imparfait,tu,imaginais,2,reviewed,repo-local legacy seed normalized into curated contract; QA recommended
FR,imaginer,Indicatif,Imparfait,"il (elle, on)",imaginait,2,reviewed,repo-local legacy seed normalized into curated contract; QA recommended
FR,imaginer,Indicatif,Imparfait,nous,imaginions,2,reviewed,repo-local legacy seed normalized into curated contract; QA recommended
FR,imaginer,Indicatif,Imparfait,vous,imaginiez,2,reviewed,repo-local legacy seed normalized into curated contract; QA recommended
FR,imaginer,Indicatif,Imparfait,ils (elles),imaginaient,2,reviewed,repo-local legacy seed normalized into curated contract; QA recommended
FR,imaginer,Conditionnel,Conditionnel présent,je,imaginerais,2,reviewed,repo-local legacy seed normalized into curated contract; QA recommended
FR,imaginer,Conditionnel,Conditionnel présent,tu,imaginerais,2,reviewed,repo-local legacy seed normalized into curated contract; QA recommended
FR,imaginer,Conditionnel,Conditionnel présent,"il (elle, on)",imaginerait,2,reviewed,repo-local legacy seed normalized into curated contract; QA recommended
FR,imaginer,Conditionnel,Conditionnel présent,nous,imaginerions,2,reviewed,repo-local legacy seed normalized into curated contract; QA recommended
FR,imaginer,Conditionnel,Conditionnel présent,vous,imagineriez,2,reviewed,repo-local legacy seed normalized into curated contract; QA recommended
FR,imaginer,Conditionnel,Conditionnel présent,ils (elles),imagineraient,2,reviewed,repo-local legacy seed normalized into curated contract; QA recommended
FR,imaginer,Impératif,Impératif,je,-,2,reviewed,repo-local legacy seed normalized into curated contract; QA recommended; French imperative only uses tu / nous / vous; placeholder - used for unsupported slot
FR,imaginer,Impératif,Impératif,tu,imagine,2,reviewed,repo-local legacy seed normalized into curated contract; QA recommended
FR,imaginer,Impératif,Impératif,"il (elle, on)",-,2,reviewed,repo-local legacy seed normalized into curated contract; QA recommended; French imperative only uses tu / nous / vous; placeholder - used for unsupported slot
FR,imaginer,Impératif,Impératif,nous,imaginons,2,reviewed,repo-local legacy seed normalized into curated contract; QA recommended
FR,imaginer,Impératif,Impératif,vous,imaginez,2,reviewed,repo-local legacy seed normalized into curated contract; QA recommended
FR,imaginer,Impératif,Impératif,ils (elles),-,2,reviewed,repo-local legacy seed normalized into curated contract; QA recommended; French imperative only uses tu / nous / vous; placeholder - used for unsupported slot
FR,imaginer,Subjonctif,Subjonctif présent,je,imagine,2,reviewed,repo-local legacy seed normalized into curated contract; QA recommended
FR,imaginer,Subjonctif,Subjonctif présent,tu,imagines,2,reviewed,repo-local legacy seed normalized into curated contract; QA recommended
FR,imaginer,Subjonctif,Subjonctif présent,"il (elle, on)",imagine,2,reviewed,repo-local legacy seed normalized into curated contract; QA recommended
FR,imaginer,Subjonctif,Subjonctif présent,nous,imaginions,2,reviewed,repo-local legacy seed normalized into curated contract; QA recommended
FR,imaginer,Subjonctif,Subjonctif présent,vous,imaginiez,2,reviewed,repo-local legacy seed normalized into curated contract; QA recommended
FR,imaginer,Subjonctif,Subjonctif présent,ils (elles),imaginent,2,reviewed,repo-local legacy seed normalized into curated contract; QA recommended
FR,imaginer,Indicatif,Passé Simple,je,imaginai,2,reviewed,repo-local legacy seed normalized into curated contract; QA recommended
FR,imaginer,Indicatif,Passé Simple,tu,imaginas,2,reviewed,repo-local legacy seed normalized into curated contract; QA recommended
FR,imaginer,Indicatif,Passé Simple,"il (elle, on)",imagina,2,reviewed,repo-local legacy seed normalized into curated contract; QA recommended
FR,imaginer,Indicatif,Passé Simple,nous,imaginâmes,2,reviewed,repo-local legacy seed normalized into curated contract; QA recommended
FR,imaginer,Indicatif,Passé Simple,vous,imaginâtes,2,reviewed,repo-local legacy seed normalized into curated contract; QA recommended
FR,imaginer,Indicatif,Passé Simple,ils (elles),imaginèrent,2,reviewed,repo-local legacy seed normalized into curated contract; QA recommended
FR,imaginer,Subjonctif,Subjonctif imparfait,je,imaginasse,2,reviewed,repo-local legacy seed normalized into curated contract; QA recommended
FR,imaginer,Subjonctif,Subjonctif imparfait,tu,imaginasses,2,reviewed,repo-local legacy seed normalized into curated contract; QA recommended
FR,imaginer,Subjonctif,Subjonctif imparfait,"il (elle, on)",imaginât,2,reviewed,repo-local legacy seed normalized into curated contract; QA recommended
FR,imaginer,Subjonctif,Subjonctif imparfait,nous,imaginassions,2,reviewed,repo-local legacy seed normalized into curated contract; QA recommended
FR,imaginer,Subjonctif,Subjonctif imparfait,vous,imaginassiez,2,reviewed,repo-local legacy seed normalized into curated contract; QA recommended
FR,imaginer,Subjonctif,Subjonctif imparfait,ils (elles),imaginassent,2,reviewed,repo-local legacy seed normalized into curated contract; QA recommended
FR,considérer,Indicatif,Présent,je,considère,2,reviewed,repo-local legacy seed normalized into curated contract; QA recommended
FR,considérer,Indicatif,Présent,tu,considères,2,reviewed,repo-local legacy seed normalized into curated contract; QA recommended
FR,considérer,Indicatif,Présent,"il (elle, on)",considère,2,reviewed,repo-local legacy seed normalized into curated contract; QA recommended
FR,considérer,Indicatif,Présent,nous,considérons,2,reviewed,repo-local legacy seed normalized into curated contract; QA recommended
FR,considérer,Indicatif,Présent,vous,considérez,2,reviewed,repo-local legacy seed normalized into curated contract; QA recommended
FR,considérer,Indicatif,Présent,ils (elles),considèrent,2,reviewed,repo-local legacy seed normalized into curated contract; QA recommended
FR,considérer,Indicatif,Futur,je,considérerai,2,reviewed,repo-local legacy seed normalized into curated contract; QA recommended
FR,considérer,Indicatif,Futur,tu,considéreras,2,reviewed,repo-local legacy seed normalized into curated contract; QA recommended
FR,considérer,Indicatif,Futur,"il (elle, on)",considérera,2,reviewed,repo-local legacy seed normalized into curated contract; QA recommended
FR,considérer,Indicatif,Futur,nous,considérerons,2,reviewed,repo-local legacy seed normalized into curated contract; QA recommended
FR,considérer,Indicatif,Futur,vous,considérerez,2,reviewed,repo-local legacy seed normalized into curated contract; QA recommended
FR,considérer,Indicatif,Futur,ils (elles),considéreront,2,reviewed,repo-local legacy seed normalized into curated contract; QA recommended
FR,considérer,Indicatif,Passé composé,je,ai considéré,2,reviewed,repo-local legacy seed normalized into curated contract; QA recommended
FR,considérer,Indicatif,Passé composé,tu,as considéré,2,reviewed,repo-local legacy seed normalized into curated contract; QA recommended
FR,considérer,Indicatif,Passé composé,"il (elle, on)",a considéré,2,reviewed,repo-local legacy seed normalized into curated contract; QA recommended
FR,considérer,Indicatif,Passé composé,nous,avons considéré,2,reviewed,repo-local legacy seed normalized into curated contract; QA recommended
FR,considérer,Indicatif,Passé composé,vous,avez considéré,2,reviewed,repo-local legacy seed normalized into curated contract; QA recommended
FR,considérer,Indicatif,Passé composé,ils (elles),ont considéré,2,reviewed,repo-local legacy seed normalized into curated contract; QA recommended
FR,considérer,Indicatif,Imparfait,je,considérais,2,reviewed,repo-local legacy seed normalized into curated contract; QA recommended
FR,considérer,Indicatif,Imparfait,tu,considérais,2,reviewed,repo-local legacy seed normalized into curated contract; QA recommended
FR,considérer,Indicatif,Imparfait,"il (elle, on)",considérait,2,reviewed,repo-local legacy seed normalized into curated contract; QA recommended
FR,considérer,Indicatif,Imparfait,nous,considérions,2,reviewed,repo-local legacy seed normalized into curated contract; QA recommended
FR,considérer,Indicatif,Imparfait,vous,considériez,2,reviewed,repo-local legacy seed normalized into curated contract; QA recommended
FR,considérer,Indicatif,Imparfait,ils (elles),considéraient,2,reviewed,repo-local legacy seed normalized into curated contract; QA recommended
FR,considérer,Conditionnel,Conditionnel présent,je,considérerais,2,reviewed,repo-local legacy seed normalized into curated contract; QA recommended
FR,considérer,Conditionnel,Conditionnel présent,tu,considérerais,2,reviewed,repo-local legacy seed normalized into curated contract; QA recommended
FR,considérer,Conditionnel,Conditionnel présent,"il (elle, on)",considérerait,2,reviewed,repo-local legacy seed normalized into curated contract; QA recommended
FR,considérer,Conditionnel,Conditionnel présent,nous,considérerions,2,reviewed,repo-local legacy seed normalized into curated contract; QA recommended
FR,considérer,Conditionnel,Conditionnel présent,vous,considéreriez,2,reviewed,repo-local legacy seed normalized into curated contract; QA recommended
FR,considérer,Conditionnel,Conditionnel présent,ils (elles),considéreraient,2,reviewed,repo-local legacy seed normalized into curated contract; QA recommended
FR,considérer,Impératif,Impératif,je,-,2,reviewed,repo-local legacy seed normalized into curated contract; QA recommended; French imperative only uses tu / nous / vous; placeholder - used for unsupported slot
FR,considérer,Impératif,Impératif,tu,considère,2,reviewed,repo-local legacy seed normalized into curated contract; QA recommended
FR,considérer,Impératif,Impératif,"il (elle, on)",-,2,reviewed,repo-local legacy seed normalized into curated contract; QA recommended; French imperative only uses tu / nous / vous; placeholder - used for unsupported slot
FR,considérer,Impératif,Impératif,nous,considérons,2,reviewed,repo-local legacy seed normalized into curated contract; QA recommended
FR,considérer,Impératif,Impératif,vous,considérez,2,reviewed,repo-local legacy seed normalized into curated contract; QA recommended
FR,considérer,Impératif,Impératif,ils (elles),-,2,reviewed,repo-local legacy seed normalized into curated contract; QA recommended; French imperative only uses tu / nous / vous; placeholder - used for unsupported slot
FR,considérer,Subjonctif,Subjonctif présent,je,considère,2,reviewed,repo-local legacy seed normalized into curated contract; QA recommended
FR,considérer,Subjonctif,Subjonctif présent,tu,considères,2,reviewed,repo-local legacy seed normalized into curated contract; QA recommended
FR,considérer,Subjonctif,Subjonctif présent,"il (elle, on)",considère,2,reviewed,repo-local legacy seed normalized into curated contract; QA recommended
FR,considérer,Subjonctif,Subjonctif présent,nous,considérions,2,reviewed,repo-local legacy seed normalized into curated contract; QA recommended
FR,considérer,Subjonctif,Subjonctif présent,vous,considériez,2,reviewed,repo-local legacy seed normalized into curated contract; QA recommended
FR,considérer,Subjonctif,Subjonctif présent,ils (elles),considèrent,2,reviewed,repo-local legacy seed normalized into curated contract; QA recommended
FR,considérer,Indicatif,Passé Simple,je,considérai,2,reviewed,repo-local legacy seed normalized into curated contract; QA recommended
FR,considérer,Indicatif,Passé Simple,tu,considéras,2,reviewed,repo-local legacy seed normalized into curated contract; QA recommended
FR,considérer,Indicatif,Passé Simple,"il (elle, on)",considéra,2,reviewed,repo-local legacy seed normalized into curated contract; QA recommended
FR,considérer,Indicatif,Passé Simple,nous,considérâmes,2,reviewed,repo-local legacy seed normalized into curated contract; QA recommended
FR,considérer,Indicatif,Passé Simple,vous,considérâtes,2,reviewed,repo-local legacy seed normalized into curated contract; QA recommended
FR,considérer,Indicatif,Passé Simple,ils (elles),considérèrent,2,reviewed,repo-local legacy seed normalized into curated contract; QA recommended
FR,considérer,Subjonctif,Subjonctif imparfait,je,considérasse,2,reviewed,repo-local legacy seed normalized into curated contract; QA recommended
FR,considérer,Subjonctif,Subjonctif imparfait,tu,considérasses,2,reviewed,repo-local legacy seed normalized into curated contract; QA recommended
FR,considérer,Subjonctif,Subjonctif imparfait,"il (elle, on)",considérât,2,reviewed,repo-local legacy seed normalized into curated contract; QA recommended
FR,considérer,Subjonctif,Subjonctif imparfait,nous,considérassions,2,reviewed,repo-local legacy seed normalized into curated contract; QA recommended
FR,considérer,Subjonctif,Subjonctif imparfait,vous,considérassiez,2,reviewed,repo-local legacy seed normalized into curated contract; QA recommended
FR,considérer,Subjonctif,Subjonctif imparfait,ils (elles),considérassent,2,reviewed,repo-local legacy seed normalized into curated contract; QA recommended
FR,tendre,Indicatif,Présent,je,tends,2,reviewed,repo-local legacy seed normalized into curated contract; QA recommended
FR,tendre,Indicatif,Présent,tu,tends,2,reviewed,repo-local legacy seed normalized into curated contract; QA recommended
FR,tendre,Indicatif,Présent,"il (elle, on)",tend,2,reviewed,repo-local legacy seed normalized into curated contract; QA recommended
FR,tendre,Indicatif,Présent,nous,tendons,2,reviewed,repo-local legacy seed normalized into curated contract; QA recommended
FR,tendre,Indicatif,Présent,vous,tendez,2,reviewed,repo-local legacy seed normalized into curated contract; QA recommended
FR,tendre,Indicatif,Présent,ils (elles),tendent,2,reviewed,repo-local legacy seed normalized into curated contract; QA recommended
FR,tendre,Indicatif,Futur,je,tendrai,2,reviewed,repo-local legacy seed normalized into curated contract; QA recommended
FR,tendre,Indicatif,Futur,tu,tendras,2,reviewed,repo-local legacy seed normalized into curated contract; QA recommended
FR,tendre,Indicatif,Futur,"il (elle, on)",tendra,2,reviewed,repo-local legacy seed normalized into curated contract; QA recommended
FR,tendre,Indicatif,Futur,nous,tendrons,2,reviewed,repo-local legacy seed normalized into curated contract; QA recommended
FR,tendre,Indicatif,Futur,vous,tendrez,2,reviewed,repo-local legacy seed normalized into curated contract; QA recommended
FR,tendre,Indicatif,Futur,ils (elles),tendront,2,reviewed,repo-local legacy seed normalized into curated contract; QA recommended
FR,tendre,Indicatif,Passé composé,je,ai tendu,2,reviewed,repo-local legacy seed normalized into curated contract; QA recommended
FR,tendre,Indicatif,Passé composé,tu,as tendu,2,reviewed,repo-local legacy seed normalized into curated contract; QA recommended
FR,tendre,Indicatif,Passé composé,"il (elle, on)",a tendu,2,reviewed,repo-local legacy seed normalized into curated contract; QA recommended
FR,tendre,Indicatif,Passé composé,nous,avons tendu,2,reviewed,repo-local legacy seed normalized into curated contract; QA recommended
FR,tendre,Indicatif,Passé composé,vous,avez tendu,2,reviewed,repo-local legacy seed normalized into curated contract; QA recommended
FR,tendre,Indicatif,Passé composé,ils (elles),ont tendu,2,reviewed,repo-local legacy seed normalized into curated contract; QA recommended
FR,tendre,Indicatif,Imparfait,je,tendais,2,reviewed,repo-local legacy seed normalized into curated contract; QA recommended
FR,tendre,Indicatif,Imparfait,tu,tendais,2,reviewed,repo-local legacy seed normalized into curated contract; QA recommended
FR,tendre,Indicatif,Imparfait,"il (elle, on)",tendait,2,reviewed,repo-local legacy seed normalized into curated contract; QA recommended
FR,tendre,Indicatif,Imparfait,nous,tendions,2,reviewed,repo-local legacy seed normalized into curated contract; QA recommended
FR,tendre,Indicatif,Imparfait,vous,tendiez,2,reviewed,repo-local legacy seed normalized into curated contract; QA recommended
FR,tendre,Indicatif,Imparfait,ils (elles),tendaient,2,reviewed,repo-local legacy seed normalized into curated contract; QA recommended
FR,tendre,Conditionnel,Conditionnel présent,je,tendrais,2,reviewed,repo-local legacy seed normalized into curated contract; QA recommended
FR,tendre,Conditionnel,Conditionnel présent,tu,tendrais,2,reviewed,repo-local legacy seed normalized into curated contract; QA recommended
FR,tendre,Conditionnel,Conditionnel présent,"il (elle, on)",tendrait,2,reviewed,repo-local legacy seed normalized into curated contract; QA recommended
FR,tendre,Conditionnel,Conditionnel présent,nous,tendrions,2,reviewed,repo-local legacy seed normalized into curated contract; QA recommended
FR,tendre,Conditionnel,Conditionnel présent,vous,tendriez,2,reviewed,repo-local legacy seed normalized into curated contract; QA recommended
FR,tendre,Conditionnel,Conditionnel présent,ils (elles),tendraient,2,reviewed,repo-local legacy seed normalized into curated contract; QA recommended
FR,tendre,Impératif,Impératif,je,-,2,reviewed,repo-local legacy seed normalized into curated contract; QA recommended; French imperative only uses tu / nous / vous; placeholder - used for unsupported slot
FR,tendre,Impératif,Impératif,tu,tends,2,reviewed,repo-local legacy seed normalized into curated contract; QA recommended
FR,tendre,Impératif,Impératif,"il (elle, on)",-,2,reviewed,repo-local legacy seed normalized into curated contract; QA recommended; French imperative only uses tu / nous / vous; placeholder - used for unsupported slot
FR,tendre,Impératif,Impératif,nous,tendons,2,reviewed,repo-local legacy seed normalized into curated contract; QA recommended
FR,tendre,Impératif,Impératif,vous,tendez,2,reviewed,repo-local legacy seed normalized into curated contract; QA recommended
FR,tendre,Impératif,Impératif,ils (elles),-,2,reviewed,repo-local legacy seed normalized into curated contract; QA recommended; French imperative only uses tu / nous / vous; placeholder - used for unsupported slot
FR,tendre,Subjonctif,Subjonctif présent,je,tende,2,reviewed,repo-local legacy seed normalized into curated contract; QA recommended
FR,tendre,Subjonctif,Subjonctif présent,tu,tendes,2,reviewed,repo-local legacy seed normalized into curated contract; QA recommended
FR,tendre,Subjonctif,Subjonctif présent,"il (elle, on)",tende,2,reviewed,repo-local legacy seed normalized into curated contract; QA recommended
FR,tendre,Subjonctif,Subjonctif présent,nous,tendions,2,reviewed,repo-local legacy seed normalized into curated contract; QA recommended
FR,tendre,Subjonctif,Subjonctif présent,vous,tendiez,2,reviewed,repo-local legacy seed normalized into curated contract; QA recommended
FR,tendre,Subjonctif,Subjonctif présent,ils (elles),tendent,2,reviewed,repo-local legacy seed normalized into curated contract; QA recommended
FR,tendre,Indicatif,Passé Simple,je,tendis,2,reviewed,repo-local legacy seed normalized into curated contract; QA recommended
FR,tendre,Indicatif,Passé Simple,tu,tendis,2,reviewed,repo-local legacy seed normalized into curated contract; QA recommended
FR,tendre,Indicatif,Passé Simple,"il (elle, on)",tendit,2,reviewed,repo-local legacy seed normalized into curated contract; QA recommended
FR,tendre,Indicatif,Passé Simple,nous,tendîmes,2,reviewed,repo-local legacy seed normalized into curated contract; QA recommended
FR,tendre,Indicatif,Passé Simple,vous,tendîtes,2,reviewed,repo-local legacy seed normalized into curated contract; QA recommended
FR,tendre,Indicatif,Passé Simple,ils (elles),tendirent,2,reviewed,repo-local legacy seed normalized into curated contract; QA recommended
FR,tendre,Subjonctif,Subjonctif imparfait,je,tendisse,2,reviewed,repo-local legacy seed normalized into curated contract; QA recommended
FR,tendre,Subjonctif,Subjonctif imparfait,tu,tendisses,2,reviewed,repo-local legacy seed normalized into curated contract; QA recommended
FR,tendre,Subjonctif,Subjonctif imparfait,"il (elle, on)",tendît,2,reviewed,repo-local legacy seed normalized into curated contract; QA recommended
FR,tendre,Subjonctif,Subjonctif imparfait,nous,tendissions,2,reviewed,repo-local legacy seed normalized into curated contract; QA recommended
FR,tendre,Subjonctif,Subjonctif imparfait,vous,tendissiez,2,reviewed,repo-local legacy seed normalized into curated contract; QA recommended
FR,tendre,Subjonctif,Subjonctif imparfait,ils (elles),tendissent,2,reviewed,repo-local legacy seed normalized into curated contract; QA recommended
FR,lever,Indicatif,Présent,je,lève,2,reviewed,repo-local legacy seed normalized into curated contract; QA recommended
FR,lever,Indicatif,Présent,tu,lèves,2,reviewed,repo-local legacy seed normalized into curated contract; QA recommended
FR,lever,Indicatif,Présent,"il (elle, on)",lève,2,reviewed,repo-local legacy seed normalized into curated contract; QA recommended
FR,lever,Indicatif,Présent,nous,levons,2,reviewed,repo-local legacy seed normalized into curated contract; QA recommended
FR,lever,Indicatif,Présent,vous,levez,2,reviewed,repo-local legacy seed normalized into curated contract; QA recommended
FR,lever,Indicatif,Présent,ils (elles),lèvent,2,reviewed,repo-local legacy seed normalized into curated contract; QA recommended
FR,lever,Indicatif,Futur,je,lèverai,2,reviewed,repo-local legacy seed normalized into curated contract; QA recommended
FR,lever,Indicatif,Futur,tu,lèveras,2,reviewed,repo-local legacy seed normalized into curated contract; QA recommended
FR,lever,Indicatif,Futur,"il (elle, on)",lèvera,2,reviewed,repo-local legacy seed normalized into curated contract; QA recommended
FR,lever,Indicatif,Futur,nous,lèverons,2,reviewed,repo-local legacy seed normalized into curated contract; QA recommended
FR,lever,Indicatif,Futur,vous,lèverez,2,reviewed,repo-local legacy seed normalized into curated contract; QA recommended
FR,lever,Indicatif,Futur,ils (elles),lèveront,2,reviewed,repo-local legacy seed normalized into curated contract; QA recommended
FR,lever,Indicatif,Passé composé,je,ai levé,2,reviewed,repo-local legacy seed normalized into curated contract; QA recommended
FR,lever,Indicatif,Passé composé,tu,as levé,2,reviewed,repo-local legacy seed normalized into curated contract; QA recommended
FR,lever,Indicatif,Passé composé,"il (elle, on)",a levé,2,reviewed,repo-local legacy seed normalized into curated contract; QA recommended
FR,lever,Indicatif,Passé composé,nous,avons levé,2,reviewed,repo-local legacy seed normalized into curated contract; QA recommended
FR,lever,Indicatif,Passé composé,vous,avez levé,2,reviewed,repo-local legacy seed normalized into curated contract; QA recommended
FR,lever,Indicatif,Passé composé,ils (elles),ont levé,2,reviewed,repo-local legacy seed normalized into curated contract; QA recommended
FR,lever,Indicatif,Imparfait,je,levais,2,reviewed,repo-local legacy seed normalized into curated contract; QA recommended
FR,lever,Indicatif,Imparfait,tu,levais,2,reviewed,repo-local legacy seed normalized into curated contract; QA recommended
FR,lever,Indicatif,Imparfait,"il (elle, on)",levait,2,reviewed,repo-local legacy seed normalized into curated contract; QA recommended
FR,lever,Indicatif,Imparfait,nous,levions,2,reviewed,repo-local legacy seed normalized into curated contract; QA recommended
FR,lever,Indicatif,Imparfait,vous,leviez,2,reviewed,repo-local legacy seed normalized into curated contract; QA recommended
FR,lever,Indicatif,Imparfait,ils (elles),levaient,2,reviewed,repo-local legacy seed normalized into curated contract; QA recommended
FR,lever,Conditionnel,Conditionnel présent,je,lèverais,2,reviewed,repo-local legacy seed normalized into curated contract; QA recommended
FR,lever,Conditionnel,Conditionnel présent,tu,lèverais,2,reviewed,repo-local legacy seed normalized into curated contract; QA recommended
FR,lever,Conditionnel,Conditionnel présent,"il (elle, on)",lèverait,2,reviewed,repo-local legacy seed normalized into curated contract; QA recommended
FR,lever,Conditionnel,Conditionnel présent,nous,lèverions,2,reviewed,repo-local legacy seed normalized into curated contract; QA recommended
FR,lever,Conditionnel,Conditionnel présent,vous,lèveriez,2,reviewed,repo-local legacy seed normalized into curated contract; QA recommended
FR,lever,Conditionnel,Conditionnel présent,ils (elles),lèveraient,2,reviewed,repo-local legacy seed normalized into curated contract; QA recommended
FR,lever,Impératif,Impératif,je,-,2,reviewed,repo-local legacy seed normalized into curated contract; QA recommended; French imperative only uses tu / nous / vous; placeholder - used for unsupported slot
FR,lever,Impératif,Impératif,tu,lève,2,reviewed,repo-local legacy seed normalized into curated contract; QA recommended
FR,lever,Impératif,Impératif,"il (elle, on)",-,2,reviewed,repo-local legacy seed normalized into curated contract; QA recommended; French imperative only uses tu / nous / vous; placeholder - used for unsupported slot
FR,lever,Impératif,Impératif,nous,levons,2,reviewed,repo-local legacy seed normalized into curated contract; QA recommended
FR,lever,Impératif,Impératif,vous,levez,2,reviewed,repo-local legacy seed normalized into curated contract; QA recommended
FR,lever,Impératif,Impératif,ils (elles),-,2,reviewed,repo-local legacy seed normalized into curated contract; QA recommended; French imperative only uses tu / nous / vous; placeholder - used for unsupported slot
FR,lever,Subjonctif,Subjonctif présent,je,lève,2,reviewed,repo-local legacy seed normalized into curated contract; QA recommended
FR,lever,Subjonctif,Subjonctif présent,tu,lèves,2,reviewed,repo-local legacy seed normalized into curated contract; QA recommended
FR,lever,Subjonctif,Subjonctif présent,"il (elle, on)",lève,2,reviewed,repo-local legacy seed normalized into curated contract; QA recommended
FR,lever,Subjonctif,Subjonctif présent,nous,levions,2,reviewed,repo-local legacy seed normalized into curated contract; QA recommended
FR,lever,Subjonctif,Subjonctif présent,vous,leviez,2,reviewed,repo-local legacy seed normalized into curated contract; QA recommended
FR,lever,Subjonctif,Subjonctif présent,ils (elles),lèvent,2,reviewed,repo-local legacy seed normalized into curated contract; QA recommended
FR,lever,Indicatif,Passé Simple,je,levai,2,reviewed,repo-local legacy seed normalized into curated contract; QA recommended
FR,lever,Indicatif,Passé Simple,tu,levas,2,reviewed,repo-local legacy seed normalized into curated contract; QA recommended
FR,lever,Indicatif,Passé Simple,"il (elle, on)",leva,2,reviewed,repo-local legacy seed normalized into curated contract; QA recommended
FR,lever,Indicatif,Passé Simple,nous,levâmes,2,reviewed,repo-local legacy seed normalized into curated contract; QA recommended
FR,lever,Indicatif,Passé Simple,vous,levâtes,2,reviewed,repo-local legacy seed normalized into curated contract; QA recommended
FR,lever,Indicatif,Passé Simple,ils (elles),levèrent,2,reviewed,repo-local legacy seed normalized into curated contract; QA recommended
FR,lever,Subjonctif,Subjonctif imparfait,je,levasse,2,reviewed,repo-local legacy seed normalized into curated contract; QA recommended
FR,lever,Subjonctif,Subjonctif imparfait,tu,levasses,2,reviewed,repo-local legacy seed normalized into curated contract; QA recommended
FR,lever,Subjonctif,Subjonctif imparfait,"il (elle, on)",levât,2,reviewed,repo-local legacy seed normalized into curated contract; QA recommended
FR,lever,Subjonctif,Subjonctif imparfait,nous,levassions,2,reviewed,repo-local legacy seed normalized into curated contract; QA recommended
FR,lever,Subjonctif,Subjonctif imparfait,vous,levassiez,2,reviewed,repo-local legacy seed normalized into curated contract; QA recommended
FR,lever,Subjonctif,Subjonctif imparfait,ils (elles),levassent,2,reviewed,repo-local legacy seed normalized into curated contract; QA recommended
FR,tourner,Indicatif,Présent,je,tourne,2,reviewed,repo-local legacy seed normalized into curated contract; QA recommended
FR,tourner,Indicatif,Présent,tu,tournes,2,reviewed,repo-local legacy seed normalized into curated contract; QA recommended
FR,tourner,Indicatif,Présent,"il (elle, on)",tourne,2,reviewed,repo-local legacy seed normalized into curated contract; QA recommended
FR,tourner,Indicatif,Présent,nous,tournons,2,reviewed,repo-local legacy seed normalized into curated contract; QA recommended
FR,tourner,Indicatif,Présent,vous,tournez,2,reviewed,repo-local legacy seed normalized into curated contract; QA recommended
FR,tourner,Indicatif,Présent,ils (elles),tournent,2,reviewed,repo-local legacy seed normalized into curated contract; QA recommended
FR,tourner,Indicatif,Futur,je,tournerai,2,reviewed,repo-local legacy seed normalized into curated contract; QA recommended
FR,tourner,Indicatif,Futur,tu,tourneras,2,reviewed,repo-local legacy seed normalized into curated contract; QA recommended
FR,tourner,Indicatif,Futur,"il (elle, on)",tournera,2,reviewed,repo-local legacy seed normalized into curated contract; QA recommended
FR,tourner,Indicatif,Futur,nous,tournerons,2,reviewed,repo-local legacy seed normalized into curated contract; QA recommended
FR,tourner,Indicatif,Futur,vous,tournerez,2,reviewed,repo-local legacy seed normalized into curated contract; QA recommended
FR,tourner,Indicatif,Futur,ils (elles),tourneront,2,reviewed,repo-local legacy seed normalized into curated contract; QA recommended
FR,tourner,Indicatif,Passé composé,je,ai tourné,2,reviewed,repo-local legacy seed normalized into curated contract; QA recommended
FR,tourner,Indicatif,Passé composé,tu,as tourné,2,reviewed,repo-local legacy seed normalized into curated contract; QA recommended
FR,tourner,Indicatif,Passé composé,"il (elle, on)",a tourné,2,reviewed,repo-local legacy seed normalized into curated contract; QA recommended
FR,tourner,Indicatif,Passé composé,nous,avons tourné,2,reviewed,repo-local legacy seed normalized into curated contract; QA recommended
FR,tourner,Indicatif,Passé composé,vous,avez tourné,2,reviewed,repo-local legacy seed normalized into curated contract; QA recommended
FR,tourner,Indicatif,Passé composé,ils (elles),ont tourné,2,reviewed,repo-local legacy seed normalized into curated contract; QA recommended
FR,tourner,Indicatif,Imparfait,je,tournais,2,reviewed,repo-local legacy seed normalized into curated contract; QA recommended
FR,tourner,Indicatif,Imparfait,tu,tournais,2,reviewed,repo-local legacy seed normalized into curated contract; QA recommended
FR,tourner,Indicatif,Imparfait,"il (elle, on)",tournait,2,reviewed,repo-local legacy seed normalized into curated contract; QA recommended
FR,tourner,Indicatif,Imparfait,nous,tournions,2,reviewed,repo-local legacy seed normalized into curated contract; QA recommended
FR,tourner,Indicatif,Imparfait,vous,tourniez,2,reviewed,repo-local legacy seed normalized into curated contract; QA recommended
FR,tourner,Indicatif,Imparfait,ils (elles),tournaient,2,reviewed,repo-local legacy seed normalized into curated contract; QA recommended
FR,tourner,Conditionnel,Conditionnel présent,je,tournerais,2,reviewed,repo-local legacy seed normalized into curated contract; QA recommended
FR,tourner,Conditionnel,Conditionnel présent,tu,tournerais,2,reviewed,repo-local legacy seed normalized into curated contract; QA recommended
FR,tourner,Conditionnel,Conditionnel présent,"il (elle, on)",tournerait,2,reviewed,repo-local legacy seed normalized into curated contract; QA recommended
FR,tourner,Conditionnel,Conditionnel présent,nous,tournerions,2,reviewed,repo-local legacy seed normalized into curated contract; QA recommended
FR,tourner,Conditionnel,Conditionnel présent,vous,tourneriez,2,reviewed,repo-local legacy seed normalized into curated contract; QA recommended
FR,tourner,Conditionnel,Conditionnel présent,ils (elles),tourneraient,2,reviewed,repo-local legacy seed normalized into curated contract; QA recommended
FR,tourner,Impératif,Impératif,je,-,2,reviewed,repo-local legacy seed normalized into curated contract; QA recommended; French imperative only uses tu / nous / vous; placeholder - used for unsupported slot
FR,tourner,Impératif,Impératif,tu,tourne,2,reviewed,repo-local legacy seed normalized into curated contract; QA recommended
FR,tourner,Impératif,Impératif,"il (elle, on)",-,2,reviewed,repo-local legacy seed normalized into curated contract; QA recommended; French imperative only uses tu / nous / vous; placeholder - used for unsupported slot
FR,tourner,Impératif,Impératif,nous,tournons,2,reviewed,repo-local legacy seed normalized into curated contract; QA recommended
FR,tourner,Impératif,Impératif,vous,tournez,2,reviewed,repo-local legacy seed normalized into curated contract; QA recommended
FR,tourner,Impératif,Impératif,ils (elles),-,2,reviewed,repo-local legacy seed normalized into curated contract; QA recommended; French imperative only uses tu / nous / vous; placeholder - used for unsupported slot
FR,tourner,Subjonctif,Subjonctif présent,je,tourne,2,reviewed,repo-local legacy seed normalized into curated contract; QA recommended
FR,tourner,Subjonctif,Subjonctif présent,tu,tournes,2,reviewed,repo-local legacy seed normalized into curated contract; QA recommended
FR,tourner,Subjonctif,Subjonctif présent,"il (elle, on)",tourne,2,reviewed,repo-local legacy seed normalized into curated contract; QA recommended
FR,tourner,Subjonctif,Subjonctif présent,nous,tournions,2,reviewed,repo-local legacy seed normalized into curated contract; QA recommended
FR,tourner,Subjonctif,Subjonctif présent,vous,tourniez,2,reviewed,repo-local legacy seed normalized into curated contract; QA recommended
FR,tourner,Subjonctif,Subjonctif présent,ils (elles),tournent,2,reviewed,repo-local legacy seed normalized into curated contract; QA recommended
FR,tourner,Indicatif,Passé Simple,je,tournai,2,reviewed,repo-local legacy seed normalized into curated contract; QA recommended
FR,tourner,Indicatif,Passé Simple,tu,tournas,2,reviewed,repo-local legacy seed normalized into curated contract; QA recommended
FR,tourner,Indicatif,Passé Simple,"il (elle, on)",tourna,2,reviewed,repo-local legacy seed normalized into curated contract; QA recommended
FR,tourner,Indicatif,Passé Simple,nous,tournâmes,2,reviewed,repo-local legacy seed normalized into curated contract; QA recommended
FR,tourner,Indicatif,Passé Simple,vous,tournâtes,2,reviewed,repo-local legacy seed normalized into curated contract; QA recommended
FR,tourner,Indicatif,Passé Simple,ils (elles),tournèrent,2,reviewed,repo-local legacy seed normalized into curated contract; QA recommended
FR,tourner,Subjonctif,Subjonctif imparfait,je,tournasse,2,reviewed,repo-local legacy seed normalized into curated contract; QA recommended
FR,tourner,Subjonctif,Subjonctif imparfait,tu,tournasses,2,reviewed,repo-local legacy seed normalized into curated contract; QA recommended
FR,tourner,Subjonctif,Subjonctif imparfait,"il (elle, on)",tournât,2,reviewed,repo-local legacy seed normalized into curated contract; QA recommended
FR,tourner,Subjonctif,Subjonctif imparfait,nous,tournassions,2,reviewed,repo-local legacy seed normalized into curated contract; QA recommended
FR,tourner,Subjonctif,Subjonctif imparfait,vous,tournassiez,2,reviewed,repo-local legacy seed normalized into curated contract; QA recommended
FR,tourner,Subjonctif,Subjonctif imparfait,ils (elles),tournassent,2,reviewed,repo-local legacy seed normalized into curated contract; QA recommended
FR,gagner,Indicatif,Présent,je,gagne,2,reviewed,repo-local legacy seed normalized into curated contract; QA recommended
FR,gagner,Indicatif,Présent,tu,gagnes,2,reviewed,repo-local legacy seed normalized into curated contract; QA recommended
FR,gagner,Indicatif,Présent,"il (elle, on)",gagne,2,reviewed,repo-local legacy seed normalized into curated contract; QA recommended
FR,gagner,Indicatif,Présent,nous,gagnons,2,reviewed,repo-local legacy seed normalized into curated contract; QA recommended
FR,gagner,Indicatif,Présent,vous,gagnez,2,reviewed,repo-local legacy seed normalized into curated contract; QA recommended
FR,gagner,Indicatif,Présent,ils (elles),gagnent,2,reviewed,repo-local legacy seed normalized into curated contract; QA recommended
FR,gagner,Indicatif,Futur,je,gagnerai,2,reviewed,repo-local legacy seed normalized into curated contract; QA recommended
FR,gagner,Indicatif,Futur,tu,gagneras,2,reviewed,repo-local legacy seed normalized into curated contract; QA recommended
FR,gagner,Indicatif,Futur,"il (elle, on)",gagnera,2,reviewed,repo-local legacy seed normalized into curated contract; QA recommended
FR,gagner,Indicatif,Futur,nous,gagnerons,2,reviewed,repo-local legacy seed normalized into curated contract; QA recommended
FR,gagner,Indicatif,Futur,vous,gagnerez,2,reviewed,repo-local legacy seed normalized into curated contract; QA recommended
FR,gagner,Indicatif,Futur,ils (elles),gagneront,2,reviewed,repo-local legacy seed normalized into curated contract; QA recommended
FR,gagner,Indicatif,Passé composé,je,ai gagné,2,reviewed,repo-local legacy seed normalized into curated contract; QA recommended
FR,gagner,Indicatif,Passé composé,tu,as gagné,2,reviewed,repo-local legacy seed normalized into curated contract; QA recommended
FR,gagner,Indicatif,Passé composé,"il (elle, on)",a gagné,2,reviewed,repo-local legacy seed normalized into curated contract; QA recommended
FR,gagner,Indicatif,Passé composé,nous,avons gagné,2,reviewed,repo-local legacy seed normalized into curated contract; QA recommended
FR,gagner,Indicatif,Passé composé,vous,avez gagné,2,reviewed,repo-local legacy seed normalized into curated contract; QA recommended
FR,gagner,Indicatif,Passé composé,ils (elles),ont gagné,2,reviewed,repo-local legacy seed normalized into curated contract; QA recommended
FR,gagner,Indicatif,Imparfait,je,gagnais,2,reviewed,repo-local legacy seed normalized into curated contract; QA recommended
FR,gagner,Indicatif,Imparfait,tu,gagnais,2,reviewed,repo-local legacy seed normalized into curated contract; QA recommended
FR,gagner,Indicatif,Imparfait,"il (elle, on)",gagnait,2,reviewed,repo-local legacy seed normalized into curated contract; QA recommended
FR,gagner,Indicatif,Imparfait,nous,gagnions,2,reviewed,repo-local legacy seed normalized into curated contract; QA recommended
FR,gagner,Indicatif,Imparfait,vous,gagniez,2,reviewed,repo-local legacy seed normalized into curated contract; QA recommended
FR,gagner,Indicatif,Imparfait,ils (elles),gagnaient,2,reviewed,repo-local legacy seed normalized into curated contract; QA recommended
FR,gagner,Conditionnel,Conditionnel présent,je,gagnerais,2,reviewed,repo-local legacy seed normalized into curated contract; QA recommended
FR,gagner,Conditionnel,Conditionnel présent,tu,gagnerais,2,reviewed,repo-local legacy seed normalized into curated contract; QA recommended
FR,gagner,Conditionnel,Conditionnel présent,"il (elle, on)",gagnerait,2,reviewed,repo-local legacy seed normalized into curated contract; QA recommended
FR,gagner,Conditionnel,Conditionnel présent,nous,gagnerions,2,reviewed,repo-local legacy seed normalized into curated contract; QA recommended
FR,gagner,Conditionnel,Conditionnel présent,vous,gagneriez,2,reviewed,repo-local legacy seed normalized into curated contract; QA recommended
FR,gagner,Conditionnel,Conditionnel présent,ils (elles),gagneraient,2,reviewed,repo-local legacy seed normalized into curated contract; QA recommended
FR,gagner,Impératif,Impératif,je,-,2,reviewed,repo-local legacy seed normalized into curated contract; QA recommended; French imperative only uses tu / nous / vous; placeholder - used for unsupported slot
FR,gagner,Impératif,Impératif,tu,gagne,2,reviewed,repo-local legacy seed normalized into curated contract; QA recommended
FR,gagner,Impératif,Impératif,"il (elle, on)",-,2,reviewed,repo-local legacy seed normalized into curated contract; QA recommended; French imperative only uses tu / nous / vous; placeholder - used for unsupported slot
FR,gagner,Impératif,Impératif,nous,gagnons,2,reviewed,repo-local legacy seed normalized into curated contract; QA recommended
FR,gagner,Impératif,Impératif,vous,gagnez,2,reviewed,repo-local legacy seed normalized into curated contract; QA recommended
FR,gagner,Impératif,Impératif,ils (elles),-,2,reviewed,repo-local legacy seed normalized into curated contract; QA recommended; French imperative only uses tu / nous / vous; placeholder - used for unsupported slot
FR,gagner,Subjonctif,Subjonctif présent,je,gagne,2,reviewed,repo-local legacy seed normalized into curated contract; QA recommended
FR,gagner,Subjonctif,Subjonctif présent,tu,gagnes,2,reviewed,repo-local legacy seed normalized into curated contract; QA recommended
FR,gagner,Subjonctif,Subjonctif présent,"il (elle, on)",gagne,2,reviewed,repo-local legacy seed normalized into curated contract; QA recommended
FR,gagner,Subjonctif,Subjonctif présent,nous,gagnions,2,reviewed,repo-local legacy seed normalized into curated contract; QA recommended
FR,gagner,Subjonctif,Subjonctif présent,vous,gagniez,2,reviewed,repo-local legacy seed normalized into curated contract; QA recommended
FR,gagner,Subjonctif,Subjonctif présent,ils (elles),gagnent,2,reviewed,repo-local legacy seed normalized into curated contract; QA recommended
FR,gagner,Indicatif,Passé Simple,je,gagnai,2,reviewed,repo-local legacy seed normalized into curated contract; QA recommended
FR,gagner,Indicatif,Passé Simple,tu,gagnas,2,reviewed,repo-local legacy seed normalized into curated contract; QA recommended
FR,gagner,Indicatif,Passé Simple,"il (elle, on)",gagna,2,reviewed,repo-local legacy seed normalized into curated contract; QA recommended
FR,gagner,Indicatif,Passé Simple,nous,gagnâmes,2,reviewed,repo-local legacy seed normalized into curated contract; QA recommended
FR,gagner,Indicatif,Passé Simple,vous,gagnâtes,2,reviewed,repo-local legacy seed normalized into curated contract; QA recommended
FR,gagner,Indicatif,Passé Simple,ils (elles),gagnèrent,2,reviewed,repo-local legacy seed normalized into curated contract; QA recommended
FR,gagner,Subjonctif,Subjonctif imparfait,je,gagnasse,2,reviewed,repo-local legacy seed normalized into curated contract; QA recommended
FR,gagner,Subjonctif,Subjonctif imparfait,tu,gagnasses,2,reviewed,repo-local legacy seed normalized into curated contract; QA recommended
FR,gagner,Subjonctif,Subjonctif imparfait,"il (elle, on)",gagnât,2,reviewed,repo-local legacy seed normalized into curated contract; QA recommended
FR,gagner,Subjonctif,Subjonctif imparfait,nous,gagnassions,2,reviewed,repo-local legacy seed normalized into curated contract; QA recommended
FR,gagner,Subjonctif,Subjonctif imparfait,vous,gagnassiez,2,reviewed,repo-local legacy seed normalized into curated contract; QA recommended
FR,gagner,Subjonctif,Subjonctif imparfait,ils (elles),gagnassent,2,reviewed,repo-local legacy seed normalized into curated contract; QA recommended
FR,recevoir,Indicatif,Présent,je,reçois,2,reviewed,irregular/compound paradigm patched manually; QA recommended
FR,recevoir,Indicatif,Présent,tu,reçois,2,reviewed,irregular/compound paradigm patched manually; QA recommended
FR,recevoir,Indicatif,Présent,"il (elle, on)",reçoit,2,reviewed,irregular/compound paradigm patched manually; QA recommended
FR,recevoir,Indicatif,Présent,nous,recevons,2,reviewed,irregular/compound paradigm patched manually; QA recommended
FR,recevoir,Indicatif,Présent,vous,recevez,2,reviewed,irregular/compound paradigm patched manually; QA recommended
FR,recevoir,Indicatif,Présent,ils (elles),reçoivent,2,reviewed,irregular/compound paradigm patched manually; QA recommended
FR,recevoir,Indicatif,Futur,je,recevrai,2,reviewed,irregular/compound paradigm patched manually; QA recommended
FR,recevoir,Indicatif,Futur,tu,recevras,2,reviewed,irregular/compound paradigm patched manually; QA recommended
FR,recevoir,Indicatif,Futur,"il (elle, on)",recevra,2,reviewed,irregular/compound paradigm patched manually; QA recommended
FR,recevoir,Indicatif,Futur,nous,recevrons,2,reviewed,irregular/compound paradigm patched manually; QA recommended
FR,recevoir,Indicatif,Futur,vous,recevrez,2,reviewed,irregular/compound paradigm patched manually; QA recommended
FR,recevoir,Indicatif,Futur,ils (elles),recevront,2,reviewed,irregular/compound paradigm patched manually; QA recommended
FR,recevoir,Indicatif,Passé composé,je,ai reçu,2,reviewed,irregular/compound paradigm patched manually; QA recommended
FR,recevoir,Indicatif,Passé composé,tu,as reçu,2,reviewed,irregular/compound paradigm patched manually; QA recommended
FR,recevoir,Indicatif,Passé composé,"il (elle, on)",a reçu,2,reviewed,irregular/compound paradigm patched manually; QA recommended
FR,recevoir,Indicatif,Passé composé,nous,avons reçu,2,reviewed,irregular/compound paradigm patched manually; QA recommended
FR,recevoir,Indicatif,Passé composé,vous,avez reçu,2,reviewed,irregular/compound paradigm patched manually; QA recommended
FR,recevoir,Indicatif,Passé composé,ils (elles),ont reçu,2,reviewed,irregular/compound paradigm patched manually; QA recommended
FR,recevoir,Indicatif,Imparfait,je,recevais,2,reviewed,irregular/compound paradigm patched manually; QA recommended
FR,recevoir,Indicatif,Imparfait,tu,recevais,2,reviewed,irregular/compound paradigm patched manually; QA recommended
FR,recevoir,Indicatif,Imparfait,"il (elle, on)",recevait,2,reviewed,irregular/compound paradigm patched manually; QA recommended
FR,recevoir,Indicatif,Imparfait,nous,recevions,2,reviewed,irregular/compound paradigm patched manually; QA recommended
FR,recevoir,Indicatif,Imparfait,vous,receviez,2,reviewed,irregular/compound paradigm patched manually; QA recommended
FR,recevoir,Indicatif,Imparfait,ils (elles),recevaient,2,reviewed,irregular/compound paradigm patched manually; QA recommended
FR,recevoir,Conditionnel,Conditionnel présent,je,recevrais,2,reviewed,irregular/compound paradigm patched manually; QA recommended
FR,recevoir,Conditionnel,Conditionnel présent,tu,recevrais,2,reviewed,irregular/compound paradigm patched manually; QA recommended
FR,recevoir,Conditionnel,Conditionnel présent,"il (elle, on)",recevrait,2,reviewed,irregular/compound paradigm patched manually; QA recommended
FR,recevoir,Conditionnel,Conditionnel présent,nous,recevrions,2,reviewed,irregular/compound paradigm patched manually; QA recommended
FR,recevoir,Conditionnel,Conditionnel présent,vous,recevriez,2,reviewed,irregular/compound paradigm patched manually; QA recommended
FR,recevoir,Conditionnel,Conditionnel présent,ils (elles),recevraient,2,reviewed,irregular/compound paradigm patched manually; QA recommended
FR,recevoir,Impératif,Impératif,je,-,2,reviewed,irregular/compound paradigm patched manually; QA recommended; French imperative only uses tu / nous / vous; placeholder - used for unsupported slot
FR,recevoir,Impératif,Impératif,tu,reçois,2,reviewed,irregular/compound paradigm patched manually; QA recommended
FR,recevoir,Impératif,Impératif,"il (elle, on)",-,2,reviewed,irregular/compound paradigm patched manually; QA recommended; French imperative only uses tu / nous / vous; placeholder - used for unsupported slot
FR,recevoir,Impératif,Impératif,nous,recevons,2,reviewed,irregular/compound paradigm patched manually; QA recommended
FR,recevoir,Impératif,Impératif,vous,recevez,2,reviewed,irregular/compound paradigm patched manually; QA recommended
FR,recevoir,Impératif,Impératif,ils (elles),-,2,reviewed,irregular/compound paradigm patched manually; QA recommended; French imperative only uses tu / nous / vous; placeholder - used for unsupported slot
FR,recevoir,Subjonctif,Subjonctif présent,je,reçoive,2,reviewed,irregular/compound paradigm patched manually; QA recommended
FR,recevoir,Subjonctif,Subjonctif présent,tu,reçoives,2,reviewed,irregular/compound paradigm patched manually; QA recommended
FR,recevoir,Subjonctif,Subjonctif présent,"il (elle, on)",reçoive,2,reviewed,irregular/compound paradigm patched manually; QA recommended
FR,recevoir,Subjonctif,Subjonctif présent,nous,recevions,2,reviewed,irregular/compound paradigm patched manually; QA recommended
FR,recevoir,Subjonctif,Subjonctif présent,vous,receviez,2,reviewed,irregular/compound paradigm patched manually; QA recommended
FR,recevoir,Subjonctif,Subjonctif présent,ils (elles),reçoivent,2,reviewed,irregular/compound paradigm patched manually; QA recommended
FR,recevoir,Indicatif,Passé Simple,je,reçus,2,reviewed,irregular/compound paradigm patched manually; QA recommended
FR,recevoir,Indicatif,Passé Simple,tu,reçus,2,reviewed,irregular/compound paradigm patched manually; QA recommended
FR,recevoir,Indicatif,Passé Simple,"il (elle, on)",reçut,2,reviewed,irregular/compound paradigm patched manually; QA recommended
FR,recevoir,Indicatif,Passé Simple,nous,reçûmes,2,reviewed,irregular/compound paradigm patched manually; QA recommended
FR,recevoir,Indicatif,Passé Simple,vous,reçûtes,2,reviewed,irregular/compound paradigm patched manually; QA recommended
FR,recevoir,Indicatif,Passé Simple,ils (elles),reçurent,2,reviewed,irregular/compound paradigm patched manually; QA recommended
FR,recevoir,Subjonctif,Subjonctif imparfait,je,reçusse,2,reviewed,irregular/compound paradigm patched manually; QA recommended
FR,recevoir,Subjonctif,Subjonctif imparfait,tu,reçusses,2,reviewed,irregular/compound paradigm patched manually; QA recommended
FR,recevoir,Subjonctif,Subjonctif imparfait,"il (elle, on)",reçût,2,reviewed,irregular/compound paradigm patched manually; QA recommended
FR,recevoir,Subjonctif,Subjonctif imparfait,nous,reçussions,2,reviewed,irregular/compound paradigm patched manually; QA recommended
FR,recevoir,Subjonctif,Subjonctif imparfait,vous,reçussiez,2,reviewed,irregular/compound paradigm patched manually; QA recommended
FR,recevoir,Subjonctif,Subjonctif imparfait,ils (elles),reçussent,2,reviewed,irregular/compound paradigm patched manually; QA recommended
FR,revoir,Indicatif,Présent,je,revois,2,reviewed,irregular/compound paradigm patched manually; QA recommended
FR,revoir,Indicatif,Présent,tu,revois,2,reviewed,irregular/compound paradigm patched manually; QA recommended
FR,revoir,Indicatif,Présent,"il (elle, on)",revoit,2,reviewed,irregular/compound paradigm patched manually; QA recommended
FR,revoir,Indicatif,Présent,nous,revoyons,2,reviewed,irregular/compound paradigm patched manually; QA recommended
FR,revoir,Indicatif,Présent,vous,revoyez,2,reviewed,irregular/compound paradigm patched manually; QA recommended
FR,revoir,Indicatif,Présent,ils (elles),revoient,2,reviewed,irregular/compound paradigm patched manually; QA recommended
FR,revoir,Indicatif,Futur,je,reverrai,2,reviewed,irregular/compound paradigm patched manually; QA recommended
FR,revoir,Indicatif,Futur,tu,reverras,2,reviewed,irregular/compound paradigm patched manually; QA recommended
FR,revoir,Indicatif,Futur,"il (elle, on)",reverra,2,reviewed,irregular/compound paradigm patched manually; QA recommended
FR,revoir,Indicatif,Futur,nous,reverrons,2,reviewed,irregular/compound paradigm patched manually; QA recommended
FR,revoir,Indicatif,Futur,vous,reverrez,2,reviewed,irregular/compound paradigm patched manually; QA recommended
FR,revoir,Indicatif,Futur,ils (elles),reverront,2,reviewed,irregular/compound paradigm patched manually; QA recommended
FR,revoir,Indicatif,Passé composé,je,ai revu,2,reviewed,irregular/compound paradigm patched manually; QA recommended
FR,revoir,Indicatif,Passé composé,tu,as revu,2,reviewed,irregular/compound paradigm patched manually; QA recommended
FR,revoir,Indicatif,Passé composé,"il (elle, on)",a revu,2,reviewed,irregular/compound paradigm patched manually; QA recommended
FR,revoir,Indicatif,Passé composé,nous,avons revu,2,reviewed,irregular/compound paradigm patched manually; QA recommended
FR,revoir,Indicatif,Passé composé,vous,avez revu,2,reviewed,irregular/compound paradigm patched manually; QA recommended
FR,revoir,Indicatif,Passé composé,ils (elles),ont revu,2,reviewed,irregular/compound paradigm patched manually; QA recommended
FR,revoir,Indicatif,Imparfait,je,revoyais,2,reviewed,irregular/compound paradigm patched manually; QA recommended
FR,revoir,Indicatif,Imparfait,tu,revoyais,2,reviewed,irregular/compound paradigm patched manually; QA recommended
FR,revoir,Indicatif,Imparfait,"il (elle, on)",revoyait,2,reviewed,irregular/compound paradigm patched manually; QA recommended
FR,revoir,Indicatif,Imparfait,nous,revoyions,2,reviewed,irregular/compound paradigm patched manually; QA recommended
FR,revoir,Indicatif,Imparfait,vous,revoyiez,2,reviewed,irregular/compound paradigm patched manually; QA recommended
FR,revoir,Indicatif,Imparfait,ils (elles),revoyaient,2,reviewed,irregular/compound paradigm patched manually; QA recommended
FR,revoir,Conditionnel,Conditionnel présent,je,reverrais,2,reviewed,irregular/compound paradigm patched manually; QA recommended
FR,revoir,Conditionnel,Conditionnel présent,tu,reverrais,2,reviewed,irregular/compound paradigm patched manually; QA recommended
FR,revoir,Conditionnel,Conditionnel présent,"il (elle, on)",reverrait,2,reviewed,irregular/compound paradigm patched manually; QA recommended
FR,revoir,Conditionnel,Conditionnel présent,nous,reverrions,2,reviewed,irregular/compound paradigm patched manually; QA recommended
FR,revoir,Conditionnel,Conditionnel présent,vous,reverriez,2,reviewed,irregular/compound paradigm patched manually; QA recommended
FR,revoir,Conditionnel,Conditionnel présent,ils (elles),reverraient,2,reviewed,irregular/compound paradigm patched manually; QA recommended
FR,revoir,Impératif,Impératif,je,-,2,reviewed,irregular/compound paradigm patched manually; QA recommended; French imperative only uses tu / nous / vous; placeholder - used for unsupported slot
FR,revoir,Impératif,Impératif,tu,revois,2,reviewed,irregular/compound paradigm patched manually; QA recommended
FR,revoir,Impératif,Impératif,"il (elle, on)",-,2,reviewed,irregular/compound paradigm patched manually; QA recommended; French imperative only uses tu / nous / vous; placeholder - used for unsupported slot
FR,revoir,Impératif,Impératif,nous,revoyons,2,reviewed,irregular/compound paradigm patched manually; QA recommended
FR,revoir,Impératif,Impératif,vous,revoyez,2,reviewed,irregular/compound paradigm patched manually; QA recommended
FR,revoir,Impératif,Impératif,ils (elles),-,2,reviewed,irregular/compound paradigm patched manually; QA recommended; French imperative only uses tu / nous / vous; placeholder - used for unsupported slot
FR,revoir,Subjonctif,Subjonctif présent,je,revoie,2,reviewed,irregular/compound paradigm patched manually; QA recommended
FR,revoir,Subjonctif,Subjonctif présent,tu,revoies,2,reviewed,irregular/compound paradigm patched manually; QA recommended
FR,revoir,Subjonctif,Subjonctif présent,"il (elle, on)",revoie,2,reviewed,irregular/compound paradigm patched manually; QA recommended
FR,revoir,Subjonctif,Subjonctif présent,nous,revoyions,2,reviewed,irregular/compound paradigm patched manually; QA recommended
FR,revoir,Subjonctif,Subjonctif présent,vous,revoyiez,2,reviewed,irregular/compound paradigm patched manually; QA recommended
FR,revoir,Subjonctif,Subjonctif présent,ils (elles),revoient,2,reviewed,irregular/compound paradigm patched manually; QA recommended
FR,revoir,Indicatif,Passé Simple,je,revis,2,reviewed,irregular/compound paradigm patched manually; QA recommended
FR,revoir,Indicatif,Passé Simple,tu,revis,2,reviewed,irregular/compound paradigm patched manually; QA recommended
FR,revoir,Indicatif,Passé Simple,"il (elle, on)",revit,2,reviewed,irregular/compound paradigm patched manually; QA recommended
FR,revoir,Indicatif,Passé Simple,nous,revîmes,2,reviewed,irregular/compound paradigm patched manually; QA recommended
FR,revoir,Indicatif,Passé Simple,vous,revîtes,2,reviewed,irregular/compound paradigm patched manually; QA recommended
FR,revoir,Indicatif,Passé Simple,ils (elles),revirent,2,reviewed,irregular/compound paradigm patched manually; QA recommended
FR,revoir,Subjonctif,Subjonctif imparfait,je,revisse,2,reviewed,irregular/compound paradigm patched manually; QA recommended
FR,revoir,Subjonctif,Subjonctif imparfait,tu,revisses,2,reviewed,irregular/compound paradigm patched manually; QA recommended
FR,revoir,Subjonctif,Subjonctif imparfait,"il (elle, on)",revît,2,reviewed,irregular/compound paradigm patched manually; QA recommended
FR,revoir,Subjonctif,Subjonctif imparfait,nous,revissions,2,reviewed,irregular/compound paradigm patched manually; QA recommended
FR,revoir,Subjonctif,Subjonctif imparfait,vous,revissiez,2,reviewed,irregular/compound paradigm patched manually; QA recommended
FR,revoir,Subjonctif,Subjonctif imparfait,ils (elles),revissent,2,reviewed,irregular/compound paradigm patched manually; QA recommended
FR,aider,Indicatif,Présent,je,aide,2,reviewed,repo-local legacy seed normalized into curated contract; QA recommended
FR,aider,Indicatif,Présent,tu,aides,2,reviewed,repo-local legacy seed normalized into curated contract; QA recommended
FR,aider,Indicatif,Présent,"il (elle, on)",aide,2,reviewed,repo-local legacy seed normalized into curated contract; QA recommended
FR,aider,Indicatif,Présent,nous,aidons,2,reviewed,repo-local legacy seed normalized into curated contract; QA recommended
FR,aider,Indicatif,Présent,vous,aidez,2,reviewed,repo-local legacy seed normalized into curated contract; QA recommended
FR,aider,Indicatif,Présent,ils (elles),aident,2,reviewed,repo-local legacy seed normalized into curated contract; QA recommended
FR,aider,Indicatif,Futur,je,aiderai,2,reviewed,repo-local legacy seed normalized into curated contract; QA recommended
FR,aider,Indicatif,Futur,tu,aideras,2,reviewed,repo-local legacy seed normalized into curated contract; QA recommended
FR,aider,Indicatif,Futur,"il (elle, on)",aidera,2,reviewed,repo-local legacy seed normalized into curated contract; QA recommended
FR,aider,Indicatif,Futur,nous,aiderons,2,reviewed,repo-local legacy seed normalized into curated contract; QA recommended
FR,aider,Indicatif,Futur,vous,aiderez,2,reviewed,repo-local legacy seed normalized into curated contract; QA recommended
FR,aider,Indicatif,Futur,ils (elles),aideront,2,reviewed,repo-local legacy seed normalized into curated contract; QA recommended
FR,aider,Indicatif,Passé composé,je,ai aidé,2,reviewed,repo-local legacy seed normalized into curated contract; QA recommended
FR,aider,Indicatif,Passé composé,tu,as aidé,2,reviewed,repo-local legacy seed normalized into curated contract; QA recommended
FR,aider,Indicatif,Passé composé,"il (elle, on)",a aidé,2,reviewed,repo-local legacy seed normalized into curated contract; QA recommended
FR,aider,Indicatif,Passé composé,nous,avons aidé,2,reviewed,repo-local legacy seed normalized into curated contract; QA recommended
FR,aider,Indicatif,Passé composé,vous,avez aidé,2,reviewed,repo-local legacy seed normalized into curated contract; QA recommended
FR,aider,Indicatif,Passé composé,ils (elles),ont aidé,2,reviewed,repo-local legacy seed normalized into curated contract; QA recommended
FR,aider,Indicatif,Imparfait,je,aidais,2,reviewed,repo-local legacy seed normalized into curated contract; QA recommended
FR,aider,Indicatif,Imparfait,tu,aidais,2,reviewed,repo-local legacy seed normalized into curated contract; QA recommended
FR,aider,Indicatif,Imparfait,"il (elle, on)",aidait,2,reviewed,repo-local legacy seed normalized into curated contract; QA recommended
FR,aider,Indicatif,Imparfait,nous,aidions,2,reviewed,repo-local legacy seed normalized into curated contract; QA recommended
FR,aider,Indicatif,Imparfait,vous,aidiez,2,reviewed,repo-local legacy seed normalized into curated contract; QA recommended
FR,aider,Indicatif,Imparfait,ils (elles),aidaient,2,reviewed,repo-local legacy seed normalized into curated contract; QA recommended
FR,aider,Conditionnel,Conditionnel présent,je,aiderais,2,reviewed,repo-local legacy seed normalized into curated contract; QA recommended
FR,aider,Conditionnel,Conditionnel présent,tu,aiderais,2,reviewed,repo-local legacy seed normalized into curated contract; QA recommended
FR,aider,Conditionnel,Conditionnel présent,"il (elle, on)",aiderait,2,reviewed,repo-local legacy seed normalized into curated contract; QA recommended
FR,aider,Conditionnel,Conditionnel présent,nous,aiderions,2,reviewed,repo-local legacy seed normalized into curated contract; QA recommended
FR,aider,Conditionnel,Conditionnel présent,vous,aideriez,2,reviewed,repo-local legacy seed normalized into curated contract; QA recommended
FR,aider,Conditionnel,Conditionnel présent,ils (elles),aideraient,2,reviewed,repo-local legacy seed normalized into curated contract; QA recommended
FR,aider,Impératif,Impératif,je,-,2,reviewed,repo-local legacy seed normalized into curated contract; QA recommended; French imperative only uses tu / nous / vous; placeholder - used for unsupported slot
FR,aider,Impératif,Impératif,tu,aide,2,reviewed,repo-local legacy seed normalized into curated contract; QA recommended
FR,aider,Impératif,Impératif,"il (elle, on)",-,2,reviewed,repo-local legacy seed normalized into curated contract; QA recommended; French imperative only uses tu / nous / vous; placeholder - used for unsupported slot
FR,aider,Impératif,Impératif,nous,aidons,2,reviewed,repo-local legacy seed normalized into curated contract; QA recommended
FR,aider,Impératif,Impératif,vous,aidez,2,reviewed,repo-local legacy seed normalized into curated contract; QA recommended
FR,aider,Impératif,Impératif,ils (elles),-,2,reviewed,repo-local legacy seed normalized into curated contract; QA recommended; French imperative only uses tu / nous / vous; placeholder - used for unsupported slot
FR,aider,Subjonctif,Subjonctif présent,je,aide,2,reviewed,repo-local legacy seed normalized into curated contract; QA recommended
FR,aider,Subjonctif,Subjonctif présent,tu,aides,2,reviewed,repo-local legacy seed normalized into curated contract; QA recommended
FR,aider,Subjonctif,Subjonctif présent,"il (elle, on)",aide,2,reviewed,repo-local legacy seed normalized into curated contract; QA recommended
FR,aider,Subjonctif,Subjonctif présent,nous,aidions,2,reviewed,repo-local legacy seed normalized into curated contract; QA recommended
FR,aider,Subjonctif,Subjonctif présent,vous,aidiez,2,reviewed,repo-local legacy seed normalized into curated contract; QA recommended
FR,aider,Subjonctif,Subjonctif présent,ils (elles),aident,2,reviewed,repo-local legacy seed normalized into curated contract; QA recommended
FR,aider,Indicatif,Passé Simple,je,aidai,2,reviewed,repo-local legacy seed normalized into curated contract; QA recommended
FR,aider,Indicatif,Passé Simple,tu,aidas,2,reviewed,repo-local legacy seed normalized into curated contract; QA recommended
FR,aider,Indicatif,Passé Simple,"il (elle, on)",aida,2,reviewed,repo-local legacy seed normalized into curated contract; QA recommended
FR,aider,Indicatif,Passé Simple,nous,aidâmes,2,reviewed,repo-local legacy seed normalized into curated contract; QA recommended
FR,aider,Indicatif,Passé Simple,vous,aidâtes,2,reviewed,repo-local legacy seed normalized into curated contract; QA recommended
FR,aider,Indicatif,Passé Simple,ils (elles),aidèrent,2,reviewed,repo-local legacy seed normalized into curated contract; QA recommended
FR,aider,Subjonctif,Subjonctif imparfait,je,aidasse,2,reviewed,repo-local legacy seed normalized into curated contract; QA recommended
FR,aider,Subjonctif,Subjonctif imparfait,tu,aidasses,2,reviewed,repo-local legacy seed normalized into curated contract; QA recommended
FR,aider,Subjonctif,Subjonctif imparfait,"il (elle, on)",aidât,2,reviewed,repo-local legacy seed normalized into curated contract; QA recommended
FR,aider,Subjonctif,Subjonctif imparfait,nous,aidassions,2,reviewed,repo-local legacy seed normalized into curated contract; QA recommended
FR,aider,Subjonctif,Subjonctif imparfait,vous,aidassiez,2,reviewed,repo-local legacy seed normalized into curated contract; QA recommended
FR,aider,Subjonctif,Subjonctif imparfait,ils (elles),aidassent,2,reviewed,repo-local legacy seed normalized into curated contract; QA recommended
FR,créer,Indicatif,Présent,je,crée,2,reviewed,repo-local legacy seed normalized into curated contract; QA recommended
FR,créer,Indicatif,Présent,tu,crées,2,reviewed,repo-local legacy seed normalized into curated contract; QA recommended
FR,créer,Indicatif,Présent,"il (elle, on)",crée,2,reviewed,repo-local legacy seed normalized into curated contract; QA recommended
FR,créer,Indicatif,Présent,nous,créons,2,reviewed,repo-local legacy seed normalized into curated contract; QA recommended
FR,créer,Indicatif,Présent,vous,créez,2,reviewed,repo-local legacy seed normalized into curated contract; QA recommended
FR,créer,Indicatif,Présent,ils (elles),créent,2,reviewed,repo-local legacy seed normalized into curated contract; QA recommended
FR,créer,Indicatif,Futur,je,créerai,2,reviewed,repo-local legacy seed normalized into curated contract; QA recommended
FR,créer,Indicatif,Futur,tu,créeras,2,reviewed,repo-local legacy seed normalized into curated contract; QA recommended
FR,créer,Indicatif,Futur,"il (elle, on)",créera,2,reviewed,repo-local legacy seed normalized into curated contract; QA recommended
FR,créer,Indicatif,Futur,nous,créerons,2,reviewed,repo-local legacy seed normalized into curated contract; QA recommended
FR,créer,Indicatif,Futur,vous,créerez,2,reviewed,repo-local legacy seed normalized into curated contract; QA recommended
FR,créer,Indicatif,Futur,ils (elles),créeront,2,reviewed,repo-local legacy seed normalized into curated contract; QA recommended
FR,créer,Indicatif,Passé composé,je,ai créé,2,reviewed,repo-local legacy seed normalized into curated contract; QA recommended
FR,créer,Indicatif,Passé composé,tu,as créé,2,reviewed,repo-local legacy seed normalized into curated contract; QA recommended
FR,créer,Indicatif,Passé composé,"il (elle, on)",a créé,2,reviewed,repo-local legacy seed normalized into curated contract; QA recommended
FR,créer,Indicatif,Passé composé,nous,avons créé,2,reviewed,repo-local legacy seed normalized into curated contract; QA recommended
FR,créer,Indicatif,Passé composé,vous,avez créé,2,reviewed,repo-local legacy seed normalized into curated contract; QA recommended
FR,créer,Indicatif,Passé composé,ils (elles),ont créé,2,reviewed,repo-local legacy seed normalized into curated contract; QA recommended
FR,créer,Indicatif,Imparfait,je,créais,2,reviewed,repo-local legacy seed normalized into curated contract; QA recommended
FR,créer,Indicatif,Imparfait,tu,créais,2,reviewed,repo-local legacy seed normalized into curated contract; QA recommended
FR,créer,Indicatif,Imparfait,"il (elle, on)",créait,2,reviewed,repo-local legacy seed normalized into curated contract; QA recommended
FR,créer,Indicatif,Imparfait,nous,créions,2,reviewed,repo-local legacy seed normalized into curated contract; QA recommended
FR,créer,Indicatif,Imparfait,vous,créiez,2,reviewed,repo-local legacy seed normalized into curated contract; QA recommended
FR,créer,Indicatif,Imparfait,ils (elles),créaient,2,reviewed,repo-local legacy seed normalized into curated contract; QA recommended
FR,créer,Conditionnel,Conditionnel présent,je,créerais,2,reviewed,repo-local legacy seed normalized into curated contract; QA recommended
FR,créer,Conditionnel,Conditionnel présent,tu,créerais,2,reviewed,repo-local legacy seed normalized into curated contract; QA recommended
FR,créer,Conditionnel,Conditionnel présent,"il (elle, on)",créerait,2,reviewed,repo-local legacy seed normalized into curated contract; QA recommended
FR,créer,Conditionnel,Conditionnel présent,nous,créerions,2,reviewed,repo-local legacy seed normalized into curated contract; QA recommended
FR,créer,Conditionnel,Conditionnel présent,vous,créeriez,2,reviewed,repo-local legacy seed normalized into curated contract; QA recommended
FR,créer,Conditionnel,Conditionnel présent,ils (elles),créeraient,2,reviewed,repo-local legacy seed normalized into curated contract; QA recommended
FR,créer,Impératif,Impératif,je,-,2,reviewed,repo-local legacy seed normalized into curated contract; QA recommended; French imperative only uses tu / nous / vous; placeholder - used for unsupported slot
FR,créer,Impératif,Impératif,tu,crée,2,reviewed,repo-local legacy seed normalized into curated contract; QA recommended
FR,créer,Impératif,Impératif,"il (elle, on)",-,2,reviewed,repo-local legacy seed normalized into curated contract; QA recommended; French imperative only uses tu / nous / vous; placeholder - used for unsupported slot
FR,créer,Impératif,Impératif,nous,créons,2,reviewed,repo-local legacy seed normalized into curated contract; QA recommended
FR,créer,Impératif,Impératif,vous,créez,2,reviewed,repo-local legacy seed normalized into curated contract; QA recommended
FR,créer,Impératif,Impératif,ils (elles),-,2,reviewed,repo-local legacy seed normalized into curated contract; QA recommended; French imperative only uses tu / nous / vous; placeholder - used for unsupported slot
FR,créer,Subjonctif,Subjonctif présent,je,crée,2,reviewed,repo-local legacy seed normalized into curated contract; QA recommended
FR,créer,Subjonctif,Subjonctif présent,tu,crées,2,reviewed,repo-local legacy seed normalized into curated contract; QA recommended
FR,créer,Subjonctif,Subjonctif présent,"il (elle, on)",crée,2,reviewed,repo-local legacy seed normalized into curated contract; QA recommended
FR,créer,Subjonctif,Subjonctif présent,nous,créions,2,reviewed,repo-local legacy seed normalized into curated contract; QA recommended
FR,créer,Subjonctif,Subjonctif présent,vous,créiez,2,reviewed,repo-local legacy seed normalized into curated contract; QA recommended
FR,créer,Subjonctif,Subjonctif présent,ils (elles),créent,2,reviewed,repo-local legacy seed normalized into curated contract; QA recommended
FR,créer,Indicatif,Passé Simple,je,créai,2,reviewed,repo-local legacy seed normalized into curated contract; QA recommended
FR,créer,Indicatif,Passé Simple,tu,créas,2,reviewed,repo-local legacy seed normalized into curated contract; QA recommended
FR,créer,Indicatif,Passé Simple,"il (elle, on)",créa,2,reviewed,repo-local legacy seed normalized into curated contract; QA recommended
FR,créer,Indicatif,Passé Simple,nous,créâmes,2,reviewed,repo-local legacy seed normalized into curated contract; QA recommended
FR,créer,Indicatif,Passé Simple,vous,créâtes,2,reviewed,repo-local legacy seed normalized into curated contract; QA recommended
FR,créer,Indicatif,Passé Simple,ils (elles),créèrent,2,reviewed,repo-local legacy seed normalized into curated contract; QA recommended
FR,créer,Subjonctif,Subjonctif imparfait,je,créasse,2,reviewed,repo-local legacy seed normalized into curated contract; QA recommended
FR,créer,Subjonctif,Subjonctif imparfait,tu,créasses,2,reviewed,repo-local legacy seed normalized into curated contract; QA recommended
FR,créer,Subjonctif,Subjonctif imparfait,"il (elle, on)",créât,2,reviewed,repo-local legacy seed normalized into curated contract; QA recommended
FR,créer,Subjonctif,Subjonctif imparfait,nous,créassions,2,reviewed,repo-local legacy seed normalized into curated contract; QA recommended
FR,créer,Subjonctif,Subjonctif imparfait,vous,créassiez,2,reviewed,repo-local legacy seed normalized into curated contract; QA recommended
FR,créer,Subjonctif,Subjonctif imparfait,ils (elles),créassent,2,reviewed,repo-local legacy seed normalized into curated contract; QA recommended
FR,découvrir,Indicatif,Présent,je,découvre,2,reviewed,irregular/compound paradigm patched manually; QA recommended
FR,découvrir,Indicatif,Présent,tu,découvres,2,reviewed,irregular/compound paradigm patched manually; QA recommended
FR,découvrir,Indicatif,Présent,"il (elle, on)",découvre,2,reviewed,irregular/compound paradigm patched manually; QA recommended
FR,découvrir,Indicatif,Présent,nous,découvrons,2,reviewed,irregular/compound paradigm patched manually; QA recommended
FR,découvrir,Indicatif,Présent,vous,découvrez,2,reviewed,irregular/compound paradigm patched manually; QA recommended
FR,découvrir,Indicatif,Présent,ils (elles),découvrent,2,reviewed,irregular/compound paradigm patched manually; QA recommended
FR,découvrir,Indicatif,Futur,je,découvrirai,2,reviewed,irregular/compound paradigm patched manually; QA recommended
FR,découvrir,Indicatif,Futur,tu,découvriras,2,reviewed,irregular/compound paradigm patched manually; QA recommended
FR,découvrir,Indicatif,Futur,"il (elle, on)",découvrira,2,reviewed,irregular/compound paradigm patched manually; QA recommended
FR,découvrir,Indicatif,Futur,nous,découvrirons,2,reviewed,irregular/compound paradigm patched manually; QA recommended
FR,découvrir,Indicatif,Futur,vous,découvrirez,2,reviewed,irregular/compound paradigm patched manually; QA recommended
FR,découvrir,Indicatif,Futur,ils (elles),découvriront,2,reviewed,irregular/compound paradigm patched manually; QA recommended
FR,découvrir,Indicatif,Passé composé,je,ai découvert,2,reviewed,irregular/compound paradigm patched manually; QA recommended
FR,découvrir,Indicatif,Passé composé,tu,as découvert,2,reviewed,irregular/compound paradigm patched manually; QA recommended
FR,découvrir,Indicatif,Passé composé,"il (elle, on)",a découvert,2,reviewed,irregular/compound paradigm patched manually; QA recommended
FR,découvrir,Indicatif,Passé composé,nous,avons découvert,2,reviewed,irregular/compound paradigm patched manually; QA recommended
FR,découvrir,Indicatif,Passé composé,vous,avez découvert,2,reviewed,irregular/compound paradigm patched manually; QA recommended
FR,découvrir,Indicatif,Passé composé,ils (elles),ont découvert,2,reviewed,irregular/compound paradigm patched manually; QA recommended
FR,découvrir,Indicatif,Imparfait,je,découvrais,2,reviewed,irregular/compound paradigm patched manually; QA recommended
FR,découvrir,Indicatif,Imparfait,tu,découvrais,2,reviewed,irregular/compound paradigm patched manually; QA recommended
FR,découvrir,Indicatif,Imparfait,"il (elle, on)",découvrait,2,reviewed,irregular/compound paradigm patched manually; QA recommended
FR,découvrir,Indicatif,Imparfait,nous,découvrions,2,reviewed,irregular/compound paradigm patched manually; QA recommended
FR,découvrir,Indicatif,Imparfait,vous,découvriez,2,reviewed,irregular/compound paradigm patched manually; QA recommended
FR,découvrir,Indicatif,Imparfait,ils (elles),découvraient,2,reviewed,irregular/compound paradigm patched manually; QA recommended
FR,découvrir,Conditionnel,Conditionnel présent,je,découvrirais,2,reviewed,irregular/compound paradigm patched manually; QA recommended
FR,découvrir,Conditionnel,Conditionnel présent,tu,découvrirais,2,reviewed,irregular/compound paradigm patched manually; QA recommended
FR,découvrir,Conditionnel,Conditionnel présent,"il (elle, on)",découvrirait,2,reviewed,irregular/compound paradigm patched manually; QA recommended
FR,découvrir,Conditionnel,Conditionnel présent,nous,découvririons,2,reviewed,irregular/compound paradigm patched manually; QA recommended
FR,découvrir,Conditionnel,Conditionnel présent,vous,découvririez,2,reviewed,irregular/compound paradigm patched manually; QA recommended
FR,découvrir,Conditionnel,Conditionnel présent,ils (elles),découvriraient,2,reviewed,irregular/compound paradigm patched manually; QA recommended
FR,découvrir,Impératif,Impératif,je,-,2,reviewed,irregular/compound paradigm patched manually; QA recommended; French imperative only uses tu / nous / vous; placeholder - used for unsupported slot
FR,découvrir,Impératif,Impératif,tu,découvre,2,reviewed,irregular/compound paradigm patched manually; QA recommended
FR,découvrir,Impératif,Impératif,"il (elle, on)",-,2,reviewed,irregular/compound paradigm patched manually; QA recommended; French imperative only uses tu / nous / vous; placeholder - used for unsupported slot
FR,découvrir,Impératif,Impératif,nous,découvrons,2,reviewed,irregular/compound paradigm patched manually; QA recommended
FR,découvrir,Impératif,Impératif,vous,découvrez,2,reviewed,irregular/compound paradigm patched manually; QA recommended
FR,découvrir,Impératif,Impératif,ils (elles),-,2,reviewed,irregular/compound paradigm patched manually; QA recommended; French imperative only uses tu / nous / vous; placeholder - used for unsupported slot
FR,découvrir,Subjonctif,Subjonctif présent,je,découvre,2,reviewed,irregular/compound paradigm patched manually; QA recommended
FR,découvrir,Subjonctif,Subjonctif présent,tu,découvres,2,reviewed,irregular/compound paradigm patched manually; QA recommended
FR,découvrir,Subjonctif,Subjonctif présent,"il (elle, on)",découvre,2,reviewed,irregular/compound paradigm patched manually; QA recommended
FR,découvrir,Subjonctif,Subjonctif présent,nous,découvrions,2,reviewed,irregular/compound paradigm patched manually; QA recommended
FR,découvrir,Subjonctif,Subjonctif présent,vous,découvriez,2,reviewed,irregular/compound paradigm patched manually; QA recommended
FR,découvrir,Subjonctif,Subjonctif présent,ils (elles),découvrent,2,reviewed,irregular/compound paradigm patched manually; QA recommended
FR,découvrir,Indicatif,Passé Simple,je,découvris,2,reviewed,irregular/compound paradigm patched manually; QA recommended
FR,découvrir,Indicatif,Passé Simple,tu,découvris,2,reviewed,irregular/compound paradigm patched manually; QA recommended
FR,découvrir,Indicatif,Passé Simple,"il (elle, on)",découvrit,2,reviewed,irregular/compound paradigm patched manually; QA recommended
FR,découvrir,Indicatif,Passé Simple,nous,découvrîmes,2,reviewed,irregular/compound paradigm patched manually; QA recommended
FR,découvrir,Indicatif,Passé Simple,vous,découvrîtes,2,reviewed,irregular/compound paradigm patched manually; QA recommended
FR,découvrir,Indicatif,Passé Simple,ils (elles),découvrirent,2,reviewed,irregular/compound paradigm patched manually; QA recommended
FR,découvrir,Subjonctif,Subjonctif imparfait,je,découvrisse,2,reviewed,irregular/compound paradigm patched manually; QA recommended
FR,découvrir,Subjonctif,Subjonctif imparfait,tu,découvrisses,2,reviewed,irregular/compound paradigm patched manually; QA recommended
FR,découvrir,Subjonctif,Subjonctif imparfait,"il (elle, on)",découvrît,2,reviewed,irregular/compound paradigm patched manually; QA recommended
FR,découvrir,Subjonctif,Subjonctif imparfait,nous,découvrissions,2,reviewed,irregular/compound paradigm patched manually; QA recommended
FR,découvrir,Subjonctif,Subjonctif imparfait,vous,découvrissiez,2,reviewed,irregular/compound paradigm patched manually; QA recommended
FR,découvrir,Subjonctif,Subjonctif imparfait,ils (elles),découvrissent,2,reviewed,irregular/compound paradigm patched manually; QA recommended
FR,compter,Indicatif,Présent,je,compte,2,reviewed,repo-local legacy seed normalized into curated contract; QA recommended
FR,compter,Indicatif,Présent,tu,comptes,2,reviewed,repo-local legacy seed normalized into curated contract; QA recommended
FR,compter,Indicatif,Présent,"il (elle, on)",compte,2,reviewed,repo-local legacy seed normalized into curated contract; QA recommended
FR,compter,Indicatif,Présent,nous,comptons,2,reviewed,repo-local legacy seed normalized into curated contract; QA recommended
FR,compter,Indicatif,Présent,vous,comptez,2,reviewed,repo-local legacy seed normalized into curated contract; QA recommended
FR,compter,Indicatif,Présent,ils (elles),comptent,2,reviewed,repo-local legacy seed normalized into curated contract; QA recommended
FR,compter,Indicatif,Futur,je,compterai,2,reviewed,repo-local legacy seed normalized into curated contract; QA recommended
FR,compter,Indicatif,Futur,tu,compteras,2,reviewed,repo-local legacy seed normalized into curated contract; QA recommended
FR,compter,Indicatif,Futur,"il (elle, on)",comptera,2,reviewed,repo-local legacy seed normalized into curated contract; QA recommended
FR,compter,Indicatif,Futur,nous,compterons,2,reviewed,repo-local legacy seed normalized into curated contract; QA recommended
FR,compter,Indicatif,Futur,vous,compterez,2,reviewed,repo-local legacy seed normalized into curated contract; QA recommended
FR,compter,Indicatif,Futur,ils (elles),compteront,2,reviewed,repo-local legacy seed normalized into curated contract; QA recommended
FR,compter,Indicatif,Passé composé,je,ai compté,2,reviewed,repo-local legacy seed normalized into curated contract; QA recommended
FR,compter,Indicatif,Passé composé,tu,as compté,2,reviewed,repo-local legacy seed normalized into curated contract; QA recommended
FR,compter,Indicatif,Passé composé,"il (elle, on)",a compté,2,reviewed,repo-local legacy seed normalized into curated contract; QA recommended
FR,compter,Indicatif,Passé composé,nous,avons compté,2,reviewed,repo-local legacy seed normalized into curated contract; QA recommended
FR,compter,Indicatif,Passé composé,vous,avez compté,2,reviewed,repo-local legacy seed normalized into curated contract; QA recommended
FR,compter,Indicatif,Passé composé,ils (elles),ont compté,2,reviewed,repo-local legacy seed normalized into curated contract; QA recommended
FR,compter,Indicatif,Imparfait,je,comptais,2,reviewed,repo-local legacy seed normalized into curated contract; QA recommended
FR,compter,Indicatif,Imparfait,tu,comptais,2,reviewed,repo-local legacy seed normalized into curated contract; QA recommended
FR,compter,Indicatif,Imparfait,"il (elle, on)",comptait,2,reviewed,repo-local legacy seed normalized into curated contract; QA recommended
FR,compter,Indicatif,Imparfait,nous,comptions,2,reviewed,repo-local legacy seed normalized into curated contract; QA recommended
FR,compter,Indicatif,Imparfait,vous,comptiez,2,reviewed,repo-local legacy seed normalized into curated contract; QA recommended
FR,compter,Indicatif,Imparfait,ils (elles),comptaient,2,reviewed,repo-local legacy seed normalized into curated contract; QA recommended
FR,compter,Conditionnel,Conditionnel présent,je,compterais,2,reviewed,repo-local legacy seed normalized into curated contract; QA recommended
FR,compter,Conditionnel,Conditionnel présent,tu,compterais,2,reviewed,repo-local legacy seed normalized into curated contract; QA recommended
FR,compter,Conditionnel,Conditionnel présent,"il (elle, on)",compterait,2,reviewed,repo-local legacy seed normalized into curated contract; QA recommended
FR,compter,Conditionnel,Conditionnel présent,nous,compterions,2,reviewed,repo-local legacy seed normalized into curated contract; QA recommended
FR,compter,Conditionnel,Conditionnel présent,vous,compteriez,2,reviewed,repo-local legacy seed normalized into curated contract; QA recommended
FR,compter,Conditionnel,Conditionnel présent,ils (elles),compteraient,2,reviewed,repo-local legacy seed normalized into curated contract; QA recommended
FR,compter,Impératif,Impératif,je,-,2,reviewed,repo-local legacy seed normalized into curated contract; QA recommended; French imperative only uses tu / nous / vous; placeholder - used for unsupported slot
FR,compter,Impératif,Impératif,tu,compte,2,reviewed,repo-local legacy seed normalized into curated contract; QA recommended
FR,compter,Impératif,Impératif,"il (elle, on)",-,2,reviewed,repo-local legacy seed normalized into curated contract; QA recommended; French imperative only uses tu / nous / vous; placeholder - used for unsupported slot
FR,compter,Impératif,Impératif,nous,comptons,2,reviewed,repo-local legacy seed normalized into curated contract; QA recommended
FR,compter,Impératif,Impératif,vous,comptez,2,reviewed,repo-local legacy seed normalized into curated contract; QA recommended
FR,compter,Impératif,Impératif,ils (elles),-,2,reviewed,repo-local legacy seed normalized into curated contract; QA recommended; French imperative only uses tu / nous / vous; placeholder - used for unsupported slot
FR,compter,Subjonctif,Subjonctif présent,je,compte,2,reviewed,repo-local legacy seed normalized into curated contract; QA recommended
FR,compter,Subjonctif,Subjonctif présent,tu,comptes,2,reviewed,repo-local legacy seed normalized into curated contract; QA recommended
FR,compter,Subjonctif,Subjonctif présent,"il (elle, on)",compte,2,reviewed,repo-local legacy seed normalized into curated contract; QA recommended
FR,compter,Subjonctif,Subjonctif présent,nous,comptions,2,reviewed,repo-local legacy seed normalized into curated contract; QA recommended
FR,compter,Subjonctif,Subjonctif présent,vous,comptiez,2,reviewed,repo-local legacy seed normalized into curated contract; QA recommended
FR,compter,Subjonctif,Subjonctif présent,ils (elles),comptent,2,reviewed,repo-local legacy seed normalized into curated contract; QA recommended
FR,compter,Indicatif,Passé Simple,je,comptai,2,reviewed,repo-local legacy seed normalized into curated contract; QA recommended
FR,compter,Indicatif,Passé Simple,tu,comptas,2,reviewed,repo-local legacy seed normalized into curated contract; QA recommended
FR,compter,Indicatif,Passé Simple,"il (elle, on)",compta,2,reviewed,repo-local legacy seed normalized into curated contract; QA recommended
FR,compter,Indicatif,Passé Simple,nous,comptâmes,2,reviewed,repo-local legacy seed normalized into curated contract; QA recommended
FR,compter,Indicatif,Passé Simple,vous,comptâtes,2,reviewed,repo-local legacy seed normalized into curated contract; QA recommended
FR,compter,Indicatif,Passé Simple,ils (elles),comptèrent,2,reviewed,repo-local legacy seed normalized into curated contract; QA recommended
FR,compter,Subjonctif,Subjonctif imparfait,je,comptasse,2,reviewed,repo-local legacy seed normalized into curated contract; QA recommended
FR,compter,Subjonctif,Subjonctif imparfait,tu,comptasses,2,reviewed,repo-local legacy seed normalized into curated contract; QA recommended
FR,compter,Subjonctif,Subjonctif imparfait,"il (elle, on)",comptât,2,reviewed,repo-local legacy seed normalized into curated contract; QA recommended
FR,compter,Subjonctif,Subjonctif imparfait,nous,comptassions,2,reviewed,repo-local legacy seed normalized into curated contract; QA recommended
FR,compter,Subjonctif,Subjonctif imparfait,vous,comptassiez,2,reviewed,repo-local legacy seed normalized into curated contract; QA recommended
FR,compter,Subjonctif,Subjonctif imparfait,ils (elles),comptassent,2,reviewed,repo-local legacy seed normalized into curated contract; QA recommended
FR,tuer,Indicatif,Présent,je,tue,2,reviewed,repo-local legacy seed normalized into curated contract; QA recommended
FR,tuer,Indicatif,Présent,tu,tues,2,reviewed,repo-local legacy seed normalized into curated contract; QA recommended
FR,tuer,Indicatif,Présent,"il (elle, on)",tue,2,reviewed,repo-local legacy seed normalized into curated contract; QA recommended
FR,tuer,Indicatif,Présent,nous,tuons,2,reviewed,repo-local legacy seed normalized into curated contract; QA recommended
FR,tuer,Indicatif,Présent,vous,tuez,2,reviewed,repo-local legacy seed normalized into curated contract; QA recommended
FR,tuer,Indicatif,Présent,ils (elles),tuent,2,reviewed,repo-local legacy seed normalized into curated contract; QA recommended
FR,tuer,Indicatif,Futur,je,tuerai,2,reviewed,repo-local legacy seed normalized into curated contract; QA recommended
FR,tuer,Indicatif,Futur,tu,tueras,2,reviewed,repo-local legacy seed normalized into curated contract; QA recommended
FR,tuer,Indicatif,Futur,"il (elle, on)",tuera,2,reviewed,repo-local legacy seed normalized into curated contract; QA recommended
FR,tuer,Indicatif,Futur,nous,tuerons,2,reviewed,repo-local legacy seed normalized into curated contract; QA recommended
FR,tuer,Indicatif,Futur,vous,tuerez,2,reviewed,repo-local legacy seed normalized into curated contract; QA recommended
FR,tuer,Indicatif,Futur,ils (elles),tueront,2,reviewed,repo-local legacy seed normalized into curated contract; QA recommended
FR,tuer,Indicatif,Passé composé,je,ai tué,2,reviewed,repo-local legacy seed normalized into curated contract; QA recommended
FR,tuer,Indicatif,Passé composé,tu,as tué,2,reviewed,repo-local legacy seed normalized into curated contract; QA recommended
FR,tuer,Indicatif,Passé composé,"il (elle, on)",a tué,2,reviewed,repo-local legacy seed normalized into curated contract; QA recommended
FR,tuer,Indicatif,Passé composé,nous,avons tué,2,reviewed,repo-local legacy seed normalized into curated contract; QA recommended
FR,tuer,Indicatif,Passé composé,vous,avez tué,2,reviewed,repo-local legacy seed normalized into curated contract; QA recommended
FR,tuer,Indicatif,Passé composé,ils (elles),ont tué,2,reviewed,repo-local legacy seed normalized into curated contract; QA recommended
FR,tuer,Indicatif,Imparfait,je,tuais,2,reviewed,repo-local legacy seed normalized into curated contract; QA recommended
FR,tuer,Indicatif,Imparfait,tu,tuais,2,reviewed,repo-local legacy seed normalized into curated contract; QA recommended
FR,tuer,Indicatif,Imparfait,"il (elle, on)",tuait,2,reviewed,repo-local legacy seed normalized into curated contract; QA recommended
FR,tuer,Indicatif,Imparfait,nous,tuions,2,reviewed,repo-local legacy seed normalized into curated contract; QA recommended
FR,tuer,Indicatif,Imparfait,vous,tuiez,2,reviewed,repo-local legacy seed normalized into curated contract; QA recommended
FR,tuer,Indicatif,Imparfait,ils (elles),tuaient,2,reviewed,repo-local legacy seed normalized into curated contract; QA recommended
FR,tuer,Conditionnel,Conditionnel présent,je,tuerais,2,reviewed,repo-local legacy seed normalized into curated contract; QA recommended
FR,tuer,Conditionnel,Conditionnel présent,tu,tuerais,2,reviewed,repo-local legacy seed normalized into curated contract; QA recommended
FR,tuer,Conditionnel,Conditionnel présent,"il (elle, on)",tuerait,2,reviewed,repo-local legacy seed normalized into curated contract; QA recommended
FR,tuer,Conditionnel,Conditionnel présent,nous,tuerions,2,reviewed,repo-local legacy seed normalized into curated contract; QA recommended
FR,tuer,Conditionnel,Conditionnel présent,vous,tueriez,2,reviewed,repo-local legacy seed normalized into curated contract; QA recommended
FR,tuer,Conditionnel,Conditionnel présent,ils (elles),tueraient,2,reviewed,repo-local legacy seed normalized into curated contract; QA recommended
FR,tuer,Impératif,Impératif,je,-,2,reviewed,repo-local legacy seed normalized into curated contract; QA recommended; French imperative only uses tu / nous / vous; placeholder - used for unsupported slot
FR,tuer,Impératif,Impératif,tu,tue,2,reviewed,repo-local legacy seed normalized into curated contract; QA recommended
FR,tuer,Impératif,Impératif,"il (elle, on)",-,2,reviewed,repo-local legacy seed normalized into curated contract; QA recommended; French imperative only uses tu / nous / vous; placeholder - used for unsupported slot
FR,tuer,Impératif,Impératif,nous,tuons,2,reviewed,repo-local legacy seed normalized into curated contract; QA recommended
FR,tuer,Impératif,Impératif,vous,tuez,2,reviewed,repo-local legacy seed normalized into curated contract; QA recommended
FR,tuer,Impératif,Impératif,ils (elles),-,2,reviewed,repo-local legacy seed normalized into curated contract; QA recommended; French imperative only uses tu / nous / vous; placeholder - used for unsupported slot
FR,tuer,Subjonctif,Subjonctif présent,je,tue,2,reviewed,repo-local legacy seed normalized into curated contract; QA recommended
FR,tuer,Subjonctif,Subjonctif présent,tu,tues,2,reviewed,repo-local legacy seed normalized into curated contract; QA recommended
FR,tuer,Subjonctif,Subjonctif présent,"il (elle, on)",tue,2,reviewed,repo-local legacy seed normalized into curated contract; QA recommended
FR,tuer,Subjonctif,Subjonctif présent,nous,tuions,2,reviewed,repo-local legacy seed normalized into curated contract; QA recommended
FR,tuer,Subjonctif,Subjonctif présent,vous,tuiez,2,reviewed,repo-local legacy seed normalized into curated contract; QA recommended
FR,tuer,Subjonctif,Subjonctif présent,ils (elles),tuent,2,reviewed,repo-local legacy seed normalized into curated contract; QA recommended
FR,tuer,Indicatif,Passé Simple,je,tuai,2,reviewed,repo-local legacy seed normalized into curated contract; QA recommended
FR,tuer,Indicatif,Passé Simple,tu,tuas,2,reviewed,repo-local legacy seed normalized into curated contract; QA recommended
FR,tuer,Indicatif,Passé Simple,"il (elle, on)",tua,2,reviewed,repo-local legacy seed normalized into curated contract; QA recommended
FR,tuer,Indicatif,Passé Simple,nous,tuâmes,2,reviewed,repo-local legacy seed normalized into curated contract; QA recommended
FR,tuer,Indicatif,Passé Simple,vous,tuâtes,2,reviewed,repo-local legacy seed normalized into curated contract; QA recommended
FR,tuer,Indicatif,Passé Simple,ils (elles),tuèrent,2,reviewed,repo-local legacy seed normalized into curated contract; QA recommended
FR,tuer,Subjonctif,Subjonctif imparfait,je,tuasse,2,reviewed,repo-local legacy seed normalized into curated contract; QA recommended
FR,tuer,Subjonctif,Subjonctif imparfait,tu,tuasses,2,reviewed,repo-local legacy seed normalized into curated contract; QA recommended
FR,tuer,Subjonctif,Subjonctif imparfait,"il (elle, on)",tuât,2,reviewed,repo-local legacy seed normalized into curated contract; QA recommended
FR,tuer,Subjonctif,Subjonctif imparfait,nous,tuassions,2,reviewed,repo-local legacy seed normalized into curated contract; QA recommended
FR,tuer,Subjonctif,Subjonctif imparfait,vous,tuassiez,2,reviewed,repo-local legacy seed normalized into curated contract; QA recommended
FR,tuer,Subjonctif,Subjonctif imparfait,ils (elles),tuassent,2,reviewed,repo-local legacy seed normalized into curated contract; QA recommended
FR,courir,Indicatif,Présent,je,cours,2,reviewed,irregular/compound paradigm patched manually; QA recommended
FR,courir,Indicatif,Présent,tu,cours,2,reviewed,irregular/compound paradigm patched manually; QA recommended
FR,courir,Indicatif,Présent,"il (elle, on)",court,2,reviewed,irregular/compound paradigm patched manually; QA recommended
FR,courir,Indicatif,Présent,nous,courons,2,reviewed,irregular/compound paradigm patched manually; QA recommended
FR,courir,Indicatif,Présent,vous,courez,2,reviewed,irregular/compound paradigm patched manually; QA recommended
FR,courir,Indicatif,Présent,ils (elles),courent,2,reviewed,irregular/compound paradigm patched manually; QA recommended
FR,courir,Indicatif,Futur,je,courrai,2,reviewed,irregular/compound paradigm patched manually; QA recommended
FR,courir,Indicatif,Futur,tu,courras,2,reviewed,irregular/compound paradigm patched manually; QA recommended
FR,courir,Indicatif,Futur,"il (elle, on)",courra,2,reviewed,irregular/compound paradigm patched manually; QA recommended
FR,courir,Indicatif,Futur,nous,courrons,2,reviewed,irregular/compound paradigm patched manually; QA recommended
FR,courir,Indicatif,Futur,vous,courrez,2,reviewed,irregular/compound paradigm patched manually; QA recommended
FR,courir,Indicatif,Futur,ils (elles),courront,2,reviewed,irregular/compound paradigm patched manually; QA recommended
FR,courir,Indicatif,Passé composé,je,ai couru,2,reviewed,irregular/compound paradigm patched manually; QA recommended
FR,courir,Indicatif,Passé composé,tu,as couru,2,reviewed,irregular/compound paradigm patched manually; QA recommended
FR,courir,Indicatif,Passé composé,"il (elle, on)",a couru,2,reviewed,irregular/compound paradigm patched manually; QA recommended
FR,courir,Indicatif,Passé composé,nous,avons couru,2,reviewed,irregular/compound paradigm patched manually; QA recommended
FR,courir,Indicatif,Passé composé,vous,avez couru,2,reviewed,irregular/compound paradigm patched manually; QA recommended
FR,courir,Indicatif,Passé composé,ils (elles),ont couru,2,reviewed,irregular/compound paradigm patched manually; QA recommended
FR,courir,Indicatif,Imparfait,je,courais,2,reviewed,irregular/compound paradigm patched manually; QA recommended
FR,courir,Indicatif,Imparfait,tu,courais,2,reviewed,irregular/compound paradigm patched manually; QA recommended
FR,courir,Indicatif,Imparfait,"il (elle, on)",courait,2,reviewed,irregular/compound paradigm patched manually; QA recommended
FR,courir,Indicatif,Imparfait,nous,courions,2,reviewed,irregular/compound paradigm patched manually; QA recommended
FR,courir,Indicatif,Imparfait,vous,couriez,2,reviewed,irregular/compound paradigm patched manually; QA recommended
FR,courir,Indicatif,Imparfait,ils (elles),couraient,2,reviewed,irregular/compound paradigm patched manually; QA recommended
FR,courir,Conditionnel,Conditionnel présent,je,courrais,2,reviewed,irregular/compound paradigm patched manually; QA recommended
FR,courir,Conditionnel,Conditionnel présent,tu,courrais,2,reviewed,irregular/compound paradigm patched manually; QA recommended
FR,courir,Conditionnel,Conditionnel présent,"il (elle, on)",courrait,2,reviewed,irregular/compound paradigm patched manually; QA recommended
FR,courir,Conditionnel,Conditionnel présent,nous,courrions,2,reviewed,irregular/compound paradigm patched manually; QA recommended
FR,courir,Conditionnel,Conditionnel présent,vous,courriez,2,reviewed,irregular/compound paradigm patched manually; QA recommended
FR,courir,Conditionnel,Conditionnel présent,ils (elles),courraient,2,reviewed,irregular/compound paradigm patched manually; QA recommended
FR,courir,Impératif,Impératif,je,-,2,reviewed,irregular/compound paradigm patched manually; QA recommended; French imperative only uses tu / nous / vous; placeholder - used for unsupported slot
FR,courir,Impératif,Impératif,tu,cours,2,reviewed,irregular/compound paradigm patched manually; QA recommended
FR,courir,Impératif,Impératif,"il (elle, on)",-,2,reviewed,irregular/compound paradigm patched manually; QA recommended; French imperative only uses tu / nous / vous; placeholder - used for unsupported slot
FR,courir,Impératif,Impératif,nous,courons,2,reviewed,irregular/compound paradigm patched manually; QA recommended
FR,courir,Impératif,Impératif,vous,courez,2,reviewed,irregular/compound paradigm patched manually; QA recommended
FR,courir,Impératif,Impératif,ils (elles),-,2,reviewed,irregular/compound paradigm patched manually; QA recommended; French imperative only uses tu / nous / vous; placeholder - used for unsupported slot
FR,courir,Subjonctif,Subjonctif présent,je,coure,2,reviewed,irregular/compound paradigm patched manually; QA recommended
FR,courir,Subjonctif,Subjonctif présent,tu,coures,2,reviewed,irregular/compound paradigm patched manually; QA recommended
FR,courir,Subjonctif,Subjonctif présent,"il (elle, on)",coure,2,reviewed,irregular/compound paradigm patched manually; QA recommended
FR,courir,Subjonctif,Subjonctif présent,nous,courions,2,reviewed,irregular/compound paradigm patched manually; QA recommended
FR,courir,Subjonctif,Subjonctif présent,vous,couriez,2,reviewed,irregular/compound paradigm patched manually; QA recommended
FR,courir,Subjonctif,Subjonctif présent,ils (elles),courent,2,reviewed,irregular/compound paradigm patched manually; QA recommended
FR,courir,Indicatif,Passé Simple,je,courus,2,reviewed,irregular/compound paradigm patched manually; QA recommended
FR,courir,Indicatif,Passé Simple,tu,courus,2,reviewed,irregular/compound paradigm patched manually; QA recommended
FR,courir,Indicatif,Passé Simple,"il (elle, on)",courut,2,reviewed,irregular/compound paradigm patched manually; QA recommended
FR,courir,Indicatif,Passé Simple,nous,courûmes,2,reviewed,irregular/compound paradigm patched manually; QA recommended
FR,courir,Indicatif,Passé Simple,vous,courûtes,2,reviewed,irregular/compound paradigm patched manually; QA recommended
FR,courir,Indicatif,Passé Simple,ils (elles),coururent,2,reviewed,irregular/compound paradigm patched manually; QA recommended
FR,courir,Subjonctif,Subjonctif imparfait,je,courusse,2,reviewed,irregular/compound paradigm patched manually; QA recommended
FR,courir,Subjonctif,Subjonctif imparfait,tu,courusses,2,reviewed,irregular/compound paradigm patched manually; QA recommended
FR,courir,Subjonctif,Subjonctif imparfait,"il (elle, on)",courût,2,reviewed,irregular/compound paradigm patched manually; QA recommended
FR,courir,Subjonctif,Subjonctif imparfait,nous,courussions,2,reviewed,irregular/compound paradigm patched manually; QA recommended
FR,courir,Subjonctif,Subjonctif imparfait,vous,courussiez,2,reviewed,irregular/compound paradigm patched manually; QA recommended
FR,courir,Subjonctif,Subjonctif imparfait,ils (elles),courussent,2,reviewed,irregular/compound paradigm patched manually; QA recommended
FR,rentrer,Indicatif,Présent,je,rentre,2,reviewed,irregular/compound paradigm patched manually; QA recommended
FR,rentrer,Indicatif,Présent,tu,rentres,2,reviewed,irregular/compound paradigm patched manually; QA recommended
FR,rentrer,Indicatif,Présent,"il (elle, on)",rentre,2,reviewed,irregular/compound paradigm patched manually; QA recommended
FR,rentrer,Indicatif,Présent,nous,rentrons,2,reviewed,irregular/compound paradigm patched manually; QA recommended
FR,rentrer,Indicatif,Présent,vous,rentrez,2,reviewed,irregular/compound paradigm patched manually; QA recommended
FR,rentrer,Indicatif,Présent,ils (elles),rentrent,2,reviewed,irregular/compound paradigm patched manually; QA recommended
FR,rentrer,Indicatif,Futur,je,rentrerai,2,reviewed,irregular/compound paradigm patched manually; QA recommended
FR,rentrer,Indicatif,Futur,tu,rentreras,2,reviewed,irregular/compound paradigm patched manually; QA recommended
FR,rentrer,Indicatif,Futur,"il (elle, on)",rentrera,2,reviewed,irregular/compound paradigm patched manually; QA recommended
FR,rentrer,Indicatif,Futur,nous,rentrerons,2,reviewed,irregular/compound paradigm patched manually; QA recommended
FR,rentrer,Indicatif,Futur,vous,rentrerez,2,reviewed,irregular/compound paradigm patched manually; QA recommended
FR,rentrer,Indicatif,Futur,ils (elles),rentreront,2,reviewed,irregular/compound paradigm patched manually; QA recommended
FR,rentrer,Indicatif,Passé composé,je,suis rentré(e),2,reviewed,irregular/compound paradigm patched manually; QA recommended
FR,rentrer,Indicatif,Passé composé,tu,es rentré(e),2,reviewed,irregular/compound paradigm patched manually; QA recommended
FR,rentrer,Indicatif,Passé composé,"il (elle, on)",est rentré(e),2,reviewed,irregular/compound paradigm patched manually; QA recommended
FR,rentrer,Indicatif,Passé composé,nous,sommes rentré(e)s,2,reviewed,irregular/compound paradigm patched manually; QA recommended
FR,rentrer,Indicatif,Passé composé,vous,êtes rentré(e)(s),2,reviewed,irregular/compound paradigm patched manually; QA recommended
FR,rentrer,Indicatif,Passé composé,ils (elles),sont rentré(e)s,2,reviewed,irregular/compound paradigm patched manually; QA recommended
FR,rentrer,Indicatif,Imparfait,je,rentrais,2,reviewed,irregular/compound paradigm patched manually; QA recommended
FR,rentrer,Indicatif,Imparfait,tu,rentrais,2,reviewed,irregular/compound paradigm patched manually; QA recommended
FR,rentrer,Indicatif,Imparfait,"il (elle, on)",rentrait,2,reviewed,irregular/compound paradigm patched manually; QA recommended
FR,rentrer,Indicatif,Imparfait,nous,rentrions,2,reviewed,irregular/compound paradigm patched manually; QA recommended
FR,rentrer,Indicatif,Imparfait,vous,rentriez,2,reviewed,irregular/compound paradigm patched manually; QA recommended
FR,rentrer,Indicatif,Imparfait,ils (elles),rentraient,2,reviewed,irregular/compound paradigm patched manually; QA recommended
FR,rentrer,Conditionnel,Conditionnel présent,je,rentrerais,2,reviewed,irregular/compound paradigm patched manually; QA recommended
FR,rentrer,Conditionnel,Conditionnel présent,tu,rentrerais,2,reviewed,irregular/compound paradigm patched manually; QA recommended
FR,rentrer,Conditionnel,Conditionnel présent,"il (elle, on)",rentrerait,2,reviewed,irregular/compound paradigm patched manually; QA recommended
FR,rentrer,Conditionnel,Conditionnel présent,nous,rentrerions,2,reviewed,irregular/compound paradigm patched manually; QA recommended
FR,rentrer,Conditionnel,Conditionnel présent,vous,rentreriez,2,reviewed,irregular/compound paradigm patched manually; QA recommended
FR,rentrer,Conditionnel,Conditionnel présent,ils (elles),rentreraient,2,reviewed,irregular/compound paradigm patched manually; QA recommended
FR,rentrer,Impératif,Impératif,je,-,2,reviewed,irregular/compound paradigm patched manually; QA recommended; French imperative only uses tu / nous / vous; placeholder - used for unsupported slot
FR,rentrer,Impératif,Impératif,tu,rentre,2,reviewed,irregular/compound paradigm patched manually; QA recommended
FR,rentrer,Impératif,Impératif,"il (elle, on)",-,2,reviewed,irregular/compound paradigm patched manually; QA recommended; French imperative only uses tu / nous / vous; placeholder - used for unsupported slot
FR,rentrer,Impératif,Impératif,nous,rentrons,2,reviewed,irregular/compound paradigm patched manually; QA recommended
FR,rentrer,Impératif,Impératif,vous,rentrez,2,reviewed,irregular/compound paradigm patched manually; QA recommended
FR,rentrer,Impératif,Impératif,ils (elles),-,2,reviewed,irregular/compound paradigm patched manually; QA recommended; French imperative only uses tu / nous / vous; placeholder - used for unsupported slot
FR,rentrer,Subjonctif,Subjonctif présent,je,rentre,2,reviewed,irregular/compound paradigm patched manually; QA recommended
FR,rentrer,Subjonctif,Subjonctif présent,tu,rentres,2,reviewed,irregular/compound paradigm patched manually; QA recommended
FR,rentrer,Subjonctif,Subjonctif présent,"il (elle, on)",rentre,2,reviewed,irregular/compound paradigm patched manually; QA recommended
FR,rentrer,Subjonctif,Subjonctif présent,nous,rentrions,2,reviewed,irregular/compound paradigm patched manually; QA recommended
FR,rentrer,Subjonctif,Subjonctif présent,vous,rentriez,2,reviewed,irregular/compound paradigm patched manually; QA recommended
FR,rentrer,Subjonctif,Subjonctif présent,ils (elles),rentrent,2,reviewed,irregular/compound paradigm patched manually; QA recommended
FR,rentrer,Indicatif,Passé Simple,je,rentrai,2,reviewed,irregular/compound paradigm patched manually; QA recommended
FR,rentrer,Indicatif,Passé Simple,tu,rentras,2,reviewed,irregular/compound paradigm patched manually; QA recommended
FR,rentrer,Indicatif,Passé Simple,"il (elle, on)",rentra,2,reviewed,irregular/compound paradigm patched manually; QA recommended
FR,rentrer,Indicatif,Passé Simple,nous,rentrâmes,2,reviewed,irregular/compound paradigm patched manually; QA recommended
FR,rentrer,Indicatif,Passé Simple,vous,rentrâtes,2,reviewed,irregular/compound paradigm patched manually; QA recommended
FR,rentrer,Indicatif,Passé Simple,ils (elles),rentrèrent,2,reviewed,irregular/compound paradigm patched manually; QA recommended
FR,rentrer,Subjonctif,Subjonctif imparfait,je,rentrasse,2,reviewed,irregular/compound paradigm patched manually; QA recommended
FR,rentrer,Subjonctif,Subjonctif imparfait,tu,rentrasses,2,reviewed,irregular/compound paradigm patched manually; QA recommended
FR,rentrer,Subjonctif,Subjonctif imparfait,"il (elle, on)",rentrât,2,reviewed,irregular/compound paradigm patched manually; QA recommended
FR,rentrer,Subjonctif,Subjonctif imparfait,nous,rentrassions,2,reviewed,irregular/compound paradigm patched manually; QA recommended
FR,rentrer,Subjonctif,Subjonctif imparfait,vous,rentrassiez,2,reviewed,irregular/compound paradigm patched manually; QA recommended
FR,rentrer,Subjonctif,Subjonctif imparfait,ils (elles),rentrassent,2,reviewed,irregular/compound paradigm patched manually; QA recommended
FR,réaliser,Indicatif,Présent,je,réalise,2,reviewed,repo-local legacy seed normalized into curated contract; QA recommended
FR,réaliser,Indicatif,Présent,tu,réalises,2,reviewed,repo-local legacy seed normalized into curated contract; QA recommended
FR,réaliser,Indicatif,Présent,"il (elle, on)",réalise,2,reviewed,repo-local legacy seed normalized into curated contract; QA recommended
FR,réaliser,Indicatif,Présent,nous,réalisons,2,reviewed,repo-local legacy seed normalized into curated contract; QA recommended
FR,réaliser,Indicatif,Présent,vous,réalisez,2,reviewed,repo-local legacy seed normalized into curated contract; QA recommended
FR,réaliser,Indicatif,Présent,ils (elles),réalisent,2,reviewed,repo-local legacy seed normalized into curated contract; QA recommended
FR,réaliser,Indicatif,Futur,je,réaliserai,2,reviewed,repo-local legacy seed normalized into curated contract; QA recommended
FR,réaliser,Indicatif,Futur,tu,réaliseras,2,reviewed,repo-local legacy seed normalized into curated contract; QA recommended
FR,réaliser,Indicatif,Futur,"il (elle, on)",réalisera,2,reviewed,repo-local legacy seed normalized into curated contract; QA recommended
FR,réaliser,Indicatif,Futur,nous,réaliserons,2,reviewed,repo-local legacy seed normalized into curated contract; QA recommended
FR,réaliser,Indicatif,Futur,vous,réaliserez,2,reviewed,repo-local legacy seed normalized into curated contract; QA recommended
FR,réaliser,Indicatif,Futur,ils (elles),réaliseront,2,reviewed,repo-local legacy seed normalized into curated contract; QA recommended
FR,réaliser,Indicatif,Passé composé,je,ai réalisé,2,reviewed,repo-local legacy seed normalized into curated contract; QA recommended
FR,réaliser,Indicatif,Passé composé,tu,as réalisé,2,reviewed,repo-local legacy seed normalized into curated contract; QA recommended
FR,réaliser,Indicatif,Passé composé,"il (elle, on)",a réalisé,2,reviewed,repo-local legacy seed normalized into curated contract; QA recommended
FR,réaliser,Indicatif,Passé composé,nous,avons réalisé,2,reviewed,repo-local legacy seed normalized into curated contract; QA recommended
FR,réaliser,Indicatif,Passé composé,vous,avez réalisé,2,reviewed,repo-local legacy seed normalized into curated contract; QA recommended
FR,réaliser,Indicatif,Passé composé,ils (elles),ont réalisé,2,reviewed,repo-local legacy seed normalized into curated contract; QA recommended
FR,réaliser,Indicatif,Imparfait,je,réalisais,2,reviewed,repo-local legacy seed normalized into curated contract; QA recommended
FR,réaliser,Indicatif,Imparfait,tu,réalisais,2,reviewed,repo-local legacy seed normalized into curated contract; QA recommended
FR,réaliser,Indicatif,Imparfait,"il (elle, on)",réalisait,2,reviewed,repo-local legacy seed normalized into curated contract; QA recommended
FR,réaliser,Indicatif,Imparfait,nous,réalisions,2,reviewed,repo-local legacy seed normalized into curated contract; QA recommended
FR,réaliser,Indicatif,Imparfait,vous,réalisiez,2,reviewed,repo-local legacy seed normalized into curated contract; QA recommended
FR,réaliser,Indicatif,Imparfait,ils (elles),réalisaient,2,reviewed,repo-local legacy seed normalized into curated contract; QA recommended
FR,réaliser,Conditionnel,Conditionnel présent,je,réaliserais,2,reviewed,repo-local legacy seed normalized into curated contract; QA recommended
FR,réaliser,Conditionnel,Conditionnel présent,tu,réaliserais,2,reviewed,repo-local legacy seed normalized into curated contract; QA recommended
FR,réaliser,Conditionnel,Conditionnel présent,"il (elle, on)",réaliserait,2,reviewed,repo-local legacy seed normalized into curated contract; QA recommended
FR,réaliser,Conditionnel,Conditionnel présent,nous,réaliserions,2,reviewed,repo-local legacy seed normalized into curated contract; QA recommended
FR,réaliser,Conditionnel,Conditionnel présent,vous,réaliseriez,2,reviewed,repo-local legacy seed normalized into curated contract; QA recommended
FR,réaliser,Conditionnel,Conditionnel présent,ils (elles),réaliseraient,2,reviewed,repo-local legacy seed normalized into curated contract; QA recommended
FR,réaliser,Impératif,Impératif,je,-,2,reviewed,repo-local legacy seed normalized into curated contract; QA recommended; French imperative only uses tu / nous / vous; placeholder - used for unsupported slot
FR,réaliser,Impératif,Impératif,tu,réalise,2,reviewed,repo-local legacy seed normalized into curated contract; QA recommended
FR,réaliser,Impératif,Impératif,"il (elle, on)",-,2,reviewed,repo-local legacy seed normalized into curated contract; QA recommended; French imperative only uses tu / nous / vous; placeholder - used for unsupported slot
FR,réaliser,Impératif,Impératif,nous,réalisons,2,reviewed,repo-local legacy seed normalized into curated contract; QA recommended
FR,réaliser,Impératif,Impératif,vous,réalisez,2,reviewed,repo-local legacy seed normalized into curated contract; QA recommended
FR,réaliser,Impératif,Impératif,ils (elles),-,2,reviewed,repo-local legacy seed normalized into curated contract; QA recommended; French imperative only uses tu / nous / vous; placeholder - used for unsupported slot
FR,réaliser,Subjonctif,Subjonctif présent,je,réalise,2,reviewed,repo-local legacy seed normalized into curated contract; QA recommended
FR,réaliser,Subjonctif,Subjonctif présent,tu,réalises,2,reviewed,repo-local legacy seed normalized into curated contract; QA recommended
FR,réaliser,Subjonctif,Subjonctif présent,"il (elle, on)",réalise,2,reviewed,repo-local legacy seed normalized into curated contract; QA recommended
FR,réaliser,Subjonctif,Subjonctif présent,nous,réalisions,2,reviewed,repo-local legacy seed normalized into curated contract; QA recommended
FR,réaliser,Subjonctif,Subjonctif présent,vous,réalisiez,2,reviewed,repo-local legacy seed normalized into curated contract; QA recommended
FR,réaliser,Subjonctif,Subjonctif présent,ils (elles),réalisent,2,reviewed,repo-local legacy seed normalized into curated contract; QA recommended
FR,réaliser,Indicatif,Passé Simple,je,réalisai,2,reviewed,repo-local legacy seed normalized into curated contract; QA recommended
FR,réaliser,Indicatif,Passé Simple,tu,réalisas,2,reviewed,repo-local legacy seed normalized into curated contract; QA recommended
FR,réaliser,Indicatif,Passé Simple,"il (elle, on)",réalisa,2,reviewed,repo-local legacy seed normalized into curated contract; QA recommended
FR,réaliser,Indicatif,Passé Simple,nous,réalisâmes,2,reviewed,repo-local legacy seed normalized into curated contract; QA recommended
FR,réaliser,Indicatif,Passé Simple,vous,réalisâtes,2,reviewed,repo-local legacy seed normalized into curated contract; QA recommended
FR,réaliser,Indicatif,Passé Simple,ils (elles),réalisèrent,2,reviewed,repo-local legacy seed normalized into curated contract; QA recommended
FR,réaliser,Subjonctif,Subjonctif imparfait,je,réalisasse,2,reviewed,repo-local legacy seed normalized into curated contract; QA recommended
FR,réaliser,Subjonctif,Subjonctif imparfait,tu,réalisasses,2,reviewed,repo-local legacy seed normalized into curated contract; QA recommended
FR,réaliser,Subjonctif,Subjonctif imparfait,"il (elle, on)",réalisât,2,reviewed,repo-local legacy seed normalized into curated contract; QA recommended
FR,réaliser,Subjonctif,Subjonctif imparfait,nous,réalisassions,2,reviewed,repo-local legacy seed normalized into curated contract; QA recommended
FR,réaliser,Subjonctif,Subjonctif imparfait,vous,réalisassiez,2,reviewed,repo-local legacy seed normalized into curated contract; QA recommended
FR,réaliser,Subjonctif,Subjonctif imparfait,ils (elles),réalisassent,2,reviewed,repo-local legacy seed normalized into curated contract; QA recommended
FR,toucher,Indicatif,Présent,je,touche,2,reviewed,repo-local legacy seed normalized into curated contract; QA recommended
FR,toucher,Indicatif,Présent,tu,touches,2,reviewed,repo-local legacy seed normalized into curated contract; QA recommended
FR,toucher,Indicatif,Présent,"il (elle, on)",touche,2,reviewed,repo-local legacy seed normalized into curated contract; QA recommended
FR,toucher,Indicatif,Présent,nous,touchons,2,reviewed,repo-local legacy seed normalized into curated contract; QA recommended
FR,toucher,Indicatif,Présent,vous,touchez,2,reviewed,repo-local legacy seed normalized into curated contract; QA recommended
FR,toucher,Indicatif,Présent,ils (elles),touchent,2,reviewed,repo-local legacy seed normalized into curated contract; QA recommended
FR,toucher,Indicatif,Futur,je,toucherai,2,reviewed,repo-local legacy seed normalized into curated contract; QA recommended
FR,toucher,Indicatif,Futur,tu,toucheras,2,reviewed,repo-local legacy seed normalized into curated contract; QA recommended
FR,toucher,Indicatif,Futur,"il (elle, on)",touchera,2,reviewed,repo-local legacy seed normalized into curated contract; QA recommended
FR,toucher,Indicatif,Futur,nous,toucherons,2,reviewed,repo-local legacy seed normalized into curated contract; QA recommended
FR,toucher,Indicatif,Futur,vous,toucherez,2,reviewed,repo-local legacy seed normalized into curated contract; QA recommended
FR,toucher,Indicatif,Futur,ils (elles),toucheront,2,reviewed,repo-local legacy seed normalized into curated contract; QA recommended
FR,toucher,Indicatif,Passé composé,je,ai touché,2,reviewed,repo-local legacy seed normalized into curated contract; QA recommended
FR,toucher,Indicatif,Passé composé,tu,as touché,2,reviewed,repo-local legacy seed normalized into curated contract; QA recommended
FR,toucher,Indicatif,Passé composé,"il (elle, on)",a touché,2,reviewed,repo-local legacy seed normalized into curated contract; QA recommended
FR,toucher,Indicatif,Passé composé,nous,avons touché,2,reviewed,repo-local legacy seed normalized into curated contract; QA recommended
FR,toucher,Indicatif,Passé composé,vous,avez touché,2,reviewed,repo-local legacy seed normalized into curated contract; QA recommended
FR,toucher,Indicatif,Passé composé,ils (elles),ont touché,2,reviewed,repo-local legacy seed normalized into curated contract; QA recommended
FR,toucher,Indicatif,Imparfait,je,touchais,2,reviewed,repo-local legacy seed normalized into curated contract; QA recommended
FR,toucher,Indicatif,Imparfait,tu,touchais,2,reviewed,repo-local legacy seed normalized into curated contract; QA recommended
FR,toucher,Indicatif,Imparfait,"il (elle, on)",touchait,2,reviewed,repo-local legacy seed normalized into curated contract; QA recommended
FR,toucher,Indicatif,Imparfait,nous,touchions,2,reviewed,repo-local legacy seed normalized into curated contract; QA recommended
FR,toucher,Indicatif,Imparfait,vous,touchiez,2,reviewed,repo-local legacy seed normalized into curated contract; QA recommended
FR,toucher,Indicatif,Imparfait,ils (elles),touchaient,2,reviewed,repo-local legacy seed normalized into curated contract; QA recommended
FR,toucher,Conditionnel,Conditionnel présent,je,toucherais,2,reviewed,repo-local legacy seed normalized into curated contract; QA recommended
FR,toucher,Conditionnel,Conditionnel présent,tu,toucherais,2,reviewed,repo-local legacy seed normalized into curated contract; QA recommended
FR,toucher,Conditionnel,Conditionnel présent,"il (elle, on)",toucherait,2,reviewed,repo-local legacy seed normalized into curated contract; QA recommended
FR,toucher,Conditionnel,Conditionnel présent,nous,toucherions,2,reviewed,repo-local legacy seed normalized into curated contract; QA recommended
FR,toucher,Conditionnel,Conditionnel présent,vous,toucheriez,2,reviewed,repo-local legacy seed normalized into curated contract; QA recommended
FR,toucher,Conditionnel,Conditionnel présent,ils (elles),toucheraient,2,reviewed,repo-local legacy seed normalized into curated contract; QA recommended
FR,toucher,Impératif,Impératif,je,-,2,reviewed,repo-local legacy seed normalized into curated contract; QA recommended; French imperative only uses tu / nous / vous; placeholder - used for unsupported slot
FR,toucher,Impératif,Impératif,tu,touche,2,reviewed,repo-local legacy seed normalized into curated contract; QA recommended
FR,toucher,Impératif,Impératif,"il (elle, on)",-,2,reviewed,repo-local legacy seed normalized into curated contract; QA recommended; French imperative only uses tu / nous / vous; placeholder - used for unsupported slot
FR,toucher,Impératif,Impératif,nous,touchons,2,reviewed,repo-local legacy seed normalized into curated contract; QA recommended
FR,toucher,Impératif,Impératif,vous,touchez,2,reviewed,repo-local legacy seed normalized into curated contract; QA recommended
FR,toucher,Impératif,Impératif,ils (elles),-,2,reviewed,repo-local legacy seed normalized into curated contract; QA recommended; French imperative only uses tu / nous / vous; placeholder - used for unsupported slot
FR,toucher,Subjonctif,Subjonctif présent,je,touche,2,reviewed,repo-local legacy seed normalized into curated contract; QA recommended
FR,toucher,Subjonctif,Subjonctif présent,tu,touches,2,reviewed,repo-local legacy seed normalized into curated contract; QA recommended
FR,toucher,Subjonctif,Subjonctif présent,"il (elle, on)",touche,2,reviewed,repo-local legacy seed normalized into curated contract; QA recommended
FR,toucher,Subjonctif,Subjonctif présent,nous,touchions,2,reviewed,repo-local legacy seed normalized into curated contract; QA recommended
FR,toucher,Subjonctif,Subjonctif présent,vous,touchiez,2,reviewed,repo-local legacy seed normalized into curated contract; QA recommended
FR,toucher,Subjonctif,Subjonctif présent,ils (elles),touchent,2,reviewed,repo-local legacy seed normalized into curated contract; QA recommended
FR,toucher,Indicatif,Passé Simple,je,touchai,2,reviewed,repo-local legacy seed normalized into curated contract; QA recommended
FR,toucher,Indicatif,Passé Simple,tu,touchas,2,reviewed,repo-local legacy seed normalized into curated contract; QA recommended
FR,toucher,Indicatif,Passé Simple,"il (elle, on)",toucha,2,reviewed,repo-local legacy seed normalized into curated contract; QA recommended
FR,toucher,Indicatif,Passé Simple,nous,touchâmes,2,reviewed,repo-local legacy seed normalized into curated contract; QA recommended
FR,toucher,Indicatif,Passé Simple,vous,touchâtes,2,reviewed,repo-local legacy seed normalized into curated contract; QA recommended
FR,toucher,Indicatif,Passé Simple,ils (elles),touchèrent,2,reviewed,repo-local legacy seed normalized into curated contract; QA recommended
FR,toucher,Subjonctif,Subjonctif imparfait,je,touchasse,2,reviewed,repo-local legacy seed normalized into curated contract; QA recommended
FR,toucher,Subjonctif,Subjonctif imparfait,tu,touchasses,2,reviewed,repo-local legacy seed normalized into curated contract; QA recommended
FR,toucher,Subjonctif,Subjonctif imparfait,"il (elle, on)",touchât,2,reviewed,repo-local legacy seed normalized into curated contract; QA recommended
FR,toucher,Subjonctif,Subjonctif imparfait,nous,touchassions,2,reviewed,repo-local legacy seed normalized into curated contract; QA recommended
FR,toucher,Subjonctif,Subjonctif imparfait,vous,touchassiez,2,reviewed,repo-local legacy seed normalized into curated contract; QA recommended
FR,toucher,Subjonctif,Subjonctif imparfait,ils (elles),touchassent,2,reviewed,repo-local legacy seed normalized into curated contract; QA recommended
FR,finir,Indicatif,Présent,je,finis,2,reviewed,irregular/compound paradigm patched manually; QA recommended
FR,finir,Indicatif,Présent,tu,finis,2,reviewed,irregular/compound paradigm patched manually; QA recommended
FR,finir,Indicatif,Présent,"il (elle, on)",finit,2,reviewed,irregular/compound paradigm patched manually; QA recommended
FR,finir,Indicatif,Présent,nous,finissons,2,reviewed,irregular/compound paradigm patched manually; QA recommended
FR,finir,Indicatif,Présent,vous,finissez,2,reviewed,irregular/compound paradigm patched manually; QA recommended
FR,finir,Indicatif,Présent,ils (elles),finissent,2,reviewed,irregular/compound paradigm patched manually; QA recommended
FR,finir,Indicatif,Futur,je,finirai,2,reviewed,irregular/compound paradigm patched manually; QA recommended
FR,finir,Indicatif,Futur,tu,finiras,2,reviewed,irregular/compound paradigm patched manually; QA recommended
FR,finir,Indicatif,Futur,"il (elle, on)",finira,2,reviewed,irregular/compound paradigm patched manually; QA recommended
FR,finir,Indicatif,Futur,nous,finirons,2,reviewed,irregular/compound paradigm patched manually; QA recommended
FR,finir,Indicatif,Futur,vous,finirez,2,reviewed,irregular/compound paradigm patched manually; QA recommended
FR,finir,Indicatif,Futur,ils (elles),finiront,2,reviewed,irregular/compound paradigm patched manually; QA recommended
FR,finir,Indicatif,Passé composé,je,ai fini,2,reviewed,irregular/compound paradigm patched manually; QA recommended
FR,finir,Indicatif,Passé composé,tu,as fini,2,reviewed,irregular/compound paradigm patched manually; QA recommended
FR,finir,Indicatif,Passé composé,"il (elle, on)",a fini,2,reviewed,irregular/compound paradigm patched manually; QA recommended
FR,finir,Indicatif,Passé composé,nous,avons fini,2,reviewed,irregular/compound paradigm patched manually; QA recommended
FR,finir,Indicatif,Passé composé,vous,avez fini,2,reviewed,irregular/compound paradigm patched manually; QA recommended
FR,finir,Indicatif,Passé composé,ils (elles),ont fini,2,reviewed,irregular/compound paradigm patched manually; QA recommended
FR,finir,Indicatif,Imparfait,je,finissais,2,reviewed,irregular/compound paradigm patched manually; QA recommended
FR,finir,Indicatif,Imparfait,tu,finissais,2,reviewed,irregular/compound paradigm patched manually; QA recommended
FR,finir,Indicatif,Imparfait,"il (elle, on)",finissait,2,reviewed,irregular/compound paradigm patched manually; QA recommended
FR,finir,Indicatif,Imparfait,nous,finissions,2,reviewed,irregular/compound paradigm patched manually; QA recommended
FR,finir,Indicatif,Imparfait,vous,finissiez,2,reviewed,irregular/compound paradigm patched manually; QA recommended
FR,finir,Indicatif,Imparfait,ils (elles),finissaient,2,reviewed,irregular/compound paradigm patched manually; QA recommended
FR,finir,Conditionnel,Conditionnel présent,je,finirais,2,reviewed,irregular/compound paradigm patched manually; QA recommended
FR,finir,Conditionnel,Conditionnel présent,tu,finirais,2,reviewed,irregular/compound paradigm patched manually; QA recommended
FR,finir,Conditionnel,Conditionnel présent,"il (elle, on)",finirait,2,reviewed,irregular/compound paradigm patched manually; QA recommended
FR,finir,Conditionnel,Conditionnel présent,nous,finirions,2,reviewed,irregular/compound paradigm patched manually; QA recommended
FR,finir,Conditionnel,Conditionnel présent,vous,finiriez,2,reviewed,irregular/compound paradigm patched manually; QA recommended
FR,finir,Conditionnel,Conditionnel présent,ils (elles),finiraient,2,reviewed,irregular/compound paradigm patched manually; QA recommended
FR,finir,Impératif,Impératif,je,-,2,reviewed,irregular/compound paradigm patched manually; QA recommended; French imperative only uses tu / nous / vous; placeholder - used for unsupported slot
FR,finir,Impératif,Impératif,tu,finis,2,reviewed,irregular/compound paradigm patched manually; QA recommended
FR,finir,Impératif,Impératif,"il (elle, on)",-,2,reviewed,irregular/compound paradigm patched manually; QA recommended; French imperative only uses tu / nous / vous; placeholder - used for unsupported slot
FR,finir,Impératif,Impératif,nous,finissons,2,reviewed,irregular/compound paradigm patched manually; QA recommended
FR,finir,Impératif,Impératif,vous,finissez,2,reviewed,irregular/compound paradigm patched manually; QA recommended
FR,finir,Impératif,Impératif,ils (elles),-,2,reviewed,irregular/compound paradigm patched manually; QA recommended; French imperative only uses tu / nous / vous; placeholder - used for unsupported slot
FR,finir,Subjonctif,Subjonctif présent,je,finisse,2,reviewed,irregular/compound paradigm patched manually; QA recommended
FR,finir,Subjonctif,Subjonctif présent,tu,finisses,2,reviewed,irregular/compound paradigm patched manually; QA recommended
FR,finir,Subjonctif,Subjonctif présent,"il (elle, on)",finisse,2,reviewed,irregular/compound paradigm patched manually; QA recommended
FR,finir,Subjonctif,Subjonctif présent,nous,finissions,2,reviewed,irregular/compound paradigm patched manually; QA recommended
FR,finir,Subjonctif,Subjonctif présent,vous,finissiez,2,reviewed,irregular/compound paradigm patched manually; QA recommended
FR,finir,Subjonctif,Subjonctif présent,ils (elles),finissent,2,reviewed,irregular/compound paradigm patched manually; QA recommended
FR,finir,Indicatif,Passé Simple,je,finis,2,reviewed,irregular/compound paradigm patched manually; QA recommended
FR,finir,Indicatif,Passé Simple,tu,finis,2,reviewed,irregular/compound paradigm patched manually; QA recommended
FR,finir,Indicatif,Passé Simple,"il (elle, on)",finit,2,reviewed,irregular/compound paradigm patched manually; QA recommended
FR,finir,Indicatif,Passé Simple,nous,finîmes,2,reviewed,irregular/compound paradigm patched manually; QA recommended
FR,finir,Indicatif,Passé Simple,vous,finîtes,2,reviewed,irregular/compound paradigm patched manually; QA recommended
FR,finir,Indicatif,Passé Simple,ils (elles),finirent,2,reviewed,irregular/compound paradigm patched manually; QA recommended
FR,finir,Subjonctif,Subjonctif imparfait,je,finisse,2,reviewed,irregular/compound paradigm patched manually; QA recommended
FR,finir,Subjonctif,Subjonctif imparfait,tu,finisses,2,reviewed,irregular/compound paradigm patched manually; QA recommended
FR,finir,Subjonctif,Subjonctif imparfait,"il (elle, on)",finît,2,reviewed,irregular/compound paradigm patched manually; QA recommended
FR,finir,Subjonctif,Subjonctif imparfait,nous,finissions,2,reviewed,irregular/compound paradigm patched manually; QA recommended
FR,finir,Subjonctif,Subjonctif imparfait,vous,finissiez,2,reviewed,irregular/compound paradigm patched manually; QA recommended
FR,finir,Subjonctif,Subjonctif imparfait,ils (elles),finissent,2,reviewed,irregular/compound paradigm patched manually; QA recommended
ES,explicar,Indicativo,Presente,yo,explico,2,reviewed,
ES,explicar,Indicativo,Presente,tú,explicas,2,reviewed,
ES,explicar,Indicativo,Presente,él,explica,2,reviewed,
ES,explicar,Indicativo,Presente,nosotros,explicamos,2,reviewed,
ES,explicar,Indicativo,Presente,vosotros,explicáis,2,reviewed,
ES,explicar,Indicativo,Presente,ellos,explican,2,reviewed,
ES,explicar,Indicativo,Futuro,yo,explicaré,2,reviewed,
ES,explicar,Indicativo,Futuro,tú,explicarás,2,reviewed,
ES,explicar,Indicativo,Futuro,él,explicará,2,reviewed,
ES,explicar,Indicativo,Futuro,nosotros,explicaremos,2,reviewed,
ES,explicar,Indicativo,Futuro,vosotros,explicaréis,2,reviewed,
ES,explicar,Indicativo,Futuro,ellos,explicarán,2,reviewed,
ES,explicar,Indicativo,Pretérito perfecto compuesto,yo,he explicado,2,reviewed,
ES,explicar,Indicativo,Pretérito perfecto compuesto,tú,has explicado,2,reviewed,
ES,explicar,Indicativo,Pretérito perfecto compuesto,él,ha explicado,2,reviewed,
ES,explicar,Indicativo,Pretérito perfecto compuesto,nosotros,hemos explicado,2,reviewed,
ES,explicar,Indicativo,Pretérito perfecto compuesto,vosotros,habéis explicado,2,reviewed,
ES,explicar,Indicativo,Pretérito perfecto compuesto,ellos,han explicado,2,reviewed,
ES,explicar,Indicativo,Pretérito imperfecto,yo,explicaba,2,reviewed,
ES,explicar,Indicativo,Pretérito imperfecto,tú,explicabas,2,reviewed,
ES,explicar,Indicativo,Pretérito imperfecto,él,explicaba,2,reviewed,
ES,explicar,Indicativo,Pretérito imperfecto,nosotros,explicábamos,2,reviewed,
ES,explicar,Indicativo,Pretérito imperfecto,vosotros,explicabais,2,reviewed,
ES,explicar,Indicativo,Pretérito imperfecto,ellos,explicaban,2,reviewed,
ES,explicar,Condicional,Condicional,yo,explicaría,2,reviewed,
ES,explicar,Condicional,Condicional,tú,explicarías,2,reviewed,
ES,explicar,Condicional,Condicional,él,explicaría,2,reviewed,
ES,explicar,Condicional,Condicional,nosotros,explicaríamos,2,reviewed,
ES,explicar,Condicional,Condicional,vosotros,explicaríais,2,reviewed,
ES,explicar,Condicional,Condicional,ellos,explicarían,2,reviewed,
ES,explicar,Imperativo,Imperativo,yo,-,2,reviewed,yo imperative placeholder -; no standard form
ES,explicar,Imperativo,Imperativo,tú,explica,2,reviewed,
ES,explicar,Imperativo,Imperativo,él,explique,2,reviewed,
ES,explicar,Imperativo,Imperativo,nosotros,expliquemos,2,reviewed,
ES,explicar,Imperativo,Imperativo,vosotros,explicad,2,reviewed,
ES,explicar,Imperativo,Imperativo,ellos,expliquen,2,reviewed,
ES,explicar,Indicativo,Futuro perfecto,yo,habré explicado,2,reviewed,
ES,explicar,Indicativo,Futuro perfecto,tú,habrás explicado,2,reviewed,
ES,explicar,Indicativo,Futuro perfecto,él,habrá explicado,2,reviewed,
ES,explicar,Indicativo,Futuro perfecto,nosotros,habremos explicado,2,reviewed,
ES,explicar,Indicativo,Futuro perfecto,vosotros,habréis explicado,2,reviewed,
ES,explicar,Indicativo,Futuro perfecto,ellos,habrán explicado,2,reviewed,
ES,explicar,Subjuntivo,Subjuntivo presente,yo,explique,2,reviewed,
ES,explicar,Subjuntivo,Subjuntivo presente,tú,expliques,2,reviewed,
ES,explicar,Subjuntivo,Subjuntivo presente,él,explique,2,reviewed,
ES,explicar,Subjuntivo,Subjuntivo presente,nosotros,expliquemos,2,reviewed,
ES,explicar,Subjuntivo,Subjuntivo presente,vosotros,expliquéis,2,reviewed,
ES,explicar,Subjuntivo,Subjuntivo presente,ellos,expliquen,2,reviewed,
ES,explicar,Indicativo,Pretérito perfecto simple,yo,expliqué,2,reviewed,
ES,explicar,Indicativo,Pretérito perfecto simple,tú,explicaste,2,reviewed,
ES,explicar,Indicativo,Pretérito perfecto simple,él,explicó,2,reviewed,
ES,explicar,Indicativo,Pretérito perfecto simple,nosotros,explicamos,2,reviewed,
ES,explicar,Indicativo,Pretérito perfecto simple,vosotros,explicasteis,2,reviewed,
ES,explicar,Indicativo,Pretérito perfecto simple,ellos,explicaron,2,reviewed,
ES,explicar,Indicativo,Pretérito pluscuamperfecto,yo,había explicado,2,reviewed,
ES,explicar,Indicativo,Pretérito pluscuamperfecto,tú,habías explicado,2,reviewed,
ES,explicar,Indicativo,Pretérito pluscuamperfecto,él,había explicado,2,reviewed,
ES,explicar,Indicativo,Pretérito pluscuamperfecto,nosotros,habíamos explicado,2,reviewed,
ES,explicar,Indicativo,Pretérito pluscuamperfecto,vosotros,habíais explicado,2,reviewed,
ES,explicar,Indicativo,Pretérito pluscuamperfecto,ellos,habían explicado,2,reviewed,
ES,asegurar,Indicativo,Presente,yo,aseguro,2,reviewed,
ES,asegurar,Indicativo,Presente,tú,aseguras,2,reviewed,
ES,asegurar,Indicativo,Presente,él,asegura,2,reviewed,
ES,asegurar,Indicativo,Presente,nosotros,aseguramos,2,reviewed,
ES,asegurar,Indicativo,Presente,vosotros,aseguráis,2,reviewed,
ES,asegurar,Indicativo,Presente,ellos,aseguran,2,reviewed,
ES,asegurar,Indicativo,Futuro,yo,aseguraré,2,reviewed,
ES,asegurar,Indicativo,Futuro,tú,asegurarás,2,reviewed,
ES,asegurar,Indicativo,Futuro,él,asegurará,2,reviewed,
ES,asegurar,Indicativo,Futuro,nosotros,aseguraremos,2,reviewed,
ES,asegurar,Indicativo,Futuro,vosotros,aseguraréis,2,reviewed,
ES,asegurar,Indicativo,Futuro,ellos,asegurarán,2,reviewed,
ES,asegurar,Indicativo,Pretérito perfecto compuesto,yo,he asegurado,2,reviewed,
ES,asegurar,Indicativo,Pretérito perfecto compuesto,tú,has asegurado,2,reviewed,
ES,asegurar,Indicativo,Pretérito perfecto compuesto,él,ha asegurado,2,reviewed,
ES,asegurar,Indicativo,Pretérito perfecto compuesto,nosotros,hemos asegurado,2,reviewed,
ES,asegurar,Indicativo,Pretérito perfecto compuesto,vosotros,habéis asegurado,2,reviewed,
ES,asegurar,Indicativo,Pretérito perfecto compuesto,ellos,han asegurado,2,reviewed,
ES,asegurar,Indicativo,Pretérito imperfecto,yo,aseguraba,2,reviewed,
ES,asegurar,Indicativo,Pretérito imperfecto,tú,asegurabas,2,reviewed,
ES,asegurar,Indicativo,Pretérito imperfecto,él,aseguraba,2,reviewed,
ES,asegurar,Indicativo,Pretérito imperfecto,nosotros,asegurábamos,2,reviewed,
ES,asegurar,Indicativo,Pretérito imperfecto,vosotros,asegurabais,2,reviewed,
ES,asegurar,Indicativo,Pretérito imperfecto,ellos,aseguraban,2,reviewed,
ES,asegurar,Condicional,Condicional,yo,aseguraría,2,reviewed,
ES,asegurar,Condicional,Condicional,tú,asegurarías,2,reviewed,
ES,asegurar,Condicional,Condicional,él,aseguraría,2,reviewed,
ES,asegurar,Condicional,Condicional,nosotros,aseguraríamos,2,reviewed,
ES,asegurar,Condicional,Condicional,vosotros,aseguraríais,2,reviewed,
ES,asegurar,Condicional,Condicional,ellos,asegurarían,2,reviewed,
ES,asegurar,Imperativo,Imperativo,yo,-,2,reviewed,yo imperative placeholder -; no standard form
ES,asegurar,Imperativo,Imperativo,tú,asegura,2,reviewed,
ES,asegurar,Imperativo,Imperativo,él,asegure,2,reviewed,
ES,asegurar,Imperativo,Imperativo,nosotros,aseguremos,2,reviewed,
ES,asegurar,Imperativo,Imperativo,vosotros,asegurad,2,reviewed,
ES,asegurar,Imperativo,Imperativo,ellos,aseguren,2,reviewed,
ES,asegurar,Indicativo,Futuro perfecto,yo,habré asegurado,2,reviewed,
ES,asegurar,Indicativo,Futuro perfecto,tú,habrás asegurado,2,reviewed,
ES,asegurar,Indicativo,Futuro perfecto,él,habrá asegurado,2,reviewed,
ES,asegurar,Indicativo,Futuro perfecto,nosotros,habremos asegurado,2,reviewed,
ES,asegurar,Indicativo,Futuro perfecto,vosotros,habréis asegurado,2,reviewed,
ES,asegurar,Indicativo,Futuro perfecto,ellos,habrán asegurado,2,reviewed,
ES,asegurar,Subjuntivo,Subjuntivo presente,yo,asegure,2,reviewed,
ES,asegurar,Subjuntivo,Subjuntivo presente,tú,asegures,2,reviewed,
ES,asegurar,Subjuntivo,Subjuntivo presente,él,asegure,2,reviewed,
ES,asegurar,Subjuntivo,Subjuntivo presente,nosotros,aseguremos,2,reviewed,
ES,asegurar,Subjuntivo,Subjuntivo presente,vosotros,aseguréis,2,reviewed,
ES,asegurar,Subjuntivo,Subjuntivo presente,ellos,aseguren,2,reviewed,
ES,asegurar,Indicativo,Pretérito perfecto simple,yo,aseguré,2,reviewed,
ES,asegurar,Indicativo,Pretérito perfecto simple,tú,aseguraste,2,reviewed,
ES,asegurar,Indicativo,Pretérito perfecto simple,él,aseguró,2,reviewed,
ES,asegurar,Indicativo,Pretérito perfecto simple,nosotros,aseguramos,2,reviewed,
ES,asegurar,Indicativo,Pretérito perfecto simple,vosotros,asegurasteis,2,reviewed,
ES,asegurar,Indicativo,Pretérito perfecto simple,ellos,aseguraron,2,reviewed,
ES,asegurar,Indicativo,Pretérito pluscuamperfecto,yo,había asegurado,2,reviewed,
ES,asegurar,Indicativo,Pretérito pluscuamperfecto,tú,habías asegurado,2,reviewed,
ES,asegurar,Indicativo,Pretérito pluscuamperfecto,él,había asegurado,2,reviewed,
ES,asegurar,Indicativo,Pretérito pluscuamperfecto,nosotros,habíamos asegurado,2,reviewed,
ES,asegurar,Indicativo,Pretérito pluscuamperfecto,vosotros,habíais asegurado,2,reviewed,
ES,asegurar,Indicativo,Pretérito pluscuamperfecto,ellos,habían asegurado,2,reviewed,
ES,servir,Indicativo,Presente,yo,sirvo,2,reviewed,
ES,servir,Indicativo,Presente,tú,sirves,2,reviewed,
ES,servir,Indicativo,Presente,él,sirve,2,reviewed,
ES,servir,Indicativo,Presente,nosotros,servimos,2,reviewed,
ES,servir,Indicativo,Presente,vosotros,servís,2,reviewed,
ES,servir,Indicativo,Presente,ellos,sirven,2,reviewed,
ES,servir,Indicativo,Futuro,yo,serviré,2,reviewed,
ES,servir,Indicativo,Futuro,tú,servirás,2,reviewed,
ES,servir,Indicativo,Futuro,él,servirá,2,reviewed,
ES,servir,Indicativo,Futuro,nosotros,serviremos,2,reviewed,
ES,servir,Indicativo,Futuro,vosotros,serviréis,2,reviewed,
ES,servir,Indicativo,Futuro,ellos,servirán,2,reviewed,
ES,servir,Indicativo,Pretérito perfecto compuesto,yo,he servido,2,reviewed,
ES,servir,Indicativo,Pretérito perfecto compuesto,tú,has servido,2,reviewed,
ES,servir,Indicativo,Pretérito perfecto compuesto,él,ha servido,2,reviewed,
ES,servir,Indicativo,Pretérito perfecto compuesto,nosotros,hemos servido,2,reviewed,
ES,servir,Indicativo,Pretérito perfecto compuesto,vosotros,habéis servido,2,reviewed,
ES,servir,Indicativo,Pretérito perfecto compuesto,ellos,han servido,2,reviewed,
ES,servir,Indicativo,Pretérito imperfecto,yo,servía,2,reviewed,
ES,servir,Indicativo,Pretérito imperfecto,tú,servías,2,reviewed,
ES,servir,Indicativo,Pretérito imperfecto,él,servía,2,reviewed,
ES,servir,Indicativo,Pretérito imperfecto,nosotros,servíamos,2,reviewed,
ES,servir,Indicativo,Pretérito imperfecto,vosotros,servíais,2,reviewed,
ES,servir,Indicativo,Pretérito imperfecto,ellos,servían,2,reviewed,
ES,servir,Condicional,Condicional,yo,serviría,2,reviewed,
ES,servir,Condicional,Condicional,tú,servirías,2,reviewed,
ES,servir,Condicional,Condicional,él,serviría,2,reviewed,
ES,servir,Condicional,Condicional,nosotros,serviríamos,2,reviewed,
ES,servir,Condicional,Condicional,vosotros,serviríais,2,reviewed,
ES,servir,Condicional,Condicional,ellos,servirían,2,reviewed,
ES,servir,Imperativo,Imperativo,yo,-,2,reviewed,yo imperative placeholder -; no standard form
ES,servir,Imperativo,Imperativo,tú,sirve,2,reviewed,
ES,servir,Imperativo,Imperativo,él,sirva,2,reviewed,
ES,servir,Imperativo,Imperativo,nosotros,sirvamos,2,reviewed,
ES,servir,Imperativo,Imperativo,vosotros,servid,2,reviewed,
ES,servir,Imperativo,Imperativo,ellos,sirvan,2,reviewed,
ES,servir,Indicativo,Futuro perfecto,yo,habré servido,2,reviewed,
ES,servir,Indicativo,Futuro perfecto,tú,habrás servido,2,reviewed,
ES,servir,Indicativo,Futuro perfecto,él,habrá servido,2,reviewed,
ES,servir,Indicativo,Futuro perfecto,nosotros,habremos servido,2,reviewed,
ES,servir,Indicativo,Futuro perfecto,vosotros,habréis servido,2,reviewed,
ES,servir,Indicativo,Futuro perfecto,ellos,habrán servido,2,reviewed,
ES,servir,Subjuntivo,Subjuntivo presente,yo,sirva,2,reviewed,
ES,servir,Subjuntivo,Subjuntivo presente,tú,sirvas,2,reviewed,
ES,servir,Subjuntivo,Subjuntivo presente,él,sirva,2,reviewed,
ES,servir,Subjuntivo,Subjuntivo presente,nosotros,sirvamos,2,reviewed,
ES,servir,Subjuntivo,Subjuntivo presente,vosotros,sirváis,2,reviewed,
ES,servir,Subjuntivo,Subjuntivo presente,ellos,sirvan,2,reviewed,
ES,servir,Indicativo,Pretérito perfecto simple,yo,serví,2,reviewed,
ES,servir,Indicativo,Pretérito perfecto simple,tú,serviste,2,reviewed,
ES,servir,Indicativo,Pretérito perfecto simple,él,sirvió,2,reviewed,
ES,servir,Indicativo,Pretérito perfecto simple,nosotros,servimos,2,reviewed,
ES,servir,Indicativo,Pretérito perfecto simple,vosotros,servisteis,2,reviewed,
ES,servir,Indicativo,Pretérito perfecto simple,ellos,sirvieron,2,reviewed,
ES,servir,Indicativo,Pretérito pluscuamperfecto,yo,había servido,2,reviewed,
ES,servir,Indicativo,Pretérito pluscuamperfecto,tú,habías servido,2,reviewed,
ES,servir,Indicativo,Pretérito pluscuamperfecto,él,había servido,2,reviewed,
ES,servir,Indicativo,Pretérito pluscuamperfecto,nosotros,habíamos servido,2,reviewed,
ES,servir,Indicativo,Pretérito pluscuamperfecto,vosotros,habíais servido,2,reviewed,
ES,servir,Indicativo,Pretérito pluscuamperfecto,ellos,habían servido,2,reviewed,
ES,llevar,Indicativo,Presente,yo,llevo,2,reviewed,
ES,llevar,Indicativo,Presente,tú,llevas,2,reviewed,
ES,llevar,Indicativo,Presente,él,lleva,2,reviewed,
ES,llevar,Indicativo,Presente,nosotros,llevamos,2,reviewed,
ES,llevar,Indicativo,Presente,vosotros,lleváis,2,reviewed,
ES,llevar,Indicativo,Presente,ellos,llevan,2,reviewed,
ES,llevar,Indicativo,Futuro,yo,llevaré,2,reviewed,
ES,llevar,Indicativo,Futuro,tú,llevarás,2,reviewed,
ES,llevar,Indicativo,Futuro,él,llevará,2,reviewed,
ES,llevar,Indicativo,Futuro,nosotros,llevaremos,2,reviewed,
ES,llevar,Indicativo,Futuro,vosotros,llevaréis,2,reviewed,
ES,llevar,Indicativo,Futuro,ellos,llevarán,2,reviewed,
ES,llevar,Indicativo,Pretérito perfecto compuesto,yo,he llevado,2,reviewed,
ES,llevar,Indicativo,Pretérito perfecto compuesto,tú,has llevado,2,reviewed,
ES,llevar,Indicativo,Pretérito perfecto compuesto,él,ha llevado,2,reviewed,
ES,llevar,Indicativo,Pretérito perfecto compuesto,nosotros,hemos llevado,2,reviewed,
ES,llevar,Indicativo,Pretérito perfecto compuesto,vosotros,habéis llevado,2,reviewed,
ES,llevar,Indicativo,Pretérito perfecto compuesto,ellos,han llevado,2,reviewed,
ES,llevar,Indicativo,Pretérito imperfecto,yo,llevaba,2,reviewed,
ES,llevar,Indicativo,Pretérito imperfecto,tú,llevabas,2,reviewed,
ES,llevar,Indicativo,Pretérito imperfecto,él,llevaba,2,reviewed,
ES,llevar,Indicativo,Pretérito imperfecto,nosotros,llevábamos,2,reviewed,
ES,llevar,Indicativo,Pretérito imperfecto,vosotros,llevabais,2,reviewed,
ES,llevar,Indicativo,Pretérito imperfecto,ellos,llevaban,2,reviewed,
ES,llevar,Condicional,Condicional,yo,llevaría,2,reviewed,
ES,llevar,Condicional,Condicional,tú,llevarías,2,reviewed,
ES,llevar,Condicional,Condicional,él,llevaría,2,reviewed,
ES,llevar,Condicional,Condicional,nosotros,llevaríamos,2,reviewed,
ES,llevar,Condicional,Condicional,vosotros,llevaríais,2,reviewed,
ES,llevar,Condicional,Condicional,ellos,llevarían,2,reviewed,
ES,llevar,Imperativo,Imperativo,yo,-,2,reviewed,yo imperative placeholder -; no standard form
ES,llevar,Imperativo,Imperativo,tú,lleva,2,reviewed,
ES,llevar,Imperativo,Imperativo,él,lleve,2,reviewed,
ES,llevar,Imperativo,Imperativo,nosotros,llevemos,2,reviewed,
ES,llevar,Imperativo,Imperativo,vosotros,llevad,2,reviewed,
ES,llevar,Imperativo,Imperativo,ellos,lleven,2,reviewed,
ES,llevar,Indicativo,Futuro perfecto,yo,habré llevado,2,reviewed,
ES,llevar,Indicativo,Futuro perfecto,tú,habrás llevado,2,reviewed,
ES,llevar,Indicativo,Futuro perfecto,él,habrá llevado,2,reviewed,
ES,llevar,Indicativo,Futuro perfecto,nosotros,habremos llevado,2,reviewed,
ES,llevar,Indicativo,Futuro perfecto,vosotros,habréis llevado,2,reviewed,
ES,llevar,Indicativo,Futuro perfecto,ellos,habrán llevado,2,reviewed,
ES,llevar,Subjuntivo,Subjuntivo presente,yo,lleve,2,reviewed,
ES,llevar,Subjuntivo,Subjuntivo presente,tú,lleves,2,reviewed,
ES,llevar,Subjuntivo,Subjuntivo presente,él,lleve,2,reviewed,
ES,llevar,Subjuntivo,Subjuntivo presente,nosotros,llevemos,2,reviewed,
ES,llevar,Subjuntivo,Subjuntivo presente,vosotros,llevéis,2,reviewed,
ES,llevar,Subjuntivo,Subjuntivo presente,ellos,lleven,2,reviewed,
ES,llevar,Indicativo,Pretérito perfecto simple,yo,llevé,2,reviewed,
ES,llevar,Indicativo,Pretérito perfecto simple,tú,llevaste,2,reviewed,
ES,llevar,Indicativo,Pretérito perfecto simple,él,llevó,2,reviewed,
ES,llevar,Indicativo,Pretérito perfecto simple,nosotros,llevamos,2,reviewed,
ES,llevar,Indicativo,Pretérito perfecto simple,vosotros,llevasteis,2,reviewed,
ES,llevar,Indicativo,Pretérito perfecto simple,ellos,llevaron,2,reviewed,
ES,llevar,Indicativo,Pretérito pluscuamperfecto,yo,había llevado,2,reviewed,
ES,llevar,Indicativo,Pretérito pluscuamperfecto,tú,habías llevado,2,reviewed,
ES,llevar,Indicativo,Pretérito pluscuamperfecto,él,había llevado,2,reviewed,
ES,llevar,Indicativo,Pretérito pluscuamperfecto,nosotros,habíamos llevado,2,reviewed,
ES,llevar,Indicativo,Pretérito pluscuamperfecto,vosotros,habíais llevado,2,reviewed,
ES,llevar,Indicativo,Pretérito pluscuamperfecto,ellos,habían llevado,2,reviewed,
ES,mostrar,Indicativo,Presente,yo,muestro,2,reviewed,
ES,mostrar,Indicativo,Presente,tú,muestras,2,reviewed,
ES,mostrar,Indicativo,Presente,él,muestra,2,reviewed,
ES,mostrar,Indicativo,Presente,nosotros,mostramos,2,reviewed,
ES,mostrar,Indicativo,Presente,vosotros,mostráis,2,reviewed,
ES,mostrar,Indicativo,Presente,ellos,muestran,2,reviewed,
ES,mostrar,Indicativo,Futuro,yo,mostraré,2,reviewed,
ES,mostrar,Indicativo,Futuro,tú,mostrarás,2,reviewed,
ES,mostrar,Indicativo,Futuro,él,mostrará,2,reviewed,
ES,mostrar,Indicativo,Futuro,nosotros,mostraremos,2,reviewed,
ES,mostrar,Indicativo,Futuro,vosotros,mostraréis,2,reviewed,
ES,mostrar,Indicativo,Futuro,ellos,mostrarán,2,reviewed,
ES,mostrar,Indicativo,Pretérito perfecto compuesto,yo,he mostrado,2,reviewed,
ES,mostrar,Indicativo,Pretérito perfecto compuesto,tú,has mostrado,2,reviewed,
ES,mostrar,Indicativo,Pretérito perfecto compuesto,él,ha mostrado,2,reviewed,
ES,mostrar,Indicativo,Pretérito perfecto compuesto,nosotros,hemos mostrado,2,reviewed,
ES,mostrar,Indicativo,Pretérito perfecto compuesto,vosotros,habéis mostrado,2,reviewed,
ES,mostrar,Indicativo,Pretérito perfecto compuesto,ellos,han mostrado,2,reviewed,
ES,mostrar,Indicativo,Pretérito imperfecto,yo,mostraba,2,reviewed,
ES,mostrar,Indicativo,Pretérito imperfecto,tú,mostrabas,2,reviewed,
ES,mostrar,Indicativo,Pretérito imperfecto,él,mostraba,2,reviewed,
ES,mostrar,Indicativo,Pretérito imperfecto,nosotros,mostrábamos,2,reviewed,
ES,mostrar,Indicativo,Pretérito imperfecto,vosotros,mostrabais,2,reviewed,
ES,mostrar,Indicativo,Pretérito imperfecto,ellos,mostraban,2,reviewed,
ES,mostrar,Condicional,Condicional,yo,mostraría,2,reviewed,
ES,mostrar,Condicional,Condicional,tú,mostrarías,2,reviewed,
ES,mostrar,Condicional,Condicional,él,mostraría,2,reviewed,
ES,mostrar,Condicional,Condicional,nosotros,mostraríamos,2,reviewed,
ES,mostrar,Condicional,Condicional,vosotros,mostraríais,2,reviewed,
ES,mostrar,Condicional,Condicional,ellos,mostrarían,2,reviewed,
ES,mostrar,Imperativo,Imperativo,yo,-,2,reviewed,yo imperative placeholder -; no standard form
ES,mostrar,Imperativo,Imperativo,tú,muestra,2,reviewed,
ES,mostrar,Imperativo,Imperativo,él,muestre,2,reviewed,
ES,mostrar,Imperativo,Imperativo,nosotros,mostremos,2,reviewed,
ES,mostrar,Imperativo,Imperativo,vosotros,mostrad,2,reviewed,
ES,mostrar,Imperativo,Imperativo,ellos,muestren,2,reviewed,
ES,mostrar,Indicativo,Futuro perfecto,yo,habré mostrado,2,reviewed,
ES,mostrar,Indicativo,Futuro perfecto,tú,habrás mostrado,2,reviewed,
ES,mostrar,Indicativo,Futuro perfecto,él,habrá mostrado,2,reviewed,
ES,mostrar,Indicativo,Futuro perfecto,nosotros,habremos mostrado,2,reviewed,
ES,mostrar,Indicativo,Futuro perfecto,vosotros,habréis mostrado,2,reviewed,
ES,mostrar,Indicativo,Futuro perfecto,ellos,habrán mostrado,2,reviewed,
ES,mostrar,Subjuntivo,Subjuntivo presente,yo,muestre,2,reviewed,
ES,mostrar,Subjuntivo,Subjuntivo presente,tú,muestres,2,reviewed,
ES,mostrar,Subjuntivo,Subjuntivo presente,él,muestre,2,reviewed,
ES,mostrar,Subjuntivo,Subjuntivo presente,nosotros,mostremos,2,reviewed,
ES,mostrar,Subjuntivo,Subjuntivo presente,vosotros,mostréis,2,reviewed,
ES,mostrar,Subjuntivo,Subjuntivo presente,ellos,muestren,2,reviewed,
ES,mostrar,Indicativo,Pretérito perfecto simple,yo,mostré,2,reviewed,
ES,mostrar,Indicativo,Pretérito perfecto simple,tú,mostraste,2,reviewed,
ES,mostrar,Indicativo,Pretérito perfecto simple,él,mostró,2,reviewed,
ES,mostrar,Indicativo,Pretérito perfecto simple,nosotros,mostramos,2,reviewed,
ES,mostrar,Indicativo,Pretérito perfecto simple,vosotros,mostrasteis,2,reviewed,
ES,mostrar,Indicativo,Pretérito perfecto simple,ellos,mostraron,2,reviewed,
ES,mostrar,Indicativo,Pretérito pluscuamperfecto,yo,había mostrado,2,reviewed,
ES,mostrar,Indicativo,Pretérito pluscuamperfecto,tú,habías mostrado,2,reviewed,
ES,mostrar,Indicativo,Pretérito pluscuamperfecto,él,había mostrado,2,reviewed,
ES,mostrar,Indicativo,Pretérito pluscuamperfecto,nosotros,habíamos mostrado,2,reviewed,
ES,mostrar,Indicativo,Pretérito pluscuamperfecto,vosotros,habíais mostrado,2,reviewed,
ES,mostrar,Indicativo,Pretérito pluscuamperfecto,ellos,habían mostrado,2,reviewed,
ES,enseñar,Indicativo,Presente,yo,enseño,2,reviewed,
ES,enseñar,Indicativo,Presente,tú,enseñas,2,reviewed,
ES,enseñar,Indicativo,Presente,él,enseña,2,reviewed,
ES,enseñar,Indicativo,Presente,nosotros,enseñamos,2,reviewed,
ES,enseñar,Indicativo,Presente,vosotros,enseñáis,2,reviewed,
ES,enseñar,Indicativo,Presente,ellos,enseñan,2,reviewed,
ES,enseñar,Indicativo,Futuro,yo,enseñaré,2,reviewed,
ES,enseñar,Indicativo,Futuro,tú,enseñarás,2,reviewed,
ES,enseñar,Indicativo,Futuro,él,enseñará,2,reviewed,
ES,enseñar,Indicativo,Futuro,nosotros,enseñaremos,2,reviewed,
ES,enseñar,Indicativo,Futuro,vosotros,enseñaréis,2,reviewed,
ES,enseñar,Indicativo,Futuro,ellos,enseñarán,2,reviewed,
ES,enseñar,Indicativo,Pretérito perfecto compuesto,yo,he enseñado,2,reviewed,
ES,enseñar,Indicativo,Pretérito perfecto compuesto,tú,has enseñado,2,reviewed,
ES,enseñar,Indicativo,Pretérito perfecto compuesto,él,ha enseñado,2,reviewed,
ES,enseñar,Indicativo,Pretérito perfecto compuesto,nosotros,hemos enseñado,2,reviewed,
ES,enseñar,Indicativo,Pretérito perfecto compuesto,vosotros,habéis enseñado,2,reviewed,
ES,enseñar,Indicativo,Pretérito perfecto compuesto,ellos,han enseñado,2,reviewed,
ES,enseñar,Indicativo,Pretérito imperfecto,yo,enseñaba,2,reviewed,
ES,enseñar,Indicativo,Pretérito imperfecto,tú,enseñabas,2,reviewed,
ES,enseñar,Indicativo,Pretérito imperfecto,él,enseñaba,2,reviewed,
ES,enseñar,Indicativo,Pretérito imperfecto,nosotros,enseñábamos,2,reviewed,
ES,enseñar,Indicativo,Pretérito imperfecto,vosotros,enseñabais,2,reviewed,
ES,enseñar,Indicativo,Pretérito imperfecto,ellos,enseñaban,2,reviewed,
ES,enseñar,Condicional,Condicional,yo,enseñaría,2,reviewed,
ES,enseñar,Condicional,Condicional,tú,enseñarías,2,reviewed,
ES,enseñar,Condicional,Condicional,él,enseñaría,2,reviewed,
ES,enseñar,Condicional,Condicional,nosotros,enseñaríamos,2,reviewed,
ES,enseñar,Condicional,Condicional,vosotros,enseñaríais,2,reviewed,
ES,enseñar,Condicional,Condicional,ellos,enseñarían,2,reviewed,
ES,enseñar,Imperativo,Imperativo,yo,-,2,reviewed,yo imperative placeholder -; no standard form
ES,enseñar,Imperativo,Imperativo,tú,enseña,2,reviewed,
ES,enseñar,Imperativo,Imperativo,él,enseñe,2,reviewed,
ES,enseñar,Imperativo,Imperativo,nosotros,enseñemos,2,reviewed,
ES,enseñar,Imperativo,Imperativo,vosotros,enseñad,2,reviewed,
ES,enseñar,Imperativo,Imperativo,ellos,enseñen,2,reviewed,
ES,enseñar,Indicativo,Futuro perfecto,yo,habré enseñado,2,reviewed,
ES,enseñar,Indicativo,Futuro perfecto,tú,habrás enseñado,2,reviewed,
ES,enseñar,Indicativo,Futuro perfecto,él,habrá enseñado,2,reviewed,
ES,enseñar,Indicativo,Futuro perfecto,nosotros,habremos enseñado,2,reviewed,
ES,enseñar,Indicativo,Futuro perfecto,vosotros,habréis enseñado,2,reviewed,
ES,enseñar,Indicativo,Futuro perfecto,ellos,habrán enseñado,2,reviewed,
ES,enseñar,Subjuntivo,Subjuntivo presente,yo,enseñe,2,reviewed,
ES,enseñar,Subjuntivo,Subjuntivo presente,tú,enseñes,2,reviewed,
ES,enseñar,Subjuntivo,Subjuntivo presente,él,enseñe,2,reviewed,
ES,enseñar,Subjuntivo,Subjuntivo presente,nosotros,enseñemos,2,reviewed,
ES,enseñar,Subjuntivo,Subjuntivo presente,vosotros,enseñéis,2,reviewed,
ES,enseñar,Subjuntivo,Subjuntivo presente,ellos,enseñen,2,reviewed,
ES,enseñar,Indicativo,Pretérito perfecto simple,yo,enseñé,2,reviewed,
ES,enseñar,Indicativo,Pretérito perfecto simple,tú,enseñaste,2,reviewed,
ES,enseñar,Indicativo,Pretérito perfecto simple,él,enseñó,2,reviewed,
ES,enseñar,Indicativo,Pretérito perfecto simple,nosotros,enseñamos,2,reviewed,
ES,enseñar,Indicativo,Pretérito perfecto simple,vosotros,enseñasteis,2,reviewed,
ES,enseñar,Indicativo,Pretérito perfecto simple,ellos,enseñaron,2,reviewed,
ES,enseñar,Indicativo,Pretérito pluscuamperfecto,yo,había enseñado,2,reviewed,
ES,enseñar,Indicativo,Pretérito pluscuamperfecto,tú,habías enseñado,2,reviewed,
ES,enseñar,Indicativo,Pretérito pluscuamperfecto,él,había enseñado,2,reviewed,
ES,enseñar,Indicativo,Pretérito pluscuamperfecto,nosotros,habíamos enseñado,2,reviewed,
ES,enseñar,Indicativo,Pretérito pluscuamperfecto,vosotros,habíais enseñado,2,reviewed,
ES,enseñar,Indicativo,Pretérito pluscuamperfecto,ellos,habían enseñado,2,reviewed,
ES,evitar,Indicativo,Presente,yo,evito,2,reviewed,
ES,evitar,Indicativo,Presente,tú,evitas,2,reviewed,
ES,evitar,Indicativo,Presente,él,evita,2,reviewed,
ES,evitar,Indicativo,Presente,nosotros,evitamos,2,reviewed,
ES,evitar,Indicativo,Presente,vosotros,evitáis,2,reviewed,
ES,evitar,Indicativo,Presente,ellos,evitan,2,reviewed,
ES,evitar,Indicativo,Futuro,yo,evitaré,2,reviewed,
ES,evitar,Indicativo,Futuro,tú,evitarás,2,reviewed,
ES,evitar,Indicativo,Futuro,él,evitará,2,reviewed,
ES,evitar,Indicativo,Futuro,nosotros,evitaremos,2,reviewed,
ES,evitar,Indicativo,Futuro,vosotros,evitaréis,2,reviewed,
ES,evitar,Indicativo,Futuro,ellos,evitarán,2,reviewed,
ES,evitar,Indicativo,Pretérito perfecto compuesto,yo,he evitado,2,reviewed,
ES,evitar,Indicativo,Pretérito perfecto compuesto,tú,has evitado,2,reviewed,
ES,evitar,Indicativo,Pretérito perfecto compuesto,él,ha evitado,2,reviewed,
ES,evitar,Indicativo,Pretérito perfecto compuesto,nosotros,hemos evitado,2,reviewed,
ES,evitar,Indicativo,Pretérito perfecto compuesto,vosotros,habéis evitado,2,reviewed,
ES,evitar,Indicativo,Pretérito perfecto compuesto,ellos,han evitado,2,reviewed,
ES,evitar,Indicativo,Pretérito imperfecto,yo,evitaba,2,reviewed,
ES,evitar,Indicativo,Pretérito imperfecto,tú,evitabas,2,reviewed,
ES,evitar,Indicativo,Pretérito imperfecto,él,evitaba,2,reviewed,
ES,evitar,Indicativo,Pretérito imperfecto,nosotros,evitábamos,2,reviewed,
ES,evitar,Indicativo,Pretérito imperfecto,vosotros,evitabais,2,reviewed,
ES,evitar,Indicativo,Pretérito imperfecto,ellos,evitaban,2,reviewed,
ES,evitar,Condicional,Condicional,yo,evitaría,2,reviewed,
ES,evitar,Condicional,Condicional,tú,evitarías,2,reviewed,
ES,evitar,Condicional,Condicional,él,evitaría,2,reviewed,
ES,evitar,Condicional,Condicional,nosotros,evitaríamos,2,reviewed,
ES,evitar,Condicional,Condicional,vosotros,evitaríais,2,reviewed,
ES,evitar,Condicional,Condicional,ellos,evitarían,2,reviewed,
ES,evitar,Imperativo,Imperativo,yo,-,2,reviewed,yo imperative placeholder -; no standard form
ES,evitar,Imperativo,Imperativo,tú,evita,2,reviewed,
ES,evitar,Imperativo,Imperativo,él,evite,2,reviewed,
ES,evitar,Imperativo,Imperativo,nosotros,evitemos,2,reviewed,
ES,evitar,Imperativo,Imperativo,vosotros,evitad,2,reviewed,
ES,evitar,Imperativo,Imperativo,ellos,eviten,2,reviewed,
ES,evitar,Indicativo,Futuro perfecto,yo,habré evitado,2,reviewed,
ES,evitar,Indicativo,Futuro perfecto,tú,habrás evitado,2,reviewed,
ES,evitar,Indicativo,Futuro perfecto,él,habrá evitado,2,reviewed,
ES,evitar,Indicativo,Futuro perfecto,nosotros,habremos evitado,2,reviewed,
ES,evitar,Indicativo,Futuro perfecto,vosotros,habréis evitado,2,reviewed,
ES,evitar,Indicativo,Futuro perfecto,ellos,habrán evitado,2,reviewed,
ES,evitar,Subjuntivo,Subjuntivo presente,yo,evite,2,reviewed,
ES,evitar,Subjuntivo,Subjuntivo presente,tú,evites,2,reviewed,
ES,evitar,Subjuntivo,Subjuntivo presente,él,evite,2,reviewed,
ES,evitar,Subjuntivo,Subjuntivo presente,nosotros,evitemos,2,reviewed,
ES,evitar,Subjuntivo,Subjuntivo presente,vosotros,evitéis,2,reviewed,
ES,evitar,Subjuntivo,Subjuntivo presente,ellos,eviten,2,reviewed,
ES,evitar,Indicativo,Pretérito perfecto simple,yo,evité,2,reviewed,
ES,evitar,Indicativo,Pretérito perfecto simple,tú,evitaste,2,reviewed,
ES,evitar,Indicativo,Pretérito perfecto simple,él,evitó,2,reviewed,
ES,evitar,Indicativo,Pretérito perfecto simple,nosotros,evitamos,2,reviewed,
ES,evitar,Indicativo,Pretérito perfecto simple,vosotros,evitasteis,2,reviewed,
ES,evitar,Indicativo,Pretérito perfecto simple,ellos,evitaron,2,reviewed,
ES,evitar,Indicativo,Pretérito pluscuamperfecto,yo,había evitado,2,reviewed,
ES,evitar,Indicativo,Pretérito pluscuamperfecto,tú,habías evitado,2,reviewed,
ES,evitar,Indicativo,Pretérito pluscuamperfecto,él,había evitado,2,reviewed,
ES,evitar,Indicativo,Pretérito pluscuamperfecto,nosotros,habíamos evitado,2,reviewed,
ES,evitar,Indicativo,Pretérito pluscuamperfecto,vosotros,habíais evitado,2,reviewed,
ES,evitar,Indicativo,Pretérito pluscuamperfecto,ellos,habían evitado,2,reviewed,
ES,llegar,Indicativo,Presente,yo,llego,2,reviewed,
ES,llegar,Indicativo,Presente,tú,llegas,2,reviewed,
ES,llegar,Indicativo,Presente,él,llega,2,reviewed,
ES,llegar,Indicativo,Presente,nosotros,llegamos,2,reviewed,
ES,llegar,Indicativo,Presente,vosotros,llegáis,2,reviewed,
ES,llegar,Indicativo,Presente,ellos,llegan,2,reviewed,
ES,llegar,Indicativo,Futuro,yo,llegaré,2,reviewed,
ES,llegar,Indicativo,Futuro,tú,llegarás,2,reviewed,
ES,llegar,Indicativo,Futuro,él,llegará,2,reviewed,
ES,llegar,Indicativo,Futuro,nosotros,llegaremos,2,reviewed,
ES,llegar,Indicativo,Futuro,vosotros,llegaréis,2,reviewed,
ES,llegar,Indicativo,Futuro,ellos,llegarán,2,reviewed,
ES,llegar,Indicativo,Pretérito perfecto compuesto,yo,he llegado,2,reviewed,
ES,llegar,Indicativo,Pretérito perfecto compuesto,tú,has llegado,2,reviewed,
ES,llegar,Indicativo,Pretérito perfecto compuesto,él,ha llegado,2,reviewed,
ES,llegar,Indicativo,Pretérito perfecto compuesto,nosotros,hemos llegado,2,reviewed,
ES,llegar,Indicativo,Pretérito perfecto compuesto,vosotros,habéis llegado,2,reviewed,
ES,llegar,Indicativo,Pretérito perfecto compuesto,ellos,han llegado,2,reviewed,
ES,llegar,Indicativo,Pretérito imperfecto,yo,llegaba,2,reviewed,
ES,llegar,Indicativo,Pretérito imperfecto,tú,llegabas,2,reviewed,
ES,llegar,Indicativo,Pretérito imperfecto,él,llegaba,2,reviewed,
ES,llegar,Indicativo,Pretérito imperfecto,nosotros,llegábamos,2,reviewed,
ES,llegar,Indicativo,Pretérito imperfecto,vosotros,llegabais,2,reviewed,
ES,llegar,Indicativo,Pretérito imperfecto,ellos,llegaban,2,reviewed,
ES,llegar,Condicional,Condicional,yo,llegaría,2,reviewed,
ES,llegar,Condicional,Condicional,tú,llegarías,2,reviewed,
ES,llegar,Condicional,Condicional,él,llegaría,2,reviewed,
ES,llegar,Condicional,Condicional,nosotros,llegaríamos,2,reviewed,
ES,llegar,Condicional,Condicional,vosotros,llegaríais,2,reviewed,
ES,llegar,Condicional,Condicional,ellos,llegarían,2,reviewed,
ES,llegar,Imperativo,Imperativo,yo,-,2,reviewed,yo imperative placeholder -; no standard form
ES,llegar,Imperativo,Imperativo,tú,llega,2,reviewed,
ES,llegar,Imperativo,Imperativo,él,llegue,2,reviewed,
ES,llegar,Imperativo,Imperativo,nosotros,lleguemos,2,reviewed,
ES,llegar,Imperativo,Imperativo,vosotros,llegad,2,reviewed,
ES,llegar,Imperativo,Imperativo,ellos,lleguen,2,reviewed,
ES,llegar,Indicativo,Futuro perfecto,yo,habré llegado,2,reviewed,
ES,llegar,Indicativo,Futuro perfecto,tú,habrás llegado,2,reviewed,
ES,llegar,Indicativo,Futuro perfecto,él,habrá llegado,2,reviewed,
ES,llegar,Indicativo,Futuro perfecto,nosotros,habremos llegado,2,reviewed,
ES,llegar,Indicativo,Futuro perfecto,vosotros,habréis llegado,2,reviewed,
ES,llegar,Indicativo,Futuro perfecto,ellos,habrán llegado,2,reviewed,
ES,llegar,Subjuntivo,Subjuntivo presente,yo,llegue,2,reviewed,
ES,llegar,Subjuntivo,Subjuntivo presente,tú,llegues,2,reviewed,
ES,llegar,Subjuntivo,Subjuntivo presente,él,llegue,2,reviewed,
ES,llegar,Subjuntivo,Subjuntivo presente,nosotros,lleguemos,2,reviewed,
ES,llegar,Subjuntivo,Subjuntivo presente,vosotros,lleguéis,2,reviewed,
ES,llegar,Subjuntivo,Subjuntivo presente,ellos,lleguen,2,reviewed,
ES,llegar,Indicativo,Pretérito perfecto simple,yo,llegué,2,reviewed,
ES,llegar,Indicativo,Pretérito perfecto simple,tú,llegaste,2,reviewed,
ES,llegar,Indicativo,Pretérito perfecto simple,él,llegó,2,reviewed,
ES,llegar,Indicativo,Pretérito perfecto simple,nosotros,llegamos,2,reviewed,
ES,llegar,Indicativo,Pretérito perfecto simple,vosotros,llegasteis,2,reviewed,
ES,llegar,Indicativo,Pretérito perfecto simple,ellos,llegaron,2,reviewed,
ES,llegar,Indicativo,Pretérito pluscuamperfecto,yo,había llegado,2,reviewed,
ES,llegar,Indicativo,Pretérito pluscuamperfecto,tú,habías llegado,2,reviewed,
ES,llegar,Indicativo,Pretérito pluscuamperfecto,él,había llegado,2,reviewed,
ES,llegar,Indicativo,Pretérito pluscuamperfecto,nosotros,habíamos llegado,2,reviewed,
ES,llegar,Indicativo,Pretérito pluscuamperfecto,vosotros,habíais llegado,2,reviewed,
ES,llegar,Indicativo,Pretérito pluscuamperfecto,ellos,habían llegado,2,reviewed,
ES,ocurrir,Indicativo,Presente,yo,ocurro,2,reviewed,
ES,ocurrir,Indicativo,Presente,tú,ocurres,2,reviewed,
ES,ocurrir,Indicativo,Presente,él,ocurre,2,reviewed,
ES,ocurrir,Indicativo,Presente,nosotros,ocurrimos,2,reviewed,
ES,ocurrir,Indicativo,Presente,vosotros,ocurrís,2,reviewed,
ES,ocurrir,Indicativo,Presente,ellos,ocurren,2,reviewed,
ES,ocurrir,Indicativo,Futuro,yo,ocurriré,2,reviewed,
ES,ocurrir,Indicativo,Futuro,tú,ocurrirás,2,reviewed,
ES,ocurrir,Indicativo,Futuro,él,ocurrirá,2,reviewed,
ES,ocurrir,Indicativo,Futuro,nosotros,ocurriremos,2,reviewed,
ES,ocurrir,Indicativo,Futuro,vosotros,ocurriréis,2,reviewed,
ES,ocurrir,Indicativo,Futuro,ellos,ocurrirán,2,reviewed,
ES,ocurrir,Indicativo,Pretérito perfecto compuesto,yo,he ocurrido,2,reviewed,
ES,ocurrir,Indicativo,Pretérito perfecto compuesto,tú,has ocurrido,2,reviewed,
ES,ocurrir,Indicativo,Pretérito perfecto compuesto,él,ha ocurrido,2,reviewed,
ES,ocurrir,Indicativo,Pretérito perfecto compuesto,nosotros,hemos ocurrido,2,reviewed,
ES,ocurrir,Indicativo,Pretérito perfecto compuesto,vosotros,habéis ocurrido,2,reviewed,
ES,ocurrir,Indicativo,Pretérito perfecto compuesto,ellos,han ocurrido,2,reviewed,
ES,ocurrir,Indicativo,Pretérito imperfecto,yo,ocurría,2,reviewed,
ES,ocurrir,Indicativo,Pretérito imperfecto,tú,ocurrías,2,reviewed,
ES,ocurrir,Indicativo,Pretérito imperfecto,él,ocurría,2,reviewed,
ES,ocurrir,Indicativo,Pretérito imperfecto,nosotros,ocurríamos,2,reviewed,
ES,ocurrir,Indicativo,Pretérito imperfecto,vosotros,ocurríais,2,reviewed,
ES,ocurrir,Indicativo,Pretérito imperfecto,ellos,ocurrían,2,reviewed,
ES,ocurrir,Condicional,Condicional,yo,ocurriría,2,reviewed,
ES,ocurrir,Condicional,Condicional,tú,ocurrirías,2,reviewed,
ES,ocurrir,Condicional,Condicional,él,ocurriría,2,reviewed,
ES,ocurrir,Condicional,Condicional,nosotros,ocurriríamos,2,reviewed,
ES,ocurrir,Condicional,Condicional,vosotros,ocurriríais,2,reviewed,
ES,ocurrir,Condicional,Condicional,ellos,ocurrirían,2,reviewed,
ES,ocurrir,Imperativo,Imperativo,yo,-,2,reviewed,lexical usage often impersonal; imperative uncommon
ES,ocurrir,Imperativo,Imperativo,tú,ocurre,2,reviewed,lexical usage often impersonal; imperative uncommon
ES,ocurrir,Imperativo,Imperativo,él,ocurra,2,reviewed,lexical usage often impersonal; imperative uncommon
ES,ocurrir,Imperativo,Imperativo,nosotros,ocurramos,2,reviewed,lexical usage often impersonal; imperative uncommon
ES,ocurrir,Imperativo,Imperativo,vosotros,ocurrid,2,reviewed,lexical usage often impersonal; imperative uncommon
ES,ocurrir,Imperativo,Imperativo,ellos,ocurran,2,reviewed,lexical usage often impersonal; imperative uncommon
ES,ocurrir,Indicativo,Futuro perfecto,yo,habré ocurrido,2,reviewed,
ES,ocurrir,Indicativo,Futuro perfecto,tú,habrás ocurrido,2,reviewed,
ES,ocurrir,Indicativo,Futuro perfecto,él,habrá ocurrido,2,reviewed,
ES,ocurrir,Indicativo,Futuro perfecto,nosotros,habremos ocurrido,2,reviewed,
ES,ocurrir,Indicativo,Futuro perfecto,vosotros,habréis ocurrido,2,reviewed,
ES,ocurrir,Indicativo,Futuro perfecto,ellos,habrán ocurrido,2,reviewed,
ES,ocurrir,Subjuntivo,Subjuntivo presente,yo,ocurra,2,reviewed,
ES,ocurrir,Subjuntivo,Subjuntivo presente,tú,ocurras,2,reviewed,
ES,ocurrir,Subjuntivo,Subjuntivo presente,él,ocurra,2,reviewed,
ES,ocurrir,Subjuntivo,Subjuntivo presente,nosotros,ocurramos,2,reviewed,
ES,ocurrir,Subjuntivo,Subjuntivo presente,vosotros,ocurráis,2,reviewed,
ES,ocurrir,Subjuntivo,Subjuntivo presente,ellos,ocurran,2,reviewed,
ES,ocurrir,Indicativo,Pretérito perfecto simple,yo,ocurrí,2,reviewed,
ES,ocurrir,Indicativo,Pretérito perfecto simple,tú,ocurriste,2,reviewed,
ES,ocurrir,Indicativo,Pretérito perfecto simple,él,ocurrió,2,reviewed,
ES,ocurrir,Indicativo,Pretérito perfecto simple,nosotros,ocurrimos,2,reviewed,
ES,ocurrir,Indicativo,Pretérito perfecto simple,vosotros,ocurristeis,2,reviewed,
ES,ocurrir,Indicativo,Pretérito perfecto simple,ellos,ocurrieron,2,reviewed,
ES,ocurrir,Indicativo,Pretérito pluscuamperfecto,yo,había ocurrido,2,reviewed,
ES,ocurrir,Indicativo,Pretérito pluscuamperfecto,tú,habías ocurrido,2,reviewed,
ES,ocurrir,Indicativo,Pretérito pluscuamperfecto,él,había ocurrido,2,reviewed,
ES,ocurrir,Indicativo,Pretérito pluscuamperfecto,nosotros,habíamos ocurrido,2,reviewed,
ES,ocurrir,Indicativo,Pretérito pluscuamperfecto,vosotros,habíais ocurrido,2,reviewed,
ES,ocurrir,Indicativo,Pretérito pluscuamperfecto,ellos,habían ocurrido,2,reviewed,
ES,querer,Indicativo,Presente,yo,quiero,2,reviewed,
ES,querer,Indicativo,Presente,tú,quieres,2,reviewed,
ES,querer,Indicativo,Presente,él,quiere,2,reviewed,
ES,querer,Indicativo,Presente,nosotros,queremos,2,reviewed,
ES,querer,Indicativo,Presente,vosotros,queréis,2,reviewed,
ES,querer,Indicativo,Presente,ellos,quieren,2,reviewed,
ES,querer,Indicativo,Futuro,yo,querré,2,reviewed,
ES,querer,Indicativo,Futuro,tú,querrás,2,reviewed,
ES,querer,Indicativo,Futuro,él,querrá,2,reviewed,
ES,querer,Indicativo,Futuro,nosotros,querremos,2,reviewed,
ES,querer,Indicativo,Futuro,vosotros,querréis,2,reviewed,
ES,querer,Indicativo,Futuro,ellos,querrán,2,reviewed,
ES,querer,Indicativo,Pretérito perfecto compuesto,yo,he querido,2,reviewed,
ES,querer,Indicativo,Pretérito perfecto compuesto,tú,has querido,2,reviewed,
ES,querer,Indicativo,Pretérito perfecto compuesto,él,ha querido,2,reviewed,
ES,querer,Indicativo,Pretérito perfecto compuesto,nosotros,hemos querido,2,reviewed,
ES,querer,Indicativo,Pretérito perfecto compuesto,vosotros,habéis querido,2,reviewed,
ES,querer,Indicativo,Pretérito perfecto compuesto,ellos,han querido,2,reviewed,
ES,querer,Indicativo,Pretérito imperfecto,yo,quería,2,reviewed,
ES,querer,Indicativo,Pretérito imperfecto,tú,querías,2,reviewed,
ES,querer,Indicativo,Pretérito imperfecto,él,quería,2,reviewed,
ES,querer,Indicativo,Pretérito imperfecto,nosotros,queríamos,2,reviewed,
ES,querer,Indicativo,Pretérito imperfecto,vosotros,queríais,2,reviewed,
ES,querer,Indicativo,Pretérito imperfecto,ellos,querían,2,reviewed,
ES,querer,Condicional,Condicional,yo,querría,2,reviewed,
ES,querer,Condicional,Condicional,tú,querrías,2,reviewed,
ES,querer,Condicional,Condicional,él,querría,2,reviewed,
ES,querer,Condicional,Condicional,nosotros,querríamos,2,reviewed,
ES,querer,Condicional,Condicional,vosotros,querríais,2,reviewed,
ES,querer,Condicional,Condicional,ellos,querrían,2,reviewed,
ES,querer,Imperativo,Imperativo,yo,-,2,reviewed,imperative usage uncommon
ES,querer,Imperativo,Imperativo,tú,quiere,2,reviewed,imperative usage uncommon
ES,querer,Imperativo,Imperativo,él,quiera,2,reviewed,imperative usage uncommon
ES,querer,Imperativo,Imperativo,nosotros,queramos,2,reviewed,imperative usage uncommon
ES,querer,Imperativo,Imperativo,vosotros,quered,2,reviewed,imperative usage uncommon
ES,querer,Imperativo,Imperativo,ellos,quieran,2,reviewed,imperative usage uncommon
ES,querer,Indicativo,Futuro perfecto,yo,habré querido,2,reviewed,
ES,querer,Indicativo,Futuro perfecto,tú,habrás querido,2,reviewed,
ES,querer,Indicativo,Futuro perfecto,él,habrá querido,2,reviewed,
ES,querer,Indicativo,Futuro perfecto,nosotros,habremos querido,2,reviewed,
ES,querer,Indicativo,Futuro perfecto,vosotros,habréis querido,2,reviewed,
ES,querer,Indicativo,Futuro perfecto,ellos,habrán querido,2,reviewed,
ES,querer,Subjuntivo,Subjuntivo presente,yo,quiera,2,reviewed,
ES,querer,Subjuntivo,Subjuntivo presente,tú,quieras,2,reviewed,
ES,querer,Subjuntivo,Subjuntivo presente,él,quiera,2,reviewed,
ES,querer,Subjuntivo,Subjuntivo presente,nosotros,queramos,2,reviewed,
ES,querer,Subjuntivo,Subjuntivo presente,vosotros,queráis,2,reviewed,
ES,querer,Subjuntivo,Subjuntivo presente,ellos,quieran,2,reviewed,
ES,querer,Indicativo,Pretérito perfecto simple,yo,quise,2,reviewed,
ES,querer,Indicativo,Pretérito perfecto simple,tú,quisiste,2,reviewed,
ES,querer,Indicativo,Pretérito perfecto simple,él,quiso,2,reviewed,
ES,querer,Indicativo,Pretérito perfecto simple,nosotros,quisimos,2,reviewed,
ES,querer,Indicativo,Pretérito perfecto simple,vosotros,quisisteis,2,reviewed,
ES,querer,Indicativo,Pretérito perfecto simple,ellos,quisieron,2,reviewed,
ES,querer,Indicativo,Pretérito pluscuamperfecto,yo,había querido,2,reviewed,
ES,querer,Indicativo,Pretérito pluscuamperfecto,tú,habías querido,2,reviewed,
ES,querer,Indicativo,Pretérito pluscuamperfecto,él,había querido,2,reviewed,
ES,querer,Indicativo,Pretérito pluscuamperfecto,nosotros,habíamos querido,2,reviewed,
ES,querer,Indicativo,Pretérito pluscuamperfecto,vosotros,habíais querido,2,reviewed,
ES,querer,Indicativo,Pretérito pluscuamperfecto,ellos,habían querido,2,reviewed,
ES,reconocer,Indicativo,Presente,yo,reconozco,2,reviewed,
ES,reconocer,Indicativo,Presente,tú,reconoces,2,reviewed,
ES,reconocer,Indicativo,Presente,él,reconoce,2,reviewed,
ES,reconocer,Indicativo,Presente,nosotros,reconocemos,2,reviewed,
ES,reconocer,Indicativo,Presente,vosotros,reconocéis,2,reviewed,
ES,reconocer,Indicativo,Presente,ellos,reconocen,2,reviewed,
ES,reconocer,Indicativo,Futuro,yo,reconoceré,2,reviewed,
ES,reconocer,Indicativo,Futuro,tú,reconocerás,2,reviewed,
ES,reconocer,Indicativo,Futuro,él,reconocerá,2,reviewed,
ES,reconocer,Indicativo,Futuro,nosotros,reconoceremos,2,reviewed,
ES,reconocer,Indicativo,Futuro,vosotros,reconoceréis,2,reviewed,
ES,reconocer,Indicativo,Futuro,ellos,reconocerán,2,reviewed,
ES,reconocer,Indicativo,Pretérito perfecto compuesto,yo,he reconocido,2,reviewed,
ES,reconocer,Indicativo,Pretérito perfecto compuesto,tú,has reconocido,2,reviewed,
ES,reconocer,Indicativo,Pretérito perfecto compuesto,él,ha reconocido,2,reviewed,
ES,reconocer,Indicativo,Pretérito perfecto compuesto,nosotros,hemos reconocido,2,reviewed,
ES,reconocer,Indicativo,Pretérito perfecto compuesto,vosotros,habéis reconocido,2,reviewed,
ES,reconocer,Indicativo,Pretérito perfecto compuesto,ellos,han reconocido,2,reviewed,
ES,reconocer,Indicativo,Pretérito imperfecto,yo,reconocía,2,reviewed,
ES,reconocer,Indicativo,Pretérito imperfecto,tú,reconocías,2,reviewed,
ES,reconocer,Indicativo,Pretérito imperfecto,él,reconocía,2,reviewed,
ES,reconocer,Indicativo,Pretérito imperfecto,nosotros,reconocíamos,2,reviewed,
ES,reconocer,Indicativo,Pretérito imperfecto,vosotros,reconocíais,2,reviewed,
ES,reconocer,Indicativo,Pretérito imperfecto,ellos,reconocían,2,reviewed,
ES,reconocer,Condicional,Condicional,yo,reconocería,2,reviewed,
ES,reconocer,Condicional,Condicional,tú,reconocerías,2,reviewed,
ES,reconocer,Condicional,Condicional,él,reconocería,2,reviewed,
ES,reconocer,Condicional,Condicional,nosotros,reconoceríamos,2,reviewed,
ES,reconocer,Condicional,Condicional,vosotros,reconoceríais,2,reviewed,
ES,reconocer,Condicional,Condicional,ellos,reconocerían,2,reviewed,
ES,reconocer,Imperativo,Imperativo,yo,-,2,reviewed,yo imperative placeholder -; no standard form
ES,reconocer,Imperativo,Imperativo,tú,reconoce,2,reviewed,
ES,reconocer,Imperativo,Imperativo,él,reconozca,2,reviewed,
ES,reconocer,Imperativo,Imperativo,nosotros,reconozcamos,2,reviewed,
ES,reconocer,Imperativo,Imperativo,vosotros,reconoced,2,reviewed,
ES,reconocer,Imperativo,Imperativo,ellos,reconozcan,2,reviewed,
ES,reconocer,Indicativo,Futuro perfecto,yo,habré reconocido,2,reviewed,
ES,reconocer,Indicativo,Futuro perfecto,tú,habrás reconocido,2,reviewed,
ES,reconocer,Indicativo,Futuro perfecto,él,habrá reconocido,2,reviewed,
ES,reconocer,Indicativo,Futuro perfecto,nosotros,habremos reconocido,2,reviewed,
ES,reconocer,Indicativo,Futuro perfecto,vosotros,habréis reconocido,2,reviewed,
ES,reconocer,Indicativo,Futuro perfecto,ellos,habrán reconocido,2,reviewed,
ES,reconocer,Subjuntivo,Subjuntivo presente,yo,reconozca,2,reviewed,
ES,reconocer,Subjuntivo,Subjuntivo presente,tú,reconozcas,2,reviewed,
ES,reconocer,Subjuntivo,Subjuntivo presente,él,reconozca,2,reviewed,
ES,reconocer,Subjuntivo,Subjuntivo presente,nosotros,reconozcamos,2,reviewed,
ES,reconocer,Subjuntivo,Subjuntivo presente,vosotros,reconozcáis,2,reviewed,
ES,reconocer,Subjuntivo,Subjuntivo presente,ellos,reconozcan,2,reviewed,
ES,reconocer,Indicativo,Pretérito perfecto simple,yo,reconocí,2,reviewed,
ES,reconocer,Indicativo,Pretérito perfecto simple,tú,reconociste,2,reviewed,
ES,reconocer,Indicativo,Pretérito perfecto simple,él,reconoció,2,reviewed,
ES,reconocer,Indicativo,Pretérito perfecto simple,nosotros,reconocimos,2,reviewed,
ES,reconocer,Indicativo,Pretérito perfecto simple,vosotros,reconocisteis,2,reviewed,
ES,reconocer,Indicativo,Pretérito perfecto simple,ellos,reconocieron,2,reviewed,
ES,reconocer,Indicativo,Pretérito pluscuamperfecto,yo,había reconocido,2,reviewed,
ES,reconocer,Indicativo,Pretérito pluscuamperfecto,tú,habías reconocido,2,reviewed,
ES,reconocer,Indicativo,Pretérito pluscuamperfecto,él,había reconocido,2,reviewed,
ES,reconocer,Indicativo,Pretérito pluscuamperfecto,nosotros,habíamos reconocido,2,reviewed,
ES,reconocer,Indicativo,Pretérito pluscuamperfecto,vosotros,habíais reconocido,2,reviewed,
ES,reconocer,Indicativo,Pretérito pluscuamperfecto,ellos,habían reconocido,2,reviewed,
ES,subir,Indicativo,Presente,yo,subo,2,reviewed,
ES,subir,Indicativo,Presente,tú,subes,2,reviewed,
ES,subir,Indicativo,Presente,él,sube,2,reviewed,
ES,subir,Indicativo,Presente,nosotros,subimos,2,reviewed,
ES,subir,Indicativo,Presente,vosotros,subís,2,reviewed,
ES,subir,Indicativo,Presente,ellos,suben,2,reviewed,
ES,subir,Indicativo,Futuro,yo,subiré,2,reviewed,
ES,subir,Indicativo,Futuro,tú,subirás,2,reviewed,
ES,subir,Indicativo,Futuro,él,subirá,2,reviewed,
ES,subir,Indicativo,Futuro,nosotros,subiremos,2,reviewed,
ES,subir,Indicativo,Futuro,vosotros,subiréis,2,reviewed,
ES,subir,Indicativo,Futuro,ellos,subirán,2,reviewed,
ES,subir,Indicativo,Pretérito perfecto compuesto,yo,he subido,2,reviewed,
ES,subir,Indicativo,Pretérito perfecto compuesto,tú,has subido,2,reviewed,
ES,subir,Indicativo,Pretérito perfecto compuesto,él,ha subido,2,reviewed,
ES,subir,Indicativo,Pretérito perfecto compuesto,nosotros,hemos subido,2,reviewed,
ES,subir,Indicativo,Pretérito perfecto compuesto,vosotros,habéis subido,2,reviewed,
ES,subir,Indicativo,Pretérito perfecto compuesto,ellos,han subido,2,reviewed,
ES,subir,Indicativo,Pretérito imperfecto,yo,subía,2,reviewed,
ES,subir,Indicativo,Pretérito imperfecto,tú,subías,2,reviewed,
ES,subir,Indicativo,Pretérito imperfecto,él,subía,2,reviewed,
ES,subir,Indicativo,Pretérito imperfecto,nosotros,subíamos,2,reviewed,
ES,subir,Indicativo,Pretérito imperfecto,vosotros,subíais,2,reviewed,
ES,subir,Indicativo,Pretérito imperfecto,ellos,subían,2,reviewed,
ES,subir,Condicional,Condicional,yo,subiría,2,reviewed,
ES,subir,Condicional,Condicional,tú,subirías,2,reviewed,
ES,subir,Condicional,Condicional,él,subiría,2,reviewed,
ES,subir,Condicional,Condicional,nosotros,subiríamos,2,reviewed,
ES,subir,Condicional,Condicional,vosotros,subiríais,2,reviewed,
ES,subir,Condicional,Condicional,ellos,subirían,2,reviewed,
ES,subir,Imperativo,Imperativo,yo,-,2,reviewed,yo imperative placeholder -; no standard form
ES,subir,Imperativo,Imperativo,tú,sube,2,reviewed,
ES,subir,Imperativo,Imperativo,él,suba,2,reviewed,
ES,subir,Imperativo,Imperativo,nosotros,subamos,2,reviewed,
ES,subir,Imperativo,Imperativo,vosotros,subid,2,reviewed,
ES,subir,Imperativo,Imperativo,ellos,suban,2,reviewed,
ES,subir,Indicativo,Futuro perfecto,yo,habré subido,2,reviewed,
ES,subir,Indicativo,Futuro perfecto,tú,habrás subido,2,reviewed,
ES,subir,Indicativo,Futuro perfecto,él,habrá subido,2,reviewed,
ES,subir,Indicativo,Futuro perfecto,nosotros,habremos subido,2,reviewed,
ES,subir,Indicativo,Futuro perfecto,vosotros,habréis subido,2,reviewed,
ES,subir,Indicativo,Futuro perfecto,ellos,habrán subido,2,reviewed,
ES,subir,Subjuntivo,Subjuntivo presente,yo,suba,2,reviewed,
ES,subir,Subjuntivo,Subjuntivo presente,tú,subas,2,reviewed,
ES,subir,Subjuntivo,Subjuntivo presente,él,suba,2,reviewed,
ES,subir,Subjuntivo,Subjuntivo presente,nosotros,subamos,2,reviewed,
ES,subir,Subjuntivo,Subjuntivo presente,vosotros,subáis,2,reviewed,
ES,subir,Subjuntivo,Subjuntivo presente,ellos,suban,2,reviewed,
ES,subir,Indicativo,Pretérito perfecto simple,yo,subí,2,reviewed,
ES,subir,Indicativo,Pretérito perfecto simple,tú,subiste,2,reviewed,
ES,subir,Indicativo,Pretérito perfecto simple,él,subió,2,reviewed,
ES,subir,Indicativo,Pretérito perfecto simple,nosotros,subimos,2,reviewed,
ES,subir,Indicativo,Pretérito perfecto simple,vosotros,subisteis,2,reviewed,
ES,subir,Indicativo,Pretérito perfecto simple,ellos,subieron,2,reviewed,
ES,subir,Indicativo,Pretérito pluscuamperfecto,yo,había subido,2,reviewed,
ES,subir,Indicativo,Pretérito pluscuamperfecto,tú,habías subido,2,reviewed,
ES,subir,Indicativo,Pretérito pluscuamperfecto,él,había subido,2,reviewed,
ES,subir,Indicativo,Pretérito pluscuamperfecto,nosotros,habíamos subido,2,reviewed,
ES,subir,Indicativo,Pretérito pluscuamperfecto,vosotros,habíais subido,2,reviewed,
ES,subir,Indicativo,Pretérito pluscuamperfecto,ellos,habían subido,2,reviewed,
ES,montar,Indicativo,Presente,yo,monto,2,reviewed,
ES,montar,Indicativo,Presente,tú,montas,2,reviewed,
ES,montar,Indicativo,Presente,él,monta,2,reviewed,
ES,montar,Indicativo,Presente,nosotros,montamos,2,reviewed,
ES,montar,Indicativo,Presente,vosotros,montáis,2,reviewed,
ES,montar,Indicativo,Presente,ellos,montan,2,reviewed,
ES,montar,Indicativo,Futuro,yo,montaré,2,reviewed,
ES,montar,Indicativo,Futuro,tú,montarás,2,reviewed,
ES,montar,Indicativo,Futuro,él,montará,2,reviewed,
ES,montar,Indicativo,Futuro,nosotros,montaremos,2,reviewed,
ES,montar,Indicativo,Futuro,vosotros,montaréis,2,reviewed,
ES,montar,Indicativo,Futuro,ellos,montarán,2,reviewed,
ES,montar,Indicativo,Pretérito perfecto compuesto,yo,he montado,2,reviewed,
ES,montar,Indicativo,Pretérito perfecto compuesto,tú,has montado,2,reviewed,
ES,montar,Indicativo,Pretérito perfecto compuesto,él,ha montado,2,reviewed,
ES,montar,Indicativo,Pretérito perfecto compuesto,nosotros,hemos montado,2,reviewed,
ES,montar,Indicativo,Pretérito perfecto compuesto,vosotros,habéis montado,2,reviewed,
ES,montar,Indicativo,Pretérito perfecto compuesto,ellos,han montado,2,reviewed,
ES,montar,Indicativo,Pretérito imperfecto,yo,montaba,2,reviewed,
ES,montar,Indicativo,Pretérito imperfecto,tú,montabas,2,reviewed,
ES,montar,Indicativo,Pretérito imperfecto,él,montaba,2,reviewed,
ES,montar,Indicativo,Pretérito imperfecto,nosotros,montábamos,2,reviewed,
ES,montar,Indicativo,Pretérito imperfecto,vosotros,montabais,2,reviewed,
ES,montar,Indicativo,Pretérito imperfecto,ellos,montaban,2,reviewed,
ES,montar,Condicional,Condicional,yo,montaría,2,reviewed,
ES,montar,Condicional,Condicional,tú,montarías,2,reviewed,
ES,montar,Condicional,Condicional,él,montaría,2,reviewed,
ES,montar,Condicional,Condicional,nosotros,montaríamos,2,reviewed,
ES,montar,Condicional,Condicional,vosotros,montaríais,2,reviewed,
ES,montar,Condicional,Condicional,ellos,montarían,2,reviewed,
ES,montar,Imperativo,Imperativo,yo,-,2,reviewed,yo imperative placeholder -; no standard form
ES,montar,Imperativo,Imperativo,tú,monta,2,reviewed,
ES,montar,Imperativo,Imperativo,él,monte,2,reviewed,
ES,montar,Imperativo,Imperativo,nosotros,montemos,2,reviewed,
ES,montar,Imperativo,Imperativo,vosotros,montad,2,reviewed,
ES,montar,Imperativo,Imperativo,ellos,monten,2,reviewed,
ES,montar,Indicativo,Futuro perfecto,yo,habré montado,2,reviewed,
ES,montar,Indicativo,Futuro perfecto,tú,habrás montado,2,reviewed,
ES,montar,Indicativo,Futuro perfecto,él,habrá montado,2,reviewed,
ES,montar,Indicativo,Futuro perfecto,nosotros,habremos montado,2,reviewed,
ES,montar,Indicativo,Futuro perfecto,vosotros,habréis montado,2,reviewed,
ES,montar,Indicativo,Futuro perfecto,ellos,habrán montado,2,reviewed,
ES,montar,Subjuntivo,Subjuntivo presente,yo,monte,2,reviewed,
ES,montar,Subjuntivo,Subjuntivo presente,tú,montes,2,reviewed,
ES,montar,Subjuntivo,Subjuntivo presente,él,monte,2,reviewed,
ES,montar,Subjuntivo,Subjuntivo presente,nosotros,montemos,2,reviewed,
ES,montar,Subjuntivo,Subjuntivo presente,vosotros,montéis,2,reviewed,
ES,montar,Subjuntivo,Subjuntivo presente,ellos,monten,2,reviewed,
ES,montar,Indicativo,Pretérito perfecto simple,yo,monté,2,reviewed,
ES,montar,Indicativo,Pretérito perfecto simple,tú,montaste,2,reviewed,
ES,montar,Indicativo,Pretérito perfecto simple,él,montó,2,reviewed,
ES,montar,Indicativo,Pretérito perfecto simple,nosotros,montamos,2,reviewed,
ES,montar,Indicativo,Pretérito perfecto simple,vosotros,montasteis,2,reviewed,
ES,montar,Indicativo,Pretérito perfecto simple,ellos,montaron,2,reviewed,
ES,montar,Indicativo,Pretérito pluscuamperfecto,yo,había montado,2,reviewed,
ES,montar,Indicativo,Pretérito pluscuamperfecto,tú,habías montado,2,reviewed,
ES,montar,Indicativo,Pretérito pluscuamperfecto,él,había montado,2,reviewed,
ES,montar,Indicativo,Pretérito pluscuamperfecto,nosotros,habíamos montado,2,reviewed,
ES,montar,Indicativo,Pretérito pluscuamperfecto,vosotros,habíais montado,2,reviewed,
ES,montar,Indicativo,Pretérito pluscuamperfecto,ellos,habían montado,2,reviewed,
ES,beber,Indicativo,Presente,yo,bebo,2,reviewed,
ES,beber,Indicativo,Presente,tú,bebes,2,reviewed,
ES,beber,Indicativo,Presente,él,bebe,2,reviewed,
ES,beber,Indicativo,Presente,nosotros,bebemos,2,reviewed,
ES,beber,Indicativo,Presente,vosotros,bebéis,2,reviewed,
ES,beber,Indicativo,Presente,ellos,beben,2,reviewed,
ES,beber,Indicativo,Futuro,yo,beberé,2,reviewed,
ES,beber,Indicativo,Futuro,tú,beberás,2,reviewed,
ES,beber,Indicativo,Futuro,él,beberá,2,reviewed,
ES,beber,Indicativo,Futuro,nosotros,beberemos,2,reviewed,
ES,beber,Indicativo,Futuro,vosotros,beberéis,2,reviewed,
ES,beber,Indicativo,Futuro,ellos,beberán,2,reviewed,
ES,beber,Indicativo,Pretérito perfecto compuesto,yo,he bebido,2,reviewed,
ES,beber,Indicativo,Pretérito perfecto compuesto,tú,has bebido,2,reviewed,
ES,beber,Indicativo,Pretérito perfecto compuesto,él,ha bebido,2,reviewed,
ES,beber,Indicativo,Pretérito perfecto compuesto,nosotros,hemos bebido,2,reviewed,
ES,beber,Indicativo,Pretérito perfecto compuesto,vosotros,habéis bebido,2,reviewed,
ES,beber,Indicativo,Pretérito perfecto compuesto,ellos,han bebido,2,reviewed,
ES,beber,Indicativo,Pretérito imperfecto,yo,bebía,2,reviewed,
ES,beber,Indicativo,Pretérito imperfecto,tú,bebías,2,reviewed,
ES,beber,Indicativo,Pretérito imperfecto,él,bebía,2,reviewed,
ES,beber,Indicativo,Pretérito imperfecto,nosotros,bebíamos,2,reviewed,
ES,beber,Indicativo,Pretérito imperfecto,vosotros,bebíais,2,reviewed,
ES,beber,Indicativo,Pretérito imperfecto,ellos,bebían,2,reviewed,
ES,beber,Condicional,Condicional,yo,bebería,2,reviewed,
ES,beber,Condicional,Condicional,tú,beberías,2,reviewed,
ES,beber,Condicional,Condicional,él,bebería,2,reviewed,
ES,beber,Condicional,Condicional,nosotros,beberíamos,2,reviewed,
ES,beber,Condicional,Condicional,vosotros,beberíais,2,reviewed,
ES,beber,Condicional,Condicional,ellos,beberían,2,reviewed,
ES,beber,Imperativo,Imperativo,yo,-,2,reviewed,yo imperative placeholder -; no standard form
ES,beber,Imperativo,Imperativo,tú,bebe,2,reviewed,
ES,beber,Imperativo,Imperativo,él,beba,2,reviewed,
ES,beber,Imperativo,Imperativo,nosotros,bebamos,2,reviewed,
ES,beber,Imperativo,Imperativo,vosotros,bebed,2,reviewed,
ES,beber,Imperativo,Imperativo,ellos,beban,2,reviewed,
ES,beber,Indicativo,Futuro perfecto,yo,habré bebido,2,reviewed,
ES,beber,Indicativo,Futuro perfecto,tú,habrás bebido,2,reviewed,
ES,beber,Indicativo,Futuro perfecto,él,habrá bebido,2,reviewed,
ES,beber,Indicativo,Futuro perfecto,nosotros,habremos bebido,2,reviewed,
ES,beber,Indicativo,Futuro perfecto,vosotros,habréis bebido,2,reviewed,
ES,beber,Indicativo,Futuro perfecto,ellos,habrán bebido,2,reviewed,
ES,beber,Subjuntivo,Subjuntivo presente,yo,beba,2,reviewed,
ES,beber,Subjuntivo,Subjuntivo presente,tú,bebas,2,reviewed,
ES,beber,Subjuntivo,Subjuntivo presente,él,beba,2,reviewed,
ES,beber,Subjuntivo,Subjuntivo presente,nosotros,bebamos,2,reviewed,
ES,beber,Subjuntivo,Subjuntivo presente,vosotros,bebáis,2,reviewed,
ES,beber,Subjuntivo,Subjuntivo presente,ellos,beban,2,reviewed,
ES,beber,Indicativo,Pretérito perfecto simple,yo,bebí,2,reviewed,
ES,beber,Indicativo,Pretérito perfecto simple,tú,bebiste,2,reviewed,
ES,beber,Indicativo,Pretérito perfecto simple,él,bebió,2,reviewed,
ES,beber,Indicativo,Pretérito perfecto simple,nosotros,bebimos,2,reviewed,
ES,beber,Indicativo,Pretérito perfecto simple,vosotros,bebisteis,2,reviewed,
ES,beber,Indicativo,Pretérito perfecto simple,ellos,bebieron,2,reviewed,
ES,beber,Indicativo,Pretérito pluscuamperfecto,yo,había bebido,2,reviewed,
ES,beber,Indicativo,Pretérito pluscuamperfecto,tú,habías bebido,2,reviewed,
ES,beber,Indicativo,Pretérito pluscuamperfecto,él,había bebido,2,reviewed,
ES,beber,Indicativo,Pretérito pluscuamperfecto,nosotros,habíamos bebido,2,reviewed,
ES,beber,Indicativo,Pretérito pluscuamperfecto,vosotros,habíais bebido,2,reviewed,
ES,beber,Indicativo,Pretérito pluscuamperfecto,ellos,habían bebido,2,reviewed,
ES,tomar,Indicativo,Presente,yo,tomo,2,reviewed,
ES,tomar,Indicativo,Presente,tú,tomas,2,reviewed,
ES,tomar,Indicativo,Presente,él,toma,2,reviewed,
ES,tomar,Indicativo,Presente,nosotros,tomamos,2,reviewed,
ES,tomar,Indicativo,Presente,vosotros,tomáis,2,reviewed,
ES,tomar,Indicativo,Presente,ellos,toman,2,reviewed,
ES,tomar,Indicativo,Futuro,yo,tomaré,2,reviewed,
ES,tomar,Indicativo,Futuro,tú,tomarás,2,reviewed,
ES,tomar,Indicativo,Futuro,él,tomará,2,reviewed,
ES,tomar,Indicativo,Futuro,nosotros,tomaremos,2,reviewed,
ES,tomar,Indicativo,Futuro,vosotros,tomaréis,2,reviewed,
ES,tomar,Indicativo,Futuro,ellos,tomarán,2,reviewed,
ES,tomar,Indicativo,Pretérito perfecto compuesto,yo,he tomado,2,reviewed,
ES,tomar,Indicativo,Pretérito perfecto compuesto,tú,has tomado,2,reviewed,
ES,tomar,Indicativo,Pretérito perfecto compuesto,él,ha tomado,2,reviewed,
ES,tomar,Indicativo,Pretérito perfecto compuesto,nosotros,hemos tomado,2,reviewed,
ES,tomar,Indicativo,Pretérito perfecto compuesto,vosotros,habéis tomado,2,reviewed,
ES,tomar,Indicativo,Pretérito perfecto compuesto,ellos,han tomado,2,reviewed,
ES,tomar,Indicativo,Pretérito imperfecto,yo,tomaba,2,reviewed,
ES,tomar,Indicativo,Pretérito imperfecto,tú,tomabas,2,reviewed,
ES,tomar,Indicativo,Pretérito imperfecto,él,tomaba,2,reviewed,
ES,tomar,Indicativo,Pretérito imperfecto,nosotros,tomábamos,2,reviewed,
ES,tomar,Indicativo,Pretérito imperfecto,vosotros,tomabais,2,reviewed,
ES,tomar,Indicativo,Pretérito imperfecto,ellos,tomaban,2,reviewed,
ES,tomar,Condicional,Condicional,yo,tomaría,2,reviewed,
ES,tomar,Condicional,Condicional,tú,tomarías,2,reviewed,
ES,tomar,Condicional,Condicional,él,tomaría,2,reviewed,
ES,tomar,Condicional,Condicional,nosotros,tomaríamos,2,reviewed,
ES,tomar,Condicional,Condicional,vosotros,tomaríais,2,reviewed,
ES,tomar,Condicional,Condicional,ellos,tomarían,2,reviewed,
ES,tomar,Imperativo,Imperativo,yo,-,2,reviewed,yo imperative placeholder -; no standard form
ES,tomar,Imperativo,Imperativo,tú,toma,2,reviewed,
ES,tomar,Imperativo,Imperativo,él,tome,2,reviewed,
ES,tomar,Imperativo,Imperativo,nosotros,tomemos,2,reviewed,
ES,tomar,Imperativo,Imperativo,vosotros,tomad,2,reviewed,
ES,tomar,Imperativo,Imperativo,ellos,tomen,2,reviewed,
ES,tomar,Indicativo,Futuro perfecto,yo,habré tomado,2,reviewed,
ES,tomar,Indicativo,Futuro perfecto,tú,habrás tomado,2,reviewed,
ES,tomar,Indicativo,Futuro perfecto,él,habrá tomado,2,reviewed,
ES,tomar,Indicativo,Futuro perfecto,nosotros,habremos tomado,2,reviewed,
ES,tomar,Indicativo,Futuro perfecto,vosotros,habréis tomado,2,reviewed,
ES,tomar,Indicativo,Futuro perfecto,ellos,habrán tomado,2,reviewed,
ES,tomar,Subjuntivo,Subjuntivo presente,yo,tome,2,reviewed,
ES,tomar,Subjuntivo,Subjuntivo presente,tú,tomes,2,reviewed,
ES,tomar,Subjuntivo,Subjuntivo presente,él,tome,2,reviewed,
ES,tomar,Subjuntivo,Subjuntivo presente,nosotros,tomemos,2,reviewed,
ES,tomar,Subjuntivo,Subjuntivo presente,vosotros,toméis,2,reviewed,
ES,tomar,Subjuntivo,Subjuntivo presente,ellos,tomen,2,reviewed,
ES,tomar,Indicativo,Pretérito perfecto simple,yo,tomé,2,reviewed,
ES,tomar,Indicativo,Pretérito perfecto simple,tú,tomaste,2,reviewed,
ES,tomar,Indicativo,Pretérito perfecto simple,él,tomó,2,reviewed,
ES,tomar,Indicativo,Pretérito perfecto simple,nosotros,tomamos,2,reviewed,
ES,tomar,Indicativo,Pretérito perfecto simple,vosotros,tomasteis,2,reviewed,
ES,tomar,Indicativo,Pretérito perfecto simple,ellos,tomaron,2,reviewed,
ES,tomar,Indicativo,Pretérito pluscuamperfecto,yo,había tomado,2,reviewed,
ES,tomar,Indicativo,Pretérito pluscuamperfecto,tú,habías tomado,2,reviewed,
ES,tomar,Indicativo,Pretérito pluscuamperfecto,él,había tomado,2,reviewed,
ES,tomar,Indicativo,Pretérito pluscuamperfecto,nosotros,habíamos tomado,2,reviewed,
ES,tomar,Indicativo,Pretérito pluscuamperfecto,vosotros,habíais tomado,2,reviewed,
ES,tomar,Indicativo,Pretérito pluscuamperfecto,ellos,habían tomado,2,reviewed,
ES,olvidar,Indicativo,Presente,yo,olvido,2,reviewed,
ES,olvidar,Indicativo,Presente,tú,olvidas,2,reviewed,
ES,olvidar,Indicativo,Presente,él,olvida,2,reviewed,
ES,olvidar,Indicativo,Presente,nosotros,olvidamos,2,reviewed,
ES,olvidar,Indicativo,Presente,vosotros,olvidáis,2,reviewed,
ES,olvidar,Indicativo,Presente,ellos,olvidan,2,reviewed,
ES,olvidar,Indicativo,Futuro,yo,olvidaré,2,reviewed,
ES,olvidar,Indicativo,Futuro,tú,olvidarás,2,reviewed,
ES,olvidar,Indicativo,Futuro,él,olvidará,2,reviewed,
ES,olvidar,Indicativo,Futuro,nosotros,olvidaremos,2,reviewed,
ES,olvidar,Indicativo,Futuro,vosotros,olvidaréis,2,reviewed,
ES,olvidar,Indicativo,Futuro,ellos,olvidarán,2,reviewed,
ES,olvidar,Indicativo,Pretérito perfecto compuesto,yo,he olvidado,2,reviewed,
ES,olvidar,Indicativo,Pretérito perfecto compuesto,tú,has olvidado,2,reviewed,
ES,olvidar,Indicativo,Pretérito perfecto compuesto,él,ha olvidado,2,reviewed,
ES,olvidar,Indicativo,Pretérito perfecto compuesto,nosotros,hemos olvidado,2,reviewed,
ES,olvidar,Indicativo,Pretérito perfecto compuesto,vosotros,habéis olvidado,2,reviewed,
ES,olvidar,Indicativo,Pretérito perfecto compuesto,ellos,han olvidado,2,reviewed,
ES,olvidar,Indicativo,Pretérito imperfecto,yo,olvidaba,2,reviewed,
ES,olvidar,Indicativo,Pretérito imperfecto,tú,olvidabas,2,reviewed,
ES,olvidar,Indicativo,Pretérito imperfecto,él,olvidaba,2,reviewed,
ES,olvidar,Indicativo,Pretérito imperfecto,nosotros,olvidábamos,2,reviewed,
ES,olvidar,Indicativo,Pretérito imperfecto,vosotros,olvidabais,2,reviewed,
ES,olvidar,Indicativo,Pretérito imperfecto,ellos,olvidaban,2,reviewed,
ES,olvidar,Condicional,Condicional,yo,olvidaría,2,reviewed,
ES,olvidar,Condicional,Condicional,tú,olvidarías,2,reviewed,
ES,olvidar,Condicional,Condicional,él,olvidaría,2,reviewed,
ES,olvidar,Condicional,Condicional,nosotros,olvidaríamos,2,reviewed,
ES,olvidar,Condicional,Condicional,vosotros,olvidaríais,2,reviewed,
ES,olvidar,Condicional,Condicional,ellos,olvidarían,2,reviewed,
ES,olvidar,Imperativo,Imperativo,yo,-,2,reviewed,yo imperative placeholder -; no standard form
ES,olvidar,Imperativo,Imperativo,tú,olvida,2,reviewed,
ES,olvidar,Imperativo,Imperativo,él,olvide,2,reviewed,
ES,olvidar,Imperativo,Imperativo,nosotros,olvidemos,2,reviewed,
ES,olvidar,Imperativo,Imperativo,vosotros,olvidad,2,reviewed,
ES,olvidar,Imperativo,Imperativo,ellos,olviden,2,reviewed,
ES,olvidar,Indicativo,Futuro perfecto,yo,habré olvidado,2,reviewed,
ES,olvidar,Indicativo,Futuro perfecto,tú,habrás olvidado,2,reviewed,
ES,olvidar,Indicativo,Futuro perfecto,él,habrá olvidado,2,reviewed,
ES,olvidar,Indicativo,Futuro perfecto,nosotros,habremos olvidado,2,reviewed,
ES,olvidar,Indicativo,Futuro perfecto,vosotros,habréis olvidado,2,reviewed,
ES,olvidar,Indicativo,Futuro perfecto,ellos,habrán olvidado,2,reviewed,
ES,olvidar,Subjuntivo,Subjuntivo presente,yo,olvide,2,reviewed,
ES,olvidar,Subjuntivo,Subjuntivo presente,tú,olvides,2,reviewed,
ES,olvidar,Subjuntivo,Subjuntivo presente,él,olvide,2,reviewed,
ES,olvidar,Subjuntivo,Subjuntivo presente,nosotros,olvidemos,2,reviewed,
ES,olvidar,Subjuntivo,Subjuntivo presente,vosotros,olvidéis,2,reviewed,
ES,olvidar,Subjuntivo,Subjuntivo presente,ellos,olviden,2,reviewed,
ES,olvidar,Indicativo,Pretérito perfecto simple,yo,olvidé,2,reviewed,
ES,olvidar,Indicativo,Pretérito perfecto simple,tú,olvidaste,2,reviewed,
ES,olvidar,Indicativo,Pretérito perfecto simple,él,olvidó,2,reviewed,
ES,olvidar,Indicativo,Pretérito perfecto simple,nosotros,olvidamos,2,reviewed,
ES,olvidar,Indicativo,Pretérito perfecto simple,vosotros,olvidasteis,2,reviewed,
ES,olvidar,Indicativo,Pretérito perfecto simple,ellos,olvidaron,2,reviewed,
ES,olvidar,Indicativo,Pretérito pluscuamperfecto,yo,había olvidado,2,reviewed,
ES,olvidar,Indicativo,Pretérito pluscuamperfecto,tú,habías olvidado,2,reviewed,
ES,olvidar,Indicativo,Pretérito pluscuamperfecto,él,había olvidado,2,reviewed,
ES,olvidar,Indicativo,Pretérito pluscuamperfecto,nosotros,habíamos olvidado,2,reviewed,
ES,olvidar,Indicativo,Pretérito pluscuamperfecto,vosotros,habíais olvidado,2,reviewed,
ES,olvidar,Indicativo,Pretérito pluscuamperfecto,ellos,habían olvidado,2,reviewed,
ES,poner,Indicativo,Presente,yo,pongo,2,reviewed,
ES,poner,Indicativo,Presente,tú,pones,2,reviewed,
ES,poner,Indicativo,Presente,él,pone,2,reviewed,
ES,poner,Indicativo,Presente,nosotros,ponemos,2,reviewed,
ES,poner,Indicativo,Presente,vosotros,ponéis,2,reviewed,
ES,poner,Indicativo,Presente,ellos,ponen,2,reviewed,
ES,poner,Indicativo,Futuro,yo,pondré,2,reviewed,
ES,poner,Indicativo,Futuro,tú,pondrás,2,reviewed,
ES,poner,Indicativo,Futuro,él,pondrá,2,reviewed,
ES,poner,Indicativo,Futuro,nosotros,pondremos,2,reviewed,
ES,poner,Indicativo,Futuro,vosotros,pondréis,2,reviewed,
ES,poner,Indicativo,Futuro,ellos,pondrán,2,reviewed,
ES,poner,Indicativo,Pretérito perfecto compuesto,yo,he puesto,2,reviewed,
ES,poner,Indicativo,Pretérito perfecto compuesto,tú,has puesto,2,reviewed,
ES,poner,Indicativo,Pretérito perfecto compuesto,él,ha puesto,2,reviewed,
ES,poner,Indicativo,Pretérito perfecto compuesto,nosotros,hemos puesto,2,reviewed,
ES,poner,Indicativo,Pretérito perfecto compuesto,vosotros,habéis puesto,2,reviewed,
ES,poner,Indicativo,Pretérito perfecto compuesto,ellos,han puesto,2,reviewed,
ES,poner,Indicativo,Pretérito imperfecto,yo,ponía,2,reviewed,
ES,poner,Indicativo,Pretérito imperfecto,tú,ponías,2,reviewed,
ES,poner,Indicativo,Pretérito imperfecto,él,ponía,2,reviewed,
ES,poner,Indicativo,Pretérito imperfecto,nosotros,poníamos,2,reviewed,
ES,poner,Indicativo,Pretérito imperfecto,vosotros,poníais,2,reviewed,
ES,poner,Indicativo,Pretérito imperfecto,ellos,ponían,2,reviewed,
ES,poner,Condicional,Condicional,yo,pondría,2,reviewed,
ES,poner,Condicional,Condicional,tú,pondrías,2,reviewed,
ES,poner,Condicional,Condicional,él,pondría,2,reviewed,
ES,poner,Condicional,Condicional,nosotros,pondríamos,2,reviewed,
ES,poner,Condicional,Condicional,vosotros,pondríais,2,reviewed,
ES,poner,Condicional,Condicional,ellos,pondrían,2,reviewed,
ES,poner,Imperativo,Imperativo,yo,-,2,reviewed,yo imperative placeholder -; no standard form
ES,poner,Imperativo,Imperativo,tú,pon,2,reviewed,
ES,poner,Imperativo,Imperativo,él,ponga,2,reviewed,
ES,poner,Imperativo,Imperativo,nosotros,pongamos,2,reviewed,
ES,poner,Imperativo,Imperativo,vosotros,poned,2,reviewed,
ES,poner,Imperativo,Imperativo,ellos,pongan,2,reviewed,
ES,poner,Indicativo,Futuro perfecto,yo,habré puesto,2,reviewed,
ES,poner,Indicativo,Futuro perfecto,tú,habrás puesto,2,reviewed,
ES,poner,Indicativo,Futuro perfecto,él,habrá puesto,2,reviewed,
ES,poner,Indicativo,Futuro perfecto,nosotros,habremos puesto,2,reviewed,
ES,poner,Indicativo,Futuro perfecto,vosotros,habréis puesto,2,reviewed,
ES,poner,Indicativo,Futuro perfecto,ellos,habrán puesto,2,reviewed,
ES,poner,Subjuntivo,Subjuntivo presente,yo,ponga,2,reviewed,
ES,poner,Subjuntivo,Subjuntivo presente,tú,pongas,2,reviewed,
ES,poner,Subjuntivo,Subjuntivo presente,él,ponga,2,reviewed,
ES,poner,Subjuntivo,Subjuntivo presente,nosotros,pongamos,2,reviewed,
ES,poner,Subjuntivo,Subjuntivo presente,vosotros,pongáis,2,reviewed,
ES,poner,Subjuntivo,Subjuntivo presente,ellos,pongan,2,reviewed,
ES,poner,Indicativo,Pretérito perfecto simple,yo,puse,2,reviewed,
ES,poner,Indicativo,Pretérito perfecto simple,tú,pusiste,2,reviewed,
ES,poner,Indicativo,Pretérito perfecto simple,él,puso,2,reviewed,
ES,poner,Indicativo,Pretérito perfecto simple,nosotros,pusimos,2,reviewed,
ES,poner,Indicativo,Pretérito perfecto simple,vosotros,pusisteis,2,reviewed,
ES,poner,Indicativo,Pretérito perfecto simple,ellos,pusieron,2,reviewed,
ES,poner,Indicativo,Pretérito pluscuamperfecto,yo,había puesto,2,reviewed,
ES,poner,Indicativo,Pretérito pluscuamperfecto,tú,habías puesto,2,reviewed,
ES,poner,Indicativo,Pretérito pluscuamperfecto,él,había puesto,2,reviewed,
ES,poner,Indicativo,Pretérito pluscuamperfecto,nosotros,habíamos puesto,2,reviewed,
ES,poner,Indicativo,Pretérito pluscuamperfecto,vosotros,habíais puesto,2,reviewed,
ES,poner,Indicativo,Pretérito pluscuamperfecto,ellos,habían puesto,2,reviewed,
ES,colocar,Indicativo,Presente,yo,coloco,2,reviewed,
ES,colocar,Indicativo,Presente,tú,colocas,2,reviewed,
ES,colocar,Indicativo,Presente,él,coloca,2,reviewed,
ES,colocar,Indicativo,Presente,nosotros,colocamos,2,reviewed,
ES,colocar,Indicativo,Presente,vosotros,colocáis,2,reviewed,
ES,colocar,Indicativo,Presente,ellos,colocan,2,reviewed,
ES,colocar,Indicativo,Futuro,yo,colocaré,2,reviewed,
ES,colocar,Indicativo,Futuro,tú,colocarás,2,reviewed,
ES,colocar,Indicativo,Futuro,él,colocará,2,reviewed,
ES,colocar,Indicativo,Futuro,nosotros,colocaremos,2,reviewed,
ES,colocar,Indicativo,Futuro,vosotros,colocaréis,2,reviewed,
ES,colocar,Indicativo,Futuro,ellos,colocarán,2,reviewed,
ES,colocar,Indicativo,Pretérito perfecto compuesto,yo,he colocado,2,reviewed,
ES,colocar,Indicativo,Pretérito perfecto compuesto,tú,has colocado,2,reviewed,
ES,colocar,Indicativo,Pretérito perfecto compuesto,él,ha colocado,2,reviewed,
ES,colocar,Indicativo,Pretérito perfecto compuesto,nosotros,hemos colocado,2,reviewed,
ES,colocar,Indicativo,Pretérito perfecto compuesto,vosotros,habéis colocado,2,reviewed,
ES,colocar,Indicativo,Pretérito perfecto compuesto,ellos,han colocado,2,reviewed,
ES,colocar,Indicativo,Pretérito imperfecto,yo,colocaba,2,reviewed,
ES,colocar,Indicativo,Pretérito imperfecto,tú,colocabas,2,reviewed,
ES,colocar,Indicativo,Pretérito imperfecto,él,colocaba,2,reviewed,
ES,colocar,Indicativo,Pretérito imperfecto,nosotros,colocábamos,2,reviewed,
ES,colocar,Indicativo,Pretérito imperfecto,vosotros,colocabais,2,reviewed,
ES,colocar,Indicativo,Pretérito imperfecto,ellos,colocaban,2,reviewed,
ES,colocar,Condicional,Condicional,yo,colocaría,2,reviewed,
ES,colocar,Condicional,Condicional,tú,colocarías,2,reviewed,
ES,colocar,Condicional,Condicional,él,colocaría,2,reviewed,
ES,colocar,Condicional,Condicional,nosotros,colocaríamos,2,reviewed,
ES,colocar,Condicional,Condicional,vosotros,colocaríais,2,reviewed,
ES,colocar,Condicional,Condicional,ellos,colocarían,2,reviewed,
ES,colocar,Imperativo,Imperativo,yo,-,2,reviewed,yo imperative placeholder -; no standard form
ES,colocar,Imperativo,Imperativo,tú,coloca,2,reviewed,
ES,colocar,Imperativo,Imperativo,él,coloque,2,reviewed,
ES,colocar,Imperativo,Imperativo,nosotros,coloquemos,2,reviewed,
ES,colocar,Imperativo,Imperativo,vosotros,colocad,2,reviewed,
ES,colocar,Imperativo,Imperativo,ellos,coloquen,2,reviewed,
ES,colocar,Indicativo,Futuro perfecto,yo,habré colocado,2,reviewed,
ES,colocar,Indicativo,Futuro perfecto,tú,habrás colocado,2,reviewed,
ES,colocar,Indicativo,Futuro perfecto,él,habrá colocado,2,reviewed,
ES,colocar,Indicativo,Futuro perfecto,nosotros,habremos colocado,2,reviewed,
ES,colocar,Indicativo,Futuro perfecto,vosotros,habréis colocado,2,reviewed,
ES,colocar,Indicativo,Futuro perfecto,ellos,habrán colocado,2,reviewed,
ES,colocar,Subjuntivo,Subjuntivo presente,yo,coloque,2,reviewed,
ES,colocar,Subjuntivo,Subjuntivo presente,tú,coloques,2,reviewed,
ES,colocar,Subjuntivo,Subjuntivo presente,él,coloque,2,reviewed,
ES,colocar,Subjuntivo,Subjuntivo presente,nosotros,coloquemos,2,reviewed,
ES,colocar,Subjuntivo,Subjuntivo presente,vosotros,coloquéis,2,reviewed,
ES,colocar,Subjuntivo,Subjuntivo presente,ellos,coloquen,2,reviewed,
ES,colocar,Indicativo,Pretérito perfecto simple,yo,coloqué,2,reviewed,
ES,colocar,Indicativo,Pretérito perfecto simple,tú,colocaste,2,reviewed,
ES,colocar,Indicativo,Pretérito perfecto simple,él,colocó,2,reviewed,
ES,colocar,Indicativo,Pretérito perfecto simple,nosotros,colocamos,2,reviewed,
ES,colocar,Indicativo,Pretérito perfecto simple,vosotros,colocasteis,2,reviewed,
ES,colocar,Indicativo,Pretérito perfecto simple,ellos,colocaron,2,reviewed,
ES,colocar,Indicativo,Pretérito pluscuamperfecto,yo,había colocado,2,reviewed,
ES,colocar,Indicativo,Pretérito pluscuamperfecto,tú,habías colocado,2,reviewed,
ES,colocar,Indicativo,Pretérito pluscuamperfecto,él,había colocado,2,reviewed,
ES,colocar,Indicativo,Pretérito pluscuamperfecto,nosotros,habíamos colocado,2,reviewed,
ES,colocar,Indicativo,Pretérito pluscuamperfecto,vosotros,habíais colocado,2,reviewed,
ES,colocar,Indicativo,Pretérito pluscuamperfecto,ellos,habían colocado,2,reviewed,
ES,amar,Indicativo,Presente,yo,amo,2,reviewed,
ES,amar,Indicativo,Presente,tú,amas,2,reviewed,
ES,amar,Indicativo,Presente,él,ama,2,reviewed,
ES,amar,Indicativo,Presente,nosotros,amamos,2,reviewed,
ES,amar,Indicativo,Presente,vosotros,amáis,2,reviewed,
ES,amar,Indicativo,Presente,ellos,aman,2,reviewed,
ES,amar,Indicativo,Futuro,yo,amaré,2,reviewed,
ES,amar,Indicativo,Futuro,tú,amarás,2,reviewed,
ES,amar,Indicativo,Futuro,él,amará,2,reviewed,
ES,amar,Indicativo,Futuro,nosotros,amaremos,2,reviewed,
ES,amar,Indicativo,Futuro,vosotros,amaréis,2,reviewed,
ES,amar,Indicativo,Futuro,ellos,amarán,2,reviewed,
ES,amar,Indicativo,Pretérito perfecto compuesto,yo,he amado,2,reviewed,
ES,amar,Indicativo,Pretérito perfecto compuesto,tú,has amado,2,reviewed,
ES,amar,Indicativo,Pretérito perfecto compuesto,él,ha amado,2,reviewed,
ES,amar,Indicativo,Pretérito perfecto compuesto,nosotros,hemos amado,2,reviewed,
ES,amar,Indicativo,Pretérito perfecto compuesto,vosotros,habéis amado,2,reviewed,
ES,amar,Indicativo,Pretérito perfecto compuesto,ellos,han amado,2,reviewed,
ES,amar,Indicativo,Pretérito imperfecto,yo,amaba,2,reviewed,
ES,amar,Indicativo,Pretérito imperfecto,tú,amabas,2,reviewed,
ES,amar,Indicativo,Pretérito imperfecto,él,amaba,2,reviewed,
ES,amar,Indicativo,Pretérito imperfecto,nosotros,amábamos,2,reviewed,
ES,amar,Indicativo,Pretérito imperfecto,vosotros,amabais,2,reviewed,
ES,amar,Indicativo,Pretérito imperfecto,ellos,amaban,2,reviewed,
ES,amar,Condicional,Condicional,yo,amaría,2,reviewed,
ES,amar,Condicional,Condicional,tú,amarías,2,reviewed,
ES,amar,Condicional,Condicional,él,amaría,2,reviewed,
ES,amar,Condicional,Condicional,nosotros,amaríamos,2,reviewed,
ES,amar,Condicional,Condicional,vosotros,amaríais,2,reviewed,
ES,amar,Condicional,Condicional,ellos,amarían,2,reviewed,
ES,amar,Imperativo,Imperativo,yo,-,2,reviewed,yo imperative placeholder -; no standard form
ES,amar,Imperativo,Imperativo,tú,ama,2,reviewed,
ES,amar,Imperativo,Imperativo,él,ame,2,reviewed,
ES,amar,Imperativo,Imperativo,nosotros,amemos,2,reviewed,
ES,amar,Imperativo,Imperativo,vosotros,amad,2,reviewed,
ES,amar,Imperativo,Imperativo,ellos,amen,2,reviewed,
ES,amar,Indicativo,Futuro perfecto,yo,habré amado,2,reviewed,
ES,amar,Indicativo,Futuro perfecto,tú,habrás amado,2,reviewed,
ES,amar,Indicativo,Futuro perfecto,él,habrá amado,2,reviewed,
ES,amar,Indicativo,Futuro perfecto,nosotros,habremos amado,2,reviewed,
ES,amar,Indicativo,Futuro perfecto,vosotros,habréis amado,2,reviewed,
ES,amar,Indicativo,Futuro perfecto,ellos,habrán amado,2,reviewed,
ES,amar,Subjuntivo,Subjuntivo presente,yo,ame,2,reviewed,
ES,amar,Subjuntivo,Subjuntivo presente,tú,ames,2,reviewed,
ES,amar,Subjuntivo,Subjuntivo presente,él,ame,2,reviewed,
ES,amar,Subjuntivo,Subjuntivo presente,nosotros,amemos,2,reviewed,
ES,amar,Subjuntivo,Subjuntivo presente,vosotros,améis,2,reviewed,
ES,amar,Subjuntivo,Subjuntivo presente,ellos,amen,2,reviewed,
ES,amar,Indicativo,Pretérito perfecto simple,yo,amé,2,reviewed,
ES,amar,Indicativo,Pretérito perfecto simple,tú,amaste,2,reviewed,
ES,amar,Indicativo,Pretérito perfecto simple,él,amó,2,reviewed,
ES,amar,Indicativo,Pretérito perfecto simple,nosotros,amamos,2,reviewed,
ES,amar,Indicativo,Pretérito perfecto simple,vosotros,amasteis,2,reviewed,
ES,amar,Indicativo,Pretérito perfecto simple,ellos,amaron,2,reviewed,
ES,amar,Indicativo,Pretérito pluscuamperfecto,yo,había amado,2,reviewed,
ES,amar,Indicativo,Pretérito pluscuamperfecto,tú,habías amado,2,reviewed,
ES,amar,Indicativo,Pretérito pluscuamperfecto,él,había amado,2,reviewed,
ES,amar,Indicativo,Pretérito pluscuamperfecto,nosotros,habíamos amado,2,reviewed,
ES,amar,Indicativo,Pretérito pluscuamperfecto,vosotros,habíais amado,2,reviewed,
ES,amar,Indicativo,Pretérito pluscuamperfecto,ellos,habían amado,2,reviewed,
ES,gustar,Indicativo,Presente,yo,gusto,2,reviewed,
ES,gustar,Indicativo,Presente,tú,gustas,2,reviewed,
ES,gustar,Indicativo,Presente,él,gusta,2,reviewed,
ES,gustar,Indicativo,Presente,nosotros,gustamos,2,reviewed,
ES,gustar,Indicativo,Presente,vosotros,gustáis,2,reviewed,
ES,gustar,Indicativo,Presente,ellos,gustan,2,reviewed,
ES,gustar,Indicativo,Futuro,yo,gustaré,2,reviewed,
ES,gustar,Indicativo,Futuro,tú,gustarás,2,reviewed,
ES,gustar,Indicativo,Futuro,él,gustará,2,reviewed,
ES,gustar,Indicativo,Futuro,nosotros,gustaremos,2,reviewed,
ES,gustar,Indicativo,Futuro,vosotros,gustaréis,2,reviewed,
ES,gustar,Indicativo,Futuro,ellos,gustarán,2,reviewed,
ES,gustar,Indicativo,Pretérito perfecto compuesto,yo,he gustado,2,reviewed,
ES,gustar,Indicativo,Pretérito perfecto compuesto,tú,has gustado,2,reviewed,
ES,gustar,Indicativo,Pretérito perfecto compuesto,él,ha gustado,2,reviewed,
ES,gustar,Indicativo,Pretérito perfecto compuesto,nosotros,hemos gustado,2,reviewed,
ES,gustar,Indicativo,Pretérito perfecto compuesto,vosotros,habéis gustado,2,reviewed,
ES,gustar,Indicativo,Pretérito perfecto compuesto,ellos,han gustado,2,reviewed,
ES,gustar,Indicativo,Pretérito imperfecto,yo,gustaba,2,reviewed,
ES,gustar,Indicativo,Pretérito imperfecto,tú,gustabas,2,reviewed,
ES,gustar,Indicativo,Pretérito imperfecto,él,gustaba,2,reviewed,
ES,gustar,Indicativo,Pretérito imperfecto,nosotros,gustábamos,2,reviewed,
ES,gustar,Indicativo,Pretérito imperfecto,vosotros,gustabais,2,reviewed,
ES,gustar,Indicativo,Pretérito imperfecto,ellos,gustaban,2,reviewed,
ES,gustar,Condicional,Condicional,yo,gustaría,2,reviewed,
ES,gustar,Condicional,Condicional,tú,gustarías,2,reviewed,
ES,gustar,Condicional,Condicional,él,gustaría,2,reviewed,
ES,gustar,Condicional,Condicional,nosotros,gustaríamos,2,reviewed,
ES,gustar,Condicional,Condicional,vosotros,gustaríais,2,reviewed,
ES,gustar,Condicional,Condicional,ellos,gustarían,2,reviewed,
ES,gustar,Imperativo,Imperativo,yo,-,2,reviewed,lexical usage often non-agentive; yo imperative placeholder -
ES,gustar,Imperativo,Imperativo,tú,gusta,2,reviewed,lexical usage often non-agentive; imperative uncommon
ES,gustar,Imperativo,Imperativo,él,guste,2,reviewed,lexical usage often non-agentive; imperative uncommon
ES,gustar,Imperativo,Imperativo,nosotros,gustemos,2,reviewed,lexical usage often non-agentive; imperative uncommon
ES,gustar,Imperativo,Imperativo,vosotros,gustad,2,reviewed,lexical usage often non-agentive; imperative uncommon
ES,gustar,Imperativo,Imperativo,ellos,gusten,2,reviewed,lexical usage often non-agentive; imperative uncommon
ES,gustar,Indicativo,Futuro perfecto,yo,habré gustado,2,reviewed,
ES,gustar,Indicativo,Futuro perfecto,tú,habrás gustado,2,reviewed,
ES,gustar,Indicativo,Futuro perfecto,él,habrá gustado,2,reviewed,
ES,gustar,Indicativo,Futuro perfecto,nosotros,habremos gustado,2,reviewed,
ES,gustar,Indicativo,Futuro perfecto,vosotros,habréis gustado,2,reviewed,
ES,gustar,Indicativo,Futuro perfecto,ellos,habrán gustado,2,reviewed,
ES,gustar,Subjuntivo,Subjuntivo presente,yo,guste,2,reviewed,
ES,gustar,Subjuntivo,Subjuntivo presente,tú,gustes,2,reviewed,
ES,gustar,Subjuntivo,Subjuntivo presente,él,guste,2,reviewed,
ES,gustar,Subjuntivo,Subjuntivo presente,nosotros,gustemos,2,reviewed,
ES,gustar,Subjuntivo,Subjuntivo presente,vosotros,gustéis,2,reviewed,
ES,gustar,Subjuntivo,Subjuntivo presente,ellos,gusten,2,reviewed,
ES,gustar,Indicativo,Pretérito perfecto simple,yo,gusté,2,reviewed,
ES,gustar,Indicativo,Pretérito perfecto simple,tú,gustaste,2,reviewed,
ES,gustar,Indicativo,Pretérito perfecto simple,él,gustó,2,reviewed,
ES,gustar,Indicativo,Pretérito perfecto simple,nosotros,gustamos,2,reviewed,
ES,gustar,Indicativo,Pretérito perfecto simple,vosotros,gustasteis,2,reviewed,
ES,gustar,Indicativo,Pretérito perfecto simple,ellos,gustaron,2,reviewed,
ES,gustar,Indicativo,Pretérito pluscuamperfecto,yo,había gustado,2,reviewed,
ES,gustar,Indicativo,Pretérito pluscuamperfecto,tú,habías gustado,2,reviewed,
ES,gustar,Indicativo,Pretérito pluscuamperfecto,él,había gustado,2,reviewed,
ES,gustar,Indicativo,Pretérito pluscuamperfecto,nosotros,habíamos gustado,2,reviewed,
ES,gustar,Indicativo,Pretérito pluscuamperfecto,vosotros,habíais gustado,2,reviewed,
ES,gustar,Indicativo,Pretérito pluscuamperfecto,ellos,habían gustado,2,reviewed,
ES,detener,Indicativo,Presente,yo,detengo,2,reviewed,
ES,detener,Indicativo,Presente,tú,detienes,2,reviewed,
ES,detener,Indicativo,Presente,él,detiene,2,reviewed,
ES,detener,Indicativo,Presente,nosotros,detenemos,2,reviewed,
ES,detener,Indicativo,Presente,vosotros,detenéis,2,reviewed,
ES,detener,Indicativo,Presente,ellos,detienen,2,reviewed,
ES,detener,Indicativo,Futuro,yo,detendré,2,reviewed,
ES,detener,Indicativo,Futuro,tú,detendrás,2,reviewed,
ES,detener,Indicativo,Futuro,él,detendrá,2,reviewed,
ES,detener,Indicativo,Futuro,nosotros,detendremos,2,reviewed,
ES,detener,Indicativo,Futuro,vosotros,detendréis,2,reviewed,
ES,detener,Indicativo,Futuro,ellos,detendrán,2,reviewed,
ES,detener,Indicativo,Pretérito perfecto compuesto,yo,he detenido,2,reviewed,
ES,detener,Indicativo,Pretérito perfecto compuesto,tú,has detenido,2,reviewed,
ES,detener,Indicativo,Pretérito perfecto compuesto,él,ha detenido,2,reviewed,
ES,detener,Indicativo,Pretérito perfecto compuesto,nosotros,hemos detenido,2,reviewed,
ES,detener,Indicativo,Pretérito perfecto compuesto,vosotros,habéis detenido,2,reviewed,
ES,detener,Indicativo,Pretérito perfecto compuesto,ellos,han detenido,2,reviewed,
ES,detener,Indicativo,Pretérito imperfecto,yo,detenía,2,reviewed,
ES,detener,Indicativo,Pretérito imperfecto,tú,detenías,2,reviewed,
ES,detener,Indicativo,Pretérito imperfecto,él,detenía,2,reviewed,
ES,detener,Indicativo,Pretérito imperfecto,nosotros,deteníamos,2,reviewed,
ES,detener,Indicativo,Pretérito imperfecto,vosotros,deteníais,2,reviewed,
ES,detener,Indicativo,Pretérito imperfecto,ellos,detenían,2,reviewed,
ES,detener,Condicional,Condicional,yo,detendría,2,reviewed,
ES,detener,Condicional,Condicional,tú,detendrías,2,reviewed,
ES,detener,Condicional,Condicional,él,detendría,2,reviewed,
ES,detener,Condicional,Condicional,nosotros,detendríamos,2,reviewed,
ES,detener,Condicional,Condicional,vosotros,detendríais,2,reviewed,
ES,detener,Condicional,Condicional,ellos,detendrían,2,reviewed,
ES,detener,Imperativo,Imperativo,yo,-,2,reviewed,yo imperative placeholder -; no standard form
ES,detener,Imperativo,Imperativo,tú,detén,2,reviewed,
ES,detener,Imperativo,Imperativo,él,detenga,2,reviewed,
ES,detener,Imperativo,Imperativo,nosotros,detengamos,2,reviewed,
ES,detener,Imperativo,Imperativo,vosotros,detened,2,reviewed,
ES,detener,Imperativo,Imperativo,ellos,detengan,2,reviewed,
ES,detener,Indicativo,Futuro perfecto,yo,habré detenido,2,reviewed,
ES,detener,Indicativo,Futuro perfecto,tú,habrás detenido,2,reviewed,
ES,detener,Indicativo,Futuro perfecto,él,habrá detenido,2,reviewed,
ES,detener,Indicativo,Futuro perfecto,nosotros,habremos detenido,2,reviewed,
ES,detener,Indicativo,Futuro perfecto,vosotros,habréis detenido,2,reviewed,
ES,detener,Indicativo,Futuro perfecto,ellos,habrán detenido,2,reviewed,
ES,detener,Subjuntivo,Subjuntivo presente,yo,detenga,2,reviewed,
ES,detener,Subjuntivo,Subjuntivo presente,tú,detengas,2,reviewed,
ES,detener,Subjuntivo,Subjuntivo presente,él,detenga,2,reviewed,
ES,detener,Subjuntivo,Subjuntivo presente,nosotros,detengamos,2,reviewed,
ES,detener,Subjuntivo,Subjuntivo presente,vosotros,detengáis,2,reviewed,
ES,detener,Subjuntivo,Subjuntivo presente,ellos,detengan,2,reviewed,
ES,detener,Indicativo,Pretérito perfecto simple,yo,detuve,2,reviewed,
ES,detener,Indicativo,Pretérito perfecto simple,tú,detuviste,2,reviewed,
ES,detener,Indicativo,Pretérito perfecto simple,él,detuvo,2,reviewed,
ES,detener,Indicativo,Pretérito perfecto simple,nosotros,detuvimos,2,reviewed,
ES,detener,Indicativo,Pretérito perfecto simple,vosotros,detuvisteis,2,reviewed,
ES,detener,Indicativo,Pretérito perfecto simple,ellos,detuvieron,2,reviewed,
ES,detener,Indicativo,Pretérito pluscuamperfecto,yo,había detenido,2,reviewed,
ES,detener,Indicativo,Pretérito pluscuamperfecto,tú,habías detenido,2,reviewed,
ES,detener,Indicativo,Pretérito pluscuamperfecto,él,había detenido,2,reviewed,
ES,detener,Indicativo,Pretérito pluscuamperfecto,nosotros,habíamos detenido,2,reviewed,
ES,detener,Indicativo,Pretérito pluscuamperfecto,vosotros,habíais detenido,2,reviewed,
ES,detener,Indicativo,Pretérito pluscuamperfecto,ellos,habían detenido,2,reviewed,
ES,parar,Indicativo,Presente,yo,paro,2,reviewed,
ES,parar,Indicativo,Presente,tú,paras,2,reviewed,
ES,parar,Indicativo,Presente,él,para,2,reviewed,
ES,parar,Indicativo,Presente,nosotros,paramos,2,reviewed,
ES,parar,Indicativo,Presente,vosotros,paráis,2,reviewed,
ES,parar,Indicativo,Presente,ellos,paran,2,reviewed,
ES,parar,Indicativo,Futuro,yo,pararé,2,reviewed,
ES,parar,Indicativo,Futuro,tú,pararás,2,reviewed,
ES,parar,Indicativo,Futuro,él,parará,2,reviewed,
ES,parar,Indicativo,Futuro,nosotros,pararemos,2,reviewed,
ES,parar,Indicativo,Futuro,vosotros,pararéis,2,reviewed,
ES,parar,Indicativo,Futuro,ellos,pararán,2,reviewed,
ES,parar,Indicativo,Pretérito perfecto compuesto,yo,he parado,2,reviewed,
ES,parar,Indicativo,Pretérito perfecto compuesto,tú,has parado,2,reviewed,
ES,parar,Indicativo,Pretérito perfecto compuesto,él,ha parado,2,reviewed,
ES,parar,Indicativo,Pretérito perfecto compuesto,nosotros,hemos parado,2,reviewed,
ES,parar,Indicativo,Pretérito perfecto compuesto,vosotros,habéis parado,2,reviewed,
ES,parar,Indicativo,Pretérito perfecto compuesto,ellos,han parado,2,reviewed,
ES,parar,Indicativo,Pretérito imperfecto,yo,paraba,2,reviewed,
ES,parar,Indicativo,Pretérito imperfecto,tú,parabas,2,reviewed,
ES,parar,Indicativo,Pretérito imperfecto,él,paraba,2,reviewed,
ES,parar,Indicativo,Pretérito imperfecto,nosotros,parábamos,2,reviewed,
ES,parar,Indicativo,Pretérito imperfecto,vosotros,parabais,2,reviewed,
ES,parar,Indicativo,Pretérito imperfecto,ellos,paraban,2,reviewed,
ES,parar,Condicional,Condicional,yo,pararía,2,reviewed,
ES,parar,Condicional,Condicional,tú,pararías,2,reviewed,
ES,parar,Condicional,Condicional,él,pararía,2,reviewed,
ES,parar,Condicional,Condicional,nosotros,pararíamos,2,reviewed,
ES,parar,Condicional,Condicional,vosotros,pararíais,2,reviewed,
ES,parar,Condicional,Condicional,ellos,pararían,2,reviewed,
ES,parar,Imperativo,Imperativo,yo,-,2,reviewed,yo imperative placeholder -; no standard form
ES,parar,Imperativo,Imperativo,tú,para,2,reviewed,
ES,parar,Imperativo,Imperativo,él,pare,2,reviewed,
ES,parar,Imperativo,Imperativo,nosotros,paremos,2,reviewed,
ES,parar,Imperativo,Imperativo,vosotros,parad,2,reviewed,
ES,parar,Imperativo,Imperativo,ellos,paren,2,reviewed,
ES,parar,Indicativo,Futuro perfecto,yo,habré parado,2,reviewed,
ES,parar,Indicativo,Futuro perfecto,tú,habrás parado,2,reviewed,
ES,parar,Indicativo,Futuro perfecto,él,habrá parado,2,reviewed,
ES,parar,Indicativo,Futuro perfecto,nosotros,habremos parado,2,reviewed,
ES,parar,Indicativo,Futuro perfecto,vosotros,habréis parado,2,reviewed,
ES,parar,Indicativo,Futuro perfecto,ellos,habrán parado,2,reviewed,
ES,parar,Subjuntivo,Subjuntivo presente,yo,pare,2,reviewed,
ES,parar,Subjuntivo,Subjuntivo presente,tú,pares,2,reviewed,
ES,parar,Subjuntivo,Subjuntivo presente,él,pare,2,reviewed,
ES,parar,Subjuntivo,Subjuntivo presente,nosotros,paremos,2,reviewed,
ES,parar,Subjuntivo,Subjuntivo presente,vosotros,paréis,2,reviewed,
ES,parar,Subjuntivo,Subjuntivo presente,ellos,paren,2,reviewed,
ES,parar,Indicativo,Pretérito perfecto simple,yo,paré,2,reviewed,
ES,parar,Indicativo,Pretérito perfecto simple,tú,paraste,2,reviewed,
ES,parar,Indicativo,Pretérito perfecto simple,él,paró,2,reviewed,
ES,parar,Indicativo,Pretérito perfecto simple,nosotros,paramos,2,reviewed,
ES,parar,Indicativo,Pretérito perfecto simple,vosotros,parasteis,2,reviewed,
ES,parar,Indicativo,Pretérito perfecto simple,ellos,pararon,2,reviewed,
ES,parar,Indicativo,Pretérito pluscuamperfecto,yo,había parado,2,reviewed,
ES,parar,Indicativo,Pretérito pluscuamperfecto,tú,habías parado,2,reviewed,
ES,parar,Indicativo,Pretérito pluscuamperfecto,él,había parado,2,reviewed,
ES,parar,Indicativo,Pretérito pluscuamperfecto,nosotros,habíamos parado,2,reviewed,
ES,parar,Indicativo,Pretérito pluscuamperfecto,vosotros,habíais parado,2,reviewed,
ES,parar,Indicativo,Pretérito pluscuamperfecto,ellos,habían parado,2,reviewed,
ES,sentir,Indicativo,Presente,yo,siento,2,reviewed,
ES,sentir,Indicativo,Presente,tú,sientes,2,reviewed,
ES,sentir,Indicativo,Presente,él,siente,2,reviewed,
ES,sentir,Indicativo,Presente,nosotros,sentimos,2,reviewed,
ES,sentir,Indicativo,Presente,vosotros,sentís,2,reviewed,
ES,sentir,Indicativo,Presente,ellos,sienten,2,reviewed,
ES,sentir,Indicativo,Futuro,yo,sentiré,2,reviewed,
ES,sentir,Indicativo,Futuro,tú,sentirás,2,reviewed,
ES,sentir,Indicativo,Futuro,él,sentirá,2,reviewed,
ES,sentir,Indicativo,Futuro,nosotros,sentiremos,2,reviewed,
ES,sentir,Indicativo,Futuro,vosotros,sentiréis,2,reviewed,
ES,sentir,Indicativo,Futuro,ellos,sentirán,2,reviewed,
ES,sentir,Indicativo,Pretérito perfecto compuesto,yo,he sentido,2,reviewed,
ES,sentir,Indicativo,Pretérito perfecto compuesto,tú,has sentido,2,reviewed,
ES,sentir,Indicativo,Pretérito perfecto compuesto,él,ha sentido,2,reviewed,
ES,sentir,Indicativo,Pretérito perfecto compuesto,nosotros,hemos sentido,2,reviewed,
ES,sentir,Indicativo,Pretérito perfecto compuesto,vosotros,habéis sentido,2,reviewed,
ES,sentir,Indicativo,Pretérito perfecto compuesto,ellos,han sentido,2,reviewed,
ES,sentir,Indicativo,Pretérito imperfecto,yo,sentía,2,reviewed,
ES,sentir,Indicativo,Pretérito imperfecto,tú,sentías,2,reviewed,
ES,sentir,Indicativo,Pretérito imperfecto,él,sentía,2,reviewed,
ES,sentir,Indicativo,Pretérito imperfecto,nosotros,sentíamos,2,reviewed,
ES,sentir,Indicativo,Pretérito imperfecto,vosotros,sentíais,2,reviewed,
ES,sentir,Indicativo,Pretérito imperfecto,ellos,sentían,2,reviewed,
ES,sentir,Condicional,Condicional,yo,sentiría,2,reviewed,
ES,sentir,Condicional,Condicional,tú,sentirías,2,reviewed,
ES,sentir,Condicional,Condicional,él,sentiría,2,reviewed,
ES,sentir,Condicional,Condicional,nosotros,sentiríamos,2,reviewed,
ES,sentir,Condicional,Condicional,vosotros,sentiríais,2,reviewed,
ES,sentir,Condicional,Condicional,ellos,sentirían,2,reviewed,
ES,sentir,Imperativo,Imperativo,yo,-,2,reviewed,yo imperative placeholder -; no standard form
ES,sentir,Imperativo,Imperativo,tú,siente,2,reviewed,
ES,sentir,Imperativo,Imperativo,él,sienta,2,reviewed,
ES,sentir,Imperativo,Imperativo,nosotros,sintamos,2,reviewed,
ES,sentir,Imperativo,Imperativo,vosotros,sentid,2,reviewed,
ES,sentir,Imperativo,Imperativo,ellos,sientan,2,reviewed,
ES,sentir,Indicativo,Futuro perfecto,yo,habré sentido,2,reviewed,
ES,sentir,Indicativo,Futuro perfecto,tú,habrás sentido,2,reviewed,
ES,sentir,Indicativo,Futuro perfecto,él,habrá sentido,2,reviewed,
ES,sentir,Indicativo,Futuro perfecto,nosotros,habremos sentido,2,reviewed,
ES,sentir,Indicativo,Futuro perfecto,vosotros,habréis sentido,2,reviewed,
ES,sentir,Indicativo,Futuro perfecto,ellos,habrán sentido,2,reviewed,
ES,sentir,Subjuntivo,Subjuntivo presente,yo,sienta,2,reviewed,
ES,sentir,Subjuntivo,Subjuntivo presente,tú,sientas,2,reviewed,
ES,sentir,Subjuntivo,Subjuntivo presente,él,sienta,2,reviewed,
ES,sentir,Subjuntivo,Subjuntivo presente,nosotros,sintamos,2,reviewed,
ES,sentir,Subjuntivo,Subjuntivo presente,vosotros,sintáis,2,reviewed,
ES,sentir,Subjuntivo,Subjuntivo presente,ellos,sientan,2,reviewed,
ES,sentir,Indicativo,Pretérito perfecto simple,yo,sentí,2,reviewed,
ES,sentir,Indicativo,Pretérito perfecto simple,tú,sentiste,2,reviewed,
ES,sentir,Indicativo,Pretérito perfecto simple,él,sintió,2,reviewed,
ES,sentir,Indicativo,Pretérito perfecto simple,nosotros,sentimos,2,reviewed,
ES,sentir,Indicativo,Pretérito perfecto simple,vosotros,sentisteis,2,reviewed,
ES,sentir,Indicativo,Pretérito perfecto simple,ellos,sintieron,2,reviewed,
ES,sentir,Indicativo,Pretérito pluscuamperfecto,yo,había sentido,2,reviewed,
ES,sentir,Indicativo,Pretérito pluscuamperfecto,tú,habías sentido,2,reviewed,
ES,sentir,Indicativo,Pretérito pluscuamperfecto,él,había sentido,2,reviewed,
ES,sentir,Indicativo,Pretérito pluscuamperfecto,nosotros,habíamos sentido,2,reviewed,
ES,sentir,Indicativo,Pretérito pluscuamperfecto,vosotros,habíais sentido,2,reviewed,
ES,sentir,Indicativo,Pretérito pluscuamperfecto,ellos,habían sentido,2,reviewed,
ES,oler,Indicativo,Presente,yo,huelo,2,reviewed,
ES,oler,Indicativo,Presente,tú,hueles,2,reviewed,
ES,oler,Indicativo,Presente,él,huele,2,reviewed,
ES,oler,Indicativo,Presente,nosotros,olemos,2,reviewed,
ES,oler,Indicativo,Presente,vosotros,oléis,2,reviewed,
ES,oler,Indicativo,Presente,ellos,huelen,2,reviewed,
ES,oler,Indicativo,Futuro,yo,oleré,2,reviewed,
ES,oler,Indicativo,Futuro,tú,olerás,2,reviewed,
ES,oler,Indicativo,Futuro,él,olerá,2,reviewed,
ES,oler,Indicativo,Futuro,nosotros,oleremos,2,reviewed,
ES,oler,Indicativo,Futuro,vosotros,oleréis,2,reviewed,
ES,oler,Indicativo,Futuro,ellos,olerán,2,reviewed,
ES,oler,Indicativo,Pretérito perfecto compuesto,yo,he olido,2,reviewed,
ES,oler,Indicativo,Pretérito perfecto compuesto,tú,has olido,2,reviewed,
ES,oler,Indicativo,Pretérito perfecto compuesto,él,ha olido,2,reviewed,
ES,oler,Indicativo,Pretérito perfecto compuesto,nosotros,hemos olido,2,reviewed,
ES,oler,Indicativo,Pretérito perfecto compuesto,vosotros,habéis olido,2,reviewed,
ES,oler,Indicativo,Pretérito perfecto compuesto,ellos,han olido,2,reviewed,
ES,oler,Indicativo,Pretérito imperfecto,yo,olía,2,reviewed,
ES,oler,Indicativo,Pretérito imperfecto,tú,olías,2,reviewed,
ES,oler,Indicativo,Pretérito imperfecto,él,olía,2,reviewed,
ES,oler,Indicativo,Pretérito imperfecto,nosotros,olíamos,2,reviewed,
ES,oler,Indicativo,Pretérito imperfecto,vosotros,olíais,2,reviewed,
ES,oler,Indicativo,Pretérito imperfecto,ellos,olían,2,reviewed,
ES,oler,Condicional,Condicional,yo,olería,2,reviewed,
ES,oler,Condicional,Condicional,tú,olerías,2,reviewed,
ES,oler,Condicional,Condicional,él,olería,2,reviewed,
ES,oler,Condicional,Condicional,nosotros,oleríamos,2,reviewed,
ES,oler,Condicional,Condicional,vosotros,oleríais,2,reviewed,
ES,oler,Condicional,Condicional,ellos,olerían,2,reviewed,
ES,oler,Imperativo,Imperativo,yo,-,2,reviewed,yo imperative placeholder -; no standard form
ES,oler,Imperativo,Imperativo,tú,huele,2,reviewed,
ES,oler,Imperativo,Imperativo,él,huela,2,reviewed,
ES,oler,Imperativo,Imperativo,nosotros,olamos,2,reviewed,
ES,oler,Imperativo,Imperativo,vosotros,oled,2,reviewed,
ES,oler,Imperativo,Imperativo,ellos,huelan,2,reviewed,
ES,oler,Indicativo,Futuro perfecto,yo,habré olido,2,reviewed,
ES,oler,Indicativo,Futuro perfecto,tú,habrás olido,2,reviewed,
ES,oler,Indicativo,Futuro perfecto,él,habrá olido,2,reviewed,
ES,oler,Indicativo,Futuro perfecto,nosotros,habremos olido,2,reviewed,
ES,oler,Indicativo,Futuro perfecto,vosotros,habréis olido,2,reviewed,
ES,oler,Indicativo,Futuro perfecto,ellos,habrán olido,2,reviewed,
ES,oler,Subjuntivo,Subjuntivo presente,yo,huela,2,reviewed,
ES,oler,Subjuntivo,Subjuntivo presente,tú,huelas,2,reviewed,
ES,oler,Subjuntivo,Subjuntivo presente,él,huela,2,reviewed,
ES,oler,Subjuntivo,Subjuntivo presente,nosotros,olamos,2,reviewed,
ES,oler,Subjuntivo,Subjuntivo presente,vosotros,oláis,2,reviewed,
ES,oler,Subjuntivo,Subjuntivo presente,ellos,huelan,2,reviewed,
ES,oler,Indicativo,Pretérito perfecto simple,yo,olí,2,reviewed,
ES,oler,Indicativo,Pretérito perfecto simple,tú,oliste,2,reviewed,
ES,oler,Indicativo,Pretérito perfecto simple,él,olió,2,reviewed,
ES,oler,Indicativo,Pretérito perfecto simple,nosotros,olimos,2,reviewed,
ES,oler,Indicativo,Pretérito perfecto simple,vosotros,olisteis,2,reviewed,
ES,oler,Indicativo,Pretérito perfecto simple,ellos,olieron,2,reviewed,
ES,oler,Indicativo,Pretérito pluscuamperfecto,yo,había olido,2,reviewed,
ES,oler,Indicativo,Pretérito pluscuamperfecto,tú,habías olido,2,reviewed,
ES,oler,Indicativo,Pretérito pluscuamperfecto,él,había olido,2,reviewed,
ES,oler,Indicativo,Pretérito pluscuamperfecto,nosotros,habíamos olido,2,reviewed,
ES,oler,Indicativo,Pretérito pluscuamperfecto,vosotros,habíais olido,2,reviewed,
ES,oler,Indicativo,Pretérito pluscuamperfecto,ellos,habían olido,2,reviewed,
ES,alcanzar,Indicativo,Presente,yo,alcanzo,2,reviewed,
ES,alcanzar,Indicativo,Presente,tú,alcanzas,2,reviewed,
ES,alcanzar,Indicativo,Presente,él,alcanza,2,reviewed,
ES,alcanzar,Indicativo,Presente,nosotros,alcanzamos,2,reviewed,
ES,alcanzar,Indicativo,Presente,vosotros,alcanzáis,2,reviewed,
ES,alcanzar,Indicativo,Presente,ellos,alcanzan,2,reviewed,
ES,alcanzar,Indicativo,Futuro,yo,alcanzaré,2,reviewed,
ES,alcanzar,Indicativo,Futuro,tú,alcanzarás,2,reviewed,
ES,alcanzar,Indicativo,Futuro,él,alcanzará,2,reviewed,
ES,alcanzar,Indicativo,Futuro,nosotros,alcanzaremos,2,reviewed,
ES,alcanzar,Indicativo,Futuro,vosotros,alcanzaréis,2,reviewed,
ES,alcanzar,Indicativo,Futuro,ellos,alcanzarán,2,reviewed,
ES,alcanzar,Indicativo,Pretérito perfecto compuesto,yo,he alcanzado,2,reviewed,
ES,alcanzar,Indicativo,Pretérito perfecto compuesto,tú,has alcanzado,2,reviewed,
ES,alcanzar,Indicativo,Pretérito perfecto compuesto,él,ha alcanzado,2,reviewed,
ES,alcanzar,Indicativo,Pretérito perfecto compuesto,nosotros,hemos alcanzado,2,reviewed,
ES,alcanzar,Indicativo,Pretérito perfecto compuesto,vosotros,habéis alcanzado,2,reviewed,
ES,alcanzar,Indicativo,Pretérito perfecto compuesto,ellos,han alcanzado,2,reviewed,
ES,alcanzar,Indicativo,Pretérito imperfecto,yo,alcanzaba,2,reviewed,
ES,alcanzar,Indicativo,Pretérito imperfecto,tú,alcanzabas,2,reviewed,
ES,alcanzar,Indicativo,Pretérito imperfecto,él,alcanzaba,2,reviewed,
ES,alcanzar,Indicativo,Pretérito imperfecto,nosotros,alcanzábamos,2,reviewed,
ES,alcanzar,Indicativo,Pretérito imperfecto,vosotros,alcanzabais,2,reviewed,
ES,alcanzar,Indicativo,Pretérito imperfecto,ellos,alcanzaban,2,reviewed,
ES,alcanzar,Condicional,Condicional,yo,alcanzaría,2,reviewed,
ES,alcanzar,Condicional,Condicional,tú,alcanzarías,2,reviewed,
ES,alcanzar,Condicional,Condicional,él,alcanzaría,2,reviewed,
ES,alcanzar,Condicional,Condicional,nosotros,alcanzaríamos,2,reviewed,
ES,alcanzar,Condicional,Condicional,vosotros,alcanzaríais,2,reviewed,
ES,alcanzar,Condicional,Condicional,ellos,alcanzarían,2,reviewed,
ES,alcanzar,Imperativo,Imperativo,yo,-,2,reviewed,yo imperative placeholder -; no standard form
ES,alcanzar,Imperativo,Imperativo,tú,alcanza,2,reviewed,
ES,alcanzar,Imperativo,Imperativo,él,alcance,2,reviewed,
ES,alcanzar,Imperativo,Imperativo,nosotros,alcancemos,2,reviewed,
ES,alcanzar,Imperativo,Imperativo,vosotros,alcanzad,2,reviewed,
ES,alcanzar,Imperativo,Imperativo,ellos,alcancen,2,reviewed,
ES,alcanzar,Indicativo,Futuro perfecto,yo,habré alcanzado,2,reviewed,
ES,alcanzar,Indicativo,Futuro perfecto,tú,habrás alcanzado,2,reviewed,
ES,alcanzar,Indicativo,Futuro perfecto,él,habrá alcanzado,2,reviewed,
ES,alcanzar,Indicativo,Futuro perfecto,nosotros,habremos alcanzado,2,reviewed,
ES,alcanzar,Indicativo,Futuro perfecto,vosotros,habréis alcanzado,2,reviewed,
ES,alcanzar,Indicativo,Futuro perfecto,ellos,habrán alcanzado,2,reviewed,
ES,alcanzar,Subjuntivo,Subjuntivo presente,yo,alcance,2,reviewed,
ES,alcanzar,Subjuntivo,Subjuntivo presente,tú,alcances,2,reviewed,
ES,alcanzar,Subjuntivo,Subjuntivo presente,él,alcance,2,reviewed,
ES,alcanzar,Subjuntivo,Subjuntivo presente,nosotros,alcancemos,2,reviewed,
ES,alcanzar,Subjuntivo,Subjuntivo presente,vosotros,alcancéis,2,reviewed,
ES,alcanzar,Subjuntivo,Subjuntivo presente,ellos,alcancen,2,reviewed,
ES,alcanzar,Indicativo,Pretérito perfecto simple,yo,alcancé,2,reviewed,
ES,alcanzar,Indicativo,Pretérito perfecto simple,tú,alcanzaste,2,reviewed,
ES,alcanzar,Indicativo,Pretérito perfecto simple,él,alcanzó,2,reviewed,
ES,alcanzar,Indicativo,Pretérito perfecto simple,nosotros,alcanzamos,2,reviewed,
ES,alcanzar,Indicativo,Pretérito perfecto simple,vosotros,alcanzasteis,2,reviewed,
ES,alcanzar,Indicativo,Pretérito perfecto simple,ellos,alcanzaron,2,reviewed,
ES,alcanzar,Indicativo,Pretérito pluscuamperfecto,yo,había alcanzado,2,reviewed,
ES,alcanzar,Indicativo,Pretérito pluscuamperfecto,tú,habías alcanzado,2,reviewed,
ES,alcanzar,Indicativo,Pretérito pluscuamperfecto,él,había alcanzado,2,reviewed,
ES,alcanzar,Indicativo,Pretérito pluscuamperfecto,nosotros,habíamos alcanzado,2,reviewed,
ES,alcanzar,Indicativo,Pretérito pluscuamperfecto,vosotros,habíais alcanzado,2,reviewed,
ES,alcanzar,Indicativo,Pretérito pluscuamperfecto,ellos,habían alcanzado,2,reviewed,
ES,lograr,Indicativo,Presente,yo,logro,2,reviewed,
ES,lograr,Indicativo,Presente,tú,logras,2,reviewed,
ES,lograr,Indicativo,Presente,él,logra,2,reviewed,
ES,lograr,Indicativo,Presente,nosotros,logramos,2,reviewed,
ES,lograr,Indicativo,Presente,vosotros,lográis,2,reviewed,
ES,lograr,Indicativo,Presente,ellos,logran,2,reviewed,
ES,lograr,Indicativo,Futuro,yo,lograré,2,reviewed,
ES,lograr,Indicativo,Futuro,tú,lograrás,2,reviewed,
ES,lograr,Indicativo,Futuro,él,logrará,2,reviewed,
ES,lograr,Indicativo,Futuro,nosotros,lograremos,2,reviewed,
ES,lograr,Indicativo,Futuro,vosotros,lograréis,2,reviewed,
ES,lograr,Indicativo,Futuro,ellos,lograrán,2,reviewed,
ES,lograr,Indicativo,Pretérito perfecto compuesto,yo,he logrado,2,reviewed,
ES,lograr,Indicativo,Pretérito perfecto compuesto,tú,has logrado,2,reviewed,
ES,lograr,Indicativo,Pretérito perfecto compuesto,él,ha logrado,2,reviewed,
ES,lograr,Indicativo,Pretérito perfecto compuesto,nosotros,hemos logrado,2,reviewed,
ES,lograr,Indicativo,Pretérito perfecto compuesto,vosotros,habéis logrado,2,reviewed,
ES,lograr,Indicativo,Pretérito perfecto compuesto,ellos,han logrado,2,reviewed,
ES,lograr,Indicativo,Pretérito imperfecto,yo,lograba,2,reviewed,
ES,lograr,Indicativo,Pretérito imperfecto,tú,lograbas,2,reviewed,
ES,lograr,Indicativo,Pretérito imperfecto,él,lograba,2,reviewed,
ES,lograr,Indicativo,Pretérito imperfecto,nosotros,lográbamos,2,reviewed,
ES,lograr,Indicativo,Pretérito imperfecto,vosotros,lograbais,2,reviewed,
ES,lograr,Indicativo,Pretérito imperfecto,ellos,lograban,2,reviewed,
ES,lograr,Condicional,Condicional,yo,lograría,2,reviewed,
ES,lograr,Condicional,Condicional,tú,lograrías,2,reviewed,
ES,lograr,Condicional,Condicional,él,lograría,2,reviewed,
ES,lograr,Condicional,Condicional,nosotros,lograríamos,2,reviewed,
ES,lograr,Condicional,Condicional,vosotros,lograríais,2,reviewed,
ES,lograr,Condicional,Condicional,ellos,lograrían,2,reviewed,
ES,lograr,Imperativo,Imperativo,yo,-,2,reviewed,yo imperative placeholder -; no standard form
ES,lograr,Imperativo,Imperativo,tú,logra,2,reviewed,
ES,lograr,Imperativo,Imperativo,él,logre,2,reviewed,
ES,lograr,Imperativo,Imperativo,nosotros,logremos,2,reviewed,
ES,lograr,Imperativo,Imperativo,vosotros,lograd,2,reviewed,
ES,lograr,Imperativo,Imperativo,ellos,logren,2,reviewed,
ES,lograr,Indicativo,Futuro perfecto,yo,habré logrado,2,reviewed,
ES,lograr,Indicativo,Futuro perfecto,tú,habrás logrado,2,reviewed,
ES,lograr,Indicativo,Futuro perfecto,él,habrá logrado,2,reviewed,
ES,lograr,Indicativo,Futuro perfecto,nosotros,habremos logrado,2,reviewed,
ES,lograr,Indicativo,Futuro perfecto,vosotros,habréis logrado,2,reviewed,
ES,lograr,Indicativo,Futuro perfecto,ellos,habrán logrado,2,reviewed,
ES,lograr,Subjuntivo,Subjuntivo presente,yo,logre,2,reviewed,
ES,lograr,Subjuntivo,Subjuntivo presente,tú,logres,2,reviewed,
ES,lograr,Subjuntivo,Subjuntivo presente,él,logre,2,reviewed,
ES,lograr,Subjuntivo,Subjuntivo presente,nosotros,logremos,2,reviewed,
ES,lograr,Subjuntivo,Subjuntivo presente,vosotros,logréis,2,reviewed,
ES,lograr,Subjuntivo,Subjuntivo presente,ellos,logren,2,reviewed,
ES,lograr,Indicativo,Pretérito perfecto simple,yo,logré,2,reviewed,
ES,lograr,Indicativo,Pretérito perfecto simple,tú,lograste,2,reviewed,
ES,lograr,Indicativo,Pretérito perfecto simple,él,logró,2,reviewed,
ES,lograr,Indicativo,Pretérito perfecto simple,nosotros,logramos,2,reviewed,
ES,lograr,Indicativo,Pretérito perfecto simple,vosotros,lograsteis,2,reviewed,
ES,lograr,Indicativo,Pretérito perfecto simple,ellos,lograron,2,reviewed,
ES,lograr,Indicativo,Pretérito pluscuamperfecto,yo,había logrado,2,reviewed,
ES,lograr,Indicativo,Pretérito pluscuamperfecto,tú,habías logrado,2,reviewed,
ES,lograr,Indicativo,Pretérito pluscuamperfecto,él,había logrado,2,reviewed,
ES,lograr,Indicativo,Pretérito pluscuamperfecto,nosotros,habíamos logrado,2,reviewed,
ES,lograr,Indicativo,Pretérito pluscuamperfecto,vosotros,habíais logrado,2,reviewed,
ES,lograr,Indicativo,Pretérito pluscuamperfecto,ellos,habían logrado,2,reviewed,
ES,volver,Indicativo,Presente,yo,vuelvo,2,reviewed,
ES,volver,Indicativo,Presente,tú,vuelves,2,reviewed,
ES,volver,Indicativo,Presente,él,vuelve,2,reviewed,
ES,volver,Indicativo,Presente,nosotros,volvemos,2,reviewed,
ES,volver,Indicativo,Presente,vosotros,volvéis,2,reviewed,
ES,volver,Indicativo,Presente,ellos,vuelven,2,reviewed,
ES,volver,Indicativo,Futuro,yo,volveré,2,reviewed,
ES,volver,Indicativo,Futuro,tú,volverás,2,reviewed,
ES,volver,Indicativo,Futuro,él,volverá,2,reviewed,
ES,volver,Indicativo,Futuro,nosotros,volveremos,2,reviewed,
ES,volver,Indicativo,Futuro,vosotros,volveréis,2,reviewed,
ES,volver,Indicativo,Futuro,ellos,volverán,2,reviewed,
ES,volver,Indicativo,Pretérito perfecto compuesto,yo,he vuelto,2,reviewed,
ES,volver,Indicativo,Pretérito perfecto compuesto,tú,has vuelto,2,reviewed,
ES,volver,Indicativo,Pretérito perfecto compuesto,él,ha vuelto,2,reviewed,
ES,volver,Indicativo,Pretérito perfecto compuesto,nosotros,hemos vuelto,2,reviewed,
ES,volver,Indicativo,Pretérito perfecto compuesto,vosotros,habéis vuelto,2,reviewed,
ES,volver,Indicativo,Pretérito perfecto compuesto,ellos,han vuelto,2,reviewed,
ES,volver,Indicativo,Pretérito imperfecto,yo,volvía,2,reviewed,
ES,volver,Indicativo,Pretérito imperfecto,tú,volvías,2,reviewed,
ES,volver,Indicativo,Pretérito imperfecto,él,volvía,2,reviewed,
ES,volver,Indicativo,Pretérito imperfecto,nosotros,volvíamos,2,reviewed,
ES,volver,Indicativo,Pretérito imperfecto,vosotros,volvíais,2,reviewed,
ES,volver,Indicativo,Pretérito imperfecto,ellos,volvían,2,reviewed,
ES,volver,Condicional,Condicional,yo,volvería,2,reviewed,
ES,volver,Condicional,Condicional,tú,volverías,2,reviewed,
ES,volver,Condicional,Condicional,él,volvería,2,reviewed,
ES,volver,Condicional,Condicional,nosotros,volveríamos,2,reviewed,
ES,volver,Condicional,Condicional,vosotros,volveríais,2,reviewed,
ES,volver,Condicional,Condicional,ellos,volverían,2,reviewed,
ES,volver,Imperativo,Imperativo,yo,-,2,reviewed,yo imperative placeholder -; no standard form
ES,volver,Imperativo,Imperativo,tú,vuelve,2,reviewed,
ES,volver,Imperativo,Imperativo,él,vuelva,2,reviewed,
ES,volver,Imperativo,Imperativo,nosotros,volvamos,2,reviewed,
ES,volver,Imperativo,Imperativo,vosotros,volved,2,reviewed,
ES,volver,Imperativo,Imperativo,ellos,vuelvan,2,reviewed,
ES,volver,Indicativo,Futuro perfecto,yo,habré vuelto,2,reviewed,
ES,volver,Indicativo,Futuro perfecto,tú,habrás vuelto,2,reviewed,
ES,volver,Indicativo,Futuro perfecto,él,habrá vuelto,2,reviewed,
ES,volver,Indicativo,Futuro perfecto,nosotros,habremos vuelto,2,reviewed,
ES,volver,Indicativo,Futuro perfecto,vosotros,habréis vuelto,2,reviewed,
ES,volver,Indicativo,Futuro perfecto,ellos,habrán vuelto,2,reviewed,
ES,volver,Subjuntivo,Subjuntivo presente,yo,vuelva,2,reviewed,
ES,volver,Subjuntivo,Subjuntivo presente,tú,vuelvas,2,reviewed,
ES,volver,Subjuntivo,Subjuntivo presente,él,vuelva,2,reviewed,
ES,volver,Subjuntivo,Subjuntivo presente,nosotros,volvamos,2,reviewed,
ES,volver,Subjuntivo,Subjuntivo presente,vosotros,volváis,2,reviewed,
ES,volver,Subjuntivo,Subjuntivo presente,ellos,vuelvan,2,reviewed,
ES,volver,Indicativo,Pretérito perfecto simple,yo,volví,2,reviewed,
ES,volver,Indicativo,Pretérito perfecto simple,tú,volviste,2,reviewed,
ES,volver,Indicativo,Pretérito perfecto simple,él,volvió,2,reviewed,
ES,volver,Indicativo,Pretérito perfecto simple,nosotros,volvimos,2,reviewed,
ES,volver,Indicativo,Pretérito perfecto simple,vosotros,volvisteis,2,reviewed,
ES,volver,Indicativo,Pretérito perfecto simple,ellos,volvieron,2,reviewed,
ES,volver,Indicativo,Pretérito pluscuamperfecto,yo,había vuelto,2,reviewed,
ES,volver,Indicativo,Pretérito pluscuamperfecto,tú,habías vuelto,2,reviewed,
ES,volver,Indicativo,Pretérito pluscuamperfecto,él,había vuelto,2,reviewed,
ES,volver,Indicativo,Pretérito pluscuamperfecto,nosotros,habíamos vuelto,2,reviewed,
ES,volver,Indicativo,Pretérito pluscuamperfecto,vosotros,habíais vuelto,2,reviewed,
ES,volver,Indicativo,Pretérito pluscuamperfecto,ellos,habían vuelto,2,reviewed,
ES,regresar,Indicativo,Presente,yo,regreso,2,reviewed,
ES,regresar,Indicativo,Presente,tú,regresas,2,reviewed,
ES,regresar,Indicativo,Presente,él,regresa,2,reviewed,
ES,regresar,Indicativo,Presente,nosotros,regresamos,2,reviewed,
ES,regresar,Indicativo,Presente,vosotros,regresáis,2,reviewed,
ES,regresar,Indicativo,Presente,ellos,regresan,2,reviewed,
ES,regresar,Indicativo,Futuro,yo,regresaré,2,reviewed,
ES,regresar,Indicativo,Futuro,tú,regresarás,2,reviewed,
ES,regresar,Indicativo,Futuro,él,regresará,2,reviewed,
ES,regresar,Indicativo,Futuro,nosotros,regresaremos,2,reviewed,
ES,regresar,Indicativo,Futuro,vosotros,regresaréis,2,reviewed,
ES,regresar,Indicativo,Futuro,ellos,regresarán,2,reviewed,
ES,regresar,Indicativo,Pretérito perfecto compuesto,yo,he regresado,2,reviewed,
ES,regresar,Indicativo,Pretérito perfecto compuesto,tú,has regresado,2,reviewed,
ES,regresar,Indicativo,Pretérito perfecto compuesto,él,ha regresado,2,reviewed,
ES,regresar,Indicativo,Pretérito perfecto compuesto,nosotros,hemos regresado,2,reviewed,
ES,regresar,Indicativo,Pretérito perfecto compuesto,vosotros,habéis regresado,2,reviewed,
ES,regresar,Indicativo,Pretérito perfecto compuesto,ellos,han regresado,2,reviewed,
ES,regresar,Indicativo,Pretérito imperfecto,yo,regresaba,2,reviewed,
ES,regresar,Indicativo,Pretérito imperfecto,tú,regresabas,2,reviewed,
ES,regresar,Indicativo,Pretérito imperfecto,él,regresaba,2,reviewed,
ES,regresar,Indicativo,Pretérito imperfecto,nosotros,regresábamos,2,reviewed,
ES,regresar,Indicativo,Pretérito imperfecto,vosotros,regresabais,2,reviewed,
ES,regresar,Indicativo,Pretérito imperfecto,ellos,regresaban,2,reviewed,
ES,regresar,Condicional,Condicional,yo,regresaría,2,reviewed,
ES,regresar,Condicional,Condicional,tú,regresarías,2,reviewed,
ES,regresar,Condicional,Condicional,él,regresaría,2,reviewed,
ES,regresar,Condicional,Condicional,nosotros,regresaríamos,2,reviewed,
ES,regresar,Condicional,Condicional,vosotros,regresaríais,2,reviewed,
ES,regresar,Condicional,Condicional,ellos,regresarían,2,reviewed,
ES,regresar,Imperativo,Imperativo,yo,-,2,reviewed,yo imperative placeholder -; no standard form
ES,regresar,Imperativo,Imperativo,tú,regresa,2,reviewed,
ES,regresar,Imperativo,Imperativo,él,regrese,2,reviewed,
ES,regresar,Imperativo,Imperativo,nosotros,regresemos,2,reviewed,
ES,regresar,Imperativo,Imperativo,vosotros,regresad,2,reviewed,
ES,regresar,Imperativo,Imperativo,ellos,regresen,2,reviewed,
ES,regresar,Indicativo,Futuro perfecto,yo,habré regresado,2,reviewed,
ES,regresar,Indicativo,Futuro perfecto,tú,habrás regresado,2,reviewed,
ES,regresar,Indicativo,Futuro perfecto,él,habrá regresado,2,reviewed,
ES,regresar,Indicativo,Futuro perfecto,nosotros,habremos regresado,2,reviewed,
ES,regresar,Indicativo,Futuro perfecto,vosotros,habréis regresado,2,reviewed,
ES,regresar,Indicativo,Futuro perfecto,ellos,habrán regresado,2,reviewed,
ES,regresar,Subjuntivo,Subjuntivo presente,yo,regrese,2,reviewed,
ES,regresar,Subjuntivo,Subjuntivo presente,tú,regreses,2,reviewed,
ES,regresar,Subjuntivo,Subjuntivo presente,él,regrese,2,reviewed,
ES,regresar,Subjuntivo,Subjuntivo presente,nosotros,regresemos,2,reviewed,
ES,regresar,Subjuntivo,Subjuntivo presente,vosotros,regreséis,2,reviewed,
ES,regresar,Subjuntivo,Subjuntivo presente,ellos,regresen,2,reviewed,
ES,regresar,Indicativo,Pretérito perfecto simple,yo,regresé,2,reviewed,
ES,regresar,Indicativo,Pretérito perfecto simple,tú,regresaste,2,reviewed,
ES,regresar,Indicativo,Pretérito perfecto simple,él,regresó,2,reviewed,
ES,regresar,Indicativo,Pretérito perfecto simple,nosotros,regresamos,2,reviewed,
ES,regresar,Indicativo,Pretérito perfecto simple,vosotros,regresasteis,2,reviewed,
ES,regresar,Indicativo,Pretérito perfecto simple,ellos,regresaron,2,reviewed,
ES,regresar,Indicativo,Pretérito pluscuamperfecto,yo,había regresado,2,reviewed,
ES,regresar,Indicativo,Pretérito pluscuamperfecto,tú,habías regresado,2,reviewed,
ES,regresar,Indicativo,Pretérito pluscuamperfecto,él,había regresado,2,reviewed,
ES,regresar,Indicativo,Pretérito pluscuamperfecto,nosotros,habíamos regresado,2,reviewed,
ES,regresar,Indicativo,Pretérito pluscuamperfecto,vosotros,habíais regresado,2,reviewed,
ES,regresar,Indicativo,Pretérito pluscuamperfecto,ellos,habían regresado,2,reviewed,
ES,deber,Indicativo,Presente,yo,debo,2,reviewed,
ES,deber,Indicativo,Presente,tú,debes,2,reviewed,
ES,deber,Indicativo,Presente,él,debe,2,reviewed,
ES,deber,Indicativo,Presente,nosotros,debemos,2,reviewed,
ES,deber,Indicativo,Presente,vosotros,debéis,2,reviewed,
ES,deber,Indicativo,Presente,ellos,deben,2,reviewed,
ES,deber,Indicativo,Futuro,yo,deberé,2,reviewed,
ES,deber,Indicativo,Futuro,tú,deberás,2,reviewed,
ES,deber,Indicativo,Futuro,él,deberá,2,reviewed,
ES,deber,Indicativo,Futuro,nosotros,deberemos,2,reviewed,
ES,deber,Indicativo,Futuro,vosotros,deberéis,2,reviewed,
ES,deber,Indicativo,Futuro,ellos,deberán,2,reviewed,
ES,deber,Indicativo,Pretérito perfecto compuesto,yo,he debido,2,reviewed,
ES,deber,Indicativo,Pretérito perfecto compuesto,tú,has debido,2,reviewed,
ES,deber,Indicativo,Pretérito perfecto compuesto,él,ha debido,2,reviewed,
ES,deber,Indicativo,Pretérito perfecto compuesto,nosotros,hemos debido,2,reviewed,
ES,deber,Indicativo,Pretérito perfecto compuesto,vosotros,habéis debido,2,reviewed,
ES,deber,Indicativo,Pretérito perfecto compuesto,ellos,han debido,2,reviewed,
ES,deber,Indicativo,Pretérito imperfecto,yo,debía,2,reviewed,
ES,deber,Indicativo,Pretérito imperfecto,tú,debías,2,reviewed,
ES,deber,Indicativo,Pretérito imperfecto,él,debía,2,reviewed,
ES,deber,Indicativo,Pretérito imperfecto,nosotros,debíamos,2,reviewed,
ES,deber,Indicativo,Pretérito imperfecto,vosotros,debíais,2,reviewed,
ES,deber,Indicativo,Pretérito imperfecto,ellos,debían,2,reviewed,
ES,deber,Condicional,Condicional,yo,debería,2,reviewed,
ES,deber,Condicional,Condicional,tú,deberías,2,reviewed,
ES,deber,Condicional,Condicional,él,debería,2,reviewed,
ES,deber,Condicional,Condicional,nosotros,deberíamos,2,reviewed,
ES,deber,Condicional,Condicional,vosotros,deberíais,2,reviewed,
ES,deber,Condicional,Condicional,ellos,deberían,2,reviewed,
ES,deber,Imperativo,Imperativo,yo,-,2,reviewed,imperative usage uncommon
ES,deber,Imperativo,Imperativo,tú,debe,2,reviewed,imperative usage uncommon
ES,deber,Imperativo,Imperativo,él,deba,2,reviewed,imperative usage uncommon
ES,deber,Imperativo,Imperativo,nosotros,debamos,2,reviewed,imperative usage uncommon
ES,deber,Imperativo,Imperativo,vosotros,debed,2,reviewed,imperative usage uncommon
ES,deber,Imperativo,Imperativo,ellos,deban,2,reviewed,imperative usage uncommon
ES,deber,Indicativo,Futuro perfecto,yo,habré debido,2,reviewed,
ES,deber,Indicativo,Futuro perfecto,tú,habrás debido,2,reviewed,
ES,deber,Indicativo,Futuro perfecto,él,habrá debido,2,reviewed,
ES,deber,Indicativo,Futuro perfecto,nosotros,habremos debido,2,reviewed,
ES,deber,Indicativo,Futuro perfecto,vosotros,habréis debido,2,reviewed,
ES,deber,Indicativo,Futuro perfecto,ellos,habrán debido,2,reviewed,
ES,deber,Subjuntivo,Subjuntivo presente,yo,deba,2,reviewed,
ES,deber,Subjuntivo,Subjuntivo presente,tú,debas,2,reviewed,
ES,deber,Subjuntivo,Subjuntivo presente,él,deba,2,reviewed,
ES,deber,Subjuntivo,Subjuntivo presente,nosotros,debamos,2,reviewed,
ES,deber,Subjuntivo,Subjuntivo presente,vosotros,debáis,2,reviewed,
ES,deber,Subjuntivo,Subjuntivo presente,ellos,deban,2,reviewed,
ES,deber,Indicativo,Pretérito perfecto simple,yo,debí,2,reviewed,
ES,deber,Indicativo,Pretérito perfecto simple,tú,debiste,2,reviewed,
ES,deber,Indicativo,Pretérito perfecto simple,él,debió,2,reviewed,
ES,deber,Indicativo,Pretérito perfecto simple,nosotros,debimos,2,reviewed,
ES,deber,Indicativo,Pretérito perfecto simple,vosotros,debisteis,2,reviewed,
ES,deber,Indicativo,Pretérito perfecto simple,ellos,debieron,2,reviewed,
ES,deber,Indicativo,Pretérito pluscuamperfecto,yo,había debido,2,reviewed,
ES,deber,Indicativo,Pretérito pluscuamperfecto,tú,habías debido,2,reviewed,
ES,deber,Indicativo,Pretérito pluscuamperfecto,él,había debido,2,reviewed,
ES,deber,Indicativo,Pretérito pluscuamperfecto,nosotros,habíamos debido,2,reviewed,
ES,deber,Indicativo,Pretérito pluscuamperfecto,vosotros,habíais debido,2,reviewed,
ES,deber,Indicativo,Pretérito pluscuamperfecto,ellos,habían debido,2,reviewed,
ES,tener que,Indicativo,Presente,yo,tengo que,2,reviewed,periphrastic construction; infinitive complement omitted after que
ES,tener que,Indicativo,Presente,tú,tienes que,2,reviewed,periphrastic construction; infinitive complement omitted after que
ES,tener que,Indicativo,Presente,él,tiene que,2,reviewed,periphrastic construction; infinitive complement omitted after que
ES,tener que,Indicativo,Presente,nosotros,tenemos que,2,reviewed,periphrastic construction; infinitive complement omitted after que
ES,tener que,Indicativo,Presente,vosotros,tenéis que,2,reviewed,periphrastic construction; infinitive complement omitted after que
ES,tener que,Indicativo,Presente,ellos,tienen que,2,reviewed,periphrastic construction; infinitive complement omitted after que
ES,tener que,Indicativo,Futuro,yo,tendré que,2,reviewed,periphrastic construction; infinitive complement omitted after que
ES,tener que,Indicativo,Futuro,tú,tendrás que,2,reviewed,periphrastic construction; infinitive complement omitted after que
ES,tener que,Indicativo,Futuro,él,tendrá que,2,reviewed,periphrastic construction; infinitive complement omitted after que
ES,tener que,Indicativo,Futuro,nosotros,tendremos que,2,reviewed,periphrastic construction; infinitive complement omitted after que
ES,tener que,Indicativo,Futuro,vosotros,tendréis que,2,reviewed,periphrastic construction; infinitive complement omitted after que
ES,tener que,Indicativo,Futuro,ellos,tendrán que,2,reviewed,periphrastic construction; infinitive complement omitted after que
ES,tener que,Indicativo,Pretérito perfecto compuesto,yo,he tenido que,2,reviewed,periphrastic construction; infinitive complement omitted after que
ES,tener que,Indicativo,Pretérito perfecto compuesto,tú,has tenido que,2,reviewed,periphrastic construction; infinitive complement omitted after que
ES,tener que,Indicativo,Pretérito perfecto compuesto,él,ha tenido que,2,reviewed,periphrastic construction; infinitive complement omitted after que
ES,tener que,Indicativo,Pretérito perfecto compuesto,nosotros,hemos tenido que,2,reviewed,periphrastic construction; infinitive complement omitted after que
ES,tener que,Indicativo,Pretérito perfecto compuesto,vosotros,habéis tenido que,2,reviewed,periphrastic construction; infinitive complement omitted after que
ES,tener que,Indicativo,Pretérito perfecto compuesto,ellos,han tenido que,2,reviewed,periphrastic construction; infinitive complement omitted after que
ES,tener que,Indicativo,Pretérito imperfecto,yo,tenía que,2,reviewed,periphrastic construction; infinitive complement omitted after que
ES,tener que,Indicativo,Pretérito imperfecto,tú,tenías que,2,reviewed,periphrastic construction; infinitive complement omitted after que
ES,tener que,Indicativo,Pretérito imperfecto,él,tenía que,2,reviewed,periphrastic construction; infinitive complement omitted after que
ES,tener que,Indicativo,Pretérito imperfecto,nosotros,teníamos que,2,reviewed,periphrastic construction; infinitive complement omitted after que
ES,tener que,Indicativo,Pretérito imperfecto,vosotros,teníais que,2,reviewed,periphrastic construction; infinitive complement omitted after que
ES,tener que,Indicativo,Pretérito imperfecto,ellos,tenían que,2,reviewed,periphrastic construction; infinitive complement omitted after que
ES,tener que,Condicional,Condicional,yo,tendría que,2,reviewed,periphrastic construction; infinitive complement omitted after que
ES,tener que,Condicional,Condicional,tú,tendrías que,2,reviewed,periphrastic construction; infinitive complement omitted after que
ES,tener que,Condicional,Condicional,él,tendría que,2,reviewed,periphrastic construction; infinitive complement omitted after que
ES,tener que,Condicional,Condicional,nosotros,tendríamos que,2,reviewed,periphrastic construction; infinitive complement omitted after que
ES,tener que,Condicional,Condicional,vosotros,tendríais que,2,reviewed,periphrastic construction; infinitive complement omitted after que
ES,tener que,Condicional,Condicional,ellos,tendrían que,2,reviewed,periphrastic construction; infinitive complement omitted after que
ES,tener que,Imperativo,Imperativo,yo,-,2,reviewed,periphrastic construction; yo imperative placeholder -; complement omitted after que
ES,tener que,Imperativo,Imperativo,tú,ten que,2,reviewed,periphrastic construction; complement omitted after que
ES,tener que,Imperativo,Imperativo,él,tenga que,2,reviewed,periphrastic construction; complement omitted after que
ES,tener que,Imperativo,Imperativo,nosotros,tengamos que,2,reviewed,periphrastic construction; complement omitted after que
ES,tener que,Imperativo,Imperativo,vosotros,tened que,2,reviewed,periphrastic construction; complement omitted after que
ES,tener que,Imperativo,Imperativo,ellos,tengan que,2,reviewed,periphrastic construction; complement omitted after que
ES,tener que,Indicativo,Futuro perfecto,yo,habré tenido que,2,reviewed,periphrastic construction; infinitive complement omitted after que
ES,tener que,Indicativo,Futuro perfecto,tú,habrás tenido que,2,reviewed,periphrastic construction; infinitive complement omitted after que
ES,tener que,Indicativo,Futuro perfecto,él,habrá tenido que,2,reviewed,periphrastic construction; infinitive complement omitted after que
ES,tener que,Indicativo,Futuro perfecto,nosotros,habremos tenido que,2,reviewed,periphrastic construction; infinitive complement omitted after que
ES,tener que,Indicativo,Futuro perfecto,vosotros,habréis tenido que,2,reviewed,periphrastic construction; infinitive complement omitted after que
ES,tener que,Indicativo,Futuro perfecto,ellos,habrán tenido que,2,reviewed,periphrastic construction; infinitive complement omitted after que
ES,tener que,Subjuntivo,Subjuntivo presente,yo,tenga que,2,reviewed,periphrastic construction; infinitive complement omitted after que
ES,tener que,Subjuntivo,Subjuntivo presente,tú,tengas que,2,reviewed,periphrastic construction; infinitive complement omitted after que
ES,tener que,Subjuntivo,Subjuntivo presente,él,tenga que,2,reviewed,periphrastic construction; infinitive complement omitted after que
ES,tener que,Subjuntivo,Subjuntivo presente,nosotros,tengamos que,2,reviewed,periphrastic construction; infinitive complement omitted after que
ES,tener que,Subjuntivo,Subjuntivo presente,vosotros,tengáis que,2,reviewed,periphrastic construction; infinitive complement omitted after que
ES,tener que,Subjuntivo,Subjuntivo presente,ellos,tengan que,2,reviewed,periphrastic construction; infinitive complement omitted after que
ES,tener que,Indicativo,Pretérito perfecto simple,yo,tuve que,2,reviewed,periphrastic construction; infinitive complement omitted after que
ES,tener que,Indicativo,Pretérito perfecto simple,tú,tuviste que,2,reviewed,periphrastic construction; infinitive complement omitted after que
ES,tener que,Indicativo,Pretérito perfecto simple,él,tuvo que,2,reviewed,periphrastic construction; infinitive complement omitted after que
ES,tener que,Indicativo,Pretérito perfecto simple,nosotros,tuvimos que,2,reviewed,periphrastic construction; infinitive complement omitted after que
ES,tener que,Indicativo,Pretérito perfecto simple,vosotros,tuvisteis que,2,reviewed,periphrastic construction; infinitive complement omitted after que
ES,tener que,Indicativo,Pretérito perfecto simple,ellos,tuvieron que,2,reviewed,periphrastic construction; infinitive complement omitted after que
ES,tener que,Indicativo,Pretérito pluscuamperfecto,yo,había tenido que,2,reviewed,periphrastic construction; infinitive complement omitted after que
ES,tener que,Indicativo,Pretérito pluscuamperfecto,tú,habías tenido que,2,reviewed,periphrastic construction; infinitive complement omitted after que
ES,tener que,Indicativo,Pretérito pluscuamperfecto,él,había tenido que,2,reviewed,periphrastic construction; infinitive complement omitted after que
ES,tener que,Indicativo,Pretérito pluscuamperfecto,nosotros,habíamos tenido que,2,reviewed,periphrastic construction; infinitive complement omitted after que
ES,tener que,Indicativo,Pretérito pluscuamperfecto,vosotros,habíais tenido que,2,reviewed,periphrastic construction; infinitive complement omitted after que
ES,tener que,Indicativo,Pretérito pluscuamperfecto,ellos,habían tenido que,2,reviewed,periphrastic construction; infinitive complement omitted after que
ES,cambiar,Indicativo,Presente,yo,cambio,2,reviewed,
ES,cambiar,Indicativo,Presente,tú,cambias,2,reviewed,
ES,cambiar,Indicativo,Presente,él,cambia,2,reviewed,
ES,cambiar,Indicativo,Presente,nosotros,cambiamos,2,reviewed,
ES,cambiar,Indicativo,Presente,vosotros,cambiáis,2,reviewed,
ES,cambiar,Indicativo,Presente,ellos,cambian,2,reviewed,
ES,cambiar,Indicativo,Futuro,yo,cambiaré,2,reviewed,
ES,cambiar,Indicativo,Futuro,tú,cambiarás,2,reviewed,
ES,cambiar,Indicativo,Futuro,él,cambiará,2,reviewed,
ES,cambiar,Indicativo,Futuro,nosotros,cambiaremos,2,reviewed,
ES,cambiar,Indicativo,Futuro,vosotros,cambiaréis,2,reviewed,
ES,cambiar,Indicativo,Futuro,ellos,cambiarán,2,reviewed,
ES,cambiar,Indicativo,Pretérito perfecto compuesto,yo,he cambiado,2,reviewed,
ES,cambiar,Indicativo,Pretérito perfecto compuesto,tú,has cambiado,2,reviewed,
ES,cambiar,Indicativo,Pretérito perfecto compuesto,él,ha cambiado,2,reviewed,
ES,cambiar,Indicativo,Pretérito perfecto compuesto,nosotros,hemos cambiado,2,reviewed,
ES,cambiar,Indicativo,Pretérito perfecto compuesto,vosotros,habéis cambiado,2,reviewed,
ES,cambiar,Indicativo,Pretérito perfecto compuesto,ellos,han cambiado,2,reviewed,
ES,cambiar,Indicativo,Pretérito imperfecto,yo,cambiaba,2,reviewed,
ES,cambiar,Indicativo,Pretérito imperfecto,tú,cambiabas,2,reviewed,
ES,cambiar,Indicativo,Pretérito imperfecto,él,cambiaba,2,reviewed,
ES,cambiar,Indicativo,Pretérito imperfecto,nosotros,cambiábamos,2,reviewed,
ES,cambiar,Indicativo,Pretérito imperfecto,vosotros,cambiabais,2,reviewed,
ES,cambiar,Indicativo,Pretérito imperfecto,ellos,cambiaban,2,reviewed,
ES,cambiar,Condicional,Condicional,yo,cambiaría,2,reviewed,
ES,cambiar,Condicional,Condicional,tú,cambiarías,2,reviewed,
ES,cambiar,Condicional,Condicional,él,cambiaría,2,reviewed,
ES,cambiar,Condicional,Condicional,nosotros,cambiaríamos,2,reviewed,
ES,cambiar,Condicional,Condicional,vosotros,cambiaríais,2,reviewed,
ES,cambiar,Condicional,Condicional,ellos,cambiarían,2,reviewed,
ES,cambiar,Imperativo,Imperativo,yo,-,2,reviewed,yo imperative placeholder -; no standard form
ES,cambiar,Imperativo,Imperativo,tú,cambia,2,reviewed,
ES,cambiar,Imperativo,Imperativo,él,cambie,2,reviewed,
ES,cambiar,Imperativo,Imperativo,nosotros,cambiemos,2,reviewed,
ES,cambiar,Imperativo,Imperativo,vosotros,cambiad,2,reviewed,
ES,cambiar,Imperativo,Imperativo,ellos,cambien,2,reviewed,
ES,cambiar,Indicativo,Futuro perfecto,yo,habré cambiado,2,reviewed,
ES,cambiar,Indicativo,Futuro perfecto,tú,habrás cambiado,2,reviewed,
ES,cambiar,Indicativo,Futuro perfecto,él,habrá cambiado,2,reviewed,
ES,cambiar,Indicativo,Futuro perfecto,nosotros,habremos cambiado,2,reviewed,
ES,cambiar,Indicativo,Futuro perfecto,vosotros,habréis cambiado,2,reviewed,
ES,cambiar,Indicativo,Futuro perfecto,ellos,habrán cambiado,2,reviewed,
ES,cambiar,Subjuntivo,Subjuntivo presente,yo,cambie,2,reviewed,
ES,cambiar,Subjuntivo,Subjuntivo presente,tú,cambies,2,reviewed,
ES,cambiar,Subjuntivo,Subjuntivo presente,él,cambie,2,reviewed,
ES,cambiar,Subjuntivo,Subjuntivo presente,nosotros,cambiemos,2,reviewed,
ES,cambiar,Subjuntivo,Subjuntivo presente,vosotros,cambiéis,2,reviewed,
ES,cambiar,Subjuntivo,Subjuntivo presente,ellos,cambien,2,reviewed,
ES,cambiar,Indicativo,Pretérito perfecto simple,yo,cambié,2,reviewed,
ES,cambiar,Indicativo,Pretérito perfecto simple,tú,cambiaste,2,reviewed,
ES,cambiar,Indicativo,Pretérito perfecto simple,él,cambió,2,reviewed,
ES,cambiar,Indicativo,Pretérito perfecto simple,nosotros,cambiamos,2,reviewed,
ES,cambiar,Indicativo,Pretérito perfecto simple,vosotros,cambiasteis,2,reviewed,
ES,cambiar,Indicativo,Pretérito perfecto simple,ellos,cambiaron,2,reviewed,
ES,cambiar,Indicativo,Pretérito pluscuamperfecto,yo,había cambiado,2,reviewed,
ES,cambiar,Indicativo,Pretérito pluscuamperfecto,tú,habías cambiado,2,reviewed,
ES,cambiar,Indicativo,Pretérito pluscuamperfecto,él,había cambiado,2,reviewed,
ES,cambiar,Indicativo,Pretérito pluscuamperfecto,nosotros,habíamos cambiado,2,reviewed,
ES,cambiar,Indicativo,Pretérito pluscuamperfecto,vosotros,habíais cambiado,2,reviewed,
ES,cambiar,Indicativo,Pretérito pluscuamperfecto,ellos,habían cambiado,2,reviewed,
ES,dormir,Indicativo,Presente,yo,duermo,2,reviewed,
ES,dormir,Indicativo,Presente,tú,duermes,2,reviewed,
ES,dormir,Indicativo,Presente,él,duerme,2,reviewed,
ES,dormir,Indicativo,Presente,nosotros,dormimos,2,reviewed,
ES,dormir,Indicativo,Presente,vosotros,dormís,2,reviewed,
ES,dormir,Indicativo,Presente,ellos,duermen,2,reviewed,
ES,dormir,Indicativo,Futuro,yo,dormiré,2,reviewed,
ES,dormir,Indicativo,Futuro,tú,dormirás,2,reviewed,
ES,dormir,Indicativo,Futuro,él,dormirá,2,reviewed,
ES,dormir,Indicativo,Futuro,nosotros,dormiremos,2,reviewed,
ES,dormir,Indicativo,Futuro,vosotros,dormiréis,2,reviewed,
ES,dormir,Indicativo,Futuro,ellos,dormirán,2,reviewed,
ES,dormir,Indicativo,Pretérito perfecto compuesto,yo,he dormido,2,reviewed,
ES,dormir,Indicativo,Pretérito perfecto compuesto,tú,has dormido,2,reviewed,
ES,dormir,Indicativo,Pretérito perfecto compuesto,él,ha dormido,2,reviewed,
ES,dormir,Indicativo,Pretérito perfecto compuesto,nosotros,hemos dormido,2,reviewed,
ES,dormir,Indicativo,Pretérito perfecto compuesto,vosotros,habéis dormido,2,reviewed,
ES,dormir,Indicativo,Pretérito perfecto compuesto,ellos,han dormido,2,reviewed,
ES,dormir,Indicativo,Pretérito imperfecto,yo,dormía,2,reviewed,
ES,dormir,Indicativo,Pretérito imperfecto,tú,dormías,2,reviewed,
ES,dormir,Indicativo,Pretérito imperfecto,él,dormía,2,reviewed,
ES,dormir,Indicativo,Pretérito imperfecto,nosotros,dormíamos,2,reviewed,
ES,dormir,Indicativo,Pretérito imperfecto,vosotros,dormíais,2,reviewed,
ES,dormir,Indicativo,Pretérito imperfecto,ellos,dormían,2,reviewed,
ES,dormir,Condicional,Condicional,yo,dormiría,2,reviewed,
ES,dormir,Condicional,Condicional,tú,dormirías,2,reviewed,
ES,dormir,Condicional,Condicional,él,dormiría,2,reviewed,
ES,dormir,Condicional,Condicional,nosotros,dormiríamos,2,reviewed,
ES,dormir,Condicional,Condicional,vosotros,dormiríais,2,reviewed,
ES,dormir,Condicional,Condicional,ellos,dormirían,2,reviewed,
ES,dormir,Imperativo,Imperativo,yo,-,2,reviewed,yo imperative placeholder -; no standard form
ES,dormir,Imperativo,Imperativo,tú,duerme,2,reviewed,
ES,dormir,Imperativo,Imperativo,él,duerma,2,reviewed,
ES,dormir,Imperativo,Imperativo,nosotros,durmamos,2,reviewed,
ES,dormir,Imperativo,Imperativo,vosotros,dormid,2,reviewed,
ES,dormir,Imperativo,Imperativo,ellos,duerman,2,reviewed,
ES,dormir,Indicativo,Futuro perfecto,yo,habré dormido,2,reviewed,
ES,dormir,Indicativo,Futuro perfecto,tú,habrás dormido,2,reviewed,
ES,dormir,Indicativo,Futuro perfecto,él,habrá dormido,2,reviewed,
ES,dormir,Indicativo,Futuro perfecto,nosotros,habremos dormido,2,reviewed,
ES,dormir,Indicativo,Futuro perfecto,vosotros,habréis dormido,2,reviewed,
ES,dormir,Indicativo,Futuro perfecto,ellos,habrán dormido,2,reviewed,
ES,dormir,Subjuntivo,Subjuntivo presente,yo,duerma,2,reviewed,
ES,dormir,Subjuntivo,Subjuntivo presente,tú,duermas,2,reviewed,
ES,dormir,Subjuntivo,Subjuntivo presente,él,duerma,2,reviewed,
ES,dormir,Subjuntivo,Subjuntivo presente,nosotros,durmamos,2,reviewed,
ES,dormir,Subjuntivo,Subjuntivo presente,vosotros,durmáis,2,reviewed,
ES,dormir,Subjuntivo,Subjuntivo presente,ellos,duerman,2,reviewed,
ES,dormir,Indicativo,Pretérito perfecto simple,yo,dormí,2,reviewed,
ES,dormir,Indicativo,Pretérito perfecto simple,tú,dormiste,2,reviewed,
ES,dormir,Indicativo,Pretérito perfecto simple,él,durmió,2,reviewed,
ES,dormir,Indicativo,Pretérito perfecto simple,nosotros,dormimos,2,reviewed,
ES,dormir,Indicativo,Pretérito perfecto simple,vosotros,dormisteis,2,reviewed,
ES,dormir,Indicativo,Pretérito perfecto simple,ellos,durmieron,2,reviewed,
ES,dormir,Indicativo,Pretérito pluscuamperfecto,yo,había dormido,2,reviewed,
ES,dormir,Indicativo,Pretérito pluscuamperfecto,tú,habías dormido,2,reviewed,
ES,dormir,Indicativo,Pretérito pluscuamperfecto,él,había dormido,2,reviewed,
ES,dormir,Indicativo,Pretérito pluscuamperfecto,nosotros,habíamos dormido,2,reviewed,
ES,dormir,Indicativo,Pretérito pluscuamperfecto,vosotros,habíais dormido,2,reviewed,
ES,dormir,Indicativo,Pretérito pluscuamperfecto,ellos,habían dormido,2,reviewed,
ES,permitir,Indicativo,Presente,yo,permito,2,reviewed,
ES,permitir,Indicativo,Presente,tú,permites,2,reviewed,
ES,permitir,Indicativo,Presente,él,permite,2,reviewed,
ES,permitir,Indicativo,Presente,nosotros,permitimos,2,reviewed,
ES,permitir,Indicativo,Presente,vosotros,permitís,2,reviewed,
ES,permitir,Indicativo,Presente,ellos,permiten,2,reviewed,
ES,permitir,Indicativo,Futuro,yo,permitiré,2,reviewed,
ES,permitir,Indicativo,Futuro,tú,permitirás,2,reviewed,
ES,permitir,Indicativo,Futuro,él,permitirá,2,reviewed,
ES,permitir,Indicativo,Futuro,nosotros,permitiremos,2,reviewed,
ES,permitir,Indicativo,Futuro,vosotros,permitiréis,2,reviewed,
ES,permitir,Indicativo,Futuro,ellos,permitirán,2,reviewed,
ES,permitir,Indicativo,Pretérito perfecto compuesto,yo,he permitido,2,reviewed,
ES,permitir,Indicativo,Pretérito perfecto compuesto,tú,has permitido,2,reviewed,
ES,permitir,Indicativo,Pretérito perfecto compuesto,él,ha permitido,2,reviewed,
ES,permitir,Indicativo,Pretérito perfecto compuesto,nosotros,hemos permitido,2,reviewed,
ES,permitir,Indicativo,Pretérito perfecto compuesto,vosotros,habéis permitido,2,reviewed,
ES,permitir,Indicativo,Pretérito perfecto compuesto,ellos,han permitido,2,reviewed,
ES,permitir,Indicativo,Pretérito imperfecto,yo,permitía,2,reviewed,
ES,permitir,Indicativo,Pretérito imperfecto,tú,permitías,2,reviewed,
ES,permitir,Indicativo,Pretérito imperfecto,él,permitía,2,reviewed,
ES,permitir,Indicativo,Pretérito imperfecto,nosotros,permitíamos,2,reviewed,
ES,permitir,Indicativo,Pretérito imperfecto,vosotros,permitíais,2,reviewed,
ES,permitir,Indicativo,Pretérito imperfecto,ellos,permitían,2,reviewed,
ES,permitir,Condicional,Condicional,yo,permitiría,2,reviewed,
ES,permitir,Condicional,Condicional,tú,permitirías,2,reviewed,
ES,permitir,Condicional,Condicional,él,permitiría,2,reviewed,
ES,permitir,Condicional,Condicional,nosotros,permitiríamos,2,reviewed,
ES,permitir,Condicional,Condicional,vosotros,permitiríais,2,reviewed,
ES,permitir,Condicional,Condicional,ellos,permitirían,2,reviewed,
ES,permitir,Imperativo,Imperativo,yo,-,2,reviewed,yo imperative placeholder -; no standard form
ES,permitir,Imperativo,Imperativo,tú,permite,2,reviewed,
ES,permitir,Imperativo,Imperativo,él,permita,2,reviewed,
ES,permitir,Imperativo,Imperativo,nosotros,permitamos,2,reviewed,
ES,permitir,Imperativo,Imperativo,vosotros,permitid,2,reviewed,
ES,permitir,Imperativo,Imperativo,ellos,permitan,2,reviewed,
ES,permitir,Indicativo,Futuro perfecto,yo,habré permitido,2,reviewed,
ES,permitir,Indicativo,Futuro perfecto,tú,habrás permitido,2,reviewed,
ES,permitir,Indicativo,Futuro perfecto,él,habrá permitido,2,reviewed,
ES,permitir,Indicativo,Futuro perfecto,nosotros,habremos permitido,2,reviewed,
ES,permitir,Indicativo,Futuro perfecto,vosotros,habréis permitido,2,reviewed,
ES,permitir,Indicativo,Futuro perfecto,ellos,habrán permitido,2,reviewed,
ES,permitir,Subjuntivo,Subjuntivo presente,yo,permita,2,reviewed,
ES,permitir,Subjuntivo,Subjuntivo presente,tú,permitas,2,reviewed,
ES,permitir,Subjuntivo,Subjuntivo presente,él,permita,2,reviewed,
ES,permitir,Subjuntivo,Subjuntivo presente,nosotros,permitamos,2,reviewed,
ES,permitir,Subjuntivo,Subjuntivo presente,vosotros,permitáis,2,reviewed,
ES,permitir,Subjuntivo,Subjuntivo presente,ellos,permitan,2,reviewed,
ES,permitir,Indicativo,Pretérito perfecto simple,yo,permití,2,reviewed,
ES,permitir,Indicativo,Pretérito perfecto simple,tú,permitiste,2,reviewed,
ES,permitir,Indicativo,Pretérito perfecto simple,él,permitió,2,reviewed,
ES,permitir,Indicativo,Pretérito perfecto simple,nosotros,permitimos,2,reviewed,
ES,permitir,Indicativo,Pretérito perfecto simple,vosotros,permitisteis,2,reviewed,
ES,permitir,Indicativo,Pretérito perfecto simple,ellos,permitieron,2,reviewed,
ES,permitir,Indicativo,Pretérito pluscuamperfecto,yo,había permitido,2,reviewed,
ES,permitir,Indicativo,Pretérito pluscuamperfecto,tú,habías permitido,2,reviewed,
ES,permitir,Indicativo,Pretérito pluscuamperfecto,él,había permitido,2,reviewed,
ES,permitir,Indicativo,Pretérito pluscuamperfecto,nosotros,habíamos permitido,2,reviewed,
ES,permitir,Indicativo,Pretérito pluscuamperfecto,vosotros,habíais permitido,2,reviewed,
ES,permitir,Indicativo,Pretérito pluscuamperfecto,ellos,habían permitido,2,reviewed,
ES,dejar,Indicativo,Presente,yo,dejo,2,reviewed,
ES,dejar,Indicativo,Presente,tú,dejas,2,reviewed,
ES,dejar,Indicativo,Presente,él,deja,2,reviewed,
ES,dejar,Indicativo,Presente,nosotros,dejamos,2,reviewed,
ES,dejar,Indicativo,Presente,vosotros,dejáis,2,reviewed,
ES,dejar,Indicativo,Presente,ellos,dejan,2,reviewed,
ES,dejar,Indicativo,Futuro,yo,dejaré,2,reviewed,
ES,dejar,Indicativo,Futuro,tú,dejarás,2,reviewed,
ES,dejar,Indicativo,Futuro,él,dejará,2,reviewed,
ES,dejar,Indicativo,Futuro,nosotros,dejaremos,2,reviewed,
ES,dejar,Indicativo,Futuro,vosotros,dejaréis,2,reviewed,
ES,dejar,Indicativo,Futuro,ellos,dejarán,2,reviewed,
ES,dejar,Indicativo,Pretérito perfecto compuesto,yo,he dejado,2,reviewed,
ES,dejar,Indicativo,Pretérito perfecto compuesto,tú,has dejado,2,reviewed,
ES,dejar,Indicativo,Pretérito perfecto compuesto,él,ha dejado,2,reviewed,
ES,dejar,Indicativo,Pretérito perfecto compuesto,nosotros,hemos dejado,2,reviewed,
ES,dejar,Indicativo,Pretérito perfecto compuesto,vosotros,habéis dejado,2,reviewed,
ES,dejar,Indicativo,Pretérito perfecto compuesto,ellos,han dejado,2,reviewed,
ES,dejar,Indicativo,Pretérito imperfecto,yo,dejaba,2,reviewed,
ES,dejar,Indicativo,Pretérito imperfecto,tú,dejabas,2,reviewed,
ES,dejar,Indicativo,Pretérito imperfecto,él,dejaba,2,reviewed,
ES,dejar,Indicativo,Pretérito imperfecto,nosotros,dejábamos,2,reviewed,
ES,dejar,Indicativo,Pretérito imperfecto,vosotros,dejabais,2,reviewed,
ES,dejar,Indicativo,Pretérito imperfecto,ellos,dejaban,2,reviewed,
ES,dejar,Condicional,Condicional,yo,dejaría,2,reviewed,
ES,dejar,Condicional,Condicional,tú,dejarías,2,reviewed,
ES,dejar,Condicional,Condicional,él,dejaría,2,reviewed,
ES,dejar,Condicional,Condicional,nosotros,dejaríamos,2,reviewed,
ES,dejar,Condicional,Condicional,vosotros,dejaríais,2,reviewed,
ES,dejar,Condicional,Condicional,ellos,dejarían,2,reviewed,
ES,dejar,Imperativo,Imperativo,yo,-,2,reviewed,yo imperative placeholder -; no standard form
ES,dejar,Imperativo,Imperativo,tú,deja,2,reviewed,
ES,dejar,Imperativo,Imperativo,él,deje,2,reviewed,
ES,dejar,Imperativo,Imperativo,nosotros,dejemos,2,reviewed,
ES,dejar,Imperativo,Imperativo,vosotros,dejad,2,reviewed,
ES,dejar,Imperativo,Imperativo,ellos,dejen,2,reviewed,
ES,dejar,Indicativo,Futuro perfecto,yo,habré dejado,2,reviewed,
ES,dejar,Indicativo,Futuro perfecto,tú,habrás dejado,2,reviewed,
ES,dejar,Indicativo,Futuro perfecto,él,habrá dejado,2,reviewed,
ES,dejar,Indicativo,Futuro perfecto,nosotros,habremos dejado,2,reviewed,
ES,dejar,Indicativo,Futuro perfecto,vosotros,habréis dejado,2,reviewed,
ES,dejar,Indicativo,Futuro perfecto,ellos,habrán dejado,2,reviewed,
ES,dejar,Subjuntivo,Subjuntivo presente,yo,deje,2,reviewed,
ES,dejar,Subjuntivo,Subjuntivo presente,tú,dejes,2,reviewed,
ES,dejar,Subjuntivo,Subjuntivo presente,él,deje,2,reviewed,
ES,dejar,Subjuntivo,Subjuntivo presente,nosotros,dejemos,2,reviewed,
ES,dejar,Subjuntivo,Subjuntivo presente,vosotros,dejéis,2,reviewed,
ES,dejar,Subjuntivo,Subjuntivo presente,ellos,dejen,2,reviewed,
ES,dejar,Indicativo,Pretérito perfecto simple,yo,dejé,2,reviewed,
ES,dejar,Indicativo,Pretérito perfecto simple,tú,dejaste,2,reviewed,
ES,dejar,Indicativo,Pretérito perfecto simple,él,dejó,2,reviewed,
ES,dejar,Indicativo,Pretérito perfecto simple,nosotros,dejamos,2,reviewed,
ES,dejar,Indicativo,Pretérito perfecto simple,vosotros,dejasteis,2,reviewed,
ES,dejar,Indicativo,Pretérito perfecto simple,ellos,dejaron,2,reviewed,
ES,dejar,Indicativo,Pretérito pluscuamperfecto,yo,había dejado,2,reviewed,
ES,dejar,Indicativo,Pretérito pluscuamperfecto,tú,habías dejado,2,reviewed,
ES,dejar,Indicativo,Pretérito pluscuamperfecto,él,había dejado,2,reviewed,
ES,dejar,Indicativo,Pretérito pluscuamperfecto,nosotros,habíamos dejado,2,reviewed,
ES,dejar,Indicativo,Pretérito pluscuamperfecto,vosotros,habíais dejado,2,reviewed,
ES,dejar,Indicativo,Pretérito pluscuamperfecto,ellos,habían dejado,2,reviewed,
ES,abandonar,Indicativo,Presente,yo,abandono,2,reviewed,
ES,abandonar,Indicativo,Presente,tú,abandonas,2,reviewed,
ES,abandonar,Indicativo,Presente,él,abandona,2,reviewed,
ES,abandonar,Indicativo,Presente,nosotros,abandonamos,2,reviewed,
ES,abandonar,Indicativo,Presente,vosotros,abandonáis,2,reviewed,
ES,abandonar,Indicativo,Presente,ellos,abandonan,2,reviewed,
ES,abandonar,Indicativo,Futuro,yo,abandonaré,2,reviewed,
ES,abandonar,Indicativo,Futuro,tú,abandonarás,2,reviewed,
ES,abandonar,Indicativo,Futuro,él,abandonará,2,reviewed,
ES,abandonar,Indicativo,Futuro,nosotros,abandonaremos,2,reviewed,
ES,abandonar,Indicativo,Futuro,vosotros,abandonaréis,2,reviewed,
ES,abandonar,Indicativo,Futuro,ellos,abandonarán,2,reviewed,
ES,abandonar,Indicativo,Pretérito perfecto compuesto,yo,he abandonado,2,reviewed,
ES,abandonar,Indicativo,Pretérito perfecto compuesto,tú,has abandonado,2,reviewed,
ES,abandonar,Indicativo,Pretérito perfecto compuesto,él,ha abandonado,2,reviewed,
ES,abandonar,Indicativo,Pretérito perfecto compuesto,nosotros,hemos abandonado,2,reviewed,
ES,abandonar,Indicativo,Pretérito perfecto compuesto,vosotros,habéis abandonado,2,reviewed,
ES,abandonar,Indicativo,Pretérito perfecto compuesto,ellos,han abandonado,2,reviewed,
ES,abandonar,Indicativo,Pretérito imperfecto,yo,abandonaba,2,reviewed,
ES,abandonar,Indicativo,Pretérito imperfecto,tú,abandonabas,2,reviewed,
ES,abandonar,Indicativo,Pretérito imperfecto,él,abandonaba,2,reviewed,
ES,abandonar,Indicativo,Pretérito imperfecto,nosotros,abandonábamos,2,reviewed,
ES,abandonar,Indicativo,Pretérito imperfecto,vosotros,abandonabais,2,reviewed,
ES,abandonar,Indicativo,Pretérito imperfecto,ellos,abandonaban,2,reviewed,
ES,abandonar,Condicional,Condicional,yo,abandonaría,2,reviewed,
ES,abandonar,Condicional,Condicional,tú,abandonarías,2,reviewed,
ES,abandonar,Condicional,Condicional,él,abandonaría,2,reviewed,
ES,abandonar,Condicional,Condicional,nosotros,abandonaríamos,2,reviewed,
ES,abandonar,Condicional,Condicional,vosotros,abandonaríais,2,reviewed,
ES,abandonar,Condicional,Condicional,ellos,abandonarían,2,reviewed,
ES,abandonar,Imperativo,Imperativo,yo,-,2,reviewed,yo imperative placeholder -; no standard form
ES,abandonar,Imperativo,Imperativo,tú,abandona,2,reviewed,
ES,abandonar,Imperativo,Imperativo,él,abandone,2,reviewed,
ES,abandonar,Imperativo,Imperativo,nosotros,abandonemos,2,reviewed,
ES,abandonar,Imperativo,Imperativo,vosotros,abandonad,2,reviewed,
ES,abandonar,Imperativo,Imperativo,ellos,abandonen,2,reviewed,
ES,abandonar,Indicativo,Futuro perfecto,yo,habré abandonado,2,reviewed,
ES,abandonar,Indicativo,Futuro perfecto,tú,habrás abandonado,2,reviewed,
ES,abandonar,Indicativo,Futuro perfecto,él,habrá abandonado,2,reviewed,
ES,abandonar,Indicativo,Futuro perfecto,nosotros,habremos abandonado,2,reviewed,
ES,abandonar,Indicativo,Futuro perfecto,vosotros,habréis abandonado,2,reviewed,
ES,abandonar,Indicativo,Futuro perfecto,ellos,habrán abandonado,2,reviewed,
ES,abandonar,Subjuntivo,Subjuntivo presente,yo,abandone,2,reviewed,
ES,abandonar,Subjuntivo,Subjuntivo presente,tú,abandones,2,reviewed,
ES,abandonar,Subjuntivo,Subjuntivo presente,él,abandone,2,reviewed,
ES,abandonar,Subjuntivo,Subjuntivo presente,nosotros,abandonemos,2,reviewed,
ES,abandonar,Subjuntivo,Subjuntivo presente,vosotros,abandonéis,2,reviewed,
ES,abandonar,Subjuntivo,Subjuntivo presente,ellos,abandonen,2,reviewed,
ES,abandonar,Indicativo,Pretérito perfecto simple,yo,abandoné,2,reviewed,
ES,abandonar,Indicativo,Pretérito perfecto simple,tú,abandonaste,2,reviewed,
ES,abandonar,Indicativo,Pretérito perfecto simple,él,abandonó,2,reviewed,
ES,abandonar,Indicativo,Pretérito perfecto simple,nosotros,abandonamos,2,reviewed,
ES,abandonar,Indicativo,Pretérito perfecto simple,vosotros,abandonasteis,2,reviewed,
ES,abandonar,Indicativo,Pretérito perfecto simple,ellos,abandonaron,2,reviewed,
ES,abandonar,Indicativo,Pretérito pluscuamperfecto,yo,había abandonado,2,reviewed,
ES,abandonar,Indicativo,Pretérito pluscuamperfecto,tú,habías abandonado,2,reviewed,
ES,abandonar,Indicativo,Pretérito pluscuamperfecto,él,había abandonado,2,reviewed,
ES,abandonar,Indicativo,Pretérito pluscuamperfecto,nosotros,habíamos abandonado,2,reviewed,
ES,abandonar,Indicativo,Pretérito pluscuamperfecto,vosotros,habíais abandonado,2,reviewed,
ES,abandonar,Indicativo,Pretérito pluscuamperfecto,ellos,habían abandonado,2,reviewed,
ES,retomar,Indicativo,Presente,yo,retomo,2,reviewed,
ES,retomar,Indicativo,Presente,tú,retomas,2,reviewed,
ES,retomar,Indicativo,Presente,él,retoma,2,reviewed,
ES,retomar,Indicativo,Presente,nosotros,retomamos,2,reviewed,
ES,retomar,Indicativo,Presente,vosotros,retomáis,2,reviewed,
ES,retomar,Indicativo,Presente,ellos,retoman,2,reviewed,
ES,retomar,Indicativo,Futuro,yo,retomaré,2,reviewed,
ES,retomar,Indicativo,Futuro,tú,retomarás,2,reviewed,
ES,retomar,Indicativo,Futuro,él,retomará,2,reviewed,
ES,retomar,Indicativo,Futuro,nosotros,retomaremos,2,reviewed,
ES,retomar,Indicativo,Futuro,vosotros,retomaréis,2,reviewed,
ES,retomar,Indicativo,Futuro,ellos,retomarán,2,reviewed,
ES,retomar,Indicativo,Pretérito perfecto compuesto,yo,he retomado,2,reviewed,
ES,retomar,Indicativo,Pretérito perfecto compuesto,tú,has retomado,2,reviewed,
ES,retomar,Indicativo,Pretérito perfecto compuesto,él,ha retomado,2,reviewed,
ES,retomar,Indicativo,Pretérito perfecto compuesto,nosotros,hemos retomado,2,reviewed,
ES,retomar,Indicativo,Pretérito perfecto compuesto,vosotros,habéis retomado,2,reviewed,
ES,retomar,Indicativo,Pretérito perfecto compuesto,ellos,han retomado,2,reviewed,
ES,retomar,Indicativo,Pretérito imperfecto,yo,retomaba,2,reviewed,
ES,retomar,Indicativo,Pretérito imperfecto,tú,retomabas,2,reviewed,
ES,retomar,Indicativo,Pretérito imperfecto,él,retomaba,2,reviewed,
ES,retomar,Indicativo,Pretérito imperfecto,nosotros,retomábamos,2,reviewed,
ES,retomar,Indicativo,Pretérito imperfecto,vosotros,retomabais,2,reviewed,
ES,retomar,Indicativo,Pretérito imperfecto,ellos,retomaban,2,reviewed,
ES,retomar,Condicional,Condicional,yo,retomaría,2,reviewed,
ES,retomar,Condicional,Condicional,tú,retomarías,2,reviewed,
ES,retomar,Condicional,Condicional,él,retomaría,2,reviewed,
ES,retomar,Condicional,Condicional,nosotros,retomaríamos,2,reviewed,
ES,retomar,Condicional,Condicional,vosotros,retomaríais,2,reviewed,
ES,retomar,Condicional,Condicional,ellos,retomarían,2,reviewed,
ES,retomar,Imperativo,Imperativo,yo,-,2,reviewed,yo imperative placeholder -; no standard form
ES,retomar,Imperativo,Imperativo,tú,retoma,2,reviewed,
ES,retomar,Imperativo,Imperativo,él,retome,2,reviewed,
ES,retomar,Imperativo,Imperativo,nosotros,retomemos,2,reviewed,
ES,retomar,Imperativo,Imperativo,vosotros,retomad,2,reviewed,
ES,retomar,Imperativo,Imperativo,ellos,retomen,2,reviewed,
ES,retomar,Indicativo,Futuro perfecto,yo,habré retomado,2,reviewed,
ES,retomar,Indicativo,Futuro perfecto,tú,habrás retomado,2,reviewed,
ES,retomar,Indicativo,Futuro perfecto,él,habrá retomado,2,reviewed,
ES,retomar,Indicativo,Futuro perfecto,nosotros,habremos retomado,2,reviewed,
ES,retomar,Indicativo,Futuro perfecto,vosotros,habréis retomado,2,reviewed,
ES,retomar,Indicativo,Futuro perfecto,ellos,habrán retomado,2,reviewed,
ES,retomar,Subjuntivo,Subjuntivo presente,yo,retome,2,reviewed,
ES,retomar,Subjuntivo,Subjuntivo presente,tú,retomes,2,reviewed,
ES,retomar,Subjuntivo,Subjuntivo presente,él,retome,2,reviewed,
ES,retomar,Subjuntivo,Subjuntivo presente,nosotros,retomemos,2,reviewed,
ES,retomar,Subjuntivo,Subjuntivo presente,vosotros,retoméis,2,reviewed,
ES,retomar,Subjuntivo,Subjuntivo presente,ellos,retomen,2,reviewed,
ES,retomar,Indicativo,Pretérito perfecto simple,yo,retomé,2,reviewed,
ES,retomar,Indicativo,Pretérito perfecto simple,tú,retomaste,2,reviewed,
ES,retomar,Indicativo,Pretérito perfecto simple,él,retomó,2,reviewed,
ES,retomar,Indicativo,Pretérito perfecto simple,nosotros,retomamos,2,reviewed,
ES,retomar,Indicativo,Pretérito perfecto simple,vosotros,retomasteis,2,reviewed,
ES,retomar,Indicativo,Pretérito perfecto simple,ellos,retomaron,2,reviewed,
ES,retomar,Indicativo,Pretérito pluscuamperfecto,yo,había retomado,2,reviewed,
ES,retomar,Indicativo,Pretérito pluscuamperfecto,tú,habías retomado,2,reviewed,
ES,retomar,Indicativo,Pretérito pluscuamperfecto,él,había retomado,2,reviewed,
ES,retomar,Indicativo,Pretérito pluscuamperfecto,nosotros,habíamos retomado,2,reviewed,
ES,retomar,Indicativo,Pretérito pluscuamperfecto,vosotros,habíais retomado,2,reviewed,
ES,retomar,Indicativo,Pretérito pluscuamperfecto,ellos,habían retomado,2,reviewed,
ES,reanudar,Indicativo,Presente,yo,reanudo,2,reviewed,
ES,reanudar,Indicativo,Presente,tú,reanudas,2,reviewed,
ES,reanudar,Indicativo,Presente,él,reanuda,2,reviewed,
ES,reanudar,Indicativo,Presente,nosotros,reanudamos,2,reviewed,
ES,reanudar,Indicativo,Presente,vosotros,reanudáis,2,reviewed,
ES,reanudar,Indicativo,Presente,ellos,reanudan,2,reviewed,
ES,reanudar,Indicativo,Futuro,yo,reanudaré,2,reviewed,
ES,reanudar,Indicativo,Futuro,tú,reanudarás,2,reviewed,
ES,reanudar,Indicativo,Futuro,él,reanudará,2,reviewed,
ES,reanudar,Indicativo,Futuro,nosotros,reanudaremos,2,reviewed,
ES,reanudar,Indicativo,Futuro,vosotros,reanudaréis,2,reviewed,
ES,reanudar,Indicativo,Futuro,ellos,reanudarán,2,reviewed,
ES,reanudar,Indicativo,Pretérito perfecto compuesto,yo,he reanudado,2,reviewed,
ES,reanudar,Indicativo,Pretérito perfecto compuesto,tú,has reanudado,2,reviewed,
ES,reanudar,Indicativo,Pretérito perfecto compuesto,él,ha reanudado,2,reviewed,
ES,reanudar,Indicativo,Pretérito perfecto compuesto,nosotros,hemos reanudado,2,reviewed,
ES,reanudar,Indicativo,Pretérito perfecto compuesto,vosotros,habéis reanudado,2,reviewed,
ES,reanudar,Indicativo,Pretérito perfecto compuesto,ellos,han reanudado,2,reviewed,
ES,reanudar,Indicativo,Pretérito imperfecto,yo,reanudaba,2,reviewed,
ES,reanudar,Indicativo,Pretérito imperfecto,tú,reanudabas,2,reviewed,
ES,reanudar,Indicativo,Pretérito imperfecto,él,reanudaba,2,reviewed,
ES,reanudar,Indicativo,Pretérito imperfecto,nosotros,reanudábamos,2,reviewed,
ES,reanudar,Indicativo,Pretérito imperfecto,vosotros,reanudabais,2,reviewed,
ES,reanudar,Indicativo,Pretérito imperfecto,ellos,reanudaban,2,reviewed,
ES,reanudar,Condicional,Condicional,yo,reanudaría,2,reviewed,
ES,reanudar,Condicional,Condicional,tú,reanudarías,2,reviewed,
ES,reanudar,Condicional,Condicional,él,reanudaría,2,reviewed,
ES,reanudar,Condicional,Condicional,nosotros,reanudaríamos,2,reviewed,
ES,reanudar,Condicional,Condicional,vosotros,reanudaríais,2,reviewed,
ES,reanudar,Condicional,Condicional,ellos,reanudarían,2,reviewed,
ES,reanudar,Imperativo,Imperativo,yo,-,2,reviewed,yo imperative placeholder -; no standard form
ES,reanudar,Imperativo,Imperativo,tú,reanuda,2,reviewed,
ES,reanudar,Imperativo,Imperativo,él,reanude,2,reviewed,
ES,reanudar,Imperativo,Imperativo,nosotros,reanudemos,2,reviewed,
ES,reanudar,Imperativo,Imperativo,vosotros,reanudad,2,reviewed,
ES,reanudar,Imperativo,Imperativo,ellos,reanuden,2,reviewed,
ES,reanudar,Indicativo,Futuro perfecto,yo,habré reanudado,2,reviewed,
ES,reanudar,Indicativo,Futuro perfecto,tú,habrás reanudado,2,reviewed,
ES,reanudar,Indicativo,Futuro perfecto,él,habrá reanudado,2,reviewed,
ES,reanudar,Indicativo,Futuro perfecto,nosotros,habremos reanudado,2,reviewed,
ES,reanudar,Indicativo,Futuro perfecto,vosotros,habréis reanudado,2,reviewed,
ES,reanudar,Indicativo,Futuro perfecto,ellos,habrán reanudado,2,reviewed,
ES,reanudar,Subjuntivo,Subjuntivo presente,yo,reanude,2,reviewed,
ES,reanudar,Subjuntivo,Subjuntivo presente,tú,reanudes,2,reviewed,
ES,reanudar,Subjuntivo,Subjuntivo presente,él,reanude,2,reviewed,
ES,reanudar,Subjuntivo,Subjuntivo presente,nosotros,reanudemos,2,reviewed,
ES,reanudar,Subjuntivo,Subjuntivo presente,vosotros,reanudéis,2,reviewed,
ES,reanudar,Subjuntivo,Subjuntivo presente,ellos,reanuden,2,reviewed,
ES,reanudar,Indicativo,Pretérito perfecto simple,yo,reanudé,2,reviewed,
ES,reanudar,Indicativo,Pretérito perfecto simple,tú,reanudaste,2,reviewed,
ES,reanudar,Indicativo,Pretérito perfecto simple,él,reanudó,2,reviewed,
ES,reanudar,Indicativo,Pretérito perfecto simple,nosotros,reanudamos,2,reviewed,
ES,reanudar,Indicativo,Pretérito perfecto simple,vosotros,reanudasteis,2,reviewed,
ES,reanudar,Indicativo,Pretérito perfecto simple,ellos,reanudaron,2,reviewed,
ES,reanudar,Indicativo,Pretérito pluscuamperfecto,yo,había reanudado,2,reviewed,
ES,reanudar,Indicativo,Pretérito pluscuamperfecto,tú,habías reanudado,2,reviewed,
ES,reanudar,Indicativo,Pretérito pluscuamperfecto,él,había reanudado,2,reviewed,
ES,reanudar,Indicativo,Pretérito pluscuamperfecto,nosotros,habíamos reanudado,2,reviewed,
ES,reanudar,Indicativo,Pretérito pluscuamperfecto,vosotros,habíais reanudado,2,reviewed,
ES,reanudar,Indicativo,Pretérito pluscuamperfecto,ellos,habían reanudado,2,reviewed,
ES,llamar,Indicativo,Presente,yo,llamo,2,reviewed,
ES,llamar,Indicativo,Presente,tú,llamas,2,reviewed,
ES,llamar,Indicativo,Presente,él,llama,2,reviewed,
ES,llamar,Indicativo,Presente,nosotros,llamamos,2,reviewed,
ES,llamar,Indicativo,Presente,vosotros,llamáis,2,reviewed,
ES,llamar,Indicativo,Presente,ellos,llaman,2,reviewed,
ES,llamar,Indicativo,Futuro,yo,llamaré,2,reviewed,
ES,llamar,Indicativo,Futuro,tú,llamarás,2,reviewed,
ES,llamar,Indicativo,Futuro,él,llamará,2,reviewed,
ES,llamar,Indicativo,Futuro,nosotros,llamaremos,2,reviewed,
ES,llamar,Indicativo,Futuro,vosotros,llamaréis,2,reviewed,
ES,llamar,Indicativo,Futuro,ellos,llamarán,2,reviewed,
ES,llamar,Indicativo,Pretérito perfecto compuesto,yo,he llamado,2,reviewed,
ES,llamar,Indicativo,Pretérito perfecto compuesto,tú,has llamado,2,reviewed,
ES,llamar,Indicativo,Pretérito perfecto compuesto,él,ha llamado,2,reviewed,
ES,llamar,Indicativo,Pretérito perfecto compuesto,nosotros,hemos llamado,2,reviewed,
ES,llamar,Indicativo,Pretérito perfecto compuesto,vosotros,habéis llamado,2,reviewed,
ES,llamar,Indicativo,Pretérito perfecto compuesto,ellos,han llamado,2,reviewed,
ES,llamar,Indicativo,Pretérito imperfecto,yo,llamaba,2,reviewed,
ES,llamar,Indicativo,Pretérito imperfecto,tú,llamabas,2,reviewed,
ES,llamar,Indicativo,Pretérito imperfecto,él,llamaba,2,reviewed,
ES,llamar,Indicativo,Pretérito imperfecto,nosotros,llamábamos,2,reviewed,
ES,llamar,Indicativo,Pretérito imperfecto,vosotros,llamabais,2,reviewed,
ES,llamar,Indicativo,Pretérito imperfecto,ellos,llamaban,2,reviewed,
ES,llamar,Condicional,Condicional,yo,llamaría,2,reviewed,
ES,llamar,Condicional,Condicional,tú,llamarías,2,reviewed,
ES,llamar,Condicional,Condicional,él,llamaría,2,reviewed,
ES,llamar,Condicional,Condicional,nosotros,llamaríamos,2,reviewed,
ES,llamar,Condicional,Condicional,vosotros,llamaríais,2,reviewed,
ES,llamar,Condicional,Condicional,ellos,llamarían,2,reviewed,
ES,llamar,Imperativo,Imperativo,yo,-,2,reviewed,yo imperative placeholder -; no standard form
ES,llamar,Imperativo,Imperativo,tú,llama,2,reviewed,
ES,llamar,Imperativo,Imperativo,él,llame,2,reviewed,
ES,llamar,Imperativo,Imperativo,nosotros,llamemos,2,reviewed,
ES,llamar,Imperativo,Imperativo,vosotros,llamad,2,reviewed,
ES,llamar,Imperativo,Imperativo,ellos,llamen,2,reviewed,
ES,llamar,Indicativo,Futuro perfecto,yo,habré llamado,2,reviewed,
ES,llamar,Indicativo,Futuro perfecto,tú,habrás llamado,2,reviewed,
ES,llamar,Indicativo,Futuro perfecto,él,habrá llamado,2,reviewed,
ES,llamar,Indicativo,Futuro perfecto,nosotros,habremos llamado,2,reviewed,
ES,llamar,Indicativo,Futuro perfecto,vosotros,habréis llamado,2,reviewed,
ES,llamar,Indicativo,Futuro perfecto,ellos,habrán llamado,2,reviewed,
ES,llamar,Subjuntivo,Subjuntivo presente,yo,llame,2,reviewed,
ES,llamar,Subjuntivo,Subjuntivo presente,tú,llames,2,reviewed,
ES,llamar,Subjuntivo,Subjuntivo presente,él,llame,2,reviewed,
ES,llamar,Subjuntivo,Subjuntivo presente,nosotros,llamemos,2,reviewed,
ES,llamar,Subjuntivo,Subjuntivo presente,vosotros,llaméis,2,reviewed,
ES,llamar,Subjuntivo,Subjuntivo presente,ellos,llamen,2,reviewed,
ES,llamar,Indicativo,Pretérito perfecto simple,yo,llamé,2,reviewed,
ES,llamar,Indicativo,Pretérito perfecto simple,tú,llamaste,2,reviewed,
ES,llamar,Indicativo,Pretérito perfecto simple,él,llamó,2,reviewed,
ES,llamar,Indicativo,Pretérito perfecto simple,nosotros,llamamos,2,reviewed,
ES,llamar,Indicativo,Pretérito perfecto simple,vosotros,llamasteis,2,reviewed,
ES,llamar,Indicativo,Pretérito perfecto simple,ellos,llamaron,2,reviewed,
ES,llamar,Indicativo,Pretérito pluscuamperfecto,yo,había llamado,2,reviewed,
ES,llamar,Indicativo,Pretérito pluscuamperfecto,tú,habías llamado,2,reviewed,
ES,llamar,Indicativo,Pretérito pluscuamperfecto,él,había llamado,2,reviewed,
ES,llamar,Indicativo,Pretérito pluscuamperfecto,nosotros,habíamos llamado,2,reviewed,
ES,llamar,Indicativo,Pretérito pluscuamperfecto,vosotros,habíais llamado,2,reviewed,
ES,llamar,Indicativo,Pretérito pluscuamperfecto,ellos,habían llamado,2,reviewed,
ES,cenar,Indicativo,Presente,yo,ceno,2,reviewed,
ES,cenar,Indicativo,Presente,tú,cenas,2,reviewed,
ES,cenar,Indicativo,Presente,él,cena,2,reviewed,
ES,cenar,Indicativo,Presente,nosotros,cenamos,2,reviewed,
ES,cenar,Indicativo,Presente,vosotros,cenáis,2,reviewed,
ES,cenar,Indicativo,Presente,ellos,cenan,2,reviewed,
ES,cenar,Indicativo,Futuro,yo,cenaré,2,reviewed,
ES,cenar,Indicativo,Futuro,tú,cenarás,2,reviewed,
ES,cenar,Indicativo,Futuro,él,cenará,2,reviewed,
ES,cenar,Indicativo,Futuro,nosotros,cenaremos,2,reviewed,
ES,cenar,Indicativo,Futuro,vosotros,cenaréis,2,reviewed,
ES,cenar,Indicativo,Futuro,ellos,cenarán,2,reviewed,
ES,cenar,Indicativo,Pretérito perfecto compuesto,yo,he cenado,2,reviewed,
ES,cenar,Indicativo,Pretérito perfecto compuesto,tú,has cenado,2,reviewed,
ES,cenar,Indicativo,Pretérito perfecto compuesto,él,ha cenado,2,reviewed,
ES,cenar,Indicativo,Pretérito perfecto compuesto,nosotros,hemos cenado,2,reviewed,
ES,cenar,Indicativo,Pretérito perfecto compuesto,vosotros,habéis cenado,2,reviewed,
ES,cenar,Indicativo,Pretérito perfecto compuesto,ellos,han cenado,2,reviewed,
ES,cenar,Indicativo,Pretérito imperfecto,yo,cenaba,2,reviewed,
ES,cenar,Indicativo,Pretérito imperfecto,tú,cenabas,2,reviewed,
ES,cenar,Indicativo,Pretérito imperfecto,él,cenaba,2,reviewed,
ES,cenar,Indicativo,Pretérito imperfecto,nosotros,cenábamos,2,reviewed,
ES,cenar,Indicativo,Pretérito imperfecto,vosotros,cenabais,2,reviewed,
ES,cenar,Indicativo,Pretérito imperfecto,ellos,cenaban,2,reviewed,
ES,cenar,Condicional,Condicional,yo,cenaría,2,reviewed,
ES,cenar,Condicional,Condicional,tú,cenarías,2,reviewed,
ES,cenar,Condicional,Condicional,él,cenaría,2,reviewed,
ES,cenar,Condicional,Condicional,nosotros,cenaríamos,2,reviewed,
ES,cenar,Condicional,Condicional,vosotros,cenaríais,2,reviewed,
ES,cenar,Condicional,Condicional,ellos,cenarían,2,reviewed,
ES,cenar,Imperativo,Imperativo,yo,-,2,reviewed,yo imperative placeholder -; no standard form
ES,cenar,Imperativo,Imperativo,tú,cena,2,reviewed,
ES,cenar,Imperativo,Imperativo,él,cene,2,reviewed,
ES,cenar,Imperativo,Imperativo,nosotros,cenemos,2,reviewed,
ES,cenar,Imperativo,Imperativo,vosotros,cenad,2,reviewed,
ES,cenar,Imperativo,Imperativo,ellos,cenen,2,reviewed,
ES,cenar,Indicativo,Futuro perfecto,yo,habré cenado,2,reviewed,
ES,cenar,Indicativo,Futuro perfecto,tú,habrás cenado,2,reviewed,
ES,cenar,Indicativo,Futuro perfecto,él,habrá cenado,2,reviewed,
ES,cenar,Indicativo,Futuro perfecto,nosotros,habremos cenado,2,reviewed,
ES,cenar,Indicativo,Futuro perfecto,vosotros,habréis cenado,2,reviewed,
ES,cenar,Indicativo,Futuro perfecto,ellos,habrán cenado,2,reviewed,
ES,cenar,Subjuntivo,Subjuntivo presente,yo,cene,2,reviewed,
ES,cenar,Subjuntivo,Subjuntivo presente,tú,cenes,2,reviewed,
ES,cenar,Subjuntivo,Subjuntivo presente,él,cene,2,reviewed,
ES,cenar,Subjuntivo,Subjuntivo presente,nosotros,cenemos,2,reviewed,
ES,cenar,Subjuntivo,Subjuntivo presente,vosotros,cenéis,2,reviewed,
ES,cenar,Subjuntivo,Subjuntivo presente,ellos,cenen,2,reviewed,
ES,cenar,Indicativo,Pretérito perfecto simple,yo,cené,2,reviewed,
ES,cenar,Indicativo,Pretérito perfecto simple,tú,cenaste,2,reviewed,
ES,cenar,Indicativo,Pretérito perfecto simple,él,cenó,2,reviewed,
ES,cenar,Indicativo,Pretérito perfecto simple,nosotros,cenamos,2,reviewed,
ES,cenar,Indicativo,Pretérito perfecto simple,vosotros,cenasteis,2,reviewed,
ES,cenar,Indicativo,Pretérito perfecto simple,ellos,cenaron,2,reviewed,
ES,cenar,Indicativo,Pretérito pluscuamperfecto,yo,había cenado,2,reviewed,
ES,cenar,Indicativo,Pretérito pluscuamperfecto,tú,habías cenado,2,reviewed,
ES,cenar,Indicativo,Pretérito pluscuamperfecto,él,había cenado,2,reviewed,
ES,cenar,Indicativo,Pretérito pluscuamperfecto,nosotros,habíamos cenado,2,reviewed,
ES,cenar,Indicativo,Pretérito pluscuamperfecto,vosotros,habíais cenado,2,reviewed,
ES,cenar,Indicativo,Pretérito pluscuamperfecto,ellos,habían cenado,2,reviewed,
ES,aprender,Indicativo,Presente,yo,aprendo,2,reviewed,
ES,aprender,Indicativo,Presente,tú,aprendes,2,reviewed,
ES,aprender,Indicativo,Presente,él,aprende,2,reviewed,
ES,aprender,Indicativo,Presente,nosotros,aprendemos,2,reviewed,
ES,aprender,Indicativo,Presente,vosotros,aprendéis,2,reviewed,
ES,aprender,Indicativo,Presente,ellos,aprenden,2,reviewed,
ES,aprender,Indicativo,Futuro,yo,aprenderé,2,reviewed,
ES,aprender,Indicativo,Futuro,tú,aprenderás,2,reviewed,
ES,aprender,Indicativo,Futuro,él,aprenderá,2,reviewed,
ES,aprender,Indicativo,Futuro,nosotros,aprenderemos,2,reviewed,
ES,aprender,Indicativo,Futuro,vosotros,aprenderéis,2,reviewed,
ES,aprender,Indicativo,Futuro,ellos,aprenderán,2,reviewed,
ES,aprender,Indicativo,Pretérito perfecto compuesto,yo,he aprendido,2,reviewed,
ES,aprender,Indicativo,Pretérito perfecto compuesto,tú,has aprendido,2,reviewed,
ES,aprender,Indicativo,Pretérito perfecto compuesto,él,ha aprendido,2,reviewed,
ES,aprender,Indicativo,Pretérito perfecto compuesto,nosotros,hemos aprendido,2,reviewed,
ES,aprender,Indicativo,Pretérito perfecto compuesto,vosotros,habéis aprendido,2,reviewed,
ES,aprender,Indicativo,Pretérito perfecto compuesto,ellos,han aprendido,2,reviewed,
ES,aprender,Indicativo,Pretérito imperfecto,yo,aprendía,2,reviewed,
ES,aprender,Indicativo,Pretérito imperfecto,tú,aprendías,2,reviewed,
ES,aprender,Indicativo,Pretérito imperfecto,él,aprendía,2,reviewed,
ES,aprender,Indicativo,Pretérito imperfecto,nosotros,aprendíamos,2,reviewed,
ES,aprender,Indicativo,Pretérito imperfecto,vosotros,aprendíais,2,reviewed,
ES,aprender,Indicativo,Pretérito imperfecto,ellos,aprendían,2,reviewed,
ES,aprender,Condicional,Condicional,yo,aprendería,2,reviewed,
ES,aprender,Condicional,Condicional,tú,aprenderías,2,reviewed,
ES,aprender,Condicional,Condicional,él,aprendería,2,reviewed,
ES,aprender,Condicional,Condicional,nosotros,aprenderíamos,2,reviewed,
ES,aprender,Condicional,Condicional,vosotros,aprenderíais,2,reviewed,
ES,aprender,Condicional,Condicional,ellos,aprenderían,2,reviewed,
ES,aprender,Imperativo,Imperativo,yo,-,2,reviewed,yo imperative placeholder -; no standard form
ES,aprender,Imperativo,Imperativo,tú,aprende,2,reviewed,
ES,aprender,Imperativo,Imperativo,él,aprenda,2,reviewed,
ES,aprender,Imperativo,Imperativo,nosotros,aprendamos,2,reviewed,
ES,aprender,Imperativo,Imperativo,vosotros,aprended,2,reviewed,
ES,aprender,Imperativo,Imperativo,ellos,aprendan,2,reviewed,
ES,aprender,Indicativo,Futuro perfecto,yo,habré aprendido,2,reviewed,
ES,aprender,Indicativo,Futuro perfecto,tú,habrás aprendido,2,reviewed,
ES,aprender,Indicativo,Futuro perfecto,él,habrá aprendido,2,reviewed,
ES,aprender,Indicativo,Futuro perfecto,nosotros,habremos aprendido,2,reviewed,
ES,aprender,Indicativo,Futuro perfecto,vosotros,habréis aprendido,2,reviewed,
ES,aprender,Indicativo,Futuro perfecto,ellos,habrán aprendido,2,reviewed,
ES,aprender,Subjuntivo,Subjuntivo presente,yo,aprenda,2,reviewed,
ES,aprender,Subjuntivo,Subjuntivo presente,tú,aprendas,2,reviewed,
ES,aprender,Subjuntivo,Subjuntivo presente,él,aprenda,2,reviewed,
ES,aprender,Subjuntivo,Subjuntivo presente,nosotros,aprendamos,2,reviewed,
ES,aprender,Subjuntivo,Subjuntivo presente,vosotros,aprendáis,2,reviewed,
ES,aprender,Subjuntivo,Subjuntivo presente,ellos,aprendan,2,reviewed,
ES,aprender,Indicativo,Pretérito perfecto simple,yo,aprendí,2,reviewed,
ES,aprender,Indicativo,Pretérito perfecto simple,tú,aprendiste,2,reviewed,
ES,aprender,Indicativo,Pretérito perfecto simple,él,aprendió,2,reviewed,
ES,aprender,Indicativo,Pretérito perfecto simple,nosotros,aprendimos,2,reviewed,
ES,aprender,Indicativo,Pretérito perfecto simple,vosotros,aprendisteis,2,reviewed,
ES,aprender,Indicativo,Pretérito perfecto simple,ellos,aprendieron,2,reviewed,
ES,aprender,Indicativo,Pretérito pluscuamperfecto,yo,había aprendido,2,reviewed,
ES,aprender,Indicativo,Pretérito pluscuamperfecto,tú,habías aprendido,2,reviewed,
ES,aprender,Indicativo,Pretérito pluscuamperfecto,él,había aprendido,2,reviewed,
ES,aprender,Indicativo,Pretérito pluscuamperfecto,nosotros,habíamos aprendido,2,reviewed,
ES,aprender,Indicativo,Pretérito pluscuamperfecto,vosotros,habíais aprendido,2,reviewed,
ES,aprender,Indicativo,Pretérito pluscuamperfecto,ellos,habían aprendido,2,reviewed,
ES,impedir,Indicativo,Presente,yo,impido,2,reviewed,
ES,impedir,Indicativo,Presente,tú,impides,2,reviewed,
ES,impedir,Indicativo,Presente,él,impide,2,reviewed,
ES,impedir,Indicativo,Presente,nosotros,impedimos,2,reviewed,
ES,impedir,Indicativo,Presente,vosotros,impedís,2,reviewed,
ES,impedir,Indicativo,Presente,ellos,impiden,2,reviewed,
ES,impedir,Indicativo,Futuro,yo,impediré,2,reviewed,
ES,impedir,Indicativo,Futuro,tú,impedirás,2,reviewed,
ES,impedir,Indicativo,Futuro,él,impedirá,2,reviewed,
ES,impedir,Indicativo,Futuro,nosotros,impediremos,2,reviewed,
ES,impedir,Indicativo,Futuro,vosotros,impediréis,2,reviewed,
ES,impedir,Indicativo,Futuro,ellos,impedirán,2,reviewed,
ES,impedir,Indicativo,Pretérito perfecto compuesto,yo,he impedido,2,reviewed,
ES,impedir,Indicativo,Pretérito perfecto compuesto,tú,has impedido,2,reviewed,
ES,impedir,Indicativo,Pretérito perfecto compuesto,él,ha impedido,2,reviewed,
ES,impedir,Indicativo,Pretérito perfecto compuesto,nosotros,hemos impedido,2,reviewed,
ES,impedir,Indicativo,Pretérito perfecto compuesto,vosotros,habéis impedido,2,reviewed,
ES,impedir,Indicativo,Pretérito perfecto compuesto,ellos,han impedido,2,reviewed,
ES,impedir,Indicativo,Pretérito imperfecto,yo,impedía,2,reviewed,
ES,impedir,Indicativo,Pretérito imperfecto,tú,impedías,2,reviewed,
ES,impedir,Indicativo,Pretérito imperfecto,él,impedía,2,reviewed,
ES,impedir,Indicativo,Pretérito imperfecto,nosotros,impedíamos,2,reviewed,
ES,impedir,Indicativo,Pretérito imperfecto,vosotros,impedíais,2,reviewed,
ES,impedir,Indicativo,Pretérito imperfecto,ellos,impedían,2,reviewed,
ES,impedir,Condicional,Condicional,yo,impediría,2,reviewed,
ES,impedir,Condicional,Condicional,tú,impedirías,2,reviewed,
ES,impedir,Condicional,Condicional,él,impediría,2,reviewed,
ES,impedir,Condicional,Condicional,nosotros,impediríamos,2,reviewed,
ES,impedir,Condicional,Condicional,vosotros,impediríais,2,reviewed,
ES,impedir,Condicional,Condicional,ellos,impedirían,2,reviewed,
ES,impedir,Imperativo,Imperativo,yo,-,2,reviewed,yo imperative placeholder -; no standard form
ES,impedir,Imperativo,Imperativo,tú,impide,2,reviewed,
ES,impedir,Imperativo,Imperativo,él,impida,2,reviewed,
ES,impedir,Imperativo,Imperativo,nosotros,impidamos,2,reviewed,
ES,impedir,Imperativo,Imperativo,vosotros,impedid,2,reviewed,
ES,impedir,Imperativo,Imperativo,ellos,impidan,2,reviewed,
ES,impedir,Indicativo,Futuro perfecto,yo,habré impedido,2,reviewed,
ES,impedir,Indicativo,Futuro perfecto,tú,habrás impedido,2,reviewed,
ES,impedir,Indicativo,Futuro perfecto,él,habrá impedido,2,reviewed,
ES,impedir,Indicativo,Futuro perfecto,nosotros,habremos impedido,2,reviewed,
ES,impedir,Indicativo,Futuro perfecto,vosotros,habréis impedido,2,reviewed,
ES,impedir,Indicativo,Futuro perfecto,ellos,habrán impedido,2,reviewed,
ES,impedir,Subjuntivo,Subjuntivo presente,yo,impida,2,reviewed,
ES,impedir,Subjuntivo,Subjuntivo presente,tú,impidas,2,reviewed,
ES,impedir,Subjuntivo,Subjuntivo presente,él,impida,2,reviewed,
ES,impedir,Subjuntivo,Subjuntivo presente,nosotros,impidamos,2,reviewed,
ES,impedir,Subjuntivo,Subjuntivo presente,vosotros,impidáis,2,reviewed,
ES,impedir,Subjuntivo,Subjuntivo presente,ellos,impidan,2,reviewed,
ES,impedir,Indicativo,Pretérito perfecto simple,yo,impedí,2,reviewed,
ES,impedir,Indicativo,Pretérito perfecto simple,tú,impediste,2,reviewed,
ES,impedir,Indicativo,Pretérito perfecto simple,él,impidió,2,reviewed,
ES,impedir,Indicativo,Pretérito perfecto simple,nosotros,impedimos,2,reviewed,
ES,impedir,Indicativo,Pretérito perfecto simple,vosotros,impedisteis,2,reviewed,
ES,impedir,Indicativo,Pretérito perfecto simple,ellos,impidieron,2,reviewed,
ES,impedir,Indicativo,Pretérito pluscuamperfecto,yo,había impedido,2,reviewed,
ES,impedir,Indicativo,Pretérito pluscuamperfecto,tú,habías impedido,2,reviewed,
ES,impedir,Indicativo,Pretérito pluscuamperfecto,él,había impedido,2,reviewed,
ES,impedir,Indicativo,Pretérito pluscuamperfecto,nosotros,habíamos impedido,2,reviewed,
ES,impedir,Indicativo,Pretérito pluscuamperfecto,vosotros,habíais impedido,2,reviewed,
ES,impedir,Indicativo,Pretérito pluscuamperfecto,ellos,habían impedido,2,reviewed,
ES,establecer,Indicativo,Presente,yo,establezco,2,reviewed,
ES,establecer,Indicativo,Presente,tú,estableces,2,reviewed,
ES,establecer,Indicativo,Presente,él,establece,2,reviewed,
ES,establecer,Indicativo,Presente,nosotros,establecemos,2,reviewed,
ES,establecer,Indicativo,Presente,vosotros,establecéis,2,reviewed,
ES,establecer,Indicativo,Presente,ellos,establecen,2,reviewed,
ES,establecer,Indicativo,Futuro,yo,estableceré,2,reviewed,
ES,establecer,Indicativo,Futuro,tú,establecerás,2,reviewed,
ES,establecer,Indicativo,Futuro,él,establecerá,2,reviewed,
ES,establecer,Indicativo,Futuro,nosotros,estableceremos,2,reviewed,
ES,establecer,Indicativo,Futuro,vosotros,estableceréis,2,reviewed,
ES,establecer,Indicativo,Futuro,ellos,establecerán,2,reviewed,
ES,establecer,Indicativo,Pretérito perfecto compuesto,yo,he establecido,2,reviewed,
ES,establecer,Indicativo,Pretérito perfecto compuesto,tú,has establecido,2,reviewed,
ES,establecer,Indicativo,Pretérito perfecto compuesto,él,ha establecido,2,reviewed,
ES,establecer,Indicativo,Pretérito perfecto compuesto,nosotros,hemos establecido,2,reviewed,
ES,establecer,Indicativo,Pretérito perfecto compuesto,vosotros,habéis establecido,2,reviewed,
ES,establecer,Indicativo,Pretérito perfecto compuesto,ellos,han establecido,2,reviewed,
ES,establecer,Indicativo,Pretérito imperfecto,yo,establecía,2,reviewed,
ES,establecer,Indicativo,Pretérito imperfecto,tú,establecías,2,reviewed,
ES,establecer,Indicativo,Pretérito imperfecto,él,establecía,2,reviewed,
ES,establecer,Indicativo,Pretérito imperfecto,nosotros,establecíamos,2,reviewed,
ES,establecer,Indicativo,Pretérito imperfecto,vosotros,establecíais,2,reviewed,
ES,establecer,Indicativo,Pretérito imperfecto,ellos,establecían,2,reviewed,
ES,establecer,Condicional,Condicional,yo,establecería,2,reviewed,
ES,establecer,Condicional,Condicional,tú,establecerías,2,reviewed,
ES,establecer,Condicional,Condicional,él,establecería,2,reviewed,
ES,establecer,Condicional,Condicional,nosotros,estableceríamos,2,reviewed,
ES,establecer,Condicional,Condicional,vosotros,estableceríais,2,reviewed,
ES,establecer,Condicional,Condicional,ellos,establecerían,2,reviewed,
ES,establecer,Imperativo,Imperativo,yo,-,2,reviewed,yo imperative placeholder -; no standard form
ES,establecer,Imperativo,Imperativo,tú,establece,2,reviewed,
ES,establecer,Imperativo,Imperativo,él,establezca,2,reviewed,
ES,establecer,Imperativo,Imperativo,nosotros,establezcamos,2,reviewed,
ES,establecer,Imperativo,Imperativo,vosotros,estableced,2,reviewed,
ES,establecer,Imperativo,Imperativo,ellos,establezcan,2,reviewed,
ES,establecer,Indicativo,Futuro perfecto,yo,habré establecido,2,reviewed,
ES,establecer,Indicativo,Futuro perfecto,tú,habrás establecido,2,reviewed,
ES,establecer,Indicativo,Futuro perfecto,él,habrá establecido,2,reviewed,
ES,establecer,Indicativo,Futuro perfecto,nosotros,habremos establecido,2,reviewed,
ES,establecer,Indicativo,Futuro perfecto,vosotros,habréis establecido,2,reviewed,
ES,establecer,Indicativo,Futuro perfecto,ellos,habrán establecido,2,reviewed,
ES,establecer,Subjuntivo,Subjuntivo presente,yo,establezca,2,reviewed,
ES,establecer,Subjuntivo,Subjuntivo presente,tú,establezcas,2,reviewed,
ES,establecer,Subjuntivo,Subjuntivo presente,él,establezca,2,reviewed,
ES,establecer,Subjuntivo,Subjuntivo presente,nosotros,establezcamos,2,reviewed,
ES,establecer,Subjuntivo,Subjuntivo presente,vosotros,establezcáis,2,reviewed,
ES,establecer,Subjuntivo,Subjuntivo presente,ellos,establezcan,2,reviewed,
ES,establecer,Indicativo,Pretérito perfecto simple,yo,establecí,2,reviewed,
ES,establecer,Indicativo,Pretérito perfecto simple,tú,estableciste,2,reviewed,
ES,establecer,Indicativo,Pretérito perfecto simple,él,estableció,2,reviewed,
ES,establecer,Indicativo,Pretérito perfecto simple,nosotros,establecimos,2,reviewed,
ES,establecer,Indicativo,Pretérito perfecto simple,vosotros,establecisteis,2,reviewed,
ES,establecer,Indicativo,Pretérito perfecto simple,ellos,establecieron,2,reviewed,
ES,establecer,Indicativo,Pretérito pluscuamperfecto,yo,había establecido,2,reviewed,
ES,establecer,Indicativo,Pretérito pluscuamperfecto,tú,habías establecido,2,reviewed,
ES,establecer,Indicativo,Pretérito pluscuamperfecto,él,había establecido,2,reviewed,
ES,establecer,Indicativo,Pretérito pluscuamperfecto,nosotros,habíamos establecido,2,reviewed,
ES,establecer,Indicativo,Pretérito pluscuamperfecto,vosotros,habíais establecido,2,reviewed,
ES,establecer,Indicativo,Pretérito pluscuamperfecto,ellos,habían establecido,2,reviewed,
ES,trabajar,Indicativo,Presente,yo,trabajo,2,reviewed,
ES,trabajar,Indicativo,Presente,tú,trabajas,2,reviewed,
ES,trabajar,Indicativo,Presente,él,trabaja,2,reviewed,
ES,trabajar,Indicativo,Presente,nosotros,trabajamos,2,reviewed,
ES,trabajar,Indicativo,Presente,vosotros,trabajáis,2,reviewed,
ES,trabajar,Indicativo,Presente,ellos,trabajan,2,reviewed,
ES,trabajar,Indicativo,Futuro,yo,trabajaré,2,reviewed,
ES,trabajar,Indicativo,Futuro,tú,trabajarás,2,reviewed,
ES,trabajar,Indicativo,Futuro,él,trabajará,2,reviewed,
ES,trabajar,Indicativo,Futuro,nosotros,trabajaremos,2,reviewed,
ES,trabajar,Indicativo,Futuro,vosotros,trabajaréis,2,reviewed,
ES,trabajar,Indicativo,Futuro,ellos,trabajarán,2,reviewed,
ES,trabajar,Indicativo,Pretérito perfecto compuesto,yo,he trabajado,2,reviewed,
ES,trabajar,Indicativo,Pretérito perfecto compuesto,tú,has trabajado,2,reviewed,
ES,trabajar,Indicativo,Pretérito perfecto compuesto,él,ha trabajado,2,reviewed,
ES,trabajar,Indicativo,Pretérito perfecto compuesto,nosotros,hemos trabajado,2,reviewed,
ES,trabajar,Indicativo,Pretérito perfecto compuesto,vosotros,habéis trabajado,2,reviewed,
ES,trabajar,Indicativo,Pretérito perfecto compuesto,ellos,han trabajado,2,reviewed,
ES,trabajar,Indicativo,Pretérito imperfecto,yo,trabajaba,2,reviewed,
ES,trabajar,Indicativo,Pretérito imperfecto,tú,trabajabas,2,reviewed,
ES,trabajar,Indicativo,Pretérito imperfecto,él,trabajaba,2,reviewed,
ES,trabajar,Indicativo,Pretérito imperfecto,nosotros,trabajábamos,2,reviewed,
ES,trabajar,Indicativo,Pretérito imperfecto,vosotros,trabajabais,2,reviewed,
ES,trabajar,Indicativo,Pretérito imperfecto,ellos,trabajaban,2,reviewed,
ES,trabajar,Condicional,Condicional,yo,trabajaría,2,reviewed,
ES,trabajar,Condicional,Condicional,tú,trabajarías,2,reviewed,
ES,trabajar,Condicional,Condicional,él,trabajaría,2,reviewed,
ES,trabajar,Condicional,Condicional,nosotros,trabajaríamos,2,reviewed,
ES,trabajar,Condicional,Condicional,vosotros,trabajaríais,2,reviewed,
ES,trabajar,Condicional,Condicional,ellos,trabajarían,2,reviewed,
ES,trabajar,Imperativo,Imperativo,yo,-,2,reviewed,yo imperative placeholder -; no standard form
ES,trabajar,Imperativo,Imperativo,tú,trabaja,2,reviewed,
ES,trabajar,Imperativo,Imperativo,él,trabaje,2,reviewed,
ES,trabajar,Imperativo,Imperativo,nosotros,trabajemos,2,reviewed,
ES,trabajar,Imperativo,Imperativo,vosotros,trabajad,2,reviewed,
ES,trabajar,Imperativo,Imperativo,ellos,trabajen,2,reviewed,
ES,trabajar,Indicativo,Futuro perfecto,yo,habré trabajado,2,reviewed,
ES,trabajar,Indicativo,Futuro perfecto,tú,habrás trabajado,2,reviewed,
ES,trabajar,Indicativo,Futuro perfecto,él,habrá trabajado,2,reviewed,
ES,trabajar,Indicativo,Futuro perfecto,nosotros,habremos trabajado,2,reviewed,
ES,trabajar,Indicativo,Futuro perfecto,vosotros,habréis trabajado,2,reviewed,
ES,trabajar,Indicativo,Futuro perfecto,ellos,habrán trabajado,2,reviewed,
ES,trabajar,Subjuntivo,Subjuntivo presente,yo,trabaje,2,reviewed,
ES,trabajar,Subjuntivo,Subjuntivo presente,tú,trabajes,2,reviewed,
ES,trabajar,Subjuntivo,Subjuntivo presente,él,trabaje,2,reviewed,
ES,trabajar,Subjuntivo,Subjuntivo presente,nosotros,trabajemos,2,reviewed,
ES,trabajar,Subjuntivo,Subjuntivo presente,vosotros,trabajéis,2,reviewed,
ES,trabajar,Subjuntivo,Subjuntivo presente,ellos,trabajen,2,reviewed,
ES,trabajar,Indicativo,Pretérito perfecto simple,yo,trabajé,2,reviewed,
ES,trabajar,Indicativo,Pretérito perfecto simple,tú,trabajaste,2,reviewed,
ES,trabajar,Indicativo,Pretérito perfecto simple,él,trabajó,2,reviewed,
ES,trabajar,Indicativo,Pretérito perfecto simple,nosotros,trabajamos,2,reviewed,
ES,trabajar,Indicativo,Pretérito perfecto simple,vosotros,trabajasteis,2,reviewed,
ES,trabajar,Indicativo,Pretérito perfecto simple,ellos,trabajaron,2,reviewed,
ES,trabajar,Indicativo,Pretérito pluscuamperfecto,yo,había trabajado,2,reviewed,
ES,trabajar,Indicativo,Pretérito pluscuamperfecto,tú,habías trabajado,2,reviewed,
ES,trabajar,Indicativo,Pretérito pluscuamperfecto,él,había trabajado,2,reviewed,
ES,trabajar,Indicativo,Pretérito pluscuamperfecto,nosotros,habíamos trabajado,2,reviewed,
ES,trabajar,Indicativo,Pretérito pluscuamperfecto,vosotros,habíais trabajado,2,reviewed,
ES,trabajar,Indicativo,Pretérito pluscuamperfecto,ellos,habían trabajado,2,reviewed,
ES,guardar,Indicativo,Presente,yo,guardo,2,reviewed,
ES,guardar,Indicativo,Presente,tú,guardas,2,reviewed,
ES,guardar,Indicativo,Presente,él,guarda,2,reviewed,
ES,guardar,Indicativo,Presente,nosotros,guardamos,2,reviewed,
ES,guardar,Indicativo,Presente,vosotros,guardáis,2,reviewed,
ES,guardar,Indicativo,Presente,ellos,guardan,2,reviewed,
ES,guardar,Indicativo,Futuro,yo,guardaré,2,reviewed,
ES,guardar,Indicativo,Futuro,tú,guardarás,2,reviewed,
ES,guardar,Indicativo,Futuro,él,guardará,2,reviewed,
ES,guardar,Indicativo,Futuro,nosotros,guardaremos,2,reviewed,
ES,guardar,Indicativo,Futuro,vosotros,guardaréis,2,reviewed,
ES,guardar,Indicativo,Futuro,ellos,guardarán,2,reviewed,
ES,guardar,Indicativo,Pretérito perfecto compuesto,yo,he guardado,2,reviewed,
ES,guardar,Indicativo,Pretérito perfecto compuesto,tú,has guardado,2,reviewed,
ES,guardar,Indicativo,Pretérito perfecto compuesto,él,ha guardado,2,reviewed,
ES,guardar,Indicativo,Pretérito perfecto compuesto,nosotros,hemos guardado,2,reviewed,
ES,guardar,Indicativo,Pretérito perfecto compuesto,vosotros,habéis guardado,2,reviewed,
ES,guardar,Indicativo,Pretérito perfecto compuesto,ellos,han guardado,2,reviewed,
ES,guardar,Indicativo,Pretérito imperfecto,yo,guardaba,2,reviewed,
ES,guardar,Indicativo,Pretérito imperfecto,tú,guardabas,2,reviewed,
ES,guardar,Indicativo,Pretérito imperfecto,él,guardaba,2,reviewed,
ES,guardar,Indicativo,Pretérito imperfecto,nosotros,guardábamos,2,reviewed,
ES,guardar,Indicativo,Pretérito imperfecto,vosotros,guardabais,2,reviewed,
ES,guardar,Indicativo,Pretérito imperfecto,ellos,guardaban,2,reviewed,
ES,guardar,Condicional,Condicional,yo,guardaría,2,reviewed,
ES,guardar,Condicional,Condicional,tú,guardarías,2,reviewed,
ES,guardar,Condicional,Condicional,él,guardaría,2,reviewed,
ES,guardar,Condicional,Condicional,nosotros,guardaríamos,2,reviewed,
ES,guardar,Condicional,Condicional,vosotros,guardaríais,2,reviewed,
ES,guardar,Condicional,Condicional,ellos,guardarían,2,reviewed,
ES,guardar,Imperativo,Imperativo,yo,-,2,reviewed,yo imperative placeholder -; no standard form
ES,guardar,Imperativo,Imperativo,tú,guarda,2,reviewed,
ES,guardar,Imperativo,Imperativo,él,guarde,2,reviewed,
ES,guardar,Imperativo,Imperativo,nosotros,guardemos,2,reviewed,
ES,guardar,Imperativo,Imperativo,vosotros,guardad,2,reviewed,
ES,guardar,Imperativo,Imperativo,ellos,guarden,2,reviewed,
ES,guardar,Indicativo,Futuro perfecto,yo,habré guardado,2,reviewed,
ES,guardar,Indicativo,Futuro perfecto,tú,habrás guardado,2,reviewed,
ES,guardar,Indicativo,Futuro perfecto,él,habrá guardado,2,reviewed,
ES,guardar,Indicativo,Futuro perfecto,nosotros,habremos guardado,2,reviewed,
ES,guardar,Indicativo,Futuro perfecto,vosotros,habréis guardado,2,reviewed,
ES,guardar,Indicativo,Futuro perfecto,ellos,habrán guardado,2,reviewed,
ES,guardar,Subjuntivo,Subjuntivo presente,yo,guarde,2,reviewed,
ES,guardar,Subjuntivo,Subjuntivo presente,tú,guardes,2,reviewed,
ES,guardar,Subjuntivo,Subjuntivo presente,él,guarde,2,reviewed,
ES,guardar,Subjuntivo,Subjuntivo presente,nosotros,guardemos,2,reviewed,
ES,guardar,Subjuntivo,Subjuntivo presente,vosotros,guardéis,2,reviewed,
ES,guardar,Subjuntivo,Subjuntivo presente,ellos,guarden,2,reviewed,
ES,guardar,Indicativo,Pretérito perfecto simple,yo,guardé,2,reviewed,
ES,guardar,Indicativo,Pretérito perfecto simple,tú,guardaste,2,reviewed,
ES,guardar,Indicativo,Pretérito perfecto simple,él,guardó,2,reviewed,
ES,guardar,Indicativo,Pretérito perfecto simple,nosotros,guardamos,2,reviewed,
ES,guardar,Indicativo,Pretérito perfecto simple,vosotros,guardasteis,2,reviewed,
ES,guardar,Indicativo,Pretérito perfecto simple,ellos,guardaron,2,reviewed,
ES,guardar,Indicativo,Pretérito pluscuamperfecto,yo,había guardado,2,reviewed,
ES,guardar,Indicativo,Pretérito pluscuamperfecto,tú,habías guardado,2,reviewed,
ES,guardar,Indicativo,Pretérito pluscuamperfecto,él,había guardado,2,reviewed,
ES,guardar,Indicativo,Pretérito pluscuamperfecto,nosotros,habíamos guardado,2,reviewed,
ES,guardar,Indicativo,Pretérito pluscuamperfecto,vosotros,habíais guardado,2,reviewed,
ES,guardar,Indicativo,Pretérito pluscuamperfecto,ellos,habían guardado,2,reviewed,
ES,mantener,Indicativo,Presente,yo,mantengo,2,reviewed,
ES,mantener,Indicativo,Presente,tú,mantienes,2,reviewed,
ES,mantener,Indicativo,Presente,él,mantiene,2,reviewed,
ES,mantener,Indicativo,Presente,nosotros,mantenemos,2,reviewed,
ES,mantener,Indicativo,Presente,vosotros,mantenéis,2,reviewed,
ES,mantener,Indicativo,Presente,ellos,mantienen,2,reviewed,
ES,mantener,Indicativo,Futuro,yo,mantendré,2,reviewed,
ES,mantener,Indicativo,Futuro,tú,mantendrás,2,reviewed,
ES,mantener,Indicativo,Futuro,él,mantendrá,2,reviewed,
ES,mantener,Indicativo,Futuro,nosotros,mantendremos,2,reviewed,
ES,mantener,Indicativo,Futuro,vosotros,mantendréis,2,reviewed,
ES,mantener,Indicativo,Futuro,ellos,mantendrán,2,reviewed,
ES,mantener,Indicativo,Pretérito perfecto compuesto,yo,he mantenido,2,reviewed,
ES,mantener,Indicativo,Pretérito perfecto compuesto,tú,has mantenido,2,reviewed,
ES,mantener,Indicativo,Pretérito perfecto compuesto,él,ha mantenido,2,reviewed,
ES,mantener,Indicativo,Pretérito perfecto compuesto,nosotros,hemos mantenido,2,reviewed,
ES,mantener,Indicativo,Pretérito perfecto compuesto,vosotros,habéis mantenido,2,reviewed,
ES,mantener,Indicativo,Pretérito perfecto compuesto,ellos,han mantenido,2,reviewed,
ES,mantener,Indicativo,Pretérito imperfecto,yo,mantenía,2,reviewed,
ES,mantener,Indicativo,Pretérito imperfecto,tú,mantenías,2,reviewed,
ES,mantener,Indicativo,Pretérito imperfecto,él,mantenía,2,reviewed,
ES,mantener,Indicativo,Pretérito imperfecto,nosotros,manteníamos,2,reviewed,
ES,mantener,Indicativo,Pretérito imperfecto,vosotros,manteníais,2,reviewed,
ES,mantener,Indicativo,Pretérito imperfecto,ellos,mantenían,2,reviewed,
ES,mantener,Condicional,Condicional,yo,mantendría,2,reviewed,
ES,mantener,Condicional,Condicional,tú,mantendrías,2,reviewed,
ES,mantener,Condicional,Condicional,él,mantendría,2,reviewed,
ES,mantener,Condicional,Condicional,nosotros,mantendríamos,2,reviewed,
ES,mantener,Condicional,Condicional,vosotros,mantendríais,2,reviewed,
ES,mantener,Condicional,Condicional,ellos,mantendrían,2,reviewed,
ES,mantener,Imperativo,Imperativo,yo,-,2,reviewed,yo imperative placeholder -; no standard form
ES,mantener,Imperativo,Imperativo,tú,mantén,2,reviewed,
ES,mantener,Imperativo,Imperativo,él,mantenga,2,reviewed,
ES,mantener,Imperativo,Imperativo,nosotros,mantengamos,2,reviewed,
ES,mantener,Imperativo,Imperativo,vosotros,mantened,2,reviewed,
ES,mantener,Imperativo,Imperativo,ellos,mantengan,2,reviewed,
ES,mantener,Indicativo,Futuro perfecto,yo,habré mantenido,2,reviewed,
ES,mantener,Indicativo,Futuro perfecto,tú,habrás mantenido,2,reviewed,
ES,mantener,Indicativo,Futuro perfecto,él,habrá mantenido,2,reviewed,
ES,mantener,Indicativo,Futuro perfecto,nosotros,habremos mantenido,2,reviewed,
ES,mantener,Indicativo,Futuro perfecto,vosotros,habréis mantenido,2,reviewed,
ES,mantener,Indicativo,Futuro perfecto,ellos,habrán mantenido,2,reviewed,
ES,mantener,Subjuntivo,Subjuntivo presente,yo,mantenga,2,reviewed,
ES,mantener,Subjuntivo,Subjuntivo presente,tú,mantengas,2,reviewed,
ES,mantener,Subjuntivo,Subjuntivo presente,él,mantenga,2,reviewed,
ES,mantener,Subjuntivo,Subjuntivo presente,nosotros,mantengamos,2,reviewed,
ES,mantener,Subjuntivo,Subjuntivo presente,vosotros,mantengáis,2,reviewed,
ES,mantener,Subjuntivo,Subjuntivo presente,ellos,mantengan,2,reviewed,
ES,mantener,Indicativo,Pretérito perfecto simple,yo,mantuve,2,reviewed,
ES,mantener,Indicativo,Pretérito perfecto simple,tú,mantuviste,2,reviewed,
ES,mantener,Indicativo,Pretérito perfecto simple,él,mantuvo,2,reviewed,
ES,mantener,Indicativo,Pretérito perfecto simple,nosotros,mantuvimos,2,reviewed,
ES,mantener,Indicativo,Pretérito perfecto simple,vosotros,mantuvisteis,2,reviewed,
ES,mantener,Indicativo,Pretérito perfecto simple,ellos,mantuvieron,2,reviewed,
ES,mantener,Indicativo,Pretérito pluscuamperfecto,yo,había mantenido,2,reviewed,
ES,mantener,Indicativo,Pretérito pluscuamperfecto,tú,habías mantenido,2,reviewed,
ES,mantener,Indicativo,Pretérito pluscuamperfecto,él,había mantenido,2,reviewed,
ES,mantener,Indicativo,Pretérito pluscuamperfecto,nosotros,habíamos mantenido,2,reviewed,
ES,mantener,Indicativo,Pretérito pluscuamperfecto,vosotros,habíais mantenido,2,reviewed,
ES,mantener,Indicativo,Pretérito pluscuamperfecto,ellos,habían mantenido,2,reviewed,
ES,caminar,Indicativo,Presente,yo,camino,2,reviewed,
ES,caminar,Indicativo,Presente,tú,caminas,2,reviewed,
ES,caminar,Indicativo,Presente,él,camina,2,reviewed,
ES,caminar,Indicativo,Presente,nosotros,caminamos,2,reviewed,
ES,caminar,Indicativo,Presente,vosotros,camináis,2,reviewed,
ES,caminar,Indicativo,Presente,ellos,caminan,2,reviewed,
ES,caminar,Indicativo,Futuro,yo,caminaré,2,reviewed,
ES,caminar,Indicativo,Futuro,tú,caminarás,2,reviewed,
ES,caminar,Indicativo,Futuro,él,caminará,2,reviewed,
ES,caminar,Indicativo,Futuro,nosotros,caminaremos,2,reviewed,
ES,caminar,Indicativo,Futuro,vosotros,caminaréis,2,reviewed,
ES,caminar,Indicativo,Futuro,ellos,caminarán,2,reviewed,
ES,caminar,Indicativo,Pretérito perfecto compuesto,yo,he caminado,2,reviewed,
ES,caminar,Indicativo,Pretérito perfecto compuesto,tú,has caminado,2,reviewed,
ES,caminar,Indicativo,Pretérito perfecto compuesto,él,ha caminado,2,reviewed,
ES,caminar,Indicativo,Pretérito perfecto compuesto,nosotros,hemos caminado,2,reviewed,
ES,caminar,Indicativo,Pretérito perfecto compuesto,vosotros,habéis caminado,2,reviewed,
ES,caminar,Indicativo,Pretérito perfecto compuesto,ellos,han caminado,2,reviewed,
ES,caminar,Indicativo,Pretérito imperfecto,yo,caminaba,2,reviewed,
ES,caminar,Indicativo,Pretérito imperfecto,tú,caminabas,2,reviewed,
ES,caminar,Indicativo,Pretérito imperfecto,él,caminaba,2,reviewed,
ES,caminar,Indicativo,Pretérito imperfecto,nosotros,caminábamos,2,reviewed,
ES,caminar,Indicativo,Pretérito imperfecto,vosotros,caminabais,2,reviewed,
ES,caminar,Indicativo,Pretérito imperfecto,ellos,caminaban,2,reviewed,
ES,caminar,Condicional,Condicional,yo,caminaría,2,reviewed,
ES,caminar,Condicional,Condicional,tú,caminarías,2,reviewed,
ES,caminar,Condicional,Condicional,él,caminaría,2,reviewed,
ES,caminar,Condicional,Condicional,nosotros,caminaríamos,2,reviewed,
ES,caminar,Condicional,Condicional,vosotros,caminaríais,2,reviewed,
ES,caminar,Condicional,Condicional,ellos,caminarían,2,reviewed,
ES,caminar,Imperativo,Imperativo,yo,-,2,reviewed,yo imperative placeholder -; no standard form
ES,caminar,Imperativo,Imperativo,tú,camina,2,reviewed,
ES,caminar,Imperativo,Imperativo,él,camine,2,reviewed,
ES,caminar,Imperativo,Imperativo,nosotros,caminemos,2,reviewed,
ES,caminar,Imperativo,Imperativo,vosotros,caminad,2,reviewed,
ES,caminar,Imperativo,Imperativo,ellos,caminen,2,reviewed,
ES,caminar,Indicativo,Futuro perfecto,yo,habré caminado,2,reviewed,
ES,caminar,Indicativo,Futuro perfecto,tú,habrás caminado,2,reviewed,
ES,caminar,Indicativo,Futuro perfecto,él,habrá caminado,2,reviewed,
ES,caminar,Indicativo,Futuro perfecto,nosotros,habremos caminado,2,reviewed,
ES,caminar,Indicativo,Futuro perfecto,vosotros,habréis caminado,2,reviewed,
ES,caminar,Indicativo,Futuro perfecto,ellos,habrán caminado,2,reviewed,
ES,caminar,Subjuntivo,Subjuntivo presente,yo,camine,2,reviewed,
ES,caminar,Subjuntivo,Subjuntivo presente,tú,camines,2,reviewed,
ES,caminar,Subjuntivo,Subjuntivo presente,él,camine,2,reviewed,
ES,caminar,Subjuntivo,Subjuntivo presente,nosotros,caminemos,2,reviewed,
ES,caminar,Subjuntivo,Subjuntivo presente,vosotros,caminéis,2,reviewed,
ES,caminar,Subjuntivo,Subjuntivo presente,ellos,caminen,2,reviewed,
ES,caminar,Indicativo,Pretérito perfecto simple,yo,caminé,2,reviewed,
ES,caminar,Indicativo,Pretérito perfecto simple,tú,caminaste,2,reviewed,
ES,caminar,Indicativo,Pretérito perfecto simple,él,caminó,2,reviewed,
ES,caminar,Indicativo,Pretérito perfecto simple,nosotros,caminamos,2,reviewed,
ES,caminar,Indicativo,Pretérito perfecto simple,vosotros,caminasteis,2,reviewed,
ES,caminar,Indicativo,Pretérito perfecto simple,ellos,caminaron,2,reviewed,
ES,caminar,Indicativo,Pretérito pluscuamperfecto,yo,había caminado,2,reviewed,
ES,caminar,Indicativo,Pretérito pluscuamperfecto,tú,habías caminado,2,reviewed,
ES,caminar,Indicativo,Pretérito pluscuamperfecto,él,había caminado,2,reviewed,
ES,caminar,Indicativo,Pretérito pluscuamperfecto,nosotros,habíamos caminado,2,reviewed,
ES,caminar,Indicativo,Pretérito pluscuamperfecto,vosotros,habíais caminado,2,reviewed,
ES,caminar,Indicativo,Pretérito pluscuamperfecto,ellos,habían caminado,2,reviewed,
ES,andar,Indicativo,Presente,yo,ando,2,reviewed,
ES,andar,Indicativo,Presente,tú,andas,2,reviewed,
ES,andar,Indicativo,Presente,él,anda,2,reviewed,
ES,andar,Indicativo,Presente,nosotros,andamos,2,reviewed,
ES,andar,Indicativo,Presente,vosotros,andáis,2,reviewed,
ES,andar,Indicativo,Presente,ellos,andan,2,reviewed,
ES,andar,Indicativo,Futuro,yo,andaré,2,reviewed,
ES,andar,Indicativo,Futuro,tú,andarás,2,reviewed,
ES,andar,Indicativo,Futuro,él,andará,2,reviewed,
ES,andar,Indicativo,Futuro,nosotros,andaremos,2,reviewed,
ES,andar,Indicativo,Futuro,vosotros,andaréis,2,reviewed,
ES,andar,Indicativo,Futuro,ellos,andarán,2,reviewed,
ES,andar,Indicativo,Pretérito perfecto compuesto,yo,he andado,2,reviewed,
ES,andar,Indicativo,Pretérito perfecto compuesto,tú,has andado,2,reviewed,
ES,andar,Indicativo,Pretérito perfecto compuesto,él,ha andado,2,reviewed,
ES,andar,Indicativo,Pretérito perfecto compuesto,nosotros,hemos andado,2,reviewed,
ES,andar,Indicativo,Pretérito perfecto compuesto,vosotros,habéis andado,2,reviewed,
ES,andar,Indicativo,Pretérito perfecto compuesto,ellos,han andado,2,reviewed,
ES,andar,Indicativo,Pretérito imperfecto,yo,andaba,2,reviewed,
ES,andar,Indicativo,Pretérito imperfecto,tú,andabas,2,reviewed,
ES,andar,Indicativo,Pretérito imperfecto,él,andaba,2,reviewed,
ES,andar,Indicativo,Pretérito imperfecto,nosotros,andábamos,2,reviewed,
ES,andar,Indicativo,Pretérito imperfecto,vosotros,andabais,2,reviewed,
ES,andar,Indicativo,Pretérito imperfecto,ellos,andaban,2,reviewed,
ES,andar,Condicional,Condicional,yo,andaría,2,reviewed,
ES,andar,Condicional,Condicional,tú,andarías,2,reviewed,
ES,andar,Condicional,Condicional,él,andaría,2,reviewed,
ES,andar,Condicional,Condicional,nosotros,andaríamos,2,reviewed,
ES,andar,Condicional,Condicional,vosotros,andaríais,2,reviewed,
ES,andar,Condicional,Condicional,ellos,andarían,2,reviewed,
ES,andar,Imperativo,Imperativo,yo,-,2,reviewed,yo imperative placeholder -; no standard form
ES,andar,Imperativo,Imperativo,tú,anda,2,reviewed,
ES,andar,Imperativo,Imperativo,él,ande,2,reviewed,
ES,andar,Imperativo,Imperativo,nosotros,andemos,2,reviewed,
ES,andar,Imperativo,Imperativo,vosotros,andad,2,reviewed,
ES,andar,Imperativo,Imperativo,ellos,anden,2,reviewed,
ES,andar,Indicativo,Futuro perfecto,yo,habré andado,2,reviewed,
ES,andar,Indicativo,Futuro perfecto,tú,habrás andado,2,reviewed,
ES,andar,Indicativo,Futuro perfecto,él,habrá andado,2,reviewed,
ES,andar,Indicativo,Futuro perfecto,nosotros,habremos andado,2,reviewed,
ES,andar,Indicativo,Futuro perfecto,vosotros,habréis andado,2,reviewed,
ES,andar,Indicativo,Futuro perfecto,ellos,habrán andado,2,reviewed,
ES,andar,Subjuntivo,Subjuntivo presente,yo,ande,2,reviewed,
ES,andar,Subjuntivo,Subjuntivo presente,tú,andes,2,reviewed,
ES,andar,Subjuntivo,Subjuntivo presente,él,ande,2,reviewed,
ES,andar,Subjuntivo,Subjuntivo presente,nosotros,andemos,2,reviewed,
ES,andar,Subjuntivo,Subjuntivo presente,vosotros,andéis,2,reviewed,
ES,andar,Subjuntivo,Subjuntivo presente,ellos,anden,2,reviewed,
ES,andar,Indicativo,Pretérito perfecto simple,yo,anduve,2,reviewed,
ES,andar,Indicativo,Pretérito perfecto simple,tú,anduviste,2,reviewed,
ES,andar,Indicativo,Pretérito perfecto simple,él,anduvo,2,reviewed,
ES,andar,Indicativo,Pretérito perfecto simple,nosotros,anduvimos,2,reviewed,
ES,andar,Indicativo,Pretérito perfecto simple,vosotros,anduvisteis,2,reviewed,
ES,andar,Indicativo,Pretérito perfecto simple,ellos,anduvieron,2,reviewed,
ES,andar,Indicativo,Pretérito pluscuamperfecto,yo,había andado,2,reviewed,
ES,andar,Indicativo,Pretérito pluscuamperfecto,tú,habías andado,2,reviewed,
ES,andar,Indicativo,Pretérito pluscuamperfecto,él,había andado,2,reviewed,
ES,andar,Indicativo,Pretérito pluscuamperfecto,nosotros,habíamos andado,2,reviewed,
ES,andar,Indicativo,Pretérito pluscuamperfecto,vosotros,habíais andado,2,reviewed,
ES,andar,Indicativo,Pretérito pluscuamperfecto,ellos,habían andado,2,reviewed,
ES,imaginar,Indicativo,Presente,yo,imagino,2,reviewed,
ES,imaginar,Indicativo,Presente,tú,imaginas,2,reviewed,
ES,imaginar,Indicativo,Presente,él,imagina,2,reviewed,
ES,imaginar,Indicativo,Presente,nosotros,imaginamos,2,reviewed,
ES,imaginar,Indicativo,Presente,vosotros,imagináis,2,reviewed,
ES,imaginar,Indicativo,Presente,ellos,imaginan,2,reviewed,
ES,imaginar,Indicativo,Futuro,yo,imaginaré,2,reviewed,
ES,imaginar,Indicativo,Futuro,tú,imaginarás,2,reviewed,
ES,imaginar,Indicativo,Futuro,él,imaginará,2,reviewed,
ES,imaginar,Indicativo,Futuro,nosotros,imaginaremos,2,reviewed,
ES,imaginar,Indicativo,Futuro,vosotros,imaginaréis,2,reviewed,
ES,imaginar,Indicativo,Futuro,ellos,imaginarán,2,reviewed,
ES,imaginar,Indicativo,Pretérito perfecto compuesto,yo,he imaginado,2,reviewed,
ES,imaginar,Indicativo,Pretérito perfecto compuesto,tú,has imaginado,2,reviewed,
ES,imaginar,Indicativo,Pretérito perfecto compuesto,él,ha imaginado,2,reviewed,
ES,imaginar,Indicativo,Pretérito perfecto compuesto,nosotros,hemos imaginado,2,reviewed,
ES,imaginar,Indicativo,Pretérito perfecto compuesto,vosotros,habéis imaginado,2,reviewed,
ES,imaginar,Indicativo,Pretérito perfecto compuesto,ellos,han imaginado,2,reviewed,
ES,imaginar,Indicativo,Pretérito imperfecto,yo,imaginaba,2,reviewed,
ES,imaginar,Indicativo,Pretérito imperfecto,tú,imaginabas,2,reviewed,
ES,imaginar,Indicativo,Pretérito imperfecto,él,imaginaba,2,reviewed,
ES,imaginar,Indicativo,Pretérito imperfecto,nosotros,imaginábamos,2,reviewed,
ES,imaginar,Indicativo,Pretérito imperfecto,vosotros,imaginabais,2,reviewed,
ES,imaginar,Indicativo,Pretérito imperfecto,ellos,imaginaban,2,reviewed,
ES,imaginar,Condicional,Condicional,yo,imaginaría,2,reviewed,
ES,imaginar,Condicional,Condicional,tú,imaginarías,2,reviewed,
ES,imaginar,Condicional,Condicional,él,imaginaría,2,reviewed,
ES,imaginar,Condicional,Condicional,nosotros,imaginaríamos,2,reviewed,
ES,imaginar,Condicional,Condicional,vosotros,imaginaríais,2,reviewed,
ES,imaginar,Condicional,Condicional,ellos,imaginarían,2,reviewed,
ES,imaginar,Imperativo,Imperativo,yo,-,2,reviewed,yo imperative placeholder -; no standard form
ES,imaginar,Imperativo,Imperativo,tú,imagina,2,reviewed,
ES,imaginar,Imperativo,Imperativo,él,imagine,2,reviewed,
ES,imaginar,Imperativo,Imperativo,nosotros,imaginemos,2,reviewed,
ES,imaginar,Imperativo,Imperativo,vosotros,imaginad,2,reviewed,
ES,imaginar,Imperativo,Imperativo,ellos,imaginen,2,reviewed,
ES,imaginar,Indicativo,Futuro perfecto,yo,habré imaginado,2,reviewed,
ES,imaginar,Indicativo,Futuro perfecto,tú,habrás imaginado,2,reviewed,
ES,imaginar,Indicativo,Futuro perfecto,él,habrá imaginado,2,reviewed,
ES,imaginar,Indicativo,Futuro perfecto,nosotros,habremos imaginado,2,reviewed,
ES,imaginar,Indicativo,Futuro perfecto,vosotros,habréis imaginado,2,reviewed,
ES,imaginar,Indicativo,Futuro perfecto,ellos,habrán imaginado,2,reviewed,
ES,imaginar,Subjuntivo,Subjuntivo presente,yo,imagine,2,reviewed,
ES,imaginar,Subjuntivo,Subjuntivo presente,tú,imagines,2,reviewed,
ES,imaginar,Subjuntivo,Subjuntivo presente,él,imagine,2,reviewed,
ES,imaginar,Subjuntivo,Subjuntivo presente,nosotros,imaginemos,2,reviewed,
ES,imaginar,Subjuntivo,Subjuntivo presente,vosotros,imaginéis,2,reviewed,
ES,imaginar,Subjuntivo,Subjuntivo presente,ellos,imaginen,2,reviewed,
ES,imaginar,Indicativo,Pretérito perfecto simple,yo,imaginé,2,reviewed,
ES,imaginar,Indicativo,Pretérito perfecto simple,tú,imaginaste,2,reviewed,
ES,imaginar,Indicativo,Pretérito perfecto simple,él,imaginó,2,reviewed,
ES,imaginar,Indicativo,Pretérito perfecto simple,nosotros,imaginamos,2,reviewed,
ES,imaginar,Indicativo,Pretérito perfecto simple,vosotros,imaginasteis,2,reviewed,
ES,imaginar,Indicativo,Pretérito perfecto simple,ellos,imaginaron,2,reviewed,
ES,imaginar,Indicativo,Pretérito pluscuamperfecto,yo,había imaginado,2,reviewed,
ES,imaginar,Indicativo,Pretérito pluscuamperfecto,tú,habías imaginado,2,reviewed,
ES,imaginar,Indicativo,Pretérito pluscuamperfecto,él,había imaginado,2,reviewed,
ES,imaginar,Indicativo,Pretérito pluscuamperfecto,nosotros,habíamos imaginado,2,reviewed,
ES,imaginar,Indicativo,Pretérito pluscuamperfecto,vosotros,habíais imaginado,2,reviewed,
ES,imaginar,Indicativo,Pretérito pluscuamperfecto,ellos,habían imaginado,2,reviewed,
ES,considerar,Indicativo,Presente,yo,considero,2,reviewed,
ES,considerar,Indicativo,Presente,tú,consideras,2,reviewed,
ES,considerar,Indicativo,Presente,él,considera,2,reviewed,
ES,considerar,Indicativo,Presente,nosotros,consideramos,2,reviewed,
ES,considerar,Indicativo,Presente,vosotros,consideráis,2,reviewed,
ES,considerar,Indicativo,Presente,ellos,consideran,2,reviewed,
ES,considerar,Indicativo,Futuro,yo,consideraré,2,reviewed,
ES,considerar,Indicativo,Futuro,tú,considerarás,2,reviewed,
ES,considerar,Indicativo,Futuro,él,considerará,2,reviewed,
ES,considerar,Indicativo,Futuro,nosotros,consideraremos,2,reviewed,
ES,considerar,Indicativo,Futuro,vosotros,consideraréis,2,reviewed,
ES,considerar,Indicativo,Futuro,ellos,considerarán,2,reviewed,
ES,considerar,Indicativo,Pretérito perfecto compuesto,yo,he considerado,2,reviewed,
ES,considerar,Indicativo,Pretérito perfecto compuesto,tú,has considerado,2,reviewed,
ES,considerar,Indicativo,Pretérito perfecto compuesto,él,ha considerado,2,reviewed,
ES,considerar,Indicativo,Pretérito perfecto compuesto,nosotros,hemos considerado,2,reviewed,
ES,considerar,Indicativo,Pretérito perfecto compuesto,vosotros,habéis considerado,2,reviewed,
ES,considerar,Indicativo,Pretérito perfecto compuesto,ellos,han considerado,2,reviewed,
ES,considerar,Indicativo,Pretérito imperfecto,yo,consideraba,2,reviewed,
ES,considerar,Indicativo,Pretérito imperfecto,tú,considerabas,2,reviewed,
ES,considerar,Indicativo,Pretérito imperfecto,él,consideraba,2,reviewed,
ES,considerar,Indicativo,Pretérito imperfecto,nosotros,considerábamos,2,reviewed,
ES,considerar,Indicativo,Pretérito imperfecto,vosotros,considerabais,2,reviewed,
ES,considerar,Indicativo,Pretérito imperfecto,ellos,consideraban,2,reviewed,
ES,considerar,Condicional,Condicional,yo,consideraría,2,reviewed,
ES,considerar,Condicional,Condicional,tú,considerarías,2,reviewed,
ES,considerar,Condicional,Condicional,él,consideraría,2,reviewed,
ES,considerar,Condicional,Condicional,nosotros,consideraríamos,2,reviewed,
ES,considerar,Condicional,Condicional,vosotros,consideraríais,2,reviewed,
ES,considerar,Condicional,Condicional,ellos,considerarían,2,reviewed,
ES,considerar,Imperativo,Imperativo,yo,-,2,reviewed,yo imperative placeholder -; no standard form
ES,considerar,Imperativo,Imperativo,tú,considera,2,reviewed,
ES,considerar,Imperativo,Imperativo,él,considere,2,reviewed,
ES,considerar,Imperativo,Imperativo,nosotros,consideremos,2,reviewed,
ES,considerar,Imperativo,Imperativo,vosotros,considerad,2,reviewed,
ES,considerar,Imperativo,Imperativo,ellos,consideren,2,reviewed,
ES,considerar,Indicativo,Futuro perfecto,yo,habré considerado,2,reviewed,
ES,considerar,Indicativo,Futuro perfecto,tú,habrás considerado,2,reviewed,
ES,considerar,Indicativo,Futuro perfecto,él,habrá considerado,2,reviewed,
ES,considerar,Indicativo,Futuro perfecto,nosotros,habremos considerado,2,reviewed,
ES,considerar,Indicativo,Futuro perfecto,vosotros,habréis considerado,2,reviewed,
ES,considerar,Indicativo,Futuro perfecto,ellos,habrán considerado,2,reviewed,
ES,considerar,Subjuntivo,Subjuntivo presente,yo,considere,2,reviewed,
ES,considerar,Subjuntivo,Subjuntivo presente,tú,consideres,2,reviewed,
ES,considerar,Subjuntivo,Subjuntivo presente,él,considere,2,reviewed,
ES,considerar,Subjuntivo,Subjuntivo presente,nosotros,consideremos,2,reviewed,
ES,considerar,Subjuntivo,Subjuntivo presente,vosotros,consideréis,2,reviewed,
ES,considerar,Subjuntivo,Subjuntivo presente,ellos,consideren,2,reviewed,
ES,considerar,Indicativo,Pretérito perfecto simple,yo,consideré,2,reviewed,
ES,considerar,Indicativo,Pretérito perfecto simple,tú,consideraste,2,reviewed,
ES,considerar,Indicativo,Pretérito perfecto simple,él,consideró,2,reviewed,
ES,considerar,Indicativo,Pretérito perfecto simple,nosotros,consideramos,2,reviewed,
ES,considerar,Indicativo,Pretérito perfecto simple,vosotros,considerasteis,2,reviewed,
ES,considerar,Indicativo,Pretérito perfecto simple,ellos,consideraron,2,reviewed,
ES,considerar,Indicativo,Pretérito pluscuamperfecto,yo,había considerado,2,reviewed,
ES,considerar,Indicativo,Pretérito pluscuamperfecto,tú,habías considerado,2,reviewed,
ES,considerar,Indicativo,Pretérito pluscuamperfecto,él,había considerado,2,reviewed,
ES,considerar,Indicativo,Pretérito pluscuamperfecto,nosotros,habíamos considerado,2,reviewed,
ES,considerar,Indicativo,Pretérito pluscuamperfecto,vosotros,habíais considerado,2,reviewed,
ES,considerar,Indicativo,Pretérito pluscuamperfecto,ellos,habían considerado,2,reviewed,
ES,tender,Indicativo,Presente,yo,tiendo,2,reviewed,
ES,tender,Indicativo,Presente,tú,tiendes,2,reviewed,
ES,tender,Indicativo,Presente,él,tiende,2,reviewed,
ES,tender,Indicativo,Presente,nosotros,tendemos,2,reviewed,
ES,tender,Indicativo,Presente,vosotros,tendéis,2,reviewed,
ES,tender,Indicativo,Presente,ellos,tienden,2,reviewed,
ES,tender,Indicativo,Futuro,yo,tenderé,2,reviewed,
ES,tender,Indicativo,Futuro,tú,tenderás,2,reviewed,
ES,tender,Indicativo,Futuro,él,tenderá,2,reviewed,
ES,tender,Indicativo,Futuro,nosotros,tenderemos,2,reviewed,
ES,tender,Indicativo,Futuro,vosotros,tenderéis,2,reviewed,
ES,tender,Indicativo,Futuro,ellos,tenderán,2,reviewed,
ES,tender,Indicativo,Pretérito perfecto compuesto,yo,he tendido,2,reviewed,
ES,tender,Indicativo,Pretérito perfecto compuesto,tú,has tendido,2,reviewed,
ES,tender,Indicativo,Pretérito perfecto compuesto,él,ha tendido,2,reviewed,
ES,tender,Indicativo,Pretérito perfecto compuesto,nosotros,hemos tendido,2,reviewed,
ES,tender,Indicativo,Pretérito perfecto compuesto,vosotros,habéis tendido,2,reviewed,
ES,tender,Indicativo,Pretérito perfecto compuesto,ellos,han tendido,2,reviewed,
ES,tender,Indicativo,Pretérito imperfecto,yo,tendía,2,reviewed,
ES,tender,Indicativo,Pretérito imperfecto,tú,tendías,2,reviewed,
ES,tender,Indicativo,Pretérito imperfecto,él,tendía,2,reviewed,
ES,tender,Indicativo,Pretérito imperfecto,nosotros,tendíamos,2,reviewed,
ES,tender,Indicativo,Pretérito imperfecto,vosotros,tendíais,2,reviewed,
ES,tender,Indicativo,Pretérito imperfecto,ellos,tendían,2,reviewed,
ES,tender,Condicional,Condicional,yo,tendería,2,reviewed,
ES,tender,Condicional,Condicional,tú,tenderías,2,reviewed,
ES,tender,Condicional,Condicional,él,tendería,2,reviewed,
ES,tender,Condicional,Condicional,nosotros,tenderíamos,2,reviewed,
ES,tender,Condicional,Condicional,vosotros,tenderíais,2,reviewed,
ES,tender,Condicional,Condicional,ellos,tenderían,2,reviewed,
ES,tender,Imperativo,Imperativo,yo,-,2,reviewed,yo imperative placeholder -; no standard form
ES,tender,Imperativo,Imperativo,tú,tiende,2,reviewed,
ES,tender,Imperativo,Imperativo,él,tienda,2,reviewed,
ES,tender,Imperativo,Imperativo,nosotros,tendamos,2,reviewed,
ES,tender,Imperativo,Imperativo,vosotros,tended,2,reviewed,
ES,tender,Imperativo,Imperativo,ellos,tiendan,2,reviewed,
ES,tender,Indicativo,Futuro perfecto,yo,habré tendido,2,reviewed,
ES,tender,Indicativo,Futuro perfecto,tú,habrás tendido,2,reviewed,
ES,tender,Indicativo,Futuro perfecto,él,habrá tendido,2,reviewed,
ES,tender,Indicativo,Futuro perfecto,nosotros,habremos tendido,2,reviewed,
ES,tender,Indicativo,Futuro perfecto,vosotros,habréis tendido,2,reviewed,
ES,tender,Indicativo,Futuro perfecto,ellos,habrán tendido,2,reviewed,
ES,tender,Subjuntivo,Subjuntivo presente,yo,tienda,2,reviewed,
ES,tender,Subjuntivo,Subjuntivo presente,tú,tiendas,2,reviewed,
ES,tender,Subjuntivo,Subjuntivo presente,él,tienda,2,reviewed,
ES,tender,Subjuntivo,Subjuntivo presente,nosotros,tendamos,2,reviewed,
ES,tender,Subjuntivo,Subjuntivo presente,vosotros,tendáis,2,reviewed,
ES,tender,Subjuntivo,Subjuntivo presente,ellos,tiendan,2,reviewed,
ES,tender,Indicativo,Pretérito perfecto simple,yo,tendí,2,reviewed,
ES,tender,Indicativo,Pretérito perfecto simple,tú,tendiste,2,reviewed,
ES,tender,Indicativo,Pretérito perfecto simple,él,tendió,2,reviewed,
ES,tender,Indicativo,Pretérito perfecto simple,nosotros,tendimos,2,reviewed,
ES,tender,Indicativo,Pretérito perfecto simple,vosotros,tendisteis,2,reviewed,
ES,tender,Indicativo,Pretérito perfecto simple,ellos,tendieron,2,reviewed,
ES,tender,Indicativo,Pretérito pluscuamperfecto,yo,había tendido,2,reviewed,
ES,tender,Indicativo,Pretérito pluscuamperfecto,tú,habías tendido,2,reviewed,
ES,tender,Indicativo,Pretérito pluscuamperfecto,él,había tendido,2,reviewed,
ES,tender,Indicativo,Pretérito pluscuamperfecto,nosotros,habíamos tendido,2,reviewed,
ES,tender,Indicativo,Pretérito pluscuamperfecto,vosotros,habíais tendido,2,reviewed,
ES,tender,Indicativo,Pretérito pluscuamperfecto,ellos,habían tendido,2,reviewed,
ES,estirar,Indicativo,Presente,yo,estiro,2,reviewed,
ES,estirar,Indicativo,Presente,tú,estiras,2,reviewed,
ES,estirar,Indicativo,Presente,él,estira,2,reviewed,
ES,estirar,Indicativo,Presente,nosotros,estiramos,2,reviewed,
ES,estirar,Indicativo,Presente,vosotros,estiráis,2,reviewed,
ES,estirar,Indicativo,Presente,ellos,estiran,2,reviewed,
ES,estirar,Indicativo,Futuro,yo,estiraré,2,reviewed,
ES,estirar,Indicativo,Futuro,tú,estirarás,2,reviewed,
ES,estirar,Indicativo,Futuro,él,estirará,2,reviewed,
ES,estirar,Indicativo,Futuro,nosotros,estiraremos,2,reviewed,
ES,estirar,Indicativo,Futuro,vosotros,estiraréis,2,reviewed,
ES,estirar,Indicativo,Futuro,ellos,estirarán,2,reviewed,
ES,estirar,Indicativo,Pretérito perfecto compuesto,yo,he estirado,2,reviewed,
ES,estirar,Indicativo,Pretérito perfecto compuesto,tú,has estirado,2,reviewed,
ES,estirar,Indicativo,Pretérito perfecto compuesto,él,ha estirado,2,reviewed,
ES,estirar,Indicativo,Pretérito perfecto compuesto,nosotros,hemos estirado,2,reviewed,
ES,estirar,Indicativo,Pretérito perfecto compuesto,vosotros,habéis estirado,2,reviewed,
ES,estirar,Indicativo,Pretérito perfecto compuesto,ellos,han estirado,2,reviewed,
ES,estirar,Indicativo,Pretérito imperfecto,yo,estiraba,2,reviewed,
ES,estirar,Indicativo,Pretérito imperfecto,tú,estirabas,2,reviewed,
ES,estirar,Indicativo,Pretérito imperfecto,él,estiraba,2,reviewed,
ES,estirar,Indicativo,Pretérito imperfecto,nosotros,estirábamos,2,reviewed,
ES,estirar,Indicativo,Pretérito imperfecto,vosotros,estirabais,2,reviewed,
ES,estirar,Indicativo,Pretérito imperfecto,ellos,estiraban,2,reviewed,
ES,estirar,Condicional,Condicional,yo,estiraría,2,reviewed,
ES,estirar,Condicional,Condicional,tú,estirarías,2,reviewed,
ES,estirar,Condicional,Condicional,él,estiraría,2,reviewed,
ES,estirar,Condicional,Condicional,nosotros,estiraríamos,2,reviewed,
ES,estirar,Condicional,Condicional,vosotros,estiraríais,2,reviewed,
ES,estirar,Condicional,Condicional,ellos,estirarían,2,reviewed,
ES,estirar,Imperativo,Imperativo,yo,-,2,reviewed,yo imperative placeholder -; no standard form
ES,estirar,Imperativo,Imperativo,tú,estira,2,reviewed,
ES,estirar,Imperativo,Imperativo,él,estire,2,reviewed,
ES,estirar,Imperativo,Imperativo,nosotros,estiremos,2,reviewed,
ES,estirar,Imperativo,Imperativo,vosotros,estirad,2,reviewed,
ES,estirar,Imperativo,Imperativo,ellos,estiren,2,reviewed,
ES,estirar,Indicativo,Futuro perfecto,yo,habré estirado,2,reviewed,
ES,estirar,Indicativo,Futuro perfecto,tú,habrás estirado,2,reviewed,
ES,estirar,Indicativo,Futuro perfecto,él,habrá estirado,2,reviewed,
ES,estirar,Indicativo,Futuro perfecto,nosotros,habremos estirado,2,reviewed,
ES,estirar,Indicativo,Futuro perfecto,vosotros,habréis estirado,2,reviewed,
ES,estirar,Indicativo,Futuro perfecto,ellos,habrán estirado,2,reviewed,
ES,estirar,Subjuntivo,Subjuntivo presente,yo,estire,2,reviewed,
ES,estirar,Subjuntivo,Subjuntivo presente,tú,estires,2,reviewed,
ES,estirar,Subjuntivo,Subjuntivo presente,él,estire,2,reviewed,
ES,estirar,Subjuntivo,Subjuntivo presente,nosotros,estiremos,2,reviewed,
ES,estirar,Subjuntivo,Subjuntivo presente,vosotros,estiréis,2,reviewed,
ES,estirar,Subjuntivo,Subjuntivo presente,ellos,estiren,2,reviewed,
ES,estirar,Indicativo,Pretérito perfecto simple,yo,estiré,2,reviewed,
ES,estirar,Indicativo,Pretérito perfecto simple,tú,estiraste,2,reviewed,
ES,estirar,Indicativo,Pretérito perfecto simple,él,estiró,2,reviewed,
ES,estirar,Indicativo,Pretérito perfecto simple,nosotros,estiramos,2,reviewed,
ES,estirar,Indicativo,Pretérito perfecto simple,vosotros,estirasteis,2,reviewed,
ES,estirar,Indicativo,Pretérito perfecto simple,ellos,estiraron,2,reviewed,
ES,estirar,Indicativo,Pretérito pluscuamperfecto,yo,había estirado,2,reviewed,
ES,estirar,Indicativo,Pretérito pluscuamperfecto,tú,habías estirado,2,reviewed,
ES,estirar,Indicativo,Pretérito pluscuamperfecto,él,había estirado,2,reviewed,
ES,estirar,Indicativo,Pretérito pluscuamperfecto,nosotros,habíamos estirado,2,reviewed,
ES,estirar,Indicativo,Pretérito pluscuamperfecto,vosotros,habíais estirado,2,reviewed,
ES,estirar,Indicativo,Pretérito pluscuamperfecto,ellos,habían estirado,2,reviewed,
ES,levantar,Indicativo,Presente,yo,levanto,2,reviewed,
ES,levantar,Indicativo,Presente,tú,levantas,2,reviewed,
ES,levantar,Indicativo,Presente,él,levanta,2,reviewed,
ES,levantar,Indicativo,Presente,nosotros,levantamos,2,reviewed,
ES,levantar,Indicativo,Presente,vosotros,levantáis,2,reviewed,
ES,levantar,Indicativo,Presente,ellos,levantan,2,reviewed,
ES,levantar,Indicativo,Futuro,yo,levantaré,2,reviewed,
ES,levantar,Indicativo,Futuro,tú,levantarás,2,reviewed,
ES,levantar,Indicativo,Futuro,él,levantará,2,reviewed,
ES,levantar,Indicativo,Futuro,nosotros,levantaremos,2,reviewed,
ES,levantar,Indicativo,Futuro,vosotros,levantaréis,2,reviewed,
ES,levantar,Indicativo,Futuro,ellos,levantarán,2,reviewed,
ES,levantar,Indicativo,Pretérito perfecto compuesto,yo,he levantado,2,reviewed,
ES,levantar,Indicativo,Pretérito perfecto compuesto,tú,has levantado,2,reviewed,
ES,levantar,Indicativo,Pretérito perfecto compuesto,él,ha levantado,2,reviewed,
ES,levantar,Indicativo,Pretérito perfecto compuesto,nosotros,hemos levantado,2,reviewed,
ES,levantar,Indicativo,Pretérito perfecto compuesto,vosotros,habéis levantado,2,reviewed,
ES,levantar,Indicativo,Pretérito perfecto compuesto,ellos,han levantado,2,reviewed,
ES,levantar,Indicativo,Pretérito imperfecto,yo,levantaba,2,reviewed,
ES,levantar,Indicativo,Pretérito imperfecto,tú,levantabas,2,reviewed,
ES,levantar,Indicativo,Pretérito imperfecto,él,levantaba,2,reviewed,
ES,levantar,Indicativo,Pretérito imperfecto,nosotros,levantábamos,2,reviewed,
ES,levantar,Indicativo,Pretérito imperfecto,vosotros,levantabais,2,reviewed,
ES,levantar,Indicativo,Pretérito imperfecto,ellos,levantaban,2,reviewed,
ES,levantar,Condicional,Condicional,yo,levantaría,2,reviewed,
ES,levantar,Condicional,Condicional,tú,levantarías,2,reviewed,
ES,levantar,Condicional,Condicional,él,levantaría,2,reviewed,
ES,levantar,Condicional,Condicional,nosotros,levantaríamos,2,reviewed,
ES,levantar,Condicional,Condicional,vosotros,levantaríais,2,reviewed,
ES,levantar,Condicional,Condicional,ellos,levantarían,2,reviewed,
ES,levantar,Imperativo,Imperativo,yo,-,2,reviewed,yo imperative placeholder -; no standard form
ES,levantar,Imperativo,Imperativo,tú,levanta,2,reviewed,
ES,levantar,Imperativo,Imperativo,él,levante,2,reviewed,
ES,levantar,Imperativo,Imperativo,nosotros,levantemos,2,reviewed,
ES,levantar,Imperativo,Imperativo,vosotros,levantad,2,reviewed,
ES,levantar,Imperativo,Imperativo,ellos,levanten,2,reviewed,
ES,levantar,Indicativo,Futuro perfecto,yo,habré levantado,2,reviewed,
ES,levantar,Indicativo,Futuro perfecto,tú,habrás levantado,2,reviewed,
ES,levantar,Indicativo,Futuro perfecto,él,habrá levantado,2,reviewed,
ES,levantar,Indicativo,Futuro perfecto,nosotros,habremos levantado,2,reviewed,
ES,levantar,Indicativo,Futuro perfecto,vosotros,habréis levantado,2,reviewed,
ES,levantar,Indicativo,Futuro perfecto,ellos,habrán levantado,2,reviewed,
ES,levantar,Subjuntivo,Subjuntivo presente,yo,levante,2,reviewed,
ES,levantar,Subjuntivo,Subjuntivo presente,tú,levantes,2,reviewed,
ES,levantar,Subjuntivo,Subjuntivo presente,él,levante,2,reviewed,
ES,levantar,Subjuntivo,Subjuntivo presente,nosotros,levantemos,2,reviewed,
ES,levantar,Subjuntivo,Subjuntivo presente,vosotros,levantéis,2,reviewed,
ES,levantar,Subjuntivo,Subjuntivo presente,ellos,levanten,2,reviewed,
ES,levantar,Indicativo,Pretérito perfecto simple,yo,levanté,2,reviewed,
ES,levantar,Indicativo,Pretérito perfecto simple,tú,levantaste,2,reviewed,
ES,levantar,Indicativo,Pretérito perfecto simple,él,levantó,2,reviewed,
ES,levantar,Indicativo,Pretérito perfecto simple,nosotros,levantamos,2,reviewed,
ES,levantar,Indicativo,Pretérito perfecto simple,vosotros,levantasteis,2,reviewed,
ES,levantar,Indicativo,Pretérito perfecto simple,ellos,levantaron,2,reviewed,
ES,levantar,Indicativo,Pretérito pluscuamperfecto,yo,había levantado,2,reviewed,
ES,levantar,Indicativo,Pretérito pluscuamperfecto,tú,habías levantado,2,reviewed,
ES,levantar,Indicativo,Pretérito pluscuamperfecto,él,había levantado,2,reviewed,
ES,levantar,Indicativo,Pretérito pluscuamperfecto,nosotros,habíamos levantado,2,reviewed,
ES,levantar,Indicativo,Pretérito pluscuamperfecto,vosotros,habíais levantado,2,reviewed,
ES,levantar,Indicativo,Pretérito pluscuamperfecto,ellos,habían levantado,2,reviewed,
ES,alzar,Indicativo,Presente,yo,alzo,2,reviewed,
ES,alzar,Indicativo,Presente,tú,alzas,2,reviewed,
ES,alzar,Indicativo,Presente,él,alza,2,reviewed,
ES,alzar,Indicativo,Presente,nosotros,alzamos,2,reviewed,
ES,alzar,Indicativo,Presente,vosotros,alzáis,2,reviewed,
ES,alzar,Indicativo,Presente,ellos,alzan,2,reviewed,
ES,alzar,Indicativo,Futuro,yo,alzaré,2,reviewed,
ES,alzar,Indicativo,Futuro,tú,alzarás,2,reviewed,
ES,alzar,Indicativo,Futuro,él,alzará,2,reviewed,
ES,alzar,Indicativo,Futuro,nosotros,alzaremos,2,reviewed,
ES,alzar,Indicativo,Futuro,vosotros,alzaréis,2,reviewed,
ES,alzar,Indicativo,Futuro,ellos,alzarán,2,reviewed,
ES,alzar,Indicativo,Pretérito perfecto compuesto,yo,he alzado,2,reviewed,
ES,alzar,Indicativo,Pretérito perfecto compuesto,tú,has alzado,2,reviewed,
ES,alzar,Indicativo,Pretérito perfecto compuesto,él,ha alzado,2,reviewed,
ES,alzar,Indicativo,Pretérito perfecto compuesto,nosotros,hemos alzado,2,reviewed,
ES,alzar,Indicativo,Pretérito perfecto compuesto,vosotros,habéis alzado,2,reviewed,
ES,alzar,Indicativo,Pretérito perfecto compuesto,ellos,han alzado,2,reviewed,
ES,alzar,Indicativo,Pretérito imperfecto,yo,alzaba,2,reviewed,
ES,alzar,Indicativo,Pretérito imperfecto,tú,alzabas,2,reviewed,
ES,alzar,Indicativo,Pretérito imperfecto,él,alzaba,2,reviewed,
ES,alzar,Indicativo,Pretérito imperfecto,nosotros,alzábamos,2,reviewed,
ES,alzar,Indicativo,Pretérito imperfecto,vosotros,alzabais,2,reviewed,
ES,alzar,Indicativo,Pretérito imperfecto,ellos,alzaban,2,reviewed,
ES,alzar,Condicional,Condicional,yo,alzaría,2,reviewed,
ES,alzar,Condicional,Condicional,tú,alzarías,2,reviewed,
ES,alzar,Condicional,Condicional,él,alzaría,2,reviewed,
ES,alzar,Condicional,Condicional,nosotros,alzaríamos,2,reviewed,
ES,alzar,Condicional,Condicional,vosotros,alzaríais,2,reviewed,
ES,alzar,Condicional,Condicional,ellos,alzarían,2,reviewed,
ES,alzar,Imperativo,Imperativo,yo,-,2,reviewed,yo imperative placeholder -; no standard form
ES,alzar,Imperativo,Imperativo,tú,alza,2,reviewed,
ES,alzar,Imperativo,Imperativo,él,alce,2,reviewed,
ES,alzar,Imperativo,Imperativo,nosotros,alcemos,2,reviewed,
ES,alzar,Imperativo,Imperativo,vosotros,alzad,2,reviewed,
ES,alzar,Imperativo,Imperativo,ellos,alcen,2,reviewed,
ES,alzar,Indicativo,Futuro perfecto,yo,habré alzado,2,reviewed,
ES,alzar,Indicativo,Futuro perfecto,tú,habrás alzado,2,reviewed,
ES,alzar,Indicativo,Futuro perfecto,él,habrá alzado,2,reviewed,
ES,alzar,Indicativo,Futuro perfecto,nosotros,habremos alzado,2,reviewed,
ES,alzar,Indicativo,Futuro perfecto,vosotros,habréis alzado,2,reviewed,
ES,alzar,Indicativo,Futuro perfecto,ellos,habrán alzado,2,reviewed,
ES,alzar,Subjuntivo,Subjuntivo presente,yo,alce,2,reviewed,
ES,alzar,Subjuntivo,Subjuntivo presente,tú,alces,2,reviewed,
ES,alzar,Subjuntivo,Subjuntivo presente,él,alce,2,reviewed,
ES,alzar,Subjuntivo,Subjuntivo presente,nosotros,alcemos,2,reviewed,
ES,alzar,Subjuntivo,Subjuntivo presente,vosotros,alcéis,2,reviewed,
ES,alzar,Subjuntivo,Subjuntivo presente,ellos,alcen,2,reviewed,
ES,alzar,Indicativo,Pretérito perfecto simple,yo,alcé,2,reviewed,
ES,alzar,Indicativo,Pretérito perfecto simple,tú,alzaste,2,reviewed,
ES,alzar,Indicativo,Pretérito perfecto simple,él,alzó,2,reviewed,
ES,alzar,Indicativo,Pretérito perfecto simple,nosotros,alzamos,2,reviewed,
ES,alzar,Indicativo,Pretérito perfecto simple,vosotros,alzasteis,2,reviewed,
ES,alzar,Indicativo,Pretérito perfecto simple,ellos,alzaron,2,reviewed,
ES,alzar,Indicativo,Pretérito pluscuamperfecto,yo,había alzado,2,reviewed,
ES,alzar,Indicativo,Pretérito pluscuamperfecto,tú,habías alzado,2,reviewed,
ES,alzar,Indicativo,Pretérito pluscuamperfecto,él,había alzado,2,reviewed,
ES,alzar,Indicativo,Pretérito pluscuamperfecto,nosotros,habíamos alzado,2,reviewed,
ES,alzar,Indicativo,Pretérito pluscuamperfecto,vosotros,habíais alzado,2,reviewed,
ES,alzar,Indicativo,Pretérito pluscuamperfecto,ellos,habían alzado,2,reviewed,
ES,girar,Indicativo,Presente,yo,giro,2,reviewed,
ES,girar,Indicativo,Presente,tú,giras,2,reviewed,
ES,girar,Indicativo,Presente,él,gira,2,reviewed,
ES,girar,Indicativo,Presente,nosotros,giramos,2,reviewed,
ES,girar,Indicativo,Presente,vosotros,giráis,2,reviewed,
ES,girar,Indicativo,Presente,ellos,giran,2,reviewed,
ES,girar,Indicativo,Futuro,yo,giraré,2,reviewed,
ES,girar,Indicativo,Futuro,tú,girarás,2,reviewed,
ES,girar,Indicativo,Futuro,él,girará,2,reviewed,
ES,girar,Indicativo,Futuro,nosotros,giraremos,2,reviewed,
ES,girar,Indicativo,Futuro,vosotros,giraréis,2,reviewed,
ES,girar,Indicativo,Futuro,ellos,girarán,2,reviewed,
ES,girar,Indicativo,Pretérito perfecto compuesto,yo,he girado,2,reviewed,
ES,girar,Indicativo,Pretérito perfecto compuesto,tú,has girado,2,reviewed,
ES,girar,Indicativo,Pretérito perfecto compuesto,él,ha girado,2,reviewed,
ES,girar,Indicativo,Pretérito perfecto compuesto,nosotros,hemos girado,2,reviewed,
ES,girar,Indicativo,Pretérito perfecto compuesto,vosotros,habéis girado,2,reviewed,
ES,girar,Indicativo,Pretérito perfecto compuesto,ellos,han girado,2,reviewed,
ES,girar,Indicativo,Pretérito imperfecto,yo,giraba,2,reviewed,
ES,girar,Indicativo,Pretérito imperfecto,tú,girabas,2,reviewed,
ES,girar,Indicativo,Pretérito imperfecto,él,giraba,2,reviewed,
ES,girar,Indicativo,Pretérito imperfecto,nosotros,girábamos,2,reviewed,
ES,girar,Indicativo,Pretérito imperfecto,vosotros,girabais,2,reviewed,
ES,girar,Indicativo,Pretérito imperfecto,ellos,giraban,2,reviewed,
ES,girar,Condicional,Condicional,yo,giraría,2,reviewed,
ES,girar,Condicional,Condicional,tú,girarías,2,reviewed,
ES,girar,Condicional,Condicional,él,giraría,2,reviewed,
ES,girar,Condicional,Condicional,nosotros,giraríamos,2,reviewed,
ES,girar,Condicional,Condicional,vosotros,giraríais,2,reviewed,
ES,girar,Condicional,Condicional,ellos,girarían,2,reviewed,
ES,girar,Imperativo,Imperativo,yo,-,2,reviewed,yo imperative placeholder -; no standard form
ES,girar,Imperativo,Imperativo,tú,gira,2,reviewed,
ES,girar,Imperativo,Imperativo,él,gire,2,reviewed,
ES,girar,Imperativo,Imperativo,nosotros,giremos,2,reviewed,
ES,girar,Imperativo,Imperativo,vosotros,girad,2,reviewed,
ES,girar,Imperativo,Imperativo,ellos,giren,2,reviewed,
ES,girar,Indicativo,Futuro perfecto,yo,habré girado,2,reviewed,
ES,girar,Indicativo,Futuro perfecto,tú,habrás girado,2,reviewed,
ES,girar,Indicativo,Futuro perfecto,él,habrá girado,2,reviewed,
ES,girar,Indicativo,Futuro perfecto,nosotros,habremos girado,2,reviewed,
ES,girar,Indicativo,Futuro perfecto,vosotros,habréis girado,2,reviewed,
ES,girar,Indicativo,Futuro perfecto,ellos,habrán girado,2,reviewed,
ES,girar,Subjuntivo,Subjuntivo presente,yo,gire,2,reviewed,
ES,girar,Subjuntivo,Subjuntivo presente,tú,gires,2,reviewed,
ES,girar,Subjuntivo,Subjuntivo presente,él,gire,2,reviewed,
ES,girar,Subjuntivo,Subjuntivo presente,nosotros,giremos,2,reviewed,
ES,girar,Subjuntivo,Subjuntivo presente,vosotros,giréis,2,reviewed,
ES,girar,Subjuntivo,Subjuntivo presente,ellos,giren,2,reviewed,
ES,girar,Indicativo,Pretérito perfecto simple,yo,giré,2,reviewed,
ES,girar,Indicativo,Pretérito perfecto simple,tú,giraste,2,reviewed,
ES,girar,Indicativo,Pretérito perfecto simple,él,giró,2,reviewed,
ES,girar,Indicativo,Pretérito perfecto simple,nosotros,giramos,2,reviewed,
ES,girar,Indicativo,Pretérito perfecto simple,vosotros,girasteis,2,reviewed,
ES,girar,Indicativo,Pretérito perfecto simple,ellos,giraron,2,reviewed,
ES,girar,Indicativo,Pretérito pluscuamperfecto,yo,había girado,2,reviewed,
ES,girar,Indicativo,Pretérito pluscuamperfecto,tú,habías girado,2,reviewed,
ES,girar,Indicativo,Pretérito pluscuamperfecto,él,había girado,2,reviewed,
ES,girar,Indicativo,Pretérito pluscuamperfecto,nosotros,habíamos girado,2,reviewed,
ES,girar,Indicativo,Pretérito pluscuamperfecto,vosotros,habíais girado,2,reviewed,
ES,girar,Indicativo,Pretérito pluscuamperfecto,ellos,habían girado,2,reviewed,
ES,ganar,Indicativo,Presente,yo,gano,2,reviewed,
ES,ganar,Indicativo,Presente,tú,ganas,2,reviewed,
ES,ganar,Indicativo,Presente,él,gana,2,reviewed,
ES,ganar,Indicativo,Presente,nosotros,ganamos,2,reviewed,
ES,ganar,Indicativo,Presente,vosotros,ganáis,2,reviewed,
ES,ganar,Indicativo,Presente,ellos,ganan,2,reviewed,
ES,ganar,Indicativo,Futuro,yo,ganaré,2,reviewed,
ES,ganar,Indicativo,Futuro,tú,ganarás,2,reviewed,
ES,ganar,Indicativo,Futuro,él,ganará,2,reviewed,
ES,ganar,Indicativo,Futuro,nosotros,ganaremos,2,reviewed,
ES,ganar,Indicativo,Futuro,vosotros,ganaréis,2,reviewed,
ES,ganar,Indicativo,Futuro,ellos,ganarán,2,reviewed,
ES,ganar,Indicativo,Pretérito perfecto compuesto,yo,he ganado,2,reviewed,
ES,ganar,Indicativo,Pretérito perfecto compuesto,tú,has ganado,2,reviewed,
ES,ganar,Indicativo,Pretérito perfecto compuesto,él,ha ganado,2,reviewed,
ES,ganar,Indicativo,Pretérito perfecto compuesto,nosotros,hemos ganado,2,reviewed,
ES,ganar,Indicativo,Pretérito perfecto compuesto,vosotros,habéis ganado,2,reviewed,
ES,ganar,Indicativo,Pretérito perfecto compuesto,ellos,han ganado,2,reviewed,
ES,ganar,Indicativo,Pretérito imperfecto,yo,ganaba,2,reviewed,
ES,ganar,Indicativo,Pretérito imperfecto,tú,ganabas,2,reviewed,
ES,ganar,Indicativo,Pretérito imperfecto,él,ganaba,2,reviewed,
ES,ganar,Indicativo,Pretérito imperfecto,nosotros,ganábamos,2,reviewed,
ES,ganar,Indicativo,Pretérito imperfecto,vosotros,ganabais,2,reviewed,
ES,ganar,Indicativo,Pretérito imperfecto,ellos,ganaban,2,reviewed,
ES,ganar,Condicional,Condicional,yo,ganaría,2,reviewed,
ES,ganar,Condicional,Condicional,tú,ganarías,2,reviewed,
ES,ganar,Condicional,Condicional,él,ganaría,2,reviewed,
ES,ganar,Condicional,Condicional,nosotros,ganaríamos,2,reviewed,
ES,ganar,Condicional,Condicional,vosotros,ganaríais,2,reviewed,
ES,ganar,Condicional,Condicional,ellos,ganarían,2,reviewed,
ES,ganar,Imperativo,Imperativo,yo,-,2,reviewed,yo imperative placeholder -; no standard form
ES,ganar,Imperativo,Imperativo,tú,gana,2,reviewed,
ES,ganar,Imperativo,Imperativo,él,gane,2,reviewed,
ES,ganar,Imperativo,Imperativo,nosotros,ganemos,2,reviewed,
ES,ganar,Imperativo,Imperativo,vosotros,ganad,2,reviewed,
ES,ganar,Imperativo,Imperativo,ellos,ganen,2,reviewed,
ES,ganar,Indicativo,Futuro perfecto,yo,habré ganado,2,reviewed,
ES,ganar,Indicativo,Futuro perfecto,tú,habrás ganado,2,reviewed,
ES,ganar,Indicativo,Futuro perfecto,él,habrá ganado,2,reviewed,
ES,ganar,Indicativo,Futuro perfecto,nosotros,habremos ganado,2,reviewed,
ES,ganar,Indicativo,Futuro perfecto,vosotros,habréis ganado,2,reviewed,
ES,ganar,Indicativo,Futuro perfecto,ellos,habrán ganado,2,reviewed,
ES,ganar,Subjuntivo,Subjuntivo presente,yo,gane,2,reviewed,
ES,ganar,Subjuntivo,Subjuntivo presente,tú,ganes,2,reviewed,
ES,ganar,Subjuntivo,Subjuntivo presente,él,gane,2,reviewed,
ES,ganar,Subjuntivo,Subjuntivo presente,nosotros,ganemos,2,reviewed,
ES,ganar,Subjuntivo,Subjuntivo presente,vosotros,ganéis,2,reviewed,
ES,ganar,Subjuntivo,Subjuntivo presente,ellos,ganen,2,reviewed,
ES,ganar,Indicativo,Pretérito perfecto simple,yo,gané,2,reviewed,
ES,ganar,Indicativo,Pretérito perfecto simple,tú,ganaste,2,reviewed,
ES,ganar,Indicativo,Pretérito perfecto simple,él,ganó,2,reviewed,
ES,ganar,Indicativo,Pretérito perfecto simple,nosotros,ganamos,2,reviewed,
ES,ganar,Indicativo,Pretérito perfecto simple,vosotros,ganasteis,2,reviewed,
ES,ganar,Indicativo,Pretérito perfecto simple,ellos,ganaron,2,reviewed,
ES,ganar,Indicativo,Pretérito pluscuamperfecto,yo,había ganado,2,reviewed,
ES,ganar,Indicativo,Pretérito pluscuamperfecto,tú,habías ganado,2,reviewed,
ES,ganar,Indicativo,Pretérito pluscuamperfecto,él,había ganado,2,reviewed,
ES,ganar,Indicativo,Pretérito pluscuamperfecto,nosotros,habíamos ganado,2,reviewed,
ES,ganar,Indicativo,Pretérito pluscuamperfecto,vosotros,habíais ganado,2,reviewed,
ES,ganar,Indicativo,Pretérito pluscuamperfecto,ellos,habían ganado,2,reviewed,
ES,recibir,Indicativo,Presente,yo,recibo,2,reviewed,
ES,recibir,Indicativo,Presente,tú,recibes,2,reviewed,
ES,recibir,Indicativo,Presente,él,recibe,2,reviewed,
ES,recibir,Indicativo,Presente,nosotros,recibimos,2,reviewed,
ES,recibir,Indicativo,Presente,vosotros,recibís,2,reviewed,
ES,recibir,Indicativo,Presente,ellos,reciben,2,reviewed,
ES,recibir,Indicativo,Futuro,yo,recibiré,2,reviewed,
ES,recibir,Indicativo,Futuro,tú,recibirás,2,reviewed,
ES,recibir,Indicativo,Futuro,él,recibirá,2,reviewed,
ES,recibir,Indicativo,Futuro,nosotros,recibiremos,2,reviewed,
ES,recibir,Indicativo,Futuro,vosotros,recibiréis,2,reviewed,
ES,recibir,Indicativo,Futuro,ellos,recibirán,2,reviewed,
ES,recibir,Indicativo,Pretérito perfecto compuesto,yo,he recibido,2,reviewed,
ES,recibir,Indicativo,Pretérito perfecto compuesto,tú,has recibido,2,reviewed,
ES,recibir,Indicativo,Pretérito perfecto compuesto,él,ha recibido,2,reviewed,
ES,recibir,Indicativo,Pretérito perfecto compuesto,nosotros,hemos recibido,2,reviewed,
ES,recibir,Indicativo,Pretérito perfecto compuesto,vosotros,habéis recibido,2,reviewed,
ES,recibir,Indicativo,Pretérito perfecto compuesto,ellos,han recibido,2,reviewed,
ES,recibir,Indicativo,Pretérito imperfecto,yo,recibía,2,reviewed,
ES,recibir,Indicativo,Pretérito imperfecto,tú,recibías,2,reviewed,
ES,recibir,Indicativo,Pretérito imperfecto,él,recibía,2,reviewed,
ES,recibir,Indicativo,Pretérito imperfecto,nosotros,recibíamos,2,reviewed,
ES,recibir,Indicativo,Pretérito imperfecto,vosotros,recibíais,2,reviewed,
ES,recibir,Indicativo,Pretérito imperfecto,ellos,recibían,2,reviewed,
ES,recibir,Condicional,Condicional,yo,recibiría,2,reviewed,
ES,recibir,Condicional,Condicional,tú,recibirías,2,reviewed,
ES,recibir,Condicional,Condicional,él,recibiría,2,reviewed,
ES,recibir,Condicional,Condicional,nosotros,recibiríamos,2,reviewed,
ES,recibir,Condicional,Condicional,vosotros,recibiríais,2,reviewed,
ES,recibir,Condicional,Condicional,ellos,recibirían,2,reviewed,
ES,recibir,Imperativo,Imperativo,yo,-,2,reviewed,yo imperative placeholder -; no standard form
ES,recibir,Imperativo,Imperativo,tú,recibe,2,reviewed,
ES,recibir,Imperativo,Imperativo,él,reciba,2,reviewed,
ES,recibir,Imperativo,Imperativo,nosotros,recibamos,2,reviewed,
ES,recibir,Imperativo,Imperativo,vosotros,recibid,2,reviewed,
ES,recibir,Imperativo,Imperativo,ellos,reciban,2,reviewed,
ES,recibir,Indicativo,Futuro perfecto,yo,habré recibido,2,reviewed,
ES,recibir,Indicativo,Futuro perfecto,tú,habrás recibido,2,reviewed,
ES,recibir,Indicativo,Futuro perfecto,él,habrá recibido,2,reviewed,
ES,recibir,Indicativo,Futuro perfecto,nosotros,habremos recibido,2,reviewed,
ES,recibir,Indicativo,Futuro perfecto,vosotros,habréis recibido,2,reviewed,
ES,recibir,Indicativo,Futuro perfecto,ellos,habrán recibido,2,reviewed,
ES,recibir,Subjuntivo,Subjuntivo presente,yo,reciba,2,reviewed,
ES,recibir,Subjuntivo,Subjuntivo presente,tú,recibas,2,reviewed,
ES,recibir,Subjuntivo,Subjuntivo presente,él,reciba,2,reviewed,
ES,recibir,Subjuntivo,Subjuntivo presente,nosotros,recibamos,2,reviewed,
ES,recibir,Subjuntivo,Subjuntivo presente,vosotros,recibáis,2,reviewed,
ES,recibir,Subjuntivo,Subjuntivo presente,ellos,reciban,2,reviewed,
ES,recibir,Indicativo,Pretérito perfecto simple,yo,recibí,2,reviewed,
ES,recibir,Indicativo,Pretérito perfecto simple,tú,recibiste,2,reviewed,
ES,recibir,Indicativo,Pretérito perfecto simple,él,recibió,2,reviewed,
ES,recibir,Indicativo,Pretérito perfecto simple,nosotros,recibimos,2,reviewed,
ES,recibir,Indicativo,Pretérito perfecto simple,vosotros,recibisteis,2,reviewed,
ES,recibir,Indicativo,Pretérito perfecto simple,ellos,recibieron,2,reviewed,
ES,recibir,Indicativo,Pretérito pluscuamperfecto,yo,había recibido,2,reviewed,
ES,recibir,Indicativo,Pretérito pluscuamperfecto,tú,habías recibido,2,reviewed,
ES,recibir,Indicativo,Pretérito pluscuamperfecto,él,había recibido,2,reviewed,
ES,recibir,Indicativo,Pretérito pluscuamperfecto,nosotros,habíamos recibido,2,reviewed,
ES,recibir,Indicativo,Pretérito pluscuamperfecto,vosotros,habíais recibido,2,reviewed,
ES,recibir,Indicativo,Pretérito pluscuamperfecto,ellos,habían recibido,2,reviewed,
ES,revisar,Indicativo,Presente,yo,reviso,2,reviewed,
ES,revisar,Indicativo,Presente,tú,revisas,2,reviewed,
ES,revisar,Indicativo,Presente,él,revisa,2,reviewed,
ES,revisar,Indicativo,Presente,nosotros,revisamos,2,reviewed,
ES,revisar,Indicativo,Presente,vosotros,revisáis,2,reviewed,
ES,revisar,Indicativo,Presente,ellos,revisan,2,reviewed,
ES,revisar,Indicativo,Futuro,yo,revisaré,2,reviewed,
ES,revisar,Indicativo,Futuro,tú,revisarás,2,reviewed,
ES,revisar,Indicativo,Futuro,él,revisará,2,reviewed,
ES,revisar,Indicativo,Futuro,nosotros,revisaremos,2,reviewed,
ES,revisar,Indicativo,Futuro,vosotros,revisaréis,2,reviewed,
ES,revisar,Indicativo,Futuro,ellos,revisarán,2,reviewed,
ES,revisar,Indicativo,Pretérito perfecto compuesto,yo,he revisado,2,reviewed,
ES,revisar,Indicativo,Pretérito perfecto compuesto,tú,has revisado,2,reviewed,
ES,revisar,Indicativo,Pretérito perfecto compuesto,él,ha revisado,2,reviewed,
ES,revisar,Indicativo,Pretérito perfecto compuesto,nosotros,hemos revisado,2,reviewed,
ES,revisar,Indicativo,Pretérito perfecto compuesto,vosotros,habéis revisado,2,reviewed,
ES,revisar,Indicativo,Pretérito perfecto compuesto,ellos,han revisado,2,reviewed,
ES,revisar,Indicativo,Pretérito imperfecto,yo,revisaba,2,reviewed,
ES,revisar,Indicativo,Pretérito imperfecto,tú,revisabas,2,reviewed,
ES,revisar,Indicativo,Pretérito imperfecto,él,revisaba,2,reviewed,
ES,revisar,Indicativo,Pretérito imperfecto,nosotros,revisábamos,2,reviewed,
ES,revisar,Indicativo,Pretérito imperfecto,vosotros,revisabais,2,reviewed,
ES,revisar,Indicativo,Pretérito imperfecto,ellos,revisaban,2,reviewed,
ES,revisar,Condicional,Condicional,yo,revisaría,2,reviewed,
ES,revisar,Condicional,Condicional,tú,revisarías,2,reviewed,
ES,revisar,Condicional,Condicional,él,revisaría,2,reviewed,
ES,revisar,Condicional,Condicional,nosotros,revisaríamos,2,reviewed,
ES,revisar,Condicional,Condicional,vosotros,revisaríais,2,reviewed,
ES,revisar,Condicional,Condicional,ellos,revisarían,2,reviewed,
ES,revisar,Imperativo,Imperativo,yo,-,2,reviewed,yo imperative placeholder -; no standard form
ES,revisar,Imperativo,Imperativo,tú,revisa,2,reviewed,
ES,revisar,Imperativo,Imperativo,él,revise,2,reviewed,
ES,revisar,Imperativo,Imperativo,nosotros,revisemos,2,reviewed,
ES,revisar,Imperativo,Imperativo,vosotros,revisad,2,reviewed,
ES,revisar,Imperativo,Imperativo,ellos,revisen,2,reviewed,
ES,revisar,Indicativo,Futuro perfecto,yo,habré revisado,2,reviewed,
ES,revisar,Indicativo,Futuro perfecto,tú,habrás revisado,2,reviewed,
ES,revisar,Indicativo,Futuro perfecto,él,habrá revisado,2,reviewed,
ES,revisar,Indicativo,Futuro perfecto,nosotros,habremos revisado,2,reviewed,
ES,revisar,Indicativo,Futuro perfecto,vosotros,habréis revisado,2,reviewed,
ES,revisar,Indicativo,Futuro perfecto,ellos,habrán revisado,2,reviewed,
ES,revisar,Subjuntivo,Subjuntivo presente,yo,revise,2,reviewed,
ES,revisar,Subjuntivo,Subjuntivo presente,tú,revises,2,reviewed,
ES,revisar,Subjuntivo,Subjuntivo presente,él,revise,2,reviewed,
ES,revisar,Subjuntivo,Subjuntivo presente,nosotros,revisemos,2,reviewed,
ES,revisar,Subjuntivo,Subjuntivo presente,vosotros,reviséis,2,reviewed,
ES,revisar,Subjuntivo,Subjuntivo presente,ellos,revisen,2,reviewed,
ES,revisar,Indicativo,Pretérito perfecto simple,yo,revisé,2,reviewed,
ES,revisar,Indicativo,Pretérito perfecto simple,tú,revisaste,2,reviewed,
ES,revisar,Indicativo,Pretérito perfecto simple,él,revisó,2,reviewed,
ES,revisar,Indicativo,Pretérito perfecto simple,nosotros,revisamos,2,reviewed,
ES,revisar,Indicativo,Pretérito perfecto simple,vosotros,revisasteis,2,reviewed,
ES,revisar,Indicativo,Pretérito perfecto simple,ellos,revisaron,2,reviewed,
ES,revisar,Indicativo,Pretérito pluscuamperfecto,yo,había revisado,2,reviewed,
ES,revisar,Indicativo,Pretérito pluscuamperfecto,tú,habías revisado,2,reviewed,
ES,revisar,Indicativo,Pretérito pluscuamperfecto,él,había revisado,2,reviewed,
ES,revisar,Indicativo,Pretérito pluscuamperfecto,nosotros,habíamos revisado,2,reviewed,
ES,revisar,Indicativo,Pretérito pluscuamperfecto,vosotros,habíais revisado,2,reviewed,
ES,revisar,Indicativo,Pretérito pluscuamperfecto,ellos,habían revisado,2,reviewed,
ES,volver a ver,Indicativo,Presente,yo,vuelvo a ver,2,reviewed,periphrastic construction; only volver conjugates
ES,volver a ver,Indicativo,Presente,tú,vuelves a ver,2,reviewed,periphrastic construction; only volver conjugates
ES,volver a ver,Indicativo,Presente,él,vuelve a ver,2,reviewed,periphrastic construction; only volver conjugates
ES,volver a ver,Indicativo,Presente,nosotros,volvemos a ver,2,reviewed,periphrastic construction; only volver conjugates
ES,volver a ver,Indicativo,Presente,vosotros,volvéis a ver,2,reviewed,periphrastic construction; only volver conjugates
ES,volver a ver,Indicativo,Presente,ellos,vuelven a ver,2,reviewed,periphrastic construction; only volver conjugates
ES,volver a ver,Indicativo,Futuro,yo,volveré a ver,2,reviewed,periphrastic construction; only volver conjugates
ES,volver a ver,Indicativo,Futuro,tú,volverás a ver,2,reviewed,periphrastic construction; only volver conjugates
ES,volver a ver,Indicativo,Futuro,él,volverá a ver,2,reviewed,periphrastic construction; only volver conjugates
ES,volver a ver,Indicativo,Futuro,nosotros,volveremos a ver,2,reviewed,periphrastic construction; only volver conjugates
ES,volver a ver,Indicativo,Futuro,vosotros,volveréis a ver,2,reviewed,periphrastic construction; only volver conjugates
ES,volver a ver,Indicativo,Futuro,ellos,volverán a ver,2,reviewed,periphrastic construction; only volver conjugates
ES,volver a ver,Indicativo,Pretérito perfecto compuesto,yo,he vuelto a ver,2,reviewed,periphrastic construction; only volver conjugates
ES,volver a ver,Indicativo,Pretérito perfecto compuesto,tú,has vuelto a ver,2,reviewed,periphrastic construction; only volver conjugates
ES,volver a ver,Indicativo,Pretérito perfecto compuesto,él,ha vuelto a ver,2,reviewed,periphrastic construction; only volver conjugates
ES,volver a ver,Indicativo,Pretérito perfecto compuesto,nosotros,hemos vuelto a ver,2,reviewed,periphrastic construction; only volver conjugates
ES,volver a ver,Indicativo,Pretérito perfecto compuesto,vosotros,habéis vuelto a ver,2,reviewed,periphrastic construction; only volver conjugates
ES,volver a ver,Indicativo,Pretérito perfecto compuesto,ellos,han vuelto a ver,2,reviewed,periphrastic construction; only volver conjugates
ES,volver a ver,Indicativo,Pretérito imperfecto,yo,volvía a ver,2,reviewed,periphrastic construction; only volver conjugates
ES,volver a ver,Indicativo,Pretérito imperfecto,tú,volvías a ver,2,reviewed,periphrastic construction; only volver conjugates
ES,volver a ver,Indicativo,Pretérito imperfecto,él,volvía a ver,2,reviewed,periphrastic construction; only volver conjugates
ES,volver a ver,Indicativo,Pretérito imperfecto,nosotros,volvíamos a ver,2,reviewed,periphrastic construction; only volver conjugates
ES,volver a ver,Indicativo,Pretérito imperfecto,vosotros,volvíais a ver,2,reviewed,periphrastic construction; only volver conjugates
ES,volver a ver,Indicativo,Pretérito imperfecto,ellos,volvían a ver,2,reviewed,periphrastic construction; only volver conjugates
ES,volver a ver,Condicional,Condicional,yo,volvería a ver,2,reviewed,periphrastic construction; only volver conjugates
ES,volver a ver,Condicional,Condicional,tú,volverías a ver,2,reviewed,periphrastic construction; only volver conjugates
ES,volver a ver,Condicional,Condicional,él,volvería a ver,2,reviewed,periphrastic construction; only volver conjugates
ES,volver a ver,Condicional,Condicional,nosotros,volveríamos a ver,2,reviewed,periphrastic construction; only volver conjugates
ES,volver a ver,Condicional,Condicional,vosotros,volveríais a ver,2,reviewed,periphrastic construction; only volver conjugates
ES,volver a ver,Condicional,Condicional,ellos,volverían a ver,2,reviewed,periphrastic construction; only volver conjugates
ES,volver a ver,Imperativo,Imperativo,yo,-,2,reviewed,periphrastic construction; yo imperative placeholder -; only volver conjugates
ES,volver a ver,Imperativo,Imperativo,tú,vuelve a ver,2,reviewed,periphrastic construction; only volver conjugates
ES,volver a ver,Imperativo,Imperativo,él,vuelva a ver,2,reviewed,periphrastic construction; only volver conjugates
ES,volver a ver,Imperativo,Imperativo,nosotros,volvamos a ver,2,reviewed,periphrastic construction; only volver conjugates
ES,volver a ver,Imperativo,Imperativo,vosotros,volved a ver,2,reviewed,periphrastic construction; only volver conjugates
ES,volver a ver,Imperativo,Imperativo,ellos,vuelvan a ver,2,reviewed,periphrastic construction; only volver conjugates
ES,volver a ver,Indicativo,Futuro perfecto,yo,habré vuelto a ver,2,reviewed,periphrastic construction; only volver conjugates
ES,volver a ver,Indicativo,Futuro perfecto,tú,habrás vuelto a ver,2,reviewed,periphrastic construction; only volver conjugates
ES,volver a ver,Indicativo,Futuro perfecto,él,habrá vuelto a ver,2,reviewed,periphrastic construction; only volver conjugates
ES,volver a ver,Indicativo,Futuro perfecto,nosotros,habremos vuelto a ver,2,reviewed,periphrastic construction; only volver conjugates
ES,volver a ver,Indicativo,Futuro perfecto,vosotros,habréis vuelto a ver,2,reviewed,periphrastic construction; only volver conjugates
ES,volver a ver,Indicativo,Futuro perfecto,ellos,habrán vuelto a ver,2,reviewed,periphrastic construction; only volver conjugates
ES,volver a ver,Subjuntivo,Subjuntivo presente,yo,vuelva a ver,2,reviewed,periphrastic construction; only volver conjugates
ES,volver a ver,Subjuntivo,Subjuntivo presente,tú,vuelvas a ver,2,reviewed,periphrastic construction; only volver conjugates
ES,volver a ver,Subjuntivo,Subjuntivo presente,él,vuelva a ver,2,reviewed,periphrastic construction; only volver conjugates
ES,volver a ver,Subjuntivo,Subjuntivo presente,nosotros,volvamos a ver,2,reviewed,periphrastic construction; only volver conjugates
ES,volver a ver,Subjuntivo,Subjuntivo presente,vosotros,volváis a ver,2,reviewed,periphrastic construction; only volver conjugates
ES,volver a ver,Subjuntivo,Subjuntivo presente,ellos,vuelvan a ver,2,reviewed,periphrastic construction; only volver conjugates
ES,volver a ver,Indicativo,Pretérito perfecto simple,yo,volví a ver,2,reviewed,periphrastic construction; only volver conjugates
ES,volver a ver,Indicativo,Pretérito perfecto simple,tú,volviste a ver,2,reviewed,periphrastic construction; only volver conjugates
ES,volver a ver,Indicativo,Pretérito perfecto simple,él,volvió a ver,2,reviewed,periphrastic construction; only volver conjugates
ES,volver a ver,Indicativo,Pretérito perfecto simple,nosotros,volvimos a ver,2,reviewed,periphrastic construction; only volver conjugates
ES,volver a ver,Indicativo,Pretérito perfecto simple,vosotros,volvisteis a ver,2,reviewed,periphrastic construction; only volver conjugates
ES,volver a ver,Indicativo,Pretérito perfecto simple,ellos,volvieron a ver,2,reviewed,periphrastic construction; only volver conjugates
ES,volver a ver,Indicativo,Pretérito pluscuamperfecto,yo,había vuelto a ver,2,reviewed,periphrastic construction; only volver conjugates
ES,volver a ver,Indicativo,Pretérito pluscuamperfecto,tú,habías vuelto a ver,2,reviewed,periphrastic construction; only volver conjugates
ES,volver a ver,Indicativo,Pretérito pluscuamperfecto,él,había vuelto a ver,2,reviewed,periphrastic construction; only volver conjugates
ES,volver a ver,Indicativo,Pretérito pluscuamperfecto,nosotros,habíamos vuelto a ver,2,reviewed,periphrastic construction; only volver conjugates
ES,volver a ver,Indicativo,Pretérito pluscuamperfecto,vosotros,habíais vuelto a ver,2,reviewed,periphrastic construction; only volver conjugates
ES,volver a ver,Indicativo,Pretérito pluscuamperfecto,ellos,habían vuelto a ver,2,reviewed,periphrastic construction; only volver conjugates
ES,ayudar,Indicativo,Presente,yo,ayudo,2,reviewed,
ES,ayudar,Indicativo,Presente,tú,ayudas,2,reviewed,
ES,ayudar,Indicativo,Presente,él,ayuda,2,reviewed,
ES,ayudar,Indicativo,Presente,nosotros,ayudamos,2,reviewed,
ES,ayudar,Indicativo,Presente,vosotros,ayudáis,2,reviewed,
ES,ayudar,Indicativo,Presente,ellos,ayudan,2,reviewed,
ES,ayudar,Indicativo,Futuro,yo,ayudaré,2,reviewed,
ES,ayudar,Indicativo,Futuro,tú,ayudarás,2,reviewed,
ES,ayudar,Indicativo,Futuro,él,ayudará,2,reviewed,
ES,ayudar,Indicativo,Futuro,nosotros,ayudaremos,2,reviewed,
ES,ayudar,Indicativo,Futuro,vosotros,ayudaréis,2,reviewed,
ES,ayudar,Indicativo,Futuro,ellos,ayudarán,2,reviewed,
ES,ayudar,Indicativo,Pretérito perfecto compuesto,yo,he ayudado,2,reviewed,
ES,ayudar,Indicativo,Pretérito perfecto compuesto,tú,has ayudado,2,reviewed,
ES,ayudar,Indicativo,Pretérito perfecto compuesto,él,ha ayudado,2,reviewed,
ES,ayudar,Indicativo,Pretérito perfecto compuesto,nosotros,hemos ayudado,2,reviewed,
ES,ayudar,Indicativo,Pretérito perfecto compuesto,vosotros,habéis ayudado,2,reviewed,
ES,ayudar,Indicativo,Pretérito perfecto compuesto,ellos,han ayudado,2,reviewed,
ES,ayudar,Indicativo,Pretérito imperfecto,yo,ayudaba,2,reviewed,
ES,ayudar,Indicativo,Pretérito imperfecto,tú,ayudabas,2,reviewed,
ES,ayudar,Indicativo,Pretérito imperfecto,él,ayudaba,2,reviewed,
ES,ayudar,Indicativo,Pretérito imperfecto,nosotros,ayudábamos,2,reviewed,
ES,ayudar,Indicativo,Pretérito imperfecto,vosotros,ayudabais,2,reviewed,
ES,ayudar,Indicativo,Pretérito imperfecto,ellos,ayudaban,2,reviewed,
ES,ayudar,Condicional,Condicional,yo,ayudaría,2,reviewed,
ES,ayudar,Condicional,Condicional,tú,ayudarías,2,reviewed,
ES,ayudar,Condicional,Condicional,él,ayudaría,2,reviewed,
ES,ayudar,Condicional,Condicional,nosotros,ayudaríamos,2,reviewed,
ES,ayudar,Condicional,Condicional,vosotros,ayudaríais,2,reviewed,
ES,ayudar,Condicional,Condicional,ellos,ayudarían,2,reviewed,
ES,ayudar,Imperativo,Imperativo,yo,-,2,reviewed,yo imperative placeholder -; no standard form
ES,ayudar,Imperativo,Imperativo,tú,ayuda,2,reviewed,
ES,ayudar,Imperativo,Imperativo,él,ayude,2,reviewed,
ES,ayudar,Imperativo,Imperativo,nosotros,ayudemos,2,reviewed,
ES,ayudar,Imperativo,Imperativo,vosotros,ayudad,2,reviewed,
ES,ayudar,Imperativo,Imperativo,ellos,ayuden,2,reviewed,
ES,ayudar,Indicativo,Futuro perfecto,yo,habré ayudado,2,reviewed,
ES,ayudar,Indicativo,Futuro perfecto,tú,habrás ayudado,2,reviewed,
ES,ayudar,Indicativo,Futuro perfecto,él,habrá ayudado,2,reviewed,
ES,ayudar,Indicativo,Futuro perfecto,nosotros,habremos ayudado,2,reviewed,
ES,ayudar,Indicativo,Futuro perfecto,vosotros,habréis ayudado,2,reviewed,
ES,ayudar,Indicativo,Futuro perfecto,ellos,habrán ayudado,2,reviewed,
ES,ayudar,Subjuntivo,Subjuntivo presente,yo,ayude,2,reviewed,
ES,ayudar,Subjuntivo,Subjuntivo presente,tú,ayudes,2,reviewed,
ES,ayudar,Subjuntivo,Subjuntivo presente,él,ayude,2,reviewed,
ES,ayudar,Subjuntivo,Subjuntivo presente,nosotros,ayudemos,2,reviewed,
ES,ayudar,Subjuntivo,Subjuntivo presente,vosotros,ayudéis,2,reviewed,
ES,ayudar,Subjuntivo,Subjuntivo presente,ellos,ayuden,2,reviewed,
ES,ayudar,Indicativo,Pretérito perfecto simple,yo,ayudé,2,reviewed,
ES,ayudar,Indicativo,Pretérito perfecto simple,tú,ayudaste,2,reviewed,
ES,ayudar,Indicativo,Pretérito perfecto simple,él,ayudó,2,reviewed,
ES,ayudar,Indicativo,Pretérito perfecto simple,nosotros,ayudamos,2,reviewed,
ES,ayudar,Indicativo,Pretérito perfecto simple,vosotros,ayudasteis,2,reviewed,
ES,ayudar,Indicativo,Pretérito perfecto simple,ellos,ayudaron,2,reviewed,
ES,ayudar,Indicativo,Pretérito pluscuamperfecto,yo,había ayudado,2,reviewed,
ES,ayudar,Indicativo,Pretérito pluscuamperfecto,tú,habías ayudado,2,reviewed,
ES,ayudar,Indicativo,Pretérito pluscuamperfecto,él,había ayudado,2,reviewed,
ES,ayudar,Indicativo,Pretérito pluscuamperfecto,nosotros,habíamos ayudado,2,reviewed,
ES,ayudar,Indicativo,Pretérito pluscuamperfecto,vosotros,habíais ayudado,2,reviewed,
ES,ayudar,Indicativo,Pretérito pluscuamperfecto,ellos,habían ayudado,2,reviewed,
ES,crear,Indicativo,Presente,yo,creo,2,reviewed,
ES,crear,Indicativo,Presente,tú,creas,2,reviewed,
ES,crear,Indicativo,Presente,él,crea,2,reviewed,
ES,crear,Indicativo,Presente,nosotros,creamos,2,reviewed,
ES,crear,Indicativo,Presente,vosotros,creáis,2,reviewed,
ES,crear,Indicativo,Presente,ellos,crean,2,reviewed,
ES,crear,Indicativo,Futuro,yo,crearé,2,reviewed,
ES,crear,Indicativo,Futuro,tú,crearás,2,reviewed,
ES,crear,Indicativo,Futuro,él,creará,2,reviewed,
ES,crear,Indicativo,Futuro,nosotros,crearemos,2,reviewed,
ES,crear,Indicativo,Futuro,vosotros,crearéis,2,reviewed,
ES,crear,Indicativo,Futuro,ellos,crearán,2,reviewed,
ES,crear,Indicativo,Pretérito perfecto compuesto,yo,he creado,2,reviewed,
ES,crear,Indicativo,Pretérito perfecto compuesto,tú,has creado,2,reviewed,
ES,crear,Indicativo,Pretérito perfecto compuesto,él,ha creado,2,reviewed,
ES,crear,Indicativo,Pretérito perfecto compuesto,nosotros,hemos creado,2,reviewed,
ES,crear,Indicativo,Pretérito perfecto compuesto,vosotros,habéis creado,2,reviewed,
ES,crear,Indicativo,Pretérito perfecto compuesto,ellos,han creado,2,reviewed,
ES,crear,Indicativo,Pretérito imperfecto,yo,creaba,2,reviewed,
ES,crear,Indicativo,Pretérito imperfecto,tú,creabas,2,reviewed,
ES,crear,Indicativo,Pretérito imperfecto,él,creaba,2,reviewed,
ES,crear,Indicativo,Pretérito imperfecto,nosotros,creábamos,2,reviewed,
ES,crear,Indicativo,Pretérito imperfecto,vosotros,creabais,2,reviewed,
ES,crear,Indicativo,Pretérito imperfecto,ellos,creaban,2,reviewed,
ES,crear,Condicional,Condicional,yo,crearía,2,reviewed,
ES,crear,Condicional,Condicional,tú,crearías,2,reviewed,
ES,crear,Condicional,Condicional,él,crearía,2,reviewed,
ES,crear,Condicional,Condicional,nosotros,crearíamos,2,reviewed,
ES,crear,Condicional,Condicional,vosotros,crearíais,2,reviewed,
ES,crear,Condicional,Condicional,ellos,crearían,2,reviewed,
ES,crear,Imperativo,Imperativo,yo,-,2,reviewed,yo imperative placeholder -; no standard form
ES,crear,Imperativo,Imperativo,tú,crea,2,reviewed,
ES,crear,Imperativo,Imperativo,él,cree,2,reviewed,
ES,crear,Imperativo,Imperativo,nosotros,creemos,2,reviewed,
ES,crear,Imperativo,Imperativo,vosotros,cread,2,reviewed,
ES,crear,Imperativo,Imperativo,ellos,creen,2,reviewed,
ES,crear,Indicativo,Futuro perfecto,yo,habré creado,2,reviewed,
ES,crear,Indicativo,Futuro perfecto,tú,habrás creado,2,reviewed,
ES,crear,Indicativo,Futuro perfecto,él,habrá creado,2,reviewed,
ES,crear,Indicativo,Futuro perfecto,nosotros,habremos creado,2,reviewed,
ES,crear,Indicativo,Futuro perfecto,vosotros,habréis creado,2,reviewed,
ES,crear,Indicativo,Futuro perfecto,ellos,habrán creado,2,reviewed,
ES,crear,Subjuntivo,Subjuntivo presente,yo,cree,2,reviewed,
ES,crear,Subjuntivo,Subjuntivo presente,tú,crees,2,reviewed,
ES,crear,Subjuntivo,Subjuntivo presente,él,cree,2,reviewed,
ES,crear,Subjuntivo,Subjuntivo presente,nosotros,creemos,2,reviewed,
ES,crear,Subjuntivo,Subjuntivo presente,vosotros,creéis,2,reviewed,
ES,crear,Subjuntivo,Subjuntivo presente,ellos,creen,2,reviewed,
ES,crear,Indicativo,Pretérito perfecto simple,yo,creé,2,reviewed,
ES,crear,Indicativo,Pretérito perfecto simple,tú,creaste,2,reviewed,
ES,crear,Indicativo,Pretérito perfecto simple,él,creó,2,reviewed,
ES,crear,Indicativo,Pretérito perfecto simple,nosotros,creamos,2,reviewed,
ES,crear,Indicativo,Pretérito perfecto simple,vosotros,creasteis,2,reviewed,
ES,crear,Indicativo,Pretérito perfecto simple,ellos,crearon,2,reviewed,
ES,crear,Indicativo,Pretérito pluscuamperfecto,yo,había creado,2,reviewed,
ES,crear,Indicativo,Pretérito pluscuamperfecto,tú,habías creado,2,reviewed,
ES,crear,Indicativo,Pretérito pluscuamperfecto,él,había creado,2,reviewed,
ES,crear,Indicativo,Pretérito pluscuamperfecto,nosotros,habíamos creado,2,reviewed,
ES,crear,Indicativo,Pretérito pluscuamperfecto,vosotros,habíais creado,2,reviewed,
ES,crear,Indicativo,Pretérito pluscuamperfecto,ellos,habían creado,2,reviewed,
ES,descubrir,Indicativo,Presente,yo,descubro,2,reviewed,
ES,descubrir,Indicativo,Presente,tú,descubres,2,reviewed,
ES,descubrir,Indicativo,Presente,él,descubre,2,reviewed,
ES,descubrir,Indicativo,Presente,nosotros,descubrimos,2,reviewed,
ES,descubrir,Indicativo,Presente,vosotros,descubrís,2,reviewed,
ES,descubrir,Indicativo,Presente,ellos,descubren,2,reviewed,
ES,descubrir,Indicativo,Futuro,yo,descubriré,2,reviewed,
ES,descubrir,Indicativo,Futuro,tú,descubrirás,2,reviewed,
ES,descubrir,Indicativo,Futuro,él,descubrirá,2,reviewed,
ES,descubrir,Indicativo,Futuro,nosotros,descubriremos,2,reviewed,
ES,descubrir,Indicativo,Futuro,vosotros,descubriréis,2,reviewed,
ES,descubrir,Indicativo,Futuro,ellos,descubrirán,2,reviewed,
ES,descubrir,Indicativo,Pretérito perfecto compuesto,yo,he descubierto,2,reviewed,
ES,descubrir,Indicativo,Pretérito perfecto compuesto,tú,has descubierto,2,reviewed,
ES,descubrir,Indicativo,Pretérito perfecto compuesto,él,ha descubierto,2,reviewed,
ES,descubrir,Indicativo,Pretérito perfecto compuesto,nosotros,hemos descubierto,2,reviewed,
ES,descubrir,Indicativo,Pretérito perfecto compuesto,vosotros,habéis descubierto,2,reviewed,
ES,descubrir,Indicativo,Pretérito perfecto compuesto,ellos,han descubierto,2,reviewed,
ES,descubrir,Indicativo,Pretérito imperfecto,yo,descubría,2,reviewed,
ES,descubrir,Indicativo,Pretérito imperfecto,tú,descubrías,2,reviewed,
ES,descubrir,Indicativo,Pretérito imperfecto,él,descubría,2,reviewed,
ES,descubrir,Indicativo,Pretérito imperfecto,nosotros,descubríamos,2,reviewed,
ES,descubrir,Indicativo,Pretérito imperfecto,vosotros,descubríais,2,reviewed,
ES,descubrir,Indicativo,Pretérito imperfecto,ellos,descubrían,2,reviewed,
ES,descubrir,Condicional,Condicional,yo,descubriría,2,reviewed,
ES,descubrir,Condicional,Condicional,tú,descubrirías,2,reviewed,
ES,descubrir,Condicional,Condicional,él,descubriría,2,reviewed,
ES,descubrir,Condicional,Condicional,nosotros,descubriríamos,2,reviewed,
ES,descubrir,Condicional,Condicional,vosotros,descubriríais,2,reviewed,
ES,descubrir,Condicional,Condicional,ellos,descubrirían,2,reviewed,
ES,descubrir,Imperativo,Imperativo,yo,-,2,reviewed,yo imperative placeholder -; no standard form
ES,descubrir,Imperativo,Imperativo,tú,descubre,2,reviewed,
ES,descubrir,Imperativo,Imperativo,él,descubra,2,reviewed,
ES,descubrir,Imperativo,Imperativo,nosotros,descubramos,2,reviewed,
ES,descubrir,Imperativo,Imperativo,vosotros,descubrid,2,reviewed,
ES,descubrir,Imperativo,Imperativo,ellos,descubran,2,reviewed,
ES,descubrir,Indicativo,Futuro perfecto,yo,habré descubierto,2,reviewed,
ES,descubrir,Indicativo,Futuro perfecto,tú,habrás descubierto,2,reviewed,
ES,descubrir,Indicativo,Futuro perfecto,él,habrá descubierto,2,reviewed,
ES,descubrir,Indicativo,Futuro perfecto,nosotros,habremos descubierto,2,reviewed,
ES,descubrir,Indicativo,Futuro perfecto,vosotros,habréis descubierto,2,reviewed,
ES,descubrir,Indicativo,Futuro perfecto,ellos,habrán descubierto,2,reviewed,
ES,descubrir,Subjuntivo,Subjuntivo presente,yo,descubra,2,reviewed,
ES,descubrir,Subjuntivo,Subjuntivo presente,tú,descubras,2,reviewed,
ES,descubrir,Subjuntivo,Subjuntivo presente,él,descubra,2,reviewed,
ES,descubrir,Subjuntivo,Subjuntivo presente,nosotros,descubramos,2,reviewed,
ES,descubrir,Subjuntivo,Subjuntivo presente,vosotros,descubráis,2,reviewed,
ES,descubrir,Subjuntivo,Subjuntivo presente,ellos,descubran,2,reviewed,
ES,descubrir,Indicativo,Pretérito perfecto simple,yo,descubrí,2,reviewed,
ES,descubrir,Indicativo,Pretérito perfecto simple,tú,descubriste,2,reviewed,
ES,descubrir,Indicativo,Pretérito perfecto simple,él,descubrió,2,reviewed,
ES,descubrir,Indicativo,Pretérito perfecto simple,nosotros,descubrimos,2,reviewed,
ES,descubrir,Indicativo,Pretérito perfecto simple,vosotros,descubristeis,2,reviewed,
ES,descubrir,Indicativo,Pretérito perfecto simple,ellos,descubrieron,2,reviewed,
ES,descubrir,Indicativo,Pretérito pluscuamperfecto,yo,había descubierto,2,reviewed,
ES,descubrir,Indicativo,Pretérito pluscuamperfecto,tú,habías descubierto,2,reviewed,
ES,descubrir,Indicativo,Pretérito pluscuamperfecto,él,había descubierto,2,reviewed,
ES,descubrir,Indicativo,Pretérito pluscuamperfecto,nosotros,habíamos descubierto,2,reviewed,
ES,descubrir,Indicativo,Pretérito pluscuamperfecto,vosotros,habíais descubierto,2,reviewed,
ES,descubrir,Indicativo,Pretérito pluscuamperfecto,ellos,habían descubierto,2,reviewed,
ES,contar,Indicativo,Presente,yo,cuento,2,reviewed,
ES,contar,Indicativo,Presente,tú,cuentas,2,reviewed,
ES,contar,Indicativo,Presente,él,cuenta,2,reviewed,
ES,contar,Indicativo,Presente,nosotros,contamos,2,reviewed,
ES,contar,Indicativo,Presente,vosotros,contáis,2,reviewed,
ES,contar,Indicativo,Presente,ellos,cuentan,2,reviewed,
ES,contar,Indicativo,Futuro,yo,contaré,2,reviewed,
ES,contar,Indicativo,Futuro,tú,contarás,2,reviewed,
ES,contar,Indicativo,Futuro,él,contará,2,reviewed,
ES,contar,Indicativo,Futuro,nosotros,contaremos,2,reviewed,
ES,contar,Indicativo,Futuro,vosotros,contaréis,2,reviewed,
ES,contar,Indicativo,Futuro,ellos,contarán,2,reviewed,
ES,contar,Indicativo,Pretérito perfecto compuesto,yo,he contado,2,reviewed,
ES,contar,Indicativo,Pretérito perfecto compuesto,tú,has contado,2,reviewed,
ES,contar,Indicativo,Pretérito perfecto compuesto,él,ha contado,2,reviewed,
ES,contar,Indicativo,Pretérito perfecto compuesto,nosotros,hemos contado,2,reviewed,
ES,contar,Indicativo,Pretérito perfecto compuesto,vosotros,habéis contado,2,reviewed,
ES,contar,Indicativo,Pretérito perfecto compuesto,ellos,han contado,2,reviewed,
ES,contar,Indicativo,Pretérito imperfecto,yo,contaba,2,reviewed,
ES,contar,Indicativo,Pretérito imperfecto,tú,contabas,2,reviewed,
ES,contar,Indicativo,Pretérito imperfecto,él,contaba,2,reviewed,
ES,contar,Indicativo,Pretérito imperfecto,nosotros,contábamos,2,reviewed,
ES,contar,Indicativo,Pretérito imperfecto,vosotros,contabais,2,reviewed,
ES,contar,Indicativo,Pretérito imperfecto,ellos,contaban,2,reviewed,
ES,contar,Condicional,Condicional,yo,contaría,2,reviewed,
ES,contar,Condicional,Condicional,tú,contarías,2,reviewed,
ES,contar,Condicional,Condicional,él,contaría,2,reviewed,
ES,contar,Condicional,Condicional,nosotros,contaríamos,2,reviewed,
ES,contar,Condicional,Condicional,vosotros,contaríais,2,reviewed,
ES,contar,Condicional,Condicional,ellos,contarían,2,reviewed,
ES,contar,Imperativo,Imperativo,yo,-,2,reviewed,yo imperative placeholder -; no standard form
ES,contar,Imperativo,Imperativo,tú,cuenta,2,reviewed,
ES,contar,Imperativo,Imperativo,él,cuente,2,reviewed,
ES,contar,Imperativo,Imperativo,nosotros,contemos,2,reviewed,
ES,contar,Imperativo,Imperativo,vosotros,contad,2,reviewed,
ES,contar,Imperativo,Imperativo,ellos,cuenten,2,reviewed,
ES,contar,Indicativo,Futuro perfecto,yo,habré contado,2,reviewed,
ES,contar,Indicativo,Futuro perfecto,tú,habrás contado,2,reviewed,
ES,contar,Indicativo,Futuro perfecto,él,habrá contado,2,reviewed,
ES,contar,Indicativo,Futuro perfecto,nosotros,habremos contado,2,reviewed,
ES,contar,Indicativo,Futuro perfecto,vosotros,habréis contado,2,reviewed,
ES,contar,Indicativo,Futuro perfecto,ellos,habrán contado,2,reviewed,
ES,contar,Subjuntivo,Subjuntivo presente,yo,cuente,2,reviewed,
ES,contar,Subjuntivo,Subjuntivo presente,tú,cuentes,2,reviewed,
ES,contar,Subjuntivo,Subjuntivo presente,él,cuente,2,reviewed,
ES,contar,Subjuntivo,Subjuntivo presente,nosotros,contemos,2,reviewed,
ES,contar,Subjuntivo,Subjuntivo presente,vosotros,contéis,2,reviewed,
ES,contar,Subjuntivo,Subjuntivo presente,ellos,cuenten,2,reviewed,
ES,contar,Indicativo,Pretérito perfecto simple,yo,conté,2,reviewed,
ES,contar,Indicativo,Pretérito perfecto simple,tú,contaste,2,reviewed,
ES,contar,Indicativo,Pretérito perfecto simple,él,contó,2,reviewed,
ES,contar,Indicativo,Pretérito perfecto simple,nosotros,contamos,2,reviewed,
ES,contar,Indicativo,Pretérito perfecto simple,vosotros,contasteis,2,reviewed,
ES,contar,Indicativo,Pretérito perfecto simple,ellos,contaron,2,reviewed,
ES,contar,Indicativo,Pretérito pluscuamperfecto,yo,había contado,2,reviewed,
ES,contar,Indicativo,Pretérito pluscuamperfecto,tú,habías contado,2,reviewed,
ES,contar,Indicativo,Pretérito pluscuamperfecto,él,había contado,2,reviewed,
ES,contar,Indicativo,Pretérito pluscuamperfecto,nosotros,habíamos contado,2,reviewed,
ES,contar,Indicativo,Pretérito pluscuamperfecto,vosotros,habíais contado,2,reviewed,
ES,contar,Indicativo,Pretérito pluscuamperfecto,ellos,habían contado,2,reviewed,
ES,matar,Indicativo,Presente,yo,mato,2,reviewed,
ES,matar,Indicativo,Presente,tú,matas,2,reviewed,
ES,matar,Indicativo,Presente,él,mata,2,reviewed,
ES,matar,Indicativo,Presente,nosotros,matamos,2,reviewed,
ES,matar,Indicativo,Presente,vosotros,matáis,2,reviewed,
ES,matar,Indicativo,Presente,ellos,matan,2,reviewed,
ES,matar,Indicativo,Futuro,yo,mataré,2,reviewed,
ES,matar,Indicativo,Futuro,tú,matarás,2,reviewed,
ES,matar,Indicativo,Futuro,él,matará,2,reviewed,
ES,matar,Indicativo,Futuro,nosotros,mataremos,2,reviewed,
ES,matar,Indicativo,Futuro,vosotros,mataréis,2,reviewed,
ES,matar,Indicativo,Futuro,ellos,matarán,2,reviewed,
ES,matar,Indicativo,Pretérito perfecto compuesto,yo,he matado,2,reviewed,
ES,matar,Indicativo,Pretérito perfecto compuesto,tú,has matado,2,reviewed,
ES,matar,Indicativo,Pretérito perfecto compuesto,él,ha matado,2,reviewed,
ES,matar,Indicativo,Pretérito perfecto compuesto,nosotros,hemos matado,2,reviewed,
ES,matar,Indicativo,Pretérito perfecto compuesto,vosotros,habéis matado,2,reviewed,
ES,matar,Indicativo,Pretérito perfecto compuesto,ellos,han matado,2,reviewed,
ES,matar,Indicativo,Pretérito imperfecto,yo,mataba,2,reviewed,
ES,matar,Indicativo,Pretérito imperfecto,tú,matabas,2,reviewed,
ES,matar,Indicativo,Pretérito imperfecto,él,mataba,2,reviewed,
ES,matar,Indicativo,Pretérito imperfecto,nosotros,matábamos,2,reviewed,
ES,matar,Indicativo,Pretérito imperfecto,vosotros,matabais,2,reviewed,
ES,matar,Indicativo,Pretérito imperfecto,ellos,mataban,2,reviewed,
ES,matar,Condicional,Condicional,yo,mataría,2,reviewed,
ES,matar,Condicional,Condicional,tú,matarías,2,reviewed,
ES,matar,Condicional,Condicional,él,mataría,2,reviewed,
ES,matar,Condicional,Condicional,nosotros,mataríamos,2,reviewed,
ES,matar,Condicional,Condicional,vosotros,mataríais,2,reviewed,
ES,matar,Condicional,Condicional,ellos,matarían,2,reviewed,
ES,matar,Imperativo,Imperativo,yo,-,2,reviewed,yo imperative placeholder -; no standard form
ES,matar,Imperativo,Imperativo,tú,mata,2,reviewed,
ES,matar,Imperativo,Imperativo,él,mate,2,reviewed,
ES,matar,Imperativo,Imperativo,nosotros,matemos,2,reviewed,
ES,matar,Imperativo,Imperativo,vosotros,matad,2,reviewed,
ES,matar,Imperativo,Imperativo,ellos,maten,2,reviewed,
ES,matar,Indicativo,Futuro perfecto,yo,habré matado,2,reviewed,
ES,matar,Indicativo,Futuro perfecto,tú,habrás matado,2,reviewed,
ES,matar,Indicativo,Futuro perfecto,él,habrá matado,2,reviewed,
ES,matar,Indicativo,Futuro perfecto,nosotros,habremos matado,2,reviewed,
ES,matar,Indicativo,Futuro perfecto,vosotros,habréis matado,2,reviewed,
ES,matar,Indicativo,Futuro perfecto,ellos,habrán matado,2,reviewed,
ES,matar,Subjuntivo,Subjuntivo presente,yo,mate,2,reviewed,
ES,matar,Subjuntivo,Subjuntivo presente,tú,mates,2,reviewed,
ES,matar,Subjuntivo,Subjuntivo presente,él,mate,2,reviewed,
ES,matar,Subjuntivo,Subjuntivo presente,nosotros,matemos,2,reviewed,
ES,matar,Subjuntivo,Subjuntivo presente,vosotros,matéis,2,reviewed,
ES,matar,Subjuntivo,Subjuntivo presente,ellos,maten,2,reviewed,
ES,matar,Indicativo,Pretérito perfecto simple,yo,maté,2,reviewed,
ES,matar,Indicativo,Pretérito perfecto simple,tú,mataste,2,reviewed,
ES,matar,Indicativo,Pretérito perfecto simple,él,mató,2,reviewed,
ES,matar,Indicativo,Pretérito perfecto simple,nosotros,matamos,2,reviewed,
ES,matar,Indicativo,Pretérito perfecto simple,vosotros,matasteis,2,reviewed,
ES,matar,Indicativo,Pretérito perfecto simple,ellos,mataron,2,reviewed,
ES,matar,Indicativo,Pretérito pluscuamperfecto,yo,había matado,2,reviewed,
ES,matar,Indicativo,Pretérito pluscuamperfecto,tú,habías matado,2,reviewed,
ES,matar,Indicativo,Pretérito pluscuamperfecto,él,había matado,2,reviewed,
ES,matar,Indicativo,Pretérito pluscuamperfecto,nosotros,habíamos matado,2,reviewed,
ES,matar,Indicativo,Pretérito pluscuamperfecto,vosotros,habíais matado,2,reviewed,
ES,matar,Indicativo,Pretérito pluscuamperfecto,ellos,habían matado,2,reviewed,
ES,correr,Indicativo,Presente,yo,corro,2,reviewed,
ES,correr,Indicativo,Presente,tú,corres,2,reviewed,
ES,correr,Indicativo,Presente,él,corre,2,reviewed,
ES,correr,Indicativo,Presente,nosotros,corremos,2,reviewed,
ES,correr,Indicativo,Presente,vosotros,corréis,2,reviewed,
ES,correr,Indicativo,Presente,ellos,corren,2,reviewed,
ES,correr,Indicativo,Futuro,yo,correré,2,reviewed,
ES,correr,Indicativo,Futuro,tú,correrás,2,reviewed,
ES,correr,Indicativo,Futuro,él,correrá,2,reviewed,
ES,correr,Indicativo,Futuro,nosotros,correremos,2,reviewed,
ES,correr,Indicativo,Futuro,vosotros,correréis,2,reviewed,
ES,correr,Indicativo,Futuro,ellos,correrán,2,reviewed,
ES,correr,Indicativo,Pretérito perfecto compuesto,yo,he corrido,2,reviewed,
ES,correr,Indicativo,Pretérito perfecto compuesto,tú,has corrido,2,reviewed,
ES,correr,Indicativo,Pretérito perfecto compuesto,él,ha corrido,2,reviewed,
ES,correr,Indicativo,Pretérito perfecto compuesto,nosotros,hemos corrido,2,reviewed,
ES,correr,Indicativo,Pretérito perfecto compuesto,vosotros,habéis corrido,2,reviewed,
ES,correr,Indicativo,Pretérito perfecto compuesto,ellos,han corrido,2,reviewed,
ES,correr,Indicativo,Pretérito imperfecto,yo,corría,2,reviewed,
ES,correr,Indicativo,Pretérito imperfecto,tú,corrías,2,reviewed,
ES,correr,Indicativo,Pretérito imperfecto,él,corría,2,reviewed,
ES,correr,Indicativo,Pretérito imperfecto,nosotros,corríamos,2,reviewed,
ES,correr,Indicativo,Pretérito imperfecto,vosotros,corríais,2,reviewed,
ES,correr,Indicativo,Pretérito imperfecto,ellos,corrían,2,reviewed,
ES,correr,Condicional,Condicional,yo,correría,2,reviewed,
ES,correr,Condicional,Condicional,tú,correrías,2,reviewed,
ES,correr,Condicional,Condicional,él,correría,2,reviewed,
ES,correr,Condicional,Condicional,nosotros,correríamos,2,reviewed,
ES,correr,Condicional,Condicional,vosotros,correríais,2,reviewed,
ES,correr,Condicional,Condicional,ellos,correrían,2,reviewed,
ES,correr,Imperativo,Imperativo,yo,-,2,reviewed,yo imperative placeholder -; no standard form
ES,correr,Imperativo,Imperativo,tú,corre,2,reviewed,
ES,correr,Imperativo,Imperativo,él,corra,2,reviewed,
ES,correr,Imperativo,Imperativo,nosotros,corramos,2,reviewed,
ES,correr,Imperativo,Imperativo,vosotros,corred,2,reviewed,
ES,correr,Imperativo,Imperativo,ellos,corran,2,reviewed,
ES,correr,Indicativo,Futuro perfecto,yo,habré corrido,2,reviewed,
ES,correr,Indicativo,Futuro perfecto,tú,habrás corrido,2,reviewed,
ES,correr,Indicativo,Futuro perfecto,él,habrá corrido,2,reviewed,
ES,correr,Indicativo,Futuro perfecto,nosotros,habremos corrido,2,reviewed,
ES,correr,Indicativo,Futuro perfecto,vosotros,habréis corrido,2,reviewed,
ES,correr,Indicativo,Futuro perfecto,ellos,habrán corrido,2,reviewed,
ES,correr,Subjuntivo,Subjuntivo presente,yo,corra,2,reviewed,
ES,correr,Subjuntivo,Subjuntivo presente,tú,corras,2,reviewed,
ES,correr,Subjuntivo,Subjuntivo presente,él,corra,2,reviewed,
ES,correr,Subjuntivo,Subjuntivo presente,nosotros,corramos,2,reviewed,
ES,correr,Subjuntivo,Subjuntivo presente,vosotros,corráis,2,reviewed,
ES,correr,Subjuntivo,Subjuntivo presente,ellos,corran,2,reviewed,
ES,correr,Indicativo,Pretérito perfecto simple,yo,corrí,2,reviewed,
ES,correr,Indicativo,Pretérito perfecto simple,tú,corriste,2,reviewed,
ES,correr,Indicativo,Pretérito perfecto simple,él,corrió,2,reviewed,
ES,correr,Indicativo,Pretérito perfecto simple,nosotros,corrimos,2,reviewed,
ES,correr,Indicativo,Pretérito perfecto simple,vosotros,corristeis,2,reviewed,
ES,correr,Indicativo,Pretérito perfecto simple,ellos,corrieron,2,reviewed,
ES,correr,Indicativo,Pretérito pluscuamperfecto,yo,había corrido,2,reviewed,
ES,correr,Indicativo,Pretérito pluscuamperfecto,tú,habías corrido,2,reviewed,
ES,correr,Indicativo,Pretérito pluscuamperfecto,él,había corrido,2,reviewed,
ES,correr,Indicativo,Pretérito pluscuamperfecto,nosotros,habíamos corrido,2,reviewed,
ES,correr,Indicativo,Pretérito pluscuamperfecto,vosotros,habíais corrido,2,reviewed,
ES,correr,Indicativo,Pretérito pluscuamperfecto,ellos,habían corrido,2,reviewed,
ES,realizar,Indicativo,Presente,yo,realizo,2,reviewed,
ES,realizar,Indicativo,Presente,tú,realizas,2,reviewed,
ES,realizar,Indicativo,Presente,él,realiza,2,reviewed,
ES,realizar,Indicativo,Presente,nosotros,realizamos,2,reviewed,
ES,realizar,Indicativo,Presente,vosotros,realizáis,2,reviewed,
ES,realizar,Indicativo,Presente,ellos,realizan,2,reviewed,
ES,realizar,Indicativo,Futuro,yo,realizaré,2,reviewed,
ES,realizar,Indicativo,Futuro,tú,realizarás,2,reviewed,
ES,realizar,Indicativo,Futuro,él,realizará,2,reviewed,
ES,realizar,Indicativo,Futuro,nosotros,realizaremos,2,reviewed,
ES,realizar,Indicativo,Futuro,vosotros,realizaréis,2,reviewed,
ES,realizar,Indicativo,Futuro,ellos,realizarán,2,reviewed,
ES,realizar,Indicativo,Pretérito perfecto compuesto,yo,he realizado,2,reviewed,
ES,realizar,Indicativo,Pretérito perfecto compuesto,tú,has realizado,2,reviewed,
ES,realizar,Indicativo,Pretérito perfecto compuesto,él,ha realizado,2,reviewed,
ES,realizar,Indicativo,Pretérito perfecto compuesto,nosotros,hemos realizado,2,reviewed,
ES,realizar,Indicativo,Pretérito perfecto compuesto,vosotros,habéis realizado,2,reviewed,
ES,realizar,Indicativo,Pretérito perfecto compuesto,ellos,han realizado,2,reviewed,
ES,realizar,Indicativo,Pretérito imperfecto,yo,realizaba,2,reviewed,
ES,realizar,Indicativo,Pretérito imperfecto,tú,realizabas,2,reviewed,
ES,realizar,Indicativo,Pretérito imperfecto,él,realizaba,2,reviewed,
ES,realizar,Indicativo,Pretérito imperfecto,nosotros,realizábamos,2,reviewed,
ES,realizar,Indicativo,Pretérito imperfecto,vosotros,realizabais,2,reviewed,
ES,realizar,Indicativo,Pretérito imperfecto,ellos,realizaban,2,reviewed,
ES,realizar,Condicional,Condicional,yo,realizaría,2,reviewed,
ES,realizar,Condicional,Condicional,tú,realizarías,2,reviewed,
ES,realizar,Condicional,Condicional,él,realizaría,2,reviewed,
ES,realizar,Condicional,Condicional,nosotros,realizaríamos,2,reviewed,
ES,realizar,Condicional,Condicional,vosotros,realizaríais,2,reviewed,
ES,realizar,Condicional,Condicional,ellos,realizarían,2,reviewed,
ES,realizar,Imperativo,Imperativo,yo,-,2,reviewed,yo imperative placeholder -; no standard form
ES,realizar,Imperativo,Imperativo,tú,realiza,2,reviewed,
ES,realizar,Imperativo,Imperativo,él,realice,2,reviewed,
ES,realizar,Imperativo,Imperativo,nosotros,realicemos,2,reviewed,
ES,realizar,Imperativo,Imperativo,vosotros,realizad,2,reviewed,
ES,realizar,Imperativo,Imperativo,ellos,realicen,2,reviewed,
ES,realizar,Indicativo,Futuro perfecto,yo,habré realizado,2,reviewed,
ES,realizar,Indicativo,Futuro perfecto,tú,habrás realizado,2,reviewed,
ES,realizar,Indicativo,Futuro perfecto,él,habrá realizado,2,reviewed,
ES,realizar,Indicativo,Futuro perfecto,nosotros,habremos realizado,2,reviewed,
ES,realizar,Indicativo,Futuro perfecto,vosotros,habréis realizado,2,reviewed,
ES,realizar,Indicativo,Futuro perfecto,ellos,habrán realizado,2,reviewed,
ES,realizar,Subjuntivo,Subjuntivo presente,yo,realice,2,reviewed,
ES,realizar,Subjuntivo,Subjuntivo presente,tú,realices,2,reviewed,
ES,realizar,Subjuntivo,Subjuntivo presente,él,realice,2,reviewed,
ES,realizar,Subjuntivo,Subjuntivo presente,nosotros,realicemos,2,reviewed,
ES,realizar,Subjuntivo,Subjuntivo presente,vosotros,realicéis,2,reviewed,
ES,realizar,Subjuntivo,Subjuntivo presente,ellos,realicen,2,reviewed,
ES,realizar,Indicativo,Pretérito perfecto simple,yo,realicé,2,reviewed,
ES,realizar,Indicativo,Pretérito perfecto simple,tú,realizaste,2,reviewed,
ES,realizar,Indicativo,Pretérito perfecto simple,él,realizó,2,reviewed,
ES,realizar,Indicativo,Pretérito perfecto simple,nosotros,realizamos,2,reviewed,
ES,realizar,Indicativo,Pretérito perfecto simple,vosotros,realizasteis,2,reviewed,
ES,realizar,Indicativo,Pretérito perfecto simple,ellos,realizaron,2,reviewed,
ES,realizar,Indicativo,Pretérito pluscuamperfecto,yo,había realizado,2,reviewed,
ES,realizar,Indicativo,Pretérito pluscuamperfecto,tú,habías realizado,2,reviewed,
ES,realizar,Indicativo,Pretérito pluscuamperfecto,él,había realizado,2,reviewed,
ES,realizar,Indicativo,Pretérito pluscuamperfecto,nosotros,habíamos realizado,2,reviewed,
ES,realizar,Indicativo,Pretérito pluscuamperfecto,vosotros,habíais realizado,2,reviewed,
ES,realizar,Indicativo,Pretérito pluscuamperfecto,ellos,habían realizado,2,reviewed,
ES,tocar,Indicativo,Presente,yo,toco,2,reviewed,
ES,tocar,Indicativo,Presente,tú,tocas,2,reviewed,
ES,tocar,Indicativo,Presente,él,toca,2,reviewed,
ES,tocar,Indicativo,Presente,nosotros,tocamos,2,reviewed,
ES,tocar,Indicativo,Presente,vosotros,tocáis,2,reviewed,
ES,tocar,Indicativo,Presente,ellos,tocan,2,reviewed,
ES,tocar,Indicativo,Futuro,yo,tocaré,2,reviewed,
ES,tocar,Indicativo,Futuro,tú,tocarás,2,reviewed,
ES,tocar,Indicativo,Futuro,él,tocará,2,reviewed,
ES,tocar,Indicativo,Futuro,nosotros,tocaremos,2,reviewed,
ES,tocar,Indicativo,Futuro,vosotros,tocaréis,2,reviewed,
ES,tocar,Indicativo,Futuro,ellos,tocarán,2,reviewed,
ES,tocar,Indicativo,Pretérito perfecto compuesto,yo,he tocado,2,reviewed,
ES,tocar,Indicativo,Pretérito perfecto compuesto,tú,has tocado,2,reviewed,
ES,tocar,Indicativo,Pretérito perfecto compuesto,él,ha tocado,2,reviewed,
ES,tocar,Indicativo,Pretérito perfecto compuesto,nosotros,hemos tocado,2,reviewed,
ES,tocar,Indicativo,Pretérito perfecto compuesto,vosotros,habéis tocado,2,reviewed,
ES,tocar,Indicativo,Pretérito perfecto compuesto,ellos,han tocado,2,reviewed,
ES,tocar,Indicativo,Pretérito imperfecto,yo,tocaba,2,reviewed,
ES,tocar,Indicativo,Pretérito imperfecto,tú,tocabas,2,reviewed,
ES,tocar,Indicativo,Pretérito imperfecto,él,tocaba,2,reviewed,
ES,tocar,Indicativo,Pretérito imperfecto,nosotros,tocábamos,2,reviewed,
ES,tocar,Indicativo,Pretérito imperfecto,vosotros,tocabais,2,reviewed,
ES,tocar,Indicativo,Pretérito imperfecto,ellos,tocaban,2,reviewed,
ES,tocar,Condicional,Condicional,yo,tocaría,2,reviewed,
ES,tocar,Condicional,Condicional,tú,tocarías,2,reviewed,
ES,tocar,Condicional,Condicional,él,tocaría,2,reviewed,
ES,tocar,Condicional,Condicional,nosotros,tocaríamos,2,reviewed,
ES,tocar,Condicional,Condicional,vosotros,tocaríais,2,reviewed,
ES,tocar,Condicional,Condicional,ellos,tocarían,2,reviewed,
ES,tocar,Imperativo,Imperativo,yo,-,2,reviewed,yo imperative placeholder -; no standard form
ES,tocar,Imperativo,Imperativo,tú,toca,2,reviewed,
ES,tocar,Imperativo,Imperativo,él,toque,2,reviewed,
ES,tocar,Imperativo,Imperativo,nosotros,toquemos,2,reviewed,
ES,tocar,Imperativo,Imperativo,vosotros,tocad,2,reviewed,
ES,tocar,Imperativo,Imperativo,ellos,toquen,2,reviewed,
ES,tocar,Indicativo,Futuro perfecto,yo,habré tocado,2,reviewed,
ES,tocar,Indicativo,Futuro perfecto,tú,habrás tocado,2,reviewed,
ES,tocar,Indicativo,Futuro perfecto,él,habrá tocado,2,reviewed,
ES,tocar,Indicativo,Futuro perfecto,nosotros,habremos tocado,2,reviewed,
ES,tocar,Indicativo,Futuro perfecto,vosotros,habréis tocado,2,reviewed,
ES,tocar,Indicativo,Futuro perfecto,ellos,habrán tocado,2,reviewed,
ES,tocar,Subjuntivo,Subjuntivo presente,yo,toque,2,reviewed,
ES,tocar,Subjuntivo,Subjuntivo presente,tú,toques,2,reviewed,
ES,tocar,Subjuntivo,Subjuntivo presente,él,toque,2,reviewed,
ES,tocar,Subjuntivo,Subjuntivo presente,nosotros,toquemos,2,reviewed,
ES,tocar,Subjuntivo,Subjuntivo presente,vosotros,toquéis,2,reviewed,
ES,tocar,Subjuntivo,Subjuntivo presente,ellos,toquen,2,reviewed,
ES,tocar,Indicativo,Pretérito perfecto simple,yo,toqué,2,reviewed,
ES,tocar,Indicativo,Pretérito perfecto simple,tú,tocaste,2,reviewed,
ES,tocar,Indicativo,Pretérito perfecto simple,él,tocó,2,reviewed,
ES,tocar,Indicativo,Pretérito perfecto simple,nosotros,tocamos,2,reviewed,
ES,tocar,Indicativo,Pretérito perfecto simple,vosotros,tocasteis,2,reviewed,
ES,tocar,Indicativo,Pretérito perfecto simple,ellos,tocaron,2,reviewed,
ES,tocar,Indicativo,Pretérito pluscuamperfecto,yo,había tocado,2,reviewed,
ES,tocar,Indicativo,Pretérito pluscuamperfecto,tú,habías tocado,2,reviewed,
ES,tocar,Indicativo,Pretérito pluscuamperfecto,él,había tocado,2,reviewed,
ES,tocar,Indicativo,Pretérito pluscuamperfecto,nosotros,habíamos tocado,2,reviewed,
ES,tocar,Indicativo,Pretérito pluscuamperfecto,vosotros,habíais tocado,2,reviewed,
ES,tocar,Indicativo,Pretérito pluscuamperfecto,ellos,habían tocado,2,reviewed,
ES,terminar,Indicativo,Presente,yo,termino,2,reviewed,
ES,terminar,Indicativo,Presente,tú,terminas,2,reviewed,
ES,terminar,Indicativo,Presente,él,termina,2,reviewed,
ES,terminar,Indicativo,Presente,nosotros,terminamos,2,reviewed,
ES,terminar,Indicativo,Presente,vosotros,termináis,2,reviewed,
ES,terminar,Indicativo,Presente,ellos,terminan,2,reviewed,
ES,terminar,Indicativo,Futuro,yo,terminaré,2,reviewed,
ES,terminar,Indicativo,Futuro,tú,terminarás,2,reviewed,
ES,terminar,Indicativo,Futuro,él,terminará,2,reviewed,
ES,terminar,Indicativo,Futuro,nosotros,terminaremos,2,reviewed,
ES,terminar,Indicativo,Futuro,vosotros,terminaréis,2,reviewed,
ES,terminar,Indicativo,Futuro,ellos,terminarán,2,reviewed,
ES,terminar,Indicativo,Pretérito perfecto compuesto,yo,he terminado,2,reviewed,
ES,terminar,Indicativo,Pretérito perfecto compuesto,tú,has terminado,2,reviewed,
ES,terminar,Indicativo,Pretérito perfecto compuesto,él,ha terminado,2,reviewed,
ES,terminar,Indicativo,Pretérito perfecto compuesto,nosotros,hemos terminado,2,reviewed,
ES,terminar,Indicativo,Pretérito perfecto compuesto,vosotros,habéis terminado,2,reviewed,
ES,terminar,Indicativo,Pretérito perfecto compuesto,ellos,han terminado,2,reviewed,
ES,terminar,Indicativo,Pretérito imperfecto,yo,terminaba,2,reviewed,
ES,terminar,Indicativo,Pretérito imperfecto,tú,terminabas,2,reviewed,
ES,terminar,Indicativo,Pretérito imperfecto,él,terminaba,2,reviewed,
ES,terminar,Indicativo,Pretérito imperfecto,nosotros,terminábamos,2,reviewed,
ES,terminar,Indicativo,Pretérito imperfecto,vosotros,terminabais,2,reviewed,
ES,terminar,Indicativo,Pretérito imperfecto,ellos,terminaban,2,reviewed,
ES,terminar,Condicional,Condicional,yo,terminaría,2,reviewed,
ES,terminar,Condicional,Condicional,tú,terminarías,2,reviewed,
ES,terminar,Condicional,Condicional,él,terminaría,2,reviewed,
ES,terminar,Condicional,Condicional,nosotros,terminaríamos,2,reviewed,
ES,terminar,Condicional,Condicional,vosotros,terminaríais,2,reviewed,
ES,terminar,Condicional,Condicional,ellos,terminarían,2,reviewed,
ES,terminar,Imperativo,Imperativo,yo,-,2,reviewed,yo imperative placeholder -; no standard form
ES,terminar,Imperativo,Imperativo,tú,termina,2,reviewed,
ES,terminar,Imperativo,Imperativo,él,termine,2,reviewed,
ES,terminar,Imperativo,Imperativo,nosotros,terminemos,2,reviewed,
ES,terminar,Imperativo,Imperativo,vosotros,terminad,2,reviewed,
ES,terminar,Imperativo,Imperativo,ellos,terminen,2,reviewed,
ES,terminar,Indicativo,Futuro perfecto,yo,habré terminado,2,reviewed,
ES,terminar,Indicativo,Futuro perfecto,tú,habrás terminado,2,reviewed,
ES,terminar,Indicativo,Futuro perfecto,él,habrá terminado,2,reviewed,
ES,terminar,Indicativo,Futuro perfecto,nosotros,habremos terminado,2,reviewed,
ES,terminar,Indicativo,Futuro perfecto,vosotros,habréis terminado,2,reviewed,
ES,terminar,Indicativo,Futuro perfecto,ellos,habrán terminado,2,reviewed,
ES,terminar,Subjuntivo,Subjuntivo presente,yo,termine,2,reviewed,
ES,terminar,Subjuntivo,Subjuntivo presente,tú,termines,2,reviewed,
ES,terminar,Subjuntivo,Subjuntivo presente,él,termine,2,reviewed,
ES,terminar,Subjuntivo,Subjuntivo presente,nosotros,terminemos,2,reviewed,
ES,terminar,Subjuntivo,Subjuntivo presente,vosotros,terminéis,2,reviewed,
ES,terminar,Subjuntivo,Subjuntivo presente,ellos,terminen,2,reviewed,
ES,terminar,Indicativo,Pretérito perfecto simple,yo,terminé,2,reviewed,
ES,terminar,Indicativo,Pretérito perfecto simple,tú,terminaste,2,reviewed,
ES,terminar,Indicativo,Pretérito perfecto simple,él,terminó,2,reviewed,
ES,terminar,Indicativo,Pretérito perfecto simple,nosotros,terminamos,2,reviewed,
ES,terminar,Indicativo,Pretérito perfecto simple,vosotros,terminasteis,2,reviewed,
ES,terminar,Indicativo,Pretérito perfecto simple,ellos,terminaron,2,reviewed,
ES,terminar,Indicativo,Pretérito pluscuamperfecto,yo,había terminado,2,reviewed,
ES,terminar,Indicativo,Pretérito pluscuamperfecto,tú,habías terminado,2,reviewed,
ES,terminar,Indicativo,Pretérito pluscuamperfecto,él,había terminado,2,reviewed,
ES,terminar,Indicativo,Pretérito pluscuamperfecto,nosotros,habíamos terminado,2,reviewed,
ES,terminar,Indicativo,Pretérito pluscuamperfecto,vosotros,habíais terminado,2,reviewed,
ES,terminar,Indicativo,Pretérito pluscuamperfecto,ellos,habían terminado,2,reviewed,
ES,acabar,Indicativo,Presente,yo,acabo,2,reviewed,
ES,acabar,Indicativo,Presente,tú,acabas,2,reviewed,
ES,acabar,Indicativo,Presente,él,acaba,2,reviewed,
ES,acabar,Indicativo,Presente,nosotros,acabamos,2,reviewed,
ES,acabar,Indicativo,Presente,vosotros,acabáis,2,reviewed,
ES,acabar,Indicativo,Presente,ellos,acaban,2,reviewed,
ES,acabar,Indicativo,Futuro,yo,acabaré,2,reviewed,
ES,acabar,Indicativo,Futuro,tú,acabarás,2,reviewed,
ES,acabar,Indicativo,Futuro,él,acabará,2,reviewed,
ES,acabar,Indicativo,Futuro,nosotros,acabaremos,2,reviewed,
ES,acabar,Indicativo,Futuro,vosotros,acabaréis,2,reviewed,
ES,acabar,Indicativo,Futuro,ellos,acabarán,2,reviewed,
ES,acabar,Indicativo,Pretérito perfecto compuesto,yo,he acabado,2,reviewed,
ES,acabar,Indicativo,Pretérito perfecto compuesto,tú,has acabado,2,reviewed,
ES,acabar,Indicativo,Pretérito perfecto compuesto,él,ha acabado,2,reviewed,
ES,acabar,Indicativo,Pretérito perfecto compuesto,nosotros,hemos acabado,2,reviewed,
ES,acabar,Indicativo,Pretérito perfecto compuesto,vosotros,habéis acabado,2,reviewed,
ES,acabar,Indicativo,Pretérito perfecto compuesto,ellos,han acabado,2,reviewed,
ES,acabar,Indicativo,Pretérito imperfecto,yo,acababa,2,reviewed,
ES,acabar,Indicativo,Pretérito imperfecto,tú,acababas,2,reviewed,
ES,acabar,Indicativo,Pretérito imperfecto,él,acababa,2,reviewed,
ES,acabar,Indicativo,Pretérito imperfecto,nosotros,acabábamos,2,reviewed,
ES,acabar,Indicativo,Pretérito imperfecto,vosotros,acababais,2,reviewed,
ES,acabar,Indicativo,Pretérito imperfecto,ellos,acababan,2,reviewed,
ES,acabar,Condicional,Condicional,yo,acabaría,2,reviewed,
ES,acabar,Condicional,Condicional,tú,acabarías,2,reviewed,
ES,acabar,Condicional,Condicional,él,acabaría,2,reviewed,
ES,acabar,Condicional,Condicional,nosotros,acabaríamos,2,reviewed,
ES,acabar,Condicional,Condicional,vosotros,acabaríais,2,reviewed,
ES,acabar,Condicional,Condicional,ellos,acabarían,2,reviewed,
ES,acabar,Imperativo,Imperativo,yo,-,2,reviewed,yo imperative placeholder -; no standard form
ES,acabar,Imperativo,Imperativo,tú,acaba,2,reviewed,
ES,acabar,Imperativo,Imperativo,él,acabe,2,reviewed,
ES,acabar,Imperativo,Imperativo,nosotros,acabemos,2,reviewed,
ES,acabar,Imperativo,Imperativo,vosotros,acabad,2,reviewed,
ES,acabar,Imperativo,Imperativo,ellos,acaben,2,reviewed,
ES,acabar,Indicativo,Futuro perfecto,yo,habré acabado,2,reviewed,
ES,acabar,Indicativo,Futuro perfecto,tú,habrás acabado,2,reviewed,
ES,acabar,Indicativo,Futuro perfecto,él,habrá acabado,2,reviewed,
ES,acabar,Indicativo,Futuro perfecto,nosotros,habremos acabado,2,reviewed,
ES,acabar,Indicativo,Futuro perfecto,vosotros,habréis acabado,2,reviewed,
ES,acabar,Indicativo,Futuro perfecto,ellos,habrán acabado,2,reviewed,
ES,acabar,Subjuntivo,Subjuntivo presente,yo,acabe,2,reviewed,
ES,acabar,Subjuntivo,Subjuntivo presente,tú,acabes,2,reviewed,
ES,acabar,Subjuntivo,Subjuntivo presente,él,acabe,2,reviewed,
ES,acabar,Subjuntivo,Subjuntivo presente,nosotros,acabemos,2,reviewed,
ES,acabar,Subjuntivo,Subjuntivo presente,vosotros,acabéis,2,reviewed,
ES,acabar,Subjuntivo,Subjuntivo presente,ellos,acaben,2,reviewed,
ES,acabar,Indicativo,Pretérito perfecto simple,yo,acabé,2,reviewed,
ES,acabar,Indicativo,Pretérito perfecto simple,tú,acabaste,2,reviewed,
ES,acabar,Indicativo,Pretérito perfecto simple,él,acabó,2,reviewed,
ES,acabar,Indicativo,Pretérito perfecto simple,nosotros,acabamos,2,reviewed,
ES,acabar,Indicativo,Pretérito perfecto simple,vosotros,acabasteis,2,reviewed,
ES,acabar,Indicativo,Pretérito perfecto simple,ellos,acabaron,2,reviewed,
ES,acabar,Indicativo,Pretérito pluscuamperfecto,yo,había acabado,2,reviewed,
ES,acabar,Indicativo,Pretérito pluscuamperfecto,tú,habías acabado,2,reviewed,
ES,acabar,Indicativo,Pretérito pluscuamperfecto,él,había acabado,2,reviewed,
ES,acabar,Indicativo,Pretérito pluscuamperfecto,nosotros,habíamos acabado,2,reviewed,
ES,acabar,Indicativo,Pretérito pluscuamperfecto,vosotros,habíais acabado,2,reviewed,
ES,acabar,Indicativo,Pretérito pluscuamperfecto,ellos,habían acabado,2,reviewed,
