language_code,infinitive,mood,tense,pronoun,conjugated_form,batch,review_status,source_note
FR,débarquer,Indicatif,Présent,je,débarque,17,reviewed,
FR,débarquer,Indicatif,Présent,tu,débarques,17,reviewed,
FR,débarquer,Indicatif,Présent,"il (elle, on)",débarque,17,reviewed,
FR,débarquer,Indicatif,Présent,nous,débarquons,17,reviewed,
FR,débarquer,Indicatif,Présent,vous,débarquez,17,reviewed,
FR,débarquer,Indicatif,Présent,ils (elles),débarquent,17,reviewed,
FR,débarquer,Indicatif,Futur,je,débarquerai,17,reviewed,
FR,débarquer,Indicatif,Futur,tu,débarqueras,17,reviewed,
FR,débarquer,Indicatif,Futur,"il (elle, on)",débarquera,17,reviewed,
FR,débarquer,Indicatif,Futur,nous,débarquerons,17,reviewed,
FR,débarquer,Indicatif,Futur,vous,débarquerez,17,reviewed,
FR,débarquer,Indicatif,Futur,ils (elles),débarqueront,17,reviewed,
FR,débarquer,Indicatif,Passé composé,je,ai débarqué,17,reviewed,
FR,débarquer,Indicatif,Passé composé,tu,as débarqué,17,reviewed,
FR,débarquer,Indicatif,Passé composé,"il (elle, on)",a débarqué,17,reviewed,
FR,débarquer,Indicatif,Passé composé,nous,avons débarqué,17,reviewed,
FR,débarquer,Indicatif,Passé composé,vous,avez débarqué,17,reviewed,
FR,débarquer,Indicatif,Passé composé,ils (elles),ont débarqué,17,reviewed,
FR,débarquer,Indicatif,Imparfait,je,débarquais,17,reviewed,
FR,débarquer,Indicatif,Imparfait,tu,débarquais,17,reviewed,
FR,débarquer,Indicatif,Imparfait,"il (elle, on)",débarquait,17,reviewed,
FR,débarquer,Indicatif,Imparfait,nous,débarquions,17,reviewed,
FR,débarquer,Indicatif,Imparfait,vous,débarquiez,17,reviewed,
FR,débarquer,Indicatif,Imparfait,ils (elles),débarquaient,17,reviewed,
FR,débarquer,Conditionnel,Conditionnel présent,je,débarquerais,17,reviewed,
FR,débarquer,Conditionnel,Conditionnel présent,tu,débarquerais,17,reviewed,
FR,débarquer,Conditionnel,Conditionnel présent,"il (elle, on)",débarquerait,17,reviewed,
FR,débarquer,Conditionnel,Conditionnel présent,nous,débarquerions,17,reviewed,
FR,débarquer,Conditionnel,Conditionnel présent,vous,débarqueriez,17,reviewed,
FR,débarquer,Conditionnel,Conditionnel présent,ils (elles),débarqueraient,17,reviewed,
FR,débarquer,Impératif,Impératif,je,-,17,reviewed,French imperative only uses tu / nous / vous; placeholder - used for unsupported slot
FR,débarquer,Impératif,Impératif,tu,débarque,17,reviewed,
FR,débarquer,Impératif,Impératif,"il (elle, on)",-,17,reviewed,French imperative only uses tu / nous / vous; placeholder - used for unsupported slot
FR,débarquer,Impératif,Impératif,nous,débarquons,17,reviewed,
FR,débarquer,Impératif,Impératif,vous,débarquez,17,reviewed,
FR,débarquer,Impératif,Impératif,ils (elles),-,17,reviewed,French imperative only uses tu / nous / vous; placeholder - used for unsupported slot
FR,débarquer,Subjonctif,Subjonctif présent,je,débarque,17,reviewed,
FR,débarquer,Subjonctif,Subjonctif présent,tu,débarques,17,reviewed,
FR,débarquer,Subjonctif,Subjonctif présent,"il (elle, on)",débarque,17,reviewed,
FR,débarquer,Subjonctif,Subjonctif présent,nous,débarquions,17,reviewed,
FR,débarquer,Subjonctif,Subjonctif présent,vous,débarquiez,17,reviewed,
FR,débarquer,Subjonctif,Subjonctif présent,ils (elles),débarquent,17,reviewed,
FR,débarquer,Indicatif,Passé Simple,je,débarquai,17,reviewed,
FR,débarquer,Indicatif,Passé Simple,tu,débarquas,17,reviewed,
FR,débarquer,Indicatif,Passé Simple,"il (elle, on)",débarqua,17,reviewed,
FR,débarquer,Indicatif,Passé Simple,nous,débarquâmes,17,reviewed,
FR,débarquer,Indicatif,Passé Simple,vous,débarquâtes,17,reviewed,
FR,débarquer,Indicatif,Passé Simple,ils (elles),débarquèrent,17,reviewed,
FR,débarquer,Subjonctif,Subjonctif imparfait,je,débarquasse,17,reviewed,
FR,débarquer,Subjonctif,Subjonctif imparfait,tu,débarquasses,17,reviewed,
FR,débarquer,Subjonctif,Subjonctif imparfait,"il (elle, on)",débarquât,17,reviewed,
FR,débarquer,Subjonctif,Subjonctif imparfait,nous,débarquassions,17,reviewed,
FR,débarquer,Subjonctif,Subjonctif imparfait,vous,débarquassiez,17,reviewed,
FR,débarquer,Subjonctif,Subjonctif imparfait,ils (elles),débarquassent,17,reviewed,
FR,redevenir,Indicatif,Présent,je,redeviens,17,reviewed,venir-family paradigm; auxiliary être retained for Passé composé; QA recommended
FR,redevenir,Indicatif,Présent,tu,redeviens,17,reviewed,venir-family paradigm; auxiliary être retained for Passé composé; QA recommended
FR,redevenir,Indicatif,Présent,"il (elle, on)",redevient,17,reviewed,venir-family paradigm; auxiliary être retained for Passé composé; QA recommended
FR,redevenir,Indicatif,Présent,nous,redevenons,17,reviewed,venir-family paradigm; auxiliary être retained for Passé composé; QA recommended
FR,redevenir,Indicatif,Présent,vous,redevenez,17,reviewed,venir-family paradigm; auxiliary être retained for Passé composé; QA recommended
FR,redevenir,Indicatif,Présent,ils (elles),redeviennent,17,reviewed,venir-family paradigm; auxiliary être retained for Passé composé; QA recommended
FR,redevenir,Indicatif,Futur,je,redeviendrai,17,reviewed,venir-family paradigm; auxiliary être retained for Passé composé; QA recommended
FR,redevenir,Indicatif,Futur,tu,redeviendras,17,reviewed,venir-family paradigm; auxiliary être retained for Passé composé; QA recommended
FR,redevenir,Indicatif,Futur,"il (elle, on)",redeviendra,17,reviewed,venir-family paradigm; auxiliary être retained for Passé composé; QA recommended
FR,redevenir,Indicatif,Futur,nous,redeviendrons,17,reviewed,venir-family paradigm; auxiliary être retained for Passé composé; QA recommended
FR,redevenir,Indicatif,Futur,vous,redeviendrez,17,reviewed,venir-family paradigm; auxiliary être retained for Passé composé; QA recommended
FR,redevenir,Indicatif,Futur,ils (elles),redeviendront,17,reviewed,venir-family paradigm; auxiliary être retained for Passé composé; QA recommended
FR,redevenir,Indicatif,Passé composé,je,suis redevenu,17,reviewed,venir-family paradigm; auxiliary être retained for Passé composé; QA recommended
FR,redevenir,Indicatif,Passé composé,tu,es redevenu,17,reviewed,venir-family paradigm; auxiliary être retained for Passé composé; QA recommended
FR,redevenir,Indicatif,Passé composé,"il (elle, on)",est redevenu,17,reviewed,venir-family paradigm; auxiliary être retained for Passé composé; QA recommended
FR,redevenir,Indicatif,Passé composé,nous,sommes redevenus,17,reviewed,venir-family paradigm; auxiliary être retained for Passé composé; QA recommended
FR,redevenir,Indicatif,Passé composé,vous,êtes redevenus,17,reviewed,venir-family paradigm; auxiliary être retained for Passé composé; QA recommended
FR,redevenir,Indicatif,Passé composé,ils (elles),sont redevenus,17,reviewed,venir-family paradigm; auxiliary être retained for Passé composé; QA recommended
FR,redevenir,Indicatif,Imparfait,je,redevenais,17,reviewed,venir-family paradigm; auxiliary être retained for Passé composé; QA recommended
FR,redevenir,Indicatif,Imparfait,tu,redevenais,17,reviewed,venir-family paradigm; auxiliary être retained for Passé composé; QA recommended
FR,redevenir,Indicatif,Imparfait,"il (elle, on)",redevenait,17,reviewed,venir-family paradigm; auxiliary être retained for Passé composé; QA recommended
FR,redevenir,Indicatif,Imparfait,nous,redevenions,17,reviewed,venir-family paradigm; auxiliary être retained for Passé composé; QA recommended
FR,redevenir,Indicatif,Imparfait,vous,redeveniez,17,reviewed,venir-family paradigm; auxiliary être retained for Passé composé; QA recommended
FR,redevenir,Indicatif,Imparfait,ils (elles),redevenaient,17,reviewed,venir-family paradigm; auxiliary être retained for Passé composé; QA recommended
FR,redevenir,Conditionnel,Conditionnel présent,je,redeviendrais,17,reviewed,venir-family paradigm; auxiliary être retained for Passé composé; QA recommended
FR,redevenir,Conditionnel,Conditionnel présent,tu,redeviendrais,17,reviewed,venir-family paradigm; auxiliary être retained for Passé composé; QA recommended
FR,redevenir,Conditionnel,Conditionnel présent,"il (elle, on)",redeviendrait,17,reviewed,venir-family paradigm; auxiliary être retained for Passé composé; QA recommended
FR,redevenir,Conditionnel,Conditionnel présent,nous,redeviendrions,17,reviewed,venir-family paradigm; auxiliary être retained for Passé composé; QA recommended
FR,redevenir,Conditionnel,Conditionnel présent,vous,redeviendriez,17,reviewed,venir-family paradigm; auxiliary être retained for Passé composé; QA recommended
FR,redevenir,Conditionnel,Conditionnel présent,ils (elles),redeviendraient,17,reviewed,venir-family paradigm; auxiliary être retained for Passé composé; QA recommended
FR,redevenir,Impératif,Impératif,je,-,17,reviewed,venir-family paradigm; auxiliary être retained for Passé composé; QA recommended; French imperative only uses tu / nous / vous; placeholder - used for unsupported slot
FR,redevenir,Impératif,Impératif,tu,redeviens,17,reviewed,venir-family paradigm; auxiliary être retained for Passé composé; QA recommended
FR,redevenir,Impératif,Impératif,"il (elle, on)",-,17,reviewed,venir-family paradigm; auxiliary être retained for Passé composé; QA recommended; French imperative only uses tu / nous / vous; placeholder - used for unsupported slot
FR,redevenir,Impératif,Impératif,nous,redevenons,17,reviewed,venir-family paradigm; auxiliary être retained for Passé composé; QA recommended
FR,redevenir,Impératif,Impératif,vous,redevenez,17,reviewed,venir-family paradigm; auxiliary être retained for Passé composé; QA recommended
FR,redevenir,Impératif,Impératif,ils (elles),-,17,reviewed,venir-family paradigm; auxiliary être retained for Passé composé; QA recommended; French imperative only uses tu / nous / vous; placeholder - used for unsupported slot
FR,redevenir,Subjonctif,Subjonctif présent,je,redevienne,17,reviewed,venir-family paradigm; auxiliary être retained for Passé composé; QA recommended
FR,redevenir,Subjonctif,Subjonctif présent,tu,redeviennes,17,reviewed,venir-family paradigm; auxiliary être retained for Passé composé; QA recommended
FR,redevenir,Subjonctif,Subjonctif présent,"il (elle, on)",redevienne,17,reviewed,venir-family paradigm; auxiliary être retained for Passé composé; QA recommended
FR,redevenir,Subjonctif,Subjonctif présent,nous,redevenions,17,reviewed,venir-family paradigm; auxiliary être retained for Passé composé; QA recommended
FR,redevenir,Subjonctif,Subjonctif présent,vous,redeveniez,17,reviewed,venir-family paradigm; auxiliary être retained for Passé composé; QA recommended
FR,redevenir,Subjonctif,Subjonctif présent,ils (elles),redeviennent,17,reviewed,venir-family paradigm; auxiliary être retained for Passé composé; QA recommended
FR,redevenir,Indicatif,Passé Simple,je,redevins,17,reviewed,venir-family paradigm; auxiliary être retained for Passé composé; QA recommended
FR,redevenir,Indicatif,Passé Simple,tu,redevins,17,reviewed,venir-family paradigm; auxiliary être retained for Passé composé; QA recommended
FR,redevenir,Indicatif,Passé Simple,"il (elle, on)",redevint,17,reviewed,venir-family paradigm; auxiliary être retained for Passé composé; QA recommended
FR,redevenir,Indicatif,Passé Simple,nous,redevînmes,17,reviewed,venir-family paradigm; auxiliary être retained for Passé composé; QA recommended
FR,redevenir,Indicatif,Passé Simple,vous,redevîntes,17,reviewed,venir-family paradigm; auxiliary être retained for Passé composé; QA recommended
FR,redevenir,Indicatif,Passé Simple,ils (elles),redevinrent,17,reviewed,venir-family paradigm; auxiliary être retained for Passé composé; QA recommended
FR,redevenir,Subjonctif,Subjonctif imparfait,je,redevinsse,17,reviewed,venir-family paradigm; auxiliary être retained for Passé composé; QA recommended
FR,redevenir,Subjonctif,Subjonctif imparfait,tu,redevinsses,17,reviewed,venir-family paradigm; auxiliary être retained for Passé composé; QA recommended
FR,redevenir,Subjonctif,Subjonctif imparfait,"il (elle, on)",redevînt,17,reviewed,venir-family paradigm; auxiliary être retained for Passé composé; QA recommended
FR,redevenir,Subjonctif,Subjonctif imparfait,nous,redevinssions,17,reviewed,venir-family paradigm; auxiliary être retained for Passé composé; QA recommended
FR,redevenir,Subjonctif,Subjonctif imparfait,vous,redevinssiez,17,reviewed,venir-family paradigm; auxiliary être retained for Passé composé; QA recommended
FR,redevenir,Subjonctif,Subjonctif imparfait,ils (elles),redevinssent,17,reviewed,venir-family paradigm; auxiliary être retained for Passé composé; QA recommended
FR,éclaircir,Indicatif,Présent,je,éclaircis,17,reviewed,
FR,éclaircir,Indicatif,Présent,tu,éclaircis,17,reviewed,
FR,éclaircir,Indicatif,Présent,"il (elle, on)",éclaircit,17,reviewed,
FR,éclaircir,Indicatif,Présent,nous,éclaircissons,17,reviewed,
FR,éclaircir,Indicatif,Présent,vous,éclaircissez,17,reviewed,
FR,éclaircir,Indicatif,Présent,ils (elles),éclaircissent,17,reviewed,
FR,éclaircir,Indicatif,Futur,je,éclaircirai,17,reviewed,
FR,éclaircir,Indicatif,Futur,tu,éclairciras,17,reviewed,
FR,éclaircir,Indicatif,Futur,"il (elle, on)",éclaircira,17,reviewed,
FR,éclaircir,Indicatif,Futur,nous,éclaircirons,17,reviewed,
FR,éclaircir,Indicatif,Futur,vous,éclaircirez,17,reviewed,
FR,éclaircir,Indicatif,Futur,ils (elles),éclairciront,17,reviewed,
FR,éclaircir,Indicatif,Passé composé,je,ai éclairci,17,reviewed,
FR,éclaircir,Indicatif,Passé composé,tu,as éclairci,17,reviewed,
FR,éclaircir,Indicatif,Passé composé,"il (elle, on)",a éclairci,17,reviewed,
FR,éclaircir,Indicatif,Passé composé,nous,avons éclairci,17,reviewed,
FR,éclaircir,Indicatif,Passé composé,vous,avez éclairci,17,reviewed,
FR,éclaircir,Indicatif,Passé composé,ils (elles),ont éclairci,17,reviewed,
FR,éclaircir,Indicatif,Imparfait,je,éclaircissais,17,reviewed,
FR,éclaircir,Indicatif,Imparfait,tu,éclaircissais,17,reviewed,
FR,éclaircir,Indicatif,Imparfait,"il (elle, on)",éclaircissait,17,reviewed,
FR,éclaircir,Indicatif,Imparfait,nous,éclaircissions,17,reviewed,
FR,éclaircir,Indicatif,Imparfait,vous,éclaircissiez,17,reviewed,
FR,éclaircir,Indicatif,Imparfait,ils (elles),éclaircissaient,17,reviewed,
FR,éclaircir,Conditionnel,Conditionnel présent,je,éclaircirais,17,reviewed,
FR,éclaircir,Conditionnel,Conditionnel présent,tu,éclaircirais,17,reviewed,
FR,éclaircir,Conditionnel,Conditionnel présent,"il (elle, on)",éclaircirait,17,reviewed,
FR,éclaircir,Conditionnel,Conditionnel présent,nous,éclaircirions,17,reviewed,
FR,éclaircir,Conditionnel,Conditionnel présent,vous,éclairciriez,17,reviewed,
FR,éclaircir,Conditionnel,Conditionnel présent,ils (elles),éclairciraient,17,reviewed,
FR,éclaircir,Impératif,Impératif,je,-,17,reviewed,French imperative only uses tu / nous / vous; placeholder - used for unsupported slot
FR,éclaircir,Impératif,Impératif,tu,éclaircis,17,reviewed,
FR,éclaircir,Impératif,Impératif,"il (elle, on)",-,17,reviewed,French imperative only uses tu / nous / vous; placeholder - used for unsupported slot
FR,éclaircir,Impératif,Impératif,nous,éclaircissons,17,reviewed,
FR,éclaircir,Impératif,Impératif,vous,éclaircissez,17,reviewed,
FR,éclaircir,Impératif,Impératif,ils (elles),-,17,reviewed,French imperative only uses tu / nous / vous; placeholder - used for unsupported slot
FR,éclaircir,Subjonctif,Subjonctif présent,je,éclaircisse,17,reviewed,
FR,éclaircir,Subjonctif,Subjonctif présent,tu,éclaircisses,17,reviewed,
FR,éclaircir,Subjonctif,Subjonctif présent,"il (elle, on)",éclaircisse,17,reviewed,
FR,éclaircir,Subjonctif,Subjonctif présent,nous,éclaircissions,17,reviewed,
FR,éclaircir,Subjonctif,Subjonctif présent,vous,éclaircissiez,17,reviewed,
FR,éclaircir,Subjonctif,Subjonctif présent,ils (elles),éclaircissent,17,reviewed,
FR,éclaircir,Indicatif,Passé Simple,je,éclaircis,17,reviewed,
FR,éclaircir,Indicatif,Passé Simple,tu,éclaircis,17,reviewed,
FR,éclaircir,Indicatif,Passé Simple,"il (elle, on)",éclaircit,17,reviewed,
FR,éclaircir,Indicatif,Passé Simple,nous,éclaircîmes,17,reviewed,
FR,éclaircir,Indicatif,Passé Simple,vous,éclaircîtes,17,reviewed,
FR,éclaircir,Indicatif,Passé Simple,ils (elles),éclaircirent,17,reviewed,
FR,éclaircir,Subjonctif,Subjonctif imparfait,je,éclaircisse,17,reviewed,
FR,éclaircir,Subjonctif,Subjonctif imparfait,tu,éclaircisses,17,reviewed,
FR,éclaircir,Subjonctif,Subjonctif imparfait,"il (elle, on)",éclaircît,17,reviewed,
FR,éclaircir,Subjonctif,Subjonctif imparfait,nous,éclaircissions,17,reviewed,
FR,éclaircir,Subjonctif,Subjonctif imparfait,vous,éclaircissiez,17,reviewed,
FR,éclaircir,Subjonctif,Subjonctif imparfait,ils (elles),éclaircissent,17,reviewed,
FR,consommer,Indicatif,Présent,je,consomme,17,reviewed,
FR,consommer,Indicatif,Présent,tu,consommes,17,reviewed,
FR,consommer,Indicatif,Présent,"il (elle, on)",consomme,17,reviewed,
FR,consommer,Indicatif,Présent,nous,consommons,17,reviewed,
FR,consommer,Indicatif,Présent,vous,consommez,17,reviewed,
FR,consommer,Indicatif,Présent,ils (elles),consomment,17,reviewed,
FR,consommer,Indicatif,Futur,je,consommerai,17,reviewed,
FR,consommer,Indicatif,Futur,tu,consommeras,17,reviewed,
FR,consommer,Indicatif,Futur,"il (elle, on)",consommera,17,reviewed,
FR,consommer,Indicatif,Futur,nous,consommerons,17,reviewed,
FR,consommer,Indicatif,Futur,vous,consommerez,17,reviewed,
FR,consommer,Indicatif,Futur,ils (elles),consommeront,17,reviewed,
FR,consommer,Indicatif,Passé composé,je,ai consommé,17,reviewed,
FR,consommer,Indicatif,Passé composé,tu,as consommé,17,reviewed,
FR,consommer,Indicatif,Passé composé,"il (elle, on)",a consommé,17,reviewed,
FR,consommer,Indicatif,Passé composé,nous,avons consommé,17,reviewed,
FR,consommer,Indicatif,Passé composé,vous,avez consommé,17,reviewed,
FR,consommer,Indicatif,Passé composé,ils (elles),ont consommé,17,reviewed,
FR,consommer,Indicatif,Imparfait,je,consommais,17,reviewed,
FR,consommer,Indicatif,Imparfait,tu,consommais,17,reviewed,
FR,consommer,Indicatif,Imparfait,"il (elle, on)",consommait,17,reviewed,
FR,consommer,Indicatif,Imparfait,nous,consommions,17,reviewed,
FR,consommer,Indicatif,Imparfait,vous,consommiez,17,reviewed,
FR,consommer,Indicatif,Imparfait,ils (elles),consommaient,17,reviewed,
FR,consommer,Conditionnel,Conditionnel présent,je,consommerais,17,reviewed,
FR,consommer,Conditionnel,Conditionnel présent,tu,consommerais,17,reviewed,
FR,consommer,Conditionnel,Conditionnel présent,"il (elle, on)",consommerait,17,reviewed,
FR,consommer,Conditionnel,Conditionnel présent,nous,consommerions,17,reviewed,
FR,consommer,Conditionnel,Conditionnel présent,vous,consommeriez,17,reviewed,
FR,consommer,Conditionnel,Conditionnel présent,ils (elles),consommeraient,17,reviewed,
FR,consommer,Impératif,Impératif,je,-,17,reviewed,French imperative only uses tu / nous / vous; placeholder - used for unsupported slot
FR,consommer,Impératif,Impératif,tu,consomme,17,reviewed,
FR,consommer,Impératif,Impératif,"il (elle, on)",-,17,reviewed,French imperative only uses tu / nous / vous; placeholder - used for unsupported slot
FR,consommer,Impératif,Impératif,nous,consommons,17,reviewed,
FR,consommer,Impératif,Impératif,vous,consommez,17,reviewed,
FR,consommer,Impératif,Impératif,ils (elles),-,17,reviewed,French imperative only uses tu / nous / vous; placeholder - used for unsupported slot
FR,consommer,Subjonctif,Subjonctif présent,je,consomme,17,reviewed,
FR,consommer,Subjonctif,Subjonctif présent,tu,consommes,17,reviewed,
FR,consommer,Subjonctif,Subjonctif présent,"il (elle, on)",consomme,17,reviewed,
FR,consommer,Subjonctif,Subjonctif présent,nous,consommions,17,reviewed,
FR,consommer,Subjonctif,Subjonctif présent,vous,consommiez,17,reviewed,
FR,consommer,Subjonctif,Subjonctif présent,ils (elles),consomment,17,reviewed,
FR,consommer,Indicatif,Passé Simple,je,consommai,17,reviewed,
FR,consommer,Indicatif,Passé Simple,tu,consommas,17,reviewed,
FR,consommer,Indicatif,Passé Simple,"il (elle, on)",consomma,17,reviewed,
FR,consommer,Indicatif,Passé Simple,nous,consommâmes,17,reviewed,
FR,consommer,Indicatif,Passé Simple,vous,consommâtes,17,reviewed,
FR,consommer,Indicatif,Passé Simple,ils (elles),consommèrent,17,reviewed,
FR,consommer,Subjonctif,Subjonctif imparfait,je,consommasse,17,reviewed,
FR,consommer,Subjonctif,Subjonctif imparfait,tu,consommasses,17,reviewed,
FR,consommer,Subjonctif,Subjonctif imparfait,"il (elle, on)",consommât,17,reviewed,
FR,consommer,Subjonctif,Subjonctif imparfait,nous,consommassions,17,reviewed,
FR,consommer,Subjonctif,Subjonctif imparfait,vous,consommassiez,17,reviewed,
FR,consommer,Subjonctif,Subjonctif imparfait,ils (elles),consommassent,17,reviewed,
FR,fendre,Indicatif,Présent,je,fends,17,reviewed,
FR,fendre,Indicatif,Présent,tu,fends,17,reviewed,
FR,fendre,Indicatif,Présent,"il (elle, on)",fend,17,reviewed,
FR,fendre,Indicatif,Présent,nous,fendons,17,reviewed,
FR,fendre,Indicatif,Présent,vous,fendez,17,reviewed,
FR,fendre,Indicatif,Présent,ils (elles),fendent,17,reviewed,
FR,fendre,Indicatif,Futur,je,fendrai,17,reviewed,
FR,fendre,Indicatif,Futur,tu,fendras,17,reviewed,
FR,fendre,Indicatif,Futur,"il (elle, on)",fendra,17,reviewed,
FR,fendre,Indicatif,Futur,nous,fendrons,17,reviewed,
FR,fendre,Indicatif,Futur,vous,fendrez,17,reviewed,
FR,fendre,Indicatif,Futur,ils (elles),fendront,17,reviewed,
FR,fendre,Indicatif,Passé composé,je,ai fendu,17,reviewed,
FR,fendre,Indicatif,Passé composé,tu,as fendu,17,reviewed,
FR,fendre,Indicatif,Passé composé,"il (elle, on)",a fendu,17,reviewed,
FR,fendre,Indicatif,Passé composé,nous,avons fendu,17,reviewed,
FR,fendre,Indicatif,Passé composé,vous,avez fendu,17,reviewed,
FR,fendre,Indicatif,Passé composé,ils (elles),ont fendu,17,reviewed,
FR,fendre,Indicatif,Imparfait,je,fendais,17,reviewed,
FR,fendre,Indicatif,Imparfait,tu,fendais,17,reviewed,
FR,fendre,Indicatif,Imparfait,"il (elle, on)",fendait,17,reviewed,
FR,fendre,Indicatif,Imparfait,nous,fendions,17,reviewed,
FR,fendre,Indicatif,Imparfait,vous,fendiez,17,reviewed,
FR,fendre,Indicatif,Imparfait,ils (elles),fendaient,17,reviewed,
FR,fendre,Conditionnel,Conditionnel présent,je,fendrais,17,reviewed,
FR,fendre,Conditionnel,Conditionnel présent,tu,fendrais,17,reviewed,
FR,fendre,Conditionnel,Conditionnel présent,"il (elle, on)",fendrait,17,reviewed,
FR,fendre,Conditionnel,Conditionnel présent,nous,fendrions,17,reviewed,
FR,fendre,Conditionnel,Conditionnel présent,vous,fendriez,17,reviewed,
FR,fendre,Conditionnel,Conditionnel présent,ils (elles),fendraient,17,reviewed,
FR,fendre,Impératif,Impératif,je,-,17,reviewed,French imperative only uses tu / nous / vous; placeholder - used for unsupported slot
FR,fendre,Impératif,Impératif,tu,fends,17,reviewed,
FR,fendre,Impératif,Impératif,"il (elle, on)",-,17,reviewed,French imperative only uses tu / nous / vous; placeholder - used for unsupported slot
FR,fendre,Impératif,Impératif,nous,fendons,17,reviewed,
FR,fendre,Impératif,Impératif,vous,fendez,17,reviewed,
FR,fendre,Impératif,Impératif,ils (elles),-,17,reviewed,French imperative only uses tu / nous / vous; placeholder - used for unsupported slot
FR,fendre,Subjonctif,Subjonctif présent,je,fende,17,reviewed,
FR,fendre,Subjonctif,Subjonctif présent,tu,fendes,17,reviewed,
FR,fendre,Subjonctif,Subjonctif présent,"il (elle, on)",fende,17,reviewed,
FR,fendre,Subjonctif,Subjonctif présent,nous,fendions,17,reviewed,
FR,fendre,Subjonctif,Subjonctif présent,vous,fendiez,17,reviewed,
FR,fendre,Subjonctif,Subjonctif présent,ils (elles),fendent,17,reviewed,
FR,fendre,Indicatif,Passé Simple,je,fendis,17,reviewed,
FR,fendre,Indicatif,Passé Simple,tu,fendis,17,reviewed,
FR,fendre,Indicatif,Passé Simple,"il (elle, on)",fendit,17,reviewed,
FR,fendre,Indicatif,Passé Simple,nous,fendîmes,17,reviewed,
FR,fendre,Indicatif,Passé Simple,vous,fendîtes,17,reviewed,
FR,fendre,Indicatif,Passé Simple,ils (elles),fendirent,17,reviewed,
FR,fendre,Subjonctif,Subjonctif imparfait,je,fendisse,17,reviewed,
FR,fendre,Subjonctif,Subjonctif imparfait,tu,fendisses,17,reviewed,
FR,fendre,Subjonctif,Subjonctif imparfait,"il (elle, on)",fendît,17,reviewed,
FR,fendre,Subjonctif,Subjonctif imparfait,nous,fendissions,17,reviewed,
FR,fendre,Subjonctif,Subjonctif imparfait,vous,fendissiez,17,reviewed,
FR,fendre,Subjonctif,Subjonctif imparfait,ils (elles),fendissent,17,reviewed,
FR,soulager,Indicatif,Présent,je,soulage,17,reviewed,
FR,soulager,Indicatif,Présent,tu,soulages,17,reviewed,
FR,soulager,Indicatif,Présent,"il (elle, on)",soulage,17,reviewed,
FR,soulager,Indicatif,Présent,nous,soulageons,17,reviewed,
FR,soulager,Indicatif,Présent,vous,soulagez,17,reviewed,
FR,soulager,Indicatif,Présent,ils (elles),soulagent,17,reviewed,
FR,soulager,Indicatif,Futur,je,soulagerai,17,reviewed,
FR,soulager,Indicatif,Futur,tu,soulageras,17,reviewed,
FR,soulager,Indicatif,Futur,"il (elle, on)",soulagera,17,reviewed,
FR,soulager,Indicatif,Futur,nous,soulagerons,17,reviewed,
FR,soulager,Indicatif,Futur,vous,soulagerez,17,reviewed,
FR,soulager,Indicatif,Futur,ils (elles),soulageront,17,reviewed,
FR,soulager,Indicatif,Passé composé,je,ai soulagé,17,reviewed,
FR,soulager,Indicatif,Passé composé,tu,as soulagé,17,reviewed,
FR,soulager,Indicatif,Passé composé,"il (elle, on)",a soulagé,17,reviewed,
FR,soulager,Indicatif,Passé composé,nous,avons soulagé,17,reviewed,
FR,soulager,Indicatif,Passé composé,vous,avez soulagé,17,reviewed,
FR,soulager,Indicatif,Passé composé,ils (elles),ont soulagé,17,reviewed,
FR,soulager,Indicatif,Imparfait,je,soulageais,17,reviewed,
FR,soulager,Indicatif,Imparfait,tu,soulageais,17,reviewed,
FR,soulager,Indicatif,Imparfait,"il (elle, on)",soulageait,17,reviewed,
FR,soulager,Indicatif,Imparfait,nous,soulagions,17,reviewed,
FR,soulager,Indicatif,Imparfait,vous,soulagiez,17,reviewed,
FR,soulager,Indicatif,Imparfait,ils (elles),soulageaient,17,reviewed,
FR,soulager,Conditionnel,Conditionnel présent,je,soulagerais,17,reviewed,
FR,soulager,Conditionnel,Conditionnel présent,tu,soulagerais,17,reviewed,
FR,soulager,Conditionnel,Conditionnel présent,"il (elle, on)",soulagerait,17,reviewed,
FR,soulager,Conditionnel,Conditionnel présent,nous,soulagerions,17,reviewed,
FR,soulager,Conditionnel,Conditionnel présent,vous,soulageriez,17,reviewed,
FR,soulager,Conditionnel,Conditionnel présent,ils (elles),soulageraient,17,reviewed,
FR,soulager,Impératif,Impératif,je,-,17,reviewed,French imperative only uses tu / nous / vous; placeholder - used for unsupported slot
FR,soulager,Impératif,Impératif,tu,soulage,17,reviewed,
FR,soulager,Impératif,Impératif,"il (elle, on)",-,17,reviewed,French imperative only uses tu / nous / vous; placeholder - used for unsupported slot
FR,soulager,Impératif,Impératif,nous,soulageons,17,reviewed,
FR,soulager,Impératif,Impératif,vous,soulagez,17,reviewed,
FR,soulager,Impératif,Impératif,ils (elles),-,17,reviewed,French imperative only uses tu / nous / vous; placeholder - used for unsupported slot
FR,soulager,Subjonctif,Subjonctif présent,je,soulage,17,reviewed,
FR,soulager,Subjonctif,Subjonctif présent,tu,soulages,17,reviewed,
FR,soulager,Subjonctif,Subjonctif présent,"il (elle, on)",soulage,17,reviewed,
FR,soulager,Subjonctif,Subjonctif présent,nous,soulagions,17,reviewed,
FR,soulager,Subjonctif,Subjonctif présent,vous,soulagiez,17,reviewed,
FR,soulager,Subjonctif,Subjonctif présent,ils (elles),soulagent,17,reviewed,
FR,soulager,Indicatif,Passé Simple,je,soulageai,17,reviewed,
FR,soulager,Indicatif,Passé Simple,tu,soulageas,17,reviewed,
FR,soulager,Indicatif,Passé Simple,"il (elle, on)",soulagea,17,reviewed,
FR,soulager,Indicatif,Passé Simple,nous,soulageâmes,17,reviewed,
FR,soulager,Indicatif,Passé Simple,vous,soulageâtes,17,reviewed,
FR,soulager,Indicatif,Passé Simple,ils (elles),soulagèrent,17,reviewed,
FR,soulager,Subjonctif,Subjonctif imparfait,je,soulageasse,17,reviewed,
FR,soulager,Subjonctif,Subjonctif imparfait,tu,soulageasses,17,reviewed,
FR,soulager,Subjonctif,Subjonctif imparfait,"il (elle, on)",soulageât,17,reviewed,
FR,soulager,Subjonctif,Subjonctif imparfait,nous,soulageassions,17,reviewed,
FR,soulager,Subjonctif,Subjonctif imparfait,vous,soulageassiez,17,reviewed,
FR,soulager,Subjonctif,Subjonctif imparfait,ils (elles),soulageassent,17,reviewed,
FR,décourager,Indicatif,Présent,je,décourage,17,reviewed,
FR,décourager,Indicatif,Présent,tu,décourages,17,reviewed,
FR,décourager,Indicatif,Présent,"il (elle, on)",décourage,17,reviewed,
FR,décourager,Indicatif,Présent,nous,décourageons,17,reviewed,
FR,décourager,Indicatif,Présent,vous,découragez,17,reviewed,
FR,décourager,Indicatif,Présent,ils (elles),découragent,17,reviewed,
FR,décourager,Indicatif,Futur,je,découragerai,17,reviewed,
FR,décourager,Indicatif,Futur,tu,décourageras,17,reviewed,
FR,décourager,Indicatif,Futur,"il (elle, on)",découragera,17,reviewed,
FR,décourager,Indicatif,Futur,nous,découragerons,17,reviewed,
FR,décourager,Indicatif,Futur,vous,découragerez,17,reviewed,
FR,décourager,Indicatif,Futur,ils (elles),décourageront,17,reviewed,
FR,décourager,Indicatif,Passé composé,je,ai découragé,17,reviewed,
FR,décourager,Indicatif,Passé composé,tu,as découragé,17,reviewed,
FR,décourager,Indicatif,Passé composé,"il (elle, on)",a découragé,17,reviewed,
FR,décourager,Indicatif,Passé composé,nous,avons découragé,17,reviewed,
FR,décourager,Indicatif,Passé composé,vous,avez découragé,17,reviewed,
FR,décourager,Indicatif,Passé composé,ils (elles),ont découragé,17,reviewed,
FR,décourager,Indicatif,Imparfait,je,décourageais,17,reviewed,
FR,décourager,Indicatif,Imparfait,tu,décourageais,17,reviewed,
FR,décourager,Indicatif,Imparfait,"il (elle, on)",décourageait,17,reviewed,
FR,décourager,Indicatif,Imparfait,nous,découragions,17,reviewed,
FR,décourager,Indicatif,Imparfait,vous,découragiez,17,reviewed,
FR,décourager,Indicatif,Imparfait,ils (elles),décourageaient,17,reviewed,
FR,décourager,Conditionnel,Conditionnel présent,je,découragerais,17,reviewed,
FR,décourager,Conditionnel,Conditionnel présent,tu,découragerais,17,reviewed,
FR,décourager,Conditionnel,Conditionnel présent,"il (elle, on)",découragerait,17,reviewed,
FR,décourager,Conditionnel,Conditionnel présent,nous,découragerions,17,reviewed,
FR,décourager,Conditionnel,Conditionnel présent,vous,décourageriez,17,reviewed,
FR,décourager,Conditionnel,Conditionnel présent,ils (elles),décourageraient,17,reviewed,
FR,décourager,Impératif,Impératif,je,-,17,reviewed,French imperative only uses tu / nous / vous; placeholder - used for unsupported slot
FR,décourager,Impératif,Impératif,tu,décourage,17,reviewed,
FR,décourager,Impératif,Impératif,"il (elle, on)",-,17,reviewed,French imperative only uses tu / nous / vous; placeholder - used for unsupported slot
FR,décourager,Impératif,Impératif,nous,décourageons,17,reviewed,
FR,décourager,Impératif,Impératif,vous,découragez,17,reviewed,
FR,décourager,Impératif,Impératif,ils (elles),-,17,reviewed,French imperative only uses tu / nous / vous; placeholder - used for unsupported slot
FR,décourager,Subjonctif,Subjonctif présent,je,décourage,17,reviewed,
FR,décourager,Subjonctif,Subjonctif présent,tu,décourages,17,reviewed,
FR,décourager,Subjonctif,Subjonctif présent,"il (elle, on)",décourage,17,reviewed,
FR,décourager,Subjonctif,Subjonctif présent,nous,découragions,17,reviewed,
FR,décourager,Subjonctif,Subjonctif présent,vous,découragiez,17,reviewed,
FR,décourager,Subjonctif,Subjonctif présent,ils (elles),découragent,17,reviewed,
FR,décourager,Indicatif,Passé Simple,je,décourageai,17,reviewed,
FR,décourager,Indicatif,Passé Simple,tu,décourageas,17,reviewed,
FR,décourager,Indicatif,Passé Simple,"il (elle, on)",découragea,17,reviewed,
FR,décourager,Indicatif,Passé Simple,nous,décourageâmes,17,reviewed,
FR,décourager,Indicatif,Passé Simple,vous,décourageâtes,17,reviewed,
FR,décourager,Indicatif,Passé Simple,ils (elles),découragèrent,17,reviewed,
FR,décourager,Subjonctif,Subjonctif imparfait,je,décourageasse,17,reviewed,
FR,décourager,Subjonctif,Subjonctif imparfait,tu,décourageasses,17,reviewed,
FR,décourager,Subjonctif,Subjonctif imparfait,"il (elle, on)",décourageât,17,reviewed,
FR,décourager,Subjonctif,Subjonctif imparfait,nous,décourageassions,17,reviewed,
FR,décourager,Subjonctif,Subjonctif imparfait,vous,décourageassiez,17,reviewed,
FR,décourager,Subjonctif,Subjonctif imparfait,ils (elles),décourageassent,17,reviewed,
FR,engendrer,Indicatif,Présent,je,engendre,17,reviewed,
FR,engendrer,Indicatif,Présent,tu,engendres,17,reviewed,
FR,engendrer,Indicatif,Présent,"il (elle, on)",engendre,17,reviewed,
FR,engendrer,Indicatif,Présent,nous,engendrons,17,reviewed,
FR,engendrer,Indicatif,Présent,vous,engendrez,17,reviewed,
FR,engendrer,Indicatif,Présent,ils (elles),engendrent,17,reviewed,
FR,engendrer,Indicatif,Futur,je,engendrerai,17,reviewed,
FR,engendrer,Indicatif,Futur,tu,engendreras,17,reviewed,
FR,engendrer,Indicatif,Futur,"il (elle, on)",engendrera,17,reviewed,
FR,engendrer,Indicatif,Futur,nous,engendrerons,17,reviewed,
FR,engendrer,Indicatif,Futur,vous,engendrerez,17,reviewed,
FR,engendrer,Indicatif,Futur,ils (elles),engendreront,17,reviewed,
FR,engendrer,Indicatif,Passé composé,je,ai engendré,17,reviewed,
FR,engendrer,Indicatif,Passé composé,tu,as engendré,17,reviewed,
FR,engendrer,Indicatif,Passé composé,"il (elle, on)",a engendré,17,reviewed,
FR,engendrer,Indicatif,Passé composé,nous,avons engendré,17,reviewed,
FR,engendrer,Indicatif,Passé composé,vous,avez engendré,17,reviewed,
FR,engendrer,Indicatif,Passé composé,ils (elles),ont engendré,17,reviewed,
FR,engendrer,Indicatif,Imparfait,je,engendrais,17,reviewed,
FR,engendrer,Indicatif,Imparfait,tu,engendrais,17,reviewed,
FR,engendrer,Indicatif,Imparfait,"il (elle, on)",engendrait,17,reviewed,
FR,engendrer,Indicatif,Imparfait,nous,engendrions,17,reviewed,
FR,engendrer,Indicatif,Imparfait,vous,engendriez,17,reviewed,
FR,engendrer,Indicatif,Imparfait,ils (elles),engendraient,17,reviewed,
FR,engendrer,Conditionnel,Conditionnel présent,je,engendrerais,17,reviewed,
FR,engendrer,Conditionnel,Conditionnel présent,tu,engendrerais,17,reviewed,
FR,engendrer,Conditionnel,Conditionnel présent,"il (elle, on)",engendrerait,17,reviewed,
FR,engendrer,Conditionnel,Conditionnel présent,nous,engendrerions,17,reviewed,
FR,engendrer,Conditionnel,Conditionnel présent,vous,engendreriez,17,reviewed,
FR,engendrer,Conditionnel,Conditionnel présent,ils (elles),engendreraient,17,reviewed,
FR,engendrer,Impératif,Impératif,je,-,17,reviewed,French imperative only uses tu / nous / vous; placeholder - used for unsupported slot
FR,engendrer,Impératif,Impératif,tu,engendre,17,reviewed,
FR,engendrer,Impératif,Impératif,"il (elle, on)",-,17,reviewed,French imperative only uses tu / nous / vous; placeholder - used for unsupported slot
FR,engendrer,Impératif,Impératif,nous,engendrons,17,reviewed,
FR,engendrer,Impératif,Impératif,vous,engendrez,17,reviewed,
FR,engendrer,Impératif,Impératif,ils (elles),-,17,reviewed,French imperative only uses tu / nous / vous; placeholder - used for unsupported slot
FR,engendrer,Subjonctif,Subjonctif présent,je,engendre,17,reviewed,
FR,engendrer,Subjonctif,Subjonctif présent,tu,engendres,17,reviewed,
FR,engendrer,Subjonctif,Subjonctif présent,"il (elle, on)",engendre,17,reviewed,
FR,engendrer,Subjonctif,Subjonctif présent,nous,engendrions,17,reviewed,
FR,engendrer,Subjonctif,Subjonctif présent,vous,engendriez,17,reviewed,
FR,engendrer,Subjonctif,Subjonctif présent,ils (elles),engendrent,17,reviewed,
FR,engendrer,Indicatif,Passé Simple,je,engendrai,17,reviewed,
FR,engendrer,Indicatif,Passé Simple,tu,engendras,17,reviewed,
FR,engendrer,Indicatif,Passé Simple,"il (elle, on)",engendra,17,reviewed,
FR,engendrer,Indicatif,Passé Simple,nous,engendrâmes,17,reviewed,
FR,engendrer,Indicatif,Passé Simple,vous,engendrâtes,17,reviewed,
FR,engendrer,Indicatif,Passé Simple,ils (elles),engendrèrent,17,reviewed,
FR,engendrer,Subjonctif,Subjonctif imparfait,je,engendrasse,17,reviewed,
FR,engendrer,Subjonctif,Subjonctif imparfait,tu,engendrasses,17,reviewed,
FR,engendrer,Subjonctif,Subjonctif imparfait,"il (elle, on)",engendrât,17,reviewed,
FR,engendrer,Subjonctif,Subjonctif imparfait,nous,engendrassions,17,reviewed,
FR,engendrer,Subjonctif,Subjonctif imparfait,vous,engendrassiez,17,reviewed,
FR,engendrer,Subjonctif,Subjonctif imparfait,ils (elles),engendrassent,17,reviewed,
FR,fêter,Indicatif,Présent,je,fête,17,reviewed,
FR,fêter,Indicatif,Présent,tu,fêtes,17,reviewed,
FR,fêter,Indicatif,Présent,"il (elle, on)",fête,17,reviewed,
FR,fêter,Indicatif,Présent,nous,fêtons,17,reviewed,
FR,fêter,Indicatif,Présent,vous,fêtez,17,reviewed,
FR,fêter,Indicatif,Présent,ils (elles),fêtent,17,reviewed,
FR,fêter,Indicatif,Futur,je,fêterai,17,reviewed,
FR,fêter,Indicatif,Futur,tu,fêteras,17,reviewed,
FR,fêter,Indicatif,Futur,"il (elle, on)",fêtera,17,reviewed,
FR,fêter,Indicatif,Futur,nous,fêterons,17,reviewed,
FR,fêter,Indicatif,Futur,vous,fêterez,17,reviewed,
FR,fêter,Indicatif,Futur,ils (elles),fêteront,17,reviewed,
FR,fêter,Indicatif,Passé composé,je,ai fêté,17,reviewed,
FR,fêter,Indicatif,Passé composé,tu,as fêté,17,reviewed,
FR,fêter,Indicatif,Passé composé,"il (elle, on)",a fêté,17,reviewed,
FR,fêter,Indicatif,Passé composé,nous,avons fêté,17,reviewed,
FR,fêter,Indicatif,Passé composé,vous,avez fêté,17,reviewed,
FR,fêter,Indicatif,Passé composé,ils (elles),ont fêté,17,reviewed,
FR,fêter,Indicatif,Imparfait,je,fêtais,17,reviewed,
FR,fêter,Indicatif,Imparfait,tu,fêtais,17,reviewed,
FR,fêter,Indicatif,Imparfait,"il (elle, on)",fêtait,17,reviewed,
FR,fêter,Indicatif,Imparfait,nous,fêtions,17,reviewed,
FR,fêter,Indicatif,Imparfait,vous,fêtiez,17,reviewed,
FR,fêter,Indicatif,Imparfait,ils (elles),fêtaient,17,reviewed,
FR,fêter,Conditionnel,Conditionnel présent,je,fêterais,17,reviewed,
FR,fêter,Conditionnel,Conditionnel présent,tu,fêterais,17,reviewed,
FR,fêter,Conditionnel,Conditionnel présent,"il (elle, on)",fêterait,17,reviewed,
FR,fêter,Conditionnel,Conditionnel présent,nous,fêterions,17,reviewed,
FR,fêter,Conditionnel,Conditionnel présent,vous,fêteriez,17,reviewed,
FR,fêter,Conditionnel,Conditionnel présent,ils (elles),fêteraient,17,reviewed,
FR,fêter,Impératif,Impératif,je,-,17,reviewed,French imperative only uses tu / nous / vous; placeholder - used for unsupported slot
FR,fêter,Impératif,Impératif,tu,fête,17,reviewed,
FR,fêter,Impératif,Impératif,"il (elle, on)",-,17,reviewed,French imperative only uses tu / nous / vous; placeholder - used for unsupported slot
FR,fêter,Impératif,Impératif,nous,fêtons,17,reviewed,
FR,fêter,Impératif,Impératif,vous,fêtez,17,reviewed,
FR,fêter,Impératif,Impératif,ils (elles),-,17,reviewed,French imperative only uses tu / nous / vous; placeholder - used for unsupported slot
FR,fêter,Subjonctif,Subjonctif présent,je,fête,17,reviewed,
FR,fêter,Subjonctif,Subjonctif présent,tu,fêtes,17,reviewed,
FR,fêter,Subjonctif,Subjonctif présent,"il (elle, on)",fête,17,reviewed,
FR,fêter,Subjonctif,Subjonctif présent,nous,fêtions,17,reviewed,
FR,fêter,Subjonctif,Subjonctif présent,vous,fêtiez,17,reviewed,
FR,fêter,Subjonctif,Subjonctif présent,ils (elles),fêtent,17,reviewed,
FR,fêter,Indicatif,Passé Simple,je,fêtai,17,reviewed,
FR,fêter,Indicatif,Passé Simple,tu,fêtas,17,reviewed,
FR,fêter,Indicatif,Passé Simple,"il (elle, on)",fêta,17,reviewed,
FR,fêter,Indicatif,Passé Simple,nous,fêtâmes,17,reviewed,
FR,fêter,Indicatif,Passé Simple,vous,fêtâtes,17,reviewed,
FR,fêter,Indicatif,Passé Simple,ils (elles),fêtèrent,17,reviewed,
FR,fêter,Subjonctif,Subjonctif imparfait,je,fêtasse,17,reviewed,
FR,fêter,Subjonctif,Subjonctif imparfait,tu,fêtasses,17,reviewed,
FR,fêter,Subjonctif,Subjonctif imparfait,"il (elle, on)",fêtât,17,reviewed,
FR,fêter,Subjonctif,Subjonctif imparfait,nous,fêtassions,17,reviewed,
FR,fêter,Subjonctif,Subjonctif imparfait,vous,fêtassiez,17,reviewed,
FR,fêter,Subjonctif,Subjonctif imparfait,ils (elles),fêtassent,17,reviewed,
FR,renaître,Indicatif,Présent,je,renais,17,reviewed,Larousse omits participe passé and compound tenses; placeholder - used for Passé composé in the current grid; QA recommended
FR,renaître,Indicatif,Présent,tu,renais,17,reviewed,Larousse omits participe passé and compound tenses; placeholder - used for Passé composé in the current grid; QA recommended
FR,renaître,Indicatif,Présent,"il (elle, on)",renaît,17,reviewed,Larousse omits participe passé and compound tenses; placeholder - used for Passé composé in the current grid; QA recommended
FR,renaître,Indicatif,Présent,nous,renaissons,17,reviewed,Larousse omits participe passé and compound tenses; placeholder - used for Passé composé in the current grid; QA recommended
FR,renaître,Indicatif,Présent,vous,renaissez,17,reviewed,Larousse omits participe passé and compound tenses; placeholder - used for Passé composé in the current grid; QA recommended
FR,renaître,Indicatif,Présent,ils (elles),renaissent,17,reviewed,Larousse omits participe passé and compound tenses; placeholder - used for Passé composé in the current grid; QA recommended
FR,renaître,Indicatif,Futur,je,renaîtrai,17,reviewed,Larousse omits participe passé and compound tenses; placeholder - used for Passé composé in the current grid; QA recommended
FR,renaître,Indicatif,Futur,tu,renaîtras,17,reviewed,Larousse omits participe passé and compound tenses; placeholder - used for Passé composé in the current grid; QA recommended
FR,renaître,Indicatif,Futur,"il (elle, on)",renaîtra,17,reviewed,Larousse omits participe passé and compound tenses; placeholder - used for Passé composé in the current grid; QA recommended
FR,renaître,Indicatif,Futur,nous,renaîtrons,17,reviewed,Larousse omits participe passé and compound tenses; placeholder - used for Passé composé in the current grid; QA recommended
FR,renaître,Indicatif,Futur,vous,renaîtrez,17,reviewed,Larousse omits participe passé and compound tenses; placeholder - used for Passé composé in the current grid; QA recommended
FR,renaître,Indicatif,Futur,ils (elles),renaîtront,17,reviewed,Larousse omits participe passé and compound tenses; placeholder - used for Passé composé in the current grid; QA recommended
FR,renaître,Indicatif,Passé composé,je,-,17,reviewed,Larousse omits participe passé and compound tenses; placeholder - used for Passé composé in the current grid; QA recommended
FR,renaître,Indicatif,Passé composé,tu,-,17,reviewed,Larousse omits participe passé and compound tenses; placeholder - used for Passé composé in the current grid; QA recommended
FR,renaître,Indicatif,Passé composé,"il (elle, on)",-,17,reviewed,Larousse omits participe passé and compound tenses; placeholder - used for Passé composé in the current grid; QA recommended
FR,renaître,Indicatif,Passé composé,nous,-,17,reviewed,Larousse omits participe passé and compound tenses; placeholder - used for Passé composé in the current grid; QA recommended
FR,renaître,Indicatif,Passé composé,vous,-,17,reviewed,Larousse omits participe passé and compound tenses; placeholder - used for Passé composé in the current grid; QA recommended
FR,renaître,Indicatif,Passé composé,ils (elles),-,17,reviewed,Larousse omits participe passé and compound tenses; placeholder - used for Passé composé in the current grid; QA recommended
FR,renaître,Indicatif,Imparfait,je,renaissais,17,reviewed,Larousse omits participe passé and compound tenses; placeholder - used for Passé composé in the current grid; QA recommended
FR,renaître,Indicatif,Imparfait,tu,renaissais,17,reviewed,Larousse omits participe passé and compound tenses; placeholder - used for Passé composé in the current grid; QA recommended
FR,renaître,Indicatif,Imparfait,"il (elle, on)",renaissait,17,reviewed,Larousse omits participe passé and compound tenses; placeholder - used for Passé composé in the current grid; QA recommended
FR,renaître,Indicatif,Imparfait,nous,renaissions,17,reviewed,Larousse omits participe passé and compound tenses; placeholder - used for Passé composé in the current grid; QA recommended
FR,renaître,Indicatif,Imparfait,vous,renaissiez,17,reviewed,Larousse omits participe passé and compound tenses; placeholder - used for Passé composé in the current grid; QA recommended
FR,renaître,Indicatif,Imparfait,ils (elles),renaissaient,17,reviewed,Larousse omits participe passé and compound tenses; placeholder - used for Passé composé in the current grid; QA recommended
FR,renaître,Conditionnel,Conditionnel présent,je,renaîtrais,17,reviewed,Larousse omits participe passé and compound tenses; placeholder - used for Passé composé in the current grid; QA recommended
FR,renaître,Conditionnel,Conditionnel présent,tu,renaîtrais,17,reviewed,Larousse omits participe passé and compound tenses; placeholder - used for Passé composé in the current grid; QA recommended
FR,renaître,Conditionnel,Conditionnel présent,"il (elle, on)",renaîtrait,17,reviewed,Larousse omits participe passé and compound tenses; placeholder - used for Passé composé in the current grid; QA recommended
FR,renaître,Conditionnel,Conditionnel présent,nous,renaîtrions,17,reviewed,Larousse omits participe passé and compound tenses; placeholder - used for Passé composé in the current grid; QA recommended
FR,renaître,Conditionnel,Conditionnel présent,vous,renaîtriez,17,reviewed,Larousse omits participe passé and compound tenses; placeholder - used for Passé composé in the current grid; QA recommended
FR,renaître,Conditionnel,Conditionnel présent,ils (elles),renaîtraient,17,reviewed,Larousse omits participe passé and compound tenses; placeholder - used for Passé composé in the current grid; QA recommended
FR,renaître,Impératif,Impératif,je,-,17,reviewed,Larousse omits participe passé and compound tenses; placeholder - used for Passé composé in the current grid; QA recommended; French imperative only uses tu / nous / vous; placeholder - used for unsupported slot
FR,renaître,Impératif,Impératif,tu,renais,17,reviewed,Larousse omits participe passé and compound tenses; placeholder - used for Passé composé in the current grid; QA recommended
FR,renaître,Impératif,Impératif,"il (elle, on)",-,17,reviewed,Larousse omits participe passé and compound tenses; placeholder - used for Passé composé in the current grid; QA recommended; French imperative only uses tu / nous / vous; placeholder - used for unsupported slot
FR,renaître,Impératif,Impératif,nous,renaissons,17,reviewed,Larousse omits participe passé and compound tenses; placeholder - used for Passé composé in the current grid; QA recommended
FR,renaître,Impératif,Impératif,vous,renaissez,17,reviewed,Larousse omits participe passé and compound tenses; placeholder - used for Passé composé in the current grid; QA recommended
FR,renaître,Impératif,Impératif,ils (elles),-,17,reviewed,Larousse omits participe passé and compound tenses; placeholder - used for Passé composé in the current grid; QA recommended; French imperative only uses tu / nous / vous; placeholder - used for unsupported slot
FR,renaître,Subjonctif,Subjonctif présent,je,renaisse,17,reviewed,Larousse omits participe passé and compound tenses; placeholder - used for Passé composé in the current grid; QA recommended
FR,renaître,Subjonctif,Subjonctif présent,tu,renaisses,17,reviewed,Larousse omits participe passé and compound tenses; placeholder - used for Passé composé in the current grid; QA recommended
FR,renaître,Subjonctif,Subjonctif présent,"il (elle, on)",renaisse,17,reviewed,Larousse omits participe passé and compound tenses; placeholder - used for Passé composé in the current grid; QA recommended
FR,renaître,Subjonctif,Subjonctif présent,nous,renaissions,17,reviewed,Larousse omits participe passé and compound tenses; placeholder - used for Passé composé in the current grid; QA recommended
FR,renaître,Subjonctif,Subjonctif présent,vous,renaissiez,17,reviewed,Larousse omits participe passé and compound tenses; placeholder - used for Passé composé in the current grid; QA recommended
FR,renaître,Subjonctif,Subjonctif présent,ils (elles),renaissent,17,reviewed,Larousse omits participe passé and compound tenses; placeholder - used for Passé composé in the current grid; QA recommended
FR,renaître,Indicatif,Passé Simple,je,renaquis,17,reviewed,Larousse omits participe passé and compound tenses; placeholder - used for Passé composé in the current grid; QA recommended
FR,renaître,Indicatif,Passé Simple,tu,renaquis,17,reviewed,Larousse omits participe passé and compound tenses; placeholder - used for Passé composé in the current grid; QA recommended
FR,renaître,Indicatif,Passé Simple,"il (elle, on)",renaquit,17,reviewed,Larousse omits participe passé and compound tenses; placeholder - used for Passé composé in the current grid; QA recommended
FR,renaître,Indicatif,Passé Simple,nous,renaquîmes,17,reviewed,Larousse omits participe passé and compound tenses; placeholder - used for Passé composé in the current grid; QA recommended
FR,renaître,Indicatif,Passé Simple,vous,renaquîtes,17,reviewed,Larousse omits participe passé and compound tenses; placeholder - used for Passé composé in the current grid; QA recommended
FR,renaître,Indicatif,Passé Simple,ils (elles),renaquirent,17,reviewed,Larousse omits participe passé and compound tenses; placeholder - used for Passé composé in the current grid; QA recommended
FR,renaître,Subjonctif,Subjonctif imparfait,je,renaquisse,17,reviewed,Larousse omits participe passé and compound tenses; placeholder - used for Passé composé in the current grid; QA recommended
FR,renaître,Subjonctif,Subjonctif imparfait,tu,renaquisses,17,reviewed,Larousse omits participe passé and compound tenses; placeholder - used for Passé composé in the current grid; QA recommended
FR,renaître,Subjonctif,Subjonctif imparfait,"il (elle, on)",renaquît,17,reviewed,Larousse omits participe passé and compound tenses; placeholder - used for Passé composé in the current grid; QA recommended
FR,renaître,Subjonctif,Subjonctif imparfait,nous,renaquissions,17,reviewed,Larousse omits participe passé and compound tenses; placeholder - used for Passé composé in the current grid; QA recommended
FR,renaître,Subjonctif,Subjonctif imparfait,vous,renaquissiez,17,reviewed,Larousse omits participe passé and compound tenses; placeholder - used for Passé composé in the current grid; QA recommended
FR,renaître,Subjonctif,Subjonctif imparfait,ils (elles),renaquissent,17,reviewed,Larousse omits participe passé and compound tenses; placeholder - used for Passé composé in the current grid; QA recommended
FR,affranchir,Indicatif,Présent,je,affranchis,17,reviewed,
FR,affranchir,Indicatif,Présent,tu,affranchis,17,reviewed,
FR,affranchir,Indicatif,Présent,"il (elle, on)",affranchit,17,reviewed,
FR,affranchir,Indicatif,Présent,nous,affranchissons,17,reviewed,
FR,affranchir,Indicatif,Présent,vous,affranchissez,17,reviewed,
FR,affranchir,Indicatif,Présent,ils (elles),affranchissent,17,reviewed,
FR,affranchir,Indicatif,Futur,je,affranchirai,17,reviewed,
FR,affranchir,Indicatif,Futur,tu,affranchiras,17,reviewed,
FR,affranchir,Indicatif,Futur,"il (elle, on)",affranchira,17,reviewed,
FR,affranchir,Indicatif,Futur,nous,affranchirons,17,reviewed,
FR,affranchir,Indicatif,Futur,vous,affranchirez,17,reviewed,
FR,affranchir,Indicatif,Futur,ils (elles),affranchiront,17,reviewed,
FR,affranchir,Indicatif,Passé composé,je,ai affranchi,17,reviewed,
FR,affranchir,Indicatif,Passé composé,tu,as affranchi,17,reviewed,
FR,affranchir,Indicatif,Passé composé,"il (elle, on)",a affranchi,17,reviewed,
FR,affranchir,Indicatif,Passé composé,nous,avons affranchi,17,reviewed,
FR,affranchir,Indicatif,Passé composé,vous,avez affranchi,17,reviewed,
FR,affranchir,Indicatif,Passé composé,ils (elles),ont affranchi,17,reviewed,
FR,affranchir,Indicatif,Imparfait,je,affranchissais,17,reviewed,
FR,affranchir,Indicatif,Imparfait,tu,affranchissais,17,reviewed,
FR,affranchir,Indicatif,Imparfait,"il (elle, on)",affranchissait,17,reviewed,
FR,affranchir,Indicatif,Imparfait,nous,affranchissions,17,reviewed,
FR,affranchir,Indicatif,Imparfait,vous,affranchissiez,17,reviewed,
FR,affranchir,Indicatif,Imparfait,ils (elles),affranchissaient,17,reviewed,
FR,affranchir,Conditionnel,Conditionnel présent,je,affranchirais,17,reviewed,
FR,affranchir,Conditionnel,Conditionnel présent,tu,affranchirais,17,reviewed,
FR,affranchir,Conditionnel,Conditionnel présent,"il (elle, on)",affranchirait,17,reviewed,
FR,affranchir,Conditionnel,Conditionnel présent,nous,affranchirions,17,reviewed,
FR,affranchir,Conditionnel,Conditionnel présent,vous,affranchiriez,17,reviewed,
FR,affranchir,Conditionnel,Conditionnel présent,ils (elles),affranchiraient,17,reviewed,
FR,affranchir,Impératif,Impératif,je,-,17,reviewed,French imperative only uses tu / nous / vous; placeholder - used for unsupported slot
FR,affranchir,Impératif,Impératif,tu,affranchis,17,reviewed,
FR,affranchir,Impératif,Impératif,"il (elle, on)",-,17,reviewed,French imperative only uses tu / nous / vous; placeholder - used for unsupported slot
FR,affranchir,Impératif,Impératif,nous,affranchissons,17,reviewed,
FR,affranchir,Impératif,Impératif,vous,affranchissez,17,reviewed,
FR,affranchir,Impératif,Impératif,ils (elles),-,17,reviewed,French imperative only uses tu / nous / vous; placeholder - used for unsupported slot
FR,affranchir,Subjonctif,Subjonctif présent,je,affranchisse,17,reviewed,
FR,affranchir,Subjonctif,Subjonctif présent,tu,affranchisses,17,reviewed,
FR,affranchir,Subjonctif,Subjonctif présent,"il (elle, on)",affranchisse,17,reviewed,
FR,affranchir,Subjonctif,Subjonctif présent,nous,affranchissions,17,reviewed,
FR,affranchir,Subjonctif,Subjonctif présent,vous,affranchissiez,17,reviewed,
FR,affranchir,Subjonctif,Subjonctif présent,ils (elles),affranchissent,17,reviewed,
FR,affranchir,Indicatif,Passé Simple,je,affranchis,17,reviewed,
FR,affranchir,Indicatif,Passé Simple,tu,affranchis,17,reviewed,
FR,affranchir,Indicatif,Passé Simple,"il (elle, on)",affranchit,17,reviewed,
FR,affranchir,Indicatif,Passé Simple,nous,affranchîmes,17,reviewed,
FR,affranchir,Indicatif,Passé Simple,vous,affranchîtes,17,reviewed,
FR,affranchir,Indicatif,Passé Simple,ils (elles),affranchirent,17,reviewed,
FR,affranchir,Subjonctif,Subjonctif imparfait,je,affranchisse,17,reviewed,
FR,affranchir,Subjonctif,Subjonctif imparfait,tu,affranchisses,17,reviewed,
FR,affranchir,Subjonctif,Subjonctif imparfait,"il (elle, on)",affranchît,17,reviewed,
FR,affranchir,Subjonctif,Subjonctif imparfait,nous,affranchissions,17,reviewed,
FR,affranchir,Subjonctif,Subjonctif imparfait,vous,affranchissiez,17,reviewed,
FR,affranchir,Subjonctif,Subjonctif imparfait,ils (elles),affranchissent,17,reviewed,
FR,freiner,Indicatif,Présent,je,freine,17,reviewed,
FR,freiner,Indicatif,Présent,tu,freines,17,reviewed,
FR,freiner,Indicatif,Présent,"il (elle, on)",freine,17,reviewed,
FR,freiner,Indicatif,Présent,nous,freinons,17,reviewed,
FR,freiner,Indicatif,Présent,vous,freinez,17,reviewed,
FR,freiner,Indicatif,Présent,ils (elles),freinent,17,reviewed,
FR,freiner,Indicatif,Futur,je,freinerai,17,reviewed,
FR,freiner,Indicatif,Futur,tu,freineras,17,reviewed,
FR,freiner,Indicatif,Futur,"il (elle, on)",freinera,17,reviewed,
FR,freiner,Indicatif,Futur,nous,freinerons,17,reviewed,
FR,freiner,Indicatif,Futur,vous,freinerez,17,reviewed,
FR,freiner,Indicatif,Futur,ils (elles),freineront,17,reviewed,
FR,freiner,Indicatif,Passé composé,je,ai freiné,17,reviewed,
FR,freiner,Indicatif,Passé composé,tu,as freiné,17,reviewed,
FR,freiner,Indicatif,Passé composé,"il (elle, on)",a freiné,17,reviewed,
FR,freiner,Indicatif,Passé composé,nous,avons freiné,17,reviewed,
FR,freiner,Indicatif,Passé composé,vous,avez freiné,17,reviewed,
FR,freiner,Indicatif,Passé composé,ils (elles),ont freiné,17,reviewed,
FR,freiner,Indicatif,Imparfait,je,freinais,17,reviewed,
FR,freiner,Indicatif,Imparfait,tu,freinais,17,reviewed,
FR,freiner,Indicatif,Imparfait,"il (elle, on)",freinait,17,reviewed,
FR,freiner,Indicatif,Imparfait,nous,freinions,17,reviewed,
FR,freiner,Indicatif,Imparfait,vous,freiniez,17,reviewed,
FR,freiner,Indicatif,Imparfait,ils (elles),freinaient,17,reviewed,
FR,freiner,Conditionnel,Conditionnel présent,je,freinerais,17,reviewed,
FR,freiner,Conditionnel,Conditionnel présent,tu,freinerais,17,reviewed,
FR,freiner,Conditionnel,Conditionnel présent,"il (elle, on)",freinerait,17,reviewed,
FR,freiner,Conditionnel,Conditionnel présent,nous,freinerions,17,reviewed,
FR,freiner,Conditionnel,Conditionnel présent,vous,freineriez,17,reviewed,
FR,freiner,Conditionnel,Conditionnel présent,ils (elles),freineraient,17,reviewed,
FR,freiner,Impératif,Impératif,je,-,17,reviewed,French imperative only uses tu / nous / vous; placeholder - used for unsupported slot
FR,freiner,Impératif,Impératif,tu,freine,17,reviewed,
FR,freiner,Impératif,Impératif,"il (elle, on)",-,17,reviewed,French imperative only uses tu / nous / vous; placeholder - used for unsupported slot
FR,freiner,Impératif,Impératif,nous,freinons,17,reviewed,
FR,freiner,Impératif,Impératif,vous,freinez,17,reviewed,
FR,freiner,Impératif,Impératif,ils (elles),-,17,reviewed,French imperative only uses tu / nous / vous; placeholder - used for unsupported slot
FR,freiner,Subjonctif,Subjonctif présent,je,freine,17,reviewed,
FR,freiner,Subjonctif,Subjonctif présent,tu,freines,17,reviewed,
FR,freiner,Subjonctif,Subjonctif présent,"il (elle, on)",freine,17,reviewed,
FR,freiner,Subjonctif,Subjonctif présent,nous,freinions,17,reviewed,
FR,freiner,Subjonctif,Subjonctif présent,vous,freiniez,17,reviewed,
FR,freiner,Subjonctif,Subjonctif présent,ils (elles),freinent,17,reviewed,
FR,freiner,Indicatif,Passé Simple,je,freinai,17,reviewed,
FR,freiner,Indicatif,Passé Simple,tu,freinas,17,reviewed,
FR,freiner,Indicatif,Passé Simple,"il (elle, on)",freina,17,reviewed,
FR,freiner,Indicatif,Passé Simple,nous,freinâmes,17,reviewed,
FR,freiner,Indicatif,Passé Simple,vous,freinâtes,17,reviewed,
FR,freiner,Indicatif,Passé Simple,ils (elles),freinèrent,17,reviewed,
FR,freiner,Subjonctif,Subjonctif imparfait,je,freinasse,17,reviewed,
FR,freiner,Subjonctif,Subjonctif imparfait,tu,freinasses,17,reviewed,
FR,freiner,Subjonctif,Subjonctif imparfait,"il (elle, on)",freinât,17,reviewed,
FR,freiner,Subjonctif,Subjonctif imparfait,nous,freinassions,17,reviewed,
FR,freiner,Subjonctif,Subjonctif imparfait,vous,freinassiez,17,reviewed,
FR,freiner,Subjonctif,Subjonctif imparfait,ils (elles),freinassent,17,reviewed,
FR,racheter,Indicatif,Présent,je,rachète,17,reviewed,
FR,racheter,Indicatif,Présent,tu,rachètes,17,reviewed,
FR,racheter,Indicatif,Présent,"il (elle, on)",rachète,17,reviewed,
FR,racheter,Indicatif,Présent,nous,rachetons,17,reviewed,
FR,racheter,Indicatif,Présent,vous,rachetez,17,reviewed,
FR,racheter,Indicatif,Présent,ils (elles),rachètent,17,reviewed,
FR,racheter,Indicatif,Futur,je,rachèterai,17,reviewed,
FR,racheter,Indicatif,Futur,tu,rachèteras,17,reviewed,
FR,racheter,Indicatif,Futur,"il (elle, on)",rachètera,17,reviewed,
FR,racheter,Indicatif,Futur,nous,rachèterons,17,reviewed,
FR,racheter,Indicatif,Futur,vous,rachèterez,17,reviewed,
FR,racheter,Indicatif,Futur,ils (elles),rachèteront,17,reviewed,
FR,racheter,Indicatif,Passé composé,je,ai racheté,17,reviewed,
FR,racheter,Indicatif,Passé composé,tu,as racheté,17,reviewed,
FR,racheter,Indicatif,Passé composé,"il (elle, on)",a racheté,17,reviewed,
FR,racheter,Indicatif,Passé composé,nous,avons racheté,17,reviewed,
FR,racheter,Indicatif,Passé composé,vous,avez racheté,17,reviewed,
FR,racheter,Indicatif,Passé composé,ils (elles),ont racheté,17,reviewed,
FR,racheter,Indicatif,Imparfait,je,rachetais,17,reviewed,
FR,racheter,Indicatif,Imparfait,tu,rachetais,17,reviewed,
FR,racheter,Indicatif,Imparfait,"il (elle, on)",rachetait,17,reviewed,
FR,racheter,Indicatif,Imparfait,nous,rachetions,17,reviewed,
FR,racheter,Indicatif,Imparfait,vous,rachetiez,17,reviewed,
FR,racheter,Indicatif,Imparfait,ils (elles),rachetaient,17,reviewed,
FR,racheter,Conditionnel,Conditionnel présent,je,rachèterais,17,reviewed,
FR,racheter,Conditionnel,Conditionnel présent,tu,rachèterais,17,reviewed,
FR,racheter,Conditionnel,Conditionnel présent,"il (elle, on)",rachèterait,17,reviewed,
FR,racheter,Conditionnel,Conditionnel présent,nous,rachèterions,17,reviewed,
FR,racheter,Conditionnel,Conditionnel présent,vous,rachèteriez,17,reviewed,
FR,racheter,Conditionnel,Conditionnel présent,ils (elles),rachèteraient,17,reviewed,
FR,racheter,Impératif,Impératif,je,-,17,reviewed,French imperative only uses tu / nous / vous; placeholder - used for unsupported slot
FR,racheter,Impératif,Impératif,tu,rachète,17,reviewed,
FR,racheter,Impératif,Impératif,"il (elle, on)",-,17,reviewed,French imperative only uses tu / nous / vous; placeholder - used for unsupported slot
FR,racheter,Impératif,Impératif,nous,rachetons,17,reviewed,
FR,racheter,Impératif,Impératif,vous,rachetez,17,reviewed,
FR,racheter,Impératif,Impératif,ils (elles),-,17,reviewed,French imperative only uses tu / nous / vous; placeholder - used for unsupported slot
FR,racheter,Subjonctif,Subjonctif présent,je,rachète,17,reviewed,
FR,racheter,Subjonctif,Subjonctif présent,tu,rachètes,17,reviewed,
FR,racheter,Subjonctif,Subjonctif présent,"il (elle, on)",rachète,17,reviewed,
FR,racheter,Subjonctif,Subjonctif présent,nous,rachetions,17,reviewed,
FR,racheter,Subjonctif,Subjonctif présent,vous,rachetiez,17,reviewed,
FR,racheter,Subjonctif,Subjonctif présent,ils (elles),rachètent,17,reviewed,
FR,racheter,Indicatif,Passé Simple,je,rachetai,17,reviewed,
FR,racheter,Indicatif,Passé Simple,tu,rachetas,17,reviewed,
FR,racheter,Indicatif,Passé Simple,"il (elle, on)",racheta,17,reviewed,
FR,racheter,Indicatif,Passé Simple,nous,rachetâmes,17,reviewed,
FR,racheter,Indicatif,Passé Simple,vous,rachetâtes,17,reviewed,
FR,racheter,Indicatif,Passé Simple,ils (elles),rachetèrent,17,reviewed,
FR,racheter,Subjonctif,Subjonctif imparfait,je,rachetasse,17,reviewed,
FR,racheter,Subjonctif,Subjonctif imparfait,tu,rachetasses,17,reviewed,
FR,racheter,Subjonctif,Subjonctif imparfait,"il (elle, on)",rachetât,17,reviewed,
FR,racheter,Subjonctif,Subjonctif imparfait,nous,rachetassions,17,reviewed,
FR,racheter,Subjonctif,Subjonctif imparfait,vous,rachetassiez,17,reviewed,
FR,racheter,Subjonctif,Subjonctif imparfait,ils (elles),rachetassent,17,reviewed,
FR,initier,Indicatif,Présent,je,initie,17,reviewed,
FR,initier,Indicatif,Présent,tu,inities,17,reviewed,
FR,initier,Indicatif,Présent,"il (elle, on)",initie,17,reviewed,
FR,initier,Indicatif,Présent,nous,initions,17,reviewed,
FR,initier,Indicatif,Présent,vous,initiez,17,reviewed,
FR,initier,Indicatif,Présent,ils (elles),initient,17,reviewed,
FR,initier,Indicatif,Futur,je,initierai,17,reviewed,
FR,initier,Indicatif,Futur,tu,initieras,17,reviewed,
FR,initier,Indicatif,Futur,"il (elle, on)",initiera,17,reviewed,
FR,initier,Indicatif,Futur,nous,initierons,17,reviewed,
FR,initier,Indicatif,Futur,vous,initierez,17,reviewed,
FR,initier,Indicatif,Futur,ils (elles),initieront,17,reviewed,
FR,initier,Indicatif,Passé composé,je,ai initié,17,reviewed,
FR,initier,Indicatif,Passé composé,tu,as initié,17,reviewed,
FR,initier,Indicatif,Passé composé,"il (elle, on)",a initié,17,reviewed,
FR,initier,Indicatif,Passé composé,nous,avons initié,17,reviewed,
FR,initier,Indicatif,Passé composé,vous,avez initié,17,reviewed,
FR,initier,Indicatif,Passé composé,ils (elles),ont initié,17,reviewed,
FR,initier,Indicatif,Imparfait,je,initiais,17,reviewed,
FR,initier,Indicatif,Imparfait,tu,initiais,17,reviewed,
FR,initier,Indicatif,Imparfait,"il (elle, on)",initiait,17,reviewed,
FR,initier,Indicatif,Imparfait,nous,initiions,17,reviewed,
FR,initier,Indicatif,Imparfait,vous,initiiez,17,reviewed,
FR,initier,Indicatif,Imparfait,ils (elles),initiaient,17,reviewed,
FR,initier,Conditionnel,Conditionnel présent,je,initierais,17,reviewed,
FR,initier,Conditionnel,Conditionnel présent,tu,initierais,17,reviewed,
FR,initier,Conditionnel,Conditionnel présent,"il (elle, on)",initierait,17,reviewed,
FR,initier,Conditionnel,Conditionnel présent,nous,initierions,17,reviewed,
FR,initier,Conditionnel,Conditionnel présent,vous,initieriez,17,reviewed,
FR,initier,Conditionnel,Conditionnel présent,ils (elles),initieraient,17,reviewed,
FR,initier,Impératif,Impératif,je,-,17,reviewed,French imperative only uses tu / nous / vous; placeholder - used for unsupported slot
FR,initier,Impératif,Impératif,tu,initie,17,reviewed,
FR,initier,Impératif,Impératif,"il (elle, on)",-,17,reviewed,French imperative only uses tu / nous / vous; placeholder - used for unsupported slot
FR,initier,Impératif,Impératif,nous,initions,17,reviewed,
FR,initier,Impératif,Impératif,vous,initiez,17,reviewed,
FR,initier,Impératif,Impératif,ils (elles),-,17,reviewed,French imperative only uses tu / nous / vous; placeholder - used for unsupported slot
FR,initier,Subjonctif,Subjonctif présent,je,initie,17,reviewed,
FR,initier,Subjonctif,Subjonctif présent,tu,inities,17,reviewed,
FR,initier,Subjonctif,Subjonctif présent,"il (elle, on)",initie,17,reviewed,
FR,initier,Subjonctif,Subjonctif présent,nous,initiions,17,reviewed,
FR,initier,Subjonctif,Subjonctif présent,vous,initiiez,17,reviewed,
FR,initier,Subjonctif,Subjonctif présent,ils (elles),initient,17,reviewed,
FR,initier,Indicatif,Passé Simple,je,initiai,17,reviewed,
FR,initier,Indicatif,Passé Simple,tu,initias,17,reviewed,
FR,initier,Indicatif,Passé Simple,"il (elle, on)",initia,17,reviewed,
FR,initier,Indicatif,Passé Simple,nous,initiâmes,17,reviewed,
FR,initier,Indicatif,Passé Simple,vous,initiâtes,17,reviewed,
FR,initier,Indicatif,Passé Simple,ils (elles),initièrent,17,reviewed,
FR,initier,Subjonctif,Subjonctif imparfait,je,initiasse,17,reviewed,
FR,initier,Subjonctif,Subjonctif imparfait,tu,initiasses,17,reviewed,
FR,initier,Subjonctif,Subjonctif imparfait,"il (elle, on)",initiât,17,reviewed,
FR,initier,Subjonctif,Subjonctif imparfait,nous,initiassions,17,reviewed,
FR,initier,Subjonctif,Subjonctif imparfait,vous,initiassiez,17,reviewed,
FR,initier,Subjonctif,Subjonctif imparfait,ils (elles),initiassent,17,reviewed,
FR,dater,Indicatif,Présent,je,date,17,reviewed,
FR,dater,Indicatif,Présent,tu,dates,17,reviewed,
FR,dater,Indicatif,Présent,"il (elle, on)",date,17,reviewed,
FR,dater,Indicatif,Présent,nous,datons,17,reviewed,
FR,dater,Indicatif,Présent,vous,datez,17,reviewed,
FR,dater,Indicatif,Présent,ils (elles),datent,17,reviewed,
FR,dater,Indicatif,Futur,je,daterai,17,reviewed,
FR,dater,Indicatif,Futur,tu,dateras,17,reviewed,
FR,dater,Indicatif,Futur,"il (elle, on)",datera,17,reviewed,
FR,dater,Indicatif,Futur,nous,daterons,17,reviewed,
FR,dater,Indicatif,Futur,vous,daterez,17,reviewed,
FR,dater,Indicatif,Futur,ils (elles),dateront,17,reviewed,
FR,dater,Indicatif,Passé composé,je,ai daté,17,reviewed,
FR,dater,Indicatif,Passé composé,tu,as daté,17,reviewed,
FR,dater,Indicatif,Passé composé,"il (elle, on)",a daté,17,reviewed,
FR,dater,Indicatif,Passé composé,nous,avons daté,17,reviewed,
FR,dater,Indicatif,Passé composé,vous,avez daté,17,reviewed,
FR,dater,Indicatif,Passé composé,ils (elles),ont daté,17,reviewed,
FR,dater,Indicatif,Imparfait,je,datais,17,reviewed,
FR,dater,Indicatif,Imparfait,tu,datais,17,reviewed,
FR,dater,Indicatif,Imparfait,"il (elle, on)",datait,17,reviewed,
FR,dater,Indicatif,Imparfait,nous,dations,17,reviewed,
FR,dater,Indicatif,Imparfait,vous,datiez,17,reviewed,
FR,dater,Indicatif,Imparfait,ils (elles),dataient,17,reviewed,
FR,dater,Conditionnel,Conditionnel présent,je,daterais,17,reviewed,
FR,dater,Conditionnel,Conditionnel présent,tu,daterais,17,reviewed,
FR,dater,Conditionnel,Conditionnel présent,"il (elle, on)",daterait,17,reviewed,
FR,dater,Conditionnel,Conditionnel présent,nous,daterions,17,reviewed,
FR,dater,Conditionnel,Conditionnel présent,vous,dateriez,17,reviewed,
FR,dater,Conditionnel,Conditionnel présent,ils (elles),dateraient,17,reviewed,
FR,dater,Impératif,Impératif,je,-,17,reviewed,French imperative only uses tu / nous / vous; placeholder - used for unsupported slot
FR,dater,Impératif,Impératif,tu,date,17,reviewed,
FR,dater,Impératif,Impératif,"il (elle, on)",-,17,reviewed,French imperative only uses tu / nous / vous; placeholder - used for unsupported slot
FR,dater,Impératif,Impératif,nous,datons,17,reviewed,
FR,dater,Impératif,Impératif,vous,datez,17,reviewed,
FR,dater,Impératif,Impératif,ils (elles),-,17,reviewed,French imperative only uses tu / nous / vous; placeholder - used for unsupported slot
FR,dater,Subjonctif,Subjonctif présent,je,date,17,reviewed,
FR,dater,Subjonctif,Subjonctif présent,tu,dates,17,reviewed,
FR,dater,Subjonctif,Subjonctif présent,"il (elle, on)",date,17,reviewed,
FR,dater,Subjonctif,Subjonctif présent,nous,dations,17,reviewed,
FR,dater,Subjonctif,Subjonctif présent,vous,datiez,17,reviewed,
FR,dater,Subjonctif,Subjonctif présent,ils (elles),datent,17,reviewed,
FR,dater,Indicatif,Passé Simple,je,datai,17,reviewed,
FR,dater,Indicatif,Passé Simple,tu,datas,17,reviewed,
FR,dater,Indicatif,Passé Simple,"il (elle, on)",data,17,reviewed,
FR,dater,Indicatif,Passé Simple,nous,datâmes,17,reviewed,
FR,dater,Indicatif,Passé Simple,vous,datâtes,17,reviewed,
FR,dater,Indicatif,Passé Simple,ils (elles),datèrent,17,reviewed,
FR,dater,Subjonctif,Subjonctif imparfait,je,datasse,17,reviewed,
FR,dater,Subjonctif,Subjonctif imparfait,tu,datasses,17,reviewed,
FR,dater,Subjonctif,Subjonctif imparfait,"il (elle, on)",datât,17,reviewed,
FR,dater,Subjonctif,Subjonctif imparfait,nous,datassions,17,reviewed,
FR,dater,Subjonctif,Subjonctif imparfait,vous,datassiez,17,reviewed,
FR,dater,Subjonctif,Subjonctif imparfait,ils (elles),datassent,17,reviewed,
FR,raser,Indicatif,Présent,je,rase,17,reviewed,
FR,raser,Indicatif,Présent,tu,rases,17,reviewed,
FR,raser,Indicatif,Présent,"il (elle, on)",rase,17,reviewed,
FR,raser,Indicatif,Présent,nous,rasons,17,reviewed,
FR,raser,Indicatif,Présent,vous,rasez,17,reviewed,
FR,raser,Indicatif,Présent,ils (elles),rasent,17,reviewed,
FR,raser,Indicatif,Futur,je,raserai,17,reviewed,
FR,raser,Indicatif,Futur,tu,raseras,17,reviewed,
FR,raser,Indicatif,Futur,"il (elle, on)",rasera,17,reviewed,
FR,raser,Indicatif,Futur,nous,raserons,17,reviewed,
FR,raser,Indicatif,Futur,vous,raserez,17,reviewed,
FR,raser,Indicatif,Futur,ils (elles),raseront,17,reviewed,
FR,raser,Indicatif,Passé composé,je,ai rasé,17,reviewed,
FR,raser,Indicatif,Passé composé,tu,as rasé,17,reviewed,
FR,raser,Indicatif,Passé composé,"il (elle, on)",a rasé,17,reviewed,
FR,raser,Indicatif,Passé composé,nous,avons rasé,17,reviewed,
FR,raser,Indicatif,Passé composé,vous,avez rasé,17,reviewed,
FR,raser,Indicatif,Passé composé,ils (elles),ont rasé,17,reviewed,
FR,raser,Indicatif,Imparfait,je,rasais,17,reviewed,
FR,raser,Indicatif,Imparfait,tu,rasais,17,reviewed,
FR,raser,Indicatif,Imparfait,"il (elle, on)",rasait,17,reviewed,
FR,raser,Indicatif,Imparfait,nous,rasions,17,reviewed,
FR,raser,Indicatif,Imparfait,vous,rasiez,17,reviewed,
FR,raser,Indicatif,Imparfait,ils (elles),rasaient,17,reviewed,
FR,raser,Conditionnel,Conditionnel présent,je,raserais,17,reviewed,
FR,raser,Conditionnel,Conditionnel présent,tu,raserais,17,reviewed,
FR,raser,Conditionnel,Conditionnel présent,"il (elle, on)",raserait,17,reviewed,
FR,raser,Conditionnel,Conditionnel présent,nous,raserions,17,reviewed,
FR,raser,Conditionnel,Conditionnel présent,vous,raseriez,17,reviewed,
FR,raser,Conditionnel,Conditionnel présent,ils (elles),raseraient,17,reviewed,
FR,raser,Impératif,Impératif,je,-,17,reviewed,French imperative only uses tu / nous / vous; placeholder - used for unsupported slot
FR,raser,Impératif,Impératif,tu,rase,17,reviewed,
FR,raser,Impératif,Impératif,"il (elle, on)",-,17,reviewed,French imperative only uses tu / nous / vous; placeholder - used for unsupported slot
FR,raser,Impératif,Impératif,nous,rasons,17,reviewed,
FR,raser,Impératif,Impératif,vous,rasez,17,reviewed,
FR,raser,Impératif,Impératif,ils (elles),-,17,reviewed,French imperative only uses tu / nous / vous; placeholder - used for unsupported slot
FR,raser,Subjonctif,Subjonctif présent,je,rase,17,reviewed,
FR,raser,Subjonctif,Subjonctif présent,tu,rases,17,reviewed,
FR,raser,Subjonctif,Subjonctif présent,"il (elle, on)",rase,17,reviewed,
FR,raser,Subjonctif,Subjonctif présent,nous,rasions,17,reviewed,
FR,raser,Subjonctif,Subjonctif présent,vous,rasiez,17,reviewed,
FR,raser,Subjonctif,Subjonctif présent,ils (elles),rasent,17,reviewed,
FR,raser,Indicatif,Passé Simple,je,rasai,17,reviewed,
FR,raser,Indicatif,Passé Simple,tu,rasas,17,reviewed,
FR,raser,Indicatif,Passé Simple,"il (elle, on)",rasa,17,reviewed,
FR,raser,Indicatif,Passé Simple,nous,rasâmes,17,reviewed,
FR,raser,Indicatif,Passé Simple,vous,rasâtes,17,reviewed,
FR,raser,Indicatif,Passé Simple,ils (elles),rasèrent,17,reviewed,
FR,raser,Subjonctif,Subjonctif imparfait,je,rasasse,17,reviewed,
FR,raser,Subjonctif,Subjonctif imparfait,tu,rasasses,17,reviewed,
FR,raser,Subjonctif,Subjonctif imparfait,"il (elle, on)",rasât,17,reviewed,
FR,raser,Subjonctif,Subjonctif imparfait,nous,rasassions,17,reviewed,
FR,raser,Subjonctif,Subjonctif imparfait,vous,rasassiez,17,reviewed,
FR,raser,Subjonctif,Subjonctif imparfait,ils (elles),rasassent,17,reviewed,
FR,solliciter,Indicatif,Présent,je,sollicite,17,reviewed,
FR,solliciter,Indicatif,Présent,tu,sollicites,17,reviewed,
FR,solliciter,Indicatif,Présent,"il (elle, on)",sollicite,17,reviewed,
FR,solliciter,Indicatif,Présent,nous,sollicitons,17,reviewed,
FR,solliciter,Indicatif,Présent,vous,sollicitez,17,reviewed,
FR,solliciter,Indicatif,Présent,ils (elles),sollicitent,17,reviewed,
FR,solliciter,Indicatif,Futur,je,solliciterai,17,reviewed,
FR,solliciter,Indicatif,Futur,tu,solliciteras,17,reviewed,
FR,solliciter,Indicatif,Futur,"il (elle, on)",sollicitera,17,reviewed,
FR,solliciter,Indicatif,Futur,nous,solliciterons,17,reviewed,
FR,solliciter,Indicatif,Futur,vous,solliciterez,17,reviewed,
FR,solliciter,Indicatif,Futur,ils (elles),solliciteront,17,reviewed,
FR,solliciter,Indicatif,Passé composé,je,ai sollicité,17,reviewed,
FR,solliciter,Indicatif,Passé composé,tu,as sollicité,17,reviewed,
FR,solliciter,Indicatif,Passé composé,"il (elle, on)",a sollicité,17,reviewed,
FR,solliciter,Indicatif,Passé composé,nous,avons sollicité,17,reviewed,
FR,solliciter,Indicatif,Passé composé,vous,avez sollicité,17,reviewed,
FR,solliciter,Indicatif,Passé composé,ils (elles),ont sollicité,17,reviewed,
FR,solliciter,Indicatif,Imparfait,je,sollicitais,17,reviewed,
FR,solliciter,Indicatif,Imparfait,tu,sollicitais,17,reviewed,
FR,solliciter,Indicatif,Imparfait,"il (elle, on)",sollicitait,17,reviewed,
FR,solliciter,Indicatif,Imparfait,nous,sollicitions,17,reviewed,
FR,solliciter,Indicatif,Imparfait,vous,sollicitiez,17,reviewed,
FR,solliciter,Indicatif,Imparfait,ils (elles),sollicitaient,17,reviewed,
FR,solliciter,Conditionnel,Conditionnel présent,je,solliciterais,17,reviewed,
FR,solliciter,Conditionnel,Conditionnel présent,tu,solliciterais,17,reviewed,
FR,solliciter,Conditionnel,Conditionnel présent,"il (elle, on)",solliciterait,17,reviewed,
FR,solliciter,Conditionnel,Conditionnel présent,nous,solliciterions,17,reviewed,
FR,solliciter,Conditionnel,Conditionnel présent,vous,solliciteriez,17,reviewed,
FR,solliciter,Conditionnel,Conditionnel présent,ils (elles),solliciteraient,17,reviewed,
FR,solliciter,Impératif,Impératif,je,-,17,reviewed,French imperative only uses tu / nous / vous; placeholder - used for unsupported slot
FR,solliciter,Impératif,Impératif,tu,sollicite,17,reviewed,
FR,solliciter,Impératif,Impératif,"il (elle, on)",-,17,reviewed,French imperative only uses tu / nous / vous; placeholder - used for unsupported slot
FR,solliciter,Impératif,Impératif,nous,sollicitons,17,reviewed,
FR,solliciter,Impératif,Impératif,vous,sollicitez,17,reviewed,
FR,solliciter,Impératif,Impératif,ils (elles),-,17,reviewed,French imperative only uses tu / nous / vous; placeholder - used for unsupported slot
FR,solliciter,Subjonctif,Subjonctif présent,je,sollicite,17,reviewed,
FR,solliciter,Subjonctif,Subjonctif présent,tu,sollicites,17,reviewed,
FR,solliciter,Subjonctif,Subjonctif présent,"il (elle, on)",sollicite,17,reviewed,
FR,solliciter,Subjonctif,Subjonctif présent,nous,sollicitions,17,reviewed,
FR,solliciter,Subjonctif,Subjonctif présent,vous,sollicitiez,17,reviewed,
FR,solliciter,Subjonctif,Subjonctif présent,ils (elles),sollicitent,17,reviewed,
FR,solliciter,Indicatif,Passé Simple,je,sollicitai,17,reviewed,
FR,solliciter,Indicatif,Passé Simple,tu,sollicitas,17,reviewed,
FR,solliciter,Indicatif,Passé Simple,"il (elle, on)",sollicita,17,reviewed,
FR,solliciter,Indicatif,Passé Simple,nous,sollicitâmes,17,reviewed,
FR,solliciter,Indicatif,Passé Simple,vous,sollicitâtes,17,reviewed,
FR,solliciter,Indicatif,Passé Simple,ils (elles),sollicitèrent,17,reviewed,
FR,solliciter,Subjonctif,Subjonctif imparfait,je,sollicitasse,17,reviewed,
FR,solliciter,Subjonctif,Subjonctif imparfait,tu,sollicitasses,17,reviewed,
FR,solliciter,Subjonctif,Subjonctif imparfait,"il (elle, on)",sollicitât,17,reviewed,
FR,solliciter,Subjonctif,Subjonctif imparfait,nous,sollicitassions,17,reviewed,
FR,solliciter,Subjonctif,Subjonctif imparfait,vous,sollicitassiez,17,reviewed,
FR,solliciter,Subjonctif,Subjonctif imparfait,ils (elles),sollicitassent,17,reviewed,
FR,errer,Indicatif,Présent,je,erre,17,reviewed,
FR,errer,Indicatif,Présent,tu,erres,17,reviewed,
FR,errer,Indicatif,Présent,"il (elle, on)",erre,17,reviewed,
FR,errer,Indicatif,Présent,nous,errons,17,reviewed,
FR,errer,Indicatif,Présent,vous,errez,17,reviewed,
FR,errer,Indicatif,Présent,ils (elles),errent,17,reviewed,
FR,errer,Indicatif,Futur,je,errerai,17,reviewed,
FR,errer,Indicatif,Futur,tu,erreras,17,reviewed,
FR,errer,Indicatif,Futur,"il (elle, on)",errera,17,reviewed,
FR,errer,Indicatif,Futur,nous,errerons,17,reviewed,
FR,errer,Indicatif,Futur,vous,errerez,17,reviewed,
FR,errer,Indicatif,Futur,ils (elles),erreront,17,reviewed,
FR,errer,Indicatif,Passé composé,je,ai erré,17,reviewed,
FR,errer,Indicatif,Passé composé,tu,as erré,17,reviewed,
FR,errer,Indicatif,Passé composé,"il (elle, on)",a erré,17,reviewed,
FR,errer,Indicatif,Passé composé,nous,avons erré,17,reviewed,
FR,errer,Indicatif,Passé composé,vous,avez erré,17,reviewed,
FR,errer,Indicatif,Passé composé,ils (elles),ont erré,17,reviewed,
FR,errer,Indicatif,Imparfait,je,errais,17,reviewed,
FR,errer,Indicatif,Imparfait,tu,errais,17,reviewed,
FR,errer,Indicatif,Imparfait,"il (elle, on)",errait,17,reviewed,
FR,errer,Indicatif,Imparfait,nous,errions,17,reviewed,
FR,errer,Indicatif,Imparfait,vous,erriez,17,reviewed,
FR,errer,Indicatif,Imparfait,ils (elles),erraient,17,reviewed,
FR,errer,Conditionnel,Conditionnel présent,je,errerais,17,reviewed,
FR,errer,Conditionnel,Conditionnel présent,tu,errerais,17,reviewed,
FR,errer,Conditionnel,Conditionnel présent,"il (elle, on)",errerait,17,reviewed,
FR,errer,Conditionnel,Conditionnel présent,nous,errerions,17,reviewed,
FR,errer,Conditionnel,Conditionnel présent,vous,erreriez,17,reviewed,
FR,errer,Conditionnel,Conditionnel présent,ils (elles),erreraient,17,reviewed,
FR,errer,Impératif,Impératif,je,-,17,reviewed,French imperative only uses tu / nous / vous; placeholder - used for unsupported slot
FR,errer,Impératif,Impératif,tu,erre,17,reviewed,
FR,errer,Impératif,Impératif,"il (elle, on)",-,17,reviewed,French imperative only uses tu / nous / vous; placeholder - used for unsupported slot
FR,errer,Impératif,Impératif,nous,errons,17,reviewed,
FR,errer,Impératif,Impératif,vous,errez,17,reviewed,
FR,errer,Impératif,Impératif,ils (elles),-,17,reviewed,French imperative only uses tu / nous / vous; placeholder - used for unsupported slot
FR,errer,Subjonctif,Subjonctif présent,je,erre,17,reviewed,
FR,errer,Subjonctif,Subjonctif présent,tu,erres,17,reviewed,
FR,errer,Subjonctif,Subjonctif présent,"il (elle, on)",erre,17,reviewed,
FR,errer,Subjonctif,Subjonctif présent,nous,errions,17,reviewed,
FR,errer,Subjonctif,Subjonctif présent,vous,erriez,17,reviewed,
FR,errer,Subjonctif,Subjonctif présent,ils (elles),errent,17,reviewed,
FR,errer,Indicatif,Passé Simple,je,errai,17,reviewed,
FR,errer,Indicatif,Passé Simple,tu,erras,17,reviewed,
FR,errer,Indicatif,Passé Simple,"il (elle, on)",erra,17,reviewed,
FR,errer,Indicatif,Passé Simple,nous,errâmes,17,reviewed,
FR,errer,Indicatif,Passé Simple,vous,errâtes,17,reviewed,
FR,errer,Indicatif,Passé Simple,ils (elles),errèrent,17,reviewed,
FR,errer,Subjonctif,Subjonctif imparfait,je,errasse,17,reviewed,
FR,errer,Subjonctif,Subjonctif imparfait,tu,errasses,17,reviewed,
FR,errer,Subjonctif,Subjonctif imparfait,"il (elle, on)",errât,17,reviewed,
FR,errer,Subjonctif,Subjonctif imparfait,nous,errassions,17,reviewed,
FR,errer,Subjonctif,Subjonctif imparfait,vous,errassiez,17,reviewed,
FR,errer,Subjonctif,Subjonctif imparfait,ils (elles),errassent,17,reviewed,
FR,honorer,Indicatif,Présent,je,honore,17,reviewed,
FR,honorer,Indicatif,Présent,tu,honores,17,reviewed,
FR,honorer,Indicatif,Présent,"il (elle, on)",honore,17,reviewed,
FR,honorer,Indicatif,Présent,nous,honorons,17,reviewed,
FR,honorer,Indicatif,Présent,vous,honorez,17,reviewed,
FR,honorer,Indicatif,Présent,ils (elles),honorent,17,reviewed,
FR,honorer,Indicatif,Futur,je,honorerai,17,reviewed,
FR,honorer,Indicatif,Futur,tu,honoreras,17,reviewed,
FR,honorer,Indicatif,Futur,"il (elle, on)",honorera,17,reviewed,
FR,honorer,Indicatif,Futur,nous,honorerons,17,reviewed,
FR,honorer,Indicatif,Futur,vous,honorerez,17,reviewed,
FR,honorer,Indicatif,Futur,ils (elles),honoreront,17,reviewed,
FR,honorer,Indicatif,Passé composé,je,ai honoré,17,reviewed,
FR,honorer,Indicatif,Passé composé,tu,as honoré,17,reviewed,
FR,honorer,Indicatif,Passé composé,"il (elle, on)",a honoré,17,reviewed,
FR,honorer,Indicatif,Passé composé,nous,avons honoré,17,reviewed,
FR,honorer,Indicatif,Passé composé,vous,avez honoré,17,reviewed,
FR,honorer,Indicatif,Passé composé,ils (elles),ont honoré,17,reviewed,
FR,honorer,Indicatif,Imparfait,je,honorais,17,reviewed,
FR,honorer,Indicatif,Imparfait,tu,honorais,17,reviewed,
FR,honorer,Indicatif,Imparfait,"il (elle, on)",honorait,17,reviewed,
FR,honorer,Indicatif,Imparfait,nous,honorions,17,reviewed,
FR,honorer,Indicatif,Imparfait,vous,honoriez,17,reviewed,
FR,honorer,Indicatif,Imparfait,ils (elles),honoraient,17,reviewed,
FR,honorer,Conditionnel,Conditionnel présent,je,honorerais,17,reviewed,
FR,honorer,Conditionnel,Conditionnel présent,tu,honorerais,17,reviewed,
FR,honorer,Conditionnel,Conditionnel présent,"il (elle, on)",honorerait,17,reviewed,
FR,honorer,Conditionnel,Conditionnel présent,nous,honorerions,17,reviewed,
FR,honorer,Conditionnel,Conditionnel présent,vous,honoreriez,17,reviewed,
FR,honorer,Conditionnel,Conditionnel présent,ils (elles),honoreraient,17,reviewed,
FR,honorer,Impératif,Impératif,je,-,17,reviewed,French imperative only uses tu / nous / vous; placeholder - used for unsupported slot
FR,honorer,Impératif,Impératif,tu,honore,17,reviewed,
FR,honorer,Impératif,Impératif,"il (elle, on)",-,17,reviewed,French imperative only uses tu / nous / vous; placeholder - used for unsupported slot
FR,honorer,Impératif,Impératif,nous,honorons,17,reviewed,
FR,honorer,Impératif,Impératif,vous,honorez,17,reviewed,
FR,honorer,Impératif,Impératif,ils (elles),-,17,reviewed,French imperative only uses tu / nous / vous; placeholder - used for unsupported slot
FR,honorer,Subjonctif,Subjonctif présent,je,honore,17,reviewed,
FR,honorer,Subjonctif,Subjonctif présent,tu,honores,17,reviewed,
FR,honorer,Subjonctif,Subjonctif présent,"il (elle, on)",honore,17,reviewed,
FR,honorer,Subjonctif,Subjonctif présent,nous,honorions,17,reviewed,
FR,honorer,Subjonctif,Subjonctif présent,vous,honoriez,17,reviewed,
FR,honorer,Subjonctif,Subjonctif présent,ils (elles),honorent,17,reviewed,
FR,honorer,Indicatif,Passé Simple,je,honorai,17,reviewed,
FR,honorer,Indicatif,Passé Simple,tu,honoras,17,reviewed,
FR,honorer,Indicatif,Passé Simple,"il (elle, on)",honora,17,reviewed,
FR,honorer,Indicatif,Passé Simple,nous,honorâmes,17,reviewed,
FR,honorer,Indicatif,Passé Simple,vous,honorâtes,17,reviewed,
FR,honorer,Indicatif,Passé Simple,ils (elles),honorèrent,17,reviewed,
FR,honorer,Subjonctif,Subjonctif imparfait,je,honorasse,17,reviewed,
FR,honorer,Subjonctif,Subjonctif imparfait,tu,honorasses,17,reviewed,
FR,honorer,Subjonctif,Subjonctif imparfait,"il (elle, on)",honorât,17,reviewed,
FR,honorer,Subjonctif,Subjonctif imparfait,nous,honorassions,17,reviewed,
FR,honorer,Subjonctif,Subjonctif imparfait,vous,honorassiez,17,reviewed,
FR,honorer,Subjonctif,Subjonctif imparfait,ils (elles),honorassent,17,reviewed,
FR,féliciter,Indicatif,Présent,je,félicite,17,reviewed,
FR,féliciter,Indicatif,Présent,tu,félicites,17,reviewed,
FR,féliciter,Indicatif,Présent,"il (elle, on)",félicite,17,reviewed,
FR,féliciter,Indicatif,Présent,nous,félicitons,17,reviewed,
FR,féliciter,Indicatif,Présent,vous,félicitez,17,reviewed,
FR,féliciter,Indicatif,Présent,ils (elles),félicitent,17,reviewed,
FR,féliciter,Indicatif,Futur,je,féliciterai,17,reviewed,
FR,féliciter,Indicatif,Futur,tu,féliciteras,17,reviewed,
FR,féliciter,Indicatif,Futur,"il (elle, on)",félicitera,17,reviewed,
FR,féliciter,Indicatif,Futur,nous,féliciterons,17,reviewed,
FR,féliciter,Indicatif,Futur,vous,féliciterez,17,reviewed,
FR,féliciter,Indicatif,Futur,ils (elles),féliciteront,17,reviewed,
FR,féliciter,Indicatif,Passé composé,je,ai félicité,17,reviewed,
FR,féliciter,Indicatif,Passé composé,tu,as félicité,17,reviewed,
FR,féliciter,Indicatif,Passé composé,"il (elle, on)",a félicité,17,reviewed,
FR,féliciter,Indicatif,Passé composé,nous,avons félicité,17,reviewed,
FR,féliciter,Indicatif,Passé composé,vous,avez félicité,17,reviewed,
FR,féliciter,Indicatif,Passé composé,ils (elles),ont félicité,17,reviewed,
FR,féliciter,Indicatif,Imparfait,je,félicitais,17,reviewed,
FR,féliciter,Indicatif,Imparfait,tu,félicitais,17,reviewed,
FR,féliciter,Indicatif,Imparfait,"il (elle, on)",félicitait,17,reviewed,
FR,féliciter,Indicatif,Imparfait,nous,félicitions,17,reviewed,
FR,féliciter,Indicatif,Imparfait,vous,félicitiez,17,reviewed,
FR,féliciter,Indicatif,Imparfait,ils (elles),félicitaient,17,reviewed,
FR,féliciter,Conditionnel,Conditionnel présent,je,féliciterais,17,reviewed,
FR,féliciter,Conditionnel,Conditionnel présent,tu,féliciterais,17,reviewed,
FR,féliciter,Conditionnel,Conditionnel présent,"il (elle, on)",féliciterait,17,reviewed,
FR,féliciter,Conditionnel,Conditionnel présent,nous,féliciterions,17,reviewed,
FR,féliciter,Conditionnel,Conditionnel présent,vous,féliciteriez,17,reviewed,
FR,féliciter,Conditionnel,Conditionnel présent,ils (elles),féliciteraient,17,reviewed,
FR,féliciter,Impératif,Impératif,je,-,17,reviewed,French imperative only uses tu / nous / vous; placeholder - used for unsupported slot
FR,féliciter,Impératif,Impératif,tu,félicite,17,reviewed,
FR,féliciter,Impératif,Impératif,"il (elle, on)",-,17,reviewed,French imperative only uses tu / nous / vous; placeholder - used for unsupported slot
FR,féliciter,Impératif,Impératif,nous,félicitons,17,reviewed,
FR,féliciter,Impératif,Impératif,vous,félicitez,17,reviewed,
FR,féliciter,Impératif,Impératif,ils (elles),-,17,reviewed,French imperative only uses tu / nous / vous; placeholder - used for unsupported slot
FR,féliciter,Subjonctif,Subjonctif présent,je,félicite,17,reviewed,
FR,féliciter,Subjonctif,Subjonctif présent,tu,félicites,17,reviewed,
FR,féliciter,Subjonctif,Subjonctif présent,"il (elle, on)",félicite,17,reviewed,
FR,féliciter,Subjonctif,Subjonctif présent,nous,félicitions,17,reviewed,
FR,féliciter,Subjonctif,Subjonctif présent,vous,félicitiez,17,reviewed,
FR,féliciter,Subjonctif,Subjonctif présent,ils (elles),félicitent,17,reviewed,
FR,féliciter,Indicatif,Passé Simple,je,félicitai,17,reviewed,
FR,féliciter,Indicatif,Passé Simple,tu,félicitas,17,reviewed,
FR,féliciter,Indicatif,Passé Simple,"il (elle, on)",félicita,17,reviewed,
FR,féliciter,Indicatif,Passé Simple,nous,félicitâmes,17,reviewed,
FR,féliciter,Indicatif,Passé Simple,vous,félicitâtes,17,reviewed,
FR,féliciter,Indicatif,Passé Simple,ils (elles),félicitèrent,17,reviewed,
FR,féliciter,Subjonctif,Subjonctif imparfait,je,félicitasse,17,reviewed,
FR,féliciter,Subjonctif,Subjonctif imparfait,tu,félicitasses,17,reviewed,
FR,féliciter,Subjonctif,Subjonctif imparfait,"il (elle, on)",félicitât,17,reviewed,
FR,féliciter,Subjonctif,Subjonctif imparfait,nous,félicitassions,17,reviewed,
FR,féliciter,Subjonctif,Subjonctif imparfait,vous,félicitassiez,17,reviewed,
FR,féliciter,Subjonctif,Subjonctif imparfait,ils (elles),félicitassent,17,reviewed,
FR,entourer,Indicatif,Présent,je,entoure,17,reviewed,
FR,entourer,Indicatif,Présent,tu,entoures,17,reviewed,
FR,entourer,Indicatif,Présent,"il (elle, on)",entoure,17,reviewed,
FR,entourer,Indicatif,Présent,nous,entourons,17,reviewed,
FR,entourer,Indicatif,Présent,vous,entourez,17,reviewed,
FR,entourer,Indicatif,Présent,ils (elles),entourent,17,reviewed,
FR,entourer,Indicatif,Futur,je,entourerai,17,reviewed,
FR,entourer,Indicatif,Futur,tu,entoureras,17,reviewed,
FR,entourer,Indicatif,Futur,"il (elle, on)",entourera,17,reviewed,
FR,entourer,Indicatif,Futur,nous,entourerons,17,reviewed,
FR,entourer,Indicatif,Futur,vous,entourerez,17,reviewed,
FR,entourer,Indicatif,Futur,ils (elles),entoureront,17,reviewed,
FR,entourer,Indicatif,Passé composé,je,ai entouré,17,reviewed,
FR,entourer,Indicatif,Passé composé,tu,as entouré,17,reviewed,
FR,entourer,Indicatif,Passé composé,"il (elle, on)",a entouré,17,reviewed,
FR,entourer,Indicatif,Passé composé,nous,avons entouré,17,reviewed,
FR,entourer,Indicatif,Passé composé,vous,avez entouré,17,reviewed,
FR,entourer,Indicatif,Passé composé,ils (elles),ont entouré,17,reviewed,
FR,entourer,Indicatif,Imparfait,je,entourais,17,reviewed,
FR,entourer,Indicatif,Imparfait,tu,entourais,17,reviewed,
FR,entourer,Indicatif,Imparfait,"il (elle, on)",entourait,17,reviewed,
FR,entourer,Indicatif,Imparfait,nous,entourions,17,reviewed,
FR,entourer,Indicatif,Imparfait,vous,entouriez,17,reviewed,
FR,entourer,Indicatif,Imparfait,ils (elles),entouraient,17,reviewed,
FR,entourer,Conditionnel,Conditionnel présent,je,entourerais,17,reviewed,
FR,entourer,Conditionnel,Conditionnel présent,tu,entourerais,17,reviewed,
FR,entourer,Conditionnel,Conditionnel présent,"il (elle, on)",entourerait,17,reviewed,
FR,entourer,Conditionnel,Conditionnel présent,nous,entourerions,17,reviewed,
FR,entourer,Conditionnel,Conditionnel présent,vous,entoureriez,17,reviewed,
FR,entourer,Conditionnel,Conditionnel présent,ils (elles),entoureraient,17,reviewed,
FR,entourer,Impératif,Impératif,je,-,17,reviewed,French imperative only uses tu / nous / vous; placeholder - used for unsupported slot
FR,entourer,Impératif,Impératif,tu,entoure,17,reviewed,
FR,entourer,Impératif,Impératif,"il (elle, on)",-,17,reviewed,French imperative only uses tu / nous / vous; placeholder - used for unsupported slot
FR,entourer,Impératif,Impératif,nous,entourons,17,reviewed,
FR,entourer,Impératif,Impératif,vous,entourez,17,reviewed,
FR,entourer,Impératif,Impératif,ils (elles),-,17,reviewed,French imperative only uses tu / nous / vous; placeholder - used for unsupported slot
FR,entourer,Subjonctif,Subjonctif présent,je,entoure,17,reviewed,
FR,entourer,Subjonctif,Subjonctif présent,tu,entoures,17,reviewed,
FR,entourer,Subjonctif,Subjonctif présent,"il (elle, on)",entoure,17,reviewed,
FR,entourer,Subjonctif,Subjonctif présent,nous,entourions,17,reviewed,
FR,entourer,Subjonctif,Subjonctif présent,vous,entouriez,17,reviewed,
FR,entourer,Subjonctif,Subjonctif présent,ils (elles),entourent,17,reviewed,
FR,entourer,Indicatif,Passé Simple,je,entourai,17,reviewed,
FR,entourer,Indicatif,Passé Simple,tu,entouras,17,reviewed,
FR,entourer,Indicatif,Passé Simple,"il (elle, on)",entoura,17,reviewed,
FR,entourer,Indicatif,Passé Simple,nous,entourâmes,17,reviewed,
FR,entourer,Indicatif,Passé Simple,vous,entourâtes,17,reviewed,
FR,entourer,Indicatif,Passé Simple,ils (elles),entourèrent,17,reviewed,
FR,entourer,Subjonctif,Subjonctif imparfait,je,entourasse,17,reviewed,
FR,entourer,Subjonctif,Subjonctif imparfait,tu,entourasses,17,reviewed,
FR,entourer,Subjonctif,Subjonctif imparfait,"il (elle, on)",entourât,17,reviewed,
FR,entourer,Subjonctif,Subjonctif imparfait,nous,entourassions,17,reviewed,
FR,entourer,Subjonctif,Subjonctif imparfait,vous,entourassiez,17,reviewed,
FR,entourer,Subjonctif,Subjonctif imparfait,ils (elles),entourassent,17,reviewed,
FR,dépouiller,Indicatif,Présent,je,dépouille,17,reviewed,
FR,dépouiller,Indicatif,Présent,tu,dépouilles,17,reviewed,
FR,dépouiller,Indicatif,Présent,"il (elle, on)",dépouille,17,reviewed,
FR,dépouiller,Indicatif,Présent,nous,dépouillons,17,reviewed,
FR,dépouiller,Indicatif,Présent,vous,dépouillez,17,reviewed,
FR,dépouiller,Indicatif,Présent,ils (elles),dépouillent,17,reviewed,
FR,dépouiller,Indicatif,Futur,je,dépouillerai,17,reviewed,
FR,dépouiller,Indicatif,Futur,tu,dépouilleras,17,reviewed,
FR,dépouiller,Indicatif,Futur,"il (elle, on)",dépouillera,17,reviewed,
FR,dépouiller,Indicatif,Futur,nous,dépouillerons,17,reviewed,
FR,dépouiller,Indicatif,Futur,vous,dépouillerez,17,reviewed,
FR,dépouiller,Indicatif,Futur,ils (elles),dépouilleront,17,reviewed,
FR,dépouiller,Indicatif,Passé composé,je,ai dépouillé,17,reviewed,
FR,dépouiller,Indicatif,Passé composé,tu,as dépouillé,17,reviewed,
FR,dépouiller,Indicatif,Passé composé,"il (elle, on)",a dépouillé,17,reviewed,
FR,dépouiller,Indicatif,Passé composé,nous,avons dépouillé,17,reviewed,
FR,dépouiller,Indicatif,Passé composé,vous,avez dépouillé,17,reviewed,
FR,dépouiller,Indicatif,Passé composé,ils (elles),ont dépouillé,17,reviewed,
FR,dépouiller,Indicatif,Imparfait,je,dépouillais,17,reviewed,
FR,dépouiller,Indicatif,Imparfait,tu,dépouillais,17,reviewed,
FR,dépouiller,Indicatif,Imparfait,"il (elle, on)",dépouillait,17,reviewed,
FR,dépouiller,Indicatif,Imparfait,nous,dépouillions,17,reviewed,
FR,dépouiller,Indicatif,Imparfait,vous,dépouilliez,17,reviewed,
FR,dépouiller,Indicatif,Imparfait,ils (elles),dépouillaient,17,reviewed,
FR,dépouiller,Conditionnel,Conditionnel présent,je,dépouillerais,17,reviewed,
FR,dépouiller,Conditionnel,Conditionnel présent,tu,dépouillerais,17,reviewed,
FR,dépouiller,Conditionnel,Conditionnel présent,"il (elle, on)",dépouillerait,17,reviewed,
FR,dépouiller,Conditionnel,Conditionnel présent,nous,dépouillerions,17,reviewed,
FR,dépouiller,Conditionnel,Conditionnel présent,vous,dépouilleriez,17,reviewed,
FR,dépouiller,Conditionnel,Conditionnel présent,ils (elles),dépouilleraient,17,reviewed,
FR,dépouiller,Impératif,Impératif,je,-,17,reviewed,French imperative only uses tu / nous / vous; placeholder - used for unsupported slot
FR,dépouiller,Impératif,Impératif,tu,dépouille,17,reviewed,
FR,dépouiller,Impératif,Impératif,"il (elle, on)",-,17,reviewed,French imperative only uses tu / nous / vous; placeholder - used for unsupported slot
FR,dépouiller,Impératif,Impératif,nous,dépouillons,17,reviewed,
FR,dépouiller,Impératif,Impératif,vous,dépouillez,17,reviewed,
FR,dépouiller,Impératif,Impératif,ils (elles),-,17,reviewed,French imperative only uses tu / nous / vous; placeholder - used for unsupported slot
FR,dépouiller,Subjonctif,Subjonctif présent,je,dépouille,17,reviewed,
FR,dépouiller,Subjonctif,Subjonctif présent,tu,dépouilles,17,reviewed,
FR,dépouiller,Subjonctif,Subjonctif présent,"il (elle, on)",dépouille,17,reviewed,
FR,dépouiller,Subjonctif,Subjonctif présent,nous,dépouillions,17,reviewed,
FR,dépouiller,Subjonctif,Subjonctif présent,vous,dépouilliez,17,reviewed,
FR,dépouiller,Subjonctif,Subjonctif présent,ils (elles),dépouillent,17,reviewed,
FR,dépouiller,Indicatif,Passé Simple,je,dépouillai,17,reviewed,
FR,dépouiller,Indicatif,Passé Simple,tu,dépouillas,17,reviewed,
FR,dépouiller,Indicatif,Passé Simple,"il (elle, on)",dépouilla,17,reviewed,
FR,dépouiller,Indicatif,Passé Simple,nous,dépouillâmes,17,reviewed,
FR,dépouiller,Indicatif,Passé Simple,vous,dépouillâtes,17,reviewed,
FR,dépouiller,Indicatif,Passé Simple,ils (elles),dépouillèrent,17,reviewed,
FR,dépouiller,Subjonctif,Subjonctif imparfait,je,dépouillasse,17,reviewed,
FR,dépouiller,Subjonctif,Subjonctif imparfait,tu,dépouillasses,17,reviewed,
FR,dépouiller,Subjonctif,Subjonctif imparfait,"il (elle, on)",dépouillât,17,reviewed,
FR,dépouiller,Subjonctif,Subjonctif imparfait,nous,dépouillassions,17,reviewed,
FR,dépouiller,Subjonctif,Subjonctif imparfait,vous,dépouillassiez,17,reviewed,
FR,dépouiller,Subjonctif,Subjonctif imparfait,ils (elles),dépouillassent,17,reviewed,
FR,exciter,Indicatif,Présent,je,excite,17,reviewed,
FR,exciter,Indicatif,Présent,tu,excites,17,reviewed,
FR,exciter,Indicatif,Présent,"il (elle, on)",excite,17,reviewed,
FR,exciter,Indicatif,Présent,nous,excitons,17,reviewed,
FR,exciter,Indicatif,Présent,vous,excitez,17,reviewed,
FR,exciter,Indicatif,Présent,ils (elles),excitent,17,reviewed,
FR,exciter,Indicatif,Futur,je,exciterai,17,reviewed,
FR,exciter,Indicatif,Futur,tu,exciteras,17,reviewed,
FR,exciter,Indicatif,Futur,"il (elle, on)",excitera,17,reviewed,
FR,exciter,Indicatif,Futur,nous,exciterons,17,reviewed,
FR,exciter,Indicatif,Futur,vous,exciterez,17,reviewed,
FR,exciter,Indicatif,Futur,ils (elles),exciteront,17,reviewed,
FR,exciter,Indicatif,Passé composé,je,ai excité,17,reviewed,
FR,exciter,Indicatif,Passé composé,tu,as excité,17,reviewed,
FR,exciter,Indicatif,Passé composé,"il (elle, on)",a excité,17,reviewed,
FR,exciter,Indicatif,Passé composé,nous,avons excité,17,reviewed,
FR,exciter,Indicatif,Passé composé,vous,avez excité,17,reviewed,
FR,exciter,Indicatif,Passé composé,ils (elles),ont excité,17,reviewed,
FR,exciter,Indicatif,Imparfait,je,excitais,17,reviewed,
FR,exciter,Indicatif,Imparfait,tu,excitais,17,reviewed,
FR,exciter,Indicatif,Imparfait,"il (elle, on)",excitait,17,reviewed,
FR,exciter,Indicatif,Imparfait,nous,excitions,17,reviewed,
FR,exciter,Indicatif,Imparfait,vous,excitiez,17,reviewed,
FR,exciter,Indicatif,Imparfait,ils (elles),excitaient,17,reviewed,
FR,exciter,Conditionnel,Conditionnel présent,je,exciterais,17,reviewed,
FR,exciter,Conditionnel,Conditionnel présent,tu,exciterais,17,reviewed,
FR,exciter,Conditionnel,Conditionnel présent,"il (elle, on)",exciterait,17,reviewed,
FR,exciter,Conditionnel,Conditionnel présent,nous,exciterions,17,reviewed,
FR,exciter,Conditionnel,Conditionnel présent,vous,exciteriez,17,reviewed,
FR,exciter,Conditionnel,Conditionnel présent,ils (elles),exciteraient,17,reviewed,
FR,exciter,Impératif,Impératif,je,-,17,reviewed,French imperative only uses tu / nous / vous; placeholder - used for unsupported slot
FR,exciter,Impératif,Impératif,tu,excite,17,reviewed,
FR,exciter,Impératif,Impératif,"il (elle, on)",-,17,reviewed,French imperative only uses tu / nous / vous; placeholder - used for unsupported slot
FR,exciter,Impératif,Impératif,nous,excitons,17,reviewed,
FR,exciter,Impératif,Impératif,vous,excitez,17,reviewed,
FR,exciter,Impératif,Impératif,ils (elles),-,17,reviewed,French imperative only uses tu / nous / vous; placeholder - used for unsupported slot
FR,exciter,Subjonctif,Subjonctif présent,je,excite,17,reviewed,
FR,exciter,Subjonctif,Subjonctif présent,tu,excites,17,reviewed,
FR,exciter,Subjonctif,Subjonctif présent,"il (elle, on)",excite,17,reviewed,
FR,exciter,Subjonctif,Subjonctif présent,nous,excitions,17,reviewed,
FR,exciter,Subjonctif,Subjonctif présent,vous,excitiez,17,reviewed,
FR,exciter,Subjonctif,Subjonctif présent,ils (elles),excitent,17,reviewed,
FR,exciter,Indicatif,Passé Simple,je,excitai,17,reviewed,
FR,exciter,Indicatif,Passé Simple,tu,excitas,17,reviewed,
FR,exciter,Indicatif,Passé Simple,"il (elle, on)",excita,17,reviewed,
FR,exciter,Indicatif,Passé Simple,nous,excitâmes,17,reviewed,
FR,exciter,Indicatif,Passé Simple,vous,excitâtes,17,reviewed,
FR,exciter,Indicatif,Passé Simple,ils (elles),excitèrent,17,reviewed,
FR,exciter,Subjonctif,Subjonctif imparfait,je,excitasse,17,reviewed,
FR,exciter,Subjonctif,Subjonctif imparfait,tu,excitasses,17,reviewed,
FR,exciter,Subjonctif,Subjonctif imparfait,"il (elle, on)",excitât,17,reviewed,
FR,exciter,Subjonctif,Subjonctif imparfait,nous,excitassions,17,reviewed,
FR,exciter,Subjonctif,Subjonctif imparfait,vous,excitassiez,17,reviewed,
FR,exciter,Subjonctif,Subjonctif imparfait,ils (elles),excitassent,17,reviewed,
FR,tâcher,Indicatif,Présent,je,tâche,17,reviewed,
FR,tâcher,Indicatif,Présent,tu,tâches,17,reviewed,
FR,tâcher,Indicatif,Présent,"il (elle, on)",tâche,17,reviewed,
FR,tâcher,Indicatif,Présent,nous,tâchons,17,reviewed,
FR,tâcher,Indicatif,Présent,vous,tâchez,17,reviewed,
FR,tâcher,Indicatif,Présent,ils (elles),tâchent,17,reviewed,
FR,tâcher,Indicatif,Futur,je,tâcherai,17,reviewed,
FR,tâcher,Indicatif,Futur,tu,tâcheras,17,reviewed,
FR,tâcher,Indicatif,Futur,"il (elle, on)",tâchera,17,reviewed,
FR,tâcher,Indicatif,Futur,nous,tâcherons,17,reviewed,
FR,tâcher,Indicatif,Futur,vous,tâcherez,17,reviewed,
FR,tâcher,Indicatif,Futur,ils (elles),tâcheront,17,reviewed,
FR,tâcher,Indicatif,Passé composé,je,ai tâché,17,reviewed,
FR,tâcher,Indicatif,Passé composé,tu,as tâché,17,reviewed,
FR,tâcher,Indicatif,Passé composé,"il (elle, on)",a tâché,17,reviewed,
FR,tâcher,Indicatif,Passé composé,nous,avons tâché,17,reviewed,
FR,tâcher,Indicatif,Passé composé,vous,avez tâché,17,reviewed,
FR,tâcher,Indicatif,Passé composé,ils (elles),ont tâché,17,reviewed,
FR,tâcher,Indicatif,Imparfait,je,tâchais,17,reviewed,
FR,tâcher,Indicatif,Imparfait,tu,tâchais,17,reviewed,
FR,tâcher,Indicatif,Imparfait,"il (elle, on)",tâchait,17,reviewed,
FR,tâcher,Indicatif,Imparfait,nous,tâchions,17,reviewed,
FR,tâcher,Indicatif,Imparfait,vous,tâchiez,17,reviewed,
FR,tâcher,Indicatif,Imparfait,ils (elles),tâchaient,17,reviewed,
FR,tâcher,Conditionnel,Conditionnel présent,je,tâcherais,17,reviewed,
FR,tâcher,Conditionnel,Conditionnel présent,tu,tâcherais,17,reviewed,
FR,tâcher,Conditionnel,Conditionnel présent,"il (elle, on)",tâcherait,17,reviewed,
FR,tâcher,Conditionnel,Conditionnel présent,nous,tâcherions,17,reviewed,
FR,tâcher,Conditionnel,Conditionnel présent,vous,tâcheriez,17,reviewed,
FR,tâcher,Conditionnel,Conditionnel présent,ils (elles),tâcheraient,17,reviewed,
FR,tâcher,Impératif,Impératif,je,-,17,reviewed,French imperative only uses tu / nous / vous; placeholder - used for unsupported slot
FR,tâcher,Impératif,Impératif,tu,tâche,17,reviewed,
FR,tâcher,Impératif,Impératif,"il (elle, on)",-,17,reviewed,French imperative only uses tu / nous / vous; placeholder - used for unsupported slot
FR,tâcher,Impératif,Impératif,nous,tâchons,17,reviewed,
FR,tâcher,Impératif,Impératif,vous,tâchez,17,reviewed,
FR,tâcher,Impératif,Impératif,ils (elles),-,17,reviewed,French imperative only uses tu / nous / vous; placeholder - used for unsupported slot
FR,tâcher,Subjonctif,Subjonctif présent,je,tâche,17,reviewed,
FR,tâcher,Subjonctif,Subjonctif présent,tu,tâches,17,reviewed,
FR,tâcher,Subjonctif,Subjonctif présent,"il (elle, on)",tâche,17,reviewed,
FR,tâcher,Subjonctif,Subjonctif présent,nous,tâchions,17,reviewed,
FR,tâcher,Subjonctif,Subjonctif présent,vous,tâchiez,17,reviewed,
FR,tâcher,Subjonctif,Subjonctif présent,ils (elles),tâchent,17,reviewed,
FR,tâcher,Indicatif,Passé Simple,je,tâchai,17,reviewed,
FR,tâcher,Indicatif,Passé Simple,tu,tâchas,17,reviewed,
FR,tâcher,Indicatif,Passé Simple,"il (elle, on)",tâcha,17,reviewed,
FR,tâcher,Indicatif,Passé Simple,nous,tâchâmes,17,reviewed,
FR,tâcher,Indicatif,Passé Simple,vous,tâchâtes,17,reviewed,
FR,tâcher,Indicatif,Passé Simple,ils (elles),tâchèrent,17,reviewed,
FR,tâcher,Subjonctif,Subjonctif imparfait,je,tâchasse,17,reviewed,
FR,tâcher,Subjonctif,Subjonctif imparfait,tu,tâchasses,17,reviewed,
FR,tâcher,Subjonctif,Subjonctif imparfait,"il (elle, on)",tâchât,17,reviewed,
FR,tâcher,Subjonctif,Subjonctif imparfait,nous,tâchassions,17,reviewed,
FR,tâcher,Subjonctif,Subjonctif imparfait,vous,tâchassiez,17,reviewed,
FR,tâcher,Subjonctif,Subjonctif imparfait,ils (elles),tâchassent,17,reviewed,
FR,pleuvoir,Indicatif,Présent,je,-,17,reviewed,impersonal-default paradigm from Larousse; only supported third-person forms retained; placeholder - used for unsupported slots; QA recommended
FR,pleuvoir,Indicatif,Présent,tu,-,17,reviewed,impersonal-default paradigm from Larousse; only supported third-person forms retained; placeholder - used for unsupported slots; QA recommended
FR,pleuvoir,Indicatif,Présent,"il (elle, on)",pleut,17,reviewed,impersonal-default paradigm from Larousse; only supported third-person forms retained; placeholder - used for unsupported slots; QA recommended
FR,pleuvoir,Indicatif,Présent,nous,-,17,reviewed,impersonal-default paradigm from Larousse; only supported third-person forms retained; placeholder - used for unsupported slots; QA recommended
FR,pleuvoir,Indicatif,Présent,vous,-,17,reviewed,impersonal-default paradigm from Larousse; only supported third-person forms retained; placeholder - used for unsupported slots; QA recommended
FR,pleuvoir,Indicatif,Présent,ils (elles),pleuvent,17,reviewed,impersonal-default paradigm from Larousse; only supported third-person forms retained; placeholder - used for unsupported slots; QA recommended
FR,pleuvoir,Indicatif,Futur,je,-,17,reviewed,impersonal-default paradigm from Larousse; only supported third-person forms retained; placeholder - used for unsupported slots; QA recommended
FR,pleuvoir,Indicatif,Futur,tu,-,17,reviewed,impersonal-default paradigm from Larousse; only supported third-person forms retained; placeholder - used for unsupported slots; QA recommended
FR,pleuvoir,Indicatif,Futur,"il (elle, on)",pleuvra,17,reviewed,impersonal-default paradigm from Larousse; only supported third-person forms retained; placeholder - used for unsupported slots; QA recommended
FR,pleuvoir,Indicatif,Futur,nous,-,17,reviewed,impersonal-default paradigm from Larousse; only supported third-person forms retained; placeholder - used for unsupported slots; QA recommended
FR,pleuvoir,Indicatif,Futur,vous,-,17,reviewed,impersonal-default paradigm from Larousse; only supported third-person forms retained; placeholder - used for unsupported slots; QA recommended
FR,pleuvoir,Indicatif,Futur,ils (elles),pleuvront,17,reviewed,impersonal-default paradigm from Larousse; only supported third-person forms retained; placeholder - used for unsupported slots; QA recommended
FR,pleuvoir,Indicatif,Passé composé,je,-,17,reviewed,impersonal-default paradigm from Larousse; only supported third-person forms retained; placeholder - used for unsupported slots; QA recommended
FR,pleuvoir,Indicatif,Passé composé,tu,-,17,reviewed,impersonal-default paradigm from Larousse; only supported third-person forms retained; placeholder - used for unsupported slots; QA recommended
FR,pleuvoir,Indicatif,Passé composé,"il (elle, on)",a plu,17,reviewed,impersonal-default paradigm from Larousse; only supported third-person forms retained; placeholder - used for unsupported slots; QA recommended
FR,pleuvoir,Indicatif,Passé composé,nous,-,17,reviewed,impersonal-default paradigm from Larousse; only supported third-person forms retained; placeholder - used for unsupported slots; QA recommended
FR,pleuvoir,Indicatif,Passé composé,vous,-,17,reviewed,impersonal-default paradigm from Larousse; only supported third-person forms retained; placeholder - used for unsupported slots; QA recommended
FR,pleuvoir,Indicatif,Passé composé,ils (elles),-,17,reviewed,impersonal-default paradigm from Larousse; only supported third-person forms retained; placeholder - used for unsupported slots; QA recommended
FR,pleuvoir,Indicatif,Imparfait,je,-,17,reviewed,impersonal-default paradigm from Larousse; only supported third-person forms retained; placeholder - used for unsupported slots; QA recommended
FR,pleuvoir,Indicatif,Imparfait,tu,-,17,reviewed,impersonal-default paradigm from Larousse; only supported third-person forms retained; placeholder - used for unsupported slots; QA recommended
FR,pleuvoir,Indicatif,Imparfait,"il (elle, on)",pleuvait,17,reviewed,impersonal-default paradigm from Larousse; only supported third-person forms retained; placeholder - used for unsupported slots; QA recommended
FR,pleuvoir,Indicatif,Imparfait,nous,-,17,reviewed,impersonal-default paradigm from Larousse; only supported third-person forms retained; placeholder - used for unsupported slots; QA recommended
FR,pleuvoir,Indicatif,Imparfait,vous,-,17,reviewed,impersonal-default paradigm from Larousse; only supported third-person forms retained; placeholder - used for unsupported slots; QA recommended
FR,pleuvoir,Indicatif,Imparfait,ils (elles),pleuvaient,17,reviewed,impersonal-default paradigm from Larousse; only supported third-person forms retained; placeholder - used for unsupported slots; QA recommended
FR,pleuvoir,Conditionnel,Conditionnel présent,je,-,17,reviewed,impersonal-default paradigm from Larousse; only supported third-person forms retained; placeholder - used for unsupported slots; QA recommended
FR,pleuvoir,Conditionnel,Conditionnel présent,tu,-,17,reviewed,impersonal-default paradigm from Larousse; only supported third-person forms retained; placeholder - used for unsupported slots; QA recommended
FR,pleuvoir,Conditionnel,Conditionnel présent,"il (elle, on)",pleuvrait,17,reviewed,impersonal-default paradigm from Larousse; only supported third-person forms retained; placeholder - used for unsupported slots; QA recommended
FR,pleuvoir,Conditionnel,Conditionnel présent,nous,-,17,reviewed,impersonal-default paradigm from Larousse; only supported third-person forms retained; placeholder - used for unsupported slots; QA recommended
FR,pleuvoir,Conditionnel,Conditionnel présent,vous,-,17,reviewed,impersonal-default paradigm from Larousse; only supported third-person forms retained; placeholder - used for unsupported slots; QA recommended
FR,pleuvoir,Conditionnel,Conditionnel présent,ils (elles),pleuvraient,17,reviewed,impersonal-default paradigm from Larousse; only supported third-person forms retained; placeholder - used for unsupported slots; QA recommended
FR,pleuvoir,Impératif,Impératif,je,-,17,reviewed,impersonal-default paradigm from Larousse; only supported third-person forms retained; placeholder - used for unsupported slots; QA recommended
FR,pleuvoir,Impératif,Impératif,tu,-,17,reviewed,impersonal-default paradigm from Larousse; only supported third-person forms retained; placeholder - used for unsupported slots; QA recommended
FR,pleuvoir,Impératif,Impératif,"il (elle, on)",-,17,reviewed,impersonal-default paradigm from Larousse; only supported third-person forms retained; placeholder - used for unsupported slots; QA recommended
FR,pleuvoir,Impératif,Impératif,nous,-,17,reviewed,impersonal-default paradigm from Larousse; only supported third-person forms retained; placeholder - used for unsupported slots; QA recommended
FR,pleuvoir,Impératif,Impératif,vous,-,17,reviewed,impersonal-default paradigm from Larousse; only supported third-person forms retained; placeholder - used for unsupported slots; QA recommended
FR,pleuvoir,Impératif,Impératif,ils (elles),-,17,reviewed,impersonal-default paradigm from Larousse; only supported third-person forms retained; placeholder - used for unsupported slots; QA recommended
FR,pleuvoir,Subjonctif,Subjonctif présent,je,-,17,reviewed,impersonal-default paradigm from Larousse; only supported third-person forms retained; placeholder - used for unsupported slots; QA recommended
FR,pleuvoir,Subjonctif,Subjonctif présent,tu,-,17,reviewed,impersonal-default paradigm from Larousse; only supported third-person forms retained; placeholder - used for unsupported slots; QA recommended
FR,pleuvoir,Subjonctif,Subjonctif présent,"il (elle, on)",pleuve,17,reviewed,impersonal-default paradigm from Larousse; only supported third-person forms retained; placeholder - used for unsupported slots; QA recommended
FR,pleuvoir,Subjonctif,Subjonctif présent,nous,-,17,reviewed,impersonal-default paradigm from Larousse; only supported third-person forms retained; placeholder - used for unsupported slots; QA recommended
FR,pleuvoir,Subjonctif,Subjonctif présent,vous,-,17,reviewed,impersonal-default paradigm from Larousse; only supported third-person forms retained; placeholder - used for unsupported slots; QA recommended
FR,pleuvoir,Subjonctif,Subjonctif présent,ils (elles),pleuvent,17,reviewed,impersonal-default paradigm from Larousse; only supported third-person forms retained; placeholder - used for unsupported slots; QA recommended
FR,pleuvoir,Indicatif,Passé Simple,je,-,17,reviewed,impersonal-default paradigm from Larousse; only supported third-person forms retained; placeholder - used for unsupported slots; QA recommended
FR,pleuvoir,Indicatif,Passé Simple,tu,-,17,reviewed,impersonal-default paradigm from Larousse; only supported third-person forms retained; placeholder - used for unsupported slots; QA recommended
FR,pleuvoir,Indicatif,Passé Simple,"il (elle, on)",plut,17,reviewed,impersonal-default paradigm from Larousse; only supported third-person forms retained; placeholder - used for unsupported slots; QA recommended
FR,pleuvoir,Indicatif,Passé Simple,nous,-,17,reviewed,impersonal-default paradigm from Larousse; only supported third-person forms retained; placeholder - used for unsupported slots; QA recommended
FR,pleuvoir,Indicatif,Passé Simple,vous,-,17,reviewed,impersonal-default paradigm from Larousse; only supported third-person forms retained; placeholder - used for unsupported slots; QA recommended
FR,pleuvoir,Indicatif,Passé Simple,ils (elles),-,17,reviewed,impersonal-default paradigm from Larousse; only supported third-person forms retained; placeholder - used for unsupported slots; QA recommended
FR,pleuvoir,Subjonctif,Subjonctif imparfait,je,-,17,reviewed,impersonal-default paradigm from Larousse; only supported third-person forms retained; placeholder - used for unsupported slots; QA recommended
FR,pleuvoir,Subjonctif,Subjonctif imparfait,tu,-,17,reviewed,impersonal-default paradigm from Larousse; only supported third-person forms retained; placeholder - used for unsupported slots; QA recommended
FR,pleuvoir,Subjonctif,Subjonctif imparfait,"il (elle, on)",plût,17,reviewed,impersonal-default paradigm from Larousse; only supported third-person forms retained; placeholder - used for unsupported slots; QA recommended
FR,pleuvoir,Subjonctif,Subjonctif imparfait,nous,-,17,reviewed,impersonal-default paradigm from Larousse; only supported third-person forms retained; placeholder - used for unsupported slots; QA recommended
FR,pleuvoir,Subjonctif,Subjonctif imparfait,vous,-,17,reviewed,impersonal-default paradigm from Larousse; only supported third-person forms retained; placeholder - used for unsupported slots; QA recommended
FR,pleuvoir,Subjonctif,Subjonctif imparfait,ils (elles),-,17,reviewed,impersonal-default paradigm from Larousse; only supported third-person forms retained; placeholder - used for unsupported slots; QA recommended
FR,insérer,Indicatif,Présent,je,insère,17,reviewed,accent-sensitive paradigm; QA recommended
FR,insérer,Indicatif,Présent,tu,insères,17,reviewed,accent-sensitive paradigm; QA recommended
FR,insérer,Indicatif,Présent,"il (elle, on)",insère,17,reviewed,accent-sensitive paradigm; QA recommended
FR,insérer,Indicatif,Présent,nous,insérons,17,reviewed,accent-sensitive paradigm; QA recommended
FR,insérer,Indicatif,Présent,vous,insérez,17,reviewed,accent-sensitive paradigm; QA recommended
FR,insérer,Indicatif,Présent,ils (elles),insèrent,17,reviewed,accent-sensitive paradigm; QA recommended
FR,insérer,Indicatif,Futur,je,insérerai,17,reviewed,accent-sensitive paradigm; QA recommended
FR,insérer,Indicatif,Futur,tu,inséreras,17,reviewed,accent-sensitive paradigm; QA recommended
FR,insérer,Indicatif,Futur,"il (elle, on)",insérera,17,reviewed,accent-sensitive paradigm; QA recommended
FR,insérer,Indicatif,Futur,nous,insérerons,17,reviewed,accent-sensitive paradigm; QA recommended
FR,insérer,Indicatif,Futur,vous,insérerez,17,reviewed,accent-sensitive paradigm; QA recommended
FR,insérer,Indicatif,Futur,ils (elles),inséreront,17,reviewed,accent-sensitive paradigm; QA recommended
FR,insérer,Indicatif,Passé composé,je,ai inséré,17,reviewed,accent-sensitive paradigm; QA recommended
FR,insérer,Indicatif,Passé composé,tu,as inséré,17,reviewed,accent-sensitive paradigm; QA recommended
FR,insérer,Indicatif,Passé composé,"il (elle, on)",a inséré,17,reviewed,accent-sensitive paradigm; QA recommended
FR,insérer,Indicatif,Passé composé,nous,avons inséré,17,reviewed,accent-sensitive paradigm; QA recommended
FR,insérer,Indicatif,Passé composé,vous,avez inséré,17,reviewed,accent-sensitive paradigm; QA recommended
FR,insérer,Indicatif,Passé composé,ils (elles),ont inséré,17,reviewed,accent-sensitive paradigm; QA recommended
FR,insérer,Indicatif,Imparfait,je,insérais,17,reviewed,accent-sensitive paradigm; QA recommended
FR,insérer,Indicatif,Imparfait,tu,insérais,17,reviewed,accent-sensitive paradigm; QA recommended
FR,insérer,Indicatif,Imparfait,"il (elle, on)",insérait,17,reviewed,accent-sensitive paradigm; QA recommended
FR,insérer,Indicatif,Imparfait,nous,insérions,17,reviewed,accent-sensitive paradigm; QA recommended
FR,insérer,Indicatif,Imparfait,vous,insériez,17,reviewed,accent-sensitive paradigm; QA recommended
FR,insérer,Indicatif,Imparfait,ils (elles),inséraient,17,reviewed,accent-sensitive paradigm; QA recommended
FR,insérer,Conditionnel,Conditionnel présent,je,insérerais,17,reviewed,accent-sensitive paradigm; QA recommended
FR,insérer,Conditionnel,Conditionnel présent,tu,insérerais,17,reviewed,accent-sensitive paradigm; QA recommended
FR,insérer,Conditionnel,Conditionnel présent,"il (elle, on)",insérerait,17,reviewed,accent-sensitive paradigm; QA recommended
FR,insérer,Conditionnel,Conditionnel présent,nous,insérerions,17,reviewed,accent-sensitive paradigm; QA recommended
FR,insérer,Conditionnel,Conditionnel présent,vous,inséreriez,17,reviewed,accent-sensitive paradigm; QA recommended
FR,insérer,Conditionnel,Conditionnel présent,ils (elles),inséreraient,17,reviewed,accent-sensitive paradigm; QA recommended
FR,insérer,Impératif,Impératif,je,-,17,reviewed,accent-sensitive paradigm; QA recommended; French imperative only uses tu / nous / vous; placeholder - used for unsupported slot
FR,insérer,Impératif,Impératif,tu,insère,17,reviewed,accent-sensitive paradigm; QA recommended
FR,insérer,Impératif,Impératif,"il (elle, on)",-,17,reviewed,accent-sensitive paradigm; QA recommended; French imperative only uses tu / nous / vous; placeholder - used for unsupported slot
FR,insérer,Impératif,Impératif,nous,insérons,17,reviewed,accent-sensitive paradigm; QA recommended
FR,insérer,Impératif,Impératif,vous,insérez,17,reviewed,accent-sensitive paradigm; QA recommended
FR,insérer,Impératif,Impératif,ils (elles),-,17,reviewed,accent-sensitive paradigm; QA recommended; French imperative only uses tu / nous / vous; placeholder - used for unsupported slot
FR,insérer,Subjonctif,Subjonctif présent,je,insère,17,reviewed,accent-sensitive paradigm; QA recommended
FR,insérer,Subjonctif,Subjonctif présent,tu,insères,17,reviewed,accent-sensitive paradigm; QA recommended
FR,insérer,Subjonctif,Subjonctif présent,"il (elle, on)",insère,17,reviewed,accent-sensitive paradigm; QA recommended
FR,insérer,Subjonctif,Subjonctif présent,nous,insérions,17,reviewed,accent-sensitive paradigm; QA recommended
FR,insérer,Subjonctif,Subjonctif présent,vous,insériez,17,reviewed,accent-sensitive paradigm; QA recommended
FR,insérer,Subjonctif,Subjonctif présent,ils (elles),insèrent,17,reviewed,accent-sensitive paradigm; QA recommended
FR,insérer,Indicatif,Passé Simple,je,insérai,17,reviewed,accent-sensitive paradigm; QA recommended
FR,insérer,Indicatif,Passé Simple,tu,inséras,17,reviewed,accent-sensitive paradigm; QA recommended
FR,insérer,Indicatif,Passé Simple,"il (elle, on)",inséra,17,reviewed,accent-sensitive paradigm; QA recommended
FR,insérer,Indicatif,Passé Simple,nous,insérâmes,17,reviewed,accent-sensitive paradigm; QA recommended
FR,insérer,Indicatif,Passé Simple,vous,insérâtes,17,reviewed,accent-sensitive paradigm; QA recommended
FR,insérer,Indicatif,Passé Simple,ils (elles),insérèrent,17,reviewed,accent-sensitive paradigm; QA recommended
FR,insérer,Subjonctif,Subjonctif imparfait,je,insérasse,17,reviewed,accent-sensitive paradigm; QA recommended
FR,insérer,Subjonctif,Subjonctif imparfait,tu,insérasses,17,reviewed,accent-sensitive paradigm; QA recommended
FR,insérer,Subjonctif,Subjonctif imparfait,"il (elle, on)",insérât,17,reviewed,accent-sensitive paradigm; QA recommended
FR,insérer,Subjonctif,Subjonctif imparfait,nous,insérassions,17,reviewed,accent-sensitive paradigm; QA recommended
FR,insérer,Subjonctif,Subjonctif imparfait,vous,insérassiez,17,reviewed,accent-sensitive paradigm; QA recommended
FR,insérer,Subjonctif,Subjonctif imparfait,ils (elles),insérassent,17,reviewed,accent-sensitive paradigm; QA recommended
FR,accommoder,Indicatif,Présent,je,accommode,17,reviewed,
FR,accommoder,Indicatif,Présent,tu,accommodes,17,reviewed,
FR,accommoder,Indicatif,Présent,"il (elle, on)",accommode,17,reviewed,
FR,accommoder,Indicatif,Présent,nous,accommodons,17,reviewed,
FR,accommoder,Indicatif,Présent,vous,accommodez,17,reviewed,
FR,accommoder,Indicatif,Présent,ils (elles),accommodent,17,reviewed,
FR,accommoder,Indicatif,Futur,je,accommoderai,17,reviewed,
FR,accommoder,Indicatif,Futur,tu,accommoderas,17,reviewed,
FR,accommoder,Indicatif,Futur,"il (elle, on)",accommodera,17,reviewed,
FR,accommoder,Indicatif,Futur,nous,accommoderons,17,reviewed,
FR,accommoder,Indicatif,Futur,vous,accommoderez,17,reviewed,
FR,accommoder,Indicatif,Futur,ils (elles),accommoderont,17,reviewed,
FR,accommoder,Indicatif,Passé composé,je,ai accommodé,17,reviewed,
FR,accommoder,Indicatif,Passé composé,tu,as accommodé,17,reviewed,
FR,accommoder,Indicatif,Passé composé,"il (elle, on)",a accommodé,17,reviewed,
FR,accommoder,Indicatif,Passé composé,nous,avons accommodé,17,reviewed,
FR,accommoder,Indicatif,Passé composé,vous,avez accommodé,17,reviewed,
FR,accommoder,Indicatif,Passé composé,ils (elles),ont accommodé,17,reviewed,
FR,accommoder,Indicatif,Imparfait,je,accommodais,17,reviewed,
FR,accommoder,Indicatif,Imparfait,tu,accommodais,17,reviewed,
FR,accommoder,Indicatif,Imparfait,"il (elle, on)",accommodait,17,reviewed,
FR,accommoder,Indicatif,Imparfait,nous,accommodions,17,reviewed,
FR,accommoder,Indicatif,Imparfait,vous,accommodiez,17,reviewed,
FR,accommoder,Indicatif,Imparfait,ils (elles),accommodaient,17,reviewed,
FR,accommoder,Conditionnel,Conditionnel présent,je,accommoderais,17,reviewed,
FR,accommoder,Conditionnel,Conditionnel présent,tu,accommoderais,17,reviewed,
FR,accommoder,Conditionnel,Conditionnel présent,"il (elle, on)",accommoderait,17,reviewed,
FR,accommoder,Conditionnel,Conditionnel présent,nous,accommoderions,17,reviewed,
FR,accommoder,Conditionnel,Conditionnel présent,vous,accommoderiez,17,reviewed,
FR,accommoder,Conditionnel,Conditionnel présent,ils (elles),accommoderaient,17,reviewed,
FR,accommoder,Impératif,Impératif,je,-,17,reviewed,French imperative only uses tu / nous / vous; placeholder - used for unsupported slot
FR,accommoder,Impératif,Impératif,tu,accommode,17,reviewed,
FR,accommoder,Impératif,Impératif,"il (elle, on)",-,17,reviewed,French imperative only uses tu / nous / vous; placeholder - used for unsupported slot
FR,accommoder,Impératif,Impératif,nous,accommodons,17,reviewed,
FR,accommoder,Impératif,Impératif,vous,accommodez,17,reviewed,
FR,accommoder,Impératif,Impératif,ils (elles),-,17,reviewed,French imperative only uses tu / nous / vous; placeholder - used for unsupported slot
FR,accommoder,Subjonctif,Subjonctif présent,je,accommode,17,reviewed,
FR,accommoder,Subjonctif,Subjonctif présent,tu,accommodes,17,reviewed,
FR,accommoder,Subjonctif,Subjonctif présent,"il (elle, on)",accommode,17,reviewed,
FR,accommoder,Subjonctif,Subjonctif présent,nous,accommodions,17,reviewed,
FR,accommoder,Subjonctif,Subjonctif présent,vous,accommodiez,17,reviewed,
FR,accommoder,Subjonctif,Subjonctif présent,ils (elles),accommodent,17,reviewed,
FR,accommoder,Indicatif,Passé Simple,je,accommodai,17,reviewed,
FR,accommoder,Indicatif,Passé Simple,tu,accommodas,17,reviewed,
FR,accommoder,Indicatif,Passé Simple,"il (elle, on)",accommoda,17,reviewed,
FR,accommoder,Indicatif,Passé Simple,nous,accommodâmes,17,reviewed,
FR,accommoder,Indicatif,Passé Simple,vous,accommodâtes,17,reviewed,
FR,accommoder,Indicatif,Passé Simple,ils (elles),accommodèrent,17,reviewed,
FR,accommoder,Subjonctif,Subjonctif imparfait,je,accommodasse,17,reviewed,
FR,accommoder,Subjonctif,Subjonctif imparfait,tu,accommodasses,17,reviewed,
FR,accommoder,Subjonctif,Subjonctif imparfait,"il (elle, on)",accommodât,17,reviewed,
FR,accommoder,Subjonctif,Subjonctif imparfait,nous,accommodassions,17,reviewed,
FR,accommoder,Subjonctif,Subjonctif imparfait,vous,accommodassiez,17,reviewed,
FR,accommoder,Subjonctif,Subjonctif imparfait,ils (elles),accommodassent,17,reviewed,
FR,énumérer,Indicatif,Présent,je,énumère,17,reviewed,accent-sensitive paradigm; QA recommended
FR,énumérer,Indicatif,Présent,tu,énumères,17,reviewed,accent-sensitive paradigm; QA recommended
FR,énumérer,Indicatif,Présent,"il (elle, on)",énumère,17,reviewed,accent-sensitive paradigm; QA recommended
FR,énumérer,Indicatif,Présent,nous,énumérons,17,reviewed,accent-sensitive paradigm; QA recommended
FR,énumérer,Indicatif,Présent,vous,énumérez,17,reviewed,accent-sensitive paradigm; QA recommended
FR,énumérer,Indicatif,Présent,ils (elles),énumèrent,17,reviewed,accent-sensitive paradigm; QA recommended
FR,énumérer,Indicatif,Futur,je,énumérerai,17,reviewed,accent-sensitive paradigm; QA recommended
FR,énumérer,Indicatif,Futur,tu,énuméreras,17,reviewed,accent-sensitive paradigm; QA recommended
FR,énumérer,Indicatif,Futur,"il (elle, on)",énumérera,17,reviewed,accent-sensitive paradigm; QA recommended
FR,énumérer,Indicatif,Futur,nous,énumérerons,17,reviewed,accent-sensitive paradigm; QA recommended
FR,énumérer,Indicatif,Futur,vous,énumérerez,17,reviewed,accent-sensitive paradigm; QA recommended
FR,énumérer,Indicatif,Futur,ils (elles),énuméreront,17,reviewed,accent-sensitive paradigm; QA recommended
FR,énumérer,Indicatif,Passé composé,je,ai énuméré,17,reviewed,accent-sensitive paradigm; QA recommended
FR,énumérer,Indicatif,Passé composé,tu,as énuméré,17,reviewed,accent-sensitive paradigm; QA recommended
FR,énumérer,Indicatif,Passé composé,"il (elle, on)",a énuméré,17,reviewed,accent-sensitive paradigm; QA recommended
FR,énumérer,Indicatif,Passé composé,nous,avons énuméré,17,reviewed,accent-sensitive paradigm; QA recommended
FR,énumérer,Indicatif,Passé composé,vous,avez énuméré,17,reviewed,accent-sensitive paradigm; QA recommended
FR,énumérer,Indicatif,Passé composé,ils (elles),ont énuméré,17,reviewed,accent-sensitive paradigm; QA recommended
FR,énumérer,Indicatif,Imparfait,je,énumérais,17,reviewed,accent-sensitive paradigm; QA recommended
FR,énumérer,Indicatif,Imparfait,tu,énumérais,17,reviewed,accent-sensitive paradigm; QA recommended
FR,énumérer,Indicatif,Imparfait,"il (elle, on)",énumérait,17,reviewed,accent-sensitive paradigm; QA recommended
FR,énumérer,Indicatif,Imparfait,nous,énumérions,17,reviewed,accent-sensitive paradigm; QA recommended
FR,énumérer,Indicatif,Imparfait,vous,énumériez,17,reviewed,accent-sensitive paradigm; QA recommended
FR,énumérer,Indicatif,Imparfait,ils (elles),énuméraient,17,reviewed,accent-sensitive paradigm; QA recommended
FR,énumérer,Conditionnel,Conditionnel présent,je,énumérerais,17,reviewed,accent-sensitive paradigm; QA recommended
FR,énumérer,Conditionnel,Conditionnel présent,tu,énumérerais,17,reviewed,accent-sensitive paradigm; QA recommended
FR,énumérer,Conditionnel,Conditionnel présent,"il (elle, on)",énumérerait,17,reviewed,accent-sensitive paradigm; QA recommended
FR,énumérer,Conditionnel,Conditionnel présent,nous,énumérerions,17,reviewed,accent-sensitive paradigm; QA recommended
FR,énumérer,Conditionnel,Conditionnel présent,vous,énuméreriez,17,reviewed,accent-sensitive paradigm; QA recommended
FR,énumérer,Conditionnel,Conditionnel présent,ils (elles),énuméreraient,17,reviewed,accent-sensitive paradigm; QA recommended
FR,énumérer,Impératif,Impératif,je,-,17,reviewed,accent-sensitive paradigm; QA recommended; French imperative only uses tu / nous / vous; placeholder - used for unsupported slot
FR,énumérer,Impératif,Impératif,tu,énumère,17,reviewed,accent-sensitive paradigm; QA recommended
FR,énumérer,Impératif,Impératif,"il (elle, on)",-,17,reviewed,accent-sensitive paradigm; QA recommended; French imperative only uses tu / nous / vous; placeholder - used for unsupported slot
FR,énumérer,Impératif,Impératif,nous,énumérons,17,reviewed,accent-sensitive paradigm; QA recommended
FR,énumérer,Impératif,Impératif,vous,énumérez,17,reviewed,accent-sensitive paradigm; QA recommended
FR,énumérer,Impératif,Impératif,ils (elles),-,17,reviewed,accent-sensitive paradigm; QA recommended; French imperative only uses tu / nous / vous; placeholder - used for unsupported slot
FR,énumérer,Subjonctif,Subjonctif présent,je,énumère,17,reviewed,accent-sensitive paradigm; QA recommended
FR,énumérer,Subjonctif,Subjonctif présent,tu,énumères,17,reviewed,accent-sensitive paradigm; QA recommended
FR,énumérer,Subjonctif,Subjonctif présent,"il (elle, on)",énumère,17,reviewed,accent-sensitive paradigm; QA recommended
FR,énumérer,Subjonctif,Subjonctif présent,nous,énumérions,17,reviewed,accent-sensitive paradigm; QA recommended
FR,énumérer,Subjonctif,Subjonctif présent,vous,énumériez,17,reviewed,accent-sensitive paradigm; QA recommended
FR,énumérer,Subjonctif,Subjonctif présent,ils (elles),énumèrent,17,reviewed,accent-sensitive paradigm; QA recommended
FR,énumérer,Indicatif,Passé Simple,je,énumérai,17,reviewed,accent-sensitive paradigm; QA recommended
FR,énumérer,Indicatif,Passé Simple,tu,énuméras,17,reviewed,accent-sensitive paradigm; QA recommended
FR,énumérer,Indicatif,Passé Simple,"il (elle, on)",énuméra,17,reviewed,accent-sensitive paradigm; QA recommended
FR,énumérer,Indicatif,Passé Simple,nous,énumérâmes,17,reviewed,accent-sensitive paradigm; QA recommended
FR,énumérer,Indicatif,Passé Simple,vous,énumérâtes,17,reviewed,accent-sensitive paradigm; QA recommended
FR,énumérer,Indicatif,Passé Simple,ils (elles),énumérèrent,17,reviewed,accent-sensitive paradigm; QA recommended
FR,énumérer,Subjonctif,Subjonctif imparfait,je,énumérasse,17,reviewed,accent-sensitive paradigm; QA recommended
FR,énumérer,Subjonctif,Subjonctif imparfait,tu,énumérasses,17,reviewed,accent-sensitive paradigm; QA recommended
FR,énumérer,Subjonctif,Subjonctif imparfait,"il (elle, on)",énumérât,17,reviewed,accent-sensitive paradigm; QA recommended
FR,énumérer,Subjonctif,Subjonctif imparfait,nous,énumérassions,17,reviewed,accent-sensitive paradigm; QA recommended
FR,énumérer,Subjonctif,Subjonctif imparfait,vous,énumérassiez,17,reviewed,accent-sensitive paradigm; QA recommended
FR,énumérer,Subjonctif,Subjonctif imparfait,ils (elles),énumérassent,17,reviewed,accent-sensitive paradigm; QA recommended
FR,incliner,Indicatif,Présent,je,incline,17,reviewed,
FR,incliner,Indicatif,Présent,tu,inclines,17,reviewed,
FR,incliner,Indicatif,Présent,"il (elle, on)",incline,17,reviewed,
FR,incliner,Indicatif,Présent,nous,inclinons,17,reviewed,
FR,incliner,Indicatif,Présent,vous,inclinez,17,reviewed,
FR,incliner,Indicatif,Présent,ils (elles),inclinent,17,reviewed,
FR,incliner,Indicatif,Futur,je,inclinerai,17,reviewed,
FR,incliner,Indicatif,Futur,tu,inclineras,17,reviewed,
FR,incliner,Indicatif,Futur,"il (elle, on)",inclinera,17,reviewed,
FR,incliner,Indicatif,Futur,nous,inclinerons,17,reviewed,
FR,incliner,Indicatif,Futur,vous,inclinerez,17,reviewed,
FR,incliner,Indicatif,Futur,ils (elles),inclineront,17,reviewed,
FR,incliner,Indicatif,Passé composé,je,ai incliné,17,reviewed,
FR,incliner,Indicatif,Passé composé,tu,as incliné,17,reviewed,
FR,incliner,Indicatif,Passé composé,"il (elle, on)",a incliné,17,reviewed,
FR,incliner,Indicatif,Passé composé,nous,avons incliné,17,reviewed,
FR,incliner,Indicatif,Passé composé,vous,avez incliné,17,reviewed,
FR,incliner,Indicatif,Passé composé,ils (elles),ont incliné,17,reviewed,
FR,incliner,Indicatif,Imparfait,je,inclinais,17,reviewed,
FR,incliner,Indicatif,Imparfait,tu,inclinais,17,reviewed,
FR,incliner,Indicatif,Imparfait,"il (elle, on)",inclinait,17,reviewed,
FR,incliner,Indicatif,Imparfait,nous,inclinions,17,reviewed,
FR,incliner,Indicatif,Imparfait,vous,incliniez,17,reviewed,
FR,incliner,Indicatif,Imparfait,ils (elles),inclinaient,17,reviewed,
FR,incliner,Conditionnel,Conditionnel présent,je,inclinerais,17,reviewed,
FR,incliner,Conditionnel,Conditionnel présent,tu,inclinerais,17,reviewed,
FR,incliner,Conditionnel,Conditionnel présent,"il (elle, on)",inclinerait,17,reviewed,
FR,incliner,Conditionnel,Conditionnel présent,nous,inclinerions,17,reviewed,
FR,incliner,Conditionnel,Conditionnel présent,vous,inclineriez,17,reviewed,
FR,incliner,Conditionnel,Conditionnel présent,ils (elles),inclineraient,17,reviewed,
FR,incliner,Impératif,Impératif,je,-,17,reviewed,French imperative only uses tu / nous / vous; placeholder - used for unsupported slot
FR,incliner,Impératif,Impératif,tu,incline,17,reviewed,
FR,incliner,Impératif,Impératif,"il (elle, on)",-,17,reviewed,French imperative only uses tu / nous / vous; placeholder - used for unsupported slot
FR,incliner,Impératif,Impératif,nous,inclinons,17,reviewed,
FR,incliner,Impératif,Impératif,vous,inclinez,17,reviewed,
FR,incliner,Impératif,Impératif,ils (elles),-,17,reviewed,French imperative only uses tu / nous / vous; placeholder - used for unsupported slot
FR,incliner,Subjonctif,Subjonctif présent,je,incline,17,reviewed,
FR,incliner,Subjonctif,Subjonctif présent,tu,inclines,17,reviewed,
FR,incliner,Subjonctif,Subjonctif présent,"il (elle, on)",incline,17,reviewed,
FR,incliner,Subjonctif,Subjonctif présent,nous,inclinions,17,reviewed,
FR,incliner,Subjonctif,Subjonctif présent,vous,incliniez,17,reviewed,
FR,incliner,Subjonctif,Subjonctif présent,ils (elles),inclinent,17,reviewed,
FR,incliner,Indicatif,Passé Simple,je,inclinai,17,reviewed,
FR,incliner,Indicatif,Passé Simple,tu,inclinas,17,reviewed,
FR,incliner,Indicatif,Passé Simple,"il (elle, on)",inclina,17,reviewed,
FR,incliner,Indicatif,Passé Simple,nous,inclinâmes,17,reviewed,
FR,incliner,Indicatif,Passé Simple,vous,inclinâtes,17,reviewed,
FR,incliner,Indicatif,Passé Simple,ils (elles),inclinèrent,17,reviewed,
FR,incliner,Subjonctif,Subjonctif imparfait,je,inclinasse,17,reviewed,
FR,incliner,Subjonctif,Subjonctif imparfait,tu,inclinasses,17,reviewed,
FR,incliner,Subjonctif,Subjonctif imparfait,"il (elle, on)",inclinât,17,reviewed,
FR,incliner,Subjonctif,Subjonctif imparfait,nous,inclinassions,17,reviewed,
FR,incliner,Subjonctif,Subjonctif imparfait,vous,inclinassiez,17,reviewed,
FR,incliner,Subjonctif,Subjonctif imparfait,ils (elles),inclinassent,17,reviewed,
FR,convertir,Indicatif,Présent,je,convertis,17,reviewed,
FR,convertir,Indicatif,Présent,tu,convertis,17,reviewed,
FR,convertir,Indicatif,Présent,"il (elle, on)",convertit,17,reviewed,
FR,convertir,Indicatif,Présent,nous,convertissons,17,reviewed,
FR,convertir,Indicatif,Présent,vous,convertissez,17,reviewed,
FR,convertir,Indicatif,Présent,ils (elles),convertissent,17,reviewed,
FR,convertir,Indicatif,Futur,je,convertirai,17,reviewed,
FR,convertir,Indicatif,Futur,tu,convertiras,17,reviewed,
FR,convertir,Indicatif,Futur,"il (elle, on)",convertira,17,reviewed,
FR,convertir,Indicatif,Futur,nous,convertirons,17,reviewed,
FR,convertir,Indicatif,Futur,vous,convertirez,17,reviewed,
FR,convertir,Indicatif,Futur,ils (elles),convertiront,17,reviewed,
FR,convertir,Indicatif,Passé composé,je,ai converti,17,reviewed,
FR,convertir,Indicatif,Passé composé,tu,as converti,17,reviewed,
FR,convertir,Indicatif,Passé composé,"il (elle, on)",a converti,17,reviewed,
FR,convertir,Indicatif,Passé composé,nous,avons converti,17,reviewed,
FR,convertir,Indicatif,Passé composé,vous,avez converti,17,reviewed,
FR,convertir,Indicatif,Passé composé,ils (elles),ont converti,17,reviewed,
FR,convertir,Indicatif,Imparfait,je,convertissais,17,reviewed,
FR,convertir,Indicatif,Imparfait,tu,convertissais,17,reviewed,
FR,convertir,Indicatif,Imparfait,"il (elle, on)",convertissait,17,reviewed,
FR,convertir,Indicatif,Imparfait,nous,convertissions,17,reviewed,
FR,convertir,Indicatif,Imparfait,vous,convertissiez,17,reviewed,
FR,convertir,Indicatif,Imparfait,ils (elles),convertissaient,17,reviewed,
FR,convertir,Conditionnel,Conditionnel présent,je,convertirais,17,reviewed,
FR,convertir,Conditionnel,Conditionnel présent,tu,convertirais,17,reviewed,
FR,convertir,Conditionnel,Conditionnel présent,"il (elle, on)",convertirait,17,reviewed,
FR,convertir,Conditionnel,Conditionnel présent,nous,convertirions,17,reviewed,
FR,convertir,Conditionnel,Conditionnel présent,vous,convertiriez,17,reviewed,
FR,convertir,Conditionnel,Conditionnel présent,ils (elles),convertiraient,17,reviewed,
FR,convertir,Impératif,Impératif,je,-,17,reviewed,French imperative only uses tu / nous / vous; placeholder - used for unsupported slot
FR,convertir,Impératif,Impératif,tu,convertis,17,reviewed,
FR,convertir,Impératif,Impératif,"il (elle, on)",-,17,reviewed,French imperative only uses tu / nous / vous; placeholder - used for unsupported slot
FR,convertir,Impératif,Impératif,nous,convertissons,17,reviewed,
FR,convertir,Impératif,Impératif,vous,convertissez,17,reviewed,
FR,convertir,Impératif,Impératif,ils (elles),-,17,reviewed,French imperative only uses tu / nous / vous; placeholder - used for unsupported slot
FR,convertir,Subjonctif,Subjonctif présent,je,convertisse,17,reviewed,
FR,convertir,Subjonctif,Subjonctif présent,tu,convertisses,17,reviewed,
FR,convertir,Subjonctif,Subjonctif présent,"il (elle, on)",convertisse,17,reviewed,
FR,convertir,Subjonctif,Subjonctif présent,nous,convertissions,17,reviewed,
FR,convertir,Subjonctif,Subjonctif présent,vous,convertissiez,17,reviewed,
FR,convertir,Subjonctif,Subjonctif présent,ils (elles),convertissent,17,reviewed,
FR,convertir,Indicatif,Passé Simple,je,convertis,17,reviewed,
FR,convertir,Indicatif,Passé Simple,tu,convertis,17,reviewed,
FR,convertir,Indicatif,Passé Simple,"il (elle, on)",convertit,17,reviewed,
FR,convertir,Indicatif,Passé Simple,nous,convertîmes,17,reviewed,
FR,convertir,Indicatif,Passé Simple,vous,convertîtes,17,reviewed,
FR,convertir,Indicatif,Passé Simple,ils (elles),convertirent,17,reviewed,
FR,convertir,Subjonctif,Subjonctif imparfait,je,convertisse,17,reviewed,
FR,convertir,Subjonctif,Subjonctif imparfait,tu,convertisses,17,reviewed,
FR,convertir,Subjonctif,Subjonctif imparfait,"il (elle, on)",convertît,17,reviewed,
FR,convertir,Subjonctif,Subjonctif imparfait,nous,convertissions,17,reviewed,
FR,convertir,Subjonctif,Subjonctif imparfait,vous,convertissiez,17,reviewed,
FR,convertir,Subjonctif,Subjonctif imparfait,ils (elles),convertissent,17,reviewed,
FR,exploser,Indicatif,Présent,je,explose,17,reviewed,
FR,exploser,Indicatif,Présent,tu,exploses,17,reviewed,
FR,exploser,Indicatif,Présent,"il (elle, on)",explose,17,reviewed,
FR,exploser,Indicatif,Présent,nous,explosons,17,reviewed,
FR,exploser,Indicatif,Présent,vous,explosez,17,reviewed,
FR,exploser,Indicatif,Présent,ils (elles),explosent,17,reviewed,
FR,exploser,Indicatif,Futur,je,exploserai,17,reviewed,
FR,exploser,Indicatif,Futur,tu,exploseras,17,reviewed,
FR,exploser,Indicatif,Futur,"il (elle, on)",explosera,17,reviewed,
FR,exploser,Indicatif,Futur,nous,exploserons,17,reviewed,
FR,exploser,Indicatif,Futur,vous,exploserez,17,reviewed,
FR,exploser,Indicatif,Futur,ils (elles),exploseront,17,reviewed,
FR,exploser,Indicatif,Passé composé,je,ai explosé,17,reviewed,
FR,exploser,Indicatif,Passé composé,tu,as explosé,17,reviewed,
FR,exploser,Indicatif,Passé composé,"il (elle, on)",a explosé,17,reviewed,
FR,exploser,Indicatif,Passé composé,nous,avons explosé,17,reviewed,
FR,exploser,Indicatif,Passé composé,vous,avez explosé,17,reviewed,
FR,exploser,Indicatif,Passé composé,ils (elles),ont explosé,17,reviewed,
FR,exploser,Indicatif,Imparfait,je,explosais,17,reviewed,
FR,exploser,Indicatif,Imparfait,tu,explosais,17,reviewed,
FR,exploser,Indicatif,Imparfait,"il (elle, on)",explosait,17,reviewed,
FR,exploser,Indicatif,Imparfait,nous,explosions,17,reviewed,
FR,exploser,Indicatif,Imparfait,vous,explosiez,17,reviewed,
FR,exploser,Indicatif,Imparfait,ils (elles),explosaient,17,reviewed,
FR,exploser,Conditionnel,Conditionnel présent,je,exploserais,17,reviewed,
FR,exploser,Conditionnel,Conditionnel présent,tu,exploserais,17,reviewed,
FR,exploser,Conditionnel,Conditionnel présent,"il (elle, on)",exploserait,17,reviewed,
FR,exploser,Conditionnel,Conditionnel présent,nous,exploserions,17,reviewed,
FR,exploser,Conditionnel,Conditionnel présent,vous,exploseriez,17,reviewed,
FR,exploser,Conditionnel,Conditionnel présent,ils (elles),exploseraient,17,reviewed,
FR,exploser,Impératif,Impératif,je,-,17,reviewed,French imperative only uses tu / nous / vous; placeholder - used for unsupported slot
FR,exploser,Impératif,Impératif,tu,explose,17,reviewed,
FR,exploser,Impératif,Impératif,"il (elle, on)",-,17,reviewed,French imperative only uses tu / nous / vous; placeholder - used for unsupported slot
FR,exploser,Impératif,Impératif,nous,explosons,17,reviewed,
FR,exploser,Impératif,Impératif,vous,explosez,17,reviewed,
FR,exploser,Impératif,Impératif,ils (elles),-,17,reviewed,French imperative only uses tu / nous / vous; placeholder - used for unsupported slot
FR,exploser,Subjonctif,Subjonctif présent,je,explose,17,reviewed,
FR,exploser,Subjonctif,Subjonctif présent,tu,exploses,17,reviewed,
FR,exploser,Subjonctif,Subjonctif présent,"il (elle, on)",explose,17,reviewed,
FR,exploser,Subjonctif,Subjonctif présent,nous,explosions,17,reviewed,
FR,exploser,Subjonctif,Subjonctif présent,vous,explosiez,17,reviewed,
FR,exploser,Subjonctif,Subjonctif présent,ils (elles),explosent,17,reviewed,
FR,exploser,Indicatif,Passé Simple,je,explosai,17,reviewed,
FR,exploser,Indicatif,Passé Simple,tu,explosas,17,reviewed,
FR,exploser,Indicatif,Passé Simple,"il (elle, on)",explosa,17,reviewed,
FR,exploser,Indicatif,Passé Simple,nous,explosâmes,17,reviewed,
FR,exploser,Indicatif,Passé Simple,vous,explosâtes,17,reviewed,
FR,exploser,Indicatif,Passé Simple,ils (elles),explosèrent,17,reviewed,
FR,exploser,Subjonctif,Subjonctif imparfait,je,explosasse,17,reviewed,
FR,exploser,Subjonctif,Subjonctif imparfait,tu,explosasses,17,reviewed,
FR,exploser,Subjonctif,Subjonctif imparfait,"il (elle, on)",explosât,17,reviewed,
FR,exploser,Subjonctif,Subjonctif imparfait,nous,explosassions,17,reviewed,
FR,exploser,Subjonctif,Subjonctif imparfait,vous,explosassiez,17,reviewed,
FR,exploser,Subjonctif,Subjonctif imparfait,ils (elles),explosassent,17,reviewed,
FR,redire,Indicatif,Présent,je,redis,17,reviewed,dire-family paradigm; past participle redit used; QA recommended
FR,redire,Indicatif,Présent,tu,redis,17,reviewed,dire-family paradigm; past participle redit used; QA recommended
FR,redire,Indicatif,Présent,"il (elle, on)",redit,17,reviewed,dire-family paradigm; past participle redit used; QA recommended
FR,redire,Indicatif,Présent,nous,redisons,17,reviewed,dire-family paradigm; past participle redit used; QA recommended
FR,redire,Indicatif,Présent,vous,redites,17,reviewed,dire-family paradigm; past participle redit used; QA recommended
FR,redire,Indicatif,Présent,ils (elles),redisent,17,reviewed,dire-family paradigm; past participle redit used; QA recommended
FR,redire,Indicatif,Futur,je,redirai,17,reviewed,dire-family paradigm; past participle redit used; QA recommended
FR,redire,Indicatif,Futur,tu,rediras,17,reviewed,dire-family paradigm; past participle redit used; QA recommended
FR,redire,Indicatif,Futur,"il (elle, on)",redira,17,reviewed,dire-family paradigm; past participle redit used; QA recommended
FR,redire,Indicatif,Futur,nous,redirons,17,reviewed,dire-family paradigm; past participle redit used; QA recommended
FR,redire,Indicatif,Futur,vous,redirez,17,reviewed,dire-family paradigm; past participle redit used; QA recommended
FR,redire,Indicatif,Futur,ils (elles),rediront,17,reviewed,dire-family paradigm; past participle redit used; QA recommended
FR,redire,Indicatif,Passé composé,je,ai redit,17,reviewed,dire-family paradigm; past participle redit used; QA recommended
FR,redire,Indicatif,Passé composé,tu,as redit,17,reviewed,dire-family paradigm; past participle redit used; QA recommended
FR,redire,Indicatif,Passé composé,"il (elle, on)",a redit,17,reviewed,dire-family paradigm; past participle redit used; QA recommended
FR,redire,Indicatif,Passé composé,nous,avons redit,17,reviewed,dire-family paradigm; past participle redit used; QA recommended
FR,redire,Indicatif,Passé composé,vous,avez redit,17,reviewed,dire-family paradigm; past participle redit used; QA recommended
FR,redire,Indicatif,Passé composé,ils (elles),ont redit,17,reviewed,dire-family paradigm; past participle redit used; QA recommended
FR,redire,Indicatif,Imparfait,je,redisais,17,reviewed,dire-family paradigm; past participle redit used; QA recommended
FR,redire,Indicatif,Imparfait,tu,redisais,17,reviewed,dire-family paradigm; past participle redit used; QA recommended
FR,redire,Indicatif,Imparfait,"il (elle, on)",redisait,17,reviewed,dire-family paradigm; past participle redit used; QA recommended
FR,redire,Indicatif,Imparfait,nous,redisions,17,reviewed,dire-family paradigm; past participle redit used; QA recommended
FR,redire,Indicatif,Imparfait,vous,redisiez,17,reviewed,dire-family paradigm; past participle redit used; QA recommended
FR,redire,Indicatif,Imparfait,ils (elles),redisaient,17,reviewed,dire-family paradigm; past participle redit used; QA recommended
FR,redire,Conditionnel,Conditionnel présent,je,redirais,17,reviewed,dire-family paradigm; past participle redit used; QA recommended
FR,redire,Conditionnel,Conditionnel présent,tu,redirais,17,reviewed,dire-family paradigm; past participle redit used; QA recommended
FR,redire,Conditionnel,Conditionnel présent,"il (elle, on)",redirait,17,reviewed,dire-family paradigm; past participle redit used; QA recommended
FR,redire,Conditionnel,Conditionnel présent,nous,redirions,17,reviewed,dire-family paradigm; past participle redit used; QA recommended
FR,redire,Conditionnel,Conditionnel présent,vous,rediriez,17,reviewed,dire-family paradigm; past participle redit used; QA recommended
FR,redire,Conditionnel,Conditionnel présent,ils (elles),rediraient,17,reviewed,dire-family paradigm; past participle redit used; QA recommended
FR,redire,Impératif,Impératif,je,-,17,reviewed,dire-family paradigm; past participle redit used; QA recommended; French imperative only uses tu / nous / vous; placeholder - used for unsupported slot
FR,redire,Impératif,Impératif,tu,redis,17,reviewed,dire-family paradigm; past participle redit used; QA recommended
FR,redire,Impératif,Impératif,"il (elle, on)",-,17,reviewed,dire-family paradigm; past participle redit used; QA recommended; French imperative only uses tu / nous / vous; placeholder - used for unsupported slot
FR,redire,Impératif,Impératif,nous,redisons,17,reviewed,dire-family paradigm; past participle redit used; QA recommended
FR,redire,Impératif,Impératif,vous,redites,17,reviewed,dire-family paradigm; past participle redit used; QA recommended
FR,redire,Impératif,Impératif,ils (elles),-,17,reviewed,dire-family paradigm; past participle redit used; QA recommended; French imperative only uses tu / nous / vous; placeholder - used for unsupported slot
FR,redire,Subjonctif,Subjonctif présent,je,redise,17,reviewed,dire-family paradigm; past participle redit used; QA recommended
FR,redire,Subjonctif,Subjonctif présent,tu,redises,17,reviewed,dire-family paradigm; past participle redit used; QA recommended
FR,redire,Subjonctif,Subjonctif présent,"il (elle, on)",redise,17,reviewed,dire-family paradigm; past participle redit used; QA recommended
FR,redire,Subjonctif,Subjonctif présent,nous,redisions,17,reviewed,dire-family paradigm; past participle redit used; QA recommended
FR,redire,Subjonctif,Subjonctif présent,vous,redisiez,17,reviewed,dire-family paradigm; past participle redit used; QA recommended
FR,redire,Subjonctif,Subjonctif présent,ils (elles),redisent,17,reviewed,dire-family paradigm; past participle redit used; QA recommended
FR,redire,Indicatif,Passé Simple,je,redis,17,reviewed,dire-family paradigm; past participle redit used; QA recommended
FR,redire,Indicatif,Passé Simple,tu,redis,17,reviewed,dire-family paradigm; past participle redit used; QA recommended
FR,redire,Indicatif,Passé Simple,"il (elle, on)",redit,17,reviewed,dire-family paradigm; past participle redit used; QA recommended
FR,redire,Indicatif,Passé Simple,nous,redîmes,17,reviewed,dire-family paradigm; past participle redit used; QA recommended
FR,redire,Indicatif,Passé Simple,vous,redîtes,17,reviewed,dire-family paradigm; past participle redit used; QA recommended
FR,redire,Indicatif,Passé Simple,ils (elles),redirent,17,reviewed,dire-family paradigm; past participle redit used; QA recommended
FR,redire,Subjonctif,Subjonctif imparfait,je,redisse,17,reviewed,dire-family paradigm; past participle redit used; QA recommended
FR,redire,Subjonctif,Subjonctif imparfait,tu,redisses,17,reviewed,dire-family paradigm; past participle redit used; QA recommended
FR,redire,Subjonctif,Subjonctif imparfait,"il (elle, on)",redît,17,reviewed,dire-family paradigm; past participle redit used; QA recommended
FR,redire,Subjonctif,Subjonctif imparfait,nous,redissions,17,reviewed,dire-family paradigm; past participle redit used; QA recommended
FR,redire,Subjonctif,Subjonctif imparfait,vous,redissiez,17,reviewed,dire-family paradigm; past participle redit used; QA recommended
FR,redire,Subjonctif,Subjonctif imparfait,ils (elles),redissent,17,reviewed,dire-family paradigm; past participle redit used; QA recommended
FR,méconnaître,Indicatif,Présent,je,méconnais,17,reviewed,connaître-family paradigm; past participle méconnu used; QA recommended
FR,méconnaître,Indicatif,Présent,tu,méconnais,17,reviewed,connaître-family paradigm; past participle méconnu used; QA recommended
FR,méconnaître,Indicatif,Présent,"il (elle, on)",méconnaît,17,reviewed,connaître-family paradigm; past participle méconnu used; QA recommended
FR,méconnaître,Indicatif,Présent,nous,méconnaissons,17,reviewed,connaître-family paradigm; past participle méconnu used; QA recommended
FR,méconnaître,Indicatif,Présent,vous,méconnaissez,17,reviewed,connaître-family paradigm; past participle méconnu used; QA recommended
FR,méconnaître,Indicatif,Présent,ils (elles),méconnaissent,17,reviewed,connaître-family paradigm; past participle méconnu used; QA recommended
FR,méconnaître,Indicatif,Futur,je,méconnaîtrai,17,reviewed,connaître-family paradigm; past participle méconnu used; QA recommended
FR,méconnaître,Indicatif,Futur,tu,méconnaîtras,17,reviewed,connaître-family paradigm; past participle méconnu used; QA recommended
FR,méconnaître,Indicatif,Futur,"il (elle, on)",méconnaîtra,17,reviewed,connaître-family paradigm; past participle méconnu used; QA recommended
FR,méconnaître,Indicatif,Futur,nous,méconnaîtrons,17,reviewed,connaître-family paradigm; past participle méconnu used; QA recommended
FR,méconnaître,Indicatif,Futur,vous,méconnaîtrez,17,reviewed,connaître-family paradigm; past participle méconnu used; QA recommended
FR,méconnaître,Indicatif,Futur,ils (elles),méconnaîtront,17,reviewed,connaître-family paradigm; past participle méconnu used; QA recommended
FR,méconnaître,Indicatif,Passé composé,je,ai méconnu,17,reviewed,connaître-family paradigm; past participle méconnu used; QA recommended
FR,méconnaître,Indicatif,Passé composé,tu,as méconnu,17,reviewed,connaître-family paradigm; past participle méconnu used; QA recommended
FR,méconnaître,Indicatif,Passé composé,"il (elle, on)",a méconnu,17,reviewed,connaître-family paradigm; past participle méconnu used; QA recommended
FR,méconnaître,Indicatif,Passé composé,nous,avons méconnu,17,reviewed,connaître-family paradigm; past participle méconnu used; QA recommended
FR,méconnaître,Indicatif,Passé composé,vous,avez méconnu,17,reviewed,connaître-family paradigm; past participle méconnu used; QA recommended
FR,méconnaître,Indicatif,Passé composé,ils (elles),ont méconnu,17,reviewed,connaître-family paradigm; past participle méconnu used; QA recommended
FR,méconnaître,Indicatif,Imparfait,je,méconnaissais,17,reviewed,connaître-family paradigm; past participle méconnu used; QA recommended
FR,méconnaître,Indicatif,Imparfait,tu,méconnaissais,17,reviewed,connaître-family paradigm; past participle méconnu used; QA recommended
FR,méconnaître,Indicatif,Imparfait,"il (elle, on)",méconnaissait,17,reviewed,connaître-family paradigm; past participle méconnu used; QA recommended
FR,méconnaître,Indicatif,Imparfait,nous,méconnaissions,17,reviewed,connaître-family paradigm; past participle méconnu used; QA recommended
FR,méconnaître,Indicatif,Imparfait,vous,méconnaissiez,17,reviewed,connaître-family paradigm; past participle méconnu used; QA recommended
FR,méconnaître,Indicatif,Imparfait,ils (elles),méconnaissaient,17,reviewed,connaître-family paradigm; past participle méconnu used; QA recommended
FR,méconnaître,Conditionnel,Conditionnel présent,je,méconnaîtrais,17,reviewed,connaître-family paradigm; past participle méconnu used; QA recommended
FR,méconnaître,Conditionnel,Conditionnel présent,tu,méconnaîtrais,17,reviewed,connaître-family paradigm; past participle méconnu used; QA recommended
FR,méconnaître,Conditionnel,Conditionnel présent,"il (elle, on)",méconnaîtrait,17,reviewed,connaître-family paradigm; past participle méconnu used; QA recommended
FR,méconnaître,Conditionnel,Conditionnel présent,nous,méconnaîtrions,17,reviewed,connaître-family paradigm; past participle méconnu used; QA recommended
FR,méconnaître,Conditionnel,Conditionnel présent,vous,méconnaîtriez,17,reviewed,connaître-family paradigm; past participle méconnu used; QA recommended
FR,méconnaître,Conditionnel,Conditionnel présent,ils (elles),méconnaîtraient,17,reviewed,connaître-family paradigm; past participle méconnu used; QA recommended
FR,méconnaître,Impératif,Impératif,je,-,17,reviewed,connaître-family paradigm; past participle méconnu used; QA recommended; French imperative only uses tu / nous / vous; placeholder - used for unsupported slot
FR,méconnaître,Impératif,Impératif,tu,méconnais,17,reviewed,connaître-family paradigm; past participle méconnu used; QA recommended
FR,méconnaître,Impératif,Impératif,"il (elle, on)",-,17,reviewed,connaître-family paradigm; past participle méconnu used; QA recommended; French imperative only uses tu / nous / vous; placeholder - used for unsupported slot
FR,méconnaître,Impératif,Impératif,nous,méconnaissons,17,reviewed,connaître-family paradigm; past participle méconnu used; QA recommended
FR,méconnaître,Impératif,Impératif,vous,méconnaissez,17,reviewed,connaître-family paradigm; past participle méconnu used; QA recommended
FR,méconnaître,Impératif,Impératif,ils (elles),-,17,reviewed,connaître-family paradigm; past participle méconnu used; QA recommended; French imperative only uses tu / nous / vous; placeholder - used for unsupported slot
FR,méconnaître,Subjonctif,Subjonctif présent,je,méconnaisse,17,reviewed,connaître-family paradigm; past participle méconnu used; QA recommended
FR,méconnaître,Subjonctif,Subjonctif présent,tu,méconnaisses,17,reviewed,connaître-family paradigm; past participle méconnu used; QA recommended
FR,méconnaître,Subjonctif,Subjonctif présent,"il (elle, on)",méconnaisse,17,reviewed,connaître-family paradigm; past participle méconnu used; QA recommended
FR,méconnaître,Subjonctif,Subjonctif présent,nous,méconnaissions,17,reviewed,connaître-family paradigm; past participle méconnu used; QA recommended
FR,méconnaître,Subjonctif,Subjonctif présent,vous,méconnaissiez,17,reviewed,connaître-family paradigm; past participle méconnu used; QA recommended
FR,méconnaître,Subjonctif,Subjonctif présent,ils (elles),méconnaissent,17,reviewed,connaître-family paradigm; past participle méconnu used; QA recommended
FR,méconnaître,Indicatif,Passé Simple,je,méconnus,17,reviewed,connaître-family paradigm; past participle méconnu used; QA recommended
FR,méconnaître,Indicatif,Passé Simple,tu,méconnus,17,reviewed,connaître-family paradigm; past participle méconnu used; QA recommended
FR,méconnaître,Indicatif,Passé Simple,"il (elle, on)",méconnut,17,reviewed,connaître-family paradigm; past participle méconnu used; QA recommended
FR,méconnaître,Indicatif,Passé Simple,nous,méconnûmes,17,reviewed,connaître-family paradigm; past participle méconnu used; QA recommended
FR,méconnaître,Indicatif,Passé Simple,vous,méconnûtes,17,reviewed,connaître-family paradigm; past participle méconnu used; QA recommended
FR,méconnaître,Indicatif,Passé Simple,ils (elles),méconnurent,17,reviewed,connaître-family paradigm; past participle méconnu used; QA recommended
FR,méconnaître,Subjonctif,Subjonctif imparfait,je,méconnusse,17,reviewed,connaître-family paradigm; past participle méconnu used; QA recommended
FR,méconnaître,Subjonctif,Subjonctif imparfait,tu,méconnusses,17,reviewed,connaître-family paradigm; past participle méconnu used; QA recommended
FR,méconnaître,Subjonctif,Subjonctif imparfait,"il (elle, on)",méconnût,17,reviewed,connaître-family paradigm; past participle méconnu used; QA recommended
FR,méconnaître,Subjonctif,Subjonctif imparfait,nous,méconnussions,17,reviewed,connaître-family paradigm; past participle méconnu used; QA recommended
FR,méconnaître,Subjonctif,Subjonctif imparfait,vous,méconnussiez,17,reviewed,connaître-family paradigm; past participle méconnu used; QA recommended
FR,méconnaître,Subjonctif,Subjonctif imparfait,ils (elles),méconnussent,17,reviewed,connaître-family paradigm; past participle méconnu used; QA recommended
FR,rallier,Indicatif,Présent,je,rallie,17,reviewed,
FR,rallier,Indicatif,Présent,tu,rallies,17,reviewed,
FR,rallier,Indicatif,Présent,"il (elle, on)",rallie,17,reviewed,
FR,rallier,Indicatif,Présent,nous,rallions,17,reviewed,
FR,rallier,Indicatif,Présent,vous,ralliez,17,reviewed,
FR,rallier,Indicatif,Présent,ils (elles),rallient,17,reviewed,
FR,rallier,Indicatif,Futur,je,rallierai,17,reviewed,
FR,rallier,Indicatif,Futur,tu,rallieras,17,reviewed,
FR,rallier,Indicatif,Futur,"il (elle, on)",ralliera,17,reviewed,
FR,rallier,Indicatif,Futur,nous,rallierons,17,reviewed,
FR,rallier,Indicatif,Futur,vous,rallierez,17,reviewed,
FR,rallier,Indicatif,Futur,ils (elles),rallieront,17,reviewed,
FR,rallier,Indicatif,Passé composé,je,ai rallié,17,reviewed,
FR,rallier,Indicatif,Passé composé,tu,as rallié,17,reviewed,
FR,rallier,Indicatif,Passé composé,"il (elle, on)",a rallié,17,reviewed,
FR,rallier,Indicatif,Passé composé,nous,avons rallié,17,reviewed,
FR,rallier,Indicatif,Passé composé,vous,avez rallié,17,reviewed,
FR,rallier,Indicatif,Passé composé,ils (elles),ont rallié,17,reviewed,
FR,rallier,Indicatif,Imparfait,je,ralliais,17,reviewed,
FR,rallier,Indicatif,Imparfait,tu,ralliais,17,reviewed,
FR,rallier,Indicatif,Imparfait,"il (elle, on)",ralliait,17,reviewed,
FR,rallier,Indicatif,Imparfait,nous,ralliions,17,reviewed,
FR,rallier,Indicatif,Imparfait,vous,ralliiez,17,reviewed,
FR,rallier,Indicatif,Imparfait,ils (elles),ralliaient,17,reviewed,
FR,rallier,Conditionnel,Conditionnel présent,je,rallierais,17,reviewed,
FR,rallier,Conditionnel,Conditionnel présent,tu,rallierais,17,reviewed,
FR,rallier,Conditionnel,Conditionnel présent,"il (elle, on)",rallierait,17,reviewed,
FR,rallier,Conditionnel,Conditionnel présent,nous,rallierions,17,reviewed,
FR,rallier,Conditionnel,Conditionnel présent,vous,rallieriez,17,reviewed,
FR,rallier,Conditionnel,Conditionnel présent,ils (elles),rallieraient,17,reviewed,
FR,rallier,Impératif,Impératif,je,-,17,reviewed,French imperative only uses tu / nous / vous; placeholder - used for unsupported slot
FR,rallier,Impératif,Impératif,tu,rallie,17,reviewed,
FR,rallier,Impératif,Impératif,"il (elle, on)",-,17,reviewed,French imperative only uses tu / nous / vous; placeholder - used for unsupported slot
FR,rallier,Impératif,Impératif,nous,rallions,17,reviewed,
FR,rallier,Impératif,Impératif,vous,ralliez,17,reviewed,
FR,rallier,Impératif,Impératif,ils (elles),-,17,reviewed,French imperative only uses tu / nous / vous; placeholder - used for unsupported slot
FR,rallier,Subjonctif,Subjonctif présent,je,rallie,17,reviewed,
FR,rallier,Subjonctif,Subjonctif présent,tu,rallies,17,reviewed,
FR,rallier,Subjonctif,Subjonctif présent,"il (elle, on)",rallie,17,reviewed,
FR,rallier,Subjonctif,Subjonctif présent,nous,ralliions,17,reviewed,
FR,rallier,Subjonctif,Subjonctif présent,vous,ralliiez,17,reviewed,
FR,rallier,Subjonctif,Subjonctif présent,ils (elles),rallient,17,reviewed,
FR,rallier,Indicatif,Passé Simple,je,ralliai,17,reviewed,
FR,rallier,Indicatif,Passé Simple,tu,rallias,17,reviewed,
FR,rallier,Indicatif,Passé Simple,"il (elle, on)",rallia,17,reviewed,
FR,rallier,Indicatif,Passé Simple,nous,ralliâmes,17,reviewed,
FR,rallier,Indicatif,Passé Simple,vous,ralliâtes,17,reviewed,
FR,rallier,Indicatif,Passé Simple,ils (elles),rallièrent,17,reviewed,
FR,rallier,Subjonctif,Subjonctif imparfait,je,ralliasse,17,reviewed,
FR,rallier,Subjonctif,Subjonctif imparfait,tu,ralliasses,17,reviewed,
FR,rallier,Subjonctif,Subjonctif imparfait,"il (elle, on)",ralliât,17,reviewed,
FR,rallier,Subjonctif,Subjonctif imparfait,nous,ralliassions,17,reviewed,
FR,rallier,Subjonctif,Subjonctif imparfait,vous,ralliassiez,17,reviewed,
FR,rallier,Subjonctif,Subjonctif imparfait,ils (elles),ralliassent,17,reviewed,
FR,nouer,Indicatif,Présent,je,noue,17,reviewed,
FR,nouer,Indicatif,Présent,tu,noues,17,reviewed,
FR,nouer,Indicatif,Présent,"il (elle, on)",noue,17,reviewed,
FR,nouer,Indicatif,Présent,nous,nouons,17,reviewed,
FR,nouer,Indicatif,Présent,vous,nouez,17,reviewed,
FR,nouer,Indicatif,Présent,ils (elles),nouent,17,reviewed,
FR,nouer,Indicatif,Futur,je,nouerai,17,reviewed,
FR,nouer,Indicatif,Futur,tu,noueras,17,reviewed,
FR,nouer,Indicatif,Futur,"il (elle, on)",nouera,17,reviewed,
FR,nouer,Indicatif,Futur,nous,nouerons,17,reviewed,
FR,nouer,Indicatif,Futur,vous,nouerez,17,reviewed,
FR,nouer,Indicatif,Futur,ils (elles),noueront,17,reviewed,
FR,nouer,Indicatif,Passé composé,je,ai noué,17,reviewed,
FR,nouer,Indicatif,Passé composé,tu,as noué,17,reviewed,
FR,nouer,Indicatif,Passé composé,"il (elle, on)",a noué,17,reviewed,
FR,nouer,Indicatif,Passé composé,nous,avons noué,17,reviewed,
FR,nouer,Indicatif,Passé composé,vous,avez noué,17,reviewed,
FR,nouer,Indicatif,Passé composé,ils (elles),ont noué,17,reviewed,
FR,nouer,Indicatif,Imparfait,je,nouais,17,reviewed,
FR,nouer,Indicatif,Imparfait,tu,nouais,17,reviewed,
FR,nouer,Indicatif,Imparfait,"il (elle, on)",nouait,17,reviewed,
FR,nouer,Indicatif,Imparfait,nous,nouions,17,reviewed,
FR,nouer,Indicatif,Imparfait,vous,nouiez,17,reviewed,
FR,nouer,Indicatif,Imparfait,ils (elles),nouaient,17,reviewed,
FR,nouer,Conditionnel,Conditionnel présent,je,nouerais,17,reviewed,
FR,nouer,Conditionnel,Conditionnel présent,tu,nouerais,17,reviewed,
FR,nouer,Conditionnel,Conditionnel présent,"il (elle, on)",nouerait,17,reviewed,
FR,nouer,Conditionnel,Conditionnel présent,nous,nouerions,17,reviewed,
FR,nouer,Conditionnel,Conditionnel présent,vous,noueriez,17,reviewed,
FR,nouer,Conditionnel,Conditionnel présent,ils (elles),noueraient,17,reviewed,
FR,nouer,Impératif,Impératif,je,-,17,reviewed,French imperative only uses tu / nous / vous; placeholder - used for unsupported slot
FR,nouer,Impératif,Impératif,tu,noue,17,reviewed,
FR,nouer,Impératif,Impératif,"il (elle, on)",-,17,reviewed,French imperative only uses tu / nous / vous; placeholder - used for unsupported slot
FR,nouer,Impératif,Impératif,nous,nouons,17,reviewed,
FR,nouer,Impératif,Impératif,vous,nouez,17,reviewed,
FR,nouer,Impératif,Impératif,ils (elles),-,17,reviewed,French imperative only uses tu / nous / vous; placeholder - used for unsupported slot
FR,nouer,Subjonctif,Subjonctif présent,je,noue,17,reviewed,
FR,nouer,Subjonctif,Subjonctif présent,tu,noues,17,reviewed,
FR,nouer,Subjonctif,Subjonctif présent,"il (elle, on)",noue,17,reviewed,
FR,nouer,Subjonctif,Subjonctif présent,nous,nouions,17,reviewed,
FR,nouer,Subjonctif,Subjonctif présent,vous,nouiez,17,reviewed,
FR,nouer,Subjonctif,Subjonctif présent,ils (elles),nouent,17,reviewed,
FR,nouer,Indicatif,Passé Simple,je,nouai,17,reviewed,
FR,nouer,Indicatif,Passé Simple,tu,nouas,17,reviewed,
FR,nouer,Indicatif,Passé Simple,"il (elle, on)",noua,17,reviewed,
FR,nouer,Indicatif,Passé Simple,nous,nouâmes,17,reviewed,
FR,nouer,Indicatif,Passé Simple,vous,nouâtes,17,reviewed,
FR,nouer,Indicatif,Passé Simple,ils (elles),nouèrent,17,reviewed,
FR,nouer,Subjonctif,Subjonctif imparfait,je,nouasse,17,reviewed,
FR,nouer,Subjonctif,Subjonctif imparfait,tu,nouasses,17,reviewed,
FR,nouer,Subjonctif,Subjonctif imparfait,"il (elle, on)",nouât,17,reviewed,
FR,nouer,Subjonctif,Subjonctif imparfait,nous,nouassions,17,reviewed,
FR,nouer,Subjonctif,Subjonctif imparfait,vous,nouassiez,17,reviewed,
FR,nouer,Subjonctif,Subjonctif imparfait,ils (elles),nouassent,17,reviewed,
FR,aménager,Indicatif,Présent,je,aménage,17,reviewed,
FR,aménager,Indicatif,Présent,tu,aménages,17,reviewed,
FR,aménager,Indicatif,Présent,"il (elle, on)",aménage,17,reviewed,
FR,aménager,Indicatif,Présent,nous,aménageons,17,reviewed,
FR,aménager,Indicatif,Présent,vous,aménagez,17,reviewed,
FR,aménager,Indicatif,Présent,ils (elles),aménagent,17,reviewed,
FR,aménager,Indicatif,Futur,je,aménagerai,17,reviewed,
FR,aménager,Indicatif,Futur,tu,aménageras,17,reviewed,
FR,aménager,Indicatif,Futur,"il (elle, on)",aménagera,17,reviewed,
FR,aménager,Indicatif,Futur,nous,aménagerons,17,reviewed,
FR,aménager,Indicatif,Futur,vous,aménagerez,17,reviewed,
FR,aménager,Indicatif,Futur,ils (elles),aménageront,17,reviewed,
FR,aménager,Indicatif,Passé composé,je,ai aménagé,17,reviewed,
FR,aménager,Indicatif,Passé composé,tu,as aménagé,17,reviewed,
FR,aménager,Indicatif,Passé composé,"il (elle, on)",a aménagé,17,reviewed,
FR,aménager,Indicatif,Passé composé,nous,avons aménagé,17,reviewed,
FR,aménager,Indicatif,Passé composé,vous,avez aménagé,17,reviewed,
FR,aménager,Indicatif,Passé composé,ils (elles),ont aménagé,17,reviewed,
FR,aménager,Indicatif,Imparfait,je,aménageais,17,reviewed,
FR,aménager,Indicatif,Imparfait,tu,aménageais,17,reviewed,
FR,aménager,Indicatif,Imparfait,"il (elle, on)",aménageait,17,reviewed,
FR,aménager,Indicatif,Imparfait,nous,aménagions,17,reviewed,
FR,aménager,Indicatif,Imparfait,vous,aménagiez,17,reviewed,
FR,aménager,Indicatif,Imparfait,ils (elles),aménageaient,17,reviewed,
FR,aménager,Conditionnel,Conditionnel présent,je,aménagerais,17,reviewed,
FR,aménager,Conditionnel,Conditionnel présent,tu,aménagerais,17,reviewed,
FR,aménager,Conditionnel,Conditionnel présent,"il (elle, on)",aménagerait,17,reviewed,
FR,aménager,Conditionnel,Conditionnel présent,nous,aménagerions,17,reviewed,
FR,aménager,Conditionnel,Conditionnel présent,vous,aménageriez,17,reviewed,
FR,aménager,Conditionnel,Conditionnel présent,ils (elles),aménageraient,17,reviewed,
FR,aménager,Impératif,Impératif,je,-,17,reviewed,French imperative only uses tu / nous / vous; placeholder - used for unsupported slot
FR,aménager,Impératif,Impératif,tu,aménage,17,reviewed,
FR,aménager,Impératif,Impératif,"il (elle, on)",-,17,reviewed,French imperative only uses tu / nous / vous; placeholder - used for unsupported slot
FR,aménager,Impératif,Impératif,nous,aménageons,17,reviewed,
FR,aménager,Impératif,Impératif,vous,aménagez,17,reviewed,
FR,aménager,Impératif,Impératif,ils (elles),-,17,reviewed,French imperative only uses tu / nous / vous; placeholder - used for unsupported slot
FR,aménager,Subjonctif,Subjonctif présent,je,aménage,17,reviewed,
FR,aménager,Subjonctif,Subjonctif présent,tu,aménages,17,reviewed,
FR,aménager,Subjonctif,Subjonctif présent,"il (elle, on)",aménage,17,reviewed,
FR,aménager,Subjonctif,Subjonctif présent,nous,aménagions,17,reviewed,
FR,aménager,Subjonctif,Subjonctif présent,vous,aménagiez,17,reviewed,
FR,aménager,Subjonctif,Subjonctif présent,ils (elles),aménagent,17,reviewed,
FR,aménager,Indicatif,Passé Simple,je,aménageai,17,reviewed,
FR,aménager,Indicatif,Passé Simple,tu,aménageas,17,reviewed,
FR,aménager,Indicatif,Passé Simple,"il (elle, on)",aménagea,17,reviewed,
FR,aménager,Indicatif,Passé Simple,nous,aménageâmes,17,reviewed,
FR,aménager,Indicatif,Passé Simple,vous,aménageâtes,17,reviewed,
FR,aménager,Indicatif,Passé Simple,ils (elles),aménagèrent,17,reviewed,
FR,aménager,Subjonctif,Subjonctif imparfait,je,aménageasse,17,reviewed,
FR,aménager,Subjonctif,Subjonctif imparfait,tu,aménageasses,17,reviewed,
FR,aménager,Subjonctif,Subjonctif imparfait,"il (elle, on)",aménageât,17,reviewed,
FR,aménager,Subjonctif,Subjonctif imparfait,nous,aménageassions,17,reviewed,
FR,aménager,Subjonctif,Subjonctif imparfait,vous,aménageassiez,17,reviewed,
FR,aménager,Subjonctif,Subjonctif imparfait,ils (elles),aménageassent,17,reviewed,
FR,viser,Indicatif,Présent,je,vise,17,reviewed,
FR,viser,Indicatif,Présent,tu,vises,17,reviewed,
FR,viser,Indicatif,Présent,"il (elle, on)",vise,17,reviewed,
FR,viser,Indicatif,Présent,nous,visons,17,reviewed,
FR,viser,Indicatif,Présent,vous,visez,17,reviewed,
FR,viser,Indicatif,Présent,ils (elles),visent,17,reviewed,
FR,viser,Indicatif,Futur,je,viserai,17,reviewed,
FR,viser,Indicatif,Futur,tu,viseras,17,reviewed,
FR,viser,Indicatif,Futur,"il (elle, on)",visera,17,reviewed,
FR,viser,Indicatif,Futur,nous,viserons,17,reviewed,
FR,viser,Indicatif,Futur,vous,viserez,17,reviewed,
FR,viser,Indicatif,Futur,ils (elles),viseront,17,reviewed,
FR,viser,Indicatif,Passé composé,je,ai visé,17,reviewed,
FR,viser,Indicatif,Passé composé,tu,as visé,17,reviewed,
FR,viser,Indicatif,Passé composé,"il (elle, on)",a visé,17,reviewed,
FR,viser,Indicatif,Passé composé,nous,avons visé,17,reviewed,
FR,viser,Indicatif,Passé composé,vous,avez visé,17,reviewed,
FR,viser,Indicatif,Passé composé,ils (elles),ont visé,17,reviewed,
FR,viser,Indicatif,Imparfait,je,visais,17,reviewed,
FR,viser,Indicatif,Imparfait,tu,visais,17,reviewed,
FR,viser,Indicatif,Imparfait,"il (elle, on)",visait,17,reviewed,
FR,viser,Indicatif,Imparfait,nous,visions,17,reviewed,
FR,viser,Indicatif,Imparfait,vous,visiez,17,reviewed,
FR,viser,Indicatif,Imparfait,ils (elles),visaient,17,reviewed,
FR,viser,Conditionnel,Conditionnel présent,je,viserais,17,reviewed,
FR,viser,Conditionnel,Conditionnel présent,tu,viserais,17,reviewed,
FR,viser,Conditionnel,Conditionnel présent,"il (elle, on)",viserait,17,reviewed,
FR,viser,Conditionnel,Conditionnel présent,nous,viserions,17,reviewed,
FR,viser,Conditionnel,Conditionnel présent,vous,viseriez,17,reviewed,
FR,viser,Conditionnel,Conditionnel présent,ils (elles),viseraient,17,reviewed,
FR,viser,Impératif,Impératif,je,-,17,reviewed,French imperative only uses tu / nous / vous; placeholder - used for unsupported slot
FR,viser,Impératif,Impératif,tu,vise,17,reviewed,
FR,viser,Impératif,Impératif,"il (elle, on)",-,17,reviewed,French imperative only uses tu / nous / vous; placeholder - used for unsupported slot
FR,viser,Impératif,Impératif,nous,visons,17,reviewed,
FR,viser,Impératif,Impératif,vous,visez,17,reviewed,
FR,viser,Impératif,Impératif,ils (elles),-,17,reviewed,French imperative only uses tu / nous / vous; placeholder - used for unsupported slot
FR,viser,Subjonctif,Subjonctif présent,je,vise,17,reviewed,
FR,viser,Subjonctif,Subjonctif présent,tu,vises,17,reviewed,
FR,viser,Subjonctif,Subjonctif présent,"il (elle, on)",vise,17,reviewed,
FR,viser,Subjonctif,Subjonctif présent,nous,visions,17,reviewed,
FR,viser,Subjonctif,Subjonctif présent,vous,visiez,17,reviewed,
FR,viser,Subjonctif,Subjonctif présent,ils (elles),visent,17,reviewed,
FR,viser,Indicatif,Passé Simple,je,visai,17,reviewed,
FR,viser,Indicatif,Passé Simple,tu,visas,17,reviewed,
FR,viser,Indicatif,Passé Simple,"il (elle, on)",visa,17,reviewed,
FR,viser,Indicatif,Passé Simple,nous,visâmes,17,reviewed,
FR,viser,Indicatif,Passé Simple,vous,visâtes,17,reviewed,
FR,viser,Indicatif,Passé Simple,ils (elles),visèrent,17,reviewed,
FR,viser,Subjonctif,Subjonctif imparfait,je,visasse,17,reviewed,
FR,viser,Subjonctif,Subjonctif imparfait,tu,visasses,17,reviewed,
FR,viser,Subjonctif,Subjonctif imparfait,"il (elle, on)",visât,17,reviewed,
FR,viser,Subjonctif,Subjonctif imparfait,nous,visassions,17,reviewed,
FR,viser,Subjonctif,Subjonctif imparfait,vous,visassiez,17,reviewed,
FR,viser,Subjonctif,Subjonctif imparfait,ils (elles),visassent,17,reviewed,
FR,débrouiller,Indicatif,Présent,je,débrouille,17,reviewed,
FR,débrouiller,Indicatif,Présent,tu,débrouilles,17,reviewed,
FR,débrouiller,Indicatif,Présent,"il (elle, on)",débrouille,17,reviewed,
FR,débrouiller,Indicatif,Présent,nous,débrouillons,17,reviewed,
FR,débrouiller,Indicatif,Présent,vous,débrouillez,17,reviewed,
FR,débrouiller,Indicatif,Présent,ils (elles),débrouillent,17,reviewed,
FR,débrouiller,Indicatif,Futur,je,débrouillerai,17,reviewed,
FR,débrouiller,Indicatif,Futur,tu,débrouilleras,17,reviewed,
FR,débrouiller,Indicatif,Futur,"il (elle, on)",débrouillera,17,reviewed,
FR,débrouiller,Indicatif,Futur,nous,débrouillerons,17,reviewed,
FR,débrouiller,Indicatif,Futur,vous,débrouillerez,17,reviewed,
FR,débrouiller,Indicatif,Futur,ils (elles),débrouilleront,17,reviewed,
FR,débrouiller,Indicatif,Passé composé,je,ai débrouillé,17,reviewed,
FR,débrouiller,Indicatif,Passé composé,tu,as débrouillé,17,reviewed,
FR,débrouiller,Indicatif,Passé composé,"il (elle, on)",a débrouillé,17,reviewed,
FR,débrouiller,Indicatif,Passé composé,nous,avons débrouillé,17,reviewed,
FR,débrouiller,Indicatif,Passé composé,vous,avez débrouillé,17,reviewed,
FR,débrouiller,Indicatif,Passé composé,ils (elles),ont débrouillé,17,reviewed,
FR,débrouiller,Indicatif,Imparfait,je,débrouillais,17,reviewed,
FR,débrouiller,Indicatif,Imparfait,tu,débrouillais,17,reviewed,
FR,débrouiller,Indicatif,Imparfait,"il (elle, on)",débrouillait,17,reviewed,
FR,débrouiller,Indicatif,Imparfait,nous,débrouillions,17,reviewed,
FR,débrouiller,Indicatif,Imparfait,vous,débrouilliez,17,reviewed,
FR,débrouiller,Indicatif,Imparfait,ils (elles),débrouillaient,17,reviewed,
FR,débrouiller,Conditionnel,Conditionnel présent,je,débrouillerais,17,reviewed,
FR,débrouiller,Conditionnel,Conditionnel présent,tu,débrouillerais,17,reviewed,
FR,débrouiller,Conditionnel,Conditionnel présent,"il (elle, on)",débrouillerait,17,reviewed,
FR,débrouiller,Conditionnel,Conditionnel présent,nous,débrouillerions,17,reviewed,
FR,débrouiller,Conditionnel,Conditionnel présent,vous,débrouilleriez,17,reviewed,
FR,débrouiller,Conditionnel,Conditionnel présent,ils (elles),débrouilleraient,17,reviewed,
FR,débrouiller,Impératif,Impératif,je,-,17,reviewed,French imperative only uses tu / nous / vous; placeholder - used for unsupported slot
FR,débrouiller,Impératif,Impératif,tu,débrouille,17,reviewed,
FR,débrouiller,Impératif,Impératif,"il (elle, on)",-,17,reviewed,French imperative only uses tu / nous / vous; placeholder - used for unsupported slot
FR,débrouiller,Impératif,Impératif,nous,débrouillons,17,reviewed,
FR,débrouiller,Impératif,Impératif,vous,débrouillez,17,reviewed,
FR,débrouiller,Impératif,Impératif,ils (elles),-,17,reviewed,French imperative only uses tu / nous / vous; placeholder - used for unsupported slot
FR,débrouiller,Subjonctif,Subjonctif présent,je,débrouille,17,reviewed,
FR,débrouiller,Subjonctif,Subjonctif présent,tu,débrouilles,17,reviewed,
FR,débrouiller,Subjonctif,Subjonctif présent,"il (elle, on)",débrouille,17,reviewed,
FR,débrouiller,Subjonctif,Subjonctif présent,nous,débrouillions,17,reviewed,
FR,débrouiller,Subjonctif,Subjonctif présent,vous,débrouilliez,17,reviewed,
FR,débrouiller,Subjonctif,Subjonctif présent,ils (elles),débrouillent,17,reviewed,
FR,débrouiller,Indicatif,Passé Simple,je,débrouillai,17,reviewed,
FR,débrouiller,Indicatif,Passé Simple,tu,débrouillas,17,reviewed,
FR,débrouiller,Indicatif,Passé Simple,"il (elle, on)",débrouilla,17,reviewed,
FR,débrouiller,Indicatif,Passé Simple,nous,débrouillâmes,17,reviewed,
FR,débrouiller,Indicatif,Passé Simple,vous,débrouillâtes,17,reviewed,
FR,débrouiller,Indicatif,Passé Simple,ils (elles),débrouillèrent,17,reviewed,
FR,débrouiller,Subjonctif,Subjonctif imparfait,je,débrouillasse,17,reviewed,
FR,débrouiller,Subjonctif,Subjonctif imparfait,tu,débrouillasses,17,reviewed,
FR,débrouiller,Subjonctif,Subjonctif imparfait,"il (elle, on)",débrouillât,17,reviewed,
FR,débrouiller,Subjonctif,Subjonctif imparfait,nous,débrouillassions,17,reviewed,
FR,débrouiller,Subjonctif,Subjonctif imparfait,vous,débrouillassiez,17,reviewed,
FR,débrouiller,Subjonctif,Subjonctif imparfait,ils (elles),débrouillassent,17,reviewed,
FR,sombrer,Indicatif,Présent,je,sombre,17,reviewed,
FR,sombrer,Indicatif,Présent,tu,sombres,17,reviewed,
FR,sombrer,Indicatif,Présent,"il (elle, on)",sombre,17,reviewed,
FR,sombrer,Indicatif,Présent,nous,sombrons,17,reviewed,
FR,sombrer,Indicatif,Présent,vous,sombrez,17,reviewed,
FR,sombrer,Indicatif,Présent,ils (elles),sombrent,17,reviewed,
FR,sombrer,Indicatif,Futur,je,sombrerai,17,reviewed,
FR,sombrer,Indicatif,Futur,tu,sombreras,17,reviewed,
FR,sombrer,Indicatif,Futur,"il (elle, on)",sombrera,17,reviewed,
FR,sombrer,Indicatif,Futur,nous,sombrerons,17,reviewed,
FR,sombrer,Indicatif,Futur,vous,sombrerez,17,reviewed,
FR,sombrer,Indicatif,Futur,ils (elles),sombreront,17,reviewed,
FR,sombrer,Indicatif,Passé composé,je,ai sombré,17,reviewed,
FR,sombrer,Indicatif,Passé composé,tu,as sombré,17,reviewed,
FR,sombrer,Indicatif,Passé composé,"il (elle, on)",a sombré,17,reviewed,
FR,sombrer,Indicatif,Passé composé,nous,avons sombré,17,reviewed,
FR,sombrer,Indicatif,Passé composé,vous,avez sombré,17,reviewed,
FR,sombrer,Indicatif,Passé composé,ils (elles),ont sombré,17,reviewed,
FR,sombrer,Indicatif,Imparfait,je,sombrais,17,reviewed,
FR,sombrer,Indicatif,Imparfait,tu,sombrais,17,reviewed,
FR,sombrer,Indicatif,Imparfait,"il (elle, on)",sombrait,17,reviewed,
FR,sombrer,Indicatif,Imparfait,nous,sombrions,17,reviewed,
FR,sombrer,Indicatif,Imparfait,vous,sombriez,17,reviewed,
FR,sombrer,Indicatif,Imparfait,ils (elles),sombraient,17,reviewed,
FR,sombrer,Conditionnel,Conditionnel présent,je,sombrerais,17,reviewed,
FR,sombrer,Conditionnel,Conditionnel présent,tu,sombrerais,17,reviewed,
FR,sombrer,Conditionnel,Conditionnel présent,"il (elle, on)",sombrerait,17,reviewed,
FR,sombrer,Conditionnel,Conditionnel présent,nous,sombrerions,17,reviewed,
FR,sombrer,Conditionnel,Conditionnel présent,vous,sombreriez,17,reviewed,
FR,sombrer,Conditionnel,Conditionnel présent,ils (elles),sombreraient,17,reviewed,
FR,sombrer,Impératif,Impératif,je,-,17,reviewed,French imperative only uses tu / nous / vous; placeholder - used for unsupported slot
FR,sombrer,Impératif,Impératif,tu,sombre,17,reviewed,
FR,sombrer,Impératif,Impératif,"il (elle, on)",-,17,reviewed,French imperative only uses tu / nous / vous; placeholder - used for unsupported slot
FR,sombrer,Impératif,Impératif,nous,sombrons,17,reviewed,
FR,sombrer,Impératif,Impératif,vous,sombrez,17,reviewed,
FR,sombrer,Impératif,Impératif,ils (elles),-,17,reviewed,French imperative only uses tu / nous / vous; placeholder - used for unsupported slot
FR,sombrer,Subjonctif,Subjonctif présent,je,sombre,17,reviewed,
FR,sombrer,Subjonctif,Subjonctif présent,tu,sombres,17,reviewed,
FR,sombrer,Subjonctif,Subjonctif présent,"il (elle, on)",sombre,17,reviewed,
FR,sombrer,Subjonctif,Subjonctif présent,nous,sombrions,17,reviewed,
FR,sombrer,Subjonctif,Subjonctif présent,vous,sombriez,17,reviewed,
FR,sombrer,Subjonctif,Subjonctif présent,ils (elles),sombrent,17,reviewed,
FR,sombrer,Indicatif,Passé Simple,je,sombrai,17,reviewed,
FR,sombrer,Indicatif,Passé Simple,tu,sombras,17,reviewed,
FR,sombrer,Indicatif,Passé Simple,"il (elle, on)",sombra,17,reviewed,
FR,sombrer,Indicatif,Passé Simple,nous,sombrâmes,17,reviewed,
FR,sombrer,Indicatif,Passé Simple,vous,sombrâtes,17,reviewed,
FR,sombrer,Indicatif,Passé Simple,ils (elles),sombrèrent,17,reviewed,
FR,sombrer,Subjonctif,Subjonctif imparfait,je,sombrasse,17,reviewed,
FR,sombrer,Subjonctif,Subjonctif imparfait,tu,sombrasses,17,reviewed,
FR,sombrer,Subjonctif,Subjonctif imparfait,"il (elle, on)",sombrât,17,reviewed,
FR,sombrer,Subjonctif,Subjonctif imparfait,nous,sombrassions,17,reviewed,
FR,sombrer,Subjonctif,Subjonctif imparfait,vous,sombrassiez,17,reviewed,
FR,sombrer,Subjonctif,Subjonctif imparfait,ils (elles),sombrassent,17,reviewed,
FR,masquer,Indicatif,Présent,je,masque,17,reviewed,
FR,masquer,Indicatif,Présent,tu,masques,17,reviewed,
FR,masquer,Indicatif,Présent,"il (elle, on)",masque,17,reviewed,
FR,masquer,Indicatif,Présent,nous,masquons,17,reviewed,
FR,masquer,Indicatif,Présent,vous,masquez,17,reviewed,
FR,masquer,Indicatif,Présent,ils (elles),masquent,17,reviewed,
FR,masquer,Indicatif,Futur,je,masquerai,17,reviewed,
FR,masquer,Indicatif,Futur,tu,masqueras,17,reviewed,
FR,masquer,Indicatif,Futur,"il (elle, on)",masquera,17,reviewed,
FR,masquer,Indicatif,Futur,nous,masquerons,17,reviewed,
FR,masquer,Indicatif,Futur,vous,masquerez,17,reviewed,
FR,masquer,Indicatif,Futur,ils (elles),masqueront,17,reviewed,
FR,masquer,Indicatif,Passé composé,je,ai masqué,17,reviewed,
FR,masquer,Indicatif,Passé composé,tu,as masqué,17,reviewed,
FR,masquer,Indicatif,Passé composé,"il (elle, on)",a masqué,17,reviewed,
FR,masquer,Indicatif,Passé composé,nous,avons masqué,17,reviewed,
FR,masquer,Indicatif,Passé composé,vous,avez masqué,17,reviewed,
FR,masquer,Indicatif,Passé composé,ils (elles),ont masqué,17,reviewed,
FR,masquer,Indicatif,Imparfait,je,masquais,17,reviewed,
FR,masquer,Indicatif,Imparfait,tu,masquais,17,reviewed,
FR,masquer,Indicatif,Imparfait,"il (elle, on)",masquait,17,reviewed,
FR,masquer,Indicatif,Imparfait,nous,masquions,17,reviewed,
FR,masquer,Indicatif,Imparfait,vous,masquiez,17,reviewed,
FR,masquer,Indicatif,Imparfait,ils (elles),masquaient,17,reviewed,
FR,masquer,Conditionnel,Conditionnel présent,je,masquerais,17,reviewed,
FR,masquer,Conditionnel,Conditionnel présent,tu,masquerais,17,reviewed,
FR,masquer,Conditionnel,Conditionnel présent,"il (elle, on)",masquerait,17,reviewed,
FR,masquer,Conditionnel,Conditionnel présent,nous,masquerions,17,reviewed,
FR,masquer,Conditionnel,Conditionnel présent,vous,masqueriez,17,reviewed,
FR,masquer,Conditionnel,Conditionnel présent,ils (elles),masqueraient,17,reviewed,
FR,masquer,Impératif,Impératif,je,-,17,reviewed,French imperative only uses tu / nous / vous; placeholder - used for unsupported slot
FR,masquer,Impératif,Impératif,tu,masque,17,reviewed,
FR,masquer,Impératif,Impératif,"il (elle, on)",-,17,reviewed,French imperative only uses tu / nous / vous; placeholder - used for unsupported slot
FR,masquer,Impératif,Impératif,nous,masquons,17,reviewed,
FR,masquer,Impératif,Impératif,vous,masquez,17,reviewed,
FR,masquer,Impératif,Impératif,ils (elles),-,17,reviewed,French imperative only uses tu / nous / vous; placeholder - used for unsupported slot
FR,masquer,Subjonctif,Subjonctif présent,je,masque,17,reviewed,
FR,masquer,Subjonctif,Subjonctif présent,tu,masques,17,reviewed,
FR,masquer,Subjonctif,Subjonctif présent,"il (elle, on)",masque,17,reviewed,
FR,masquer,Subjonctif,Subjonctif présent,nous,masquions,17,reviewed,
FR,masquer,Subjonctif,Subjonctif présent,vous,masquiez,17,reviewed,
FR,masquer,Subjonctif,Subjonctif présent,ils (elles),masquent,17,reviewed,
FR,masquer,Indicatif,Passé Simple,je,masquai,17,reviewed,
FR,masquer,Indicatif,Passé Simple,tu,masquas,17,reviewed,
FR,masquer,Indicatif,Passé Simple,"il (elle, on)",masqua,17,reviewed,
FR,masquer,Indicatif,Passé Simple,nous,masquâmes,17,reviewed,
FR,masquer,Indicatif,Passé Simple,vous,masquâtes,17,reviewed,
FR,masquer,Indicatif,Passé Simple,ils (elles),masquèrent,17,reviewed,
FR,masquer,Subjonctif,Subjonctif imparfait,je,masquasse,17,reviewed,
FR,masquer,Subjonctif,Subjonctif imparfait,tu,masquasses,17,reviewed,
FR,masquer,Subjonctif,Subjonctif imparfait,"il (elle, on)",masquât,17,reviewed,
FR,masquer,Subjonctif,Subjonctif imparfait,nous,masquassions,17,reviewed,
FR,masquer,Subjonctif,Subjonctif imparfait,vous,masquassiez,17,reviewed,
FR,masquer,Subjonctif,Subjonctif imparfait,ils (elles),masquassent,17,reviewed,
FR,ressusciter,Indicatif,Présent,je,ressuscite,17,reviewed,
FR,ressusciter,Indicatif,Présent,tu,ressuscites,17,reviewed,
FR,ressusciter,Indicatif,Présent,"il (elle, on)",ressuscite,17,reviewed,
FR,ressusciter,Indicatif,Présent,nous,ressuscitons,17,reviewed,
FR,ressusciter,Indicatif,Présent,vous,ressuscitez,17,reviewed,
FR,ressusciter,Indicatif,Présent,ils (elles),ressuscitent,17,reviewed,
FR,ressusciter,Indicatif,Futur,je,ressusciterai,17,reviewed,
FR,ressusciter,Indicatif,Futur,tu,ressusciteras,17,reviewed,
FR,ressusciter,Indicatif,Futur,"il (elle, on)",ressuscitera,17,reviewed,
FR,ressusciter,Indicatif,Futur,nous,ressusciterons,17,reviewed,
FR,ressusciter,Indicatif,Futur,vous,ressusciterez,17,reviewed,
FR,ressusciter,Indicatif,Futur,ils (elles),ressusciteront,17,reviewed,
FR,ressusciter,Indicatif,Passé composé,je,ai ressuscité,17,reviewed,
FR,ressusciter,Indicatif,Passé composé,tu,as ressuscité,17,reviewed,
FR,ressusciter,Indicatif,Passé composé,"il (elle, on)",a ressuscité,17,reviewed,
FR,ressusciter,Indicatif,Passé composé,nous,avons ressuscité,17,reviewed,
FR,ressusciter,Indicatif,Passé composé,vous,avez ressuscité,17,reviewed,
FR,ressusciter,Indicatif,Passé composé,ils (elles),ont ressuscité,17,reviewed,
FR,ressusciter,Indicatif,Imparfait,je,ressuscitais,17,reviewed,
FR,ressusciter,Indicatif,Imparfait,tu,ressuscitais,17,reviewed,
FR,ressusciter,Indicatif,Imparfait,"il (elle, on)",ressuscitait,17,reviewed,
FR,ressusciter,Indicatif,Imparfait,nous,ressuscitions,17,reviewed,
FR,ressusciter,Indicatif,Imparfait,vous,ressuscitiez,17,reviewed,
FR,ressusciter,Indicatif,Imparfait,ils (elles),ressuscitaient,17,reviewed,
FR,ressusciter,Conditionnel,Conditionnel présent,je,ressusciterais,17,reviewed,
FR,ressusciter,Conditionnel,Conditionnel présent,tu,ressusciterais,17,reviewed,
FR,ressusciter,Conditionnel,Conditionnel présent,"il (elle, on)",ressusciterait,17,reviewed,
FR,ressusciter,Conditionnel,Conditionnel présent,nous,ressusciterions,17,reviewed,
FR,ressusciter,Conditionnel,Conditionnel présent,vous,ressusciteriez,17,reviewed,
FR,ressusciter,Conditionnel,Conditionnel présent,ils (elles),ressusciteraient,17,reviewed,
FR,ressusciter,Impératif,Impératif,je,-,17,reviewed,French imperative only uses tu / nous / vous; placeholder - used for unsupported slot
FR,ressusciter,Impératif,Impératif,tu,ressuscite,17,reviewed,
FR,ressusciter,Impératif,Impératif,"il (elle, on)",-,17,reviewed,French imperative only uses tu / nous / vous; placeholder - used for unsupported slot
FR,ressusciter,Impératif,Impératif,nous,ressuscitons,17,reviewed,
FR,ressusciter,Impératif,Impératif,vous,ressuscitez,17,reviewed,
FR,ressusciter,Impératif,Impératif,ils (elles),-,17,reviewed,French imperative only uses tu / nous / vous; placeholder - used for unsupported slot
FR,ressusciter,Subjonctif,Subjonctif présent,je,ressuscite,17,reviewed,
FR,ressusciter,Subjonctif,Subjonctif présent,tu,ressuscites,17,reviewed,
FR,ressusciter,Subjonctif,Subjonctif présent,"il (elle, on)",ressuscite,17,reviewed,
FR,ressusciter,Subjonctif,Subjonctif présent,nous,ressuscitions,17,reviewed,
FR,ressusciter,Subjonctif,Subjonctif présent,vous,ressuscitiez,17,reviewed,
FR,ressusciter,Subjonctif,Subjonctif présent,ils (elles),ressuscitent,17,reviewed,
FR,ressusciter,Indicatif,Passé Simple,je,ressuscitai,17,reviewed,
FR,ressusciter,Indicatif,Passé Simple,tu,ressuscitas,17,reviewed,
FR,ressusciter,Indicatif,Passé Simple,"il (elle, on)",ressuscita,17,reviewed,
FR,ressusciter,Indicatif,Passé Simple,nous,ressuscitâmes,17,reviewed,
FR,ressusciter,Indicatif,Passé Simple,vous,ressuscitâtes,17,reviewed,
FR,ressusciter,Indicatif,Passé Simple,ils (elles),ressuscitèrent,17,reviewed,
FR,ressusciter,Subjonctif,Subjonctif imparfait,je,ressuscitasse,17,reviewed,
FR,ressusciter,Subjonctif,Subjonctif imparfait,tu,ressuscitasses,17,reviewed,
FR,ressusciter,Subjonctif,Subjonctif imparfait,"il (elle, on)",ressuscitât,17,reviewed,
FR,ressusciter,Subjonctif,Subjonctif imparfait,nous,ressuscitassions,17,reviewed,
FR,ressusciter,Subjonctif,Subjonctif imparfait,vous,ressuscitassiez,17,reviewed,
FR,ressusciter,Subjonctif,Subjonctif imparfait,ils (elles),ressuscitassent,17,reviewed,
FR,buter,Indicatif,Présent,je,bute,17,reviewed,
FR,buter,Indicatif,Présent,tu,butes,17,reviewed,
FR,buter,Indicatif,Présent,"il (elle, on)",bute,17,reviewed,
FR,buter,Indicatif,Présent,nous,butons,17,reviewed,
FR,buter,Indicatif,Présent,vous,butez,17,reviewed,
FR,buter,Indicatif,Présent,ils (elles),butent,17,reviewed,
FR,buter,Indicatif,Futur,je,buterai,17,reviewed,
FR,buter,Indicatif,Futur,tu,buteras,17,reviewed,
FR,buter,Indicatif,Futur,"il (elle, on)",butera,17,reviewed,
FR,buter,Indicatif,Futur,nous,buterons,17,reviewed,
FR,buter,Indicatif,Futur,vous,buterez,17,reviewed,
FR,buter,Indicatif,Futur,ils (elles),buteront,17,reviewed,
FR,buter,Indicatif,Passé composé,je,ai buté,17,reviewed,
FR,buter,Indicatif,Passé composé,tu,as buté,17,reviewed,
FR,buter,Indicatif,Passé composé,"il (elle, on)",a buté,17,reviewed,
FR,buter,Indicatif,Passé composé,nous,avons buté,17,reviewed,
FR,buter,Indicatif,Passé composé,vous,avez buté,17,reviewed,
FR,buter,Indicatif,Passé composé,ils (elles),ont buté,17,reviewed,
FR,buter,Indicatif,Imparfait,je,butais,17,reviewed,
FR,buter,Indicatif,Imparfait,tu,butais,17,reviewed,
FR,buter,Indicatif,Imparfait,"il (elle, on)",butait,17,reviewed,
FR,buter,Indicatif,Imparfait,nous,butions,17,reviewed,
FR,buter,Indicatif,Imparfait,vous,butiez,17,reviewed,
FR,buter,Indicatif,Imparfait,ils (elles),butaient,17,reviewed,
FR,buter,Conditionnel,Conditionnel présent,je,buterais,17,reviewed,
FR,buter,Conditionnel,Conditionnel présent,tu,buterais,17,reviewed,
FR,buter,Conditionnel,Conditionnel présent,"il (elle, on)",buterait,17,reviewed,
FR,buter,Conditionnel,Conditionnel présent,nous,buterions,17,reviewed,
FR,buter,Conditionnel,Conditionnel présent,vous,buteriez,17,reviewed,
FR,buter,Conditionnel,Conditionnel présent,ils (elles),buteraient,17,reviewed,
FR,buter,Impératif,Impératif,je,-,17,reviewed,French imperative only uses tu / nous / vous; placeholder - used for unsupported slot
FR,buter,Impératif,Impératif,tu,bute,17,reviewed,
FR,buter,Impératif,Impératif,"il (elle, on)",-,17,reviewed,French imperative only uses tu / nous / vous; placeholder - used for unsupported slot
FR,buter,Impératif,Impératif,nous,butons,17,reviewed,
FR,buter,Impératif,Impératif,vous,butez,17,reviewed,
FR,buter,Impératif,Impératif,ils (elles),-,17,reviewed,French imperative only uses tu / nous / vous; placeholder - used for unsupported slot
FR,buter,Subjonctif,Subjonctif présent,je,bute,17,reviewed,
FR,buter,Subjonctif,Subjonctif présent,tu,butes,17,reviewed,
FR,buter,Subjonctif,Subjonctif présent,"il (elle, on)",bute,17,reviewed,
FR,buter,Subjonctif,Subjonctif présent,nous,butions,17,reviewed,
FR,buter,Subjonctif,Subjonctif présent,vous,butiez,17,reviewed,
FR,buter,Subjonctif,Subjonctif présent,ils (elles),butent,17,reviewed,
FR,buter,Indicatif,Passé Simple,je,butai,17,reviewed,
FR,buter,Indicatif,Passé Simple,tu,butas,17,reviewed,
FR,buter,Indicatif,Passé Simple,"il (elle, on)",buta,17,reviewed,
FR,buter,Indicatif,Passé Simple,nous,butâmes,17,reviewed,
FR,buter,Indicatif,Passé Simple,vous,butâtes,17,reviewed,
FR,buter,Indicatif,Passé Simple,ils (elles),butèrent,17,reviewed,
FR,buter,Subjonctif,Subjonctif imparfait,je,butasse,17,reviewed,
FR,buter,Subjonctif,Subjonctif imparfait,tu,butasses,17,reviewed,
FR,buter,Subjonctif,Subjonctif imparfait,"il (elle, on)",butât,17,reviewed,
FR,buter,Subjonctif,Subjonctif imparfait,nous,butassions,17,reviewed,
FR,buter,Subjonctif,Subjonctif imparfait,vous,butassiez,17,reviewed,
FR,buter,Subjonctif,Subjonctif imparfait,ils (elles),butassent,17,reviewed,
FR,mépriser,Indicatif,Présent,je,méprise,17,reviewed,
FR,mépriser,Indicatif,Présent,tu,méprises,17,reviewed,
FR,mépriser,Indicatif,Présent,"il (elle, on)",méprise,17,reviewed,
FR,mépriser,Indicatif,Présent,nous,méprisons,17,reviewed,
FR,mépriser,Indicatif,Présent,vous,méprisez,17,reviewed,
FR,mépriser,Indicatif,Présent,ils (elles),méprisent,17,reviewed,
FR,mépriser,Indicatif,Futur,je,mépriserai,17,reviewed,
FR,mépriser,Indicatif,Futur,tu,mépriseras,17,reviewed,
FR,mépriser,Indicatif,Futur,"il (elle, on)",méprisera,17,reviewed,
FR,mépriser,Indicatif,Futur,nous,mépriserons,17,reviewed,
FR,mépriser,Indicatif,Futur,vous,mépriserez,17,reviewed,
FR,mépriser,Indicatif,Futur,ils (elles),mépriseront,17,reviewed,
FR,mépriser,Indicatif,Passé composé,je,ai méprisé,17,reviewed,
FR,mépriser,Indicatif,Passé composé,tu,as méprisé,17,reviewed,
FR,mépriser,Indicatif,Passé composé,"il (elle, on)",a méprisé,17,reviewed,
FR,mépriser,Indicatif,Passé composé,nous,avons méprisé,17,reviewed,
FR,mépriser,Indicatif,Passé composé,vous,avez méprisé,17,reviewed,
FR,mépriser,Indicatif,Passé composé,ils (elles),ont méprisé,17,reviewed,
FR,mépriser,Indicatif,Imparfait,je,méprisais,17,reviewed,
FR,mépriser,Indicatif,Imparfait,tu,méprisais,17,reviewed,
FR,mépriser,Indicatif,Imparfait,"il (elle, on)",méprisait,17,reviewed,
FR,mépriser,Indicatif,Imparfait,nous,méprisions,17,reviewed,
FR,mépriser,Indicatif,Imparfait,vous,méprisiez,17,reviewed,
FR,mépriser,Indicatif,Imparfait,ils (elles),méprisaient,17,reviewed,
FR,mépriser,Conditionnel,Conditionnel présent,je,mépriserais,17,reviewed,
FR,mépriser,Conditionnel,Conditionnel présent,tu,mépriserais,17,reviewed,
FR,mépriser,Conditionnel,Conditionnel présent,"il (elle, on)",mépriserait,17,reviewed,
FR,mépriser,Conditionnel,Conditionnel présent,nous,mépriserions,17,reviewed,
FR,mépriser,Conditionnel,Conditionnel présent,vous,mépriseriez,17,reviewed,
FR,mépriser,Conditionnel,Conditionnel présent,ils (elles),mépriseraient,17,reviewed,
FR,mépriser,Impératif,Impératif,je,-,17,reviewed,French imperative only uses tu / nous / vous; placeholder - used for unsupported slot
FR,mépriser,Impératif,Impératif,tu,méprise,17,reviewed,
FR,mépriser,Impératif,Impératif,"il (elle, on)",-,17,reviewed,French imperative only uses tu / nous / vous; placeholder - used for unsupported slot
FR,mépriser,Impératif,Impératif,nous,méprisons,17,reviewed,
FR,mépriser,Impératif,Impératif,vous,méprisez,17,reviewed,
FR,mépriser,Impératif,Impératif,ils (elles),-,17,reviewed,French imperative only uses tu / nous / vous; placeholder - used for unsupported slot
FR,mépriser,Subjonctif,Subjonctif présent,je,méprise,17,reviewed,
FR,mépriser,Subjonctif,Subjonctif présent,tu,méprises,17,reviewed,
FR,mépriser,Subjonctif,Subjonctif présent,"il (elle, on)",méprise,17,reviewed,
FR,mépriser,Subjonctif,Subjonctif présent,nous,méprisions,17,reviewed,
FR,mépriser,Subjonctif,Subjonctif présent,vous,méprisiez,17,reviewed,
FR,mépriser,Subjonctif,Subjonctif présent,ils (elles),méprisent,17,reviewed,
FR,mépriser,Indicatif,Passé Simple,je,méprisai,17,reviewed,
FR,mépriser,Indicatif,Passé Simple,tu,méprisas,17,reviewed,
FR,mépriser,Indicatif,Passé Simple,"il (elle, on)",méprisa,17,reviewed,
FR,mépriser,Indicatif,Passé Simple,nous,méprisâmes,17,reviewed,
FR,mépriser,Indicatif,Passé Simple,vous,méprisâtes,17,reviewed,
FR,mépriser,Indicatif,Passé Simple,ils (elles),méprisèrent,17,reviewed,
FR,mépriser,Subjonctif,Subjonctif imparfait,je,méprisasse,17,reviewed,
FR,mépriser,Subjonctif,Subjonctif imparfait,tu,méprisasses,17,reviewed,
FR,mépriser,Subjonctif,Subjonctif imparfait,"il (elle, on)",méprisât,17,reviewed,
FR,mépriser,Subjonctif,Subjonctif imparfait,nous,méprisassions,17,reviewed,
FR,mépriser,Subjonctif,Subjonctif imparfait,vous,méprisassiez,17,reviewed,
FR,mépriser,Subjonctif,Subjonctif imparfait,ils (elles),méprisassent,17,reviewed,
FR,découper,Indicatif,Présent,je,découpe,17,reviewed,
FR,découper,Indicatif,Présent,tu,découpes,17,reviewed,
FR,découper,Indicatif,Présent,"il (elle, on)",découpe,17,reviewed,
FR,découper,Indicatif,Présent,nous,découpons,17,reviewed,
FR,découper,Indicatif,Présent,vous,découpez,17,reviewed,
FR,découper,Indicatif,Présent,ils (elles),découpent,17,reviewed,
FR,découper,Indicatif,Futur,je,découperai,17,reviewed,
FR,découper,Indicatif,Futur,tu,découperas,17,reviewed,
FR,découper,Indicatif,Futur,"il (elle, on)",découpera,17,reviewed,
FR,découper,Indicatif,Futur,nous,découperons,17,reviewed,
FR,découper,Indicatif,Futur,vous,découperez,17,reviewed,
FR,découper,Indicatif,Futur,ils (elles),découperont,17,reviewed,
FR,découper,Indicatif,Passé composé,je,ai découpé,17,reviewed,
FR,découper,Indicatif,Passé composé,tu,as découpé,17,reviewed,
FR,découper,Indicatif,Passé composé,"il (elle, on)",a découpé,17,reviewed,
FR,découper,Indicatif,Passé composé,nous,avons découpé,17,reviewed,
FR,découper,Indicatif,Passé composé,vous,avez découpé,17,reviewed,
FR,découper,Indicatif,Passé composé,ils (elles),ont découpé,17,reviewed,
FR,découper,Indicatif,Imparfait,je,découpais,17,reviewed,
FR,découper,Indicatif,Imparfait,tu,découpais,17,reviewed,
FR,découper,Indicatif,Imparfait,"il (elle, on)",découpait,17,reviewed,
FR,découper,Indicatif,Imparfait,nous,découpions,17,reviewed,
FR,découper,Indicatif,Imparfait,vous,découpiez,17,reviewed,
FR,découper,Indicatif,Imparfait,ils (elles),découpaient,17,reviewed,
FR,découper,Conditionnel,Conditionnel présent,je,découperais,17,reviewed,
FR,découper,Conditionnel,Conditionnel présent,tu,découperais,17,reviewed,
FR,découper,Conditionnel,Conditionnel présent,"il (elle, on)",découperait,17,reviewed,
FR,découper,Conditionnel,Conditionnel présent,nous,découperions,17,reviewed,
FR,découper,Conditionnel,Conditionnel présent,vous,découperiez,17,reviewed,
FR,découper,Conditionnel,Conditionnel présent,ils (elles),découperaient,17,reviewed,
FR,découper,Impératif,Impératif,je,-,17,reviewed,French imperative only uses tu / nous / vous; placeholder - used for unsupported slot
FR,découper,Impératif,Impératif,tu,découpe,17,reviewed,
FR,découper,Impératif,Impératif,"il (elle, on)",-,17,reviewed,French imperative only uses tu / nous / vous; placeholder - used for unsupported slot
FR,découper,Impératif,Impératif,nous,découpons,17,reviewed,
FR,découper,Impératif,Impératif,vous,découpez,17,reviewed,
FR,découper,Impératif,Impératif,ils (elles),-,17,reviewed,French imperative only uses tu / nous / vous; placeholder - used for unsupported slot
FR,découper,Subjonctif,Subjonctif présent,je,découpe,17,reviewed,
FR,découper,Subjonctif,Subjonctif présent,tu,découpes,17,reviewed,
FR,découper,Subjonctif,Subjonctif présent,"il (elle, on)",découpe,17,reviewed,
FR,découper,Subjonctif,Subjonctif présent,nous,découpions,17,reviewed,
FR,découper,Subjonctif,Subjonctif présent,vous,découpiez,17,reviewed,
FR,découper,Subjonctif,Subjonctif présent,ils (elles),découpent,17,reviewed,
FR,découper,Indicatif,Passé Simple,je,découpai,17,reviewed,
FR,découper,Indicatif,Passé Simple,tu,découpas,17,reviewed,
FR,découper,Indicatif,Passé Simple,"il (elle, on)",découpa,17,reviewed,
FR,découper,Indicatif,Passé Simple,nous,découpâmes,17,reviewed,
FR,découper,Indicatif,Passé Simple,vous,découpâtes,17,reviewed,
FR,découper,Indicatif,Passé Simple,ils (elles),découpèrent,17,reviewed,
FR,découper,Subjonctif,Subjonctif imparfait,je,découpasse,17,reviewed,
FR,découper,Subjonctif,Subjonctif imparfait,tu,découpasses,17,reviewed,
FR,découper,Subjonctif,Subjonctif imparfait,"il (elle, on)",découpât,17,reviewed,
FR,découper,Subjonctif,Subjonctif imparfait,nous,découpassions,17,reviewed,
FR,découper,Subjonctif,Subjonctif imparfait,vous,découpassiez,17,reviewed,
FR,découper,Subjonctif,Subjonctif imparfait,ils (elles),découpassent,17,reviewed,
FR,proclamer,Indicatif,Présent,je,proclame,17,reviewed,
FR,proclamer,Indicatif,Présent,tu,proclames,17,reviewed,
FR,proclamer,Indicatif,Présent,"il (elle, on)",proclame,17,reviewed,
FR,proclamer,Indicatif,Présent,nous,proclamons,17,reviewed,
FR,proclamer,Indicatif,Présent,vous,proclamez,17,reviewed,
FR,proclamer,Indicatif,Présent,ils (elles),proclament,17,reviewed,
FR,proclamer,Indicatif,Futur,je,proclamerai,17,reviewed,
FR,proclamer,Indicatif,Futur,tu,proclameras,17,reviewed,
FR,proclamer,Indicatif,Futur,"il (elle, on)",proclamera,17,reviewed,
FR,proclamer,Indicatif,Futur,nous,proclamerons,17,reviewed,
FR,proclamer,Indicatif,Futur,vous,proclamerez,17,reviewed,
FR,proclamer,Indicatif,Futur,ils (elles),proclameront,17,reviewed,
FR,proclamer,Indicatif,Passé composé,je,ai proclamé,17,reviewed,
FR,proclamer,Indicatif,Passé composé,tu,as proclamé,17,reviewed,
FR,proclamer,Indicatif,Passé composé,"il (elle, on)",a proclamé,17,reviewed,
FR,proclamer,Indicatif,Passé composé,nous,avons proclamé,17,reviewed,
FR,proclamer,Indicatif,Passé composé,vous,avez proclamé,17,reviewed,
FR,proclamer,Indicatif,Passé composé,ils (elles),ont proclamé,17,reviewed,
FR,proclamer,Indicatif,Imparfait,je,proclamais,17,reviewed,
FR,proclamer,Indicatif,Imparfait,tu,proclamais,17,reviewed,
FR,proclamer,Indicatif,Imparfait,"il (elle, on)",proclamait,17,reviewed,
FR,proclamer,Indicatif,Imparfait,nous,proclamions,17,reviewed,
FR,proclamer,Indicatif,Imparfait,vous,proclamiez,17,reviewed,
FR,proclamer,Indicatif,Imparfait,ils (elles),proclamaient,17,reviewed,
FR,proclamer,Conditionnel,Conditionnel présent,je,proclamerais,17,reviewed,
FR,proclamer,Conditionnel,Conditionnel présent,tu,proclamerais,17,reviewed,
FR,proclamer,Conditionnel,Conditionnel présent,"il (elle, on)",proclamerait,17,reviewed,
FR,proclamer,Conditionnel,Conditionnel présent,nous,proclamerions,17,reviewed,
FR,proclamer,Conditionnel,Conditionnel présent,vous,proclameriez,17,reviewed,
FR,proclamer,Conditionnel,Conditionnel présent,ils (elles),proclameraient,17,reviewed,
FR,proclamer,Impératif,Impératif,je,-,17,reviewed,French imperative only uses tu / nous / vous; placeholder - used for unsupported slot
FR,proclamer,Impératif,Impératif,tu,proclame,17,reviewed,
FR,proclamer,Impératif,Impératif,"il (elle, on)",-,17,reviewed,French imperative only uses tu / nous / vous; placeholder - used for unsupported slot
FR,proclamer,Impératif,Impératif,nous,proclamons,17,reviewed,
FR,proclamer,Impératif,Impératif,vous,proclamez,17,reviewed,
FR,proclamer,Impératif,Impératif,ils (elles),-,17,reviewed,French imperative only uses tu / nous / vous; placeholder - used for unsupported slot
FR,proclamer,Subjonctif,Subjonctif présent,je,proclame,17,reviewed,
FR,proclamer,Subjonctif,Subjonctif présent,tu,proclames,17,reviewed,
FR,proclamer,Subjonctif,Subjonctif présent,"il (elle, on)",proclame,17,reviewed,
FR,proclamer,Subjonctif,Subjonctif présent,nous,proclamions,17,reviewed,
FR,proclamer,Subjonctif,Subjonctif présent,vous,proclamiez,17,reviewed,
FR,proclamer,Subjonctif,Subjonctif présent,ils (elles),proclament,17,reviewed,
FR,proclamer,Indicatif,Passé Simple,je,proclamai,17,reviewed,
FR,proclamer,Indicatif,Passé Simple,tu,proclamas,17,reviewed,
FR,proclamer,Indicatif,Passé Simple,"il (elle, on)",proclama,17,reviewed,
FR,proclamer,Indicatif,Passé Simple,nous,proclamâmes,17,reviewed,
FR,proclamer,Indicatif,Passé Simple,vous,proclamâtes,17,reviewed,
FR,proclamer,Indicatif,Passé Simple,ils (elles),proclamèrent,17,reviewed,
FR,proclamer,Subjonctif,Subjonctif imparfait,je,proclamasse,17,reviewed,
FR,proclamer,Subjonctif,Subjonctif imparfait,tu,proclamasses,17,reviewed,
FR,proclamer,Subjonctif,Subjonctif imparfait,"il (elle, on)",proclamât,17,reviewed,
FR,proclamer,Subjonctif,Subjonctif imparfait,nous,proclamassions,17,reviewed,
FR,proclamer,Subjonctif,Subjonctif imparfait,vous,proclamassiez,17,reviewed,
FR,proclamer,Subjonctif,Subjonctif imparfait,ils (elles),proclamassent,17,reviewed,
FR,menacer,Indicatif,Présent,je,menace,17,reviewed,
FR,menacer,Indicatif,Présent,tu,menaces,17,reviewed,
FR,menacer,Indicatif,Présent,"il (elle, on)",menace,17,reviewed,
FR,menacer,Indicatif,Présent,nous,menaçons,17,reviewed,
FR,menacer,Indicatif,Présent,vous,menacez,17,reviewed,
FR,menacer,Indicatif,Présent,ils (elles),menacent,17,reviewed,
FR,menacer,Indicatif,Futur,je,menacerai,17,reviewed,
FR,menacer,Indicatif,Futur,tu,menaceras,17,reviewed,
FR,menacer,Indicatif,Futur,"il (elle, on)",menacera,17,reviewed,
FR,menacer,Indicatif,Futur,nous,menacerons,17,reviewed,
FR,menacer,Indicatif,Futur,vous,menacerez,17,reviewed,
FR,menacer,Indicatif,Futur,ils (elles),menaceront,17,reviewed,
FR,menacer,Indicatif,Passé composé,je,ai menacé,17,reviewed,
FR,menacer,Indicatif,Passé composé,tu,as menacé,17,reviewed,
FR,menacer,Indicatif,Passé composé,"il (elle, on)",a menacé,17,reviewed,
FR,menacer,Indicatif,Passé composé,nous,avons menacé,17,reviewed,
FR,menacer,Indicatif,Passé composé,vous,avez menacé,17,reviewed,
FR,menacer,Indicatif,Passé composé,ils (elles),ont menacé,17,reviewed,
FR,menacer,Indicatif,Imparfait,je,menaçais,17,reviewed,
FR,menacer,Indicatif,Imparfait,tu,menaçais,17,reviewed,
FR,menacer,Indicatif,Imparfait,"il (elle, on)",menaçait,17,reviewed,
FR,menacer,Indicatif,Imparfait,nous,menacions,17,reviewed,
FR,menacer,Indicatif,Imparfait,vous,menaciez,17,reviewed,
FR,menacer,Indicatif,Imparfait,ils (elles),menaçaient,17,reviewed,
FR,menacer,Conditionnel,Conditionnel présent,je,menacerais,17,reviewed,
FR,menacer,Conditionnel,Conditionnel présent,tu,menacerais,17,reviewed,
FR,menacer,Conditionnel,Conditionnel présent,"il (elle, on)",menacerait,17,reviewed,
FR,menacer,Conditionnel,Conditionnel présent,nous,menacerions,17,reviewed,
FR,menacer,Conditionnel,Conditionnel présent,vous,menaceriez,17,reviewed,
FR,menacer,Conditionnel,Conditionnel présent,ils (elles),menaceraient,17,reviewed,
FR,menacer,Impératif,Impératif,je,-,17,reviewed,French imperative only uses tu / nous / vous; placeholder - used for unsupported slot
FR,menacer,Impératif,Impératif,tu,menace,17,reviewed,
FR,menacer,Impératif,Impératif,"il (elle, on)",-,17,reviewed,French imperative only uses tu / nous / vous; placeholder - used for unsupported slot
FR,menacer,Impératif,Impératif,nous,menaçons,17,reviewed,
FR,menacer,Impératif,Impératif,vous,menacez,17,reviewed,
FR,menacer,Impératif,Impératif,ils (elles),-,17,reviewed,French imperative only uses tu / nous / vous; placeholder - used for unsupported slot
FR,menacer,Subjonctif,Subjonctif présent,je,menace,17,reviewed,
FR,menacer,Subjonctif,Subjonctif présent,tu,menaces,17,reviewed,
FR,menacer,Subjonctif,Subjonctif présent,"il (elle, on)",menace,17,reviewed,
FR,menacer,Subjonctif,Subjonctif présent,nous,menacions,17,reviewed,
FR,menacer,Subjonctif,Subjonctif présent,vous,menaciez,17,reviewed,
FR,menacer,Subjonctif,Subjonctif présent,ils (elles),menacent,17,reviewed,
FR,menacer,Indicatif,Passé Simple,je,menaçai,17,reviewed,
FR,menacer,Indicatif,Passé Simple,tu,menaças,17,reviewed,
FR,menacer,Indicatif,Passé Simple,"il (elle, on)",menaça,17,reviewed,
FR,menacer,Indicatif,Passé Simple,nous,menaçâmes,17,reviewed,
FR,menacer,Indicatif,Passé Simple,vous,menaçâtes,17,reviewed,
FR,menacer,Indicatif,Passé Simple,ils (elles),menacèrent,17,reviewed,
FR,menacer,Subjonctif,Subjonctif imparfait,je,menaçasse,17,reviewed,
FR,menacer,Subjonctif,Subjonctif imparfait,tu,menaçasses,17,reviewed,
FR,menacer,Subjonctif,Subjonctif imparfait,"il (elle, on)",menaçât,17,reviewed,
FR,menacer,Subjonctif,Subjonctif imparfait,nous,menaçassions,17,reviewed,
FR,menacer,Subjonctif,Subjonctif imparfait,vous,menaçassiez,17,reviewed,
FR,menacer,Subjonctif,Subjonctif imparfait,ils (elles),menaçassent,17,reviewed,
FR,mater,Indicatif,Présent,je,mate,17,reviewed,
FR,mater,Indicatif,Présent,tu,mates,17,reviewed,
FR,mater,Indicatif,Présent,"il (elle, on)",mate,17,reviewed,
FR,mater,Indicatif,Présent,nous,matons,17,reviewed,
FR,mater,Indicatif,Présent,vous,matez,17,reviewed,
FR,mater,Indicatif,Présent,ils (elles),matent,17,reviewed,
FR,mater,Indicatif,Futur,je,materai,17,reviewed,
FR,mater,Indicatif,Futur,tu,materas,17,reviewed,
FR,mater,Indicatif,Futur,"il (elle, on)",matera,17,reviewed,
FR,mater,Indicatif,Futur,nous,materons,17,reviewed,
FR,mater,Indicatif,Futur,vous,materez,17,reviewed,
FR,mater,Indicatif,Futur,ils (elles),materont,17,reviewed,
FR,mater,Indicatif,Passé composé,je,ai maté,17,reviewed,
FR,mater,Indicatif,Passé composé,tu,as maté,17,reviewed,
FR,mater,Indicatif,Passé composé,"il (elle, on)",a maté,17,reviewed,
FR,mater,Indicatif,Passé composé,nous,avons maté,17,reviewed,
FR,mater,Indicatif,Passé composé,vous,avez maté,17,reviewed,
FR,mater,Indicatif,Passé composé,ils (elles),ont maté,17,reviewed,
FR,mater,Indicatif,Imparfait,je,matais,17,reviewed,
FR,mater,Indicatif,Imparfait,tu,matais,17,reviewed,
FR,mater,Indicatif,Imparfait,"il (elle, on)",matait,17,reviewed,
FR,mater,Indicatif,Imparfait,nous,mations,17,reviewed,
FR,mater,Indicatif,Imparfait,vous,matiez,17,reviewed,
FR,mater,Indicatif,Imparfait,ils (elles),mataient,17,reviewed,
FR,mater,Conditionnel,Conditionnel présent,je,materais,17,reviewed,
FR,mater,Conditionnel,Conditionnel présent,tu,materais,17,reviewed,
FR,mater,Conditionnel,Conditionnel présent,"il (elle, on)",materait,17,reviewed,
FR,mater,Conditionnel,Conditionnel présent,nous,materions,17,reviewed,
FR,mater,Conditionnel,Conditionnel présent,vous,materiez,17,reviewed,
FR,mater,Conditionnel,Conditionnel présent,ils (elles),materaient,17,reviewed,
FR,mater,Impératif,Impératif,je,-,17,reviewed,French imperative only uses tu / nous / vous; placeholder - used for unsupported slot
FR,mater,Impératif,Impératif,tu,mate,17,reviewed,
FR,mater,Impératif,Impératif,"il (elle, on)",-,17,reviewed,French imperative only uses tu / nous / vous; placeholder - used for unsupported slot
FR,mater,Impératif,Impératif,nous,matons,17,reviewed,
FR,mater,Impératif,Impératif,vous,matez,17,reviewed,
FR,mater,Impératif,Impératif,ils (elles),-,17,reviewed,French imperative only uses tu / nous / vous; placeholder - used for unsupported slot
FR,mater,Subjonctif,Subjonctif présent,je,mate,17,reviewed,
FR,mater,Subjonctif,Subjonctif présent,tu,mates,17,reviewed,
FR,mater,Subjonctif,Subjonctif présent,"il (elle, on)",mate,17,reviewed,
FR,mater,Subjonctif,Subjonctif présent,nous,mations,17,reviewed,
FR,mater,Subjonctif,Subjonctif présent,vous,matiez,17,reviewed,
FR,mater,Subjonctif,Subjonctif présent,ils (elles),matent,17,reviewed,
FR,mater,Indicatif,Passé Simple,je,matai,17,reviewed,
FR,mater,Indicatif,Passé Simple,tu,matas,17,reviewed,
FR,mater,Indicatif,Passé Simple,"il (elle, on)",mata,17,reviewed,
FR,mater,Indicatif,Passé Simple,nous,matâmes,17,reviewed,
FR,mater,Indicatif,Passé Simple,vous,matâtes,17,reviewed,
FR,mater,Indicatif,Passé Simple,ils (elles),matèrent,17,reviewed,
FR,mater,Subjonctif,Subjonctif imparfait,je,matasse,17,reviewed,
FR,mater,Subjonctif,Subjonctif imparfait,tu,matasses,17,reviewed,
FR,mater,Subjonctif,Subjonctif imparfait,"il (elle, on)",matât,17,reviewed,
FR,mater,Subjonctif,Subjonctif imparfait,nous,matassions,17,reviewed,
FR,mater,Subjonctif,Subjonctif imparfait,vous,matassiez,17,reviewed,
FR,mater,Subjonctif,Subjonctif imparfait,ils (elles),matassent,17,reviewed,
FR,contrarier,Indicatif,Présent,je,contrarie,17,reviewed,i/y alternation retained; QA recommended
FR,contrarier,Indicatif,Présent,tu,contraries,17,reviewed,i/y alternation retained; QA recommended
FR,contrarier,Indicatif,Présent,"il (elle, on)",contrarie,17,reviewed,i/y alternation retained; QA recommended
FR,contrarier,Indicatif,Présent,nous,contrarions,17,reviewed,i/y alternation retained; QA recommended
FR,contrarier,Indicatif,Présent,vous,contrariez,17,reviewed,i/y alternation retained; QA recommended
FR,contrarier,Indicatif,Présent,ils (elles),contrarient,17,reviewed,i/y alternation retained; QA recommended
FR,contrarier,Indicatif,Futur,je,contrarierai,17,reviewed,i/y alternation retained; QA recommended
FR,contrarier,Indicatif,Futur,tu,contrarieras,17,reviewed,i/y alternation retained; QA recommended
FR,contrarier,Indicatif,Futur,"il (elle, on)",contrariera,17,reviewed,i/y alternation retained; QA recommended
FR,contrarier,Indicatif,Futur,nous,contrarierons,17,reviewed,i/y alternation retained; QA recommended
FR,contrarier,Indicatif,Futur,vous,contrarierez,17,reviewed,i/y alternation retained; QA recommended
FR,contrarier,Indicatif,Futur,ils (elles),contrarieront,17,reviewed,i/y alternation retained; QA recommended
FR,contrarier,Indicatif,Passé composé,je,ai contrarié,17,reviewed,i/y alternation retained; QA recommended
FR,contrarier,Indicatif,Passé composé,tu,as contrarié,17,reviewed,i/y alternation retained; QA recommended
FR,contrarier,Indicatif,Passé composé,"il (elle, on)",a contrarié,17,reviewed,i/y alternation retained; QA recommended
FR,contrarier,Indicatif,Passé composé,nous,avons contrarié,17,reviewed,i/y alternation retained; QA recommended
FR,contrarier,Indicatif,Passé composé,vous,avez contrarié,17,reviewed,i/y alternation retained; QA recommended
FR,contrarier,Indicatif,Passé composé,ils (elles),ont contrarié,17,reviewed,i/y alternation retained; QA recommended
FR,contrarier,Indicatif,Imparfait,je,contrariais,17,reviewed,i/y alternation retained; QA recommended
FR,contrarier,Indicatif,Imparfait,tu,contrariais,17,reviewed,i/y alternation retained; QA recommended
FR,contrarier,Indicatif,Imparfait,"il (elle, on)",contrariait,17,reviewed,i/y alternation retained; QA recommended
FR,contrarier,Indicatif,Imparfait,nous,contrariions,17,reviewed,i/y alternation retained; QA recommended
FR,contrarier,Indicatif,Imparfait,vous,contrariiez,17,reviewed,i/y alternation retained; QA recommended
FR,contrarier,Indicatif,Imparfait,ils (elles),contrariaient,17,reviewed,i/y alternation retained; QA recommended
FR,contrarier,Conditionnel,Conditionnel présent,je,contrarierais,17,reviewed,i/y alternation retained; QA recommended
FR,contrarier,Conditionnel,Conditionnel présent,tu,contrarierais,17,reviewed,i/y alternation retained; QA recommended
FR,contrarier,Conditionnel,Conditionnel présent,"il (elle, on)",contrarierait,17,reviewed,i/y alternation retained; QA recommended
FR,contrarier,Conditionnel,Conditionnel présent,nous,contrarierions,17,reviewed,i/y alternation retained; QA recommended
FR,contrarier,Conditionnel,Conditionnel présent,vous,contrarieriez,17,reviewed,i/y alternation retained; QA recommended
FR,contrarier,Conditionnel,Conditionnel présent,ils (elles),contrarieraient,17,reviewed,i/y alternation retained; QA recommended
FR,contrarier,Impératif,Impératif,je,-,17,reviewed,i/y alternation retained; QA recommended; French imperative only uses tu / nous / vous; placeholder - used for unsupported slot
FR,contrarier,Impératif,Impératif,tu,contrarie,17,reviewed,i/y alternation retained; QA recommended
FR,contrarier,Impératif,Impératif,"il (elle, on)",-,17,reviewed,i/y alternation retained; QA recommended; French imperative only uses tu / nous / vous; placeholder - used for unsupported slot
FR,contrarier,Impératif,Impératif,nous,contrarions,17,reviewed,i/y alternation retained; QA recommended
FR,contrarier,Impératif,Impératif,vous,contrariez,17,reviewed,i/y alternation retained; QA recommended
FR,contrarier,Impératif,Impératif,ils (elles),-,17,reviewed,i/y alternation retained; QA recommended; French imperative only uses tu / nous / vous; placeholder - used for unsupported slot
FR,contrarier,Subjonctif,Subjonctif présent,je,contrarie,17,reviewed,i/y alternation retained; QA recommended
FR,contrarier,Subjonctif,Subjonctif présent,tu,contraries,17,reviewed,i/y alternation retained; QA recommended
FR,contrarier,Subjonctif,Subjonctif présent,"il (elle, on)",contrarie,17,reviewed,i/y alternation retained; QA recommended
FR,contrarier,Subjonctif,Subjonctif présent,nous,contrariions,17,reviewed,i/y alternation retained; QA recommended
FR,contrarier,Subjonctif,Subjonctif présent,vous,contrariiez,17,reviewed,i/y alternation retained; QA recommended
FR,contrarier,Subjonctif,Subjonctif présent,ils (elles),contrarient,17,reviewed,i/y alternation retained; QA recommended
FR,contrarier,Indicatif,Passé Simple,je,contrariai,17,reviewed,i/y alternation retained; QA recommended
FR,contrarier,Indicatif,Passé Simple,tu,contrarias,17,reviewed,i/y alternation retained; QA recommended
FR,contrarier,Indicatif,Passé Simple,"il (elle, on)",contraria,17,reviewed,i/y alternation retained; QA recommended
FR,contrarier,Indicatif,Passé Simple,nous,contrariâmes,17,reviewed,i/y alternation retained; QA recommended
FR,contrarier,Indicatif,Passé Simple,vous,contrariâtes,17,reviewed,i/y alternation retained; QA recommended
FR,contrarier,Indicatif,Passé Simple,ils (elles),contrarièrent,17,reviewed,i/y alternation retained; QA recommended
FR,contrarier,Subjonctif,Subjonctif imparfait,je,contrariasse,17,reviewed,i/y alternation retained; QA recommended
FR,contrarier,Subjonctif,Subjonctif imparfait,tu,contrariasses,17,reviewed,i/y alternation retained; QA recommended
FR,contrarier,Subjonctif,Subjonctif imparfait,"il (elle, on)",contrariât,17,reviewed,i/y alternation retained; QA recommended
FR,contrarier,Subjonctif,Subjonctif imparfait,nous,contrariassions,17,reviewed,i/y alternation retained; QA recommended
FR,contrarier,Subjonctif,Subjonctif imparfait,vous,contrariassiez,17,reviewed,i/y alternation retained; QA recommended
FR,contrarier,Subjonctif,Subjonctif imparfait,ils (elles),contrariassent,17,reviewed,i/y alternation retained; QA recommended
FR,réjouir,Indicatif,Présent,je,réjouis,17,reviewed,
FR,réjouir,Indicatif,Présent,tu,réjouis,17,reviewed,
FR,réjouir,Indicatif,Présent,"il (elle, on)",réjouit,17,reviewed,
FR,réjouir,Indicatif,Présent,nous,réjouissons,17,reviewed,
FR,réjouir,Indicatif,Présent,vous,réjouissez,17,reviewed,
FR,réjouir,Indicatif,Présent,ils (elles),réjouissent,17,reviewed,
FR,réjouir,Indicatif,Futur,je,réjouirai,17,reviewed,
FR,réjouir,Indicatif,Futur,tu,réjouiras,17,reviewed,
FR,réjouir,Indicatif,Futur,"il (elle, on)",réjouira,17,reviewed,
FR,réjouir,Indicatif,Futur,nous,réjouirons,17,reviewed,
FR,réjouir,Indicatif,Futur,vous,réjouirez,17,reviewed,
FR,réjouir,Indicatif,Futur,ils (elles),réjouiront,17,reviewed,
FR,réjouir,Indicatif,Passé composé,je,ai réjoui,17,reviewed,
FR,réjouir,Indicatif,Passé composé,tu,as réjoui,17,reviewed,
FR,réjouir,Indicatif,Passé composé,"il (elle, on)",a réjoui,17,reviewed,
FR,réjouir,Indicatif,Passé composé,nous,avons réjoui,17,reviewed,
FR,réjouir,Indicatif,Passé composé,vous,avez réjoui,17,reviewed,
FR,réjouir,Indicatif,Passé composé,ils (elles),ont réjoui,17,reviewed,
FR,réjouir,Indicatif,Imparfait,je,réjouissais,17,reviewed,
FR,réjouir,Indicatif,Imparfait,tu,réjouissais,17,reviewed,
FR,réjouir,Indicatif,Imparfait,"il (elle, on)",réjouissait,17,reviewed,
FR,réjouir,Indicatif,Imparfait,nous,réjouissions,17,reviewed,
FR,réjouir,Indicatif,Imparfait,vous,réjouissiez,17,reviewed,
FR,réjouir,Indicatif,Imparfait,ils (elles),réjouissaient,17,reviewed,
FR,réjouir,Conditionnel,Conditionnel présent,je,réjouirais,17,reviewed,
FR,réjouir,Conditionnel,Conditionnel présent,tu,réjouirais,17,reviewed,
FR,réjouir,Conditionnel,Conditionnel présent,"il (elle, on)",réjouirait,17,reviewed,
FR,réjouir,Conditionnel,Conditionnel présent,nous,réjouirions,17,reviewed,
FR,réjouir,Conditionnel,Conditionnel présent,vous,réjouiriez,17,reviewed,
FR,réjouir,Conditionnel,Conditionnel présent,ils (elles),réjouiraient,17,reviewed,
FR,réjouir,Impératif,Impératif,je,-,17,reviewed,French imperative only uses tu / nous / vous; placeholder - used for unsupported slot
FR,réjouir,Impératif,Impératif,tu,réjouis,17,reviewed,
FR,réjouir,Impératif,Impératif,"il (elle, on)",-,17,reviewed,French imperative only uses tu / nous / vous; placeholder - used for unsupported slot
FR,réjouir,Impératif,Impératif,nous,réjouissons,17,reviewed,
FR,réjouir,Impératif,Impératif,vous,réjouissez,17,reviewed,
FR,réjouir,Impératif,Impératif,ils (elles),-,17,reviewed,French imperative only uses tu / nous / vous; placeholder - used for unsupported slot
FR,réjouir,Subjonctif,Subjonctif présent,je,réjouisse,17,reviewed,
FR,réjouir,Subjonctif,Subjonctif présent,tu,réjouisses,17,reviewed,
FR,réjouir,Subjonctif,Subjonctif présent,"il (elle, on)",réjouisse,17,reviewed,
FR,réjouir,Subjonctif,Subjonctif présent,nous,réjouissions,17,reviewed,
FR,réjouir,Subjonctif,Subjonctif présent,vous,réjouissiez,17,reviewed,
FR,réjouir,Subjonctif,Subjonctif présent,ils (elles),réjouissent,17,reviewed,
FR,réjouir,Indicatif,Passé Simple,je,réjouis,17,reviewed,
FR,réjouir,Indicatif,Passé Simple,tu,réjouis,17,reviewed,
FR,réjouir,Indicatif,Passé Simple,"il (elle, on)",réjouit,17,reviewed,
FR,réjouir,Indicatif,Passé Simple,nous,réjouîmes,17,reviewed,
FR,réjouir,Indicatif,Passé Simple,vous,réjouîtes,17,reviewed,
FR,réjouir,Indicatif,Passé Simple,ils (elles),réjouirent,17,reviewed,
FR,réjouir,Subjonctif,Subjonctif imparfait,je,réjouisse,17,reviewed,
FR,réjouir,Subjonctif,Subjonctif imparfait,tu,réjouisses,17,reviewed,
FR,réjouir,Subjonctif,Subjonctif imparfait,"il (elle, on)",réjouît,17,reviewed,
FR,réjouir,Subjonctif,Subjonctif imparfait,nous,réjouissions,17,reviewed,
FR,réjouir,Subjonctif,Subjonctif imparfait,vous,réjouissiez,17,reviewed,
FR,réjouir,Subjonctif,Subjonctif imparfait,ils (elles),réjouissent,17,reviewed,
FR,cerner,Indicatif,Présent,je,cerne,17,reviewed,
FR,cerner,Indicatif,Présent,tu,cernes,17,reviewed,
FR,cerner,Indicatif,Présent,"il (elle, on)",cerne,17,reviewed,
FR,cerner,Indicatif,Présent,nous,cernons,17,reviewed,
FR,cerner,Indicatif,Présent,vous,cernez,17,reviewed,
FR,cerner,Indicatif,Présent,ils (elles),cernent,17,reviewed,
FR,cerner,Indicatif,Futur,je,cernerai,17,reviewed,
FR,cerner,Indicatif,Futur,tu,cerneras,17,reviewed,
FR,cerner,Indicatif,Futur,"il (elle, on)",cernera,17,reviewed,
FR,cerner,Indicatif,Futur,nous,cernerons,17,reviewed,
FR,cerner,Indicatif,Futur,vous,cernerez,17,reviewed,
FR,cerner,Indicatif,Futur,ils (elles),cerneront,17,reviewed,
FR,cerner,Indicatif,Passé composé,je,ai cerné,17,reviewed,
FR,cerner,Indicatif,Passé composé,tu,as cerné,17,reviewed,
FR,cerner,Indicatif,Passé composé,"il (elle, on)",a cerné,17,reviewed,
FR,cerner,Indicatif,Passé composé,nous,avons cerné,17,reviewed,
FR,cerner,Indicatif,Passé composé,vous,avez cerné,17,reviewed,
FR,cerner,Indicatif,Passé composé,ils (elles),ont cerné,17,reviewed,
FR,cerner,Indicatif,Imparfait,je,cernais,17,reviewed,
FR,cerner,Indicatif,Imparfait,tu,cernais,17,reviewed,
FR,cerner,Indicatif,Imparfait,"il (elle, on)",cernait,17,reviewed,
FR,cerner,Indicatif,Imparfait,nous,cernions,17,reviewed,
FR,cerner,Indicatif,Imparfait,vous,cerniez,17,reviewed,
FR,cerner,Indicatif,Imparfait,ils (elles),cernaient,17,reviewed,
FR,cerner,Conditionnel,Conditionnel présent,je,cernerais,17,reviewed,
FR,cerner,Conditionnel,Conditionnel présent,tu,cernerais,17,reviewed,
FR,cerner,Conditionnel,Conditionnel présent,"il (elle, on)",cernerait,17,reviewed,
FR,cerner,Conditionnel,Conditionnel présent,nous,cernerions,17,reviewed,
FR,cerner,Conditionnel,Conditionnel présent,vous,cerneriez,17,reviewed,
FR,cerner,Conditionnel,Conditionnel présent,ils (elles),cerneraient,17,reviewed,
FR,cerner,Impératif,Impératif,je,-,17,reviewed,French imperative only uses tu / nous / vous; placeholder - used for unsupported slot
FR,cerner,Impératif,Impératif,tu,cerne,17,reviewed,
FR,cerner,Impératif,Impératif,"il (elle, on)",-,17,reviewed,French imperative only uses tu / nous / vous; placeholder - used for unsupported slot
FR,cerner,Impératif,Impératif,nous,cernons,17,reviewed,
FR,cerner,Impératif,Impératif,vous,cernez,17,reviewed,
FR,cerner,Impératif,Impératif,ils (elles),-,17,reviewed,French imperative only uses tu / nous / vous; placeholder - used for unsupported slot
FR,cerner,Subjonctif,Subjonctif présent,je,cerne,17,reviewed,
FR,cerner,Subjonctif,Subjonctif présent,tu,cernes,17,reviewed,
FR,cerner,Subjonctif,Subjonctif présent,"il (elle, on)",cerne,17,reviewed,
FR,cerner,Subjonctif,Subjonctif présent,nous,cernions,17,reviewed,
FR,cerner,Subjonctif,Subjonctif présent,vous,cerniez,17,reviewed,
FR,cerner,Subjonctif,Subjonctif présent,ils (elles),cernent,17,reviewed,
FR,cerner,Indicatif,Passé Simple,je,cernai,17,reviewed,
FR,cerner,Indicatif,Passé Simple,tu,cernas,17,reviewed,
FR,cerner,Indicatif,Passé Simple,"il (elle, on)",cerna,17,reviewed,
FR,cerner,Indicatif,Passé Simple,nous,cernâmes,17,reviewed,
FR,cerner,Indicatif,Passé Simple,vous,cernâtes,17,reviewed,
FR,cerner,Indicatif,Passé Simple,ils (elles),cernèrent,17,reviewed,
FR,cerner,Subjonctif,Subjonctif imparfait,je,cernasse,17,reviewed,
FR,cerner,Subjonctif,Subjonctif imparfait,tu,cernasses,17,reviewed,
FR,cerner,Subjonctif,Subjonctif imparfait,"il (elle, on)",cernât,17,reviewed,
FR,cerner,Subjonctif,Subjonctif imparfait,nous,cernassions,17,reviewed,
FR,cerner,Subjonctif,Subjonctif imparfait,vous,cernassiez,17,reviewed,
FR,cerner,Subjonctif,Subjonctif imparfait,ils (elles),cernassent,17,reviewed,
ES,desembarcar,Indicativo,Presente,yo,desembarco,17,reviewed,
ES,desembarcar,Indicativo,Presente,tú,desembarcas,17,reviewed,
ES,desembarcar,Indicativo,Presente,él,desembarca,17,reviewed,
ES,desembarcar,Indicativo,Presente,nosotros,desembarcamos,17,reviewed,
ES,desembarcar,Indicativo,Presente,vosotros,desembarcáis,17,reviewed,
ES,desembarcar,Indicativo,Presente,ellos,desembarcan,17,reviewed,
ES,desembarcar,Indicativo,Futuro,yo,desembarcaré,17,reviewed,
ES,desembarcar,Indicativo,Futuro,tú,desembarcarás,17,reviewed,
ES,desembarcar,Indicativo,Futuro,él,desembarcará,17,reviewed,
ES,desembarcar,Indicativo,Futuro,nosotros,desembarcaremos,17,reviewed,
ES,desembarcar,Indicativo,Futuro,vosotros,desembarcaréis,17,reviewed,
ES,desembarcar,Indicativo,Futuro,ellos,desembarcarán,17,reviewed,
ES,desembarcar,Indicativo,Pretérito perfecto compuesto,yo,he desembarcado,17,reviewed,
ES,desembarcar,Indicativo,Pretérito perfecto compuesto,tú,has desembarcado,17,reviewed,
ES,desembarcar,Indicativo,Pretérito perfecto compuesto,él,ha desembarcado,17,reviewed,
ES,desembarcar,Indicativo,Pretérito perfecto compuesto,nosotros,hemos desembarcado,17,reviewed,
ES,desembarcar,Indicativo,Pretérito perfecto compuesto,vosotros,habéis desembarcado,17,reviewed,
ES,desembarcar,Indicativo,Pretérito perfecto compuesto,ellos,han desembarcado,17,reviewed,
ES,desembarcar,Indicativo,Pretérito imperfecto,yo,desembarcaba,17,reviewed,
ES,desembarcar,Indicativo,Pretérito imperfecto,tú,desembarcabas,17,reviewed,
ES,desembarcar,Indicativo,Pretérito imperfecto,él,desembarcaba,17,reviewed,
ES,desembarcar,Indicativo,Pretérito imperfecto,nosotros,desembarcábamos,17,reviewed,
ES,desembarcar,Indicativo,Pretérito imperfecto,vosotros,desembarcabais,17,reviewed,
ES,desembarcar,Indicativo,Pretérito imperfecto,ellos,desembarcaban,17,reviewed,
ES,desembarcar,Condicional,Condicional,yo,desembarcaría,17,reviewed,
ES,desembarcar,Condicional,Condicional,tú,desembarcarías,17,reviewed,
ES,desembarcar,Condicional,Condicional,él,desembarcaría,17,reviewed,
ES,desembarcar,Condicional,Condicional,nosotros,desembarcaríamos,17,reviewed,
ES,desembarcar,Condicional,Condicional,vosotros,desembarcaríais,17,reviewed,
ES,desembarcar,Condicional,Condicional,ellos,desembarcarían,17,reviewed,
ES,desembarcar,Imperativo,Imperativo,yo,-,17,reviewed,Spanish has no standard first-person singular imperative; placeholder - used
ES,desembarcar,Imperativo,Imperativo,tú,desembarca,17,reviewed,
ES,desembarcar,Imperativo,Imperativo,él,desembarque,17,reviewed,
ES,desembarcar,Imperativo,Imperativo,nosotros,desembarquemos,17,reviewed,
ES,desembarcar,Imperativo,Imperativo,vosotros,desembarcad,17,reviewed,
ES,desembarcar,Imperativo,Imperativo,ellos,desembarquen,17,reviewed,
ES,desembarcar,Indicativo,Futuro perfecto,yo,habré desembarcado,17,reviewed,
ES,desembarcar,Indicativo,Futuro perfecto,tú,habrás desembarcado,17,reviewed,
ES,desembarcar,Indicativo,Futuro perfecto,él,habrá desembarcado,17,reviewed,
ES,desembarcar,Indicativo,Futuro perfecto,nosotros,habremos desembarcado,17,reviewed,
ES,desembarcar,Indicativo,Futuro perfecto,vosotros,habréis desembarcado,17,reviewed,
ES,desembarcar,Indicativo,Futuro perfecto,ellos,habrán desembarcado,17,reviewed,
ES,desembarcar,Subjuntivo,Subjuntivo presente,yo,desembarque,17,reviewed,
ES,desembarcar,Subjuntivo,Subjuntivo presente,tú,desembarques,17,reviewed,
ES,desembarcar,Subjuntivo,Subjuntivo presente,él,desembarque,17,reviewed,
ES,desembarcar,Subjuntivo,Subjuntivo presente,nosotros,desembarquemos,17,reviewed,
ES,desembarcar,Subjuntivo,Subjuntivo presente,vosotros,desembarquéis,17,reviewed,
ES,desembarcar,Subjuntivo,Subjuntivo presente,ellos,desembarquen,17,reviewed,
ES,desembarcar,Indicativo,Pretérito perfecto simple,yo,desembarqué,17,reviewed,
ES,desembarcar,Indicativo,Pretérito perfecto simple,tú,desembarcaste,17,reviewed,
ES,desembarcar,Indicativo,Pretérito perfecto simple,él,desembarcó,17,reviewed,
ES,desembarcar,Indicativo,Pretérito perfecto simple,nosotros,desembarcamos,17,reviewed,
ES,desembarcar,Indicativo,Pretérito perfecto simple,vosotros,desembarcasteis,17,reviewed,
ES,desembarcar,Indicativo,Pretérito perfecto simple,ellos,desembarcaron,17,reviewed,
ES,desembarcar,Indicativo,Pretérito pluscuamperfecto,yo,había desembarcado,17,reviewed,
ES,desembarcar,Indicativo,Pretérito pluscuamperfecto,tú,habías desembarcado,17,reviewed,
ES,desembarcar,Indicativo,Pretérito pluscuamperfecto,él,había desembarcado,17,reviewed,
ES,desembarcar,Indicativo,Pretérito pluscuamperfecto,nosotros,habíamos desembarcado,17,reviewed,
ES,desembarcar,Indicativo,Pretérito pluscuamperfecto,vosotros,habíais desembarcado,17,reviewed,
ES,desembarcar,Indicativo,Pretérito pluscuamperfecto,ellos,habían desembarcado,17,reviewed,
ES,llegar,Indicativo,Presente,yo,llego,17,reviewed,
ES,llegar,Indicativo,Presente,tú,llegas,17,reviewed,
ES,llegar,Indicativo,Presente,él,llega,17,reviewed,
ES,llegar,Indicativo,Presente,nosotros,llegamos,17,reviewed,
ES,llegar,Indicativo,Presente,vosotros,llegáis,17,reviewed,
ES,llegar,Indicativo,Presente,ellos,llegan,17,reviewed,
ES,llegar,Indicativo,Futuro,yo,llegaré,17,reviewed,
ES,llegar,Indicativo,Futuro,tú,llegarás,17,reviewed,
ES,llegar,Indicativo,Futuro,él,llegará,17,reviewed,
ES,llegar,Indicativo,Futuro,nosotros,llegaremos,17,reviewed,
ES,llegar,Indicativo,Futuro,vosotros,llegaréis,17,reviewed,
ES,llegar,Indicativo,Futuro,ellos,llegarán,17,reviewed,
ES,llegar,Indicativo,Pretérito perfecto compuesto,yo,he llegado,17,reviewed,
ES,llegar,Indicativo,Pretérito perfecto compuesto,tú,has llegado,17,reviewed,
ES,llegar,Indicativo,Pretérito perfecto compuesto,él,ha llegado,17,reviewed,
ES,llegar,Indicativo,Pretérito perfecto compuesto,nosotros,hemos llegado,17,reviewed,
ES,llegar,Indicativo,Pretérito perfecto compuesto,vosotros,habéis llegado,17,reviewed,
ES,llegar,Indicativo,Pretérito perfecto compuesto,ellos,han llegado,17,reviewed,
ES,llegar,Indicativo,Pretérito imperfecto,yo,llegaba,17,reviewed,
ES,llegar,Indicativo,Pretérito imperfecto,tú,llegabas,17,reviewed,
ES,llegar,Indicativo,Pretérito imperfecto,él,llegaba,17,reviewed,
ES,llegar,Indicativo,Pretérito imperfecto,nosotros,llegábamos,17,reviewed,
ES,llegar,Indicativo,Pretérito imperfecto,vosotros,llegabais,17,reviewed,
ES,llegar,Indicativo,Pretérito imperfecto,ellos,llegaban,17,reviewed,
ES,llegar,Condicional,Condicional,yo,llegaría,17,reviewed,
ES,llegar,Condicional,Condicional,tú,llegarías,17,reviewed,
ES,llegar,Condicional,Condicional,él,llegaría,17,reviewed,
ES,llegar,Condicional,Condicional,nosotros,llegaríamos,17,reviewed,
ES,llegar,Condicional,Condicional,vosotros,llegaríais,17,reviewed,
ES,llegar,Condicional,Condicional,ellos,llegarían,17,reviewed,
ES,llegar,Imperativo,Imperativo,yo,-,17,reviewed,Spanish has no standard first-person singular imperative; placeholder - used
ES,llegar,Imperativo,Imperativo,tú,llega,17,reviewed,
ES,llegar,Imperativo,Imperativo,él,llegue,17,reviewed,
ES,llegar,Imperativo,Imperativo,nosotros,lleguemos,17,reviewed,
ES,llegar,Imperativo,Imperativo,vosotros,llegad,17,reviewed,
ES,llegar,Imperativo,Imperativo,ellos,lleguen,17,reviewed,
ES,llegar,Indicativo,Futuro perfecto,yo,habré llegado,17,reviewed,
ES,llegar,Indicativo,Futuro perfecto,tú,habrás llegado,17,reviewed,
ES,llegar,Indicativo,Futuro perfecto,él,habrá llegado,17,reviewed,
ES,llegar,Indicativo,Futuro perfecto,nosotros,habremos llegado,17,reviewed,
ES,llegar,Indicativo,Futuro perfecto,vosotros,habréis llegado,17,reviewed,
ES,llegar,Indicativo,Futuro perfecto,ellos,habrán llegado,17,reviewed,
ES,llegar,Subjuntivo,Subjuntivo presente,yo,llegue,17,reviewed,
ES,llegar,Subjuntivo,Subjuntivo presente,tú,llegues,17,reviewed,
ES,llegar,Subjuntivo,Subjuntivo presente,él,llegue,17,reviewed,
ES,llegar,Subjuntivo,Subjuntivo presente,nosotros,lleguemos,17,reviewed,
ES,llegar,Subjuntivo,Subjuntivo presente,vosotros,lleguéis,17,reviewed,
ES,llegar,Subjuntivo,Subjuntivo presente,ellos,lleguen,17,reviewed,
ES,llegar,Indicativo,Pretérito perfecto simple,yo,llegué,17,reviewed,
ES,llegar,Indicativo,Pretérito perfecto simple,tú,llegaste,17,reviewed,
ES,llegar,Indicativo,Pretérito perfecto simple,él,llegó,17,reviewed,
ES,llegar,Indicativo,Pretérito perfecto simple,nosotros,llegamos,17,reviewed,
ES,llegar,Indicativo,Pretérito perfecto simple,vosotros,llegasteis,17,reviewed,
ES,llegar,Indicativo,Pretérito perfecto simple,ellos,llegaron,17,reviewed,
ES,llegar,Indicativo,Pretérito pluscuamperfecto,yo,había llegado,17,reviewed,
ES,llegar,Indicativo,Pretérito pluscuamperfecto,tú,habías llegado,17,reviewed,
ES,llegar,Indicativo,Pretérito pluscuamperfecto,él,había llegado,17,reviewed,
ES,llegar,Indicativo,Pretérito pluscuamperfecto,nosotros,habíamos llegado,17,reviewed,
ES,llegar,Indicativo,Pretérito pluscuamperfecto,vosotros,habíais llegado,17,reviewed,
ES,llegar,Indicativo,Pretérito pluscuamperfecto,ellos,habían llegado,17,reviewed,
ES,volver a ser,Indicativo,Presente,yo,vuelvo a ser,17,reviewed,multiword entry; only volver is conjugated
ES,volver a ser,Indicativo,Presente,tú,vuelves a ser,17,reviewed,multiword entry; only volver is conjugated
ES,volver a ser,Indicativo,Presente,él,vuelve a ser,17,reviewed,multiword entry; only volver is conjugated
ES,volver a ser,Indicativo,Presente,nosotros,volvemos a ser,17,reviewed,multiword entry; only volver is conjugated
ES,volver a ser,Indicativo,Presente,vosotros,volvéis a ser,17,reviewed,multiword entry; only volver is conjugated
ES,volver a ser,Indicativo,Presente,ellos,vuelven a ser,17,reviewed,multiword entry; only volver is conjugated
ES,volver a ser,Indicativo,Futuro,yo,volveré a ser,17,reviewed,multiword entry; only volver is conjugated
ES,volver a ser,Indicativo,Futuro,tú,volverás a ser,17,reviewed,multiword entry; only volver is conjugated
ES,volver a ser,Indicativo,Futuro,él,volverá a ser,17,reviewed,multiword entry; only volver is conjugated
ES,volver a ser,Indicativo,Futuro,nosotros,volveremos a ser,17,reviewed,multiword entry; only volver is conjugated
ES,volver a ser,Indicativo,Futuro,vosotros,volveréis a ser,17,reviewed,multiword entry; only volver is conjugated
ES,volver a ser,Indicativo,Futuro,ellos,volverán a ser,17,reviewed,multiword entry; only volver is conjugated
ES,volver a ser,Indicativo,Pretérito perfecto compuesto,yo,he vuelto a ser,17,reviewed,multiword entry; only volver is conjugated
ES,volver a ser,Indicativo,Pretérito perfecto compuesto,tú,has vuelto a ser,17,reviewed,multiword entry; only volver is conjugated
ES,volver a ser,Indicativo,Pretérito perfecto compuesto,él,ha vuelto a ser,17,reviewed,multiword entry; only volver is conjugated
ES,volver a ser,Indicativo,Pretérito perfecto compuesto,nosotros,hemos vuelto a ser,17,reviewed,multiword entry; only volver is conjugated
ES,volver a ser,Indicativo,Pretérito perfecto compuesto,vosotros,habéis vuelto a ser,17,reviewed,multiword entry; only volver is conjugated
ES,volver a ser,Indicativo,Pretérito perfecto compuesto,ellos,han vuelto a ser,17,reviewed,multiword entry; only volver is conjugated
ES,volver a ser,Indicativo,Pretérito imperfecto,yo,volvía a ser,17,reviewed,multiword entry; only volver is conjugated
ES,volver a ser,Indicativo,Pretérito imperfecto,tú,volvías a ser,17,reviewed,multiword entry; only volver is conjugated
ES,volver a ser,Indicativo,Pretérito imperfecto,él,volvía a ser,17,reviewed,multiword entry; only volver is conjugated
ES,volver a ser,Indicativo,Pretérito imperfecto,nosotros,volvíamos a ser,17,reviewed,multiword entry; only volver is conjugated
ES,volver a ser,Indicativo,Pretérito imperfecto,vosotros,volvíais a ser,17,reviewed,multiword entry; only volver is conjugated
ES,volver a ser,Indicativo,Pretérito imperfecto,ellos,volvían a ser,17,reviewed,multiword entry; only volver is conjugated
ES,volver a ser,Condicional,Condicional,yo,volvería a ser,17,reviewed,multiword entry; only volver is conjugated
ES,volver a ser,Condicional,Condicional,tú,volverías a ser,17,reviewed,multiword entry; only volver is conjugated
ES,volver a ser,Condicional,Condicional,él,volvería a ser,17,reviewed,multiword entry; only volver is conjugated
ES,volver a ser,Condicional,Condicional,nosotros,volveríamos a ser,17,reviewed,multiword entry; only volver is conjugated
ES,volver a ser,Condicional,Condicional,vosotros,volveríais a ser,17,reviewed,multiword entry; only volver is conjugated
ES,volver a ser,Condicional,Condicional,ellos,volverían a ser,17,reviewed,multiword entry; only volver is conjugated
ES,volver a ser,Imperativo,Imperativo,yo,-,17,reviewed,multiword entry; only volver is conjugated; Spanish has no standard first-person singular imperative; placeholder - used
ES,volver a ser,Imperativo,Imperativo,tú,vuelve a ser,17,reviewed,multiword entry; only volver is conjugated
ES,volver a ser,Imperativo,Imperativo,él,vuelva a ser,17,reviewed,multiword entry; only volver is conjugated
ES,volver a ser,Imperativo,Imperativo,nosotros,volvamos a ser,17,reviewed,multiword entry; only volver is conjugated
ES,volver a ser,Imperativo,Imperativo,vosotros,volved a ser,17,reviewed,multiword entry; only volver is conjugated
ES,volver a ser,Imperativo,Imperativo,ellos,vuelvan a ser,17,reviewed,multiword entry; only volver is conjugated
ES,volver a ser,Indicativo,Futuro perfecto,yo,habré vuelto a ser,17,reviewed,multiword entry; only volver is conjugated
ES,volver a ser,Indicativo,Futuro perfecto,tú,habrás vuelto a ser,17,reviewed,multiword entry; only volver is conjugated
ES,volver a ser,Indicativo,Futuro perfecto,él,habrá vuelto a ser,17,reviewed,multiword entry; only volver is conjugated
ES,volver a ser,Indicativo,Futuro perfecto,nosotros,habremos vuelto a ser,17,reviewed,multiword entry; only volver is conjugated
ES,volver a ser,Indicativo,Futuro perfecto,vosotros,habréis vuelto a ser,17,reviewed,multiword entry; only volver is conjugated
ES,volver a ser,Indicativo,Futuro perfecto,ellos,habrán vuelto a ser,17,reviewed,multiword entry; only volver is conjugated
ES,volver a ser,Subjuntivo,Subjuntivo presente,yo,vuelva a ser,17,reviewed,multiword entry; only volver is conjugated
ES,volver a ser,Subjuntivo,Subjuntivo presente,tú,vuelvas a ser,17,reviewed,multiword entry; only volver is conjugated
ES,volver a ser,Subjuntivo,Subjuntivo presente,él,vuelva a ser,17,reviewed,multiword entry; only volver is conjugated
ES,volver a ser,Subjuntivo,Subjuntivo presente,nosotros,volvamos a ser,17,reviewed,multiword entry; only volver is conjugated
ES,volver a ser,Subjuntivo,Subjuntivo presente,vosotros,volváis a ser,17,reviewed,multiword entry; only volver is conjugated
ES,volver a ser,Subjuntivo,Subjuntivo presente,ellos,vuelvan a ser,17,reviewed,multiword entry; only volver is conjugated
ES,volver a ser,Indicativo,Pretérito perfecto simple,yo,volví a ser,17,reviewed,multiword entry; only volver is conjugated
ES,volver a ser,Indicativo,Pretérito perfecto simple,tú,volviste a ser,17,reviewed,multiword entry; only volver is conjugated
ES,volver a ser,Indicativo,Pretérito perfecto simple,él,volvió a ser,17,reviewed,multiword entry; only volver is conjugated
ES,volver a ser,Indicativo,Pretérito perfecto simple,nosotros,volvimos a ser,17,reviewed,multiword entry; only volver is conjugated
ES,volver a ser,Indicativo,Pretérito perfecto simple,vosotros,volvisteis a ser,17,reviewed,multiword entry; only volver is conjugated
ES,volver a ser,Indicativo,Pretérito perfecto simple,ellos,volvieron a ser,17,reviewed,multiword entry; only volver is conjugated
ES,volver a ser,Indicativo,Pretérito pluscuamperfecto,yo,había vuelto a ser,17,reviewed,multiword entry; only volver is conjugated
ES,volver a ser,Indicativo,Pretérito pluscuamperfecto,tú,habías vuelto a ser,17,reviewed,multiword entry; only volver is conjugated
ES,volver a ser,Indicativo,Pretérito pluscuamperfecto,él,había vuelto a ser,17,reviewed,multiword entry; only volver is conjugated
ES,volver a ser,Indicativo,Pretérito pluscuamperfecto,nosotros,habíamos vuelto a ser,17,reviewed,multiword entry; only volver is conjugated
ES,volver a ser,Indicativo,Pretérito pluscuamperfecto,vosotros,habíais vuelto a ser,17,reviewed,multiword entry; only volver is conjugated
ES,volver a ser,Indicativo,Pretérito pluscuamperfecto,ellos,habían vuelto a ser,17,reviewed,multiword entry; only volver is conjugated
ES,aclarar,Indicativo,Presente,yo,aclaro,17,reviewed,
ES,aclarar,Indicativo,Presente,tú,aclaras,17,reviewed,
ES,aclarar,Indicativo,Presente,él,aclara,17,reviewed,
ES,aclarar,Indicativo,Presente,nosotros,aclaramos,17,reviewed,
ES,aclarar,Indicativo,Presente,vosotros,aclaráis,17,reviewed,
ES,aclarar,Indicativo,Presente,ellos,aclaran,17,reviewed,
ES,aclarar,Indicativo,Futuro,yo,aclararé,17,reviewed,
ES,aclarar,Indicativo,Futuro,tú,aclararás,17,reviewed,
ES,aclarar,Indicativo,Futuro,él,aclarará,17,reviewed,
ES,aclarar,Indicativo,Futuro,nosotros,aclararemos,17,reviewed,
ES,aclarar,Indicativo,Futuro,vosotros,aclararéis,17,reviewed,
ES,aclarar,Indicativo,Futuro,ellos,aclararán,17,reviewed,
ES,aclarar,Indicativo,Pretérito perfecto compuesto,yo,he aclarado,17,reviewed,
ES,aclarar,Indicativo,Pretérito perfecto compuesto,tú,has aclarado,17,reviewed,
ES,aclarar,Indicativo,Pretérito perfecto compuesto,él,ha aclarado,17,reviewed,
ES,aclarar,Indicativo,Pretérito perfecto compuesto,nosotros,hemos aclarado,17,reviewed,
ES,aclarar,Indicativo,Pretérito perfecto compuesto,vosotros,habéis aclarado,17,reviewed,
ES,aclarar,Indicativo,Pretérito perfecto compuesto,ellos,han aclarado,17,reviewed,
ES,aclarar,Indicativo,Pretérito imperfecto,yo,aclaraba,17,reviewed,
ES,aclarar,Indicativo,Pretérito imperfecto,tú,aclarabas,17,reviewed,
ES,aclarar,Indicativo,Pretérito imperfecto,él,aclaraba,17,reviewed,
ES,aclarar,Indicativo,Pretérito imperfecto,nosotros,aclarábamos,17,reviewed,
ES,aclarar,Indicativo,Pretérito imperfecto,vosotros,aclarabais,17,reviewed,
ES,aclarar,Indicativo,Pretérito imperfecto,ellos,aclaraban,17,reviewed,
ES,aclarar,Condicional,Condicional,yo,aclararía,17,reviewed,
ES,aclarar,Condicional,Condicional,tú,aclararías,17,reviewed,
ES,aclarar,Condicional,Condicional,él,aclararía,17,reviewed,
ES,aclarar,Condicional,Condicional,nosotros,aclararíamos,17,reviewed,
ES,aclarar,Condicional,Condicional,vosotros,aclararíais,17,reviewed,
ES,aclarar,Condicional,Condicional,ellos,aclararían,17,reviewed,
ES,aclarar,Imperativo,Imperativo,yo,-,17,reviewed,Spanish has no standard first-person singular imperative; placeholder - used
ES,aclarar,Imperativo,Imperativo,tú,aclara,17,reviewed,
ES,aclarar,Imperativo,Imperativo,él,aclare,17,reviewed,
ES,aclarar,Imperativo,Imperativo,nosotros,aclaremos,17,reviewed,
ES,aclarar,Imperativo,Imperativo,vosotros,aclarad,17,reviewed,
ES,aclarar,Imperativo,Imperativo,ellos,aclaren,17,reviewed,
ES,aclarar,Indicativo,Futuro perfecto,yo,habré aclarado,17,reviewed,
ES,aclarar,Indicativo,Futuro perfecto,tú,habrás aclarado,17,reviewed,
ES,aclarar,Indicativo,Futuro perfecto,él,habrá aclarado,17,reviewed,
ES,aclarar,Indicativo,Futuro perfecto,nosotros,habremos aclarado,17,reviewed,
ES,aclarar,Indicativo,Futuro perfecto,vosotros,habréis aclarado,17,reviewed,
ES,aclarar,Indicativo,Futuro perfecto,ellos,habrán aclarado,17,reviewed,
ES,aclarar,Subjuntivo,Subjuntivo presente,yo,aclare,17,reviewed,
ES,aclarar,Subjuntivo,Subjuntivo presente,tú,aclares,17,reviewed,
ES,aclarar,Subjuntivo,Subjuntivo presente,él,aclare,17,reviewed,
ES,aclarar,Subjuntivo,Subjuntivo presente,nosotros,aclaremos,17,reviewed,
ES,aclarar,Subjuntivo,Subjuntivo presente,vosotros,aclaréis,17,reviewed,
ES,aclarar,Subjuntivo,Subjuntivo presente,ellos,aclaren,17,reviewed,
ES,aclarar,Indicativo,Pretérito perfecto simple,yo,aclaré,17,reviewed,
ES,aclarar,Indicativo,Pretérito perfecto simple,tú,aclaraste,17,reviewed,
ES,aclarar,Indicativo,Pretérito perfecto simple,él,aclaró,17,reviewed,
ES,aclarar,Indicativo,Pretérito perfecto simple,nosotros,aclaramos,17,reviewed,
ES,aclarar,Indicativo,Pretérito perfecto simple,vosotros,aclarasteis,17,reviewed,
ES,aclarar,Indicativo,Pretérito perfecto simple,ellos,aclararon,17,reviewed,
ES,aclarar,Indicativo,Pretérito pluscuamperfecto,yo,había aclarado,17,reviewed,
ES,aclarar,Indicativo,Pretérito pluscuamperfecto,tú,habías aclarado,17,reviewed,
ES,aclarar,Indicativo,Pretérito pluscuamperfecto,él,había aclarado,17,reviewed,
ES,aclarar,Indicativo,Pretérito pluscuamperfecto,nosotros,habíamos aclarado,17,reviewed,
ES,aclarar,Indicativo,Pretérito pluscuamperfecto,vosotros,habíais aclarado,17,reviewed,
ES,aclarar,Indicativo,Pretérito pluscuamperfecto,ellos,habían aclarado,17,reviewed,
ES,iluminar,Indicativo,Presente,yo,ilumino,17,reviewed,
ES,iluminar,Indicativo,Presente,tú,iluminas,17,reviewed,
ES,iluminar,Indicativo,Presente,él,ilumina,17,reviewed,
ES,iluminar,Indicativo,Presente,nosotros,iluminamos,17,reviewed,
ES,iluminar,Indicativo,Presente,vosotros,ilumináis,17,reviewed,
ES,iluminar,Indicativo,Presente,ellos,iluminan,17,reviewed,
ES,iluminar,Indicativo,Futuro,yo,iluminaré,17,reviewed,
ES,iluminar,Indicativo,Futuro,tú,iluminarás,17,reviewed,
ES,iluminar,Indicativo,Futuro,él,iluminará,17,reviewed,
ES,iluminar,Indicativo,Futuro,nosotros,iluminaremos,17,reviewed,
ES,iluminar,Indicativo,Futuro,vosotros,iluminaréis,17,reviewed,
ES,iluminar,Indicativo,Futuro,ellos,iluminarán,17,reviewed,
ES,iluminar,Indicativo,Pretérito perfecto compuesto,yo,he iluminado,17,reviewed,
ES,iluminar,Indicativo,Pretérito perfecto compuesto,tú,has iluminado,17,reviewed,
ES,iluminar,Indicativo,Pretérito perfecto compuesto,él,ha iluminado,17,reviewed,
ES,iluminar,Indicativo,Pretérito perfecto compuesto,nosotros,hemos iluminado,17,reviewed,
ES,iluminar,Indicativo,Pretérito perfecto compuesto,vosotros,habéis iluminado,17,reviewed,
ES,iluminar,Indicativo,Pretérito perfecto compuesto,ellos,han iluminado,17,reviewed,
ES,iluminar,Indicativo,Pretérito imperfecto,yo,iluminaba,17,reviewed,
ES,iluminar,Indicativo,Pretérito imperfecto,tú,iluminabas,17,reviewed,
ES,iluminar,Indicativo,Pretérito imperfecto,él,iluminaba,17,reviewed,
ES,iluminar,Indicativo,Pretérito imperfecto,nosotros,iluminábamos,17,reviewed,
ES,iluminar,Indicativo,Pretérito imperfecto,vosotros,iluminabais,17,reviewed,
ES,iluminar,Indicativo,Pretérito imperfecto,ellos,iluminaban,17,reviewed,
ES,iluminar,Condicional,Condicional,yo,iluminaría,17,reviewed,
ES,iluminar,Condicional,Condicional,tú,iluminarías,17,reviewed,
ES,iluminar,Condicional,Condicional,él,iluminaría,17,reviewed,
ES,iluminar,Condicional,Condicional,nosotros,iluminaríamos,17,reviewed,
ES,iluminar,Condicional,Condicional,vosotros,iluminaríais,17,reviewed,
ES,iluminar,Condicional,Condicional,ellos,iluminarían,17,reviewed,
ES,iluminar,Imperativo,Imperativo,yo,-,17,reviewed,Spanish has no standard first-person singular imperative; placeholder - used
ES,iluminar,Imperativo,Imperativo,tú,ilumina,17,reviewed,
ES,iluminar,Imperativo,Imperativo,él,ilumine,17,reviewed,
ES,iluminar,Imperativo,Imperativo,nosotros,iluminemos,17,reviewed,
ES,iluminar,Imperativo,Imperativo,vosotros,iluminad,17,reviewed,
ES,iluminar,Imperativo,Imperativo,ellos,iluminen,17,reviewed,
ES,iluminar,Indicativo,Futuro perfecto,yo,habré iluminado,17,reviewed,
ES,iluminar,Indicativo,Futuro perfecto,tú,habrás iluminado,17,reviewed,
ES,iluminar,Indicativo,Futuro perfecto,él,habrá iluminado,17,reviewed,
ES,iluminar,Indicativo,Futuro perfecto,nosotros,habremos iluminado,17,reviewed,
ES,iluminar,Indicativo,Futuro perfecto,vosotros,habréis iluminado,17,reviewed,
ES,iluminar,Indicativo,Futuro perfecto,ellos,habrán iluminado,17,reviewed,
ES,iluminar,Subjuntivo,Subjuntivo presente,yo,ilumine,17,reviewed,
ES,iluminar,Subjuntivo,Subjuntivo presente,tú,ilumines,17,reviewed,
ES,iluminar,Subjuntivo,Subjuntivo presente,él,ilumine,17,reviewed,
ES,iluminar,Subjuntivo,Subjuntivo presente,nosotros,iluminemos,17,reviewed,
ES,iluminar,Subjuntivo,Subjuntivo presente,vosotros,iluminéis,17,reviewed,
ES,iluminar,Subjuntivo,Subjuntivo presente,ellos,iluminen,17,reviewed,
ES,iluminar,Indicativo,Pretérito perfecto simple,yo,iluminé,17,reviewed,
ES,iluminar,Indicativo,Pretérito perfecto simple,tú,iluminaste,17,reviewed,
ES,iluminar,Indicativo,Pretérito perfecto simple,él,iluminó,17,reviewed,
ES,iluminar,Indicativo,Pretérito perfecto simple,nosotros,iluminamos,17,reviewed,
ES,iluminar,Indicativo,Pretérito perfecto simple,vosotros,iluminasteis,17,reviewed,
ES,iluminar,Indicativo,Pretérito perfecto simple,ellos,iluminaron,17,reviewed,
ES,iluminar,Indicativo,Pretérito pluscuamperfecto,yo,había iluminado,17,reviewed,
ES,iluminar,Indicativo,Pretérito pluscuamperfecto,tú,habías iluminado,17,reviewed,
ES,iluminar,Indicativo,Pretérito pluscuamperfecto,él,había iluminado,17,reviewed,
ES,iluminar,Indicativo,Pretérito pluscuamperfecto,nosotros,habíamos iluminado,17,reviewed,
ES,iluminar,Indicativo,Pretérito pluscuamperfecto,vosotros,habíais iluminado,17,reviewed,
ES,iluminar,Indicativo,Pretérito pluscuamperfecto,ellos,habían iluminado,17,reviewed,
ES,consumir,Indicativo,Presente,yo,consumo,17,reviewed,
ES,consumir,Indicativo,Presente,tú,consumes,17,reviewed,
ES,consumir,Indicativo,Presente,él,consume,17,reviewed,
ES,consumir,Indicativo,Presente,nosotros,consumimos,17,reviewed,
ES,consumir,Indicativo,Presente,vosotros,consumís,17,reviewed,
ES,consumir,Indicativo,Presente,ellos,consumen,17,reviewed,
ES,consumir,Indicativo,Futuro,yo,consumiré,17,reviewed,
ES,consumir,Indicativo,Futuro,tú,consumirás,17,reviewed,
ES,consumir,Indicativo,Futuro,él,consumirá,17,reviewed,
ES,consumir,Indicativo,Futuro,nosotros,consumiremos,17,reviewed,
ES,consumir,Indicativo,Futuro,vosotros,consumiréis,17,reviewed,
ES,consumir,Indicativo,Futuro,ellos,consumirán,17,reviewed,
ES,consumir,Indicativo,Pretérito perfecto compuesto,yo,he consumido,17,reviewed,
ES,consumir,Indicativo,Pretérito perfecto compuesto,tú,has consumido,17,reviewed,
ES,consumir,Indicativo,Pretérito perfecto compuesto,él,ha consumido,17,reviewed,
ES,consumir,Indicativo,Pretérito perfecto compuesto,nosotros,hemos consumido,17,reviewed,
ES,consumir,Indicativo,Pretérito perfecto compuesto,vosotros,habéis consumido,17,reviewed,
ES,consumir,Indicativo,Pretérito perfecto compuesto,ellos,han consumido,17,reviewed,
ES,consumir,Indicativo,Pretérito imperfecto,yo,consumía,17,reviewed,
ES,consumir,Indicativo,Pretérito imperfecto,tú,consumías,17,reviewed,
ES,consumir,Indicativo,Pretérito imperfecto,él,consumía,17,reviewed,
ES,consumir,Indicativo,Pretérito imperfecto,nosotros,consumíamos,17,reviewed,
ES,consumir,Indicativo,Pretérito imperfecto,vosotros,consumíais,17,reviewed,
ES,consumir,Indicativo,Pretérito imperfecto,ellos,consumían,17,reviewed,
ES,consumir,Condicional,Condicional,yo,consumiría,17,reviewed,
ES,consumir,Condicional,Condicional,tú,consumirías,17,reviewed,
ES,consumir,Condicional,Condicional,él,consumiría,17,reviewed,
ES,consumir,Condicional,Condicional,nosotros,consumiríamos,17,reviewed,
ES,consumir,Condicional,Condicional,vosotros,consumiríais,17,reviewed,
ES,consumir,Condicional,Condicional,ellos,consumirían,17,reviewed,
ES,consumir,Imperativo,Imperativo,yo,-,17,reviewed,Spanish has no standard first-person singular imperative; placeholder - used
ES,consumir,Imperativo,Imperativo,tú,consume,17,reviewed,
ES,consumir,Imperativo,Imperativo,él,consuma,17,reviewed,
ES,consumir,Imperativo,Imperativo,nosotros,consumamos,17,reviewed,
ES,consumir,Imperativo,Imperativo,vosotros,consumid,17,reviewed,
ES,consumir,Imperativo,Imperativo,ellos,consuman,17,reviewed,
ES,consumir,Indicativo,Futuro perfecto,yo,habré consumido,17,reviewed,
ES,consumir,Indicativo,Futuro perfecto,tú,habrás consumido,17,reviewed,
ES,consumir,Indicativo,Futuro perfecto,él,habrá consumido,17,reviewed,
ES,consumir,Indicativo,Futuro perfecto,nosotros,habremos consumido,17,reviewed,
ES,consumir,Indicativo,Futuro perfecto,vosotros,habréis consumido,17,reviewed,
ES,consumir,Indicativo,Futuro perfecto,ellos,habrán consumido,17,reviewed,
ES,consumir,Subjuntivo,Subjuntivo presente,yo,consuma,17,reviewed,
ES,consumir,Subjuntivo,Subjuntivo presente,tú,consumas,17,reviewed,
ES,consumir,Subjuntivo,Subjuntivo presente,él,consuma,17,reviewed,
ES,consumir,Subjuntivo,Subjuntivo presente,nosotros,consumamos,17,reviewed,
ES,consumir,Subjuntivo,Subjuntivo presente,vosotros,consumáis,17,reviewed,
ES,consumir,Subjuntivo,Subjuntivo presente,ellos,consuman,17,reviewed,
ES,consumir,Indicativo,Pretérito perfecto simple,yo,consumí,17,reviewed,
ES,consumir,Indicativo,Pretérito perfecto simple,tú,consumiste,17,reviewed,
ES,consumir,Indicativo,Pretérito perfecto simple,él,consumió,17,reviewed,
ES,consumir,Indicativo,Pretérito perfecto simple,nosotros,consumimos,17,reviewed,
ES,consumir,Indicativo,Pretérito perfecto simple,vosotros,consumisteis,17,reviewed,
ES,consumir,Indicativo,Pretérito perfecto simple,ellos,consumieron,17,reviewed,
ES,consumir,Indicativo,Pretérito pluscuamperfecto,yo,había consumido,17,reviewed,
ES,consumir,Indicativo,Pretérito pluscuamperfecto,tú,habías consumido,17,reviewed,
ES,consumir,Indicativo,Pretérito pluscuamperfecto,él,había consumido,17,reviewed,
ES,consumir,Indicativo,Pretérito pluscuamperfecto,nosotros,habíamos consumido,17,reviewed,
ES,consumir,Indicativo,Pretérito pluscuamperfecto,vosotros,habíais consumido,17,reviewed,
ES,consumir,Indicativo,Pretérito pluscuamperfecto,ellos,habían consumido,17,reviewed,
ES,hender,Indicativo,Presente,yo,hiendo,17,reviewed,rare or variant paradigm; QA recommended
ES,hender,Indicativo,Presente,tú,hiendes,17,reviewed,rare or variant paradigm; QA recommended
ES,hender,Indicativo,Presente,él,hiende,17,reviewed,rare or variant paradigm; QA recommended
ES,hender,Indicativo,Presente,nosotros,hendemos,17,reviewed,rare or variant paradigm; QA recommended
ES,hender,Indicativo,Presente,vosotros,hendéis,17,reviewed,rare or variant paradigm; QA recommended
ES,hender,Indicativo,Presente,ellos,hienden,17,reviewed,rare or variant paradigm; QA recommended
ES,hender,Indicativo,Futuro,yo,henderé,17,reviewed,rare or variant paradigm; QA recommended
ES,hender,Indicativo,Futuro,tú,henderás,17,reviewed,rare or variant paradigm; QA recommended
ES,hender,Indicativo,Futuro,él,henderá,17,reviewed,rare or variant paradigm; QA recommended
ES,hender,Indicativo,Futuro,nosotros,henderemos,17,reviewed,rare or variant paradigm; QA recommended
ES,hender,Indicativo,Futuro,vosotros,henderéis,17,reviewed,rare or variant paradigm; QA recommended
ES,hender,Indicativo,Futuro,ellos,henderán,17,reviewed,rare or variant paradigm; QA recommended
ES,hender,Indicativo,Pretérito perfecto compuesto,yo,he hendido,17,reviewed,rare or variant paradigm; QA recommended
ES,hender,Indicativo,Pretérito perfecto compuesto,tú,has hendido,17,reviewed,rare or variant paradigm; QA recommended
ES,hender,Indicativo,Pretérito perfecto compuesto,él,ha hendido,17,reviewed,rare or variant paradigm; QA recommended
ES,hender,Indicativo,Pretérito perfecto compuesto,nosotros,hemos hendido,17,reviewed,rare or variant paradigm; QA recommended
ES,hender,Indicativo,Pretérito perfecto compuesto,vosotros,habéis hendido,17,reviewed,rare or variant paradigm; QA recommended
ES,hender,Indicativo,Pretérito perfecto compuesto,ellos,han hendido,17,reviewed,rare or variant paradigm; QA recommended
ES,hender,Indicativo,Pretérito imperfecto,yo,hendía,17,reviewed,rare or variant paradigm; QA recommended
ES,hender,Indicativo,Pretérito imperfecto,tú,hendías,17,reviewed,rare or variant paradigm; QA recommended
ES,hender,Indicativo,Pretérito imperfecto,él,hendía,17,reviewed,rare or variant paradigm; QA recommended
ES,hender,Indicativo,Pretérito imperfecto,nosotros,hendíamos,17,reviewed,rare or variant paradigm; QA recommended
ES,hender,Indicativo,Pretérito imperfecto,vosotros,hendíais,17,reviewed,rare or variant paradigm; QA recommended
ES,hender,Indicativo,Pretérito imperfecto,ellos,hendían,17,reviewed,rare or variant paradigm; QA recommended
ES,hender,Condicional,Condicional,yo,hendería,17,reviewed,rare or variant paradigm; QA recommended
ES,hender,Condicional,Condicional,tú,henderías,17,reviewed,rare or variant paradigm; QA recommended
ES,hender,Condicional,Condicional,él,hendería,17,reviewed,rare or variant paradigm; QA recommended
ES,hender,Condicional,Condicional,nosotros,henderíamos,17,reviewed,rare or variant paradigm; QA recommended
ES,hender,Condicional,Condicional,vosotros,henderíais,17,reviewed,rare or variant paradigm; QA recommended
ES,hender,Condicional,Condicional,ellos,henderían,17,reviewed,rare or variant paradigm; QA recommended
ES,hender,Imperativo,Imperativo,yo,-,17,reviewed,rare or variant paradigm; QA recommended; Spanish has no standard first-person singular imperative; placeholder - used
ES,hender,Imperativo,Imperativo,tú,hiende,17,reviewed,rare or variant paradigm; QA recommended
ES,hender,Imperativo,Imperativo,él,hienda,17,reviewed,rare or variant paradigm; QA recommended
ES,hender,Imperativo,Imperativo,nosotros,hendamos,17,reviewed,rare or variant paradigm; QA recommended
ES,hender,Imperativo,Imperativo,vosotros,hended,17,reviewed,rare or variant paradigm; QA recommended
ES,hender,Imperativo,Imperativo,ellos,hiendan,17,reviewed,rare or variant paradigm; QA recommended
ES,hender,Indicativo,Futuro perfecto,yo,habré hendido,17,reviewed,rare or variant paradigm; QA recommended
ES,hender,Indicativo,Futuro perfecto,tú,habrás hendido,17,reviewed,rare or variant paradigm; QA recommended
ES,hender,Indicativo,Futuro perfecto,él,habrá hendido,17,reviewed,rare or variant paradigm; QA recommended
ES,hender,Indicativo,Futuro perfecto,nosotros,habremos hendido,17,reviewed,rare or variant paradigm; QA recommended
ES,hender,Indicativo,Futuro perfecto,vosotros,habréis hendido,17,reviewed,rare or variant paradigm; QA recommended
ES,hender,Indicativo,Futuro perfecto,ellos,habrán hendido,17,reviewed,rare or variant paradigm; QA recommended
ES,hender,Subjuntivo,Subjuntivo presente,yo,hienda,17,reviewed,rare or variant paradigm; QA recommended
ES,hender,Subjuntivo,Subjuntivo presente,tú,hiendas,17,reviewed,rare or variant paradigm; QA recommended
ES,hender,Subjuntivo,Subjuntivo presente,él,hienda,17,reviewed,rare or variant paradigm; QA recommended
ES,hender,Subjuntivo,Subjuntivo presente,nosotros,hendamos,17,reviewed,rare or variant paradigm; QA recommended
ES,hender,Subjuntivo,Subjuntivo presente,vosotros,hendáis,17,reviewed,rare or variant paradigm; QA recommended
ES,hender,Subjuntivo,Subjuntivo presente,ellos,hiendan,17,reviewed,rare or variant paradigm; QA recommended
ES,hender,Indicativo,Pretérito perfecto simple,yo,hendí,17,reviewed,rare or variant paradigm; QA recommended
ES,hender,Indicativo,Pretérito perfecto simple,tú,hendiste,17,reviewed,rare or variant paradigm; QA recommended
ES,hender,Indicativo,Pretérito perfecto simple,él,hendió,17,reviewed,rare or variant paradigm; QA recommended
ES,hender,Indicativo,Pretérito perfecto simple,nosotros,hendimos,17,reviewed,rare or variant paradigm; QA recommended
ES,hender,Indicativo,Pretérito perfecto simple,vosotros,hendisteis,17,reviewed,rare or variant paradigm; QA recommended
ES,hender,Indicativo,Pretérito perfecto simple,ellos,hendieron,17,reviewed,rare or variant paradigm; QA recommended
ES,hender,Indicativo,Pretérito pluscuamperfecto,yo,había hendido,17,reviewed,rare or variant paradigm; QA recommended
ES,hender,Indicativo,Pretérito pluscuamperfecto,tú,habías hendido,17,reviewed,rare or variant paradigm; QA recommended
ES,hender,Indicativo,Pretérito pluscuamperfecto,él,había hendido,17,reviewed,rare or variant paradigm; QA recommended
ES,hender,Indicativo,Pretérito pluscuamperfecto,nosotros,habíamos hendido,17,reviewed,rare or variant paradigm; QA recommended
ES,hender,Indicativo,Pretérito pluscuamperfecto,vosotros,habíais hendido,17,reviewed,rare or variant paradigm; QA recommended
ES,hender,Indicativo,Pretérito pluscuamperfecto,ellos,habían hendido,17,reviewed,rare or variant paradigm; QA recommended
ES,partir,Indicativo,Presente,yo,parto,17,reviewed,
ES,partir,Indicativo,Presente,tú,partes,17,reviewed,
ES,partir,Indicativo,Presente,él,parte,17,reviewed,
ES,partir,Indicativo,Presente,nosotros,partimos,17,reviewed,
ES,partir,Indicativo,Presente,vosotros,partís,17,reviewed,
ES,partir,Indicativo,Presente,ellos,parten,17,reviewed,
ES,partir,Indicativo,Futuro,yo,partiré,17,reviewed,
ES,partir,Indicativo,Futuro,tú,partirás,17,reviewed,
ES,partir,Indicativo,Futuro,él,partirá,17,reviewed,
ES,partir,Indicativo,Futuro,nosotros,partiremos,17,reviewed,
ES,partir,Indicativo,Futuro,vosotros,partiréis,17,reviewed,
ES,partir,Indicativo,Futuro,ellos,partirán,17,reviewed,
ES,partir,Indicativo,Pretérito perfecto compuesto,yo,he partido,17,reviewed,
ES,partir,Indicativo,Pretérito perfecto compuesto,tú,has partido,17,reviewed,
ES,partir,Indicativo,Pretérito perfecto compuesto,él,ha partido,17,reviewed,
ES,partir,Indicativo,Pretérito perfecto compuesto,nosotros,hemos partido,17,reviewed,
ES,partir,Indicativo,Pretérito perfecto compuesto,vosotros,habéis partido,17,reviewed,
ES,partir,Indicativo,Pretérito perfecto compuesto,ellos,han partido,17,reviewed,
ES,partir,Indicativo,Pretérito imperfecto,yo,partía,17,reviewed,
ES,partir,Indicativo,Pretérito imperfecto,tú,partías,17,reviewed,
ES,partir,Indicativo,Pretérito imperfecto,él,partía,17,reviewed,
ES,partir,Indicativo,Pretérito imperfecto,nosotros,partíamos,17,reviewed,
ES,partir,Indicativo,Pretérito imperfecto,vosotros,partíais,17,reviewed,
ES,partir,Indicativo,Pretérito imperfecto,ellos,partían,17,reviewed,
ES,partir,Condicional,Condicional,yo,partiría,17,reviewed,
ES,partir,Condicional,Condicional,tú,partirías,17,reviewed,
ES,partir,Condicional,Condicional,él,partiría,17,reviewed,
ES,partir,Condicional,Condicional,nosotros,partiríamos,17,reviewed,
ES,partir,Condicional,Condicional,vosotros,partiríais,17,reviewed,
ES,partir,Condicional,Condicional,ellos,partirían,17,reviewed,
ES,partir,Imperativo,Imperativo,yo,-,17,reviewed,Spanish has no standard first-person singular imperative; placeholder - used
ES,partir,Imperativo,Imperativo,tú,parte,17,reviewed,
ES,partir,Imperativo,Imperativo,él,parta,17,reviewed,
ES,partir,Imperativo,Imperativo,nosotros,partamos,17,reviewed,
ES,partir,Imperativo,Imperativo,vosotros,partid,17,reviewed,
ES,partir,Imperativo,Imperativo,ellos,partan,17,reviewed,
ES,partir,Indicativo,Futuro perfecto,yo,habré partido,17,reviewed,
ES,partir,Indicativo,Futuro perfecto,tú,habrás partido,17,reviewed,
ES,partir,Indicativo,Futuro perfecto,él,habrá partido,17,reviewed,
ES,partir,Indicativo,Futuro perfecto,nosotros,habremos partido,17,reviewed,
ES,partir,Indicativo,Futuro perfecto,vosotros,habréis partido,17,reviewed,
ES,partir,Indicativo,Futuro perfecto,ellos,habrán partido,17,reviewed,
ES,partir,Subjuntivo,Subjuntivo presente,yo,parta,17,reviewed,
ES,partir,Subjuntivo,Subjuntivo presente,tú,partas,17,reviewed,
ES,partir,Subjuntivo,Subjuntivo presente,él,parta,17,reviewed,
ES,partir,Subjuntivo,Subjuntivo presente,nosotros,partamos,17,reviewed,
ES,partir,Subjuntivo,Subjuntivo presente,vosotros,partáis,17,reviewed,
ES,partir,Subjuntivo,Subjuntivo presente,ellos,partan,17,reviewed,
ES,partir,Indicativo,Pretérito perfecto simple,yo,partí,17,reviewed,
ES,partir,Indicativo,Pretérito perfecto simple,tú,partiste,17,reviewed,
ES,partir,Indicativo,Pretérito perfecto simple,él,partió,17,reviewed,
ES,partir,Indicativo,Pretérito perfecto simple,nosotros,partimos,17,reviewed,
ES,partir,Indicativo,Pretérito perfecto simple,vosotros,partisteis,17,reviewed,
ES,partir,Indicativo,Pretérito perfecto simple,ellos,partieron,17,reviewed,
ES,partir,Indicativo,Pretérito pluscuamperfecto,yo,había partido,17,reviewed,
ES,partir,Indicativo,Pretérito pluscuamperfecto,tú,habías partido,17,reviewed,
ES,partir,Indicativo,Pretérito pluscuamperfecto,él,había partido,17,reviewed,
ES,partir,Indicativo,Pretérito pluscuamperfecto,nosotros,habíamos partido,17,reviewed,
ES,partir,Indicativo,Pretérito pluscuamperfecto,vosotros,habíais partido,17,reviewed,
ES,partir,Indicativo,Pretérito pluscuamperfecto,ellos,habían partido,17,reviewed,
ES,aliviar,Indicativo,Presente,yo,alivio,17,reviewed,
ES,aliviar,Indicativo,Presente,tú,alivias,17,reviewed,
ES,aliviar,Indicativo,Presente,él,alivia,17,reviewed,
ES,aliviar,Indicativo,Presente,nosotros,aliviamos,17,reviewed,
ES,aliviar,Indicativo,Presente,vosotros,aliviáis,17,reviewed,
ES,aliviar,Indicativo,Presente,ellos,alivian,17,reviewed,
ES,aliviar,Indicativo,Futuro,yo,aliviaré,17,reviewed,
ES,aliviar,Indicativo,Futuro,tú,aliviarás,17,reviewed,
ES,aliviar,Indicativo,Futuro,él,aliviará,17,reviewed,
ES,aliviar,Indicativo,Futuro,nosotros,aliviaremos,17,reviewed,
ES,aliviar,Indicativo,Futuro,vosotros,aliviaréis,17,reviewed,
ES,aliviar,Indicativo,Futuro,ellos,aliviarán,17,reviewed,
ES,aliviar,Indicativo,Pretérito perfecto compuesto,yo,he aliviado,17,reviewed,
ES,aliviar,Indicativo,Pretérito perfecto compuesto,tú,has aliviado,17,reviewed,
ES,aliviar,Indicativo,Pretérito perfecto compuesto,él,ha aliviado,17,reviewed,
ES,aliviar,Indicativo,Pretérito perfecto compuesto,nosotros,hemos aliviado,17,reviewed,
ES,aliviar,Indicativo,Pretérito perfecto compuesto,vosotros,habéis aliviado,17,reviewed,
ES,aliviar,Indicativo,Pretérito perfecto compuesto,ellos,han aliviado,17,reviewed,
ES,aliviar,Indicativo,Pretérito imperfecto,yo,aliviaba,17,reviewed,
ES,aliviar,Indicativo,Pretérito imperfecto,tú,aliviabas,17,reviewed,
ES,aliviar,Indicativo,Pretérito imperfecto,él,aliviaba,17,reviewed,
ES,aliviar,Indicativo,Pretérito imperfecto,nosotros,aliviábamos,17,reviewed,
ES,aliviar,Indicativo,Pretérito imperfecto,vosotros,aliviabais,17,reviewed,
ES,aliviar,Indicativo,Pretérito imperfecto,ellos,aliviaban,17,reviewed,
ES,aliviar,Condicional,Condicional,yo,aliviaría,17,reviewed,
ES,aliviar,Condicional,Condicional,tú,aliviarías,17,reviewed,
ES,aliviar,Condicional,Condicional,él,aliviaría,17,reviewed,
ES,aliviar,Condicional,Condicional,nosotros,aliviaríamos,17,reviewed,
ES,aliviar,Condicional,Condicional,vosotros,aliviaríais,17,reviewed,
ES,aliviar,Condicional,Condicional,ellos,aliviarían,17,reviewed,
ES,aliviar,Imperativo,Imperativo,yo,-,17,reviewed,Spanish has no standard first-person singular imperative; placeholder - used
ES,aliviar,Imperativo,Imperativo,tú,alivia,17,reviewed,
ES,aliviar,Imperativo,Imperativo,él,alivie,17,reviewed,
ES,aliviar,Imperativo,Imperativo,nosotros,aliviemos,17,reviewed,
ES,aliviar,Imperativo,Imperativo,vosotros,aliviad,17,reviewed,
ES,aliviar,Imperativo,Imperativo,ellos,alivien,17,reviewed,
ES,aliviar,Indicativo,Futuro perfecto,yo,habré aliviado,17,reviewed,
ES,aliviar,Indicativo,Futuro perfecto,tú,habrás aliviado,17,reviewed,
ES,aliviar,Indicativo,Futuro perfecto,él,habrá aliviado,17,reviewed,
ES,aliviar,Indicativo,Futuro perfecto,nosotros,habremos aliviado,17,reviewed,
ES,aliviar,Indicativo,Futuro perfecto,vosotros,habréis aliviado,17,reviewed,
ES,aliviar,Indicativo,Futuro perfecto,ellos,habrán aliviado,17,reviewed,
ES,aliviar,Subjuntivo,Subjuntivo presente,yo,alivie,17,reviewed,
ES,aliviar,Subjuntivo,Subjuntivo presente,tú,alivies,17,reviewed,
ES,aliviar,Subjuntivo,Subjuntivo presente,él,alivie,17,reviewed,
ES,aliviar,Subjuntivo,Subjuntivo presente,nosotros,aliviemos,17,reviewed,
ES,aliviar,Subjuntivo,Subjuntivo presente,vosotros,aliviéis,17,reviewed,
ES,aliviar,Subjuntivo,Subjuntivo presente,ellos,alivien,17,reviewed,
ES,aliviar,Indicativo,Pretérito perfecto simple,yo,alivié,17,reviewed,
ES,aliviar,Indicativo,Pretérito perfecto simple,tú,aliviaste,17,reviewed,
ES,aliviar,Indicativo,Pretérito perfecto simple,él,alivió,17,reviewed,
ES,aliviar,Indicativo,Pretérito perfecto simple,nosotros,aliviamos,17,reviewed,
ES,aliviar,Indicativo,Pretérito perfecto simple,vosotros,aliviasteis,17,reviewed,
ES,aliviar,Indicativo,Pretérito perfecto simple,ellos,aliviaron,17,reviewed,
ES,aliviar,Indicativo,Pretérito pluscuamperfecto,yo,había aliviado,17,reviewed,
ES,aliviar,Indicativo,Pretérito pluscuamperfecto,tú,habías aliviado,17,reviewed,
ES,aliviar,Indicativo,Pretérito pluscuamperfecto,él,había aliviado,17,reviewed,
ES,aliviar,Indicativo,Pretérito pluscuamperfecto,nosotros,habíamos aliviado,17,reviewed,
ES,aliviar,Indicativo,Pretérito pluscuamperfecto,vosotros,habíais aliviado,17,reviewed,
ES,aliviar,Indicativo,Pretérito pluscuamperfecto,ellos,habían aliviado,17,reviewed,
ES,desalentar,Indicativo,Presente,yo,desaliento,17,reviewed,stem-changing paradigm; QA recommended
ES,desalentar,Indicativo,Presente,tú,desalientas,17,reviewed,stem-changing paradigm; QA recommended
ES,desalentar,Indicativo,Presente,él,desalienta,17,reviewed,stem-changing paradigm; QA recommended
ES,desalentar,Indicativo,Presente,nosotros,desalentamos,17,reviewed,stem-changing paradigm; QA recommended
ES,desalentar,Indicativo,Presente,vosotros,desalentáis,17,reviewed,stem-changing paradigm; QA recommended
ES,desalentar,Indicativo,Presente,ellos,desalientan,17,reviewed,stem-changing paradigm; QA recommended
ES,desalentar,Indicativo,Futuro,yo,desalentaré,17,reviewed,stem-changing paradigm; QA recommended
ES,desalentar,Indicativo,Futuro,tú,desalentarás,17,reviewed,stem-changing paradigm; QA recommended
ES,desalentar,Indicativo,Futuro,él,desalentará,17,reviewed,stem-changing paradigm; QA recommended
ES,desalentar,Indicativo,Futuro,nosotros,desalentaremos,17,reviewed,stem-changing paradigm; QA recommended
ES,desalentar,Indicativo,Futuro,vosotros,desalentaréis,17,reviewed,stem-changing paradigm; QA recommended
ES,desalentar,Indicativo,Futuro,ellos,desalentarán,17,reviewed,stem-changing paradigm; QA recommended
ES,desalentar,Indicativo,Pretérito perfecto compuesto,yo,he desalentado,17,reviewed,stem-changing paradigm; QA recommended
ES,desalentar,Indicativo,Pretérito perfecto compuesto,tú,has desalentado,17,reviewed,stem-changing paradigm; QA recommended
ES,desalentar,Indicativo,Pretérito perfecto compuesto,él,ha desalentado,17,reviewed,stem-changing paradigm; QA recommended
ES,desalentar,Indicativo,Pretérito perfecto compuesto,nosotros,hemos desalentado,17,reviewed,stem-changing paradigm; QA recommended
ES,desalentar,Indicativo,Pretérito perfecto compuesto,vosotros,habéis desalentado,17,reviewed,stem-changing paradigm; QA recommended
ES,desalentar,Indicativo,Pretérito perfecto compuesto,ellos,han desalentado,17,reviewed,stem-changing paradigm; QA recommended
ES,desalentar,Indicativo,Pretérito imperfecto,yo,desalentaba,17,reviewed,stem-changing paradigm; QA recommended
ES,desalentar,Indicativo,Pretérito imperfecto,tú,desalentabas,17,reviewed,stem-changing paradigm; QA recommended
ES,desalentar,Indicativo,Pretérito imperfecto,él,desalentaba,17,reviewed,stem-changing paradigm; QA recommended
ES,desalentar,Indicativo,Pretérito imperfecto,nosotros,desalentábamos,17,reviewed,stem-changing paradigm; QA recommended
ES,desalentar,Indicativo,Pretérito imperfecto,vosotros,desalentabais,17,reviewed,stem-changing paradigm; QA recommended
ES,desalentar,Indicativo,Pretérito imperfecto,ellos,desalentaban,17,reviewed,stem-changing paradigm; QA recommended
ES,desalentar,Condicional,Condicional,yo,desalentaría,17,reviewed,stem-changing paradigm; QA recommended
ES,desalentar,Condicional,Condicional,tú,desalentarías,17,reviewed,stem-changing paradigm; QA recommended
ES,desalentar,Condicional,Condicional,él,desalentaría,17,reviewed,stem-changing paradigm; QA recommended
ES,desalentar,Condicional,Condicional,nosotros,desalentaríamos,17,reviewed,stem-changing paradigm; QA recommended
ES,desalentar,Condicional,Condicional,vosotros,desalentaríais,17,reviewed,stem-changing paradigm; QA recommended
ES,desalentar,Condicional,Condicional,ellos,desalentarían,17,reviewed,stem-changing paradigm; QA recommended
ES,desalentar,Imperativo,Imperativo,yo,-,17,reviewed,stem-changing paradigm; QA recommended; Spanish has no standard first-person singular imperative; placeholder - used
ES,desalentar,Imperativo,Imperativo,tú,desalienta,17,reviewed,stem-changing paradigm; QA recommended
ES,desalentar,Imperativo,Imperativo,él,desaliente,17,reviewed,stem-changing paradigm; QA recommended
ES,desalentar,Imperativo,Imperativo,nosotros,desalentemos,17,reviewed,stem-changing paradigm; QA recommended
ES,desalentar,Imperativo,Imperativo,vosotros,desalentad,17,reviewed,stem-changing paradigm; QA recommended
ES,desalentar,Imperativo,Imperativo,ellos,desalienten,17,reviewed,stem-changing paradigm; QA recommended
ES,desalentar,Indicativo,Futuro perfecto,yo,habré desalentado,17,reviewed,stem-changing paradigm; QA recommended
ES,desalentar,Indicativo,Futuro perfecto,tú,habrás desalentado,17,reviewed,stem-changing paradigm; QA recommended
ES,desalentar,Indicativo,Futuro perfecto,él,habrá desalentado,17,reviewed,stem-changing paradigm; QA recommended
ES,desalentar,Indicativo,Futuro perfecto,nosotros,habremos desalentado,17,reviewed,stem-changing paradigm; QA recommended
ES,desalentar,Indicativo,Futuro perfecto,vosotros,habréis desalentado,17,reviewed,stem-changing paradigm; QA recommended
ES,desalentar,Indicativo,Futuro perfecto,ellos,habrán desalentado,17,reviewed,stem-changing paradigm; QA recommended
ES,desalentar,Subjuntivo,Subjuntivo presente,yo,desaliente,17,reviewed,stem-changing paradigm; QA recommended
ES,desalentar,Subjuntivo,Subjuntivo presente,tú,desalientes,17,reviewed,stem-changing paradigm; QA recommended
ES,desalentar,Subjuntivo,Subjuntivo presente,él,desaliente,17,reviewed,stem-changing paradigm; QA recommended
ES,desalentar,Subjuntivo,Subjuntivo presente,nosotros,desalentemos,17,reviewed,stem-changing paradigm; QA recommended
ES,desalentar,Subjuntivo,Subjuntivo presente,vosotros,desalentéis,17,reviewed,stem-changing paradigm; QA recommended
ES,desalentar,Subjuntivo,Subjuntivo presente,ellos,desalienten,17,reviewed,stem-changing paradigm; QA recommended
ES,desalentar,Indicativo,Pretérito perfecto simple,yo,desalenté,17,reviewed,stem-changing paradigm; QA recommended
ES,desalentar,Indicativo,Pretérito perfecto simple,tú,desalentaste,17,reviewed,stem-changing paradigm; QA recommended
ES,desalentar,Indicativo,Pretérito perfecto simple,él,desalentó,17,reviewed,stem-changing paradigm; QA recommended
ES,desalentar,Indicativo,Pretérito perfecto simple,nosotros,desalentamos,17,reviewed,stem-changing paradigm; QA recommended
ES,desalentar,Indicativo,Pretérito perfecto simple,vosotros,desalentasteis,17,reviewed,stem-changing paradigm; QA recommended
ES,desalentar,Indicativo,Pretérito perfecto simple,ellos,desalentaron,17,reviewed,stem-changing paradigm; QA recommended
ES,desalentar,Indicativo,Pretérito pluscuamperfecto,yo,había desalentado,17,reviewed,stem-changing paradigm; QA recommended
ES,desalentar,Indicativo,Pretérito pluscuamperfecto,tú,habías desalentado,17,reviewed,stem-changing paradigm; QA recommended
ES,desalentar,Indicativo,Pretérito pluscuamperfecto,él,había desalentado,17,reviewed,stem-changing paradigm; QA recommended
ES,desalentar,Indicativo,Pretérito pluscuamperfecto,nosotros,habíamos desalentado,17,reviewed,stem-changing paradigm; QA recommended
ES,desalentar,Indicativo,Pretérito pluscuamperfecto,vosotros,habíais desalentado,17,reviewed,stem-changing paradigm; QA recommended
ES,desalentar,Indicativo,Pretérito pluscuamperfecto,ellos,habían desalentado,17,reviewed,stem-changing paradigm; QA recommended
ES,desanimar,Indicativo,Presente,yo,desanimo,17,reviewed,
ES,desanimar,Indicativo,Presente,tú,desanimas,17,reviewed,
ES,desanimar,Indicativo,Presente,él,desanima,17,reviewed,
ES,desanimar,Indicativo,Presente,nosotros,desanimamos,17,reviewed,
ES,desanimar,Indicativo,Presente,vosotros,desanimáis,17,reviewed,
ES,desanimar,Indicativo,Presente,ellos,desaniman,17,reviewed,
ES,desanimar,Indicativo,Futuro,yo,desanimaré,17,reviewed,
ES,desanimar,Indicativo,Futuro,tú,desanimarás,17,reviewed,
ES,desanimar,Indicativo,Futuro,él,desanimará,17,reviewed,
ES,desanimar,Indicativo,Futuro,nosotros,desanimaremos,17,reviewed,
ES,desanimar,Indicativo,Futuro,vosotros,desanimaréis,17,reviewed,
ES,desanimar,Indicativo,Futuro,ellos,desanimarán,17,reviewed,
ES,desanimar,Indicativo,Pretérito perfecto compuesto,yo,he desanimado,17,reviewed,
ES,desanimar,Indicativo,Pretérito perfecto compuesto,tú,has desanimado,17,reviewed,
ES,desanimar,Indicativo,Pretérito perfecto compuesto,él,ha desanimado,17,reviewed,
ES,desanimar,Indicativo,Pretérito perfecto compuesto,nosotros,hemos desanimado,17,reviewed,
ES,desanimar,Indicativo,Pretérito perfecto compuesto,vosotros,habéis desanimado,17,reviewed,
ES,desanimar,Indicativo,Pretérito perfecto compuesto,ellos,han desanimado,17,reviewed,
ES,desanimar,Indicativo,Pretérito imperfecto,yo,desanimaba,17,reviewed,
ES,desanimar,Indicativo,Pretérito imperfecto,tú,desanimabas,17,reviewed,
ES,desanimar,Indicativo,Pretérito imperfecto,él,desanimaba,17,reviewed,
ES,desanimar,Indicativo,Pretérito imperfecto,nosotros,desanimábamos,17,reviewed,
ES,desanimar,Indicativo,Pretérito imperfecto,vosotros,desanimabais,17,reviewed,
ES,desanimar,Indicativo,Pretérito imperfecto,ellos,desanimaban,17,reviewed,
ES,desanimar,Condicional,Condicional,yo,desanimaría,17,reviewed,
ES,desanimar,Condicional,Condicional,tú,desanimarías,17,reviewed,
ES,desanimar,Condicional,Condicional,él,desanimaría,17,reviewed,
ES,desanimar,Condicional,Condicional,nosotros,desanimaríamos,17,reviewed,
ES,desanimar,Condicional,Condicional,vosotros,desanimaríais,17,reviewed,
ES,desanimar,Condicional,Condicional,ellos,desanimarían,17,reviewed,
ES,desanimar,Imperativo,Imperativo,yo,-,17,reviewed,Spanish has no standard first-person singular imperative; placeholder - used
ES,desanimar,Imperativo,Imperativo,tú,desanima,17,reviewed,
ES,desanimar,Imperativo,Imperativo,él,desanime,17,reviewed,
ES,desanimar,Imperativo,Imperativo,nosotros,desanimemos,17,reviewed,
ES,desanimar,Imperativo,Imperativo,vosotros,desanimad,17,reviewed,
ES,desanimar,Imperativo,Imperativo,ellos,desanimen,17,reviewed,
ES,desanimar,Indicativo,Futuro perfecto,yo,habré desanimado,17,reviewed,
ES,desanimar,Indicativo,Futuro perfecto,tú,habrás desanimado,17,reviewed,
ES,desanimar,Indicativo,Futuro perfecto,él,habrá desanimado,17,reviewed,
ES,desanimar,Indicativo,Futuro perfecto,nosotros,habremos desanimado,17,reviewed,
ES,desanimar,Indicativo,Futuro perfecto,vosotros,habréis desanimado,17,reviewed,
ES,desanimar,Indicativo,Futuro perfecto,ellos,habrán desanimado,17,reviewed,
ES,desanimar,Subjuntivo,Subjuntivo presente,yo,desanime,17,reviewed,
ES,desanimar,Subjuntivo,Subjuntivo presente,tú,desanimes,17,reviewed,
ES,desanimar,Subjuntivo,Subjuntivo presente,él,desanime,17,reviewed,
ES,desanimar,Subjuntivo,Subjuntivo presente,nosotros,desanimemos,17,reviewed,
ES,desanimar,Subjuntivo,Subjuntivo presente,vosotros,desaniméis,17,reviewed,
ES,desanimar,Subjuntivo,Subjuntivo presente,ellos,desanimen,17,reviewed,
ES,desanimar,Indicativo,Pretérito perfecto simple,yo,desanimé,17,reviewed,
ES,desanimar,Indicativo,Pretérito perfecto simple,tú,desanimaste,17,reviewed,
ES,desanimar,Indicativo,Pretérito perfecto simple,él,desanimó,17,reviewed,
ES,desanimar,Indicativo,Pretérito perfecto simple,nosotros,desanimamos,17,reviewed,
ES,desanimar,Indicativo,Pretérito perfecto simple,vosotros,desanimasteis,17,reviewed,
ES,desanimar,Indicativo,Pretérito perfecto simple,ellos,desanimaron,17,reviewed,
ES,desanimar,Indicativo,Pretérito pluscuamperfecto,yo,había desanimado,17,reviewed,
ES,desanimar,Indicativo,Pretérito pluscuamperfecto,tú,habías desanimado,17,reviewed,
ES,desanimar,Indicativo,Pretérito pluscuamperfecto,él,había desanimado,17,reviewed,
ES,desanimar,Indicativo,Pretérito pluscuamperfecto,nosotros,habíamos desanimado,17,reviewed,
ES,desanimar,Indicativo,Pretérito pluscuamperfecto,vosotros,habíais desanimado,17,reviewed,
ES,desanimar,Indicativo,Pretérito pluscuamperfecto,ellos,habían desanimado,17,reviewed,
ES,engendrar,Indicativo,Presente,yo,engendro,17,reviewed,
ES,engendrar,Indicativo,Presente,tú,engendras,17,reviewed,
ES,engendrar,Indicativo,Presente,él,engendra,17,reviewed,
ES,engendrar,Indicativo,Presente,nosotros,engendramos,17,reviewed,
ES,engendrar,Indicativo,Presente,vosotros,engendráis,17,reviewed,
ES,engendrar,Indicativo,Presente,ellos,engendran,17,reviewed,
ES,engendrar,Indicativo,Futuro,yo,engendraré,17,reviewed,
ES,engendrar,Indicativo,Futuro,tú,engendrarás,17,reviewed,
ES,engendrar,Indicativo,Futuro,él,engendrará,17,reviewed,
ES,engendrar,Indicativo,Futuro,nosotros,engendraremos,17,reviewed,
ES,engendrar,Indicativo,Futuro,vosotros,engendraréis,17,reviewed,
ES,engendrar,Indicativo,Futuro,ellos,engendrarán,17,reviewed,
ES,engendrar,Indicativo,Pretérito perfecto compuesto,yo,he engendrado,17,reviewed,
ES,engendrar,Indicativo,Pretérito perfecto compuesto,tú,has engendrado,17,reviewed,
ES,engendrar,Indicativo,Pretérito perfecto compuesto,él,ha engendrado,17,reviewed,
ES,engendrar,Indicativo,Pretérito perfecto compuesto,nosotros,hemos engendrado,17,reviewed,
ES,engendrar,Indicativo,Pretérito perfecto compuesto,vosotros,habéis engendrado,17,reviewed,
ES,engendrar,Indicativo,Pretérito perfecto compuesto,ellos,han engendrado,17,reviewed,
ES,engendrar,Indicativo,Pretérito imperfecto,yo,engendraba,17,reviewed,
ES,engendrar,Indicativo,Pretérito imperfecto,tú,engendrabas,17,reviewed,
ES,engendrar,Indicativo,Pretérito imperfecto,él,engendraba,17,reviewed,
ES,engendrar,Indicativo,Pretérito imperfecto,nosotros,engendrábamos,17,reviewed,
ES,engendrar,Indicativo,Pretérito imperfecto,vosotros,engendrabais,17,reviewed,
ES,engendrar,Indicativo,Pretérito imperfecto,ellos,engendraban,17,reviewed,
ES,engendrar,Condicional,Condicional,yo,engendraría,17,reviewed,
ES,engendrar,Condicional,Condicional,tú,engendrarías,17,reviewed,
ES,engendrar,Condicional,Condicional,él,engendraría,17,reviewed,
ES,engendrar,Condicional,Condicional,nosotros,engendraríamos,17,reviewed,
ES,engendrar,Condicional,Condicional,vosotros,engendraríais,17,reviewed,
ES,engendrar,Condicional,Condicional,ellos,engendrarían,17,reviewed,
ES,engendrar,Imperativo,Imperativo,yo,-,17,reviewed,Spanish has no standard first-person singular imperative; placeholder - used
ES,engendrar,Imperativo,Imperativo,tú,engendra,17,reviewed,
ES,engendrar,Imperativo,Imperativo,él,engendre,17,reviewed,
ES,engendrar,Imperativo,Imperativo,nosotros,engendremos,17,reviewed,
ES,engendrar,Imperativo,Imperativo,vosotros,engendrad,17,reviewed,
ES,engendrar,Imperativo,Imperativo,ellos,engendren,17,reviewed,
ES,engendrar,Indicativo,Futuro perfecto,yo,habré engendrado,17,reviewed,
ES,engendrar,Indicativo,Futuro perfecto,tú,habrás engendrado,17,reviewed,
ES,engendrar,Indicativo,Futuro perfecto,él,habrá engendrado,17,reviewed,
ES,engendrar,Indicativo,Futuro perfecto,nosotros,habremos engendrado,17,reviewed,
ES,engendrar,Indicativo,Futuro perfecto,vosotros,habréis engendrado,17,reviewed,
ES,engendrar,Indicativo,Futuro perfecto,ellos,habrán engendrado,17,reviewed,
ES,engendrar,Subjuntivo,Subjuntivo presente,yo,engendre,17,reviewed,
ES,engendrar,Subjuntivo,Subjuntivo presente,tú,engendres,17,reviewed,
ES,engendrar,Subjuntivo,Subjuntivo presente,él,engendre,17,reviewed,
ES,engendrar,Subjuntivo,Subjuntivo presente,nosotros,engendremos,17,reviewed,
ES,engendrar,Subjuntivo,Subjuntivo presente,vosotros,engendréis,17,reviewed,
ES,engendrar,Subjuntivo,Subjuntivo presente,ellos,engendren,17,reviewed,
ES,engendrar,Indicativo,Pretérito perfecto simple,yo,engendré,17,reviewed,
ES,engendrar,Indicativo,Pretérito perfecto simple,tú,engendraste,17,reviewed,
ES,engendrar,Indicativo,Pretérito perfecto simple,él,engendró,17,reviewed,
ES,engendrar,Indicativo,Pretérito perfecto simple,nosotros,engendramos,17,reviewed,
ES,engendrar,Indicativo,Pretérito perfecto simple,vosotros,engendrasteis,17,reviewed,
ES,engendrar,Indicativo,Pretérito perfecto simple,ellos,engendraron,17,reviewed,
ES,engendrar,Indicativo,Pretérito pluscuamperfecto,yo,había engendrado,17,reviewed,
ES,engendrar,Indicativo,Pretérito pluscuamperfecto,tú,habías engendrado,17,reviewed,
ES,engendrar,Indicativo,Pretérito pluscuamperfecto,él,había engendrado,17,reviewed,
ES,engendrar,Indicativo,Pretérito pluscuamperfecto,nosotros,habíamos engendrado,17,reviewed,
ES,engendrar,Indicativo,Pretérito pluscuamperfecto,vosotros,habíais engendrado,17,reviewed,
ES,engendrar,Indicativo,Pretérito pluscuamperfecto,ellos,habían engendrado,17,reviewed,
ES,celebrar,Indicativo,Presente,yo,celebro,17,reviewed,
ES,celebrar,Indicativo,Presente,tú,celebras,17,reviewed,
ES,celebrar,Indicativo,Presente,él,celebra,17,reviewed,
ES,celebrar,Indicativo,Presente,nosotros,celebramos,17,reviewed,
ES,celebrar,Indicativo,Presente,vosotros,celebráis,17,reviewed,
ES,celebrar,Indicativo,Presente,ellos,celebran,17,reviewed,
ES,celebrar,Indicativo,Futuro,yo,celebraré,17,reviewed,
ES,celebrar,Indicativo,Futuro,tú,celebrarás,17,reviewed,
ES,celebrar,Indicativo,Futuro,él,celebrará,17,reviewed,
ES,celebrar,Indicativo,Futuro,nosotros,celebraremos,17,reviewed,
ES,celebrar,Indicativo,Futuro,vosotros,celebraréis,17,reviewed,
ES,celebrar,Indicativo,Futuro,ellos,celebrarán,17,reviewed,
ES,celebrar,Indicativo,Pretérito perfecto compuesto,yo,he celebrado,17,reviewed,
ES,celebrar,Indicativo,Pretérito perfecto compuesto,tú,has celebrado,17,reviewed,
ES,celebrar,Indicativo,Pretérito perfecto compuesto,él,ha celebrado,17,reviewed,
ES,celebrar,Indicativo,Pretérito perfecto compuesto,nosotros,hemos celebrado,17,reviewed,
ES,celebrar,Indicativo,Pretérito perfecto compuesto,vosotros,habéis celebrado,17,reviewed,
ES,celebrar,Indicativo,Pretérito perfecto compuesto,ellos,han celebrado,17,reviewed,
ES,celebrar,Indicativo,Pretérito imperfecto,yo,celebraba,17,reviewed,
ES,celebrar,Indicativo,Pretérito imperfecto,tú,celebrabas,17,reviewed,
ES,celebrar,Indicativo,Pretérito imperfecto,él,celebraba,17,reviewed,
ES,celebrar,Indicativo,Pretérito imperfecto,nosotros,celebrábamos,17,reviewed,
ES,celebrar,Indicativo,Pretérito imperfecto,vosotros,celebrabais,17,reviewed,
ES,celebrar,Indicativo,Pretérito imperfecto,ellos,celebraban,17,reviewed,
ES,celebrar,Condicional,Condicional,yo,celebraría,17,reviewed,
ES,celebrar,Condicional,Condicional,tú,celebrarías,17,reviewed,
ES,celebrar,Condicional,Condicional,él,celebraría,17,reviewed,
ES,celebrar,Condicional,Condicional,nosotros,celebraríamos,17,reviewed,
ES,celebrar,Condicional,Condicional,vosotros,celebraríais,17,reviewed,
ES,celebrar,Condicional,Condicional,ellos,celebrarían,17,reviewed,
ES,celebrar,Imperativo,Imperativo,yo,-,17,reviewed,Spanish has no standard first-person singular imperative; placeholder - used
ES,celebrar,Imperativo,Imperativo,tú,celebra,17,reviewed,
ES,celebrar,Imperativo,Imperativo,él,celebre,17,reviewed,
ES,celebrar,Imperativo,Imperativo,nosotros,celebremos,17,reviewed,
ES,celebrar,Imperativo,Imperativo,vosotros,celebrad,17,reviewed,
ES,celebrar,Imperativo,Imperativo,ellos,celebren,17,reviewed,
ES,celebrar,Indicativo,Futuro perfecto,yo,habré celebrado,17,reviewed,
ES,celebrar,Indicativo,Futuro perfecto,tú,habrás celebrado,17,reviewed,
ES,celebrar,Indicativo,Futuro perfecto,él,habrá celebrado,17,reviewed,
ES,celebrar,Indicativo,Futuro perfecto,nosotros,habremos celebrado,17,reviewed,
ES,celebrar,Indicativo,Futuro perfecto,vosotros,habréis celebrado,17,reviewed,
ES,celebrar,Indicativo,Futuro perfecto,ellos,habrán celebrado,17,reviewed,
ES,celebrar,Subjuntivo,Subjuntivo presente,yo,celebre,17,reviewed,
ES,celebrar,Subjuntivo,Subjuntivo presente,tú,celebres,17,reviewed,
ES,celebrar,Subjuntivo,Subjuntivo presente,él,celebre,17,reviewed,
ES,celebrar,Subjuntivo,Subjuntivo presente,nosotros,celebremos,17,reviewed,
ES,celebrar,Subjuntivo,Subjuntivo presente,vosotros,celebréis,17,reviewed,
ES,celebrar,Subjuntivo,Subjuntivo presente,ellos,celebren,17,reviewed,
ES,celebrar,Indicativo,Pretérito perfecto simple,yo,celebré,17,reviewed,
ES,celebrar,Indicativo,Pretérito perfecto simple,tú,celebraste,17,reviewed,
ES,celebrar,Indicativo,Pretérito perfecto simple,él,celebró,17,reviewed,
ES,celebrar,Indicativo,Pretérito perfecto simple,nosotros,celebramos,17,reviewed,
ES,celebrar,Indicativo,Pretérito perfecto simple,vosotros,celebrasteis,17,reviewed,
ES,celebrar,Indicativo,Pretérito perfecto simple,ellos,celebraron,17,reviewed,
ES,celebrar,Indicativo,Pretérito pluscuamperfecto,yo,había celebrado,17,reviewed,
ES,celebrar,Indicativo,Pretérito pluscuamperfecto,tú,habías celebrado,17,reviewed,
ES,celebrar,Indicativo,Pretérito pluscuamperfecto,él,había celebrado,17,reviewed,
ES,celebrar,Indicativo,Pretérito pluscuamperfecto,nosotros,habíamos celebrado,17,reviewed,
ES,celebrar,Indicativo,Pretérito pluscuamperfecto,vosotros,habíais celebrado,17,reviewed,
ES,celebrar,Indicativo,Pretérito pluscuamperfecto,ellos,habían celebrado,17,reviewed,
ES,festejar,Indicativo,Presente,yo,festejo,17,reviewed,
ES,festejar,Indicativo,Presente,tú,festejas,17,reviewed,
ES,festejar,Indicativo,Presente,él,festeja,17,reviewed,
ES,festejar,Indicativo,Presente,nosotros,festejamos,17,reviewed,
ES,festejar,Indicativo,Presente,vosotros,festejáis,17,reviewed,
ES,festejar,Indicativo,Presente,ellos,festejan,17,reviewed,
ES,festejar,Indicativo,Futuro,yo,festejaré,17,reviewed,
ES,festejar,Indicativo,Futuro,tú,festejarás,17,reviewed,
ES,festejar,Indicativo,Futuro,él,festejará,17,reviewed,
ES,festejar,Indicativo,Futuro,nosotros,festejaremos,17,reviewed,
ES,festejar,Indicativo,Futuro,vosotros,festejaréis,17,reviewed,
ES,festejar,Indicativo,Futuro,ellos,festejarán,17,reviewed,
ES,festejar,Indicativo,Pretérito perfecto compuesto,yo,he festejado,17,reviewed,
ES,festejar,Indicativo,Pretérito perfecto compuesto,tú,has festejado,17,reviewed,
ES,festejar,Indicativo,Pretérito perfecto compuesto,él,ha festejado,17,reviewed,
ES,festejar,Indicativo,Pretérito perfecto compuesto,nosotros,hemos festejado,17,reviewed,
ES,festejar,Indicativo,Pretérito perfecto compuesto,vosotros,habéis festejado,17,reviewed,
ES,festejar,Indicativo,Pretérito perfecto compuesto,ellos,han festejado,17,reviewed,
ES,festejar,Indicativo,Pretérito imperfecto,yo,festejaba,17,reviewed,
ES,festejar,Indicativo,Pretérito imperfecto,tú,festejabas,17,reviewed,
ES,festejar,Indicativo,Pretérito imperfecto,él,festejaba,17,reviewed,
ES,festejar,Indicativo,Pretérito imperfecto,nosotros,festejábamos,17,reviewed,
ES,festejar,Indicativo,Pretérito imperfecto,vosotros,festejabais,17,reviewed,
ES,festejar,Indicativo,Pretérito imperfecto,ellos,festejaban,17,reviewed,
ES,festejar,Condicional,Condicional,yo,festejaría,17,reviewed,
ES,festejar,Condicional,Condicional,tú,festejarías,17,reviewed,
ES,festejar,Condicional,Condicional,él,festejaría,17,reviewed,
ES,festejar,Condicional,Condicional,nosotros,festejaríamos,17,reviewed,
ES,festejar,Condicional,Condicional,vosotros,festejaríais,17,reviewed,
ES,festejar,Condicional,Condicional,ellos,festejarían,17,reviewed,
ES,festejar,Imperativo,Imperativo,yo,-,17,reviewed,Spanish has no standard first-person singular imperative; placeholder - used
ES,festejar,Imperativo,Imperativo,tú,festeja,17,reviewed,
ES,festejar,Imperativo,Imperativo,él,festeje,17,reviewed,
ES,festejar,Imperativo,Imperativo,nosotros,festejemos,17,reviewed,
ES,festejar,Imperativo,Imperativo,vosotros,festejad,17,reviewed,
ES,festejar,Imperativo,Imperativo,ellos,festejen,17,reviewed,
ES,festejar,Indicativo,Futuro perfecto,yo,habré festejado,17,reviewed,
ES,festejar,Indicativo,Futuro perfecto,tú,habrás festejado,17,reviewed,
ES,festejar,Indicativo,Futuro perfecto,él,habrá festejado,17,reviewed,
ES,festejar,Indicativo,Futuro perfecto,nosotros,habremos festejado,17,reviewed,
ES,festejar,Indicativo,Futuro perfecto,vosotros,habréis festejado,17,reviewed,
ES,festejar,Indicativo,Futuro perfecto,ellos,habrán festejado,17,reviewed,
ES,festejar,Subjuntivo,Subjuntivo presente,yo,festeje,17,reviewed,
ES,festejar,Subjuntivo,Subjuntivo presente,tú,festejes,17,reviewed,
ES,festejar,Subjuntivo,Subjuntivo presente,él,festeje,17,reviewed,
ES,festejar,Subjuntivo,Subjuntivo presente,nosotros,festejemos,17,reviewed,
ES,festejar,Subjuntivo,Subjuntivo presente,vosotros,festejéis,17,reviewed,
ES,festejar,Subjuntivo,Subjuntivo presente,ellos,festejen,17,reviewed,
ES,festejar,Indicativo,Pretérito perfecto simple,yo,festejé,17,reviewed,
ES,festejar,Indicativo,Pretérito perfecto simple,tú,festejaste,17,reviewed,
ES,festejar,Indicativo,Pretérito perfecto simple,él,festejó,17,reviewed,
ES,festejar,Indicativo,Pretérito perfecto simple,nosotros,festejamos,17,reviewed,
ES,festejar,Indicativo,Pretérito perfecto simple,vosotros,festejasteis,17,reviewed,
ES,festejar,Indicativo,Pretérito perfecto simple,ellos,festejaron,17,reviewed,
ES,festejar,Indicativo,Pretérito pluscuamperfecto,yo,había festejado,17,reviewed,
ES,festejar,Indicativo,Pretérito pluscuamperfecto,tú,habías festejado,17,reviewed,
ES,festejar,Indicativo,Pretérito pluscuamperfecto,él,había festejado,17,reviewed,
ES,festejar,Indicativo,Pretérito pluscuamperfecto,nosotros,habíamos festejado,17,reviewed,
ES,festejar,Indicativo,Pretérito pluscuamperfecto,vosotros,habíais festejado,17,reviewed,
ES,festejar,Indicativo,Pretérito pluscuamperfecto,ellos,habían festejado,17,reviewed,
ES,renacer,Indicativo,Presente,yo,renazco,17,reviewed,first-person singular renazco; QA recommended
ES,renacer,Indicativo,Presente,tú,renaces,17,reviewed,first-person singular renazco; QA recommended
ES,renacer,Indicativo,Presente,él,renace,17,reviewed,first-person singular renazco; QA recommended
ES,renacer,Indicativo,Presente,nosotros,renacemos,17,reviewed,first-person singular renazco; QA recommended
ES,renacer,Indicativo,Presente,vosotros,renacéis,17,reviewed,first-person singular renazco; QA recommended
ES,renacer,Indicativo,Presente,ellos,renacen,17,reviewed,first-person singular renazco; QA recommended
ES,renacer,Indicativo,Futuro,yo,renaceré,17,reviewed,first-person singular renazco; QA recommended
ES,renacer,Indicativo,Futuro,tú,renacerás,17,reviewed,first-person singular renazco; QA recommended
ES,renacer,Indicativo,Futuro,él,renacerá,17,reviewed,first-person singular renazco; QA recommended
ES,renacer,Indicativo,Futuro,nosotros,renaceremos,17,reviewed,first-person singular renazco; QA recommended
ES,renacer,Indicativo,Futuro,vosotros,renaceréis,17,reviewed,first-person singular renazco; QA recommended
ES,renacer,Indicativo,Futuro,ellos,renacerán,17,reviewed,first-person singular renazco; QA recommended
ES,renacer,Indicativo,Pretérito perfecto compuesto,yo,he renacido,17,reviewed,first-person singular renazco; QA recommended
ES,renacer,Indicativo,Pretérito perfecto compuesto,tú,has renacido,17,reviewed,first-person singular renazco; QA recommended
ES,renacer,Indicativo,Pretérito perfecto compuesto,él,ha renacido,17,reviewed,first-person singular renazco; QA recommended
ES,renacer,Indicativo,Pretérito perfecto compuesto,nosotros,hemos renacido,17,reviewed,first-person singular renazco; QA recommended
ES,renacer,Indicativo,Pretérito perfecto compuesto,vosotros,habéis renacido,17,reviewed,first-person singular renazco; QA recommended
ES,renacer,Indicativo,Pretérito perfecto compuesto,ellos,han renacido,17,reviewed,first-person singular renazco; QA recommended
ES,renacer,Indicativo,Pretérito imperfecto,yo,renacía,17,reviewed,first-person singular renazco; QA recommended
ES,renacer,Indicativo,Pretérito imperfecto,tú,renacías,17,reviewed,first-person singular renazco; QA recommended
ES,renacer,Indicativo,Pretérito imperfecto,él,renacía,17,reviewed,first-person singular renazco; QA recommended
ES,renacer,Indicativo,Pretérito imperfecto,nosotros,renacíamos,17,reviewed,first-person singular renazco; QA recommended
ES,renacer,Indicativo,Pretérito imperfecto,vosotros,renacíais,17,reviewed,first-person singular renazco; QA recommended
ES,renacer,Indicativo,Pretérito imperfecto,ellos,renacían,17,reviewed,first-person singular renazco; QA recommended
ES,renacer,Condicional,Condicional,yo,renacería,17,reviewed,first-person singular renazco; QA recommended
ES,renacer,Condicional,Condicional,tú,renacerías,17,reviewed,first-person singular renazco; QA recommended
ES,renacer,Condicional,Condicional,él,renacería,17,reviewed,first-person singular renazco; QA recommended
ES,renacer,Condicional,Condicional,nosotros,renaceríamos,17,reviewed,first-person singular renazco; QA recommended
ES,renacer,Condicional,Condicional,vosotros,renaceríais,17,reviewed,first-person singular renazco; QA recommended
ES,renacer,Condicional,Condicional,ellos,renacerían,17,reviewed,first-person singular renazco; QA recommended
ES,renacer,Imperativo,Imperativo,yo,-,17,reviewed,first-person singular renazco; QA recommended; Spanish has no standard first-person singular imperative; placeholder - used
ES,renacer,Imperativo,Imperativo,tú,renace,17,reviewed,first-person singular renazco; QA recommended
ES,renacer,Imperativo,Imperativo,él,renazca,17,reviewed,first-person singular renazco; QA recommended
ES,renacer,Imperativo,Imperativo,nosotros,renazcamos,17,reviewed,first-person singular renazco; QA recommended
ES,renacer,Imperativo,Imperativo,vosotros,renaced,17,reviewed,first-person singular renazco; QA recommended
ES,renacer,Imperativo,Imperativo,ellos,renazcan,17,reviewed,first-person singular renazco; QA recommended
ES,renacer,Indicativo,Futuro perfecto,yo,habré renacido,17,reviewed,first-person singular renazco; QA recommended
ES,renacer,Indicativo,Futuro perfecto,tú,habrás renacido,17,reviewed,first-person singular renazco; QA recommended
ES,renacer,Indicativo,Futuro perfecto,él,habrá renacido,17,reviewed,first-person singular renazco; QA recommended
ES,renacer,Indicativo,Futuro perfecto,nosotros,habremos renacido,17,reviewed,first-person singular renazco; QA recommended
ES,renacer,Indicativo,Futuro perfecto,vosotros,habréis renacido,17,reviewed,first-person singular renazco; QA recommended
ES,renacer,Indicativo,Futuro perfecto,ellos,habrán renacido,17,reviewed,first-person singular renazco; QA recommended
ES,renacer,Subjuntivo,Subjuntivo presente,yo,renazca,17,reviewed,first-person singular renazco; QA recommended
ES,renacer,Subjuntivo,Subjuntivo presente,tú,renazcas,17,reviewed,first-person singular renazco; QA recommended
ES,renacer,Subjuntivo,Subjuntivo presente,él,renazca,17,reviewed,first-person singular renazco; QA recommended
ES,renacer,Subjuntivo,Subjuntivo presente,nosotros,renazcamos,17,reviewed,first-person singular renazco; QA recommended
ES,renacer,Subjuntivo,Subjuntivo presente,vosotros,renazcáis,17,reviewed,first-person singular renazco; QA recommended
ES,renacer,Subjuntivo,Subjuntivo presente,ellos,renazcan,17,reviewed,first-person singular renazco; QA recommended
ES,renacer,Indicativo,Pretérito perfecto simple,yo,renací,17,reviewed,first-person singular renazco; QA recommended
ES,renacer,Indicativo,Pretérito perfecto simple,tú,renaciste,17,reviewed,first-person singular renazco; QA recommended
ES,renacer,Indicativo,Pretérito perfecto simple,él,renació,17,reviewed,first-person singular renazco; QA recommended
ES,renacer,Indicativo,Pretérito perfecto simple,nosotros,renacimos,17,reviewed,first-person singular renazco; QA recommended
ES,renacer,Indicativo,Pretérito perfecto simple,vosotros,renacisteis,17,reviewed,first-person singular renazco; QA recommended
ES,renacer,Indicativo,Pretérito perfecto simple,ellos,renacieron,17,reviewed,first-person singular renazco; QA recommended
ES,renacer,Indicativo,Pretérito pluscuamperfecto,yo,había renacido,17,reviewed,first-person singular renazco; QA recommended
ES,renacer,Indicativo,Pretérito pluscuamperfecto,tú,habías renacido,17,reviewed,first-person singular renazco; QA recommended
ES,renacer,Indicativo,Pretérito pluscuamperfecto,él,había renacido,17,reviewed,first-person singular renazco; QA recommended
ES,renacer,Indicativo,Pretérito pluscuamperfecto,nosotros,habíamos renacido,17,reviewed,first-person singular renazco; QA recommended
ES,renacer,Indicativo,Pretérito pluscuamperfecto,vosotros,habíais renacido,17,reviewed,first-person singular renazco; QA recommended
ES,renacer,Indicativo,Pretérito pluscuamperfecto,ellos,habían renacido,17,reviewed,first-person singular renazco; QA recommended
ES,liberar,Indicativo,Presente,yo,libero,17,reviewed,
ES,liberar,Indicativo,Presente,tú,liberas,17,reviewed,
ES,liberar,Indicativo,Presente,él,libera,17,reviewed,
ES,liberar,Indicativo,Presente,nosotros,liberamos,17,reviewed,
ES,liberar,Indicativo,Presente,vosotros,liberáis,17,reviewed,
ES,liberar,Indicativo,Presente,ellos,liberan,17,reviewed,
ES,liberar,Indicativo,Futuro,yo,liberaré,17,reviewed,
ES,liberar,Indicativo,Futuro,tú,liberarás,17,reviewed,
ES,liberar,Indicativo,Futuro,él,liberará,17,reviewed,
ES,liberar,Indicativo,Futuro,nosotros,liberaremos,17,reviewed,
ES,liberar,Indicativo,Futuro,vosotros,liberaréis,17,reviewed,
ES,liberar,Indicativo,Futuro,ellos,liberarán,17,reviewed,
ES,liberar,Indicativo,Pretérito perfecto compuesto,yo,he liberado,17,reviewed,
ES,liberar,Indicativo,Pretérito perfecto compuesto,tú,has liberado,17,reviewed,
ES,liberar,Indicativo,Pretérito perfecto compuesto,él,ha liberado,17,reviewed,
ES,liberar,Indicativo,Pretérito perfecto compuesto,nosotros,hemos liberado,17,reviewed,
ES,liberar,Indicativo,Pretérito perfecto compuesto,vosotros,habéis liberado,17,reviewed,
ES,liberar,Indicativo,Pretérito perfecto compuesto,ellos,han liberado,17,reviewed,
ES,liberar,Indicativo,Pretérito imperfecto,yo,liberaba,17,reviewed,
ES,liberar,Indicativo,Pretérito imperfecto,tú,liberabas,17,reviewed,
ES,liberar,Indicativo,Pretérito imperfecto,él,liberaba,17,reviewed,
ES,liberar,Indicativo,Pretérito imperfecto,nosotros,liberábamos,17,reviewed,
ES,liberar,Indicativo,Pretérito imperfecto,vosotros,liberabais,17,reviewed,
ES,liberar,Indicativo,Pretérito imperfecto,ellos,liberaban,17,reviewed,
ES,liberar,Condicional,Condicional,yo,liberaría,17,reviewed,
ES,liberar,Condicional,Condicional,tú,liberarías,17,reviewed,
ES,liberar,Condicional,Condicional,él,liberaría,17,reviewed,
ES,liberar,Condicional,Condicional,nosotros,liberaríamos,17,reviewed,
ES,liberar,Condicional,Condicional,vosotros,liberaríais,17,reviewed,
ES,liberar,Condicional,Condicional,ellos,liberarían,17,reviewed,
ES,liberar,Imperativo,Imperativo,yo,-,17,reviewed,Spanish has no standard first-person singular imperative; placeholder - used
ES,liberar,Imperativo,Imperativo,tú,libera,17,reviewed,
ES,liberar,Imperativo,Imperativo,él,libere,17,reviewed,
ES,liberar,Imperativo,Imperativo,nosotros,liberemos,17,reviewed,
ES,liberar,Imperativo,Imperativo,vosotros,liberad,17,reviewed,
ES,liberar,Imperativo,Imperativo,ellos,liberen,17,reviewed,
ES,liberar,Indicativo,Futuro perfecto,yo,habré liberado,17,reviewed,
ES,liberar,Indicativo,Futuro perfecto,tú,habrás liberado,17,reviewed,
ES,liberar,Indicativo,Futuro perfecto,él,habrá liberado,17,reviewed,
ES,liberar,Indicativo,Futuro perfecto,nosotros,habremos liberado,17,reviewed,
ES,liberar,Indicativo,Futuro perfecto,vosotros,habréis liberado,17,reviewed,
ES,liberar,Indicativo,Futuro perfecto,ellos,habrán liberado,17,reviewed,
ES,liberar,Subjuntivo,Subjuntivo presente,yo,libere,17,reviewed,
ES,liberar,Subjuntivo,Subjuntivo presente,tú,liberes,17,reviewed,
ES,liberar,Subjuntivo,Subjuntivo presente,él,libere,17,reviewed,
ES,liberar,Subjuntivo,Subjuntivo presente,nosotros,liberemos,17,reviewed,
ES,liberar,Subjuntivo,Subjuntivo presente,vosotros,liberéis,17,reviewed,
ES,liberar,Subjuntivo,Subjuntivo presente,ellos,liberen,17,reviewed,
ES,liberar,Indicativo,Pretérito perfecto simple,yo,liberé,17,reviewed,
ES,liberar,Indicativo,Pretérito perfecto simple,tú,liberaste,17,reviewed,
ES,liberar,Indicativo,Pretérito perfecto simple,él,liberó,17,reviewed,
ES,liberar,Indicativo,Pretérito perfecto simple,nosotros,liberamos,17,reviewed,
ES,liberar,Indicativo,Pretérito perfecto simple,vosotros,liberasteis,17,reviewed,
ES,liberar,Indicativo,Pretérito perfecto simple,ellos,liberaron,17,reviewed,
ES,liberar,Indicativo,Pretérito pluscuamperfecto,yo,había liberado,17,reviewed,
ES,liberar,Indicativo,Pretérito pluscuamperfecto,tú,habías liberado,17,reviewed,
ES,liberar,Indicativo,Pretérito pluscuamperfecto,él,había liberado,17,reviewed,
ES,liberar,Indicativo,Pretérito pluscuamperfecto,nosotros,habíamos liberado,17,reviewed,
ES,liberar,Indicativo,Pretérito pluscuamperfecto,vosotros,habíais liberado,17,reviewed,
ES,liberar,Indicativo,Pretérito pluscuamperfecto,ellos,habían liberado,17,reviewed,
ES,franquear,Indicativo,Presente,yo,franqueo,17,reviewed,
ES,franquear,Indicativo,Presente,tú,franqueas,17,reviewed,
ES,franquear,Indicativo,Presente,él,franquea,17,reviewed,
ES,franquear,Indicativo,Presente,nosotros,franqueamos,17,reviewed,
ES,franquear,Indicativo,Presente,vosotros,franqueáis,17,reviewed,
ES,franquear,Indicativo,Presente,ellos,franquean,17,reviewed,
ES,franquear,Indicativo,Futuro,yo,franquearé,17,reviewed,
ES,franquear,Indicativo,Futuro,tú,franquearás,17,reviewed,
ES,franquear,Indicativo,Futuro,él,franqueará,17,reviewed,
ES,franquear,Indicativo,Futuro,nosotros,franquearemos,17,reviewed,
ES,franquear,Indicativo,Futuro,vosotros,franquearéis,17,reviewed,
ES,franquear,Indicativo,Futuro,ellos,franquearán,17,reviewed,
ES,franquear,Indicativo,Pretérito perfecto compuesto,yo,he franqueado,17,reviewed,
ES,franquear,Indicativo,Pretérito perfecto compuesto,tú,has franqueado,17,reviewed,
ES,franquear,Indicativo,Pretérito perfecto compuesto,él,ha franqueado,17,reviewed,
ES,franquear,Indicativo,Pretérito perfecto compuesto,nosotros,hemos franqueado,17,reviewed,
ES,franquear,Indicativo,Pretérito perfecto compuesto,vosotros,habéis franqueado,17,reviewed,
ES,franquear,Indicativo,Pretérito perfecto compuesto,ellos,han franqueado,17,reviewed,
ES,franquear,Indicativo,Pretérito imperfecto,yo,franqueaba,17,reviewed,
ES,franquear,Indicativo,Pretérito imperfecto,tú,franqueabas,17,reviewed,
ES,franquear,Indicativo,Pretérito imperfecto,él,franqueaba,17,reviewed,
ES,franquear,Indicativo,Pretérito imperfecto,nosotros,franqueábamos,17,reviewed,
ES,franquear,Indicativo,Pretérito imperfecto,vosotros,franqueabais,17,reviewed,
ES,franquear,Indicativo,Pretérito imperfecto,ellos,franqueaban,17,reviewed,
ES,franquear,Condicional,Condicional,yo,franquearía,17,reviewed,
ES,franquear,Condicional,Condicional,tú,franquearías,17,reviewed,
ES,franquear,Condicional,Condicional,él,franquearía,17,reviewed,
ES,franquear,Condicional,Condicional,nosotros,franquearíamos,17,reviewed,
ES,franquear,Condicional,Condicional,vosotros,franquearíais,17,reviewed,
ES,franquear,Condicional,Condicional,ellos,franquearían,17,reviewed,
ES,franquear,Imperativo,Imperativo,yo,-,17,reviewed,Spanish has no standard first-person singular imperative; placeholder - used
ES,franquear,Imperativo,Imperativo,tú,franquea,17,reviewed,
ES,franquear,Imperativo,Imperativo,él,franquee,17,reviewed,
ES,franquear,Imperativo,Imperativo,nosotros,franqueemos,17,reviewed,
ES,franquear,Imperativo,Imperativo,vosotros,franquead,17,reviewed,
ES,franquear,Imperativo,Imperativo,ellos,franqueen,17,reviewed,
ES,franquear,Indicativo,Futuro perfecto,yo,habré franqueado,17,reviewed,
ES,franquear,Indicativo,Futuro perfecto,tú,habrás franqueado,17,reviewed,
ES,franquear,Indicativo,Futuro perfecto,él,habrá franqueado,17,reviewed,
ES,franquear,Indicativo,Futuro perfecto,nosotros,habremos franqueado,17,reviewed,
ES,franquear,Indicativo,Futuro perfecto,vosotros,habréis franqueado,17,reviewed,
ES,franquear,Indicativo,Futuro perfecto,ellos,habrán franqueado,17,reviewed,
ES,franquear,Subjuntivo,Subjuntivo presente,yo,franquee,17,reviewed,
ES,franquear,Subjuntivo,Subjuntivo presente,tú,franquees,17,reviewed,
ES,franquear,Subjuntivo,Subjuntivo presente,él,franquee,17,reviewed,
ES,franquear,Subjuntivo,Subjuntivo presente,nosotros,franqueemos,17,reviewed,
ES,franquear,Subjuntivo,Subjuntivo presente,vosotros,franqueéis,17,reviewed,
ES,franquear,Subjuntivo,Subjuntivo presente,ellos,franqueen,17,reviewed,
ES,franquear,Indicativo,Pretérito perfecto simple,yo,franqueé,17,reviewed,
ES,franquear,Indicativo,Pretérito perfecto simple,tú,franqueaste,17,reviewed,
ES,franquear,Indicativo,Pretérito perfecto simple,él,franqueó,17,reviewed,
ES,franquear,Indicativo,Pretérito perfecto simple,nosotros,franqueamos,17,reviewed,
ES,franquear,Indicativo,Pretérito perfecto simple,vosotros,franqueasteis,17,reviewed,
ES,franquear,Indicativo,Pretérito perfecto simple,ellos,franquearon,17,reviewed,
ES,franquear,Indicativo,Pretérito pluscuamperfecto,yo,había franqueado,17,reviewed,
ES,franquear,Indicativo,Pretérito pluscuamperfecto,tú,habías franqueado,17,reviewed,
ES,franquear,Indicativo,Pretérito pluscuamperfecto,él,había franqueado,17,reviewed,
ES,franquear,Indicativo,Pretérito pluscuamperfecto,nosotros,habíamos franqueado,17,reviewed,
ES,franquear,Indicativo,Pretérito pluscuamperfecto,vosotros,habíais franqueado,17,reviewed,
ES,franquear,Indicativo,Pretérito pluscuamperfecto,ellos,habían franqueado,17,reviewed,
ES,frenar,Indicativo,Presente,yo,freno,17,reviewed,
ES,frenar,Indicativo,Presente,tú,frenas,17,reviewed,
ES,frenar,Indicativo,Presente,él,frena,17,reviewed,
ES,frenar,Indicativo,Presente,nosotros,frenamos,17,reviewed,
ES,frenar,Indicativo,Presente,vosotros,frenáis,17,reviewed,
ES,frenar,Indicativo,Presente,ellos,frenan,17,reviewed,
ES,frenar,Indicativo,Futuro,yo,frenaré,17,reviewed,
ES,frenar,Indicativo,Futuro,tú,frenarás,17,reviewed,
ES,frenar,Indicativo,Futuro,él,frenará,17,reviewed,
ES,frenar,Indicativo,Futuro,nosotros,frenaremos,17,reviewed,
ES,frenar,Indicativo,Futuro,vosotros,frenaréis,17,reviewed,
ES,frenar,Indicativo,Futuro,ellos,frenarán,17,reviewed,
ES,frenar,Indicativo,Pretérito perfecto compuesto,yo,he frenado,17,reviewed,
ES,frenar,Indicativo,Pretérito perfecto compuesto,tú,has frenado,17,reviewed,
ES,frenar,Indicativo,Pretérito perfecto compuesto,él,ha frenado,17,reviewed,
ES,frenar,Indicativo,Pretérito perfecto compuesto,nosotros,hemos frenado,17,reviewed,
ES,frenar,Indicativo,Pretérito perfecto compuesto,vosotros,habéis frenado,17,reviewed,
ES,frenar,Indicativo,Pretérito perfecto compuesto,ellos,han frenado,17,reviewed,
ES,frenar,Indicativo,Pretérito imperfecto,yo,frenaba,17,reviewed,
ES,frenar,Indicativo,Pretérito imperfecto,tú,frenabas,17,reviewed,
ES,frenar,Indicativo,Pretérito imperfecto,él,frenaba,17,reviewed,
ES,frenar,Indicativo,Pretérito imperfecto,nosotros,frenábamos,17,reviewed,
ES,frenar,Indicativo,Pretérito imperfecto,vosotros,frenabais,17,reviewed,
ES,frenar,Indicativo,Pretérito imperfecto,ellos,frenaban,17,reviewed,
ES,frenar,Condicional,Condicional,yo,frenaría,17,reviewed,
ES,frenar,Condicional,Condicional,tú,frenarías,17,reviewed,
ES,frenar,Condicional,Condicional,él,frenaría,17,reviewed,
ES,frenar,Condicional,Condicional,nosotros,frenaríamos,17,reviewed,
ES,frenar,Condicional,Condicional,vosotros,frenaríais,17,reviewed,
ES,frenar,Condicional,Condicional,ellos,frenarían,17,reviewed,
ES,frenar,Imperativo,Imperativo,yo,-,17,reviewed,Spanish has no standard first-person singular imperative; placeholder - used
ES,frenar,Imperativo,Imperativo,tú,frena,17,reviewed,
ES,frenar,Imperativo,Imperativo,él,frene,17,reviewed,
ES,frenar,Imperativo,Imperativo,nosotros,frenemos,17,reviewed,
ES,frenar,Imperativo,Imperativo,vosotros,frenad,17,reviewed,
ES,frenar,Imperativo,Imperativo,ellos,frenen,17,reviewed,
ES,frenar,Indicativo,Futuro perfecto,yo,habré frenado,17,reviewed,
ES,frenar,Indicativo,Futuro perfecto,tú,habrás frenado,17,reviewed,
ES,frenar,Indicativo,Futuro perfecto,él,habrá frenado,17,reviewed,
ES,frenar,Indicativo,Futuro perfecto,nosotros,habremos frenado,17,reviewed,
ES,frenar,Indicativo,Futuro perfecto,vosotros,habréis frenado,17,reviewed,
ES,frenar,Indicativo,Futuro perfecto,ellos,habrán frenado,17,reviewed,
ES,frenar,Subjuntivo,Subjuntivo presente,yo,frene,17,reviewed,
ES,frenar,Subjuntivo,Subjuntivo presente,tú,frenes,17,reviewed,
ES,frenar,Subjuntivo,Subjuntivo presente,él,frene,17,reviewed,
ES,frenar,Subjuntivo,Subjuntivo presente,nosotros,frenemos,17,reviewed,
ES,frenar,Subjuntivo,Subjuntivo presente,vosotros,frenéis,17,reviewed,
ES,frenar,Subjuntivo,Subjuntivo presente,ellos,frenen,17,reviewed,
ES,frenar,Indicativo,Pretérito perfecto simple,yo,frené,17,reviewed,
ES,frenar,Indicativo,Pretérito perfecto simple,tú,frenaste,17,reviewed,
ES,frenar,Indicativo,Pretérito perfecto simple,él,frenó,17,reviewed,
ES,frenar,Indicativo,Pretérito perfecto simple,nosotros,frenamos,17,reviewed,
ES,frenar,Indicativo,Pretérito perfecto simple,vosotros,frenasteis,17,reviewed,
ES,frenar,Indicativo,Pretérito perfecto simple,ellos,frenaron,17,reviewed,
ES,frenar,Indicativo,Pretérito pluscuamperfecto,yo,había frenado,17,reviewed,
ES,frenar,Indicativo,Pretérito pluscuamperfecto,tú,habías frenado,17,reviewed,
ES,frenar,Indicativo,Pretérito pluscuamperfecto,él,había frenado,17,reviewed,
ES,frenar,Indicativo,Pretérito pluscuamperfecto,nosotros,habíamos frenado,17,reviewed,
ES,frenar,Indicativo,Pretérito pluscuamperfecto,vosotros,habíais frenado,17,reviewed,
ES,frenar,Indicativo,Pretérito pluscuamperfecto,ellos,habían frenado,17,reviewed,
ES,recomprar,Indicativo,Presente,yo,recompro,17,reviewed,
ES,recomprar,Indicativo,Presente,tú,recompras,17,reviewed,
ES,recomprar,Indicativo,Presente,él,recompra,17,reviewed,
ES,recomprar,Indicativo,Presente,nosotros,recompramos,17,reviewed,
ES,recomprar,Indicativo,Presente,vosotros,recompráis,17,reviewed,
ES,recomprar,Indicativo,Presente,ellos,recompran,17,reviewed,
ES,recomprar,Indicativo,Futuro,yo,recompraré,17,reviewed,
ES,recomprar,Indicativo,Futuro,tú,recomprarás,17,reviewed,
ES,recomprar,Indicativo,Futuro,él,recomprará,17,reviewed,
ES,recomprar,Indicativo,Futuro,nosotros,recompraremos,17,reviewed,
ES,recomprar,Indicativo,Futuro,vosotros,recompraréis,17,reviewed,
ES,recomprar,Indicativo,Futuro,ellos,recomprarán,17,reviewed,
ES,recomprar,Indicativo,Pretérito perfecto compuesto,yo,he recomprado,17,reviewed,
ES,recomprar,Indicativo,Pretérito perfecto compuesto,tú,has recomprado,17,reviewed,
ES,recomprar,Indicativo,Pretérito perfecto compuesto,él,ha recomprado,17,reviewed,
ES,recomprar,Indicativo,Pretérito perfecto compuesto,nosotros,hemos recomprado,17,reviewed,
ES,recomprar,Indicativo,Pretérito perfecto compuesto,vosotros,habéis recomprado,17,reviewed,
ES,recomprar,Indicativo,Pretérito perfecto compuesto,ellos,han recomprado,17,reviewed,
ES,recomprar,Indicativo,Pretérito imperfecto,yo,recompraba,17,reviewed,
ES,recomprar,Indicativo,Pretérito imperfecto,tú,recomprabas,17,reviewed,
ES,recomprar,Indicativo,Pretérito imperfecto,él,recompraba,17,reviewed,
ES,recomprar,Indicativo,Pretérito imperfecto,nosotros,recomprábamos,17,reviewed,
ES,recomprar,Indicativo,Pretérito imperfecto,vosotros,recomprabais,17,reviewed,
ES,recomprar,Indicativo,Pretérito imperfecto,ellos,recompraban,17,reviewed,
ES,recomprar,Condicional,Condicional,yo,recompraría,17,reviewed,
ES,recomprar,Condicional,Condicional,tú,recomprarías,17,reviewed,
ES,recomprar,Condicional,Condicional,él,recompraría,17,reviewed,
ES,recomprar,Condicional,Condicional,nosotros,recompraríamos,17,reviewed,
ES,recomprar,Condicional,Condicional,vosotros,recompraríais,17,reviewed,
ES,recomprar,Condicional,Condicional,ellos,recomprarían,17,reviewed,
ES,recomprar,Imperativo,Imperativo,yo,-,17,reviewed,Spanish has no standard first-person singular imperative; placeholder - used
ES,recomprar,Imperativo,Imperativo,tú,recompra,17,reviewed,
ES,recomprar,Imperativo,Imperativo,él,recompre,17,reviewed,
ES,recomprar,Imperativo,Imperativo,nosotros,recompremos,17,reviewed,
ES,recomprar,Imperativo,Imperativo,vosotros,recomprad,17,reviewed,
ES,recomprar,Imperativo,Imperativo,ellos,recompren,17,reviewed,
ES,recomprar,Indicativo,Futuro perfecto,yo,habré recomprado,17,reviewed,
ES,recomprar,Indicativo,Futuro perfecto,tú,habrás recomprado,17,reviewed,
ES,recomprar,Indicativo,Futuro perfecto,él,habrá recomprado,17,reviewed,
ES,recomprar,Indicativo,Futuro perfecto,nosotros,habremos recomprado,17,reviewed,
ES,recomprar,Indicativo,Futuro perfecto,vosotros,habréis recomprado,17,reviewed,
ES,recomprar,Indicativo,Futuro perfecto,ellos,habrán recomprado,17,reviewed,
ES,recomprar,Subjuntivo,Subjuntivo presente,yo,recompre,17,reviewed,
ES,recomprar,Subjuntivo,Subjuntivo presente,tú,recompres,17,reviewed,
ES,recomprar,Subjuntivo,Subjuntivo presente,él,recompre,17,reviewed,
ES,recomprar,Subjuntivo,Subjuntivo presente,nosotros,recompremos,17,reviewed,
ES,recomprar,Subjuntivo,Subjuntivo presente,vosotros,recompréis,17,reviewed,
ES,recomprar,Subjuntivo,Subjuntivo presente,ellos,recompren,17,reviewed,
ES,recomprar,Indicativo,Pretérito perfecto simple,yo,recompré,17,reviewed,
ES,recomprar,Indicativo,Pretérito perfecto simple,tú,recompraste,17,reviewed,
ES,recomprar,Indicativo,Pretérito perfecto simple,él,recompró,17,reviewed,
ES,recomprar,Indicativo,Pretérito perfecto simple,nosotros,recompramos,17,reviewed,
ES,recomprar,Indicativo,Pretérito perfecto simple,vosotros,recomprasteis,17,reviewed,
ES,recomprar,Indicativo,Pretérito perfecto simple,ellos,recompraron,17,reviewed,
ES,recomprar,Indicativo,Pretérito pluscuamperfecto,yo,había recomprado,17,reviewed,
ES,recomprar,Indicativo,Pretérito pluscuamperfecto,tú,habías recomprado,17,reviewed,
ES,recomprar,Indicativo,Pretérito pluscuamperfecto,él,había recomprado,17,reviewed,
ES,recomprar,Indicativo,Pretérito pluscuamperfecto,nosotros,habíamos recomprado,17,reviewed,
ES,recomprar,Indicativo,Pretérito pluscuamperfecto,vosotros,habíais recomprado,17,reviewed,
ES,recomprar,Indicativo,Pretérito pluscuamperfecto,ellos,habían recomprado,17,reviewed,
ES,redimir,Indicativo,Presente,yo,ridimo,17,reviewed,stem-changing -ir paradigm; QA recommended
ES,redimir,Indicativo,Presente,tú,ridimes,17,reviewed,stem-changing -ir paradigm; QA recommended
ES,redimir,Indicativo,Presente,él,ridime,17,reviewed,stem-changing -ir paradigm; QA recommended
ES,redimir,Indicativo,Presente,nosotros,redimimos,17,reviewed,stem-changing -ir paradigm; QA recommended
ES,redimir,Indicativo,Presente,vosotros,redimís,17,reviewed,stem-changing -ir paradigm; QA recommended
ES,redimir,Indicativo,Presente,ellos,ridimen,17,reviewed,stem-changing -ir paradigm; QA recommended
ES,redimir,Indicativo,Futuro,yo,redimiré,17,reviewed,stem-changing -ir paradigm; QA recommended
ES,redimir,Indicativo,Futuro,tú,redimirás,17,reviewed,stem-changing -ir paradigm; QA recommended
ES,redimir,Indicativo,Futuro,él,redimirá,17,reviewed,stem-changing -ir paradigm; QA recommended
ES,redimir,Indicativo,Futuro,nosotros,redimiremos,17,reviewed,stem-changing -ir paradigm; QA recommended
ES,redimir,Indicativo,Futuro,vosotros,redimiréis,17,reviewed,stem-changing -ir paradigm; QA recommended
ES,redimir,Indicativo,Futuro,ellos,redimirán,17,reviewed,stem-changing -ir paradigm; QA recommended
ES,redimir,Indicativo,Pretérito perfecto compuesto,yo,he redimido,17,reviewed,stem-changing -ir paradigm; QA recommended
ES,redimir,Indicativo,Pretérito perfecto compuesto,tú,has redimido,17,reviewed,stem-changing -ir paradigm; QA recommended
ES,redimir,Indicativo,Pretérito perfecto compuesto,él,ha redimido,17,reviewed,stem-changing -ir paradigm; QA recommended
ES,redimir,Indicativo,Pretérito perfecto compuesto,nosotros,hemos redimido,17,reviewed,stem-changing -ir paradigm; QA recommended
ES,redimir,Indicativo,Pretérito perfecto compuesto,vosotros,habéis redimido,17,reviewed,stem-changing -ir paradigm; QA recommended
ES,redimir,Indicativo,Pretérito perfecto compuesto,ellos,han redimido,17,reviewed,stem-changing -ir paradigm; QA recommended
ES,redimir,Indicativo,Pretérito imperfecto,yo,redimía,17,reviewed,stem-changing -ir paradigm; QA recommended
ES,redimir,Indicativo,Pretérito imperfecto,tú,redimías,17,reviewed,stem-changing -ir paradigm; QA recommended
ES,redimir,Indicativo,Pretérito imperfecto,él,redimía,17,reviewed,stem-changing -ir paradigm; QA recommended
ES,redimir,Indicativo,Pretérito imperfecto,nosotros,redimíamos,17,reviewed,stem-changing -ir paradigm; QA recommended
ES,redimir,Indicativo,Pretérito imperfecto,vosotros,redimíais,17,reviewed,stem-changing -ir paradigm; QA recommended
ES,redimir,Indicativo,Pretérito imperfecto,ellos,redimían,17,reviewed,stem-changing -ir paradigm; QA recommended
ES,redimir,Condicional,Condicional,yo,redimiría,17,reviewed,stem-changing -ir paradigm; QA recommended
ES,redimir,Condicional,Condicional,tú,redimirías,17,reviewed,stem-changing -ir paradigm; QA recommended
ES,redimir,Condicional,Condicional,él,redimiría,17,reviewed,stem-changing -ir paradigm; QA recommended
ES,redimir,Condicional,Condicional,nosotros,redimiríamos,17,reviewed,stem-changing -ir paradigm; QA recommended
ES,redimir,Condicional,Condicional,vosotros,redimiríais,17,reviewed,stem-changing -ir paradigm; QA recommended
ES,redimir,Condicional,Condicional,ellos,redimirían,17,reviewed,stem-changing -ir paradigm; QA recommended
ES,redimir,Imperativo,Imperativo,yo,-,17,reviewed,stem-changing -ir paradigm; QA recommended; Spanish has no standard first-person singular imperative; placeholder - used
ES,redimir,Imperativo,Imperativo,tú,ridime,17,reviewed,stem-changing -ir paradigm; QA recommended
ES,redimir,Imperativo,Imperativo,él,ridima,17,reviewed,stem-changing -ir paradigm; QA recommended
ES,redimir,Imperativo,Imperativo,nosotros,ridimamos,17,reviewed,stem-changing -ir paradigm; QA recommended
ES,redimir,Imperativo,Imperativo,vosotros,redimid,17,reviewed,stem-changing -ir paradigm; QA recommended
ES,redimir,Imperativo,Imperativo,ellos,ridiman,17,reviewed,stem-changing -ir paradigm; QA recommended
ES,redimir,Indicativo,Futuro perfecto,yo,habré redimido,17,reviewed,stem-changing -ir paradigm; QA recommended
ES,redimir,Indicativo,Futuro perfecto,tú,habrás redimido,17,reviewed,stem-changing -ir paradigm; QA recommended
ES,redimir,Indicativo,Futuro perfecto,él,habrá redimido,17,reviewed,stem-changing -ir paradigm; QA recommended
ES,redimir,Indicativo,Futuro perfecto,nosotros,habremos redimido,17,reviewed,stem-changing -ir paradigm; QA recommended
ES,redimir,Indicativo,Futuro perfecto,vosotros,habréis redimido,17,reviewed,stem-changing -ir paradigm; QA recommended
ES,redimir,Indicativo,Futuro perfecto,ellos,habrán redimido,17,reviewed,stem-changing -ir paradigm; QA recommended
ES,redimir,Subjuntivo,Subjuntivo presente,yo,ridima,17,reviewed,stem-changing -ir paradigm; QA recommended
ES,redimir,Subjuntivo,Subjuntivo presente,tú,ridimas,17,reviewed,stem-changing -ir paradigm; QA recommended
ES,redimir,Subjuntivo,Subjuntivo presente,él,ridima,17,reviewed,stem-changing -ir paradigm; QA recommended
ES,redimir,Subjuntivo,Subjuntivo presente,nosotros,ridimamos,17,reviewed,stem-changing -ir paradigm; QA recommended
ES,redimir,Subjuntivo,Subjuntivo presente,vosotros,ridimáis,17,reviewed,stem-changing -ir paradigm; QA recommended
ES,redimir,Subjuntivo,Subjuntivo presente,ellos,ridiman,17,reviewed,stem-changing -ir paradigm; QA recommended
ES,redimir,Indicativo,Pretérito perfecto simple,yo,redimí,17,reviewed,stem-changing -ir paradigm; QA recommended
ES,redimir,Indicativo,Pretérito perfecto simple,tú,redimiste,17,reviewed,stem-changing -ir paradigm; QA recommended
ES,redimir,Indicativo,Pretérito perfecto simple,él,ridimió,17,reviewed,stem-changing -ir paradigm; QA recommended
ES,redimir,Indicativo,Pretérito perfecto simple,nosotros,redimimos,17,reviewed,stem-changing -ir paradigm; QA recommended
ES,redimir,Indicativo,Pretérito perfecto simple,vosotros,redimisteis,17,reviewed,stem-changing -ir paradigm; QA recommended
ES,redimir,Indicativo,Pretérito perfecto simple,ellos,ridimieron,17,reviewed,stem-changing -ir paradigm; QA recommended
ES,redimir,Indicativo,Pretérito pluscuamperfecto,yo,había redimido,17,reviewed,stem-changing -ir paradigm; QA recommended
ES,redimir,Indicativo,Pretérito pluscuamperfecto,tú,habías redimido,17,reviewed,stem-changing -ir paradigm; QA recommended
ES,redimir,Indicativo,Pretérito pluscuamperfecto,él,había redimido,17,reviewed,stem-changing -ir paradigm; QA recommended
ES,redimir,Indicativo,Pretérito pluscuamperfecto,nosotros,habíamos redimido,17,reviewed,stem-changing -ir paradigm; QA recommended
ES,redimir,Indicativo,Pretérito pluscuamperfecto,vosotros,habíais redimido,17,reviewed,stem-changing -ir paradigm; QA recommended
ES,redimir,Indicativo,Pretérito pluscuamperfecto,ellos,habían redimido,17,reviewed,stem-changing -ir paradigm; QA recommended
ES,iniciar,Indicativo,Presente,yo,inicio,17,reviewed,
ES,iniciar,Indicativo,Presente,tú,inicias,17,reviewed,
ES,iniciar,Indicativo,Presente,él,inicia,17,reviewed,
ES,iniciar,Indicativo,Presente,nosotros,iniciamos,17,reviewed,
ES,iniciar,Indicativo,Presente,vosotros,iniciáis,17,reviewed,
ES,iniciar,Indicativo,Presente,ellos,inician,17,reviewed,
ES,iniciar,Indicativo,Futuro,yo,iniciaré,17,reviewed,
ES,iniciar,Indicativo,Futuro,tú,iniciarás,17,reviewed,
ES,iniciar,Indicativo,Futuro,él,iniciará,17,reviewed,
ES,iniciar,Indicativo,Futuro,nosotros,iniciaremos,17,reviewed,
ES,iniciar,Indicativo,Futuro,vosotros,iniciaréis,17,reviewed,
ES,iniciar,Indicativo,Futuro,ellos,iniciarán,17,reviewed,
ES,iniciar,Indicativo,Pretérito perfecto compuesto,yo,he iniciado,17,reviewed,
ES,iniciar,Indicativo,Pretérito perfecto compuesto,tú,has iniciado,17,reviewed,
ES,iniciar,Indicativo,Pretérito perfecto compuesto,él,ha iniciado,17,reviewed,
ES,iniciar,Indicativo,Pretérito perfecto compuesto,nosotros,hemos iniciado,17,reviewed,
ES,iniciar,Indicativo,Pretérito perfecto compuesto,vosotros,habéis iniciado,17,reviewed,
ES,iniciar,Indicativo,Pretérito perfecto compuesto,ellos,han iniciado,17,reviewed,
ES,iniciar,Indicativo,Pretérito imperfecto,yo,iniciaba,17,reviewed,
ES,iniciar,Indicativo,Pretérito imperfecto,tú,iniciabas,17,reviewed,
ES,iniciar,Indicativo,Pretérito imperfecto,él,iniciaba,17,reviewed,
ES,iniciar,Indicativo,Pretérito imperfecto,nosotros,iniciábamos,17,reviewed,
ES,iniciar,Indicativo,Pretérito imperfecto,vosotros,iniciabais,17,reviewed,
ES,iniciar,Indicativo,Pretérito imperfecto,ellos,iniciaban,17,reviewed,
ES,iniciar,Condicional,Condicional,yo,iniciaría,17,reviewed,
ES,iniciar,Condicional,Condicional,tú,iniciarías,17,reviewed,
ES,iniciar,Condicional,Condicional,él,iniciaría,17,reviewed,
ES,iniciar,Condicional,Condicional,nosotros,iniciaríamos,17,reviewed,
ES,iniciar,Condicional,Condicional,vosotros,iniciaríais,17,reviewed,
ES,iniciar,Condicional,Condicional,ellos,iniciarían,17,reviewed,
ES,iniciar,Imperativo,Imperativo,yo,-,17,reviewed,Spanish has no standard first-person singular imperative; placeholder - used
ES,iniciar,Imperativo,Imperativo,tú,inicia,17,reviewed,
ES,iniciar,Imperativo,Imperativo,él,inicie,17,reviewed,
ES,iniciar,Imperativo,Imperativo,nosotros,iniciemos,17,reviewed,
ES,iniciar,Imperativo,Imperativo,vosotros,iniciad,17,reviewed,
ES,iniciar,Imperativo,Imperativo,ellos,inicien,17,reviewed,
ES,iniciar,Indicativo,Futuro perfecto,yo,habré iniciado,17,reviewed,
ES,iniciar,Indicativo,Futuro perfecto,tú,habrás iniciado,17,reviewed,
ES,iniciar,Indicativo,Futuro perfecto,él,habrá iniciado,17,reviewed,
ES,iniciar,Indicativo,Futuro perfecto,nosotros,habremos iniciado,17,reviewed,
ES,iniciar,Indicativo,Futuro perfecto,vosotros,habréis iniciado,17,reviewed,
ES,iniciar,Indicativo,Futuro perfecto,ellos,habrán iniciado,17,reviewed,
ES,iniciar,Subjuntivo,Subjuntivo presente,yo,inicie,17,reviewed,
ES,iniciar,Subjuntivo,Subjuntivo presente,tú,inicies,17,reviewed,
ES,iniciar,Subjuntivo,Subjuntivo presente,él,inicie,17,reviewed,
ES,iniciar,Subjuntivo,Subjuntivo presente,nosotros,iniciemos,17,reviewed,
ES,iniciar,Subjuntivo,Subjuntivo presente,vosotros,iniciéis,17,reviewed,
ES,iniciar,Subjuntivo,Subjuntivo presente,ellos,inicien,17,reviewed,
ES,iniciar,Indicativo,Pretérito perfecto simple,yo,inicié,17,reviewed,
ES,iniciar,Indicativo,Pretérito perfecto simple,tú,iniciaste,17,reviewed,
ES,iniciar,Indicativo,Pretérito perfecto simple,él,inició,17,reviewed,
ES,iniciar,Indicativo,Pretérito perfecto simple,nosotros,iniciamos,17,reviewed,
ES,iniciar,Indicativo,Pretérito perfecto simple,vosotros,iniciasteis,17,reviewed,
ES,iniciar,Indicativo,Pretérito perfecto simple,ellos,iniciaron,17,reviewed,
ES,iniciar,Indicativo,Pretérito pluscuamperfecto,yo,había iniciado,17,reviewed,
ES,iniciar,Indicativo,Pretérito pluscuamperfecto,tú,habías iniciado,17,reviewed,
ES,iniciar,Indicativo,Pretérito pluscuamperfecto,él,había iniciado,17,reviewed,
ES,iniciar,Indicativo,Pretérito pluscuamperfecto,nosotros,habíamos iniciado,17,reviewed,
ES,iniciar,Indicativo,Pretérito pluscuamperfecto,vosotros,habíais iniciado,17,reviewed,
ES,iniciar,Indicativo,Pretérito pluscuamperfecto,ellos,habían iniciado,17,reviewed,
ES,fechar,Indicativo,Presente,yo,fecho,17,reviewed,
ES,fechar,Indicativo,Presente,tú,fechas,17,reviewed,
ES,fechar,Indicativo,Presente,él,fecha,17,reviewed,
ES,fechar,Indicativo,Presente,nosotros,fechamos,17,reviewed,
ES,fechar,Indicativo,Presente,vosotros,fecháis,17,reviewed,
ES,fechar,Indicativo,Presente,ellos,fechan,17,reviewed,
ES,fechar,Indicativo,Futuro,yo,fecharé,17,reviewed,
ES,fechar,Indicativo,Futuro,tú,fecharás,17,reviewed,
ES,fechar,Indicativo,Futuro,él,fechará,17,reviewed,
ES,fechar,Indicativo,Futuro,nosotros,fecharemos,17,reviewed,
ES,fechar,Indicativo,Futuro,vosotros,fecharéis,17,reviewed,
ES,fechar,Indicativo,Futuro,ellos,fecharán,17,reviewed,
ES,fechar,Indicativo,Pretérito perfecto compuesto,yo,he fechado,17,reviewed,
ES,fechar,Indicativo,Pretérito perfecto compuesto,tú,has fechado,17,reviewed,
ES,fechar,Indicativo,Pretérito perfecto compuesto,él,ha fechado,17,reviewed,
ES,fechar,Indicativo,Pretérito perfecto compuesto,nosotros,hemos fechado,17,reviewed,
ES,fechar,Indicativo,Pretérito perfecto compuesto,vosotros,habéis fechado,17,reviewed,
ES,fechar,Indicativo,Pretérito perfecto compuesto,ellos,han fechado,17,reviewed,
ES,fechar,Indicativo,Pretérito imperfecto,yo,fechaba,17,reviewed,
ES,fechar,Indicativo,Pretérito imperfecto,tú,fechabas,17,reviewed,
ES,fechar,Indicativo,Pretérito imperfecto,él,fechaba,17,reviewed,
ES,fechar,Indicativo,Pretérito imperfecto,nosotros,fechábamos,17,reviewed,
ES,fechar,Indicativo,Pretérito imperfecto,vosotros,fechabais,17,reviewed,
ES,fechar,Indicativo,Pretérito imperfecto,ellos,fechaban,17,reviewed,
ES,fechar,Condicional,Condicional,yo,fecharía,17,reviewed,
ES,fechar,Condicional,Condicional,tú,fecharías,17,reviewed,
ES,fechar,Condicional,Condicional,él,fecharía,17,reviewed,
ES,fechar,Condicional,Condicional,nosotros,fecharíamos,17,reviewed,
ES,fechar,Condicional,Condicional,vosotros,fecharíais,17,reviewed,
ES,fechar,Condicional,Condicional,ellos,fecharían,17,reviewed,
ES,fechar,Imperativo,Imperativo,yo,-,17,reviewed,Spanish has no standard first-person singular imperative; placeholder - used
ES,fechar,Imperativo,Imperativo,tú,fecha,17,reviewed,
ES,fechar,Imperativo,Imperativo,él,feche,17,reviewed,
ES,fechar,Imperativo,Imperativo,nosotros,fechemos,17,reviewed,
ES,fechar,Imperativo,Imperativo,vosotros,fechad,17,reviewed,
ES,fechar,Imperativo,Imperativo,ellos,fechen,17,reviewed,
ES,fechar,Indicativo,Futuro perfecto,yo,habré fechado,17,reviewed,
ES,fechar,Indicativo,Futuro perfecto,tú,habrás fechado,17,reviewed,
ES,fechar,Indicativo,Futuro perfecto,él,habrá fechado,17,reviewed,
ES,fechar,Indicativo,Futuro perfecto,nosotros,habremos fechado,17,reviewed,
ES,fechar,Indicativo,Futuro perfecto,vosotros,habréis fechado,17,reviewed,
ES,fechar,Indicativo,Futuro perfecto,ellos,habrán fechado,17,reviewed,
ES,fechar,Subjuntivo,Subjuntivo presente,yo,feche,17,reviewed,
ES,fechar,Subjuntivo,Subjuntivo presente,tú,feches,17,reviewed,
ES,fechar,Subjuntivo,Subjuntivo presente,él,feche,17,reviewed,
ES,fechar,Subjuntivo,Subjuntivo presente,nosotros,fechemos,17,reviewed,
ES,fechar,Subjuntivo,Subjuntivo presente,vosotros,fechéis,17,reviewed,
ES,fechar,Subjuntivo,Subjuntivo presente,ellos,fechen,17,reviewed,
ES,fechar,Indicativo,Pretérito perfecto simple,yo,feché,17,reviewed,
ES,fechar,Indicativo,Pretérito perfecto simple,tú,fechaste,17,reviewed,
ES,fechar,Indicativo,Pretérito perfecto simple,él,fechó,17,reviewed,
ES,fechar,Indicativo,Pretérito perfecto simple,nosotros,fechamos,17,reviewed,
ES,fechar,Indicativo,Pretérito perfecto simple,vosotros,fechasteis,17,reviewed,
ES,fechar,Indicativo,Pretérito perfecto simple,ellos,fecharon,17,reviewed,
ES,fechar,Indicativo,Pretérito pluscuamperfecto,yo,había fechado,17,reviewed,
ES,fechar,Indicativo,Pretérito pluscuamperfecto,tú,habías fechado,17,reviewed,
ES,fechar,Indicativo,Pretérito pluscuamperfecto,él,había fechado,17,reviewed,
ES,fechar,Indicativo,Pretérito pluscuamperfecto,nosotros,habíamos fechado,17,reviewed,
ES,fechar,Indicativo,Pretérito pluscuamperfecto,vosotros,habíais fechado,17,reviewed,
ES,fechar,Indicativo,Pretérito pluscuamperfecto,ellos,habían fechado,17,reviewed,
ES,afeitar,Indicativo,Presente,yo,afeito,17,reviewed,
ES,afeitar,Indicativo,Presente,tú,afeitas,17,reviewed,
ES,afeitar,Indicativo,Presente,él,afeita,17,reviewed,
ES,afeitar,Indicativo,Presente,nosotros,afeitamos,17,reviewed,
ES,afeitar,Indicativo,Presente,vosotros,afeitáis,17,reviewed,
ES,afeitar,Indicativo,Presente,ellos,afeitan,17,reviewed,
ES,afeitar,Indicativo,Futuro,yo,afeitaré,17,reviewed,
ES,afeitar,Indicativo,Futuro,tú,afeitarás,17,reviewed,
ES,afeitar,Indicativo,Futuro,él,afeitará,17,reviewed,
ES,afeitar,Indicativo,Futuro,nosotros,afeitaremos,17,reviewed,
ES,afeitar,Indicativo,Futuro,vosotros,afeitaréis,17,reviewed,
ES,afeitar,Indicativo,Futuro,ellos,afeitarán,17,reviewed,
ES,afeitar,Indicativo,Pretérito perfecto compuesto,yo,he afeitado,17,reviewed,
ES,afeitar,Indicativo,Pretérito perfecto compuesto,tú,has afeitado,17,reviewed,
ES,afeitar,Indicativo,Pretérito perfecto compuesto,él,ha afeitado,17,reviewed,
ES,afeitar,Indicativo,Pretérito perfecto compuesto,nosotros,hemos afeitado,17,reviewed,
ES,afeitar,Indicativo,Pretérito perfecto compuesto,vosotros,habéis afeitado,17,reviewed,
ES,afeitar,Indicativo,Pretérito perfecto compuesto,ellos,han afeitado,17,reviewed,
ES,afeitar,Indicativo,Pretérito imperfecto,yo,afeitaba,17,reviewed,
ES,afeitar,Indicativo,Pretérito imperfecto,tú,afeitabas,17,reviewed,
ES,afeitar,Indicativo,Pretérito imperfecto,él,afeitaba,17,reviewed,
ES,afeitar,Indicativo,Pretérito imperfecto,nosotros,afeitábamos,17,reviewed,
ES,afeitar,Indicativo,Pretérito imperfecto,vosotros,afeitabais,17,reviewed,
ES,afeitar,Indicativo,Pretérito imperfecto,ellos,afeitaban,17,reviewed,
ES,afeitar,Condicional,Condicional,yo,afeitaría,17,reviewed,
ES,afeitar,Condicional,Condicional,tú,afeitarías,17,reviewed,
ES,afeitar,Condicional,Condicional,él,afeitaría,17,reviewed,
ES,afeitar,Condicional,Condicional,nosotros,afeitaríamos,17,reviewed,
ES,afeitar,Condicional,Condicional,vosotros,afeitaríais,17,reviewed,
ES,afeitar,Condicional,Condicional,ellos,afeitarían,17,reviewed,
ES,afeitar,Imperativo,Imperativo,yo,-,17,reviewed,Spanish has no standard first-person singular imperative; placeholder - used
ES,afeitar,Imperativo,Imperativo,tú,afeita,17,reviewed,
ES,afeitar,Imperativo,Imperativo,él,afeite,17,reviewed,
ES,afeitar,Imperativo,Imperativo,nosotros,afeitemos,17,reviewed,
ES,afeitar,Imperativo,Imperativo,vosotros,afeitad,17,reviewed,
ES,afeitar,Imperativo,Imperativo,ellos,afeiten,17,reviewed,
ES,afeitar,Indicativo,Futuro perfecto,yo,habré afeitado,17,reviewed,
ES,afeitar,Indicativo,Futuro perfecto,tú,habrás afeitado,17,reviewed,
ES,afeitar,Indicativo,Futuro perfecto,él,habrá afeitado,17,reviewed,
ES,afeitar,Indicativo,Futuro perfecto,nosotros,habremos afeitado,17,reviewed,
ES,afeitar,Indicativo,Futuro perfecto,vosotros,habréis afeitado,17,reviewed,
ES,afeitar,Indicativo,Futuro perfecto,ellos,habrán afeitado,17,reviewed,
ES,afeitar,Subjuntivo,Subjuntivo presente,yo,afeite,17,reviewed,
ES,afeitar,Subjuntivo,Subjuntivo presente,tú,afeites,17,reviewed,
ES,afeitar,Subjuntivo,Subjuntivo presente,él,afeite,17,reviewed,
ES,afeitar,Subjuntivo,Subjuntivo presente,nosotros,afeitemos,17,reviewed,
ES,afeitar,Subjuntivo,Subjuntivo presente,vosotros,afeitéis,17,reviewed,
ES,afeitar,Subjuntivo,Subjuntivo presente,ellos,afeiten,17,reviewed,
ES,afeitar,Indicativo,Pretérito perfecto simple,yo,afeité,17,reviewed,
ES,afeitar,Indicativo,Pretérito perfecto simple,tú,afeitaste,17,reviewed,
ES,afeitar,Indicativo,Pretérito perfecto simple,él,afeitó,17,reviewed,
ES,afeitar,Indicativo,Pretérito perfecto simple,nosotros,afeitamos,17,reviewed,
ES,afeitar,Indicativo,Pretérito perfecto simple,vosotros,afeitasteis,17,reviewed,
ES,afeitar,Indicativo,Pretérito perfecto simple,ellos,afeitaron,17,reviewed,
ES,afeitar,Indicativo,Pretérito pluscuamperfecto,yo,había afeitado,17,reviewed,
ES,afeitar,Indicativo,Pretérito pluscuamperfecto,tú,habías afeitado,17,reviewed,
ES,afeitar,Indicativo,Pretérito pluscuamperfecto,él,había afeitado,17,reviewed,
ES,afeitar,Indicativo,Pretérito pluscuamperfecto,nosotros,habíamos afeitado,17,reviewed,
ES,afeitar,Indicativo,Pretérito pluscuamperfecto,vosotros,habíais afeitado,17,reviewed,
ES,afeitar,Indicativo,Pretérito pluscuamperfecto,ellos,habían afeitado,17,reviewed,
ES,derribar,Indicativo,Presente,yo,derribo,17,reviewed,
ES,derribar,Indicativo,Presente,tú,derribas,17,reviewed,
ES,derribar,Indicativo,Presente,él,derriba,17,reviewed,
ES,derribar,Indicativo,Presente,nosotros,derribamos,17,reviewed,
ES,derribar,Indicativo,Presente,vosotros,derribáis,17,reviewed,
ES,derribar,Indicativo,Presente,ellos,derriban,17,reviewed,
ES,derribar,Indicativo,Futuro,yo,derribaré,17,reviewed,
ES,derribar,Indicativo,Futuro,tú,derribarás,17,reviewed,
ES,derribar,Indicativo,Futuro,él,derribará,17,reviewed,
ES,derribar,Indicativo,Futuro,nosotros,derribaremos,17,reviewed,
ES,derribar,Indicativo,Futuro,vosotros,derribaréis,17,reviewed,
ES,derribar,Indicativo,Futuro,ellos,derribarán,17,reviewed,
ES,derribar,Indicativo,Pretérito perfecto compuesto,yo,he derribado,17,reviewed,
ES,derribar,Indicativo,Pretérito perfecto compuesto,tú,has derribado,17,reviewed,
ES,derribar,Indicativo,Pretérito perfecto compuesto,él,ha derribado,17,reviewed,
ES,derribar,Indicativo,Pretérito perfecto compuesto,nosotros,hemos derribado,17,reviewed,
ES,derribar,Indicativo,Pretérito perfecto compuesto,vosotros,habéis derribado,17,reviewed,
ES,derribar,Indicativo,Pretérito perfecto compuesto,ellos,han derribado,17,reviewed,
ES,derribar,Indicativo,Pretérito imperfecto,yo,derribaba,17,reviewed,
ES,derribar,Indicativo,Pretérito imperfecto,tú,derribabas,17,reviewed,
ES,derribar,Indicativo,Pretérito imperfecto,él,derribaba,17,reviewed,
ES,derribar,Indicativo,Pretérito imperfecto,nosotros,derribábamos,17,reviewed,
ES,derribar,Indicativo,Pretérito imperfecto,vosotros,derribabais,17,reviewed,
ES,derribar,Indicativo,Pretérito imperfecto,ellos,derribaban,17,reviewed,
ES,derribar,Condicional,Condicional,yo,derribaría,17,reviewed,
ES,derribar,Condicional,Condicional,tú,derribarías,17,reviewed,
ES,derribar,Condicional,Condicional,él,derribaría,17,reviewed,
ES,derribar,Condicional,Condicional,nosotros,derribaríamos,17,reviewed,
ES,derribar,Condicional,Condicional,vosotros,derribaríais,17,reviewed,
ES,derribar,Condicional,Condicional,ellos,derribarían,17,reviewed,
ES,derribar,Imperativo,Imperativo,yo,-,17,reviewed,Spanish has no standard first-person singular imperative; placeholder - used
ES,derribar,Imperativo,Imperativo,tú,derriba,17,reviewed,
ES,derribar,Imperativo,Imperativo,él,derribe,17,reviewed,
ES,derribar,Imperativo,Imperativo,nosotros,derribemos,17,reviewed,
ES,derribar,Imperativo,Imperativo,vosotros,derribad,17,reviewed,
ES,derribar,Imperativo,Imperativo,ellos,derriben,17,reviewed,
ES,derribar,Indicativo,Futuro perfecto,yo,habré derribado,17,reviewed,
ES,derribar,Indicativo,Futuro perfecto,tú,habrás derribado,17,reviewed,
ES,derribar,Indicativo,Futuro perfecto,él,habrá derribado,17,reviewed,
ES,derribar,Indicativo,Futuro perfecto,nosotros,habremos derribado,17,reviewed,
ES,derribar,Indicativo,Futuro perfecto,vosotros,habréis derribado,17,reviewed,
ES,derribar,Indicativo,Futuro perfecto,ellos,habrán derribado,17,reviewed,
ES,derribar,Subjuntivo,Subjuntivo presente,yo,derribe,17,reviewed,
ES,derribar,Subjuntivo,Subjuntivo presente,tú,derribes,17,reviewed,
ES,derribar,Subjuntivo,Subjuntivo presente,él,derribe,17,reviewed,
ES,derribar,Subjuntivo,Subjuntivo presente,nosotros,derribemos,17,reviewed,
ES,derribar,Subjuntivo,Subjuntivo presente,vosotros,derribéis,17,reviewed,
ES,derribar,Subjuntivo,Subjuntivo presente,ellos,derriben,17,reviewed,
ES,derribar,Indicativo,Pretérito perfecto simple,yo,derribé,17,reviewed,
ES,derribar,Indicativo,Pretérito perfecto simple,tú,derribaste,17,reviewed,
ES,derribar,Indicativo,Pretérito perfecto simple,él,derribó,17,reviewed,
ES,derribar,Indicativo,Pretérito perfecto simple,nosotros,derribamos,17,reviewed,
ES,derribar,Indicativo,Pretérito perfecto simple,vosotros,derribasteis,17,reviewed,
ES,derribar,Indicativo,Pretérito perfecto simple,ellos,derribaron,17,reviewed,
ES,derribar,Indicativo,Pretérito pluscuamperfecto,yo,había derribado,17,reviewed,
ES,derribar,Indicativo,Pretérito pluscuamperfecto,tú,habías derribado,17,reviewed,
ES,derribar,Indicativo,Pretérito pluscuamperfecto,él,había derribado,17,reviewed,
ES,derribar,Indicativo,Pretérito pluscuamperfecto,nosotros,habíamos derribado,17,reviewed,
ES,derribar,Indicativo,Pretérito pluscuamperfecto,vosotros,habíais derribado,17,reviewed,
ES,derribar,Indicativo,Pretérito pluscuamperfecto,ellos,habían derribado,17,reviewed,
ES,solicitar,Indicativo,Presente,yo,solicito,17,reviewed,
ES,solicitar,Indicativo,Presente,tú,solicitas,17,reviewed,
ES,solicitar,Indicativo,Presente,él,solicita,17,reviewed,
ES,solicitar,Indicativo,Presente,nosotros,solicitamos,17,reviewed,
ES,solicitar,Indicativo,Presente,vosotros,solicitáis,17,reviewed,
ES,solicitar,Indicativo,Presente,ellos,solicitan,17,reviewed,
ES,solicitar,Indicativo,Futuro,yo,solicitaré,17,reviewed,
ES,solicitar,Indicativo,Futuro,tú,solicitarás,17,reviewed,
ES,solicitar,Indicativo,Futuro,él,solicitará,17,reviewed,
ES,solicitar,Indicativo,Futuro,nosotros,solicitaremos,17,reviewed,
ES,solicitar,Indicativo,Futuro,vosotros,solicitaréis,17,reviewed,
ES,solicitar,Indicativo,Futuro,ellos,solicitarán,17,reviewed,
ES,solicitar,Indicativo,Pretérito perfecto compuesto,yo,he solicitado,17,reviewed,
ES,solicitar,Indicativo,Pretérito perfecto compuesto,tú,has solicitado,17,reviewed,
ES,solicitar,Indicativo,Pretérito perfecto compuesto,él,ha solicitado,17,reviewed,
ES,solicitar,Indicativo,Pretérito perfecto compuesto,nosotros,hemos solicitado,17,reviewed,
ES,solicitar,Indicativo,Pretérito perfecto compuesto,vosotros,habéis solicitado,17,reviewed,
ES,solicitar,Indicativo,Pretérito perfecto compuesto,ellos,han solicitado,17,reviewed,
ES,solicitar,Indicativo,Pretérito imperfecto,yo,solicitaba,17,reviewed,
ES,solicitar,Indicativo,Pretérito imperfecto,tú,solicitabas,17,reviewed,
ES,solicitar,Indicativo,Pretérito imperfecto,él,solicitaba,17,reviewed,
ES,solicitar,Indicativo,Pretérito imperfecto,nosotros,solicitábamos,17,reviewed,
ES,solicitar,Indicativo,Pretérito imperfecto,vosotros,solicitabais,17,reviewed,
ES,solicitar,Indicativo,Pretérito imperfecto,ellos,solicitaban,17,reviewed,
ES,solicitar,Condicional,Condicional,yo,solicitaría,17,reviewed,
ES,solicitar,Condicional,Condicional,tú,solicitarías,17,reviewed,
ES,solicitar,Condicional,Condicional,él,solicitaría,17,reviewed,
ES,solicitar,Condicional,Condicional,nosotros,solicitaríamos,17,reviewed,
ES,solicitar,Condicional,Condicional,vosotros,solicitaríais,17,reviewed,
ES,solicitar,Condicional,Condicional,ellos,solicitarían,17,reviewed,
ES,solicitar,Imperativo,Imperativo,yo,-,17,reviewed,Spanish has no standard first-person singular imperative; placeholder - used
ES,solicitar,Imperativo,Imperativo,tú,solicita,17,reviewed,
ES,solicitar,Imperativo,Imperativo,él,solicite,17,reviewed,
ES,solicitar,Imperativo,Imperativo,nosotros,solicitemos,17,reviewed,
ES,solicitar,Imperativo,Imperativo,vosotros,solicitad,17,reviewed,
ES,solicitar,Imperativo,Imperativo,ellos,soliciten,17,reviewed,
ES,solicitar,Indicativo,Futuro perfecto,yo,habré solicitado,17,reviewed,
ES,solicitar,Indicativo,Futuro perfecto,tú,habrás solicitado,17,reviewed,
ES,solicitar,Indicativo,Futuro perfecto,él,habrá solicitado,17,reviewed,
ES,solicitar,Indicativo,Futuro perfecto,nosotros,habremos solicitado,17,reviewed,
ES,solicitar,Indicativo,Futuro perfecto,vosotros,habréis solicitado,17,reviewed,
ES,solicitar,Indicativo,Futuro perfecto,ellos,habrán solicitado,17,reviewed,
ES,solicitar,Subjuntivo,Subjuntivo presente,yo,solicite,17,reviewed,
ES,solicitar,Subjuntivo,Subjuntivo presente,tú,solicites,17,reviewed,
ES,solicitar,Subjuntivo,Subjuntivo presente,él,solicite,17,reviewed,
ES,solicitar,Subjuntivo,Subjuntivo presente,nosotros,solicitemos,17,reviewed,
ES,solicitar,Subjuntivo,Subjuntivo presente,vosotros,solicitéis,17,reviewed,
ES,solicitar,Subjuntivo,Subjuntivo presente,ellos,soliciten,17,reviewed,
ES,solicitar,Indicativo,Pretérito perfecto simple,yo,solicité,17,reviewed,
ES,solicitar,Indicativo,Pretérito perfecto simple,tú,solicitaste,17,reviewed,
ES,solicitar,Indicativo,Pretérito perfecto simple,él,solicitó,17,reviewed,
ES,solicitar,Indicativo,Pretérito perfecto simple,nosotros,solicitamos,17,reviewed,
ES,solicitar,Indicativo,Pretérito perfecto simple,vosotros,solicitasteis,17,reviewed,
ES,solicitar,Indicativo,Pretérito perfecto simple,ellos,solicitaron,17,reviewed,
ES,solicitar,Indicativo,Pretérito pluscuamperfecto,yo,había solicitado,17,reviewed,
ES,solicitar,Indicativo,Pretérito pluscuamperfecto,tú,habías solicitado,17,reviewed,
ES,solicitar,Indicativo,Pretérito pluscuamperfecto,él,había solicitado,17,reviewed,
ES,solicitar,Indicativo,Pretérito pluscuamperfecto,nosotros,habíamos solicitado,17,reviewed,
ES,solicitar,Indicativo,Pretérito pluscuamperfecto,vosotros,habíais solicitado,17,reviewed,
ES,solicitar,Indicativo,Pretérito pluscuamperfecto,ellos,habían solicitado,17,reviewed,
ES,errar,Indicativo,Presente,yo,yerro,17,reviewed,y-form present paradigm chosen; QA recommended
ES,errar,Indicativo,Presente,tú,yerras,17,reviewed,y-form present paradigm chosen; QA recommended
ES,errar,Indicativo,Presente,él,yerra,17,reviewed,y-form present paradigm chosen; QA recommended
ES,errar,Indicativo,Presente,nosotros,erramos,17,reviewed,y-form present paradigm chosen; QA recommended
ES,errar,Indicativo,Presente,vosotros,erráis,17,reviewed,y-form present paradigm chosen; QA recommended
ES,errar,Indicativo,Presente,ellos,yerran,17,reviewed,y-form present paradigm chosen; QA recommended
ES,errar,Indicativo,Futuro,yo,erraré,17,reviewed,y-form present paradigm chosen; QA recommended
ES,errar,Indicativo,Futuro,tú,errarás,17,reviewed,y-form present paradigm chosen; QA recommended
ES,errar,Indicativo,Futuro,él,errará,17,reviewed,y-form present paradigm chosen; QA recommended
ES,errar,Indicativo,Futuro,nosotros,erraremos,17,reviewed,y-form present paradigm chosen; QA recommended
ES,errar,Indicativo,Futuro,vosotros,erraréis,17,reviewed,y-form present paradigm chosen; QA recommended
ES,errar,Indicativo,Futuro,ellos,errarán,17,reviewed,y-form present paradigm chosen; QA recommended
ES,errar,Indicativo,Pretérito perfecto compuesto,yo,he errado,17,reviewed,y-form present paradigm chosen; QA recommended
ES,errar,Indicativo,Pretérito perfecto compuesto,tú,has errado,17,reviewed,y-form present paradigm chosen; QA recommended
ES,errar,Indicativo,Pretérito perfecto compuesto,él,ha errado,17,reviewed,y-form present paradigm chosen; QA recommended
ES,errar,Indicativo,Pretérito perfecto compuesto,nosotros,hemos errado,17,reviewed,y-form present paradigm chosen; QA recommended
ES,errar,Indicativo,Pretérito perfecto compuesto,vosotros,habéis errado,17,reviewed,y-form present paradigm chosen; QA recommended
ES,errar,Indicativo,Pretérito perfecto compuesto,ellos,han errado,17,reviewed,y-form present paradigm chosen; QA recommended
ES,errar,Indicativo,Pretérito imperfecto,yo,erraba,17,reviewed,y-form present paradigm chosen; QA recommended
ES,errar,Indicativo,Pretérito imperfecto,tú,errabas,17,reviewed,y-form present paradigm chosen; QA recommended
ES,errar,Indicativo,Pretérito imperfecto,él,erraba,17,reviewed,y-form present paradigm chosen; QA recommended
ES,errar,Indicativo,Pretérito imperfecto,nosotros,errábamos,17,reviewed,y-form present paradigm chosen; QA recommended
ES,errar,Indicativo,Pretérito imperfecto,vosotros,errabais,17,reviewed,y-form present paradigm chosen; QA recommended
ES,errar,Indicativo,Pretérito imperfecto,ellos,erraban,17,reviewed,y-form present paradigm chosen; QA recommended
ES,errar,Condicional,Condicional,yo,erraría,17,reviewed,y-form present paradigm chosen; QA recommended
ES,errar,Condicional,Condicional,tú,errarías,17,reviewed,y-form present paradigm chosen; QA recommended
ES,errar,Condicional,Condicional,él,erraría,17,reviewed,y-form present paradigm chosen; QA recommended
ES,errar,Condicional,Condicional,nosotros,erraríamos,17,reviewed,y-form present paradigm chosen; QA recommended
ES,errar,Condicional,Condicional,vosotros,erraríais,17,reviewed,y-form present paradigm chosen; QA recommended
ES,errar,Condicional,Condicional,ellos,errarían,17,reviewed,y-form present paradigm chosen; QA recommended
ES,errar,Imperativo,Imperativo,yo,-,17,reviewed,y-form present paradigm chosen; QA recommended; Spanish has no standard first-person singular imperative; placeholder - used
ES,errar,Imperativo,Imperativo,tú,yerra,17,reviewed,y-form present paradigm chosen; QA recommended
ES,errar,Imperativo,Imperativo,él,yerre,17,reviewed,y-form present paradigm chosen; QA recommended
ES,errar,Imperativo,Imperativo,nosotros,erremos,17,reviewed,y-form present paradigm chosen; QA recommended
ES,errar,Imperativo,Imperativo,vosotros,errad,17,reviewed,y-form present paradigm chosen; QA recommended
ES,errar,Imperativo,Imperativo,ellos,yerren,17,reviewed,y-form present paradigm chosen; QA recommended
ES,errar,Indicativo,Futuro perfecto,yo,habré errado,17,reviewed,y-form present paradigm chosen; QA recommended
ES,errar,Indicativo,Futuro perfecto,tú,habrás errado,17,reviewed,y-form present paradigm chosen; QA recommended
ES,errar,Indicativo,Futuro perfecto,él,habrá errado,17,reviewed,y-form present paradigm chosen; QA recommended
ES,errar,Indicativo,Futuro perfecto,nosotros,habremos errado,17,reviewed,y-form present paradigm chosen; QA recommended
ES,errar,Indicativo,Futuro perfecto,vosotros,habréis errado,17,reviewed,y-form present paradigm chosen; QA recommended
ES,errar,Indicativo,Futuro perfecto,ellos,habrán errado,17,reviewed,y-form present paradigm chosen; QA recommended
ES,errar,Subjuntivo,Subjuntivo presente,yo,yerre,17,reviewed,y-form present paradigm chosen; QA recommended
ES,errar,Subjuntivo,Subjuntivo presente,tú,yerres,17,reviewed,y-form present paradigm chosen; QA recommended
ES,errar,Subjuntivo,Subjuntivo presente,él,yerre,17,reviewed,y-form present paradigm chosen; QA recommended
ES,errar,Subjuntivo,Subjuntivo presente,nosotros,erremos,17,reviewed,y-form present paradigm chosen; QA recommended
ES,errar,Subjuntivo,Subjuntivo presente,vosotros,erréis,17,reviewed,y-form present paradigm chosen; QA recommended
ES,errar,Subjuntivo,Subjuntivo presente,ellos,yerren,17,reviewed,y-form present paradigm chosen; QA recommended
ES,errar,Indicativo,Pretérito perfecto simple,yo,erré,17,reviewed,y-form present paradigm chosen; QA recommended
ES,errar,Indicativo,Pretérito perfecto simple,tú,erraste,17,reviewed,y-form present paradigm chosen; QA recommended
ES,errar,Indicativo,Pretérito perfecto simple,él,erró,17,reviewed,y-form present paradigm chosen; QA recommended
ES,errar,Indicativo,Pretérito perfecto simple,nosotros,erramos,17,reviewed,y-form present paradigm chosen; QA recommended
ES,errar,Indicativo,Pretérito perfecto simple,vosotros,errasteis,17,reviewed,y-form present paradigm chosen; QA recommended
ES,errar,Indicativo,Pretérito perfecto simple,ellos,erraron,17,reviewed,y-form present paradigm chosen; QA recommended
ES,errar,Indicativo,Pretérito pluscuamperfecto,yo,había errado,17,reviewed,y-form present paradigm chosen; QA recommended
ES,errar,Indicativo,Pretérito pluscuamperfecto,tú,habías errado,17,reviewed,y-form present paradigm chosen; QA recommended
ES,errar,Indicativo,Pretérito pluscuamperfecto,él,había errado,17,reviewed,y-form present paradigm chosen; QA recommended
ES,errar,Indicativo,Pretérito pluscuamperfecto,nosotros,habíamos errado,17,reviewed,y-form present paradigm chosen; QA recommended
ES,errar,Indicativo,Pretérito pluscuamperfecto,vosotros,habíais errado,17,reviewed,y-form present paradigm chosen; QA recommended
ES,errar,Indicativo,Pretérito pluscuamperfecto,ellos,habían errado,17,reviewed,y-form present paradigm chosen; QA recommended
ES,vagar,Indicativo,Presente,yo,vago,17,reviewed,
ES,vagar,Indicativo,Presente,tú,vagas,17,reviewed,
ES,vagar,Indicativo,Presente,él,vaga,17,reviewed,
ES,vagar,Indicativo,Presente,nosotros,vagamos,17,reviewed,
ES,vagar,Indicativo,Presente,vosotros,vagáis,17,reviewed,
ES,vagar,Indicativo,Presente,ellos,vagan,17,reviewed,
ES,vagar,Indicativo,Futuro,yo,vagaré,17,reviewed,
ES,vagar,Indicativo,Futuro,tú,vagarás,17,reviewed,
ES,vagar,Indicativo,Futuro,él,vagará,17,reviewed,
ES,vagar,Indicativo,Futuro,nosotros,vagaremos,17,reviewed,
ES,vagar,Indicativo,Futuro,vosotros,vagaréis,17,reviewed,
ES,vagar,Indicativo,Futuro,ellos,vagarán,17,reviewed,
ES,vagar,Indicativo,Pretérito perfecto compuesto,yo,he vagado,17,reviewed,
ES,vagar,Indicativo,Pretérito perfecto compuesto,tú,has vagado,17,reviewed,
ES,vagar,Indicativo,Pretérito perfecto compuesto,él,ha vagado,17,reviewed,
ES,vagar,Indicativo,Pretérito perfecto compuesto,nosotros,hemos vagado,17,reviewed,
ES,vagar,Indicativo,Pretérito perfecto compuesto,vosotros,habéis vagado,17,reviewed,
ES,vagar,Indicativo,Pretérito perfecto compuesto,ellos,han vagado,17,reviewed,
ES,vagar,Indicativo,Pretérito imperfecto,yo,vagaba,17,reviewed,
ES,vagar,Indicativo,Pretérito imperfecto,tú,vagabas,17,reviewed,
ES,vagar,Indicativo,Pretérito imperfecto,él,vagaba,17,reviewed,
ES,vagar,Indicativo,Pretérito imperfecto,nosotros,vagábamos,17,reviewed,
ES,vagar,Indicativo,Pretérito imperfecto,vosotros,vagabais,17,reviewed,
ES,vagar,Indicativo,Pretérito imperfecto,ellos,vagaban,17,reviewed,
ES,vagar,Condicional,Condicional,yo,vagaría,17,reviewed,
ES,vagar,Condicional,Condicional,tú,vagarías,17,reviewed,
ES,vagar,Condicional,Condicional,él,vagaría,17,reviewed,
ES,vagar,Condicional,Condicional,nosotros,vagaríamos,17,reviewed,
ES,vagar,Condicional,Condicional,vosotros,vagaríais,17,reviewed,
ES,vagar,Condicional,Condicional,ellos,vagarían,17,reviewed,
ES,vagar,Imperativo,Imperativo,yo,-,17,reviewed,Spanish has no standard first-person singular imperative; placeholder - used
ES,vagar,Imperativo,Imperativo,tú,vaga,17,reviewed,
ES,vagar,Imperativo,Imperativo,él,vage,17,reviewed,
ES,vagar,Imperativo,Imperativo,nosotros,vagemos,17,reviewed,
ES,vagar,Imperativo,Imperativo,vosotros,vagad,17,reviewed,
ES,vagar,Imperativo,Imperativo,ellos,vagen,17,reviewed,
ES,vagar,Indicativo,Futuro perfecto,yo,habré vagado,17,reviewed,
ES,vagar,Indicativo,Futuro perfecto,tú,habrás vagado,17,reviewed,
ES,vagar,Indicativo,Futuro perfecto,él,habrá vagado,17,reviewed,
ES,vagar,Indicativo,Futuro perfecto,nosotros,habremos vagado,17,reviewed,
ES,vagar,Indicativo,Futuro perfecto,vosotros,habréis vagado,17,reviewed,
ES,vagar,Indicativo,Futuro perfecto,ellos,habrán vagado,17,reviewed,
ES,vagar,Subjuntivo,Subjuntivo presente,yo,vage,17,reviewed,
ES,vagar,Subjuntivo,Subjuntivo presente,tú,vages,17,reviewed,
ES,vagar,Subjuntivo,Subjuntivo presente,él,vage,17,reviewed,
ES,vagar,Subjuntivo,Subjuntivo presente,nosotros,vagemos,17,reviewed,
ES,vagar,Subjuntivo,Subjuntivo presente,vosotros,vagéis,17,reviewed,
ES,vagar,Subjuntivo,Subjuntivo presente,ellos,vagen,17,reviewed,
ES,vagar,Indicativo,Pretérito perfecto simple,yo,vagé,17,reviewed,
ES,vagar,Indicativo,Pretérito perfecto simple,tú,vagaste,17,reviewed,
ES,vagar,Indicativo,Pretérito perfecto simple,él,vagó,17,reviewed,
ES,vagar,Indicativo,Pretérito perfecto simple,nosotros,vagamos,17,reviewed,
ES,vagar,Indicativo,Pretérito perfecto simple,vosotros,vagasteis,17,reviewed,
ES,vagar,Indicativo,Pretérito perfecto simple,ellos,vagaron,17,reviewed,
ES,vagar,Indicativo,Pretérito pluscuamperfecto,yo,había vagado,17,reviewed,
ES,vagar,Indicativo,Pretérito pluscuamperfecto,tú,habías vagado,17,reviewed,
ES,vagar,Indicativo,Pretérito pluscuamperfecto,él,había vagado,17,reviewed,
ES,vagar,Indicativo,Pretérito pluscuamperfecto,nosotros,habíamos vagado,17,reviewed,
ES,vagar,Indicativo,Pretérito pluscuamperfecto,vosotros,habíais vagado,17,reviewed,
ES,vagar,Indicativo,Pretérito pluscuamperfecto,ellos,habían vagado,17,reviewed,
ES,honrar,Indicativo,Presente,yo,honro,17,reviewed,
ES,honrar,Indicativo,Presente,tú,honras,17,reviewed,
ES,honrar,Indicativo,Presente,él,honra,17,reviewed,
ES,honrar,Indicativo,Presente,nosotros,honramos,17,reviewed,
ES,honrar,Indicativo,Presente,vosotros,honráis,17,reviewed,
ES,honrar,Indicativo,Presente,ellos,honran,17,reviewed,
ES,honrar,Indicativo,Futuro,yo,honraré,17,reviewed,
ES,honrar,Indicativo,Futuro,tú,honrarás,17,reviewed,
ES,honrar,Indicativo,Futuro,él,honrará,17,reviewed,
ES,honrar,Indicativo,Futuro,nosotros,honraremos,17,reviewed,
ES,honrar,Indicativo,Futuro,vosotros,honraréis,17,reviewed,
ES,honrar,Indicativo,Futuro,ellos,honrarán,17,reviewed,
ES,honrar,Indicativo,Pretérito perfecto compuesto,yo,he honrado,17,reviewed,
ES,honrar,Indicativo,Pretérito perfecto compuesto,tú,has honrado,17,reviewed,
ES,honrar,Indicativo,Pretérito perfecto compuesto,él,ha honrado,17,reviewed,
ES,honrar,Indicativo,Pretérito perfecto compuesto,nosotros,hemos honrado,17,reviewed,
ES,honrar,Indicativo,Pretérito perfecto compuesto,vosotros,habéis honrado,17,reviewed,
ES,honrar,Indicativo,Pretérito perfecto compuesto,ellos,han honrado,17,reviewed,
ES,honrar,Indicativo,Pretérito imperfecto,yo,honraba,17,reviewed,
ES,honrar,Indicativo,Pretérito imperfecto,tú,honrabas,17,reviewed,
ES,honrar,Indicativo,Pretérito imperfecto,él,honraba,17,reviewed,
ES,honrar,Indicativo,Pretérito imperfecto,nosotros,honrábamos,17,reviewed,
ES,honrar,Indicativo,Pretérito imperfecto,vosotros,honrabais,17,reviewed,
ES,honrar,Indicativo,Pretérito imperfecto,ellos,honraban,17,reviewed,
ES,honrar,Condicional,Condicional,yo,honraría,17,reviewed,
ES,honrar,Condicional,Condicional,tú,honrarías,17,reviewed,
ES,honrar,Condicional,Condicional,él,honraría,17,reviewed,
ES,honrar,Condicional,Condicional,nosotros,honraríamos,17,reviewed,
ES,honrar,Condicional,Condicional,vosotros,honraríais,17,reviewed,
ES,honrar,Condicional,Condicional,ellos,honrarían,17,reviewed,
ES,honrar,Imperativo,Imperativo,yo,-,17,reviewed,Spanish has no standard first-person singular imperative; placeholder - used
ES,honrar,Imperativo,Imperativo,tú,honra,17,reviewed,
ES,honrar,Imperativo,Imperativo,él,honre,17,reviewed,
ES,honrar,Imperativo,Imperativo,nosotros,honremos,17,reviewed,
ES,honrar,Imperativo,Imperativo,vosotros,honrad,17,reviewed,
ES,honrar,Imperativo,Imperativo,ellos,honren,17,reviewed,
ES,honrar,Indicativo,Futuro perfecto,yo,habré honrado,17,reviewed,
ES,honrar,Indicativo,Futuro perfecto,tú,habrás honrado,17,reviewed,
ES,honrar,Indicativo,Futuro perfecto,él,habrá honrado,17,reviewed,
ES,honrar,Indicativo,Futuro perfecto,nosotros,habremos honrado,17,reviewed,
ES,honrar,Indicativo,Futuro perfecto,vosotros,habréis honrado,17,reviewed,
ES,honrar,Indicativo,Futuro perfecto,ellos,habrán honrado,17,reviewed,
ES,honrar,Subjuntivo,Subjuntivo presente,yo,honre,17,reviewed,
ES,honrar,Subjuntivo,Subjuntivo presente,tú,honres,17,reviewed,
ES,honrar,Subjuntivo,Subjuntivo presente,él,honre,17,reviewed,
ES,honrar,Subjuntivo,Subjuntivo presente,nosotros,honremos,17,reviewed,
ES,honrar,Subjuntivo,Subjuntivo presente,vosotros,honréis,17,reviewed,
ES,honrar,Subjuntivo,Subjuntivo presente,ellos,honren,17,reviewed,
ES,honrar,Indicativo,Pretérito perfecto simple,yo,honré,17,reviewed,
ES,honrar,Indicativo,Pretérito perfecto simple,tú,honraste,17,reviewed,
ES,honrar,Indicativo,Pretérito perfecto simple,él,honró,17,reviewed,
ES,honrar,Indicativo,Pretérito perfecto simple,nosotros,honramos,17,reviewed,
ES,honrar,Indicativo,Pretérito perfecto simple,vosotros,honrasteis,17,reviewed,
ES,honrar,Indicativo,Pretérito perfecto simple,ellos,honraron,17,reviewed,
ES,honrar,Indicativo,Pretérito pluscuamperfecto,yo,había honrado,17,reviewed,
ES,honrar,Indicativo,Pretérito pluscuamperfecto,tú,habías honrado,17,reviewed,
ES,honrar,Indicativo,Pretérito pluscuamperfecto,él,había honrado,17,reviewed,
ES,honrar,Indicativo,Pretérito pluscuamperfecto,nosotros,habíamos honrado,17,reviewed,
ES,honrar,Indicativo,Pretérito pluscuamperfecto,vosotros,habíais honrado,17,reviewed,
ES,honrar,Indicativo,Pretérito pluscuamperfecto,ellos,habían honrado,17,reviewed,
ES,felicitar,Indicativo,Presente,yo,felicito,17,reviewed,
ES,felicitar,Indicativo,Presente,tú,felicitas,17,reviewed,
ES,felicitar,Indicativo,Presente,él,felicita,17,reviewed,
ES,felicitar,Indicativo,Presente,nosotros,felicitamos,17,reviewed,
ES,felicitar,Indicativo,Presente,vosotros,felicitáis,17,reviewed,
ES,felicitar,Indicativo,Presente,ellos,felicitan,17,reviewed,
ES,felicitar,Indicativo,Futuro,yo,felicitaré,17,reviewed,
ES,felicitar,Indicativo,Futuro,tú,felicitarás,17,reviewed,
ES,felicitar,Indicativo,Futuro,él,felicitará,17,reviewed,
ES,felicitar,Indicativo,Futuro,nosotros,felicitaremos,17,reviewed,
ES,felicitar,Indicativo,Futuro,vosotros,felicitaréis,17,reviewed,
ES,felicitar,Indicativo,Futuro,ellos,felicitarán,17,reviewed,
ES,felicitar,Indicativo,Pretérito perfecto compuesto,yo,he felicitado,17,reviewed,
ES,felicitar,Indicativo,Pretérito perfecto compuesto,tú,has felicitado,17,reviewed,
ES,felicitar,Indicativo,Pretérito perfecto compuesto,él,ha felicitado,17,reviewed,
ES,felicitar,Indicativo,Pretérito perfecto compuesto,nosotros,hemos felicitado,17,reviewed,
ES,felicitar,Indicativo,Pretérito perfecto compuesto,vosotros,habéis felicitado,17,reviewed,
ES,felicitar,Indicativo,Pretérito perfecto compuesto,ellos,han felicitado,17,reviewed,
ES,felicitar,Indicativo,Pretérito imperfecto,yo,felicitaba,17,reviewed,
ES,felicitar,Indicativo,Pretérito imperfecto,tú,felicitabas,17,reviewed,
ES,felicitar,Indicativo,Pretérito imperfecto,él,felicitaba,17,reviewed,
ES,felicitar,Indicativo,Pretérito imperfecto,nosotros,felicitábamos,17,reviewed,
ES,felicitar,Indicativo,Pretérito imperfecto,vosotros,felicitabais,17,reviewed,
ES,felicitar,Indicativo,Pretérito imperfecto,ellos,felicitaban,17,reviewed,
ES,felicitar,Condicional,Condicional,yo,felicitaría,17,reviewed,
ES,felicitar,Condicional,Condicional,tú,felicitarías,17,reviewed,
ES,felicitar,Condicional,Condicional,él,felicitaría,17,reviewed,
ES,felicitar,Condicional,Condicional,nosotros,felicitaríamos,17,reviewed,
ES,felicitar,Condicional,Condicional,vosotros,felicitaríais,17,reviewed,
ES,felicitar,Condicional,Condicional,ellos,felicitarían,17,reviewed,
ES,felicitar,Imperativo,Imperativo,yo,-,17,reviewed,Spanish has no standard first-person singular imperative; placeholder - used
ES,felicitar,Imperativo,Imperativo,tú,felicita,17,reviewed,
ES,felicitar,Imperativo,Imperativo,él,felicite,17,reviewed,
ES,felicitar,Imperativo,Imperativo,nosotros,felicitemos,17,reviewed,
ES,felicitar,Imperativo,Imperativo,vosotros,felicitad,17,reviewed,
ES,felicitar,Imperativo,Imperativo,ellos,feliciten,17,reviewed,
ES,felicitar,Indicativo,Futuro perfecto,yo,habré felicitado,17,reviewed,
ES,felicitar,Indicativo,Futuro perfecto,tú,habrás felicitado,17,reviewed,
ES,felicitar,Indicativo,Futuro perfecto,él,habrá felicitado,17,reviewed,
ES,felicitar,Indicativo,Futuro perfecto,nosotros,habremos felicitado,17,reviewed,
ES,felicitar,Indicativo,Futuro perfecto,vosotros,habréis felicitado,17,reviewed,
ES,felicitar,Indicativo,Futuro perfecto,ellos,habrán felicitado,17,reviewed,
ES,felicitar,Subjuntivo,Subjuntivo presente,yo,felicite,17,reviewed,
ES,felicitar,Subjuntivo,Subjuntivo presente,tú,felicites,17,reviewed,
ES,felicitar,Subjuntivo,Subjuntivo presente,él,felicite,17,reviewed,
ES,felicitar,Subjuntivo,Subjuntivo presente,nosotros,felicitemos,17,reviewed,
ES,felicitar,Subjuntivo,Subjuntivo presente,vosotros,felicitéis,17,reviewed,
ES,felicitar,Subjuntivo,Subjuntivo presente,ellos,feliciten,17,reviewed,
ES,felicitar,Indicativo,Pretérito perfecto simple,yo,felicité,17,reviewed,
ES,felicitar,Indicativo,Pretérito perfecto simple,tú,felicitaste,17,reviewed,
ES,felicitar,Indicativo,Pretérito perfecto simple,él,felicitó,17,reviewed,
ES,felicitar,Indicativo,Pretérito perfecto simple,nosotros,felicitamos,17,reviewed,
ES,felicitar,Indicativo,Pretérito perfecto simple,vosotros,felicitasteis,17,reviewed,
ES,felicitar,Indicativo,Pretérito perfecto simple,ellos,felicitaron,17,reviewed,
ES,felicitar,Indicativo,Pretérito pluscuamperfecto,yo,había felicitado,17,reviewed,
ES,felicitar,Indicativo,Pretérito pluscuamperfecto,tú,habías felicitado,17,reviewed,
ES,felicitar,Indicativo,Pretérito pluscuamperfecto,él,había felicitado,17,reviewed,
ES,felicitar,Indicativo,Pretérito pluscuamperfecto,nosotros,habíamos felicitado,17,reviewed,
ES,felicitar,Indicativo,Pretérito pluscuamperfecto,vosotros,habíais felicitado,17,reviewed,
ES,felicitar,Indicativo,Pretérito pluscuamperfecto,ellos,habían felicitado,17,reviewed,
ES,rodear,Indicativo,Presente,yo,rodeo,17,reviewed,
ES,rodear,Indicativo,Presente,tú,rodeas,17,reviewed,
ES,rodear,Indicativo,Presente,él,rodea,17,reviewed,
ES,rodear,Indicativo,Presente,nosotros,rodeamos,17,reviewed,
ES,rodear,Indicativo,Presente,vosotros,rodeáis,17,reviewed,
ES,rodear,Indicativo,Presente,ellos,rodean,17,reviewed,
ES,rodear,Indicativo,Futuro,yo,rodearé,17,reviewed,
ES,rodear,Indicativo,Futuro,tú,rodearás,17,reviewed,
ES,rodear,Indicativo,Futuro,él,rodeará,17,reviewed,
ES,rodear,Indicativo,Futuro,nosotros,rodearemos,17,reviewed,
ES,rodear,Indicativo,Futuro,vosotros,rodearéis,17,reviewed,
ES,rodear,Indicativo,Futuro,ellos,rodearán,17,reviewed,
ES,rodear,Indicativo,Pretérito perfecto compuesto,yo,he rodeado,17,reviewed,
ES,rodear,Indicativo,Pretérito perfecto compuesto,tú,has rodeado,17,reviewed,
ES,rodear,Indicativo,Pretérito perfecto compuesto,él,ha rodeado,17,reviewed,
ES,rodear,Indicativo,Pretérito perfecto compuesto,nosotros,hemos rodeado,17,reviewed,
ES,rodear,Indicativo,Pretérito perfecto compuesto,vosotros,habéis rodeado,17,reviewed,
ES,rodear,Indicativo,Pretérito perfecto compuesto,ellos,han rodeado,17,reviewed,
ES,rodear,Indicativo,Pretérito imperfecto,yo,rodeaba,17,reviewed,
ES,rodear,Indicativo,Pretérito imperfecto,tú,rodeabas,17,reviewed,
ES,rodear,Indicativo,Pretérito imperfecto,él,rodeaba,17,reviewed,
ES,rodear,Indicativo,Pretérito imperfecto,nosotros,rodeábamos,17,reviewed,
ES,rodear,Indicativo,Pretérito imperfecto,vosotros,rodeabais,17,reviewed,
ES,rodear,Indicativo,Pretérito imperfecto,ellos,rodeaban,17,reviewed,
ES,rodear,Condicional,Condicional,yo,rodearía,17,reviewed,
ES,rodear,Condicional,Condicional,tú,rodearías,17,reviewed,
ES,rodear,Condicional,Condicional,él,rodearía,17,reviewed,
ES,rodear,Condicional,Condicional,nosotros,rodearíamos,17,reviewed,
ES,rodear,Condicional,Condicional,vosotros,rodearíais,17,reviewed,
ES,rodear,Condicional,Condicional,ellos,rodearían,17,reviewed,
ES,rodear,Imperativo,Imperativo,yo,-,17,reviewed,Spanish has no standard first-person singular imperative; placeholder - used
ES,rodear,Imperativo,Imperativo,tú,rodea,17,reviewed,
ES,rodear,Imperativo,Imperativo,él,rodee,17,reviewed,
ES,rodear,Imperativo,Imperativo,nosotros,rodeemos,17,reviewed,
ES,rodear,Imperativo,Imperativo,vosotros,rodead,17,reviewed,
ES,rodear,Imperativo,Imperativo,ellos,rodeen,17,reviewed,
ES,rodear,Indicativo,Futuro perfecto,yo,habré rodeado,17,reviewed,
ES,rodear,Indicativo,Futuro perfecto,tú,habrás rodeado,17,reviewed,
ES,rodear,Indicativo,Futuro perfecto,él,habrá rodeado,17,reviewed,
ES,rodear,Indicativo,Futuro perfecto,nosotros,habremos rodeado,17,reviewed,
ES,rodear,Indicativo,Futuro perfecto,vosotros,habréis rodeado,17,reviewed,
ES,rodear,Indicativo,Futuro perfecto,ellos,habrán rodeado,17,reviewed,
ES,rodear,Subjuntivo,Subjuntivo presente,yo,rodee,17,reviewed,
ES,rodear,Subjuntivo,Subjuntivo presente,tú,rodees,17,reviewed,
ES,rodear,Subjuntivo,Subjuntivo presente,él,rodee,17,reviewed,
ES,rodear,Subjuntivo,Subjuntivo presente,nosotros,rodeemos,17,reviewed,
ES,rodear,Subjuntivo,Subjuntivo presente,vosotros,rodeéis,17,reviewed,
ES,rodear,Subjuntivo,Subjuntivo presente,ellos,rodeen,17,reviewed,
ES,rodear,Indicativo,Pretérito perfecto simple,yo,rodeé,17,reviewed,
ES,rodear,Indicativo,Pretérito perfecto simple,tú,rodeaste,17,reviewed,
ES,rodear,Indicativo,Pretérito perfecto simple,él,rodeó,17,reviewed,
ES,rodear,Indicativo,Pretérito perfecto simple,nosotros,rodeamos,17,reviewed,
ES,rodear,Indicativo,Pretérito perfecto simple,vosotros,rodeasteis,17,reviewed,
ES,rodear,Indicativo,Pretérito perfecto simple,ellos,rodearon,17,reviewed,
ES,rodear,Indicativo,Pretérito pluscuamperfecto,yo,había rodeado,17,reviewed,
ES,rodear,Indicativo,Pretérito pluscuamperfecto,tú,habías rodeado,17,reviewed,
ES,rodear,Indicativo,Pretérito pluscuamperfecto,él,había rodeado,17,reviewed,
ES,rodear,Indicativo,Pretérito pluscuamperfecto,nosotros,habíamos rodeado,17,reviewed,
ES,rodear,Indicativo,Pretérito pluscuamperfecto,vosotros,habíais rodeado,17,reviewed,
ES,rodear,Indicativo,Pretérito pluscuamperfecto,ellos,habían rodeado,17,reviewed,
ES,despojar,Indicativo,Presente,yo,despojo,17,reviewed,
ES,despojar,Indicativo,Presente,tú,despojas,17,reviewed,
ES,despojar,Indicativo,Presente,él,despoja,17,reviewed,
ES,despojar,Indicativo,Presente,nosotros,despojamos,17,reviewed,
ES,despojar,Indicativo,Presente,vosotros,despojáis,17,reviewed,
ES,despojar,Indicativo,Presente,ellos,despojan,17,reviewed,
ES,despojar,Indicativo,Futuro,yo,despojaré,17,reviewed,
ES,despojar,Indicativo,Futuro,tú,despojarás,17,reviewed,
ES,despojar,Indicativo,Futuro,él,despojará,17,reviewed,
ES,despojar,Indicativo,Futuro,nosotros,despojaremos,17,reviewed,
ES,despojar,Indicativo,Futuro,vosotros,despojaréis,17,reviewed,
ES,despojar,Indicativo,Futuro,ellos,despojarán,17,reviewed,
ES,despojar,Indicativo,Pretérito perfecto compuesto,yo,he despojado,17,reviewed,
ES,despojar,Indicativo,Pretérito perfecto compuesto,tú,has despojado,17,reviewed,
ES,despojar,Indicativo,Pretérito perfecto compuesto,él,ha despojado,17,reviewed,
ES,despojar,Indicativo,Pretérito perfecto compuesto,nosotros,hemos despojado,17,reviewed,
ES,despojar,Indicativo,Pretérito perfecto compuesto,vosotros,habéis despojado,17,reviewed,
ES,despojar,Indicativo,Pretérito perfecto compuesto,ellos,han despojado,17,reviewed,
ES,despojar,Indicativo,Pretérito imperfecto,yo,despojaba,17,reviewed,
ES,despojar,Indicativo,Pretérito imperfecto,tú,despojabas,17,reviewed,
ES,despojar,Indicativo,Pretérito imperfecto,él,despojaba,17,reviewed,
ES,despojar,Indicativo,Pretérito imperfecto,nosotros,despojábamos,17,reviewed,
ES,despojar,Indicativo,Pretérito imperfecto,vosotros,despojabais,17,reviewed,
ES,despojar,Indicativo,Pretérito imperfecto,ellos,despojaban,17,reviewed,
ES,despojar,Condicional,Condicional,yo,despojaría,17,reviewed,
ES,despojar,Condicional,Condicional,tú,despojarías,17,reviewed,
ES,despojar,Condicional,Condicional,él,despojaría,17,reviewed,
ES,despojar,Condicional,Condicional,nosotros,despojaríamos,17,reviewed,
ES,despojar,Condicional,Condicional,vosotros,despojaríais,17,reviewed,
ES,despojar,Condicional,Condicional,ellos,despojarían,17,reviewed,
ES,despojar,Imperativo,Imperativo,yo,-,17,reviewed,Spanish has no standard first-person singular imperative; placeholder - used
ES,despojar,Imperativo,Imperativo,tú,despoja,17,reviewed,
ES,despojar,Imperativo,Imperativo,él,despoje,17,reviewed,
ES,despojar,Imperativo,Imperativo,nosotros,despojemos,17,reviewed,
ES,despojar,Imperativo,Imperativo,vosotros,despojad,17,reviewed,
ES,despojar,Imperativo,Imperativo,ellos,despojen,17,reviewed,
ES,despojar,Indicativo,Futuro perfecto,yo,habré despojado,17,reviewed,
ES,despojar,Indicativo,Futuro perfecto,tú,habrás despojado,17,reviewed,
ES,despojar,Indicativo,Futuro perfecto,él,habrá despojado,17,reviewed,
ES,despojar,Indicativo,Futuro perfecto,nosotros,habremos despojado,17,reviewed,
ES,despojar,Indicativo,Futuro perfecto,vosotros,habréis despojado,17,reviewed,
ES,despojar,Indicativo,Futuro perfecto,ellos,habrán despojado,17,reviewed,
ES,despojar,Subjuntivo,Subjuntivo presente,yo,despoje,17,reviewed,
ES,despojar,Subjuntivo,Subjuntivo presente,tú,despojes,17,reviewed,
ES,despojar,Subjuntivo,Subjuntivo presente,él,despoje,17,reviewed,
ES,despojar,Subjuntivo,Subjuntivo presente,nosotros,despojemos,17,reviewed,
ES,despojar,Subjuntivo,Subjuntivo presente,vosotros,despojéis,17,reviewed,
ES,despojar,Subjuntivo,Subjuntivo presente,ellos,despojen,17,reviewed,
ES,despojar,Indicativo,Pretérito perfecto simple,yo,despojé,17,reviewed,
ES,despojar,Indicativo,Pretérito perfecto simple,tú,despojaste,17,reviewed,
ES,despojar,Indicativo,Pretérito perfecto simple,él,despojó,17,reviewed,
ES,despojar,Indicativo,Pretérito perfecto simple,nosotros,despojamos,17,reviewed,
ES,despojar,Indicativo,Pretérito perfecto simple,vosotros,despojasteis,17,reviewed,
ES,despojar,Indicativo,Pretérito perfecto simple,ellos,despojaron,17,reviewed,
ES,despojar,Indicativo,Pretérito pluscuamperfecto,yo,había despojado,17,reviewed,
ES,despojar,Indicativo,Pretérito pluscuamperfecto,tú,habías despojado,17,reviewed,
ES,despojar,Indicativo,Pretérito pluscuamperfecto,él,había despojado,17,reviewed,
ES,despojar,Indicativo,Pretérito pluscuamperfecto,nosotros,habíamos despojado,17,reviewed,
ES,despojar,Indicativo,Pretérito pluscuamperfecto,vosotros,habíais despojado,17,reviewed,
ES,despojar,Indicativo,Pretérito pluscuamperfecto,ellos,habían despojado,17,reviewed,
ES,excitar,Indicativo,Presente,yo,excito,17,reviewed,
ES,excitar,Indicativo,Presente,tú,excitas,17,reviewed,
ES,excitar,Indicativo,Presente,él,excita,17,reviewed,
ES,excitar,Indicativo,Presente,nosotros,excitamos,17,reviewed,
ES,excitar,Indicativo,Presente,vosotros,excitáis,17,reviewed,
ES,excitar,Indicativo,Presente,ellos,excitan,17,reviewed,
ES,excitar,Indicativo,Futuro,yo,excitaré,17,reviewed,
ES,excitar,Indicativo,Futuro,tú,excitarás,17,reviewed,
ES,excitar,Indicativo,Futuro,él,excitará,17,reviewed,
ES,excitar,Indicativo,Futuro,nosotros,excitaremos,17,reviewed,
ES,excitar,Indicativo,Futuro,vosotros,excitaréis,17,reviewed,
ES,excitar,Indicativo,Futuro,ellos,excitarán,17,reviewed,
ES,excitar,Indicativo,Pretérito perfecto compuesto,yo,he excitado,17,reviewed,
ES,excitar,Indicativo,Pretérito perfecto compuesto,tú,has excitado,17,reviewed,
ES,excitar,Indicativo,Pretérito perfecto compuesto,él,ha excitado,17,reviewed,
ES,excitar,Indicativo,Pretérito perfecto compuesto,nosotros,hemos excitado,17,reviewed,
ES,excitar,Indicativo,Pretérito perfecto compuesto,vosotros,habéis excitado,17,reviewed,
ES,excitar,Indicativo,Pretérito perfecto compuesto,ellos,han excitado,17,reviewed,
ES,excitar,Indicativo,Pretérito imperfecto,yo,excitaba,17,reviewed,
ES,excitar,Indicativo,Pretérito imperfecto,tú,excitabas,17,reviewed,
ES,excitar,Indicativo,Pretérito imperfecto,él,excitaba,17,reviewed,
ES,excitar,Indicativo,Pretérito imperfecto,nosotros,excitábamos,17,reviewed,
ES,excitar,Indicativo,Pretérito imperfecto,vosotros,excitabais,17,reviewed,
ES,excitar,Indicativo,Pretérito imperfecto,ellos,excitaban,17,reviewed,
ES,excitar,Condicional,Condicional,yo,excitaría,17,reviewed,
ES,excitar,Condicional,Condicional,tú,excitarías,17,reviewed,
ES,excitar,Condicional,Condicional,él,excitaría,17,reviewed,
ES,excitar,Condicional,Condicional,nosotros,excitaríamos,17,reviewed,
ES,excitar,Condicional,Condicional,vosotros,excitaríais,17,reviewed,
ES,excitar,Condicional,Condicional,ellos,excitarían,17,reviewed,
ES,excitar,Imperativo,Imperativo,yo,-,17,reviewed,Spanish has no standard first-person singular imperative; placeholder - used
ES,excitar,Imperativo,Imperativo,tú,excita,17,reviewed,
ES,excitar,Imperativo,Imperativo,él,excite,17,reviewed,
ES,excitar,Imperativo,Imperativo,nosotros,excitemos,17,reviewed,
ES,excitar,Imperativo,Imperativo,vosotros,excitad,17,reviewed,
ES,excitar,Imperativo,Imperativo,ellos,exciten,17,reviewed,
ES,excitar,Indicativo,Futuro perfecto,yo,habré excitado,17,reviewed,
ES,excitar,Indicativo,Futuro perfecto,tú,habrás excitado,17,reviewed,
ES,excitar,Indicativo,Futuro perfecto,él,habrá excitado,17,reviewed,
ES,excitar,Indicativo,Futuro perfecto,nosotros,habremos excitado,17,reviewed,
ES,excitar,Indicativo,Futuro perfecto,vosotros,habréis excitado,17,reviewed,
ES,excitar,Indicativo,Futuro perfecto,ellos,habrán excitado,17,reviewed,
ES,excitar,Subjuntivo,Subjuntivo presente,yo,excite,17,reviewed,
ES,excitar,Subjuntivo,Subjuntivo presente,tú,excites,17,reviewed,
ES,excitar,Subjuntivo,Subjuntivo presente,él,excite,17,reviewed,
ES,excitar,Subjuntivo,Subjuntivo presente,nosotros,excitemos,17,reviewed,
ES,excitar,Subjuntivo,Subjuntivo presente,vosotros,excitéis,17,reviewed,
ES,excitar,Subjuntivo,Subjuntivo presente,ellos,exciten,17,reviewed,
ES,excitar,Indicativo,Pretérito perfecto simple,yo,excité,17,reviewed,
ES,excitar,Indicativo,Pretérito perfecto simple,tú,excitaste,17,reviewed,
ES,excitar,Indicativo,Pretérito perfecto simple,él,excitó,17,reviewed,
ES,excitar,Indicativo,Pretérito perfecto simple,nosotros,excitamos,17,reviewed,
ES,excitar,Indicativo,Pretérito perfecto simple,vosotros,excitasteis,17,reviewed,
ES,excitar,Indicativo,Pretérito perfecto simple,ellos,excitaron,17,reviewed,
ES,excitar,Indicativo,Pretérito pluscuamperfecto,yo,había excitado,17,reviewed,
ES,excitar,Indicativo,Pretérito pluscuamperfecto,tú,habías excitado,17,reviewed,
ES,excitar,Indicativo,Pretérito pluscuamperfecto,él,había excitado,17,reviewed,
ES,excitar,Indicativo,Pretérito pluscuamperfecto,nosotros,habíamos excitado,17,reviewed,
ES,excitar,Indicativo,Pretérito pluscuamperfecto,vosotros,habíais excitado,17,reviewed,
ES,excitar,Indicativo,Pretérito pluscuamperfecto,ellos,habían excitado,17,reviewed,
ES,entusiasmar,Indicativo,Presente,yo,entusiasmo,17,reviewed,
ES,entusiasmar,Indicativo,Presente,tú,entusiasmas,17,reviewed,
ES,entusiasmar,Indicativo,Presente,él,entusiasma,17,reviewed,
ES,entusiasmar,Indicativo,Presente,nosotros,entusiasmamos,17,reviewed,
ES,entusiasmar,Indicativo,Presente,vosotros,entusiasmáis,17,reviewed,
ES,entusiasmar,Indicativo,Presente,ellos,entusiasman,17,reviewed,
ES,entusiasmar,Indicativo,Futuro,yo,entusiasmaré,17,reviewed,
ES,entusiasmar,Indicativo,Futuro,tú,entusiasmarás,17,reviewed,
ES,entusiasmar,Indicativo,Futuro,él,entusiasmará,17,reviewed,
ES,entusiasmar,Indicativo,Futuro,nosotros,entusiasmaremos,17,reviewed,
ES,entusiasmar,Indicativo,Futuro,vosotros,entusiasmaréis,17,reviewed,
ES,entusiasmar,Indicativo,Futuro,ellos,entusiasmarán,17,reviewed,
ES,entusiasmar,Indicativo,Pretérito perfecto compuesto,yo,he entusiasmado,17,reviewed,
ES,entusiasmar,Indicativo,Pretérito perfecto compuesto,tú,has entusiasmado,17,reviewed,
ES,entusiasmar,Indicativo,Pretérito perfecto compuesto,él,ha entusiasmado,17,reviewed,
ES,entusiasmar,Indicativo,Pretérito perfecto compuesto,nosotros,hemos entusiasmado,17,reviewed,
ES,entusiasmar,Indicativo,Pretérito perfecto compuesto,vosotros,habéis entusiasmado,17,reviewed,
ES,entusiasmar,Indicativo,Pretérito perfecto compuesto,ellos,han entusiasmado,17,reviewed,
ES,entusiasmar,Indicativo,Pretérito imperfecto,yo,entusiasmaba,17,reviewed,
ES,entusiasmar,Indicativo,Pretérito imperfecto,tú,entusiasmabas,17,reviewed,
ES,entusiasmar,Indicativo,Pretérito imperfecto,él,entusiasmaba,17,reviewed,
ES,entusiasmar,Indicativo,Pretérito imperfecto,nosotros,entusiasmábamos,17,reviewed,
ES,entusiasmar,Indicativo,Pretérito imperfecto,vosotros,entusiasmabais,17,reviewed,
ES,entusiasmar,Indicativo,Pretérito imperfecto,ellos,entusiasmaban,17,reviewed,
ES,entusiasmar,Condicional,Condicional,yo,entusiasmaría,17,reviewed,
ES,entusiasmar,Condicional,Condicional,tú,entusiasmarías,17,reviewed,
ES,entusiasmar,Condicional,Condicional,él,entusiasmaría,17,reviewed,
ES,entusiasmar,Condicional,Condicional,nosotros,entusiasmaríamos,17,reviewed,
ES,entusiasmar,Condicional,Condicional,vosotros,entusiasmaríais,17,reviewed,
ES,entusiasmar,Condicional,Condicional,ellos,entusiasmarían,17,reviewed,
ES,entusiasmar,Imperativo,Imperativo,yo,-,17,reviewed,Spanish has no standard first-person singular imperative; placeholder - used
ES,entusiasmar,Imperativo,Imperativo,tú,entusiasma,17,reviewed,
ES,entusiasmar,Imperativo,Imperativo,él,entusiasme,17,reviewed,
ES,entusiasmar,Imperativo,Imperativo,nosotros,entusiasmemos,17,reviewed,
ES,entusiasmar,Imperativo,Imperativo,vosotros,entusiasmad,17,reviewed,
ES,entusiasmar,Imperativo,Imperativo,ellos,entusiasmen,17,reviewed,
ES,entusiasmar,Indicativo,Futuro perfecto,yo,habré entusiasmado,17,reviewed,
ES,entusiasmar,Indicativo,Futuro perfecto,tú,habrás entusiasmado,17,reviewed,
ES,entusiasmar,Indicativo,Futuro perfecto,él,habrá entusiasmado,17,reviewed,
ES,entusiasmar,Indicativo,Futuro perfecto,nosotros,habremos entusiasmado,17,reviewed,
ES,entusiasmar,Indicativo,Futuro perfecto,vosotros,habréis entusiasmado,17,reviewed,
ES,entusiasmar,Indicativo,Futuro perfecto,ellos,habrán entusiasmado,17,reviewed,
ES,entusiasmar,Subjuntivo,Subjuntivo presente,yo,entusiasme,17,reviewed,
ES,entusiasmar,Subjuntivo,Subjuntivo presente,tú,entusiasmes,17,reviewed,
ES,entusiasmar,Subjuntivo,Subjuntivo presente,él,entusiasme,17,reviewed,
ES,entusiasmar,Subjuntivo,Subjuntivo presente,nosotros,entusiasmemos,17,reviewed,
ES,entusiasmar,Subjuntivo,Subjuntivo presente,vosotros,entusiasméis,17,reviewed,
ES,entusiasmar,Subjuntivo,Subjuntivo presente,ellos,entusiasmen,17,reviewed,
ES,entusiasmar,Indicativo,Pretérito perfecto simple,yo,entusiasmé,17,reviewed,
ES,entusiasmar,Indicativo,Pretérito perfecto simple,tú,entusiasmaste,17,reviewed,
ES,entusiasmar,Indicativo,Pretérito perfecto simple,él,entusiasmó,17,reviewed,
ES,entusiasmar,Indicativo,Pretérito perfecto simple,nosotros,entusiasmamos,17,reviewed,
ES,entusiasmar,Indicativo,Pretérito perfecto simple,vosotros,entusiasmasteis,17,reviewed,
ES,entusiasmar,Indicativo,Pretérito perfecto simple,ellos,entusiasmaron,17,reviewed,
ES,entusiasmar,Indicativo,Pretérito pluscuamperfecto,yo,había entusiasmado,17,reviewed,
ES,entusiasmar,Indicativo,Pretérito pluscuamperfecto,tú,habías entusiasmado,17,reviewed,
ES,entusiasmar,Indicativo,Pretérito pluscuamperfecto,él,había entusiasmado,17,reviewed,
ES,entusiasmar,Indicativo,Pretérito pluscuamperfecto,nosotros,habíamos entusiasmado,17,reviewed,
ES,entusiasmar,Indicativo,Pretérito pluscuamperfecto,vosotros,habíais entusiasmado,17,reviewed,
ES,entusiasmar,Indicativo,Pretérito pluscuamperfecto,ellos,habían entusiasmado,17,reviewed,
ES,intentar,Indicativo,Presente,yo,intento,17,reviewed,
ES,intentar,Indicativo,Presente,tú,intentas,17,reviewed,
ES,intentar,Indicativo,Presente,él,intenta,17,reviewed,
ES,intentar,Indicativo,Presente,nosotros,intentamos,17,reviewed,
ES,intentar,Indicativo,Presente,vosotros,intentáis,17,reviewed,
ES,intentar,Indicativo,Presente,ellos,intentan,17,reviewed,
ES,intentar,Indicativo,Futuro,yo,intentaré,17,reviewed,
ES,intentar,Indicativo,Futuro,tú,intentarás,17,reviewed,
ES,intentar,Indicativo,Futuro,él,intentará,17,reviewed,
ES,intentar,Indicativo,Futuro,nosotros,intentaremos,17,reviewed,
ES,intentar,Indicativo,Futuro,vosotros,intentaréis,17,reviewed,
ES,intentar,Indicativo,Futuro,ellos,intentarán,17,reviewed,
ES,intentar,Indicativo,Pretérito perfecto compuesto,yo,he intentado,17,reviewed,
ES,intentar,Indicativo,Pretérito perfecto compuesto,tú,has intentado,17,reviewed,
ES,intentar,Indicativo,Pretérito perfecto compuesto,él,ha intentado,17,reviewed,
ES,intentar,Indicativo,Pretérito perfecto compuesto,nosotros,hemos intentado,17,reviewed,
ES,intentar,Indicativo,Pretérito perfecto compuesto,vosotros,habéis intentado,17,reviewed,
ES,intentar,Indicativo,Pretérito perfecto compuesto,ellos,han intentado,17,reviewed,
ES,intentar,Indicativo,Pretérito imperfecto,yo,intentaba,17,reviewed,
ES,intentar,Indicativo,Pretérito imperfecto,tú,intentabas,17,reviewed,
ES,intentar,Indicativo,Pretérito imperfecto,él,intentaba,17,reviewed,
ES,intentar,Indicativo,Pretérito imperfecto,nosotros,intentábamos,17,reviewed,
ES,intentar,Indicativo,Pretérito imperfecto,vosotros,intentabais,17,reviewed,
ES,intentar,Indicativo,Pretérito imperfecto,ellos,intentaban,17,reviewed,
ES,intentar,Condicional,Condicional,yo,intentaría,17,reviewed,
ES,intentar,Condicional,Condicional,tú,intentarías,17,reviewed,
ES,intentar,Condicional,Condicional,él,intentaría,17,reviewed,
ES,intentar,Condicional,Condicional,nosotros,intentaríamos,17,reviewed,
ES,intentar,Condicional,Condicional,vosotros,intentaríais,17,reviewed,
ES,intentar,Condicional,Condicional,ellos,intentarían,17,reviewed,
ES,intentar,Imperativo,Imperativo,yo,-,17,reviewed,Spanish has no standard first-person singular imperative; placeholder - used
ES,intentar,Imperativo,Imperativo,tú,intenta,17,reviewed,
ES,intentar,Imperativo,Imperativo,él,intente,17,reviewed,
ES,intentar,Imperativo,Imperativo,nosotros,intentemos,17,reviewed,
ES,intentar,Imperativo,Imperativo,vosotros,intentad,17,reviewed,
ES,intentar,Imperativo,Imperativo,ellos,intenten,17,reviewed,
ES,intentar,Indicativo,Futuro perfecto,yo,habré intentado,17,reviewed,
ES,intentar,Indicativo,Futuro perfecto,tú,habrás intentado,17,reviewed,
ES,intentar,Indicativo,Futuro perfecto,él,habrá intentado,17,reviewed,
ES,intentar,Indicativo,Futuro perfecto,nosotros,habremos intentado,17,reviewed,
ES,intentar,Indicativo,Futuro perfecto,vosotros,habréis intentado,17,reviewed,
ES,intentar,Indicativo,Futuro perfecto,ellos,habrán intentado,17,reviewed,
ES,intentar,Subjuntivo,Subjuntivo presente,yo,intente,17,reviewed,
ES,intentar,Subjuntivo,Subjuntivo presente,tú,intentes,17,reviewed,
ES,intentar,Subjuntivo,Subjuntivo presente,él,intente,17,reviewed,
ES,intentar,Subjuntivo,Subjuntivo presente,nosotros,intentemos,17,reviewed,
ES,intentar,Subjuntivo,Subjuntivo presente,vosotros,intentéis,17,reviewed,
ES,intentar,Subjuntivo,Subjuntivo presente,ellos,intenten,17,reviewed,
ES,intentar,Indicativo,Pretérito perfecto simple,yo,intenté,17,reviewed,
ES,intentar,Indicativo,Pretérito perfecto simple,tú,intentaste,17,reviewed,
ES,intentar,Indicativo,Pretérito perfecto simple,él,intentó,17,reviewed,
ES,intentar,Indicativo,Pretérito perfecto simple,nosotros,intentamos,17,reviewed,
ES,intentar,Indicativo,Pretérito perfecto simple,vosotros,intentasteis,17,reviewed,
ES,intentar,Indicativo,Pretérito perfecto simple,ellos,intentaron,17,reviewed,
ES,intentar,Indicativo,Pretérito pluscuamperfecto,yo,había intentado,17,reviewed,
ES,intentar,Indicativo,Pretérito pluscuamperfecto,tú,habías intentado,17,reviewed,
ES,intentar,Indicativo,Pretérito pluscuamperfecto,él,había intentado,17,reviewed,
ES,intentar,Indicativo,Pretérito pluscuamperfecto,nosotros,habíamos intentado,17,reviewed,
ES,intentar,Indicativo,Pretérito pluscuamperfecto,vosotros,habíais intentado,17,reviewed,
ES,intentar,Indicativo,Pretérito pluscuamperfecto,ellos,habían intentado,17,reviewed,
ES,manchar,Indicativo,Presente,yo,mancho,17,reviewed,
ES,manchar,Indicativo,Presente,tú,manchas,17,reviewed,
ES,manchar,Indicativo,Presente,él,mancha,17,reviewed,
ES,manchar,Indicativo,Presente,nosotros,manchamos,17,reviewed,
ES,manchar,Indicativo,Presente,vosotros,mancháis,17,reviewed,
ES,manchar,Indicativo,Presente,ellos,manchan,17,reviewed,
ES,manchar,Indicativo,Futuro,yo,mancharé,17,reviewed,
ES,manchar,Indicativo,Futuro,tú,mancharás,17,reviewed,
ES,manchar,Indicativo,Futuro,él,manchará,17,reviewed,
ES,manchar,Indicativo,Futuro,nosotros,mancharemos,17,reviewed,
ES,manchar,Indicativo,Futuro,vosotros,mancharéis,17,reviewed,
ES,manchar,Indicativo,Futuro,ellos,mancharán,17,reviewed,
ES,manchar,Indicativo,Pretérito perfecto compuesto,yo,he manchado,17,reviewed,
ES,manchar,Indicativo,Pretérito perfecto compuesto,tú,has manchado,17,reviewed,
ES,manchar,Indicativo,Pretérito perfecto compuesto,él,ha manchado,17,reviewed,
ES,manchar,Indicativo,Pretérito perfecto compuesto,nosotros,hemos manchado,17,reviewed,
ES,manchar,Indicativo,Pretérito perfecto compuesto,vosotros,habéis manchado,17,reviewed,
ES,manchar,Indicativo,Pretérito perfecto compuesto,ellos,han manchado,17,reviewed,
ES,manchar,Indicativo,Pretérito imperfecto,yo,manchaba,17,reviewed,
ES,manchar,Indicativo,Pretérito imperfecto,tú,manchabas,17,reviewed,
ES,manchar,Indicativo,Pretérito imperfecto,él,manchaba,17,reviewed,
ES,manchar,Indicativo,Pretérito imperfecto,nosotros,manchábamos,17,reviewed,
ES,manchar,Indicativo,Pretérito imperfecto,vosotros,manchabais,17,reviewed,
ES,manchar,Indicativo,Pretérito imperfecto,ellos,manchaban,17,reviewed,
ES,manchar,Condicional,Condicional,yo,mancharía,17,reviewed,
ES,manchar,Condicional,Condicional,tú,mancharías,17,reviewed,
ES,manchar,Condicional,Condicional,él,mancharía,17,reviewed,
ES,manchar,Condicional,Condicional,nosotros,mancharíamos,17,reviewed,
ES,manchar,Condicional,Condicional,vosotros,mancharíais,17,reviewed,
ES,manchar,Condicional,Condicional,ellos,mancharían,17,reviewed,
ES,manchar,Imperativo,Imperativo,yo,-,17,reviewed,Spanish has no standard first-person singular imperative; placeholder - used
ES,manchar,Imperativo,Imperativo,tú,mancha,17,reviewed,
ES,manchar,Imperativo,Imperativo,él,manche,17,reviewed,
ES,manchar,Imperativo,Imperativo,nosotros,manchemos,17,reviewed,
ES,manchar,Imperativo,Imperativo,vosotros,manchad,17,reviewed,
ES,manchar,Imperativo,Imperativo,ellos,manchen,17,reviewed,
ES,manchar,Indicativo,Futuro perfecto,yo,habré manchado,17,reviewed,
ES,manchar,Indicativo,Futuro perfecto,tú,habrás manchado,17,reviewed,
ES,manchar,Indicativo,Futuro perfecto,él,habrá manchado,17,reviewed,
ES,manchar,Indicativo,Futuro perfecto,nosotros,habremos manchado,17,reviewed,
ES,manchar,Indicativo,Futuro perfecto,vosotros,habréis manchado,17,reviewed,
ES,manchar,Indicativo,Futuro perfecto,ellos,habrán manchado,17,reviewed,
ES,manchar,Subjuntivo,Subjuntivo presente,yo,manche,17,reviewed,
ES,manchar,Subjuntivo,Subjuntivo presente,tú,manches,17,reviewed,
ES,manchar,Subjuntivo,Subjuntivo presente,él,manche,17,reviewed,
ES,manchar,Subjuntivo,Subjuntivo presente,nosotros,manchemos,17,reviewed,
ES,manchar,Subjuntivo,Subjuntivo presente,vosotros,manchéis,17,reviewed,
ES,manchar,Subjuntivo,Subjuntivo presente,ellos,manchen,17,reviewed,
ES,manchar,Indicativo,Pretérito perfecto simple,yo,manché,17,reviewed,
ES,manchar,Indicativo,Pretérito perfecto simple,tú,manchaste,17,reviewed,
ES,manchar,Indicativo,Pretérito perfecto simple,él,manchó,17,reviewed,
ES,manchar,Indicativo,Pretérito perfecto simple,nosotros,manchamos,17,reviewed,
ES,manchar,Indicativo,Pretérito perfecto simple,vosotros,manchasteis,17,reviewed,
ES,manchar,Indicativo,Pretérito perfecto simple,ellos,mancharon,17,reviewed,
ES,manchar,Indicativo,Pretérito pluscuamperfecto,yo,había manchado,17,reviewed,
ES,manchar,Indicativo,Pretérito pluscuamperfecto,tú,habías manchado,17,reviewed,
ES,manchar,Indicativo,Pretérito pluscuamperfecto,él,había manchado,17,reviewed,
ES,manchar,Indicativo,Pretérito pluscuamperfecto,nosotros,habíamos manchado,17,reviewed,
ES,manchar,Indicativo,Pretérito pluscuamperfecto,vosotros,habíais manchado,17,reviewed,
ES,manchar,Indicativo,Pretérito pluscuamperfecto,ellos,habían manchado,17,reviewed,
ES,llover,Indicativo,Presente,yo,-,17,reviewed,mostly impersonal verb; placeholder - used for unsupported persons and imperative slots; placeholder - used for unsupported impersonal slot
ES,llover,Indicativo,Presente,tú,-,17,reviewed,mostly impersonal verb; placeholder - used for unsupported persons and imperative slots; placeholder - used for unsupported impersonal slot
ES,llover,Indicativo,Presente,él,llueve,17,reviewed,mostly impersonal verb; placeholder - used for unsupported persons and imperative slots
ES,llover,Indicativo,Presente,nosotros,-,17,reviewed,mostly impersonal verb; placeholder - used for unsupported persons and imperative slots; placeholder - used for unsupported impersonal slot
ES,llover,Indicativo,Presente,vosotros,-,17,reviewed,mostly impersonal verb; placeholder - used for unsupported persons and imperative slots; placeholder - used for unsupported impersonal slot
ES,llover,Indicativo,Presente,ellos,llueven,17,reviewed,mostly impersonal verb; placeholder - used for unsupported persons and imperative slots
ES,llover,Indicativo,Futuro,yo,-,17,reviewed,mostly impersonal verb; placeholder - used for unsupported persons and imperative slots; placeholder - used for unsupported impersonal slot
ES,llover,Indicativo,Futuro,tú,-,17,reviewed,mostly impersonal verb; placeholder - used for unsupported persons and imperative slots; placeholder - used for unsupported impersonal slot
ES,llover,Indicativo,Futuro,él,lloverá,17,reviewed,mostly impersonal verb; placeholder - used for unsupported persons and imperative slots
ES,llover,Indicativo,Futuro,nosotros,-,17,reviewed,mostly impersonal verb; placeholder - used for unsupported persons and imperative slots; placeholder - used for unsupported impersonal slot
ES,llover,Indicativo,Futuro,vosotros,-,17,reviewed,mostly impersonal verb; placeholder - used for unsupported persons and imperative slots; placeholder - used for unsupported impersonal slot
ES,llover,Indicativo,Futuro,ellos,lloverán,17,reviewed,mostly impersonal verb; placeholder - used for unsupported persons and imperative slots
ES,llover,Indicativo,Pretérito perfecto compuesto,yo,-,17,reviewed,mostly impersonal verb; placeholder - used for unsupported persons and imperative slots; placeholder - used for unsupported impersonal slot
ES,llover,Indicativo,Pretérito perfecto compuesto,tú,-,17,reviewed,mostly impersonal verb; placeholder - used for unsupported persons and imperative slots; placeholder - used for unsupported impersonal slot
ES,llover,Indicativo,Pretérito perfecto compuesto,él,ha llovido,17,reviewed,mostly impersonal verb; placeholder - used for unsupported persons and imperative slots
ES,llover,Indicativo,Pretérito perfecto compuesto,nosotros,-,17,reviewed,mostly impersonal verb; placeholder - used for unsupported persons and imperative slots; placeholder - used for unsupported impersonal slot
ES,llover,Indicativo,Pretérito perfecto compuesto,vosotros,-,17,reviewed,mostly impersonal verb; placeholder - used for unsupported persons and imperative slots; placeholder - used for unsupported impersonal slot
ES,llover,Indicativo,Pretérito perfecto compuesto,ellos,han llovido,17,reviewed,mostly impersonal verb; placeholder - used for unsupported persons and imperative slots
ES,llover,Indicativo,Pretérito imperfecto,yo,-,17,reviewed,mostly impersonal verb; placeholder - used for unsupported persons and imperative slots; placeholder - used for unsupported impersonal slot
ES,llover,Indicativo,Pretérito imperfecto,tú,-,17,reviewed,mostly impersonal verb; placeholder - used for unsupported persons and imperative slots; placeholder - used for unsupported impersonal slot
ES,llover,Indicativo,Pretérito imperfecto,él,llovía,17,reviewed,mostly impersonal verb; placeholder - used for unsupported persons and imperative slots
ES,llover,Indicativo,Pretérito imperfecto,nosotros,-,17,reviewed,mostly impersonal verb; placeholder - used for unsupported persons and imperative slots; placeholder - used for unsupported impersonal slot
ES,llover,Indicativo,Pretérito imperfecto,vosotros,-,17,reviewed,mostly impersonal verb; placeholder - used for unsupported persons and imperative slots; placeholder - used for unsupported impersonal slot
ES,llover,Indicativo,Pretérito imperfecto,ellos,llovían,17,reviewed,mostly impersonal verb; placeholder - used for unsupported persons and imperative slots
ES,llover,Condicional,Condicional,yo,-,17,reviewed,mostly impersonal verb; placeholder - used for unsupported persons and imperative slots; placeholder - used for unsupported impersonal slot
ES,llover,Condicional,Condicional,tú,-,17,reviewed,mostly impersonal verb; placeholder - used for unsupported persons and imperative slots; placeholder - used for unsupported impersonal slot
ES,llover,Condicional,Condicional,él,llovería,17,reviewed,mostly impersonal verb; placeholder - used for unsupported persons and imperative slots
ES,llover,Condicional,Condicional,nosotros,-,17,reviewed,mostly impersonal verb; placeholder - used for unsupported persons and imperative slots; placeholder - used for unsupported impersonal slot
ES,llover,Condicional,Condicional,vosotros,-,17,reviewed,mostly impersonal verb; placeholder - used for unsupported persons and imperative slots; placeholder - used for unsupported impersonal slot
ES,llover,Condicional,Condicional,ellos,lloverían,17,reviewed,mostly impersonal verb; placeholder - used for unsupported persons and imperative slots
ES,llover,Imperativo,Imperativo,yo,-,17,reviewed,mostly impersonal verb; placeholder - used for unsupported persons and imperative slots; Spanish has no standard first-person singular imperative; placeholder - used; placeholder - used for unsupported impersonal slot
ES,llover,Imperativo,Imperativo,tú,-,17,reviewed,mostly impersonal verb; placeholder - used for unsupported persons and imperative slots; placeholder - used for unsupported impersonal slot
ES,llover,Imperativo,Imperativo,él,-,17,reviewed,mostly impersonal verb; placeholder - used for unsupported persons and imperative slots; placeholder - used for unsupported impersonal slot
ES,llover,Imperativo,Imperativo,nosotros,-,17,reviewed,mostly impersonal verb; placeholder - used for unsupported persons and imperative slots; placeholder - used for unsupported impersonal slot
ES,llover,Imperativo,Imperativo,vosotros,-,17,reviewed,mostly impersonal verb; placeholder - used for unsupported persons and imperative slots; placeholder - used for unsupported impersonal slot
ES,llover,Imperativo,Imperativo,ellos,-,17,reviewed,mostly impersonal verb; placeholder - used for unsupported persons and imperative slots; placeholder - used for unsupported impersonal slot
ES,llover,Indicativo,Futuro perfecto,yo,-,17,reviewed,mostly impersonal verb; placeholder - used for unsupported persons and imperative slots; placeholder - used for unsupported impersonal slot
ES,llover,Indicativo,Futuro perfecto,tú,-,17,reviewed,mostly impersonal verb; placeholder - used for unsupported persons and imperative slots; placeholder - used for unsupported impersonal slot
ES,llover,Indicativo,Futuro perfecto,él,habrá llovido,17,reviewed,mostly impersonal verb; placeholder - used for unsupported persons and imperative slots
ES,llover,Indicativo,Futuro perfecto,nosotros,-,17,reviewed,mostly impersonal verb; placeholder - used for unsupported persons and imperative slots; placeholder - used for unsupported impersonal slot
ES,llover,Indicativo,Futuro perfecto,vosotros,-,17,reviewed,mostly impersonal verb; placeholder - used for unsupported persons and imperative slots; placeholder - used for unsupported impersonal slot
ES,llover,Indicativo,Futuro perfecto,ellos,habrán llovido,17,reviewed,mostly impersonal verb; placeholder - used for unsupported persons and imperative slots
ES,llover,Subjuntivo,Subjuntivo presente,yo,-,17,reviewed,mostly impersonal verb; placeholder - used for unsupported persons and imperative slots; placeholder - used for unsupported impersonal slot
ES,llover,Subjuntivo,Subjuntivo presente,tú,-,17,reviewed,mostly impersonal verb; placeholder - used for unsupported persons and imperative slots; placeholder - used for unsupported impersonal slot
ES,llover,Subjuntivo,Subjuntivo presente,él,llueva,17,reviewed,mostly impersonal verb; placeholder - used for unsupported persons and imperative slots
ES,llover,Subjuntivo,Subjuntivo presente,nosotros,-,17,reviewed,mostly impersonal verb; placeholder - used for unsupported persons and imperative slots; placeholder - used for unsupported impersonal slot
ES,llover,Subjuntivo,Subjuntivo presente,vosotros,-,17,reviewed,mostly impersonal verb; placeholder - used for unsupported persons and imperative slots; placeholder - used for unsupported impersonal slot
ES,llover,Subjuntivo,Subjuntivo presente,ellos,lluevan,17,reviewed,mostly impersonal verb; placeholder - used for unsupported persons and imperative slots
ES,llover,Indicativo,Pretérito perfecto simple,yo,-,17,reviewed,mostly impersonal verb; placeholder - used for unsupported persons and imperative slots; placeholder - used for unsupported impersonal slot
ES,llover,Indicativo,Pretérito perfecto simple,tú,-,17,reviewed,mostly impersonal verb; placeholder - used for unsupported persons and imperative slots; placeholder - used for unsupported impersonal slot
ES,llover,Indicativo,Pretérito perfecto simple,él,llovió,17,reviewed,mostly impersonal verb; placeholder - used for unsupported persons and imperative slots
ES,llover,Indicativo,Pretérito perfecto simple,nosotros,-,17,reviewed,mostly impersonal verb; placeholder - used for unsupported persons and imperative slots; placeholder - used for unsupported impersonal slot
ES,llover,Indicativo,Pretérito perfecto simple,vosotros,-,17,reviewed,mostly impersonal verb; placeholder - used for unsupported persons and imperative slots; placeholder - used for unsupported impersonal slot
ES,llover,Indicativo,Pretérito perfecto simple,ellos,llovieron,17,reviewed,mostly impersonal verb; placeholder - used for unsupported persons and imperative slots
ES,llover,Indicativo,Pretérito pluscuamperfecto,yo,-,17,reviewed,mostly impersonal verb; placeholder - used for unsupported persons and imperative slots; placeholder - used for unsupported impersonal slot
ES,llover,Indicativo,Pretérito pluscuamperfecto,tú,-,17,reviewed,mostly impersonal verb; placeholder - used for unsupported persons and imperative slots; placeholder - used for unsupported impersonal slot
ES,llover,Indicativo,Pretérito pluscuamperfecto,él,había llovido,17,reviewed,mostly impersonal verb; placeholder - used for unsupported persons and imperative slots
ES,llover,Indicativo,Pretérito pluscuamperfecto,nosotros,-,17,reviewed,mostly impersonal verb; placeholder - used for unsupported persons and imperative slots; placeholder - used for unsupported impersonal slot
ES,llover,Indicativo,Pretérito pluscuamperfecto,vosotros,-,17,reviewed,mostly impersonal verb; placeholder - used for unsupported persons and imperative slots; placeholder - used for unsupported impersonal slot
ES,llover,Indicativo,Pretérito pluscuamperfecto,ellos,habían llovido,17,reviewed,mostly impersonal verb; placeholder - used for unsupported persons and imperative slots
ES,insertar,Indicativo,Presente,yo,inserto,17,reviewed,
ES,insertar,Indicativo,Presente,tú,insertas,17,reviewed,
ES,insertar,Indicativo,Presente,él,inserta,17,reviewed,
ES,insertar,Indicativo,Presente,nosotros,insertamos,17,reviewed,
ES,insertar,Indicativo,Presente,vosotros,insertáis,17,reviewed,
ES,insertar,Indicativo,Presente,ellos,insertan,17,reviewed,
ES,insertar,Indicativo,Futuro,yo,insertaré,17,reviewed,
ES,insertar,Indicativo,Futuro,tú,insertarás,17,reviewed,
ES,insertar,Indicativo,Futuro,él,insertará,17,reviewed,
ES,insertar,Indicativo,Futuro,nosotros,insertaremos,17,reviewed,
ES,insertar,Indicativo,Futuro,vosotros,insertaréis,17,reviewed,
ES,insertar,Indicativo,Futuro,ellos,insertarán,17,reviewed,
ES,insertar,Indicativo,Pretérito perfecto compuesto,yo,he insertado,17,reviewed,
ES,insertar,Indicativo,Pretérito perfecto compuesto,tú,has insertado,17,reviewed,
ES,insertar,Indicativo,Pretérito perfecto compuesto,él,ha insertado,17,reviewed,
ES,insertar,Indicativo,Pretérito perfecto compuesto,nosotros,hemos insertado,17,reviewed,
ES,insertar,Indicativo,Pretérito perfecto compuesto,vosotros,habéis insertado,17,reviewed,
ES,insertar,Indicativo,Pretérito perfecto compuesto,ellos,han insertado,17,reviewed,
ES,insertar,Indicativo,Pretérito imperfecto,yo,insertaba,17,reviewed,
ES,insertar,Indicativo,Pretérito imperfecto,tú,insertabas,17,reviewed,
ES,insertar,Indicativo,Pretérito imperfecto,él,insertaba,17,reviewed,
ES,insertar,Indicativo,Pretérito imperfecto,nosotros,insertábamos,17,reviewed,
ES,insertar,Indicativo,Pretérito imperfecto,vosotros,insertabais,17,reviewed,
ES,insertar,Indicativo,Pretérito imperfecto,ellos,insertaban,17,reviewed,
ES,insertar,Condicional,Condicional,yo,insertaría,17,reviewed,
ES,insertar,Condicional,Condicional,tú,insertarías,17,reviewed,
ES,insertar,Condicional,Condicional,él,insertaría,17,reviewed,
ES,insertar,Condicional,Condicional,nosotros,insertaríamos,17,reviewed,
ES,insertar,Condicional,Condicional,vosotros,insertaríais,17,reviewed,
ES,insertar,Condicional,Condicional,ellos,insertarían,17,reviewed,
ES,insertar,Imperativo,Imperativo,yo,-,17,reviewed,Spanish has no standard first-person singular imperative; placeholder - used
ES,insertar,Imperativo,Imperativo,tú,inserta,17,reviewed,
ES,insertar,Imperativo,Imperativo,él,inserte,17,reviewed,
ES,insertar,Imperativo,Imperativo,nosotros,insertemos,17,reviewed,
ES,insertar,Imperativo,Imperativo,vosotros,insertad,17,reviewed,
ES,insertar,Imperativo,Imperativo,ellos,inserten,17,reviewed,
ES,insertar,Indicativo,Futuro perfecto,yo,habré insertado,17,reviewed,
ES,insertar,Indicativo,Futuro perfecto,tú,habrás insertado,17,reviewed,
ES,insertar,Indicativo,Futuro perfecto,él,habrá insertado,17,reviewed,
ES,insertar,Indicativo,Futuro perfecto,nosotros,habremos insertado,17,reviewed,
ES,insertar,Indicativo,Futuro perfecto,vosotros,habréis insertado,17,reviewed,
ES,insertar,Indicativo,Futuro perfecto,ellos,habrán insertado,17,reviewed,
ES,insertar,Subjuntivo,Subjuntivo presente,yo,inserte,17,reviewed,
ES,insertar,Subjuntivo,Subjuntivo presente,tú,insertes,17,reviewed,
ES,insertar,Subjuntivo,Subjuntivo presente,él,inserte,17,reviewed,
ES,insertar,Subjuntivo,Subjuntivo presente,nosotros,insertemos,17,reviewed,
ES,insertar,Subjuntivo,Subjuntivo presente,vosotros,insertéis,17,reviewed,
ES,insertar,Subjuntivo,Subjuntivo presente,ellos,inserten,17,reviewed,
ES,insertar,Indicativo,Pretérito perfecto simple,yo,inserté,17,reviewed,
ES,insertar,Indicativo,Pretérito perfecto simple,tú,insertaste,17,reviewed,
ES,insertar,Indicativo,Pretérito perfecto simple,él,insertó,17,reviewed,
ES,insertar,Indicativo,Pretérito perfecto simple,nosotros,insertamos,17,reviewed,
ES,insertar,Indicativo,Pretérito perfecto simple,vosotros,insertasteis,17,reviewed,
ES,insertar,Indicativo,Pretérito perfecto simple,ellos,insertaron,17,reviewed,
ES,insertar,Indicativo,Pretérito pluscuamperfecto,yo,había insertado,17,reviewed,
ES,insertar,Indicativo,Pretérito pluscuamperfecto,tú,habías insertado,17,reviewed,
ES,insertar,Indicativo,Pretérito pluscuamperfecto,él,había insertado,17,reviewed,
ES,insertar,Indicativo,Pretérito pluscuamperfecto,nosotros,habíamos insertado,17,reviewed,
ES,insertar,Indicativo,Pretérito pluscuamperfecto,vosotros,habíais insertado,17,reviewed,
ES,insertar,Indicativo,Pretérito pluscuamperfecto,ellos,habían insertado,17,reviewed,
ES,acomodar,Indicativo,Presente,yo,acomodo,17,reviewed,
ES,acomodar,Indicativo,Presente,tú,acomodas,17,reviewed,
ES,acomodar,Indicativo,Presente,él,acomoda,17,reviewed,
ES,acomodar,Indicativo,Presente,nosotros,acomodamos,17,reviewed,
ES,acomodar,Indicativo,Presente,vosotros,acomodáis,17,reviewed,
ES,acomodar,Indicativo,Presente,ellos,acomodan,17,reviewed,
ES,acomodar,Indicativo,Futuro,yo,acomodaré,17,reviewed,
ES,acomodar,Indicativo,Futuro,tú,acomodarás,17,reviewed,
ES,acomodar,Indicativo,Futuro,él,acomodará,17,reviewed,
ES,acomodar,Indicativo,Futuro,nosotros,acomodaremos,17,reviewed,
ES,acomodar,Indicativo,Futuro,vosotros,acomodaréis,17,reviewed,
ES,acomodar,Indicativo,Futuro,ellos,acomodarán,17,reviewed,
ES,acomodar,Indicativo,Pretérito perfecto compuesto,yo,he acomodado,17,reviewed,
ES,acomodar,Indicativo,Pretérito perfecto compuesto,tú,has acomodado,17,reviewed,
ES,acomodar,Indicativo,Pretérito perfecto compuesto,él,ha acomodado,17,reviewed,
ES,acomodar,Indicativo,Pretérito perfecto compuesto,nosotros,hemos acomodado,17,reviewed,
ES,acomodar,Indicativo,Pretérito perfecto compuesto,vosotros,habéis acomodado,17,reviewed,
ES,acomodar,Indicativo,Pretérito perfecto compuesto,ellos,han acomodado,17,reviewed,
ES,acomodar,Indicativo,Pretérito imperfecto,yo,acomodaba,17,reviewed,
ES,acomodar,Indicativo,Pretérito imperfecto,tú,acomodabas,17,reviewed,
ES,acomodar,Indicativo,Pretérito imperfecto,él,acomodaba,17,reviewed,
ES,acomodar,Indicativo,Pretérito imperfecto,nosotros,acomodábamos,17,reviewed,
ES,acomodar,Indicativo,Pretérito imperfecto,vosotros,acomodabais,17,reviewed,
ES,acomodar,Indicativo,Pretérito imperfecto,ellos,acomodaban,17,reviewed,
ES,acomodar,Condicional,Condicional,yo,acomodaría,17,reviewed,
ES,acomodar,Condicional,Condicional,tú,acomodarías,17,reviewed,
ES,acomodar,Condicional,Condicional,él,acomodaría,17,reviewed,
ES,acomodar,Condicional,Condicional,nosotros,acomodaríamos,17,reviewed,
ES,acomodar,Condicional,Condicional,vosotros,acomodaríais,17,reviewed,
ES,acomodar,Condicional,Condicional,ellos,acomodarían,17,reviewed,
ES,acomodar,Imperativo,Imperativo,yo,-,17,reviewed,Spanish has no standard first-person singular imperative; placeholder - used
ES,acomodar,Imperativo,Imperativo,tú,acomoda,17,reviewed,
ES,acomodar,Imperativo,Imperativo,él,acomode,17,reviewed,
ES,acomodar,Imperativo,Imperativo,nosotros,acomodemos,17,reviewed,
ES,acomodar,Imperativo,Imperativo,vosotros,acomodad,17,reviewed,
ES,acomodar,Imperativo,Imperativo,ellos,acomoden,17,reviewed,
ES,acomodar,Indicativo,Futuro perfecto,yo,habré acomodado,17,reviewed,
ES,acomodar,Indicativo,Futuro perfecto,tú,habrás acomodado,17,reviewed,
ES,acomodar,Indicativo,Futuro perfecto,él,habrá acomodado,17,reviewed,
ES,acomodar,Indicativo,Futuro perfecto,nosotros,habremos acomodado,17,reviewed,
ES,acomodar,Indicativo,Futuro perfecto,vosotros,habréis acomodado,17,reviewed,
ES,acomodar,Indicativo,Futuro perfecto,ellos,habrán acomodado,17,reviewed,
ES,acomodar,Subjuntivo,Subjuntivo presente,yo,acomode,17,reviewed,
ES,acomodar,Subjuntivo,Subjuntivo presente,tú,acomodes,17,reviewed,
ES,acomodar,Subjuntivo,Subjuntivo presente,él,acomode,17,reviewed,
ES,acomodar,Subjuntivo,Subjuntivo presente,nosotros,acomodemos,17,reviewed,
ES,acomodar,Subjuntivo,Subjuntivo presente,vosotros,acomodéis,17,reviewed,
ES,acomodar,Subjuntivo,Subjuntivo presente,ellos,acomoden,17,reviewed,
ES,acomodar,Indicativo,Pretérito perfecto simple,yo,acomodé,17,reviewed,
ES,acomodar,Indicativo,Pretérito perfecto simple,tú,acomodaste,17,reviewed,
ES,acomodar,Indicativo,Pretérito perfecto simple,él,acomodó,17,reviewed,
ES,acomodar,Indicativo,Pretérito perfecto simple,nosotros,acomodamos,17,reviewed,
ES,acomodar,Indicativo,Pretérito perfecto simple,vosotros,acomodasteis,17,reviewed,
ES,acomodar,Indicativo,Pretérito perfecto simple,ellos,acomodaron,17,reviewed,
ES,acomodar,Indicativo,Pretérito pluscuamperfecto,yo,había acomodado,17,reviewed,
ES,acomodar,Indicativo,Pretérito pluscuamperfecto,tú,habías acomodado,17,reviewed,
ES,acomodar,Indicativo,Pretérito pluscuamperfecto,él,había acomodado,17,reviewed,
ES,acomodar,Indicativo,Pretérito pluscuamperfecto,nosotros,habíamos acomodado,17,reviewed,
ES,acomodar,Indicativo,Pretérito pluscuamperfecto,vosotros,habíais acomodado,17,reviewed,
ES,acomodar,Indicativo,Pretérito pluscuamperfecto,ellos,habían acomodado,17,reviewed,
ES,enumerar,Indicativo,Presente,yo,enumero,17,reviewed,
ES,enumerar,Indicativo,Presente,tú,enumeras,17,reviewed,
ES,enumerar,Indicativo,Presente,él,enumera,17,reviewed,
ES,enumerar,Indicativo,Presente,nosotros,enumeramos,17,reviewed,
ES,enumerar,Indicativo,Presente,vosotros,enumeráis,17,reviewed,
ES,enumerar,Indicativo,Presente,ellos,enumeran,17,reviewed,
ES,enumerar,Indicativo,Futuro,yo,enumeraré,17,reviewed,
ES,enumerar,Indicativo,Futuro,tú,enumerarás,17,reviewed,
ES,enumerar,Indicativo,Futuro,él,enumerará,17,reviewed,
ES,enumerar,Indicativo,Futuro,nosotros,enumeraremos,17,reviewed,
ES,enumerar,Indicativo,Futuro,vosotros,enumeraréis,17,reviewed,
ES,enumerar,Indicativo,Futuro,ellos,enumerarán,17,reviewed,
ES,enumerar,Indicativo,Pretérito perfecto compuesto,yo,he enumerado,17,reviewed,
ES,enumerar,Indicativo,Pretérito perfecto compuesto,tú,has enumerado,17,reviewed,
ES,enumerar,Indicativo,Pretérito perfecto compuesto,él,ha enumerado,17,reviewed,
ES,enumerar,Indicativo,Pretérito perfecto compuesto,nosotros,hemos enumerado,17,reviewed,
ES,enumerar,Indicativo,Pretérito perfecto compuesto,vosotros,habéis enumerado,17,reviewed,
ES,enumerar,Indicativo,Pretérito perfecto compuesto,ellos,han enumerado,17,reviewed,
ES,enumerar,Indicativo,Pretérito imperfecto,yo,enumeraba,17,reviewed,
ES,enumerar,Indicativo,Pretérito imperfecto,tú,enumerabas,17,reviewed,
ES,enumerar,Indicativo,Pretérito imperfecto,él,enumeraba,17,reviewed,
ES,enumerar,Indicativo,Pretérito imperfecto,nosotros,enumerábamos,17,reviewed,
ES,enumerar,Indicativo,Pretérito imperfecto,vosotros,enumerabais,17,reviewed,
ES,enumerar,Indicativo,Pretérito imperfecto,ellos,enumeraban,17,reviewed,
ES,enumerar,Condicional,Condicional,yo,enumeraría,17,reviewed,
ES,enumerar,Condicional,Condicional,tú,enumerarías,17,reviewed,
ES,enumerar,Condicional,Condicional,él,enumeraría,17,reviewed,
ES,enumerar,Condicional,Condicional,nosotros,enumeraríamos,17,reviewed,
ES,enumerar,Condicional,Condicional,vosotros,enumeraríais,17,reviewed,
ES,enumerar,Condicional,Condicional,ellos,enumerarían,17,reviewed,
ES,enumerar,Imperativo,Imperativo,yo,-,17,reviewed,Spanish has no standard first-person singular imperative; placeholder - used
ES,enumerar,Imperativo,Imperativo,tú,enumera,17,reviewed,
ES,enumerar,Imperativo,Imperativo,él,enumere,17,reviewed,
ES,enumerar,Imperativo,Imperativo,nosotros,enumeremos,17,reviewed,
ES,enumerar,Imperativo,Imperativo,vosotros,enumerad,17,reviewed,
ES,enumerar,Imperativo,Imperativo,ellos,enumeren,17,reviewed,
ES,enumerar,Indicativo,Futuro perfecto,yo,habré enumerado,17,reviewed,
ES,enumerar,Indicativo,Futuro perfecto,tú,habrás enumerado,17,reviewed,
ES,enumerar,Indicativo,Futuro perfecto,él,habrá enumerado,17,reviewed,
ES,enumerar,Indicativo,Futuro perfecto,nosotros,habremos enumerado,17,reviewed,
ES,enumerar,Indicativo,Futuro perfecto,vosotros,habréis enumerado,17,reviewed,
ES,enumerar,Indicativo,Futuro perfecto,ellos,habrán enumerado,17,reviewed,
ES,enumerar,Subjuntivo,Subjuntivo presente,yo,enumere,17,reviewed,
ES,enumerar,Subjuntivo,Subjuntivo presente,tú,enumeres,17,reviewed,
ES,enumerar,Subjuntivo,Subjuntivo presente,él,enumere,17,reviewed,
ES,enumerar,Subjuntivo,Subjuntivo presente,nosotros,enumeremos,17,reviewed,
ES,enumerar,Subjuntivo,Subjuntivo presente,vosotros,enumeréis,17,reviewed,
ES,enumerar,Subjuntivo,Subjuntivo presente,ellos,enumeren,17,reviewed,
ES,enumerar,Indicativo,Pretérito perfecto simple,yo,enumeré,17,reviewed,
ES,enumerar,Indicativo,Pretérito perfecto simple,tú,enumeraste,17,reviewed,
ES,enumerar,Indicativo,Pretérito perfecto simple,él,enumeró,17,reviewed,
ES,enumerar,Indicativo,Pretérito perfecto simple,nosotros,enumeramos,17,reviewed,
ES,enumerar,Indicativo,Pretérito perfecto simple,vosotros,enumerasteis,17,reviewed,
ES,enumerar,Indicativo,Pretérito perfecto simple,ellos,enumeraron,17,reviewed,
ES,enumerar,Indicativo,Pretérito pluscuamperfecto,yo,había enumerado,17,reviewed,
ES,enumerar,Indicativo,Pretérito pluscuamperfecto,tú,habías enumerado,17,reviewed,
ES,enumerar,Indicativo,Pretérito pluscuamperfecto,él,había enumerado,17,reviewed,
ES,enumerar,Indicativo,Pretérito pluscuamperfecto,nosotros,habíamos enumerado,17,reviewed,
ES,enumerar,Indicativo,Pretérito pluscuamperfecto,vosotros,habíais enumerado,17,reviewed,
ES,enumerar,Indicativo,Pretérito pluscuamperfecto,ellos,habían enumerado,17,reviewed,
ES,inclinar,Indicativo,Presente,yo,inclino,17,reviewed,
ES,inclinar,Indicativo,Presente,tú,inclinas,17,reviewed,
ES,inclinar,Indicativo,Presente,él,inclina,17,reviewed,
ES,inclinar,Indicativo,Presente,nosotros,inclinamos,17,reviewed,
ES,inclinar,Indicativo,Presente,vosotros,inclináis,17,reviewed,
ES,inclinar,Indicativo,Presente,ellos,inclinan,17,reviewed,
ES,inclinar,Indicativo,Futuro,yo,inclinaré,17,reviewed,
ES,inclinar,Indicativo,Futuro,tú,inclinarás,17,reviewed,
ES,inclinar,Indicativo,Futuro,él,inclinará,17,reviewed,
ES,inclinar,Indicativo,Futuro,nosotros,inclinaremos,17,reviewed,
ES,inclinar,Indicativo,Futuro,vosotros,inclinaréis,17,reviewed,
ES,inclinar,Indicativo,Futuro,ellos,inclinarán,17,reviewed,
ES,inclinar,Indicativo,Pretérito perfecto compuesto,yo,he inclinado,17,reviewed,
ES,inclinar,Indicativo,Pretérito perfecto compuesto,tú,has inclinado,17,reviewed,
ES,inclinar,Indicativo,Pretérito perfecto compuesto,él,ha inclinado,17,reviewed,
ES,inclinar,Indicativo,Pretérito perfecto compuesto,nosotros,hemos inclinado,17,reviewed,
ES,inclinar,Indicativo,Pretérito perfecto compuesto,vosotros,habéis inclinado,17,reviewed,
ES,inclinar,Indicativo,Pretérito perfecto compuesto,ellos,han inclinado,17,reviewed,
ES,inclinar,Indicativo,Pretérito imperfecto,yo,inclinaba,17,reviewed,
ES,inclinar,Indicativo,Pretérito imperfecto,tú,inclinabas,17,reviewed,
ES,inclinar,Indicativo,Pretérito imperfecto,él,inclinaba,17,reviewed,
ES,inclinar,Indicativo,Pretérito imperfecto,nosotros,inclinábamos,17,reviewed,
ES,inclinar,Indicativo,Pretérito imperfecto,vosotros,inclinabais,17,reviewed,
ES,inclinar,Indicativo,Pretérito imperfecto,ellos,inclinaban,17,reviewed,
ES,inclinar,Condicional,Condicional,yo,inclinaría,17,reviewed,
ES,inclinar,Condicional,Condicional,tú,inclinarías,17,reviewed,
ES,inclinar,Condicional,Condicional,él,inclinaría,17,reviewed,
ES,inclinar,Condicional,Condicional,nosotros,inclinaríamos,17,reviewed,
ES,inclinar,Condicional,Condicional,vosotros,inclinaríais,17,reviewed,
ES,inclinar,Condicional,Condicional,ellos,inclinarían,17,reviewed,
ES,inclinar,Imperativo,Imperativo,yo,-,17,reviewed,Spanish has no standard first-person singular imperative; placeholder - used
ES,inclinar,Imperativo,Imperativo,tú,inclina,17,reviewed,
ES,inclinar,Imperativo,Imperativo,él,incline,17,reviewed,
ES,inclinar,Imperativo,Imperativo,nosotros,inclinemos,17,reviewed,
ES,inclinar,Imperativo,Imperativo,vosotros,inclinad,17,reviewed,
ES,inclinar,Imperativo,Imperativo,ellos,inclinen,17,reviewed,
ES,inclinar,Indicativo,Futuro perfecto,yo,habré inclinado,17,reviewed,
ES,inclinar,Indicativo,Futuro perfecto,tú,habrás inclinado,17,reviewed,
ES,inclinar,Indicativo,Futuro perfecto,él,habrá inclinado,17,reviewed,
ES,inclinar,Indicativo,Futuro perfecto,nosotros,habremos inclinado,17,reviewed,
ES,inclinar,Indicativo,Futuro perfecto,vosotros,habréis inclinado,17,reviewed,
ES,inclinar,Indicativo,Futuro perfecto,ellos,habrán inclinado,17,reviewed,
ES,inclinar,Subjuntivo,Subjuntivo presente,yo,incline,17,reviewed,
ES,inclinar,Subjuntivo,Subjuntivo presente,tú,inclines,17,reviewed,
ES,inclinar,Subjuntivo,Subjuntivo presente,él,incline,17,reviewed,
ES,inclinar,Subjuntivo,Subjuntivo presente,nosotros,inclinemos,17,reviewed,
ES,inclinar,Subjuntivo,Subjuntivo presente,vosotros,inclinéis,17,reviewed,
ES,inclinar,Subjuntivo,Subjuntivo presente,ellos,inclinen,17,reviewed,
ES,inclinar,Indicativo,Pretérito perfecto simple,yo,incliné,17,reviewed,
ES,inclinar,Indicativo,Pretérito perfecto simple,tú,inclinaste,17,reviewed,
ES,inclinar,Indicativo,Pretérito perfecto simple,él,inclinó,17,reviewed,
ES,inclinar,Indicativo,Pretérito perfecto simple,nosotros,inclinamos,17,reviewed,
ES,inclinar,Indicativo,Pretérito perfecto simple,vosotros,inclinasteis,17,reviewed,
ES,inclinar,Indicativo,Pretérito perfecto simple,ellos,inclinaron,17,reviewed,
ES,inclinar,Indicativo,Pretérito pluscuamperfecto,yo,había inclinado,17,reviewed,
ES,inclinar,Indicativo,Pretérito pluscuamperfecto,tú,habías inclinado,17,reviewed,
ES,inclinar,Indicativo,Pretérito pluscuamperfecto,él,había inclinado,17,reviewed,
ES,inclinar,Indicativo,Pretérito pluscuamperfecto,nosotros,habíamos inclinado,17,reviewed,
ES,inclinar,Indicativo,Pretérito pluscuamperfecto,vosotros,habíais inclinado,17,reviewed,
ES,inclinar,Indicativo,Pretérito pluscuamperfecto,ellos,habían inclinado,17,reviewed,
ES,convertir,Indicativo,Presente,yo,convierto,17,reviewed,stem-changing -ir paradigm; QA recommended
ES,convertir,Indicativo,Presente,tú,conviertes,17,reviewed,stem-changing -ir paradigm; QA recommended
ES,convertir,Indicativo,Presente,él,convierte,17,reviewed,stem-changing -ir paradigm; QA recommended
ES,convertir,Indicativo,Presente,nosotros,convertimos,17,reviewed,stem-changing -ir paradigm; QA recommended
ES,convertir,Indicativo,Presente,vosotros,convertís,17,reviewed,stem-changing -ir paradigm; QA recommended
ES,convertir,Indicativo,Presente,ellos,convierten,17,reviewed,stem-changing -ir paradigm; QA recommended
ES,convertir,Indicativo,Futuro,yo,convertiré,17,reviewed,stem-changing -ir paradigm; QA recommended
ES,convertir,Indicativo,Futuro,tú,convertirás,17,reviewed,stem-changing -ir paradigm; QA recommended
ES,convertir,Indicativo,Futuro,él,convertirá,17,reviewed,stem-changing -ir paradigm; QA recommended
ES,convertir,Indicativo,Futuro,nosotros,convertiremos,17,reviewed,stem-changing -ir paradigm; QA recommended
ES,convertir,Indicativo,Futuro,vosotros,convertiréis,17,reviewed,stem-changing -ir paradigm; QA recommended
ES,convertir,Indicativo,Futuro,ellos,convertirán,17,reviewed,stem-changing -ir paradigm; QA recommended
ES,convertir,Indicativo,Pretérito perfecto compuesto,yo,he convertido,17,reviewed,stem-changing -ir paradigm; QA recommended
ES,convertir,Indicativo,Pretérito perfecto compuesto,tú,has convertido,17,reviewed,stem-changing -ir paradigm; QA recommended
ES,convertir,Indicativo,Pretérito perfecto compuesto,él,ha convertido,17,reviewed,stem-changing -ir paradigm; QA recommended
ES,convertir,Indicativo,Pretérito perfecto compuesto,nosotros,hemos convertido,17,reviewed,stem-changing -ir paradigm; QA recommended
ES,convertir,Indicativo,Pretérito perfecto compuesto,vosotros,habéis convertido,17,reviewed,stem-changing -ir paradigm; QA recommended
ES,convertir,Indicativo,Pretérito perfecto compuesto,ellos,han convertido,17,reviewed,stem-changing -ir paradigm; QA recommended
ES,convertir,Indicativo,Pretérito imperfecto,yo,convertía,17,reviewed,stem-changing -ir paradigm; QA recommended
ES,convertir,Indicativo,Pretérito imperfecto,tú,convertías,17,reviewed,stem-changing -ir paradigm; QA recommended
ES,convertir,Indicativo,Pretérito imperfecto,él,convertía,17,reviewed,stem-changing -ir paradigm; QA recommended
ES,convertir,Indicativo,Pretérito imperfecto,nosotros,convertíamos,17,reviewed,stem-changing -ir paradigm; QA recommended
ES,convertir,Indicativo,Pretérito imperfecto,vosotros,convertíais,17,reviewed,stem-changing -ir paradigm; QA recommended
ES,convertir,Indicativo,Pretérito imperfecto,ellos,convertían,17,reviewed,stem-changing -ir paradigm; QA recommended
ES,convertir,Condicional,Condicional,yo,convertiría,17,reviewed,stem-changing -ir paradigm; QA recommended
ES,convertir,Condicional,Condicional,tú,convertirías,17,reviewed,stem-changing -ir paradigm; QA recommended
ES,convertir,Condicional,Condicional,él,convertiría,17,reviewed,stem-changing -ir paradigm; QA recommended
ES,convertir,Condicional,Condicional,nosotros,convertiríamos,17,reviewed,stem-changing -ir paradigm; QA recommended
ES,convertir,Condicional,Condicional,vosotros,convertiríais,17,reviewed,stem-changing -ir paradigm; QA recommended
ES,convertir,Condicional,Condicional,ellos,convertirían,17,reviewed,stem-changing -ir paradigm; QA recommended
ES,convertir,Imperativo,Imperativo,yo,-,17,reviewed,stem-changing -ir paradigm; QA recommended; Spanish has no standard first-person singular imperative; placeholder - used
ES,convertir,Imperativo,Imperativo,tú,convierte,17,reviewed,stem-changing -ir paradigm; QA recommended
ES,convertir,Imperativo,Imperativo,él,convierta,17,reviewed,stem-changing -ir paradigm; QA recommended
ES,convertir,Imperativo,Imperativo,nosotros,convirtamos,17,reviewed,stem-changing -ir paradigm; QA recommended
ES,convertir,Imperativo,Imperativo,vosotros,convertid,17,reviewed,stem-changing -ir paradigm; QA recommended
ES,convertir,Imperativo,Imperativo,ellos,conviertan,17,reviewed,stem-changing -ir paradigm; QA recommended
ES,convertir,Indicativo,Futuro perfecto,yo,habré convertido,17,reviewed,stem-changing -ir paradigm; QA recommended
ES,convertir,Indicativo,Futuro perfecto,tú,habrás convertido,17,reviewed,stem-changing -ir paradigm; QA recommended
ES,convertir,Indicativo,Futuro perfecto,él,habrá convertido,17,reviewed,stem-changing -ir paradigm; QA recommended
ES,convertir,Indicativo,Futuro perfecto,nosotros,habremos convertido,17,reviewed,stem-changing -ir paradigm; QA recommended
ES,convertir,Indicativo,Futuro perfecto,vosotros,habréis convertido,17,reviewed,stem-changing -ir paradigm; QA recommended
ES,convertir,Indicativo,Futuro perfecto,ellos,habrán convertido,17,reviewed,stem-changing -ir paradigm; QA recommended
ES,convertir,Subjuntivo,Subjuntivo presente,yo,convierta,17,reviewed,stem-changing -ir paradigm; QA recommended
ES,convertir,Subjuntivo,Subjuntivo presente,tú,conviertas,17,reviewed,stem-changing -ir paradigm; QA recommended
ES,convertir,Subjuntivo,Subjuntivo presente,él,convierta,17,reviewed,stem-changing -ir paradigm; QA recommended
ES,convertir,Subjuntivo,Subjuntivo presente,nosotros,convirtamos,17,reviewed,stem-changing -ir paradigm; QA recommended
ES,convertir,Subjuntivo,Subjuntivo presente,vosotros,convirtáis,17,reviewed,stem-changing -ir paradigm; QA recommended
ES,convertir,Subjuntivo,Subjuntivo presente,ellos,conviertan,17,reviewed,stem-changing -ir paradigm; QA recommended
ES,convertir,Indicativo,Pretérito perfecto simple,yo,convertí,17,reviewed,stem-changing -ir paradigm; QA recommended
ES,convertir,Indicativo,Pretérito perfecto simple,tú,convertiste,17,reviewed,stem-changing -ir paradigm; QA recommended
ES,convertir,Indicativo,Pretérito perfecto simple,él,convirtió,17,reviewed,stem-changing -ir paradigm; QA recommended
ES,convertir,Indicativo,Pretérito perfecto simple,nosotros,convertimos,17,reviewed,stem-changing -ir paradigm; QA recommended
ES,convertir,Indicativo,Pretérito perfecto simple,vosotros,convertisteis,17,reviewed,stem-changing -ir paradigm; QA recommended
ES,convertir,Indicativo,Pretérito perfecto simple,ellos,convirtieron,17,reviewed,stem-changing -ir paradigm; QA recommended
ES,convertir,Indicativo,Pretérito pluscuamperfecto,yo,había convertido,17,reviewed,stem-changing -ir paradigm; QA recommended
ES,convertir,Indicativo,Pretérito pluscuamperfecto,tú,habías convertido,17,reviewed,stem-changing -ir paradigm; QA recommended
ES,convertir,Indicativo,Pretérito pluscuamperfecto,él,había convertido,17,reviewed,stem-changing -ir paradigm; QA recommended
ES,convertir,Indicativo,Pretérito pluscuamperfecto,nosotros,habíamos convertido,17,reviewed,stem-changing -ir paradigm; QA recommended
ES,convertir,Indicativo,Pretérito pluscuamperfecto,vosotros,habíais convertido,17,reviewed,stem-changing -ir paradigm; QA recommended
ES,convertir,Indicativo,Pretérito pluscuamperfecto,ellos,habían convertido,17,reviewed,stem-changing -ir paradigm; QA recommended
ES,explotar,Indicativo,Presente,yo,exploto,17,reviewed,
ES,explotar,Indicativo,Presente,tú,explotas,17,reviewed,
ES,explotar,Indicativo,Presente,él,explota,17,reviewed,
ES,explotar,Indicativo,Presente,nosotros,explotamos,17,reviewed,
ES,explotar,Indicativo,Presente,vosotros,explotáis,17,reviewed,
ES,explotar,Indicativo,Presente,ellos,explotan,17,reviewed,
ES,explotar,Indicativo,Futuro,yo,explotaré,17,reviewed,
ES,explotar,Indicativo,Futuro,tú,explotarás,17,reviewed,
ES,explotar,Indicativo,Futuro,él,explotará,17,reviewed,
ES,explotar,Indicativo,Futuro,nosotros,explotaremos,17,reviewed,
ES,explotar,Indicativo,Futuro,vosotros,explotaréis,17,reviewed,
ES,explotar,Indicativo,Futuro,ellos,explotarán,17,reviewed,
ES,explotar,Indicativo,Pretérito perfecto compuesto,yo,he explotado,17,reviewed,
ES,explotar,Indicativo,Pretérito perfecto compuesto,tú,has explotado,17,reviewed,
ES,explotar,Indicativo,Pretérito perfecto compuesto,él,ha explotado,17,reviewed,
ES,explotar,Indicativo,Pretérito perfecto compuesto,nosotros,hemos explotado,17,reviewed,
ES,explotar,Indicativo,Pretérito perfecto compuesto,vosotros,habéis explotado,17,reviewed,
ES,explotar,Indicativo,Pretérito perfecto compuesto,ellos,han explotado,17,reviewed,
ES,explotar,Indicativo,Pretérito imperfecto,yo,explotaba,17,reviewed,
ES,explotar,Indicativo,Pretérito imperfecto,tú,explotabas,17,reviewed,
ES,explotar,Indicativo,Pretérito imperfecto,él,explotaba,17,reviewed,
ES,explotar,Indicativo,Pretérito imperfecto,nosotros,explotábamos,17,reviewed,
ES,explotar,Indicativo,Pretérito imperfecto,vosotros,explotabais,17,reviewed,
ES,explotar,Indicativo,Pretérito imperfecto,ellos,explotaban,17,reviewed,
ES,explotar,Condicional,Condicional,yo,explotaría,17,reviewed,
ES,explotar,Condicional,Condicional,tú,explotarías,17,reviewed,
ES,explotar,Condicional,Condicional,él,explotaría,17,reviewed,
ES,explotar,Condicional,Condicional,nosotros,explotaríamos,17,reviewed,
ES,explotar,Condicional,Condicional,vosotros,explotaríais,17,reviewed,
ES,explotar,Condicional,Condicional,ellos,explotarían,17,reviewed,
ES,explotar,Imperativo,Imperativo,yo,-,17,reviewed,Spanish has no standard first-person singular imperative; placeholder - used
ES,explotar,Imperativo,Imperativo,tú,explota,17,reviewed,
ES,explotar,Imperativo,Imperativo,él,explote,17,reviewed,
ES,explotar,Imperativo,Imperativo,nosotros,explotemos,17,reviewed,
ES,explotar,Imperativo,Imperativo,vosotros,explotad,17,reviewed,
ES,explotar,Imperativo,Imperativo,ellos,exploten,17,reviewed,
ES,explotar,Indicativo,Futuro perfecto,yo,habré explotado,17,reviewed,
ES,explotar,Indicativo,Futuro perfecto,tú,habrás explotado,17,reviewed,
ES,explotar,Indicativo,Futuro perfecto,él,habrá explotado,17,reviewed,
ES,explotar,Indicativo,Futuro perfecto,nosotros,habremos explotado,17,reviewed,
ES,explotar,Indicativo,Futuro perfecto,vosotros,habréis explotado,17,reviewed,
ES,explotar,Indicativo,Futuro perfecto,ellos,habrán explotado,17,reviewed,
ES,explotar,Subjuntivo,Subjuntivo presente,yo,explote,17,reviewed,
ES,explotar,Subjuntivo,Subjuntivo presente,tú,explotes,17,reviewed,
ES,explotar,Subjuntivo,Subjuntivo presente,él,explote,17,reviewed,
ES,explotar,Subjuntivo,Subjuntivo presente,nosotros,explotemos,17,reviewed,
ES,explotar,Subjuntivo,Subjuntivo presente,vosotros,explotéis,17,reviewed,
ES,explotar,Subjuntivo,Subjuntivo presente,ellos,exploten,17,reviewed,
ES,explotar,Indicativo,Pretérito perfecto simple,yo,exploté,17,reviewed,
ES,explotar,Indicativo,Pretérito perfecto simple,tú,explotaste,17,reviewed,
ES,explotar,Indicativo,Pretérito perfecto simple,él,explotó,17,reviewed,
ES,explotar,Indicativo,Pretérito perfecto simple,nosotros,explotamos,17,reviewed,
ES,explotar,Indicativo,Pretérito perfecto simple,vosotros,explotasteis,17,reviewed,
ES,explotar,Indicativo,Pretérito perfecto simple,ellos,explotaron,17,reviewed,
ES,explotar,Indicativo,Pretérito pluscuamperfecto,yo,había explotado,17,reviewed,
ES,explotar,Indicativo,Pretérito pluscuamperfecto,tú,habías explotado,17,reviewed,
ES,explotar,Indicativo,Pretérito pluscuamperfecto,él,había explotado,17,reviewed,
ES,explotar,Indicativo,Pretérito pluscuamperfecto,nosotros,habíamos explotado,17,reviewed,
ES,explotar,Indicativo,Pretérito pluscuamperfecto,vosotros,habíais explotado,17,reviewed,
ES,explotar,Indicativo,Pretérito pluscuamperfecto,ellos,habían explotado,17,reviewed,
ES,repetir,Indicativo,Presente,yo,repito,17,reviewed,stem-changing -ir paradigm; QA recommended
ES,repetir,Indicativo,Presente,tú,repites,17,reviewed,stem-changing -ir paradigm; QA recommended
ES,repetir,Indicativo,Presente,él,repite,17,reviewed,stem-changing -ir paradigm; QA recommended
ES,repetir,Indicativo,Presente,nosotros,repetimos,17,reviewed,stem-changing -ir paradigm; QA recommended
ES,repetir,Indicativo,Presente,vosotros,repetís,17,reviewed,stem-changing -ir paradigm; QA recommended
ES,repetir,Indicativo,Presente,ellos,repiten,17,reviewed,stem-changing -ir paradigm; QA recommended
ES,repetir,Indicativo,Futuro,yo,repetiré,17,reviewed,stem-changing -ir paradigm; QA recommended
ES,repetir,Indicativo,Futuro,tú,repetirás,17,reviewed,stem-changing -ir paradigm; QA recommended
ES,repetir,Indicativo,Futuro,él,repetirá,17,reviewed,stem-changing -ir paradigm; QA recommended
ES,repetir,Indicativo,Futuro,nosotros,repetiremos,17,reviewed,stem-changing -ir paradigm; QA recommended
ES,repetir,Indicativo,Futuro,vosotros,repetiréis,17,reviewed,stem-changing -ir paradigm; QA recommended
ES,repetir,Indicativo,Futuro,ellos,repetirán,17,reviewed,stem-changing -ir paradigm; QA recommended
ES,repetir,Indicativo,Pretérito perfecto compuesto,yo,he repetido,17,reviewed,stem-changing -ir paradigm; QA recommended
ES,repetir,Indicativo,Pretérito perfecto compuesto,tú,has repetido,17,reviewed,stem-changing -ir paradigm; QA recommended
ES,repetir,Indicativo,Pretérito perfecto compuesto,él,ha repetido,17,reviewed,stem-changing -ir paradigm; QA recommended
ES,repetir,Indicativo,Pretérito perfecto compuesto,nosotros,hemos repetido,17,reviewed,stem-changing -ir paradigm; QA recommended
ES,repetir,Indicativo,Pretérito perfecto compuesto,vosotros,habéis repetido,17,reviewed,stem-changing -ir paradigm; QA recommended
ES,repetir,Indicativo,Pretérito perfecto compuesto,ellos,han repetido,17,reviewed,stem-changing -ir paradigm; QA recommended
ES,repetir,Indicativo,Pretérito imperfecto,yo,repetía,17,reviewed,stem-changing -ir paradigm; QA recommended
ES,repetir,Indicativo,Pretérito imperfecto,tú,repetías,17,reviewed,stem-changing -ir paradigm; QA recommended
ES,repetir,Indicativo,Pretérito imperfecto,él,repetía,17,reviewed,stem-changing -ir paradigm; QA recommended
ES,repetir,Indicativo,Pretérito imperfecto,nosotros,repetíamos,17,reviewed,stem-changing -ir paradigm; QA recommended
ES,repetir,Indicativo,Pretérito imperfecto,vosotros,repetíais,17,reviewed,stem-changing -ir paradigm; QA recommended
ES,repetir,Indicativo,Pretérito imperfecto,ellos,repetían,17,reviewed,stem-changing -ir paradigm; QA recommended
ES,repetir,Condicional,Condicional,yo,repetiría,17,reviewed,stem-changing -ir paradigm; QA recommended
ES,repetir,Condicional,Condicional,tú,repetirías,17,reviewed,stem-changing -ir paradigm; QA recommended
ES,repetir,Condicional,Condicional,él,repetiría,17,reviewed,stem-changing -ir paradigm; QA recommended
ES,repetir,Condicional,Condicional,nosotros,repetiríamos,17,reviewed,stem-changing -ir paradigm; QA recommended
ES,repetir,Condicional,Condicional,vosotros,repetiríais,17,reviewed,stem-changing -ir paradigm; QA recommended
ES,repetir,Condicional,Condicional,ellos,repetirían,17,reviewed,stem-changing -ir paradigm; QA recommended
ES,repetir,Imperativo,Imperativo,yo,-,17,reviewed,stem-changing -ir paradigm; QA recommended; Spanish has no standard first-person singular imperative; placeholder - used
ES,repetir,Imperativo,Imperativo,tú,repite,17,reviewed,stem-changing -ir paradigm; QA recommended
ES,repetir,Imperativo,Imperativo,él,repita,17,reviewed,stem-changing -ir paradigm; QA recommended
ES,repetir,Imperativo,Imperativo,nosotros,repitamos,17,reviewed,stem-changing -ir paradigm; QA recommended
ES,repetir,Imperativo,Imperativo,vosotros,repetid,17,reviewed,stem-changing -ir paradigm; QA recommended
ES,repetir,Imperativo,Imperativo,ellos,repitan,17,reviewed,stem-changing -ir paradigm; QA recommended
ES,repetir,Indicativo,Futuro perfecto,yo,habré repetido,17,reviewed,stem-changing -ir paradigm; QA recommended
ES,repetir,Indicativo,Futuro perfecto,tú,habrás repetido,17,reviewed,stem-changing -ir paradigm; QA recommended
ES,repetir,Indicativo,Futuro perfecto,él,habrá repetido,17,reviewed,stem-changing -ir paradigm; QA recommended
ES,repetir,Indicativo,Futuro perfecto,nosotros,habremos repetido,17,reviewed,stem-changing -ir paradigm; QA recommended
ES,repetir,Indicativo,Futuro perfecto,vosotros,habréis repetido,17,reviewed,stem-changing -ir paradigm; QA recommended
ES,repetir,Indicativo,Futuro perfecto,ellos,habrán repetido,17,reviewed,stem-changing -ir paradigm; QA recommended
ES,repetir,Subjuntivo,Subjuntivo presente,yo,repita,17,reviewed,stem-changing -ir paradigm; QA recommended
ES,repetir,Subjuntivo,Subjuntivo presente,tú,repitas,17,reviewed,stem-changing -ir paradigm; QA recommended
ES,repetir,Subjuntivo,Subjuntivo presente,él,repita,17,reviewed,stem-changing -ir paradigm; QA recommended
ES,repetir,Subjuntivo,Subjuntivo presente,nosotros,repitamos,17,reviewed,stem-changing -ir paradigm; QA recommended
ES,repetir,Subjuntivo,Subjuntivo presente,vosotros,repitáis,17,reviewed,stem-changing -ir paradigm; QA recommended
ES,repetir,Subjuntivo,Subjuntivo presente,ellos,repitan,17,reviewed,stem-changing -ir paradigm; QA recommended
ES,repetir,Indicativo,Pretérito perfecto simple,yo,repetí,17,reviewed,stem-changing -ir paradigm; QA recommended
ES,repetir,Indicativo,Pretérito perfecto simple,tú,repetiste,17,reviewed,stem-changing -ir paradigm; QA recommended
ES,repetir,Indicativo,Pretérito perfecto simple,él,repitió,17,reviewed,stem-changing -ir paradigm; QA recommended
ES,repetir,Indicativo,Pretérito perfecto simple,nosotros,repetimos,17,reviewed,stem-changing -ir paradigm; QA recommended
ES,repetir,Indicativo,Pretérito perfecto simple,vosotros,repetisteis,17,reviewed,stem-changing -ir paradigm; QA recommended
ES,repetir,Indicativo,Pretérito perfecto simple,ellos,repitieron,17,reviewed,stem-changing -ir paradigm; QA recommended
ES,repetir,Indicativo,Pretérito pluscuamperfecto,yo,había repetido,17,reviewed,stem-changing -ir paradigm; QA recommended
ES,repetir,Indicativo,Pretérito pluscuamperfecto,tú,habías repetido,17,reviewed,stem-changing -ir paradigm; QA recommended
ES,repetir,Indicativo,Pretérito pluscuamperfecto,él,había repetido,17,reviewed,stem-changing -ir paradigm; QA recommended
ES,repetir,Indicativo,Pretérito pluscuamperfecto,nosotros,habíamos repetido,17,reviewed,stem-changing -ir paradigm; QA recommended
ES,repetir,Indicativo,Pretérito pluscuamperfecto,vosotros,habíais repetido,17,reviewed,stem-changing -ir paradigm; QA recommended
ES,repetir,Indicativo,Pretérito pluscuamperfecto,ellos,habían repetido,17,reviewed,stem-changing -ir paradigm; QA recommended
ES,volver a decir,Indicativo,Presente,yo,vuelvo a decir,17,reviewed,multiword entry; only volver is conjugated
ES,volver a decir,Indicativo,Presente,tú,vuelves a decir,17,reviewed,multiword entry; only volver is conjugated
ES,volver a decir,Indicativo,Presente,él,vuelve a decir,17,reviewed,multiword entry; only volver is conjugated
ES,volver a decir,Indicativo,Presente,nosotros,volvemos a decir,17,reviewed,multiword entry; only volver is conjugated
ES,volver a decir,Indicativo,Presente,vosotros,volvéis a decir,17,reviewed,multiword entry; only volver is conjugated
ES,volver a decir,Indicativo,Presente,ellos,vuelven a decir,17,reviewed,multiword entry; only volver is conjugated
ES,volver a decir,Indicativo,Futuro,yo,volveré a decir,17,reviewed,multiword entry; only volver is conjugated
ES,volver a decir,Indicativo,Futuro,tú,volverás a decir,17,reviewed,multiword entry; only volver is conjugated
ES,volver a decir,Indicativo,Futuro,él,volverá a decir,17,reviewed,multiword entry; only volver is conjugated
ES,volver a decir,Indicativo,Futuro,nosotros,volveremos a decir,17,reviewed,multiword entry; only volver is conjugated
ES,volver a decir,Indicativo,Futuro,vosotros,volveréis a decir,17,reviewed,multiword entry; only volver is conjugated
ES,volver a decir,Indicativo,Futuro,ellos,volverán a decir,17,reviewed,multiword entry; only volver is conjugated
ES,volver a decir,Indicativo,Pretérito perfecto compuesto,yo,he vuelto a decir,17,reviewed,multiword entry; only volver is conjugated
ES,volver a decir,Indicativo,Pretérito perfecto compuesto,tú,has vuelto a decir,17,reviewed,multiword entry; only volver is conjugated
ES,volver a decir,Indicativo,Pretérito perfecto compuesto,él,ha vuelto a decir,17,reviewed,multiword entry; only volver is conjugated
ES,volver a decir,Indicativo,Pretérito perfecto compuesto,nosotros,hemos vuelto a decir,17,reviewed,multiword entry; only volver is conjugated
ES,volver a decir,Indicativo,Pretérito perfecto compuesto,vosotros,habéis vuelto a decir,17,reviewed,multiword entry; only volver is conjugated
ES,volver a decir,Indicativo,Pretérito perfecto compuesto,ellos,han vuelto a decir,17,reviewed,multiword entry; only volver is conjugated
ES,volver a decir,Indicativo,Pretérito imperfecto,yo,volvía a decir,17,reviewed,multiword entry; only volver is conjugated
ES,volver a decir,Indicativo,Pretérito imperfecto,tú,volvías a decir,17,reviewed,multiword entry; only volver is conjugated
ES,volver a decir,Indicativo,Pretérito imperfecto,él,volvía a decir,17,reviewed,multiword entry; only volver is conjugated
ES,volver a decir,Indicativo,Pretérito imperfecto,nosotros,volvíamos a decir,17,reviewed,multiword entry; only volver is conjugated
ES,volver a decir,Indicativo,Pretérito imperfecto,vosotros,volvíais a decir,17,reviewed,multiword entry; only volver is conjugated
ES,volver a decir,Indicativo,Pretérito imperfecto,ellos,volvían a decir,17,reviewed,multiword entry; only volver is conjugated
ES,volver a decir,Condicional,Condicional,yo,volvería a decir,17,reviewed,multiword entry; only volver is conjugated
ES,volver a decir,Condicional,Condicional,tú,volverías a decir,17,reviewed,multiword entry; only volver is conjugated
ES,volver a decir,Condicional,Condicional,él,volvería a decir,17,reviewed,multiword entry; only volver is conjugated
ES,volver a decir,Condicional,Condicional,nosotros,volveríamos a decir,17,reviewed,multiword entry; only volver is conjugated
ES,volver a decir,Condicional,Condicional,vosotros,volveríais a decir,17,reviewed,multiword entry; only volver is conjugated
ES,volver a decir,Condicional,Condicional,ellos,volverían a decir,17,reviewed,multiword entry; only volver is conjugated
ES,volver a decir,Imperativo,Imperativo,yo,-,17,reviewed,multiword entry; only volver is conjugated; Spanish has no standard first-person singular imperative; placeholder - used
ES,volver a decir,Imperativo,Imperativo,tú,vuelve a decir,17,reviewed,multiword entry; only volver is conjugated
ES,volver a decir,Imperativo,Imperativo,él,vuelva a decir,17,reviewed,multiword entry; only volver is conjugated
ES,volver a decir,Imperativo,Imperativo,nosotros,volvamos a decir,17,reviewed,multiword entry; only volver is conjugated
ES,volver a decir,Imperativo,Imperativo,vosotros,volved a decir,17,reviewed,multiword entry; only volver is conjugated
ES,volver a decir,Imperativo,Imperativo,ellos,vuelvan a decir,17,reviewed,multiword entry; only volver is conjugated
ES,volver a decir,Indicativo,Futuro perfecto,yo,habré vuelto a decir,17,reviewed,multiword entry; only volver is conjugated
ES,volver a decir,Indicativo,Futuro perfecto,tú,habrás vuelto a decir,17,reviewed,multiword entry; only volver is conjugated
ES,volver a decir,Indicativo,Futuro perfecto,él,habrá vuelto a decir,17,reviewed,multiword entry; only volver is conjugated
ES,volver a decir,Indicativo,Futuro perfecto,nosotros,habremos vuelto a decir,17,reviewed,multiword entry; only volver is conjugated
ES,volver a decir,Indicativo,Futuro perfecto,vosotros,habréis vuelto a decir,17,reviewed,multiword entry; only volver is conjugated
ES,volver a decir,Indicativo,Futuro perfecto,ellos,habrán vuelto a decir,17,reviewed,multiword entry; only volver is conjugated
ES,volver a decir,Subjuntivo,Subjuntivo presente,yo,vuelva a decir,17,reviewed,multiword entry; only volver is conjugated
ES,volver a decir,Subjuntivo,Subjuntivo presente,tú,vuelvas a decir,17,reviewed,multiword entry; only volver is conjugated
ES,volver a decir,Subjuntivo,Subjuntivo presente,él,vuelva a decir,17,reviewed,multiword entry; only volver is conjugated
ES,volver a decir,Subjuntivo,Subjuntivo presente,nosotros,volvamos a decir,17,reviewed,multiword entry; only volver is conjugated
ES,volver a decir,Subjuntivo,Subjuntivo presente,vosotros,volváis a decir,17,reviewed,multiword entry; only volver is conjugated
ES,volver a decir,Subjuntivo,Subjuntivo presente,ellos,vuelvan a decir,17,reviewed,multiword entry; only volver is conjugated
ES,volver a decir,Indicativo,Pretérito perfecto simple,yo,volví a decir,17,reviewed,multiword entry; only volver is conjugated
ES,volver a decir,Indicativo,Pretérito perfecto simple,tú,volviste a decir,17,reviewed,multiword entry; only volver is conjugated
ES,volver a decir,Indicativo,Pretérito perfecto simple,él,volvió a decir,17,reviewed,multiword entry; only volver is conjugated
ES,volver a decir,Indicativo,Pretérito perfecto simple,nosotros,volvimos a decir,17,reviewed,multiword entry; only volver is conjugated
ES,volver a decir,Indicativo,Pretérito perfecto simple,vosotros,volvisteis a decir,17,reviewed,multiword entry; only volver is conjugated
ES,volver a decir,Indicativo,Pretérito perfecto simple,ellos,volvieron a decir,17,reviewed,multiword entry; only volver is conjugated
ES,volver a decir,Indicativo,Pretérito pluscuamperfecto,yo,había vuelto a decir,17,reviewed,multiword entry; only volver is conjugated
ES,volver a decir,Indicativo,Pretérito pluscuamperfecto,tú,habías vuelto a decir,17,reviewed,multiword entry; only volver is conjugated
ES,volver a decir,Indicativo,Pretérito pluscuamperfecto,él,había vuelto a decir,17,reviewed,multiword entry; only volver is conjugated
ES,volver a decir,Indicativo,Pretérito pluscuamperfecto,nosotros,habíamos vuelto a decir,17,reviewed,multiword entry; only volver is conjugated
ES,volver a decir,Indicativo,Pretérito pluscuamperfecto,vosotros,habíais vuelto a decir,17,reviewed,multiword entry; only volver is conjugated
ES,volver a decir,Indicativo,Pretérito pluscuamperfecto,ellos,habían vuelto a decir,17,reviewed,multiword entry; only volver is conjugated
ES,desconocer,Indicativo,Presente,yo,desconozco,17,reviewed,first-person singular desconozco; QA recommended
ES,desconocer,Indicativo,Presente,tú,desconoces,17,reviewed,first-person singular desconozco; QA recommended
ES,desconocer,Indicativo,Presente,él,desconoce,17,reviewed,first-person singular desconozco; QA recommended
ES,desconocer,Indicativo,Presente,nosotros,desconocemos,17,reviewed,first-person singular desconozco; QA recommended
ES,desconocer,Indicativo,Presente,vosotros,desconocéis,17,reviewed,first-person singular desconozco; QA recommended
ES,desconocer,Indicativo,Presente,ellos,desconocen,17,reviewed,first-person singular desconozco; QA recommended
ES,desconocer,Indicativo,Futuro,yo,desconoceré,17,reviewed,first-person singular desconozco; QA recommended
ES,desconocer,Indicativo,Futuro,tú,desconocerás,17,reviewed,first-person singular desconozco; QA recommended
ES,desconocer,Indicativo,Futuro,él,desconocerá,17,reviewed,first-person singular desconozco; QA recommended
ES,desconocer,Indicativo,Futuro,nosotros,desconoceremos,17,reviewed,first-person singular desconozco; QA recommended
ES,desconocer,Indicativo,Futuro,vosotros,desconoceréis,17,reviewed,first-person singular desconozco; QA recommended
ES,desconocer,Indicativo,Futuro,ellos,desconocerán,17,reviewed,first-person singular desconozco; QA recommended
ES,desconocer,Indicativo,Pretérito perfecto compuesto,yo,he desconocido,17,reviewed,first-person singular desconozco; QA recommended
ES,desconocer,Indicativo,Pretérito perfecto compuesto,tú,has desconocido,17,reviewed,first-person singular desconozco; QA recommended
ES,desconocer,Indicativo,Pretérito perfecto compuesto,él,ha desconocido,17,reviewed,first-person singular desconozco; QA recommended
ES,desconocer,Indicativo,Pretérito perfecto compuesto,nosotros,hemos desconocido,17,reviewed,first-person singular desconozco; QA recommended
ES,desconocer,Indicativo,Pretérito perfecto compuesto,vosotros,habéis desconocido,17,reviewed,first-person singular desconozco; QA recommended
ES,desconocer,Indicativo,Pretérito perfecto compuesto,ellos,han desconocido,17,reviewed,first-person singular desconozco; QA recommended
ES,desconocer,Indicativo,Pretérito imperfecto,yo,desconocía,17,reviewed,first-person singular desconozco; QA recommended
ES,desconocer,Indicativo,Pretérito imperfecto,tú,desconocías,17,reviewed,first-person singular desconozco; QA recommended
ES,desconocer,Indicativo,Pretérito imperfecto,él,desconocía,17,reviewed,first-person singular desconozco; QA recommended
ES,desconocer,Indicativo,Pretérito imperfecto,nosotros,desconocíamos,17,reviewed,first-person singular desconozco; QA recommended
ES,desconocer,Indicativo,Pretérito imperfecto,vosotros,desconocíais,17,reviewed,first-person singular desconozco; QA recommended
ES,desconocer,Indicativo,Pretérito imperfecto,ellos,desconocían,17,reviewed,first-person singular desconozco; QA recommended
ES,desconocer,Condicional,Condicional,yo,desconocería,17,reviewed,first-person singular desconozco; QA recommended
ES,desconocer,Condicional,Condicional,tú,desconocerías,17,reviewed,first-person singular desconozco; QA recommended
ES,desconocer,Condicional,Condicional,él,desconocería,17,reviewed,first-person singular desconozco; QA recommended
ES,desconocer,Condicional,Condicional,nosotros,desconoceríamos,17,reviewed,first-person singular desconozco; QA recommended
ES,desconocer,Condicional,Condicional,vosotros,desconoceríais,17,reviewed,first-person singular desconozco; QA recommended
ES,desconocer,Condicional,Condicional,ellos,desconocerían,17,reviewed,first-person singular desconozco; QA recommended
ES,desconocer,Imperativo,Imperativo,yo,-,17,reviewed,first-person singular desconozco; QA recommended; Spanish has no standard first-person singular imperative; placeholder - used
ES,desconocer,Imperativo,Imperativo,tú,desconoce,17,reviewed,first-person singular desconozco; QA recommended
ES,desconocer,Imperativo,Imperativo,él,desconozca,17,reviewed,first-person singular desconozco; QA recommended
ES,desconocer,Imperativo,Imperativo,nosotros,desconozcamos,17,reviewed,first-person singular desconozco; QA recommended
ES,desconocer,Imperativo,Imperativo,vosotros,desconoced,17,reviewed,first-person singular desconozco; QA recommended
ES,desconocer,Imperativo,Imperativo,ellos,desconozcan,17,reviewed,first-person singular desconozco; QA recommended
ES,desconocer,Indicativo,Futuro perfecto,yo,habré desconocido,17,reviewed,first-person singular desconozco; QA recommended
ES,desconocer,Indicativo,Futuro perfecto,tú,habrás desconocido,17,reviewed,first-person singular desconozco; QA recommended
ES,desconocer,Indicativo,Futuro perfecto,él,habrá desconocido,17,reviewed,first-person singular desconozco; QA recommended
ES,desconocer,Indicativo,Futuro perfecto,nosotros,habremos desconocido,17,reviewed,first-person singular desconozco; QA recommended
ES,desconocer,Indicativo,Futuro perfecto,vosotros,habréis desconocido,17,reviewed,first-person singular desconozco; QA recommended
ES,desconocer,Indicativo,Futuro perfecto,ellos,habrán desconocido,17,reviewed,first-person singular desconozco; QA recommended
ES,desconocer,Subjuntivo,Subjuntivo presente,yo,desconozca,17,reviewed,first-person singular desconozco; QA recommended
ES,desconocer,Subjuntivo,Subjuntivo presente,tú,desconozcas,17,reviewed,first-person singular desconozco; QA recommended
ES,desconocer,Subjuntivo,Subjuntivo presente,él,desconozca,17,reviewed,first-person singular desconozco; QA recommended
ES,desconocer,Subjuntivo,Subjuntivo presente,nosotros,desconozcamos,17,reviewed,first-person singular desconozco; QA recommended
ES,desconocer,Subjuntivo,Subjuntivo presente,vosotros,desconozcáis,17,reviewed,first-person singular desconozco; QA recommended
ES,desconocer,Subjuntivo,Subjuntivo presente,ellos,desconozcan,17,reviewed,first-person singular desconozco; QA recommended
ES,desconocer,Indicativo,Pretérito perfecto simple,yo,desconocí,17,reviewed,first-person singular desconozco; QA recommended
ES,desconocer,Indicativo,Pretérito perfecto simple,tú,desconociste,17,reviewed,first-person singular desconozco; QA recommended
ES,desconocer,Indicativo,Pretérito perfecto simple,él,desconoció,17,reviewed,first-person singular desconozco; QA recommended
ES,desconocer,Indicativo,Pretérito perfecto simple,nosotros,desconocimos,17,reviewed,first-person singular desconozco; QA recommended
ES,desconocer,Indicativo,Pretérito perfecto simple,vosotros,desconocisteis,17,reviewed,first-person singular desconozco; QA recommended
ES,desconocer,Indicativo,Pretérito perfecto simple,ellos,desconocieron,17,reviewed,first-person singular desconozco; QA recommended
ES,desconocer,Indicativo,Pretérito pluscuamperfecto,yo,había desconocido,17,reviewed,first-person singular desconozco; QA recommended
ES,desconocer,Indicativo,Pretérito pluscuamperfecto,tú,habías desconocido,17,reviewed,first-person singular desconozco; QA recommended
ES,desconocer,Indicativo,Pretérito pluscuamperfecto,él,había desconocido,17,reviewed,first-person singular desconozco; QA recommended
ES,desconocer,Indicativo,Pretérito pluscuamperfecto,nosotros,habíamos desconocido,17,reviewed,first-person singular desconozco; QA recommended
ES,desconocer,Indicativo,Pretérito pluscuamperfecto,vosotros,habíais desconocido,17,reviewed,first-person singular desconozco; QA recommended
ES,desconocer,Indicativo,Pretérito pluscuamperfecto,ellos,habían desconocido,17,reviewed,first-person singular desconozco; QA recommended
ES,ignorar,Indicativo,Presente,yo,ignoro,17,reviewed,
ES,ignorar,Indicativo,Presente,tú,ignoras,17,reviewed,
ES,ignorar,Indicativo,Presente,él,ignora,17,reviewed,
ES,ignorar,Indicativo,Presente,nosotros,ignoramos,17,reviewed,
ES,ignorar,Indicativo,Presente,vosotros,ignoráis,17,reviewed,
ES,ignorar,Indicativo,Presente,ellos,ignoran,17,reviewed,
ES,ignorar,Indicativo,Futuro,yo,ignoraré,17,reviewed,
ES,ignorar,Indicativo,Futuro,tú,ignorarás,17,reviewed,
ES,ignorar,Indicativo,Futuro,él,ignorará,17,reviewed,
ES,ignorar,Indicativo,Futuro,nosotros,ignoraremos,17,reviewed,
ES,ignorar,Indicativo,Futuro,vosotros,ignoraréis,17,reviewed,
ES,ignorar,Indicativo,Futuro,ellos,ignorarán,17,reviewed,
ES,ignorar,Indicativo,Pretérito perfecto compuesto,yo,he ignorado,17,reviewed,
ES,ignorar,Indicativo,Pretérito perfecto compuesto,tú,has ignorado,17,reviewed,
ES,ignorar,Indicativo,Pretérito perfecto compuesto,él,ha ignorado,17,reviewed,
ES,ignorar,Indicativo,Pretérito perfecto compuesto,nosotros,hemos ignorado,17,reviewed,
ES,ignorar,Indicativo,Pretérito perfecto compuesto,vosotros,habéis ignorado,17,reviewed,
ES,ignorar,Indicativo,Pretérito perfecto compuesto,ellos,han ignorado,17,reviewed,
ES,ignorar,Indicativo,Pretérito imperfecto,yo,ignoraba,17,reviewed,
ES,ignorar,Indicativo,Pretérito imperfecto,tú,ignorabas,17,reviewed,
ES,ignorar,Indicativo,Pretérito imperfecto,él,ignoraba,17,reviewed,
ES,ignorar,Indicativo,Pretérito imperfecto,nosotros,ignorábamos,17,reviewed,
ES,ignorar,Indicativo,Pretérito imperfecto,vosotros,ignorabais,17,reviewed,
ES,ignorar,Indicativo,Pretérito imperfecto,ellos,ignoraban,17,reviewed,
ES,ignorar,Condicional,Condicional,yo,ignoraría,17,reviewed,
ES,ignorar,Condicional,Condicional,tú,ignorarías,17,reviewed,
ES,ignorar,Condicional,Condicional,él,ignoraría,17,reviewed,
ES,ignorar,Condicional,Condicional,nosotros,ignoraríamos,17,reviewed,
ES,ignorar,Condicional,Condicional,vosotros,ignoraríais,17,reviewed,
ES,ignorar,Condicional,Condicional,ellos,ignorarían,17,reviewed,
ES,ignorar,Imperativo,Imperativo,yo,-,17,reviewed,Spanish has no standard first-person singular imperative; placeholder - used
ES,ignorar,Imperativo,Imperativo,tú,ignora,17,reviewed,
ES,ignorar,Imperativo,Imperativo,él,ignore,17,reviewed,
ES,ignorar,Imperativo,Imperativo,nosotros,ignoremos,17,reviewed,
ES,ignorar,Imperativo,Imperativo,vosotros,ignorad,17,reviewed,
ES,ignorar,Imperativo,Imperativo,ellos,ignoren,17,reviewed,
ES,ignorar,Indicativo,Futuro perfecto,yo,habré ignorado,17,reviewed,
ES,ignorar,Indicativo,Futuro perfecto,tú,habrás ignorado,17,reviewed,
ES,ignorar,Indicativo,Futuro perfecto,él,habrá ignorado,17,reviewed,
ES,ignorar,Indicativo,Futuro perfecto,nosotros,habremos ignorado,17,reviewed,
ES,ignorar,Indicativo,Futuro perfecto,vosotros,habréis ignorado,17,reviewed,
ES,ignorar,Indicativo,Futuro perfecto,ellos,habrán ignorado,17,reviewed,
ES,ignorar,Subjuntivo,Subjuntivo presente,yo,ignore,17,reviewed,
ES,ignorar,Subjuntivo,Subjuntivo presente,tú,ignores,17,reviewed,
ES,ignorar,Subjuntivo,Subjuntivo presente,él,ignore,17,reviewed,
ES,ignorar,Subjuntivo,Subjuntivo presente,nosotros,ignoremos,17,reviewed,
ES,ignorar,Subjuntivo,Subjuntivo presente,vosotros,ignoréis,17,reviewed,
ES,ignorar,Subjuntivo,Subjuntivo presente,ellos,ignoren,17,reviewed,
ES,ignorar,Indicativo,Pretérito perfecto simple,yo,ignoré,17,reviewed,
ES,ignorar,Indicativo,Pretérito perfecto simple,tú,ignoraste,17,reviewed,
ES,ignorar,Indicativo,Pretérito perfecto simple,él,ignoró,17,reviewed,
ES,ignorar,Indicativo,Pretérito perfecto simple,nosotros,ignoramos,17,reviewed,
ES,ignorar,Indicativo,Pretérito perfecto simple,vosotros,ignorasteis,17,reviewed,
ES,ignorar,Indicativo,Pretérito perfecto simple,ellos,ignoraron,17,reviewed,
ES,ignorar,Indicativo,Pretérito pluscuamperfecto,yo,había ignorado,17,reviewed,
ES,ignorar,Indicativo,Pretérito pluscuamperfecto,tú,habías ignorado,17,reviewed,
ES,ignorar,Indicativo,Pretérito pluscuamperfecto,él,había ignorado,17,reviewed,
ES,ignorar,Indicativo,Pretérito pluscuamperfecto,nosotros,habíamos ignorado,17,reviewed,
ES,ignorar,Indicativo,Pretérito pluscuamperfecto,vosotros,habíais ignorado,17,reviewed,
ES,ignorar,Indicativo,Pretérito pluscuamperfecto,ellos,habían ignorado,17,reviewed,
ES,reunir,Indicativo,Presente,yo,reúno,17,reviewed,accent-sensitive paradigm; QA recommended
ES,reunir,Indicativo,Presente,tú,reúnes,17,reviewed,accent-sensitive paradigm; QA recommended
ES,reunir,Indicativo,Presente,él,reúne,17,reviewed,accent-sensitive paradigm; QA recommended
ES,reunir,Indicativo,Presente,nosotros,reunimos,17,reviewed,accent-sensitive paradigm; QA recommended
ES,reunir,Indicativo,Presente,vosotros,reunís,17,reviewed,accent-sensitive paradigm; QA recommended
ES,reunir,Indicativo,Presente,ellos,reúnen,17,reviewed,accent-sensitive paradigm; QA recommended
ES,reunir,Indicativo,Futuro,yo,reuniré,17,reviewed,accent-sensitive paradigm; QA recommended
ES,reunir,Indicativo,Futuro,tú,reunirás,17,reviewed,accent-sensitive paradigm; QA recommended
ES,reunir,Indicativo,Futuro,él,reunirá,17,reviewed,accent-sensitive paradigm; QA recommended
ES,reunir,Indicativo,Futuro,nosotros,reuniremos,17,reviewed,accent-sensitive paradigm; QA recommended
ES,reunir,Indicativo,Futuro,vosotros,reuniréis,17,reviewed,accent-sensitive paradigm; QA recommended
ES,reunir,Indicativo,Futuro,ellos,reunirán,17,reviewed,accent-sensitive paradigm; QA recommended
ES,reunir,Indicativo,Pretérito perfecto compuesto,yo,he reunido,17,reviewed,accent-sensitive paradigm; QA recommended
ES,reunir,Indicativo,Pretérito perfecto compuesto,tú,has reunido,17,reviewed,accent-sensitive paradigm; QA recommended
ES,reunir,Indicativo,Pretérito perfecto compuesto,él,ha reunido,17,reviewed,accent-sensitive paradigm; QA recommended
ES,reunir,Indicativo,Pretérito perfecto compuesto,nosotros,hemos reunido,17,reviewed,accent-sensitive paradigm; QA recommended
ES,reunir,Indicativo,Pretérito perfecto compuesto,vosotros,habéis reunido,17,reviewed,accent-sensitive paradigm; QA recommended
ES,reunir,Indicativo,Pretérito perfecto compuesto,ellos,han reunido,17,reviewed,accent-sensitive paradigm; QA recommended
ES,reunir,Indicativo,Pretérito imperfecto,yo,reunía,17,reviewed,accent-sensitive paradigm; QA recommended
ES,reunir,Indicativo,Pretérito imperfecto,tú,reunías,17,reviewed,accent-sensitive paradigm; QA recommended
ES,reunir,Indicativo,Pretérito imperfecto,él,reunía,17,reviewed,accent-sensitive paradigm; QA recommended
ES,reunir,Indicativo,Pretérito imperfecto,nosotros,reuníamos,17,reviewed,accent-sensitive paradigm; QA recommended
ES,reunir,Indicativo,Pretérito imperfecto,vosotros,reuníais,17,reviewed,accent-sensitive paradigm; QA recommended
ES,reunir,Indicativo,Pretérito imperfecto,ellos,reunían,17,reviewed,accent-sensitive paradigm; QA recommended
ES,reunir,Condicional,Condicional,yo,reuniría,17,reviewed,accent-sensitive paradigm; QA recommended
ES,reunir,Condicional,Condicional,tú,reunirías,17,reviewed,accent-sensitive paradigm; QA recommended
ES,reunir,Condicional,Condicional,él,reuniría,17,reviewed,accent-sensitive paradigm; QA recommended
ES,reunir,Condicional,Condicional,nosotros,reuniríamos,17,reviewed,accent-sensitive paradigm; QA recommended
ES,reunir,Condicional,Condicional,vosotros,reuniríais,17,reviewed,accent-sensitive paradigm; QA recommended
ES,reunir,Condicional,Condicional,ellos,reunirían,17,reviewed,accent-sensitive paradigm; QA recommended
ES,reunir,Imperativo,Imperativo,yo,-,17,reviewed,accent-sensitive paradigm; QA recommended; Spanish has no standard first-person singular imperative; placeholder - used
ES,reunir,Imperativo,Imperativo,tú,reúne,17,reviewed,accent-sensitive paradigm; QA recommended
ES,reunir,Imperativo,Imperativo,él,reúna,17,reviewed,accent-sensitive paradigm; QA recommended
ES,reunir,Imperativo,Imperativo,nosotros,reunamos,17,reviewed,accent-sensitive paradigm; QA recommended
ES,reunir,Imperativo,Imperativo,vosotros,reunid,17,reviewed,accent-sensitive paradigm; QA recommended
ES,reunir,Imperativo,Imperativo,ellos,reúnan,17,reviewed,accent-sensitive paradigm; QA recommended
ES,reunir,Indicativo,Futuro perfecto,yo,habré reunido,17,reviewed,accent-sensitive paradigm; QA recommended
ES,reunir,Indicativo,Futuro perfecto,tú,habrás reunido,17,reviewed,accent-sensitive paradigm; QA recommended
ES,reunir,Indicativo,Futuro perfecto,él,habrá reunido,17,reviewed,accent-sensitive paradigm; QA recommended
ES,reunir,Indicativo,Futuro perfecto,nosotros,habremos reunido,17,reviewed,accent-sensitive paradigm; QA recommended
ES,reunir,Indicativo,Futuro perfecto,vosotros,habréis reunido,17,reviewed,accent-sensitive paradigm; QA recommended
ES,reunir,Indicativo,Futuro perfecto,ellos,habrán reunido,17,reviewed,accent-sensitive paradigm; QA recommended
ES,reunir,Subjuntivo,Subjuntivo presente,yo,reúna,17,reviewed,accent-sensitive paradigm; QA recommended
ES,reunir,Subjuntivo,Subjuntivo presente,tú,reúnas,17,reviewed,accent-sensitive paradigm; QA recommended
ES,reunir,Subjuntivo,Subjuntivo presente,él,reúna,17,reviewed,accent-sensitive paradigm; QA recommended
ES,reunir,Subjuntivo,Subjuntivo presente,nosotros,reunamos,17,reviewed,accent-sensitive paradigm; QA recommended
ES,reunir,Subjuntivo,Subjuntivo presente,vosotros,reunáis,17,reviewed,accent-sensitive paradigm; QA recommended
ES,reunir,Subjuntivo,Subjuntivo presente,ellos,reúnan,17,reviewed,accent-sensitive paradigm; QA recommended
ES,reunir,Indicativo,Pretérito perfecto simple,yo,reuní,17,reviewed,accent-sensitive paradigm; QA recommended
ES,reunir,Indicativo,Pretérito perfecto simple,tú,reuniste,17,reviewed,accent-sensitive paradigm; QA recommended
ES,reunir,Indicativo,Pretérito perfecto simple,él,reunió,17,reviewed,accent-sensitive paradigm; QA recommended
ES,reunir,Indicativo,Pretérito perfecto simple,nosotros,reunimos,17,reviewed,accent-sensitive paradigm; QA recommended
ES,reunir,Indicativo,Pretérito perfecto simple,vosotros,reunisteis,17,reviewed,accent-sensitive paradigm; QA recommended
ES,reunir,Indicativo,Pretérito perfecto simple,ellos,reunieron,17,reviewed,accent-sensitive paradigm; QA recommended
ES,reunir,Indicativo,Pretérito pluscuamperfecto,yo,había reunido,17,reviewed,accent-sensitive paradigm; QA recommended
ES,reunir,Indicativo,Pretérito pluscuamperfecto,tú,habías reunido,17,reviewed,accent-sensitive paradigm; QA recommended
ES,reunir,Indicativo,Pretérito pluscuamperfecto,él,había reunido,17,reviewed,accent-sensitive paradigm; QA recommended
ES,reunir,Indicativo,Pretérito pluscuamperfecto,nosotros,habíamos reunido,17,reviewed,accent-sensitive paradigm; QA recommended
ES,reunir,Indicativo,Pretérito pluscuamperfecto,vosotros,habíais reunido,17,reviewed,accent-sensitive paradigm; QA recommended
ES,reunir,Indicativo,Pretérito pluscuamperfecto,ellos,habían reunido,17,reviewed,accent-sensitive paradigm; QA recommended
ES,anudar,Indicativo,Presente,yo,anudo,17,reviewed,
ES,anudar,Indicativo,Presente,tú,anudas,17,reviewed,
ES,anudar,Indicativo,Presente,él,anuda,17,reviewed,
ES,anudar,Indicativo,Presente,nosotros,anudamos,17,reviewed,
ES,anudar,Indicativo,Presente,vosotros,anudáis,17,reviewed,
ES,anudar,Indicativo,Presente,ellos,anudan,17,reviewed,
ES,anudar,Indicativo,Futuro,yo,anudaré,17,reviewed,
ES,anudar,Indicativo,Futuro,tú,anudarás,17,reviewed,
ES,anudar,Indicativo,Futuro,él,anudará,17,reviewed,
ES,anudar,Indicativo,Futuro,nosotros,anudaremos,17,reviewed,
ES,anudar,Indicativo,Futuro,vosotros,anudaréis,17,reviewed,
ES,anudar,Indicativo,Futuro,ellos,anudarán,17,reviewed,
ES,anudar,Indicativo,Pretérito perfecto compuesto,yo,he anudado,17,reviewed,
ES,anudar,Indicativo,Pretérito perfecto compuesto,tú,has anudado,17,reviewed,
ES,anudar,Indicativo,Pretérito perfecto compuesto,él,ha anudado,17,reviewed,
ES,anudar,Indicativo,Pretérito perfecto compuesto,nosotros,hemos anudado,17,reviewed,
ES,anudar,Indicativo,Pretérito perfecto compuesto,vosotros,habéis anudado,17,reviewed,
ES,anudar,Indicativo,Pretérito perfecto compuesto,ellos,han anudado,17,reviewed,
ES,anudar,Indicativo,Pretérito imperfecto,yo,anudaba,17,reviewed,
ES,anudar,Indicativo,Pretérito imperfecto,tú,anudabas,17,reviewed,
ES,anudar,Indicativo,Pretérito imperfecto,él,anudaba,17,reviewed,
ES,anudar,Indicativo,Pretérito imperfecto,nosotros,anudábamos,17,reviewed,
ES,anudar,Indicativo,Pretérito imperfecto,vosotros,anudabais,17,reviewed,
ES,anudar,Indicativo,Pretérito imperfecto,ellos,anudaban,17,reviewed,
ES,anudar,Condicional,Condicional,yo,anudaría,17,reviewed,
ES,anudar,Condicional,Condicional,tú,anudarías,17,reviewed,
ES,anudar,Condicional,Condicional,él,anudaría,17,reviewed,
ES,anudar,Condicional,Condicional,nosotros,anudaríamos,17,reviewed,
ES,anudar,Condicional,Condicional,vosotros,anudaríais,17,reviewed,
ES,anudar,Condicional,Condicional,ellos,anudarían,17,reviewed,
ES,anudar,Imperativo,Imperativo,yo,-,17,reviewed,Spanish has no standard first-person singular imperative; placeholder - used
ES,anudar,Imperativo,Imperativo,tú,anuda,17,reviewed,
ES,anudar,Imperativo,Imperativo,él,anude,17,reviewed,
ES,anudar,Imperativo,Imperativo,nosotros,anudemos,17,reviewed,
ES,anudar,Imperativo,Imperativo,vosotros,anudad,17,reviewed,
ES,anudar,Imperativo,Imperativo,ellos,anuden,17,reviewed,
ES,anudar,Indicativo,Futuro perfecto,yo,habré anudado,17,reviewed,
ES,anudar,Indicativo,Futuro perfecto,tú,habrás anudado,17,reviewed,
ES,anudar,Indicativo,Futuro perfecto,él,habrá anudado,17,reviewed,
ES,anudar,Indicativo,Futuro perfecto,nosotros,habremos anudado,17,reviewed,
ES,anudar,Indicativo,Futuro perfecto,vosotros,habréis anudado,17,reviewed,
ES,anudar,Indicativo,Futuro perfecto,ellos,habrán anudado,17,reviewed,
ES,anudar,Subjuntivo,Subjuntivo presente,yo,anude,17,reviewed,
ES,anudar,Subjuntivo,Subjuntivo presente,tú,anudes,17,reviewed,
ES,anudar,Subjuntivo,Subjuntivo presente,él,anude,17,reviewed,
ES,anudar,Subjuntivo,Subjuntivo presente,nosotros,anudemos,17,reviewed,
ES,anudar,Subjuntivo,Subjuntivo presente,vosotros,anudéis,17,reviewed,
ES,anudar,Subjuntivo,Subjuntivo presente,ellos,anuden,17,reviewed,
ES,anudar,Indicativo,Pretérito perfecto simple,yo,anudé,17,reviewed,
ES,anudar,Indicativo,Pretérito perfecto simple,tú,anudaste,17,reviewed,
ES,anudar,Indicativo,Pretérito perfecto simple,él,anudó,17,reviewed,
ES,anudar,Indicativo,Pretérito perfecto simple,nosotros,anudamos,17,reviewed,
ES,anudar,Indicativo,Pretérito perfecto simple,vosotros,anudasteis,17,reviewed,
ES,anudar,Indicativo,Pretérito perfecto simple,ellos,anudaron,17,reviewed,
ES,anudar,Indicativo,Pretérito pluscuamperfecto,yo,había anudado,17,reviewed,
ES,anudar,Indicativo,Pretérito pluscuamperfecto,tú,habías anudado,17,reviewed,
ES,anudar,Indicativo,Pretérito pluscuamperfecto,él,había anudado,17,reviewed,
ES,anudar,Indicativo,Pretérito pluscuamperfecto,nosotros,habíamos anudado,17,reviewed,
ES,anudar,Indicativo,Pretérito pluscuamperfecto,vosotros,habíais anudado,17,reviewed,
ES,anudar,Indicativo,Pretérito pluscuamperfecto,ellos,habían anudado,17,reviewed,
ES,establecer,Indicativo,Presente,yo,establezco,17,reviewed,first-person singular establezco; QA recommended
ES,establecer,Indicativo,Presente,tú,estableces,17,reviewed,first-person singular establezco; QA recommended
ES,establecer,Indicativo,Presente,él,establece,17,reviewed,first-person singular establezco; QA recommended
ES,establecer,Indicativo,Presente,nosotros,establecemos,17,reviewed,first-person singular establezco; QA recommended
ES,establecer,Indicativo,Presente,vosotros,establecéis,17,reviewed,first-person singular establezco; QA recommended
ES,establecer,Indicativo,Presente,ellos,establecen,17,reviewed,first-person singular establezco; QA recommended
ES,establecer,Indicativo,Futuro,yo,estableceré,17,reviewed,first-person singular establezco; QA recommended
ES,establecer,Indicativo,Futuro,tú,establecerás,17,reviewed,first-person singular establezco; QA recommended
ES,establecer,Indicativo,Futuro,él,establecerá,17,reviewed,first-person singular establezco; QA recommended
ES,establecer,Indicativo,Futuro,nosotros,estableceremos,17,reviewed,first-person singular establezco; QA recommended
ES,establecer,Indicativo,Futuro,vosotros,estableceréis,17,reviewed,first-person singular establezco; QA recommended
ES,establecer,Indicativo,Futuro,ellos,establecerán,17,reviewed,first-person singular establezco; QA recommended
ES,establecer,Indicativo,Pretérito perfecto compuesto,yo,he establecido,17,reviewed,first-person singular establezco; QA recommended
ES,establecer,Indicativo,Pretérito perfecto compuesto,tú,has establecido,17,reviewed,first-person singular establezco; QA recommended
ES,establecer,Indicativo,Pretérito perfecto compuesto,él,ha establecido,17,reviewed,first-person singular establezco; QA recommended
ES,establecer,Indicativo,Pretérito perfecto compuesto,nosotros,hemos establecido,17,reviewed,first-person singular establezco; QA recommended
ES,establecer,Indicativo,Pretérito perfecto compuesto,vosotros,habéis establecido,17,reviewed,first-person singular establezco; QA recommended
ES,establecer,Indicativo,Pretérito perfecto compuesto,ellos,han establecido,17,reviewed,first-person singular establezco; QA recommended
ES,establecer,Indicativo,Pretérito imperfecto,yo,establecía,17,reviewed,first-person singular establezco; QA recommended
ES,establecer,Indicativo,Pretérito imperfecto,tú,establecías,17,reviewed,first-person singular establezco; QA recommended
ES,establecer,Indicativo,Pretérito imperfecto,él,establecía,17,reviewed,first-person singular establezco; QA recommended
ES,establecer,Indicativo,Pretérito imperfecto,nosotros,establecíamos,17,reviewed,first-person singular establezco; QA recommended
ES,establecer,Indicativo,Pretérito imperfecto,vosotros,establecíais,17,reviewed,first-person singular establezco; QA recommended
ES,establecer,Indicativo,Pretérito imperfecto,ellos,establecían,17,reviewed,first-person singular establezco; QA recommended
ES,establecer,Condicional,Condicional,yo,establecería,17,reviewed,first-person singular establezco; QA recommended
ES,establecer,Condicional,Condicional,tú,establecerías,17,reviewed,first-person singular establezco; QA recommended
ES,establecer,Condicional,Condicional,él,establecería,17,reviewed,first-person singular establezco; QA recommended
ES,establecer,Condicional,Condicional,nosotros,estableceríamos,17,reviewed,first-person singular establezco; QA recommended
ES,establecer,Condicional,Condicional,vosotros,estableceríais,17,reviewed,first-person singular establezco; QA recommended
ES,establecer,Condicional,Condicional,ellos,establecerían,17,reviewed,first-person singular establezco; QA recommended
ES,establecer,Imperativo,Imperativo,yo,-,17,reviewed,first-person singular establezco; QA recommended; Spanish has no standard first-person singular imperative; placeholder - used
ES,establecer,Imperativo,Imperativo,tú,establece,17,reviewed,first-person singular establezco; QA recommended
ES,establecer,Imperativo,Imperativo,él,establezca,17,reviewed,first-person singular establezco; QA recommended
ES,establecer,Imperativo,Imperativo,nosotros,establezcamos,17,reviewed,first-person singular establezco; QA recommended
ES,establecer,Imperativo,Imperativo,vosotros,estableced,17,reviewed,first-person singular establezco; QA recommended
ES,establecer,Imperativo,Imperativo,ellos,establezcan,17,reviewed,first-person singular establezco; QA recommended
ES,establecer,Indicativo,Futuro perfecto,yo,habré establecido,17,reviewed,first-person singular establezco; QA recommended
ES,establecer,Indicativo,Futuro perfecto,tú,habrás establecido,17,reviewed,first-person singular establezco; QA recommended
ES,establecer,Indicativo,Futuro perfecto,él,habrá establecido,17,reviewed,first-person singular establezco; QA recommended
ES,establecer,Indicativo,Futuro perfecto,nosotros,habremos establecido,17,reviewed,first-person singular establezco; QA recommended
ES,establecer,Indicativo,Futuro perfecto,vosotros,habréis establecido,17,reviewed,first-person singular establezco; QA recommended
ES,establecer,Indicativo,Futuro perfecto,ellos,habrán establecido,17,reviewed,first-person singular establezco; QA recommended
ES,establecer,Subjuntivo,Subjuntivo presente,yo,establezca,17,reviewed,first-person singular establezco; QA recommended
ES,establecer,Subjuntivo,Subjuntivo presente,tú,establezcas,17,reviewed,first-person singular establezco; QA recommended
ES,establecer,Subjuntivo,Subjuntivo presente,él,establezca,17,reviewed,first-person singular establezco; QA recommended
ES,establecer,Subjuntivo,Subjuntivo presente,nosotros,establezcamos,17,reviewed,first-person singular establezco; QA recommended
ES,establecer,Subjuntivo,Subjuntivo presente,vosotros,establezcáis,17,reviewed,first-person singular establezco; QA recommended
ES,establecer,Subjuntivo,Subjuntivo presente,ellos,establezcan,17,reviewed,first-person singular establezco; QA recommended
ES,establecer,Indicativo,Pretérito perfecto simple,yo,establecí,17,reviewed,first-person singular establezco; QA recommended
ES,establecer,Indicativo,Pretérito perfecto simple,tú,estableciste,17,reviewed,first-person singular establezco; QA recommended
ES,establecer,Indicativo,Pretérito perfecto simple,él,estableció,17,reviewed,first-person singular establezco; QA recommended
ES,establecer,Indicativo,Pretérito perfecto simple,nosotros,establecimos,17,reviewed,first-person singular establezco; QA recommended
ES,establecer,Indicativo,Pretérito perfecto simple,vosotros,establecisteis,17,reviewed,first-person singular establezco; QA recommended
ES,establecer,Indicativo,Pretérito perfecto simple,ellos,establecieron,17,reviewed,first-person singular establezco; QA recommended
ES,establecer,Indicativo,Pretérito pluscuamperfecto,yo,había establecido,17,reviewed,first-person singular establezco; QA recommended
ES,establecer,Indicativo,Pretérito pluscuamperfecto,tú,habías establecido,17,reviewed,first-person singular establezco; QA recommended
ES,establecer,Indicativo,Pretérito pluscuamperfecto,él,había establecido,17,reviewed,first-person singular establezco; QA recommended
ES,establecer,Indicativo,Pretérito pluscuamperfecto,nosotros,habíamos establecido,17,reviewed,first-person singular establezco; QA recommended
ES,establecer,Indicativo,Pretérito pluscuamperfecto,vosotros,habíais establecido,17,reviewed,first-person singular establezco; QA recommended
ES,establecer,Indicativo,Pretérito pluscuamperfecto,ellos,habían establecido,17,reviewed,first-person singular establezco; QA recommended
ES,acondicionar,Indicativo,Presente,yo,acondiciono,17,reviewed,
ES,acondicionar,Indicativo,Presente,tú,acondicionas,17,reviewed,
ES,acondicionar,Indicativo,Presente,él,acondiciona,17,reviewed,
ES,acondicionar,Indicativo,Presente,nosotros,acondicionamos,17,reviewed,
ES,acondicionar,Indicativo,Presente,vosotros,acondicionáis,17,reviewed,
ES,acondicionar,Indicativo,Presente,ellos,acondicionan,17,reviewed,
ES,acondicionar,Indicativo,Futuro,yo,acondicionaré,17,reviewed,
ES,acondicionar,Indicativo,Futuro,tú,acondicionarás,17,reviewed,
ES,acondicionar,Indicativo,Futuro,él,acondicionará,17,reviewed,
ES,acondicionar,Indicativo,Futuro,nosotros,acondicionaremos,17,reviewed,
ES,acondicionar,Indicativo,Futuro,vosotros,acondicionaréis,17,reviewed,
ES,acondicionar,Indicativo,Futuro,ellos,acondicionarán,17,reviewed,
ES,acondicionar,Indicativo,Pretérito perfecto compuesto,yo,he acondicionado,17,reviewed,
ES,acondicionar,Indicativo,Pretérito perfecto compuesto,tú,has acondicionado,17,reviewed,
ES,acondicionar,Indicativo,Pretérito perfecto compuesto,él,ha acondicionado,17,reviewed,
ES,acondicionar,Indicativo,Pretérito perfecto compuesto,nosotros,hemos acondicionado,17,reviewed,
ES,acondicionar,Indicativo,Pretérito perfecto compuesto,vosotros,habéis acondicionado,17,reviewed,
ES,acondicionar,Indicativo,Pretérito perfecto compuesto,ellos,han acondicionado,17,reviewed,
ES,acondicionar,Indicativo,Pretérito imperfecto,yo,acondicionaba,17,reviewed,
ES,acondicionar,Indicativo,Pretérito imperfecto,tú,acondicionabas,17,reviewed,
ES,acondicionar,Indicativo,Pretérito imperfecto,él,acondicionaba,17,reviewed,
ES,acondicionar,Indicativo,Pretérito imperfecto,nosotros,acondicionábamos,17,reviewed,
ES,acondicionar,Indicativo,Pretérito imperfecto,vosotros,acondicionabais,17,reviewed,
ES,acondicionar,Indicativo,Pretérito imperfecto,ellos,acondicionaban,17,reviewed,
ES,acondicionar,Condicional,Condicional,yo,acondicionaría,17,reviewed,
ES,acondicionar,Condicional,Condicional,tú,acondicionarías,17,reviewed,
ES,acondicionar,Condicional,Condicional,él,acondicionaría,17,reviewed,
ES,acondicionar,Condicional,Condicional,nosotros,acondicionaríamos,17,reviewed,
ES,acondicionar,Condicional,Condicional,vosotros,acondicionaríais,17,reviewed,
ES,acondicionar,Condicional,Condicional,ellos,acondicionarían,17,reviewed,
ES,acondicionar,Imperativo,Imperativo,yo,-,17,reviewed,Spanish has no standard first-person singular imperative; placeholder - used
ES,acondicionar,Imperativo,Imperativo,tú,acondiciona,17,reviewed,
ES,acondicionar,Imperativo,Imperativo,él,acondicione,17,reviewed,
ES,acondicionar,Imperativo,Imperativo,nosotros,acondicionemos,17,reviewed,
ES,acondicionar,Imperativo,Imperativo,vosotros,acondicionad,17,reviewed,
ES,acondicionar,Imperativo,Imperativo,ellos,acondicionen,17,reviewed,
ES,acondicionar,Indicativo,Futuro perfecto,yo,habré acondicionado,17,reviewed,
ES,acondicionar,Indicativo,Futuro perfecto,tú,habrás acondicionado,17,reviewed,
ES,acondicionar,Indicativo,Futuro perfecto,él,habrá acondicionado,17,reviewed,
ES,acondicionar,Indicativo,Futuro perfecto,nosotros,habremos acondicionado,17,reviewed,
ES,acondicionar,Indicativo,Futuro perfecto,vosotros,habréis acondicionado,17,reviewed,
ES,acondicionar,Indicativo,Futuro perfecto,ellos,habrán acondicionado,17,reviewed,
ES,acondicionar,Subjuntivo,Subjuntivo presente,yo,acondicione,17,reviewed,
ES,acondicionar,Subjuntivo,Subjuntivo presente,tú,acondiciones,17,reviewed,
ES,acondicionar,Subjuntivo,Subjuntivo presente,él,acondicione,17,reviewed,
ES,acondicionar,Subjuntivo,Subjuntivo presente,nosotros,acondicionemos,17,reviewed,
ES,acondicionar,Subjuntivo,Subjuntivo presente,vosotros,acondicionéis,17,reviewed,
ES,acondicionar,Subjuntivo,Subjuntivo presente,ellos,acondicionen,17,reviewed,
ES,acondicionar,Indicativo,Pretérito perfecto simple,yo,acondicioné,17,reviewed,
ES,acondicionar,Indicativo,Pretérito perfecto simple,tú,acondicionaste,17,reviewed,
ES,acondicionar,Indicativo,Pretérito perfecto simple,él,acondicionó,17,reviewed,
ES,acondicionar,Indicativo,Pretérito perfecto simple,nosotros,acondicionamos,17,reviewed,
ES,acondicionar,Indicativo,Pretérito perfecto simple,vosotros,acondicionasteis,17,reviewed,
ES,acondicionar,Indicativo,Pretérito perfecto simple,ellos,acondicionaron,17,reviewed,
ES,acondicionar,Indicativo,Pretérito pluscuamperfecto,yo,había acondicionado,17,reviewed,
ES,acondicionar,Indicativo,Pretérito pluscuamperfecto,tú,habías acondicionado,17,reviewed,
ES,acondicionar,Indicativo,Pretérito pluscuamperfecto,él,había acondicionado,17,reviewed,
ES,acondicionar,Indicativo,Pretérito pluscuamperfecto,nosotros,habíamos acondicionado,17,reviewed,
ES,acondicionar,Indicativo,Pretérito pluscuamperfecto,vosotros,habíais acondicionado,17,reviewed,
ES,acondicionar,Indicativo,Pretérito pluscuamperfecto,ellos,habían acondicionado,17,reviewed,
ES,arreglar,Indicativo,Presente,yo,arreglo,17,reviewed,
ES,arreglar,Indicativo,Presente,tú,arreglas,17,reviewed,
ES,arreglar,Indicativo,Presente,él,arregla,17,reviewed,
ES,arreglar,Indicativo,Presente,nosotros,arreglamos,17,reviewed,
ES,arreglar,Indicativo,Presente,vosotros,arregláis,17,reviewed,
ES,arreglar,Indicativo,Presente,ellos,arreglan,17,reviewed,
ES,arreglar,Indicativo,Futuro,yo,arreglaré,17,reviewed,
ES,arreglar,Indicativo,Futuro,tú,arreglarás,17,reviewed,
ES,arreglar,Indicativo,Futuro,él,arreglará,17,reviewed,
ES,arreglar,Indicativo,Futuro,nosotros,arreglaremos,17,reviewed,
ES,arreglar,Indicativo,Futuro,vosotros,arreglaréis,17,reviewed,
ES,arreglar,Indicativo,Futuro,ellos,arreglarán,17,reviewed,
ES,arreglar,Indicativo,Pretérito perfecto compuesto,yo,he arreglado,17,reviewed,
ES,arreglar,Indicativo,Pretérito perfecto compuesto,tú,has arreglado,17,reviewed,
ES,arreglar,Indicativo,Pretérito perfecto compuesto,él,ha arreglado,17,reviewed,
ES,arreglar,Indicativo,Pretérito perfecto compuesto,nosotros,hemos arreglado,17,reviewed,
ES,arreglar,Indicativo,Pretérito perfecto compuesto,vosotros,habéis arreglado,17,reviewed,
ES,arreglar,Indicativo,Pretérito perfecto compuesto,ellos,han arreglado,17,reviewed,
ES,arreglar,Indicativo,Pretérito imperfecto,yo,arreglaba,17,reviewed,
ES,arreglar,Indicativo,Pretérito imperfecto,tú,arreglabas,17,reviewed,
ES,arreglar,Indicativo,Pretérito imperfecto,él,arreglaba,17,reviewed,
ES,arreglar,Indicativo,Pretérito imperfecto,nosotros,arreglábamos,17,reviewed,
ES,arreglar,Indicativo,Pretérito imperfecto,vosotros,arreglabais,17,reviewed,
ES,arreglar,Indicativo,Pretérito imperfecto,ellos,arreglaban,17,reviewed,
ES,arreglar,Condicional,Condicional,yo,arreglaría,17,reviewed,
ES,arreglar,Condicional,Condicional,tú,arreglarías,17,reviewed,
ES,arreglar,Condicional,Condicional,él,arreglaría,17,reviewed,
ES,arreglar,Condicional,Condicional,nosotros,arreglaríamos,17,reviewed,
ES,arreglar,Condicional,Condicional,vosotros,arreglaríais,17,reviewed,
ES,arreglar,Condicional,Condicional,ellos,arreglarían,17,reviewed,
ES,arreglar,Imperativo,Imperativo,yo,-,17,reviewed,Spanish has no standard first-person singular imperative; placeholder - used
ES,arreglar,Imperativo,Imperativo,tú,arregla,17,reviewed,
ES,arreglar,Imperativo,Imperativo,él,arregle,17,reviewed,
ES,arreglar,Imperativo,Imperativo,nosotros,arreglemos,17,reviewed,
ES,arreglar,Imperativo,Imperativo,vosotros,arreglad,17,reviewed,
ES,arreglar,Imperativo,Imperativo,ellos,arreglen,17,reviewed,
ES,arreglar,Indicativo,Futuro perfecto,yo,habré arreglado,17,reviewed,
ES,arreglar,Indicativo,Futuro perfecto,tú,habrás arreglado,17,reviewed,
ES,arreglar,Indicativo,Futuro perfecto,él,habrá arreglado,17,reviewed,
ES,arreglar,Indicativo,Futuro perfecto,nosotros,habremos arreglado,17,reviewed,
ES,arreglar,Indicativo,Futuro perfecto,vosotros,habréis arreglado,17,reviewed,
ES,arreglar,Indicativo,Futuro perfecto,ellos,habrán arreglado,17,reviewed,
ES,arreglar,Subjuntivo,Subjuntivo presente,yo,arregle,17,reviewed,
ES,arreglar,Subjuntivo,Subjuntivo presente,tú,arregles,17,reviewed,
ES,arreglar,Subjuntivo,Subjuntivo presente,él,arregle,17,reviewed,
ES,arreglar,Subjuntivo,Subjuntivo presente,nosotros,arreglemos,17,reviewed,
ES,arreglar,Subjuntivo,Subjuntivo presente,vosotros,arregléis,17,reviewed,
ES,arreglar,Subjuntivo,Subjuntivo presente,ellos,arreglen,17,reviewed,
ES,arreglar,Indicativo,Pretérito perfecto simple,yo,arreglé,17,reviewed,
ES,arreglar,Indicativo,Pretérito perfecto simple,tú,arreglaste,17,reviewed,
ES,arreglar,Indicativo,Pretérito perfecto simple,él,arregló,17,reviewed,
ES,arreglar,Indicativo,Pretérito perfecto simple,nosotros,arreglamos,17,reviewed,
ES,arreglar,Indicativo,Pretérito perfecto simple,vosotros,arreglasteis,17,reviewed,
ES,arreglar,Indicativo,Pretérito perfecto simple,ellos,arreglaron,17,reviewed,
ES,arreglar,Indicativo,Pretérito pluscuamperfecto,yo,había arreglado,17,reviewed,
ES,arreglar,Indicativo,Pretérito pluscuamperfecto,tú,habías arreglado,17,reviewed,
ES,arreglar,Indicativo,Pretérito pluscuamperfecto,él,había arreglado,17,reviewed,
ES,arreglar,Indicativo,Pretérito pluscuamperfecto,nosotros,habíamos arreglado,17,reviewed,
ES,arreglar,Indicativo,Pretérito pluscuamperfecto,vosotros,habíais arreglado,17,reviewed,
ES,arreglar,Indicativo,Pretérito pluscuamperfecto,ellos,habían arreglado,17,reviewed,
ES,apuntar,Indicativo,Presente,yo,apunto,17,reviewed,
ES,apuntar,Indicativo,Presente,tú,apuntas,17,reviewed,
ES,apuntar,Indicativo,Presente,él,apunta,17,reviewed,
ES,apuntar,Indicativo,Presente,nosotros,apuntamos,17,reviewed,
ES,apuntar,Indicativo,Presente,vosotros,apuntáis,17,reviewed,
ES,apuntar,Indicativo,Presente,ellos,apuntan,17,reviewed,
ES,apuntar,Indicativo,Futuro,yo,apuntaré,17,reviewed,
ES,apuntar,Indicativo,Futuro,tú,apuntarás,17,reviewed,
ES,apuntar,Indicativo,Futuro,él,apuntará,17,reviewed,
ES,apuntar,Indicativo,Futuro,nosotros,apuntaremos,17,reviewed,
ES,apuntar,Indicativo,Futuro,vosotros,apuntaréis,17,reviewed,
ES,apuntar,Indicativo,Futuro,ellos,apuntarán,17,reviewed,
ES,apuntar,Indicativo,Pretérito perfecto compuesto,yo,he apuntado,17,reviewed,
ES,apuntar,Indicativo,Pretérito perfecto compuesto,tú,has apuntado,17,reviewed,
ES,apuntar,Indicativo,Pretérito perfecto compuesto,él,ha apuntado,17,reviewed,
ES,apuntar,Indicativo,Pretérito perfecto compuesto,nosotros,hemos apuntado,17,reviewed,
ES,apuntar,Indicativo,Pretérito perfecto compuesto,vosotros,habéis apuntado,17,reviewed,
ES,apuntar,Indicativo,Pretérito perfecto compuesto,ellos,han apuntado,17,reviewed,
ES,apuntar,Indicativo,Pretérito imperfecto,yo,apuntaba,17,reviewed,
ES,apuntar,Indicativo,Pretérito imperfecto,tú,apuntabas,17,reviewed,
ES,apuntar,Indicativo,Pretérito imperfecto,él,apuntaba,17,reviewed,
ES,apuntar,Indicativo,Pretérito imperfecto,nosotros,apuntábamos,17,reviewed,
ES,apuntar,Indicativo,Pretérito imperfecto,vosotros,apuntabais,17,reviewed,
ES,apuntar,Indicativo,Pretérito imperfecto,ellos,apuntaban,17,reviewed,
ES,apuntar,Condicional,Condicional,yo,apuntaría,17,reviewed,
ES,apuntar,Condicional,Condicional,tú,apuntarías,17,reviewed,
ES,apuntar,Condicional,Condicional,él,apuntaría,17,reviewed,
ES,apuntar,Condicional,Condicional,nosotros,apuntaríamos,17,reviewed,
ES,apuntar,Condicional,Condicional,vosotros,apuntaríais,17,reviewed,
ES,apuntar,Condicional,Condicional,ellos,apuntarían,17,reviewed,
ES,apuntar,Imperativo,Imperativo,yo,-,17,reviewed,Spanish has no standard first-person singular imperative; placeholder - used
ES,apuntar,Imperativo,Imperativo,tú,apunta,17,reviewed,
ES,apuntar,Imperativo,Imperativo,él,apunte,17,reviewed,
ES,apuntar,Imperativo,Imperativo,nosotros,apuntemos,17,reviewed,
ES,apuntar,Imperativo,Imperativo,vosotros,apuntad,17,reviewed,
ES,apuntar,Imperativo,Imperativo,ellos,apunten,17,reviewed,
ES,apuntar,Indicativo,Futuro perfecto,yo,habré apuntado,17,reviewed,
ES,apuntar,Indicativo,Futuro perfecto,tú,habrás apuntado,17,reviewed,
ES,apuntar,Indicativo,Futuro perfecto,él,habrá apuntado,17,reviewed,
ES,apuntar,Indicativo,Futuro perfecto,nosotros,habremos apuntado,17,reviewed,
ES,apuntar,Indicativo,Futuro perfecto,vosotros,habréis apuntado,17,reviewed,
ES,apuntar,Indicativo,Futuro perfecto,ellos,habrán apuntado,17,reviewed,
ES,apuntar,Subjuntivo,Subjuntivo presente,yo,apunte,17,reviewed,
ES,apuntar,Subjuntivo,Subjuntivo presente,tú,apuntes,17,reviewed,
ES,apuntar,Subjuntivo,Subjuntivo presente,él,apunte,17,reviewed,
ES,apuntar,Subjuntivo,Subjuntivo presente,nosotros,apuntemos,17,reviewed,
ES,apuntar,Subjuntivo,Subjuntivo presente,vosotros,apuntéis,17,reviewed,
ES,apuntar,Subjuntivo,Subjuntivo presente,ellos,apunten,17,reviewed,
ES,apuntar,Indicativo,Pretérito perfecto simple,yo,apunté,17,reviewed,
ES,apuntar,Indicativo,Pretérito perfecto simple,tú,apuntaste,17,reviewed,
ES,apuntar,Indicativo,Pretérito perfecto simple,él,apuntó,17,reviewed,
ES,apuntar,Indicativo,Pretérito perfecto simple,nosotros,apuntamos,17,reviewed,
ES,apuntar,Indicativo,Pretérito perfecto simple,vosotros,apuntasteis,17,reviewed,
ES,apuntar,Indicativo,Pretérito perfecto simple,ellos,apuntaron,17,reviewed,
ES,apuntar,Indicativo,Pretérito pluscuamperfecto,yo,había apuntado,17,reviewed,
ES,apuntar,Indicativo,Pretérito pluscuamperfecto,tú,habías apuntado,17,reviewed,
ES,apuntar,Indicativo,Pretérito pluscuamperfecto,él,había apuntado,17,reviewed,
ES,apuntar,Indicativo,Pretérito pluscuamperfecto,nosotros,habíamos apuntado,17,reviewed,
ES,apuntar,Indicativo,Pretérito pluscuamperfecto,vosotros,habíais apuntado,17,reviewed,
ES,apuntar,Indicativo,Pretérito pluscuamperfecto,ellos,habían apuntado,17,reviewed,
ES,aspirar,Indicativo,Presente,yo,aspiro,17,reviewed,
ES,aspirar,Indicativo,Presente,tú,aspiras,17,reviewed,
ES,aspirar,Indicativo,Presente,él,aspira,17,reviewed,
ES,aspirar,Indicativo,Presente,nosotros,aspiramos,17,reviewed,
ES,aspirar,Indicativo,Presente,vosotros,aspiráis,17,reviewed,
ES,aspirar,Indicativo,Presente,ellos,aspiran,17,reviewed,
ES,aspirar,Indicativo,Futuro,yo,aspiraré,17,reviewed,
ES,aspirar,Indicativo,Futuro,tú,aspirarás,17,reviewed,
ES,aspirar,Indicativo,Futuro,él,aspirará,17,reviewed,
ES,aspirar,Indicativo,Futuro,nosotros,aspiraremos,17,reviewed,
ES,aspirar,Indicativo,Futuro,vosotros,aspiraréis,17,reviewed,
ES,aspirar,Indicativo,Futuro,ellos,aspirarán,17,reviewed,
ES,aspirar,Indicativo,Pretérito perfecto compuesto,yo,he aspirado,17,reviewed,
ES,aspirar,Indicativo,Pretérito perfecto compuesto,tú,has aspirado,17,reviewed,
ES,aspirar,Indicativo,Pretérito perfecto compuesto,él,ha aspirado,17,reviewed,
ES,aspirar,Indicativo,Pretérito perfecto compuesto,nosotros,hemos aspirado,17,reviewed,
ES,aspirar,Indicativo,Pretérito perfecto compuesto,vosotros,habéis aspirado,17,reviewed,
ES,aspirar,Indicativo,Pretérito perfecto compuesto,ellos,han aspirado,17,reviewed,
ES,aspirar,Indicativo,Pretérito imperfecto,yo,aspiraba,17,reviewed,
ES,aspirar,Indicativo,Pretérito imperfecto,tú,aspirabas,17,reviewed,
ES,aspirar,Indicativo,Pretérito imperfecto,él,aspiraba,17,reviewed,
ES,aspirar,Indicativo,Pretérito imperfecto,nosotros,aspirábamos,17,reviewed,
ES,aspirar,Indicativo,Pretérito imperfecto,vosotros,aspirabais,17,reviewed,
ES,aspirar,Indicativo,Pretérito imperfecto,ellos,aspiraban,17,reviewed,
ES,aspirar,Condicional,Condicional,yo,aspiraría,17,reviewed,
ES,aspirar,Condicional,Condicional,tú,aspirarías,17,reviewed,
ES,aspirar,Condicional,Condicional,él,aspiraría,17,reviewed,
ES,aspirar,Condicional,Condicional,nosotros,aspiraríamos,17,reviewed,
ES,aspirar,Condicional,Condicional,vosotros,aspiraríais,17,reviewed,
ES,aspirar,Condicional,Condicional,ellos,aspirarían,17,reviewed,
ES,aspirar,Imperativo,Imperativo,yo,-,17,reviewed,Spanish has no standard first-person singular imperative; placeholder - used
ES,aspirar,Imperativo,Imperativo,tú,aspira,17,reviewed,
ES,aspirar,Imperativo,Imperativo,él,aspire,17,reviewed,
ES,aspirar,Imperativo,Imperativo,nosotros,aspiremos,17,reviewed,
ES,aspirar,Imperativo,Imperativo,vosotros,aspirad,17,reviewed,
ES,aspirar,Imperativo,Imperativo,ellos,aspiren,17,reviewed,
ES,aspirar,Indicativo,Futuro perfecto,yo,habré aspirado,17,reviewed,
ES,aspirar,Indicativo,Futuro perfecto,tú,habrás aspirado,17,reviewed,
ES,aspirar,Indicativo,Futuro perfecto,él,habrá aspirado,17,reviewed,
ES,aspirar,Indicativo,Futuro perfecto,nosotros,habremos aspirado,17,reviewed,
ES,aspirar,Indicativo,Futuro perfecto,vosotros,habréis aspirado,17,reviewed,
ES,aspirar,Indicativo,Futuro perfecto,ellos,habrán aspirado,17,reviewed,
ES,aspirar,Subjuntivo,Subjuntivo presente,yo,aspire,17,reviewed,
ES,aspirar,Subjuntivo,Subjuntivo presente,tú,aspires,17,reviewed,
ES,aspirar,Subjuntivo,Subjuntivo presente,él,aspire,17,reviewed,
ES,aspirar,Subjuntivo,Subjuntivo presente,nosotros,aspiremos,17,reviewed,
ES,aspirar,Subjuntivo,Subjuntivo presente,vosotros,aspiréis,17,reviewed,
ES,aspirar,Subjuntivo,Subjuntivo presente,ellos,aspiren,17,reviewed,
ES,aspirar,Indicativo,Pretérito perfecto simple,yo,aspiré,17,reviewed,
ES,aspirar,Indicativo,Pretérito perfecto simple,tú,aspiraste,17,reviewed,
ES,aspirar,Indicativo,Pretérito perfecto simple,él,aspiró,17,reviewed,
ES,aspirar,Indicativo,Pretérito perfecto simple,nosotros,aspiramos,17,reviewed,
ES,aspirar,Indicativo,Pretérito perfecto simple,vosotros,aspirasteis,17,reviewed,
ES,aspirar,Indicativo,Pretérito perfecto simple,ellos,aspiraron,17,reviewed,
ES,aspirar,Indicativo,Pretérito pluscuamperfecto,yo,había aspirado,17,reviewed,
ES,aspirar,Indicativo,Pretérito pluscuamperfecto,tú,habías aspirado,17,reviewed,
ES,aspirar,Indicativo,Pretérito pluscuamperfecto,él,había aspirado,17,reviewed,
ES,aspirar,Indicativo,Pretérito pluscuamperfecto,nosotros,habíamos aspirado,17,reviewed,
ES,aspirar,Indicativo,Pretérito pluscuamperfecto,vosotros,habíais aspirado,17,reviewed,
ES,aspirar,Indicativo,Pretérito pluscuamperfecto,ellos,habían aspirado,17,reviewed,
ES,desenredar,Indicativo,Presente,yo,desenredo,17,reviewed,
ES,desenredar,Indicativo,Presente,tú,desenredas,17,reviewed,
ES,desenredar,Indicativo,Presente,él,desenreda,17,reviewed,
ES,desenredar,Indicativo,Presente,nosotros,desenredamos,17,reviewed,
ES,desenredar,Indicativo,Presente,vosotros,desenredáis,17,reviewed,
ES,desenredar,Indicativo,Presente,ellos,desenredan,17,reviewed,
ES,desenredar,Indicativo,Futuro,yo,desenredaré,17,reviewed,
ES,desenredar,Indicativo,Futuro,tú,desenredarás,17,reviewed,
ES,desenredar,Indicativo,Futuro,él,desenredará,17,reviewed,
ES,desenredar,Indicativo,Futuro,nosotros,desenredaremos,17,reviewed,
ES,desenredar,Indicativo,Futuro,vosotros,desenredaréis,17,reviewed,
ES,desenredar,Indicativo,Futuro,ellos,desenredarán,17,reviewed,
ES,desenredar,Indicativo,Pretérito perfecto compuesto,yo,he desenredado,17,reviewed,
ES,desenredar,Indicativo,Pretérito perfecto compuesto,tú,has desenredado,17,reviewed,
ES,desenredar,Indicativo,Pretérito perfecto compuesto,él,ha desenredado,17,reviewed,
ES,desenredar,Indicativo,Pretérito perfecto compuesto,nosotros,hemos desenredado,17,reviewed,
ES,desenredar,Indicativo,Pretérito perfecto compuesto,vosotros,habéis desenredado,17,reviewed,
ES,desenredar,Indicativo,Pretérito perfecto compuesto,ellos,han desenredado,17,reviewed,
ES,desenredar,Indicativo,Pretérito imperfecto,yo,desenredaba,17,reviewed,
ES,desenredar,Indicativo,Pretérito imperfecto,tú,desenredabas,17,reviewed,
ES,desenredar,Indicativo,Pretérito imperfecto,él,desenredaba,17,reviewed,
ES,desenredar,Indicativo,Pretérito imperfecto,nosotros,desenredábamos,17,reviewed,
ES,desenredar,Indicativo,Pretérito imperfecto,vosotros,desenredabais,17,reviewed,
ES,desenredar,Indicativo,Pretérito imperfecto,ellos,desenredaban,17,reviewed,
ES,desenredar,Condicional,Condicional,yo,desenredaría,17,reviewed,
ES,desenredar,Condicional,Condicional,tú,desenredarías,17,reviewed,
ES,desenredar,Condicional,Condicional,él,desenredaría,17,reviewed,
ES,desenredar,Condicional,Condicional,nosotros,desenredaríamos,17,reviewed,
ES,desenredar,Condicional,Condicional,vosotros,desenredaríais,17,reviewed,
ES,desenredar,Condicional,Condicional,ellos,desenredarían,17,reviewed,
ES,desenredar,Imperativo,Imperativo,yo,-,17,reviewed,Spanish has no standard first-person singular imperative; placeholder - used
ES,desenredar,Imperativo,Imperativo,tú,desenreda,17,reviewed,
ES,desenredar,Imperativo,Imperativo,él,desenrede,17,reviewed,
ES,desenredar,Imperativo,Imperativo,nosotros,desenredemos,17,reviewed,
ES,desenredar,Imperativo,Imperativo,vosotros,desenredad,17,reviewed,
ES,desenredar,Imperativo,Imperativo,ellos,desenreden,17,reviewed,
ES,desenredar,Indicativo,Futuro perfecto,yo,habré desenredado,17,reviewed,
ES,desenredar,Indicativo,Futuro perfecto,tú,habrás desenredado,17,reviewed,
ES,desenredar,Indicativo,Futuro perfecto,él,habrá desenredado,17,reviewed,
ES,desenredar,Indicativo,Futuro perfecto,nosotros,habremos desenredado,17,reviewed,
ES,desenredar,Indicativo,Futuro perfecto,vosotros,habréis desenredado,17,reviewed,
ES,desenredar,Indicativo,Futuro perfecto,ellos,habrán desenredado,17,reviewed,
ES,desenredar,Subjuntivo,Subjuntivo presente,yo,desenrede,17,reviewed,
ES,desenredar,Subjuntivo,Subjuntivo presente,tú,desenredes,17,reviewed,
ES,desenredar,Subjuntivo,Subjuntivo presente,él,desenrede,17,reviewed,
ES,desenredar,Subjuntivo,Subjuntivo presente,nosotros,desenredemos,17,reviewed,
ES,desenredar,Subjuntivo,Subjuntivo presente,vosotros,desenredéis,17,reviewed,
ES,desenredar,Subjuntivo,Subjuntivo presente,ellos,desenreden,17,reviewed,
ES,desenredar,Indicativo,Pretérito perfecto simple,yo,desenredé,17,reviewed,
ES,desenredar,Indicativo,Pretérito perfecto simple,tú,desenredaste,17,reviewed,
ES,desenredar,Indicativo,Pretérito perfecto simple,él,desenredó,17,reviewed,
ES,desenredar,Indicativo,Pretérito perfecto simple,nosotros,desenredamos,17,reviewed,
ES,desenredar,Indicativo,Pretérito perfecto simple,vosotros,desenredasteis,17,reviewed,
ES,desenredar,Indicativo,Pretérito perfecto simple,ellos,desenredaron,17,reviewed,
ES,desenredar,Indicativo,Pretérito pluscuamperfecto,yo,había desenredado,17,reviewed,
ES,desenredar,Indicativo,Pretérito pluscuamperfecto,tú,habías desenredado,17,reviewed,
ES,desenredar,Indicativo,Pretérito pluscuamperfecto,él,había desenredado,17,reviewed,
ES,desenredar,Indicativo,Pretérito pluscuamperfecto,nosotros,habíamos desenredado,17,reviewed,
ES,desenredar,Indicativo,Pretérito pluscuamperfecto,vosotros,habíais desenredado,17,reviewed,
ES,desenredar,Indicativo,Pretérito pluscuamperfecto,ellos,habían desenredado,17,reviewed,
ES,arreglárselas,Indicativo,Presente,yo,me las arreglo,17,reviewed,fixed pronominal locution; imperative forms are accent-sensitive; QA recommended
ES,arreglárselas,Indicativo,Presente,tú,te las arreglas,17,reviewed,fixed pronominal locution; imperative forms are accent-sensitive; QA recommended
ES,arreglárselas,Indicativo,Presente,él,se las arregla,17,reviewed,fixed pronominal locution; imperative forms are accent-sensitive; QA recommended
ES,arreglárselas,Indicativo,Presente,nosotros,nos las arreglamos,17,reviewed,fixed pronominal locution; imperative forms are accent-sensitive; QA recommended
ES,arreglárselas,Indicativo,Presente,vosotros,os las arregláis,17,reviewed,fixed pronominal locution; imperative forms are accent-sensitive; QA recommended
ES,arreglárselas,Indicativo,Presente,ellos,se las arreglan,17,reviewed,fixed pronominal locution; imperative forms are accent-sensitive; QA recommended
ES,arreglárselas,Indicativo,Futuro,yo,me las arreglaré,17,reviewed,fixed pronominal locution; imperative forms are accent-sensitive; QA recommended
ES,arreglárselas,Indicativo,Futuro,tú,te las arreglarás,17,reviewed,fixed pronominal locution; imperative forms are accent-sensitive; QA recommended
ES,arreglárselas,Indicativo,Futuro,él,se las arreglará,17,reviewed,fixed pronominal locution; imperative forms are accent-sensitive; QA recommended
ES,arreglárselas,Indicativo,Futuro,nosotros,nos las arreglaremos,17,reviewed,fixed pronominal locution; imperative forms are accent-sensitive; QA recommended
ES,arreglárselas,Indicativo,Futuro,vosotros,os las arreglaréis,17,reviewed,fixed pronominal locution; imperative forms are accent-sensitive; QA recommended
ES,arreglárselas,Indicativo,Futuro,ellos,se las arreglarán,17,reviewed,fixed pronominal locution; imperative forms are accent-sensitive; QA recommended
ES,arreglárselas,Indicativo,Pretérito perfecto compuesto,yo,me las he arreglado,17,reviewed,fixed pronominal locution; imperative forms are accent-sensitive; QA recommended
ES,arreglárselas,Indicativo,Pretérito perfecto compuesto,tú,te las has arreglado,17,reviewed,fixed pronominal locution; imperative forms are accent-sensitive; QA recommended
ES,arreglárselas,Indicativo,Pretérito perfecto compuesto,él,se las ha arreglado,17,reviewed,fixed pronominal locution; imperative forms are accent-sensitive; QA recommended
ES,arreglárselas,Indicativo,Pretérito perfecto compuesto,nosotros,nos las hemos arreglado,17,reviewed,fixed pronominal locution; imperative forms are accent-sensitive; QA recommended
ES,arreglárselas,Indicativo,Pretérito perfecto compuesto,vosotros,os las habéis arreglado,17,reviewed,fixed pronominal locution; imperative forms are accent-sensitive; QA recommended
ES,arreglárselas,Indicativo,Pretérito perfecto compuesto,ellos,se las han arreglado,17,reviewed,fixed pronominal locution; imperative forms are accent-sensitive; QA recommended
ES,arreglárselas,Indicativo,Pretérito imperfecto,yo,me las arreglaba,17,reviewed,fixed pronominal locution; imperative forms are accent-sensitive; QA recommended
ES,arreglárselas,Indicativo,Pretérito imperfecto,tú,te las arreglabas,17,reviewed,fixed pronominal locution; imperative forms are accent-sensitive; QA recommended
ES,arreglárselas,Indicativo,Pretérito imperfecto,él,se las arreglaba,17,reviewed,fixed pronominal locution; imperative forms are accent-sensitive; QA recommended
ES,arreglárselas,Indicativo,Pretérito imperfecto,nosotros,nos las arreglábamos,17,reviewed,fixed pronominal locution; imperative forms are accent-sensitive; QA recommended
ES,arreglárselas,Indicativo,Pretérito imperfecto,vosotros,os las arreglabais,17,reviewed,fixed pronominal locution; imperative forms are accent-sensitive; QA recommended
ES,arreglárselas,Indicativo,Pretérito imperfecto,ellos,se las arreglaban,17,reviewed,fixed pronominal locution; imperative forms are accent-sensitive; QA recommended
ES,arreglárselas,Condicional,Condicional,yo,me las arreglaría,17,reviewed,fixed pronominal locution; imperative forms are accent-sensitive; QA recommended
ES,arreglárselas,Condicional,Condicional,tú,te las arreglarías,17,reviewed,fixed pronominal locution; imperative forms are accent-sensitive; QA recommended
ES,arreglárselas,Condicional,Condicional,él,se las arreglaría,17,reviewed,fixed pronominal locution; imperative forms are accent-sensitive; QA recommended
ES,arreglárselas,Condicional,Condicional,nosotros,nos las arreglaríamos,17,reviewed,fixed pronominal locution; imperative forms are accent-sensitive; QA recommended
ES,arreglárselas,Condicional,Condicional,vosotros,os las arreglaríais,17,reviewed,fixed pronominal locution; imperative forms are accent-sensitive; QA recommended
ES,arreglárselas,Condicional,Condicional,ellos,se las arreglarían,17,reviewed,fixed pronominal locution; imperative forms are accent-sensitive; QA recommended
ES,arreglárselas,Imperativo,Imperativo,yo,-,17,reviewed,fixed pronominal locution; imperative forms are accent-sensitive; QA recommended; Spanish has no standard first-person singular imperative; placeholder - used
ES,arreglárselas,Imperativo,Imperativo,tú,arréglatelas,17,reviewed,fixed pronominal locution; imperative forms are accent-sensitive; QA recommended
ES,arreglárselas,Imperativo,Imperativo,él,arrégleselas,17,reviewed,fixed pronominal locution; imperative forms are accent-sensitive; QA recommended
ES,arreglárselas,Imperativo,Imperativo,nosotros,arreglémonoslas,17,reviewed,fixed pronominal locution; imperative forms are accent-sensitive; QA recommended
ES,arreglárselas,Imperativo,Imperativo,vosotros,arregláoslas,17,reviewed,fixed pronominal locution; imperative forms are accent-sensitive; QA recommended
ES,arreglárselas,Imperativo,Imperativo,ellos,arréglenselas,17,reviewed,fixed pronominal locution; imperative forms are accent-sensitive; QA recommended
ES,arreglárselas,Indicativo,Futuro perfecto,yo,me las habré arreglado,17,reviewed,fixed pronominal locution; imperative forms are accent-sensitive; QA recommended
ES,arreglárselas,Indicativo,Futuro perfecto,tú,te las habrás arreglado,17,reviewed,fixed pronominal locution; imperative forms are accent-sensitive; QA recommended
ES,arreglárselas,Indicativo,Futuro perfecto,él,se las habrá arreglado,17,reviewed,fixed pronominal locution; imperative forms are accent-sensitive; QA recommended
ES,arreglárselas,Indicativo,Futuro perfecto,nosotros,nos las habremos arreglado,17,reviewed,fixed pronominal locution; imperative forms are accent-sensitive; QA recommended
ES,arreglárselas,Indicativo,Futuro perfecto,vosotros,os las habréis arreglado,17,reviewed,fixed pronominal locution; imperative forms are accent-sensitive; QA recommended
ES,arreglárselas,Indicativo,Futuro perfecto,ellos,se las habrán arreglado,17,reviewed,fixed pronominal locution; imperative forms are accent-sensitive; QA recommended
ES,arreglárselas,Subjuntivo,Subjuntivo presente,yo,me las arregle,17,reviewed,fixed pronominal locution; imperative forms are accent-sensitive; QA recommended
ES,arreglárselas,Subjuntivo,Subjuntivo presente,tú,te las arregles,17,reviewed,fixed pronominal locution; imperative forms are accent-sensitive; QA recommended
ES,arreglárselas,Subjuntivo,Subjuntivo presente,él,se las arregle,17,reviewed,fixed pronominal locution; imperative forms are accent-sensitive; QA recommended
ES,arreglárselas,Subjuntivo,Subjuntivo presente,nosotros,nos las arreglemos,17,reviewed,fixed pronominal locution; imperative forms are accent-sensitive; QA recommended
ES,arreglárselas,Subjuntivo,Subjuntivo presente,vosotros,os las arregléis,17,reviewed,fixed pronominal locution; imperative forms are accent-sensitive; QA recommended
ES,arreglárselas,Subjuntivo,Subjuntivo presente,ellos,se las arreglen,17,reviewed,fixed pronominal locution; imperative forms are accent-sensitive; QA recommended
ES,arreglárselas,Indicativo,Pretérito perfecto simple,yo,me las arreglé,17,reviewed,fixed pronominal locution; imperative forms are accent-sensitive; QA recommended
ES,arreglárselas,Indicativo,Pretérito perfecto simple,tú,te las arreglaste,17,reviewed,fixed pronominal locution; imperative forms are accent-sensitive; QA recommended
ES,arreglárselas,Indicativo,Pretérito perfecto simple,él,se las arregló,17,reviewed,fixed pronominal locution; imperative forms are accent-sensitive; QA recommended
ES,arreglárselas,Indicativo,Pretérito perfecto simple,nosotros,nos las arreglamos,17,reviewed,fixed pronominal locution; imperative forms are accent-sensitive; QA recommended
ES,arreglárselas,Indicativo,Pretérito perfecto simple,vosotros,os las arreglasteis,17,reviewed,fixed pronominal locution; imperative forms are accent-sensitive; QA recommended
ES,arreglárselas,Indicativo,Pretérito perfecto simple,ellos,se las arreglaron,17,reviewed,fixed pronominal locution; imperative forms are accent-sensitive; QA recommended
ES,arreglárselas,Indicativo,Pretérito pluscuamperfecto,yo,me las había arreglado,17,reviewed,fixed pronominal locution; imperative forms are accent-sensitive; QA recommended
ES,arreglárselas,Indicativo,Pretérito pluscuamperfecto,tú,te las habías arreglado,17,reviewed,fixed pronominal locution; imperative forms are accent-sensitive; QA recommended
ES,arreglárselas,Indicativo,Pretérito pluscuamperfecto,él,se las había arreglado,17,reviewed,fixed pronominal locution; imperative forms are accent-sensitive; QA recommended
ES,arreglárselas,Indicativo,Pretérito pluscuamperfecto,nosotros,nos las habíamos arreglado,17,reviewed,fixed pronominal locution; imperative forms are accent-sensitive; QA recommended
ES,arreglárselas,Indicativo,Pretérito pluscuamperfecto,vosotros,os las habíais arreglado,17,reviewed,fixed pronominal locution; imperative forms are accent-sensitive; QA recommended
ES,arreglárselas,Indicativo,Pretérito pluscuamperfecto,ellos,se las habían arreglado,17,reviewed,fixed pronominal locution; imperative forms are accent-sensitive; QA recommended
ES,hundirse,Indicativo,Presente,yo,me hundo,17,reviewed,pronominal paradigm with accent-sensitive imperative forms; QA recommended
ES,hundirse,Indicativo,Presente,tú,te hundes,17,reviewed,pronominal paradigm with accent-sensitive imperative forms; QA recommended
ES,hundirse,Indicativo,Presente,él,se hunde,17,reviewed,pronominal paradigm with accent-sensitive imperative forms; QA recommended
ES,hundirse,Indicativo,Presente,nosotros,nos hundimos,17,reviewed,pronominal paradigm with accent-sensitive imperative forms; QA recommended
ES,hundirse,Indicativo,Presente,vosotros,os hundís,17,reviewed,pronominal paradigm with accent-sensitive imperative forms; QA recommended
ES,hundirse,Indicativo,Presente,ellos,se hunden,17,reviewed,pronominal paradigm with accent-sensitive imperative forms; QA recommended
ES,hundirse,Indicativo,Futuro,yo,me hundiré,17,reviewed,pronominal paradigm with accent-sensitive imperative forms; QA recommended
ES,hundirse,Indicativo,Futuro,tú,te hundirás,17,reviewed,pronominal paradigm with accent-sensitive imperative forms; QA recommended
ES,hundirse,Indicativo,Futuro,él,se hundirá,17,reviewed,pronominal paradigm with accent-sensitive imperative forms; QA recommended
ES,hundirse,Indicativo,Futuro,nosotros,nos hundiremos,17,reviewed,pronominal paradigm with accent-sensitive imperative forms; QA recommended
ES,hundirse,Indicativo,Futuro,vosotros,os hundiréis,17,reviewed,pronominal paradigm with accent-sensitive imperative forms; QA recommended
ES,hundirse,Indicativo,Futuro,ellos,se hundirán,17,reviewed,pronominal paradigm with accent-sensitive imperative forms; QA recommended
ES,hundirse,Indicativo,Pretérito perfecto compuesto,yo,me he hundido,17,reviewed,pronominal paradigm with accent-sensitive imperative forms; QA recommended
ES,hundirse,Indicativo,Pretérito perfecto compuesto,tú,te has hundido,17,reviewed,pronominal paradigm with accent-sensitive imperative forms; QA recommended
ES,hundirse,Indicativo,Pretérito perfecto compuesto,él,se ha hundido,17,reviewed,pronominal paradigm with accent-sensitive imperative forms; QA recommended
ES,hundirse,Indicativo,Pretérito perfecto compuesto,nosotros,nos hemos hundido,17,reviewed,pronominal paradigm with accent-sensitive imperative forms; QA recommended
ES,hundirse,Indicativo,Pretérito perfecto compuesto,vosotros,os habéis hundido,17,reviewed,pronominal paradigm with accent-sensitive imperative forms; QA recommended
ES,hundirse,Indicativo,Pretérito perfecto compuesto,ellos,se han hundido,17,reviewed,pronominal paradigm with accent-sensitive imperative forms; QA recommended
ES,hundirse,Indicativo,Pretérito imperfecto,yo,me hundía,17,reviewed,pronominal paradigm with accent-sensitive imperative forms; QA recommended
ES,hundirse,Indicativo,Pretérito imperfecto,tú,te hundías,17,reviewed,pronominal paradigm with accent-sensitive imperative forms; QA recommended
ES,hundirse,Indicativo,Pretérito imperfecto,él,se hundía,17,reviewed,pronominal paradigm with accent-sensitive imperative forms; QA recommended
ES,hundirse,Indicativo,Pretérito imperfecto,nosotros,nos hundíamos,17,reviewed,pronominal paradigm with accent-sensitive imperative forms; QA recommended
ES,hundirse,Indicativo,Pretérito imperfecto,vosotros,os hundíais,17,reviewed,pronominal paradigm with accent-sensitive imperative forms; QA recommended
ES,hundirse,Indicativo,Pretérito imperfecto,ellos,se hundían,17,reviewed,pronominal paradigm with accent-sensitive imperative forms; QA recommended
ES,hundirse,Condicional,Condicional,yo,me hundiría,17,reviewed,pronominal paradigm with accent-sensitive imperative forms; QA recommended
ES,hundirse,Condicional,Condicional,tú,te hundirías,17,reviewed,pronominal paradigm with accent-sensitive imperative forms; QA recommended
ES,hundirse,Condicional,Condicional,él,se hundiría,17,reviewed,pronominal paradigm with accent-sensitive imperative forms; QA recommended
ES,hundirse,Condicional,Condicional,nosotros,nos hundiríamos,17,reviewed,pronominal paradigm with accent-sensitive imperative forms; QA recommended
ES,hundirse,Condicional,Condicional,vosotros,os hundiríais,17,reviewed,pronominal paradigm with accent-sensitive imperative forms; QA recommended
ES,hundirse,Condicional,Condicional,ellos,se hundirían,17,reviewed,pronominal paradigm with accent-sensitive imperative forms; QA recommended
ES,hundirse,Imperativo,Imperativo,yo,-,17,reviewed,pronominal paradigm with accent-sensitive imperative forms; QA recommended; Spanish has no standard first-person singular imperative; placeholder - used
ES,hundirse,Imperativo,Imperativo,tú,húndete,17,reviewed,pronominal paradigm with accent-sensitive imperative forms; QA recommended
ES,hundirse,Imperativo,Imperativo,él,húndase,17,reviewed,pronominal paradigm with accent-sensitive imperative forms; QA recommended
ES,hundirse,Imperativo,Imperativo,nosotros,hundámonos,17,reviewed,pronominal paradigm with accent-sensitive imperative forms; QA recommended
ES,hundirse,Imperativo,Imperativo,vosotros,hundíos,17,reviewed,pronominal paradigm with accent-sensitive imperative forms; QA recommended
ES,hundirse,Imperativo,Imperativo,ellos,húndanse,17,reviewed,pronominal paradigm with accent-sensitive imperative forms; QA recommended
ES,hundirse,Indicativo,Futuro perfecto,yo,me habré hundido,17,reviewed,pronominal paradigm with accent-sensitive imperative forms; QA recommended
ES,hundirse,Indicativo,Futuro perfecto,tú,te habrás hundido,17,reviewed,pronominal paradigm with accent-sensitive imperative forms; QA recommended
ES,hundirse,Indicativo,Futuro perfecto,él,se habrá hundido,17,reviewed,pronominal paradigm with accent-sensitive imperative forms; QA recommended
ES,hundirse,Indicativo,Futuro perfecto,nosotros,nos habremos hundido,17,reviewed,pronominal paradigm with accent-sensitive imperative forms; QA recommended
ES,hundirse,Indicativo,Futuro perfecto,vosotros,os habréis hundido,17,reviewed,pronominal paradigm with accent-sensitive imperative forms; QA recommended
ES,hundirse,Indicativo,Futuro perfecto,ellos,se habrán hundido,17,reviewed,pronominal paradigm with accent-sensitive imperative forms; QA recommended
ES,hundirse,Subjuntivo,Subjuntivo presente,yo,me hunda,17,reviewed,pronominal paradigm with accent-sensitive imperative forms; QA recommended
ES,hundirse,Subjuntivo,Subjuntivo presente,tú,te hundas,17,reviewed,pronominal paradigm with accent-sensitive imperative forms; QA recommended
ES,hundirse,Subjuntivo,Subjuntivo presente,él,se hunda,17,reviewed,pronominal paradigm with accent-sensitive imperative forms; QA recommended
ES,hundirse,Subjuntivo,Subjuntivo presente,nosotros,nos hundamos,17,reviewed,pronominal paradigm with accent-sensitive imperative forms; QA recommended
ES,hundirse,Subjuntivo,Subjuntivo presente,vosotros,os hundáis,17,reviewed,pronominal paradigm with accent-sensitive imperative forms; QA recommended
ES,hundirse,Subjuntivo,Subjuntivo presente,ellos,se hundan,17,reviewed,pronominal paradigm with accent-sensitive imperative forms; QA recommended
ES,hundirse,Indicativo,Pretérito perfecto simple,yo,me hundí,17,reviewed,pronominal paradigm with accent-sensitive imperative forms; QA recommended
ES,hundirse,Indicativo,Pretérito perfecto simple,tú,te hundiste,17,reviewed,pronominal paradigm with accent-sensitive imperative forms; QA recommended
ES,hundirse,Indicativo,Pretérito perfecto simple,él,se hundió,17,reviewed,pronominal paradigm with accent-sensitive imperative forms; QA recommended
ES,hundirse,Indicativo,Pretérito perfecto simple,nosotros,nos hundimos,17,reviewed,pronominal paradigm with accent-sensitive imperative forms; QA recommended
ES,hundirse,Indicativo,Pretérito perfecto simple,vosotros,os hundisteis,17,reviewed,pronominal paradigm with accent-sensitive imperative forms; QA recommended
ES,hundirse,Indicativo,Pretérito perfecto simple,ellos,se hundieron,17,reviewed,pronominal paradigm with accent-sensitive imperative forms; QA recommended
ES,hundirse,Indicativo,Pretérito pluscuamperfecto,yo,me había hundido,17,reviewed,pronominal paradigm with accent-sensitive imperative forms; QA recommended
ES,hundirse,Indicativo,Pretérito pluscuamperfecto,tú,te habías hundido,17,reviewed,pronominal paradigm with accent-sensitive imperative forms; QA recommended
ES,hundirse,Indicativo,Pretérito pluscuamperfecto,él,se había hundido,17,reviewed,pronominal paradigm with accent-sensitive imperative forms; QA recommended
ES,hundirse,Indicativo,Pretérito pluscuamperfecto,nosotros,nos habíamos hundido,17,reviewed,pronominal paradigm with accent-sensitive imperative forms; QA recommended
ES,hundirse,Indicativo,Pretérito pluscuamperfecto,vosotros,os habíais hundido,17,reviewed,pronominal paradigm with accent-sensitive imperative forms; QA recommended
ES,hundirse,Indicativo,Pretérito pluscuamperfecto,ellos,se habían hundido,17,reviewed,pronominal paradigm with accent-sensitive imperative forms; QA recommended
ES,enmascarar,Indicativo,Presente,yo,enmascaro,17,reviewed,
ES,enmascarar,Indicativo,Presente,tú,enmascaras,17,reviewed,
ES,enmascarar,Indicativo,Presente,él,enmascara,17,reviewed,
ES,enmascarar,Indicativo,Presente,nosotros,enmascaramos,17,reviewed,
ES,enmascarar,Indicativo,Presente,vosotros,enmascaráis,17,reviewed,
ES,enmascarar,Indicativo,Presente,ellos,enmascaran,17,reviewed,
ES,enmascarar,Indicativo,Futuro,yo,enmascararé,17,reviewed,
ES,enmascarar,Indicativo,Futuro,tú,enmascararás,17,reviewed,
ES,enmascarar,Indicativo,Futuro,él,enmascarará,17,reviewed,
ES,enmascarar,Indicativo,Futuro,nosotros,enmascararemos,17,reviewed,
ES,enmascarar,Indicativo,Futuro,vosotros,enmascararéis,17,reviewed,
ES,enmascarar,Indicativo,Futuro,ellos,enmascararán,17,reviewed,
ES,enmascarar,Indicativo,Pretérito perfecto compuesto,yo,he enmascarado,17,reviewed,
ES,enmascarar,Indicativo,Pretérito perfecto compuesto,tú,has enmascarado,17,reviewed,
ES,enmascarar,Indicativo,Pretérito perfecto compuesto,él,ha enmascarado,17,reviewed,
ES,enmascarar,Indicativo,Pretérito perfecto compuesto,nosotros,hemos enmascarado,17,reviewed,
ES,enmascarar,Indicativo,Pretérito perfecto compuesto,vosotros,habéis enmascarado,17,reviewed,
ES,enmascarar,Indicativo,Pretérito perfecto compuesto,ellos,han enmascarado,17,reviewed,
ES,enmascarar,Indicativo,Pretérito imperfecto,yo,enmascaraba,17,reviewed,
ES,enmascarar,Indicativo,Pretérito imperfecto,tú,enmascarabas,17,reviewed,
ES,enmascarar,Indicativo,Pretérito imperfecto,él,enmascaraba,17,reviewed,
ES,enmascarar,Indicativo,Pretérito imperfecto,nosotros,enmascarábamos,17,reviewed,
ES,enmascarar,Indicativo,Pretérito imperfecto,vosotros,enmascarabais,17,reviewed,
ES,enmascarar,Indicativo,Pretérito imperfecto,ellos,enmascaraban,17,reviewed,
ES,enmascarar,Condicional,Condicional,yo,enmascararía,17,reviewed,
ES,enmascarar,Condicional,Condicional,tú,enmascararías,17,reviewed,
ES,enmascarar,Condicional,Condicional,él,enmascararía,17,reviewed,
ES,enmascarar,Condicional,Condicional,nosotros,enmascararíamos,17,reviewed,
ES,enmascarar,Condicional,Condicional,vosotros,enmascararíais,17,reviewed,
ES,enmascarar,Condicional,Condicional,ellos,enmascararían,17,reviewed,
ES,enmascarar,Imperativo,Imperativo,yo,-,17,reviewed,Spanish has no standard first-person singular imperative; placeholder - used
ES,enmascarar,Imperativo,Imperativo,tú,enmascara,17,reviewed,
ES,enmascarar,Imperativo,Imperativo,él,enmascaque,17,reviewed,
ES,enmascarar,Imperativo,Imperativo,nosotros,enmascaquemos,17,reviewed,
ES,enmascarar,Imperativo,Imperativo,vosotros,enmascarad,17,reviewed,
ES,enmascarar,Imperativo,Imperativo,ellos,enmascaquen,17,reviewed,
ES,enmascarar,Indicativo,Futuro perfecto,yo,habré enmascarado,17,reviewed,
ES,enmascarar,Indicativo,Futuro perfecto,tú,habrás enmascarado,17,reviewed,
ES,enmascarar,Indicativo,Futuro perfecto,él,habrá enmascarado,17,reviewed,
ES,enmascarar,Indicativo,Futuro perfecto,nosotros,habremos enmascarado,17,reviewed,
ES,enmascarar,Indicativo,Futuro perfecto,vosotros,habréis enmascarado,17,reviewed,
ES,enmascarar,Indicativo,Futuro perfecto,ellos,habrán enmascarado,17,reviewed,
ES,enmascarar,Subjuntivo,Subjuntivo presente,yo,enmascaque,17,reviewed,
ES,enmascarar,Subjuntivo,Subjuntivo presente,tú,enmascaques,17,reviewed,
ES,enmascarar,Subjuntivo,Subjuntivo presente,él,enmascaque,17,reviewed,
ES,enmascarar,Subjuntivo,Subjuntivo presente,nosotros,enmascaquemos,17,reviewed,
ES,enmascarar,Subjuntivo,Subjuntivo presente,vosotros,enmascaquéis,17,reviewed,
ES,enmascarar,Subjuntivo,Subjuntivo presente,ellos,enmascaquen,17,reviewed,
ES,enmascarar,Indicativo,Pretérito perfecto simple,yo,enmascaqué,17,reviewed,
ES,enmascarar,Indicativo,Pretérito perfecto simple,tú,enmascaraste,17,reviewed,
ES,enmascarar,Indicativo,Pretérito perfecto simple,él,enmascaró,17,reviewed,
ES,enmascarar,Indicativo,Pretérito perfecto simple,nosotros,enmascaramos,17,reviewed,
ES,enmascarar,Indicativo,Pretérito perfecto simple,vosotros,enmascarasteis,17,reviewed,
ES,enmascarar,Indicativo,Pretérito perfecto simple,ellos,enmascararon,17,reviewed,
ES,enmascarar,Indicativo,Pretérito pluscuamperfecto,yo,había enmascarado,17,reviewed,
ES,enmascarar,Indicativo,Pretérito pluscuamperfecto,tú,habías enmascarado,17,reviewed,
ES,enmascarar,Indicativo,Pretérito pluscuamperfecto,él,había enmascarado,17,reviewed,
ES,enmascarar,Indicativo,Pretérito pluscuamperfecto,nosotros,habíamos enmascarado,17,reviewed,
ES,enmascarar,Indicativo,Pretérito pluscuamperfecto,vosotros,habíais enmascarado,17,reviewed,
ES,enmascarar,Indicativo,Pretérito pluscuamperfecto,ellos,habían enmascarado,17,reviewed,
ES,ocultar,Indicativo,Presente,yo,oculto,17,reviewed,
ES,ocultar,Indicativo,Presente,tú,ocultas,17,reviewed,
ES,ocultar,Indicativo,Presente,él,oculta,17,reviewed,
ES,ocultar,Indicativo,Presente,nosotros,ocultamos,17,reviewed,
ES,ocultar,Indicativo,Presente,vosotros,ocultáis,17,reviewed,
ES,ocultar,Indicativo,Presente,ellos,ocultan,17,reviewed,
ES,ocultar,Indicativo,Futuro,yo,ocultaré,17,reviewed,
ES,ocultar,Indicativo,Futuro,tú,ocultarás,17,reviewed,
ES,ocultar,Indicativo,Futuro,él,ocultará,17,reviewed,
ES,ocultar,Indicativo,Futuro,nosotros,ocultaremos,17,reviewed,
ES,ocultar,Indicativo,Futuro,vosotros,ocultaréis,17,reviewed,
ES,ocultar,Indicativo,Futuro,ellos,ocultarán,17,reviewed,
ES,ocultar,Indicativo,Pretérito perfecto compuesto,yo,he ocultado,17,reviewed,
ES,ocultar,Indicativo,Pretérito perfecto compuesto,tú,has ocultado,17,reviewed,
ES,ocultar,Indicativo,Pretérito perfecto compuesto,él,ha ocultado,17,reviewed,
ES,ocultar,Indicativo,Pretérito perfecto compuesto,nosotros,hemos ocultado,17,reviewed,
ES,ocultar,Indicativo,Pretérito perfecto compuesto,vosotros,habéis ocultado,17,reviewed,
ES,ocultar,Indicativo,Pretérito perfecto compuesto,ellos,han ocultado,17,reviewed,
ES,ocultar,Indicativo,Pretérito imperfecto,yo,ocultaba,17,reviewed,
ES,ocultar,Indicativo,Pretérito imperfecto,tú,ocultabas,17,reviewed,
ES,ocultar,Indicativo,Pretérito imperfecto,él,ocultaba,17,reviewed,
ES,ocultar,Indicativo,Pretérito imperfecto,nosotros,ocultábamos,17,reviewed,
ES,ocultar,Indicativo,Pretérito imperfecto,vosotros,ocultabais,17,reviewed,
ES,ocultar,Indicativo,Pretérito imperfecto,ellos,ocultaban,17,reviewed,
ES,ocultar,Condicional,Condicional,yo,ocultaría,17,reviewed,
ES,ocultar,Condicional,Condicional,tú,ocultarías,17,reviewed,
ES,ocultar,Condicional,Condicional,él,ocultaría,17,reviewed,
ES,ocultar,Condicional,Condicional,nosotros,ocultaríamos,17,reviewed,
ES,ocultar,Condicional,Condicional,vosotros,ocultaríais,17,reviewed,
ES,ocultar,Condicional,Condicional,ellos,ocultarían,17,reviewed,
ES,ocultar,Imperativo,Imperativo,yo,-,17,reviewed,Spanish has no standard first-person singular imperative; placeholder - used
ES,ocultar,Imperativo,Imperativo,tú,oculta,17,reviewed,
ES,ocultar,Imperativo,Imperativo,él,oculte,17,reviewed,
ES,ocultar,Imperativo,Imperativo,nosotros,ocultemos,17,reviewed,
ES,ocultar,Imperativo,Imperativo,vosotros,ocultad,17,reviewed,
ES,ocultar,Imperativo,Imperativo,ellos,oculten,17,reviewed,
ES,ocultar,Indicativo,Futuro perfecto,yo,habré ocultado,17,reviewed,
ES,ocultar,Indicativo,Futuro perfecto,tú,habrás ocultado,17,reviewed,
ES,ocultar,Indicativo,Futuro perfecto,él,habrá ocultado,17,reviewed,
ES,ocultar,Indicativo,Futuro perfecto,nosotros,habremos ocultado,17,reviewed,
ES,ocultar,Indicativo,Futuro perfecto,vosotros,habréis ocultado,17,reviewed,
ES,ocultar,Indicativo,Futuro perfecto,ellos,habrán ocultado,17,reviewed,
ES,ocultar,Subjuntivo,Subjuntivo presente,yo,oculte,17,reviewed,
ES,ocultar,Subjuntivo,Subjuntivo presente,tú,ocultes,17,reviewed,
ES,ocultar,Subjuntivo,Subjuntivo presente,él,oculte,17,reviewed,
ES,ocultar,Subjuntivo,Subjuntivo presente,nosotros,ocultemos,17,reviewed,
ES,ocultar,Subjuntivo,Subjuntivo presente,vosotros,ocultéis,17,reviewed,
ES,ocultar,Subjuntivo,Subjuntivo presente,ellos,oculten,17,reviewed,
ES,ocultar,Indicativo,Pretérito perfecto simple,yo,oculté,17,reviewed,
ES,ocultar,Indicativo,Pretérito perfecto simple,tú,ocultaste,17,reviewed,
ES,ocultar,Indicativo,Pretérito perfecto simple,él,ocultó,17,reviewed,
ES,ocultar,Indicativo,Pretérito perfecto simple,nosotros,ocultamos,17,reviewed,
ES,ocultar,Indicativo,Pretérito perfecto simple,vosotros,ocultasteis,17,reviewed,
ES,ocultar,Indicativo,Pretérito perfecto simple,ellos,ocultaron,17,reviewed,
ES,ocultar,Indicativo,Pretérito pluscuamperfecto,yo,había ocultado,17,reviewed,
ES,ocultar,Indicativo,Pretérito pluscuamperfecto,tú,habías ocultado,17,reviewed,
ES,ocultar,Indicativo,Pretérito pluscuamperfecto,él,había ocultado,17,reviewed,
ES,ocultar,Indicativo,Pretérito pluscuamperfecto,nosotros,habíamos ocultado,17,reviewed,
ES,ocultar,Indicativo,Pretérito pluscuamperfecto,vosotros,habíais ocultado,17,reviewed,
ES,ocultar,Indicativo,Pretérito pluscuamperfecto,ellos,habían ocultado,17,reviewed,
ES,resucitar,Indicativo,Presente,yo,resucito,17,reviewed,
ES,resucitar,Indicativo,Presente,tú,resucitas,17,reviewed,
ES,resucitar,Indicativo,Presente,él,resucita,17,reviewed,
ES,resucitar,Indicativo,Presente,nosotros,resucitamos,17,reviewed,
ES,resucitar,Indicativo,Presente,vosotros,resucitáis,17,reviewed,
ES,resucitar,Indicativo,Presente,ellos,resucitan,17,reviewed,
ES,resucitar,Indicativo,Futuro,yo,resucitaré,17,reviewed,
ES,resucitar,Indicativo,Futuro,tú,resucitarás,17,reviewed,
ES,resucitar,Indicativo,Futuro,él,resucitará,17,reviewed,
ES,resucitar,Indicativo,Futuro,nosotros,resucitaremos,17,reviewed,
ES,resucitar,Indicativo,Futuro,vosotros,resucitaréis,17,reviewed,
ES,resucitar,Indicativo,Futuro,ellos,resucitarán,17,reviewed,
ES,resucitar,Indicativo,Pretérito perfecto compuesto,yo,he resucitado,17,reviewed,
ES,resucitar,Indicativo,Pretérito perfecto compuesto,tú,has resucitado,17,reviewed,
ES,resucitar,Indicativo,Pretérito perfecto compuesto,él,ha resucitado,17,reviewed,
ES,resucitar,Indicativo,Pretérito perfecto compuesto,nosotros,hemos resucitado,17,reviewed,
ES,resucitar,Indicativo,Pretérito perfecto compuesto,vosotros,habéis resucitado,17,reviewed,
ES,resucitar,Indicativo,Pretérito perfecto compuesto,ellos,han resucitado,17,reviewed,
ES,resucitar,Indicativo,Pretérito imperfecto,yo,resucitaba,17,reviewed,
ES,resucitar,Indicativo,Pretérito imperfecto,tú,resucitabas,17,reviewed,
ES,resucitar,Indicativo,Pretérito imperfecto,él,resucitaba,17,reviewed,
ES,resucitar,Indicativo,Pretérito imperfecto,nosotros,resucitábamos,17,reviewed,
ES,resucitar,Indicativo,Pretérito imperfecto,vosotros,resucitabais,17,reviewed,
ES,resucitar,Indicativo,Pretérito imperfecto,ellos,resucitaban,17,reviewed,
ES,resucitar,Condicional,Condicional,yo,resucitaría,17,reviewed,
ES,resucitar,Condicional,Condicional,tú,resucitarías,17,reviewed,
ES,resucitar,Condicional,Condicional,él,resucitaría,17,reviewed,
ES,resucitar,Condicional,Condicional,nosotros,resucitaríamos,17,reviewed,
ES,resucitar,Condicional,Condicional,vosotros,resucitaríais,17,reviewed,
ES,resucitar,Condicional,Condicional,ellos,resucitarían,17,reviewed,
ES,resucitar,Imperativo,Imperativo,yo,-,17,reviewed,Spanish has no standard first-person singular imperative; placeholder - used
ES,resucitar,Imperativo,Imperativo,tú,resucita,17,reviewed,
ES,resucitar,Imperativo,Imperativo,él,resucite,17,reviewed,
ES,resucitar,Imperativo,Imperativo,nosotros,resucitemos,17,reviewed,
ES,resucitar,Imperativo,Imperativo,vosotros,resucitad,17,reviewed,
ES,resucitar,Imperativo,Imperativo,ellos,resuciten,17,reviewed,
ES,resucitar,Indicativo,Futuro perfecto,yo,habré resucitado,17,reviewed,
ES,resucitar,Indicativo,Futuro perfecto,tú,habrás resucitado,17,reviewed,
ES,resucitar,Indicativo,Futuro perfecto,él,habrá resucitado,17,reviewed,
ES,resucitar,Indicativo,Futuro perfecto,nosotros,habremos resucitado,17,reviewed,
ES,resucitar,Indicativo,Futuro perfecto,vosotros,habréis resucitado,17,reviewed,
ES,resucitar,Indicativo,Futuro perfecto,ellos,habrán resucitado,17,reviewed,
ES,resucitar,Subjuntivo,Subjuntivo presente,yo,resucite,17,reviewed,
ES,resucitar,Subjuntivo,Subjuntivo presente,tú,resucites,17,reviewed,
ES,resucitar,Subjuntivo,Subjuntivo presente,él,resucite,17,reviewed,
ES,resucitar,Subjuntivo,Subjuntivo presente,nosotros,resucitemos,17,reviewed,
ES,resucitar,Subjuntivo,Subjuntivo presente,vosotros,resucitéis,17,reviewed,
ES,resucitar,Subjuntivo,Subjuntivo presente,ellos,resuciten,17,reviewed,
ES,resucitar,Indicativo,Pretérito perfecto simple,yo,resucité,17,reviewed,
ES,resucitar,Indicativo,Pretérito perfecto simple,tú,resucitaste,17,reviewed,
ES,resucitar,Indicativo,Pretérito perfecto simple,él,resucitó,17,reviewed,
ES,resucitar,Indicativo,Pretérito perfecto simple,nosotros,resucitamos,17,reviewed,
ES,resucitar,Indicativo,Pretérito perfecto simple,vosotros,resucitasteis,17,reviewed,
ES,resucitar,Indicativo,Pretérito perfecto simple,ellos,resucitaron,17,reviewed,
ES,resucitar,Indicativo,Pretérito pluscuamperfecto,yo,había resucitado,17,reviewed,
ES,resucitar,Indicativo,Pretérito pluscuamperfecto,tú,habías resucitado,17,reviewed,
ES,resucitar,Indicativo,Pretérito pluscuamperfecto,él,había resucitado,17,reviewed,
ES,resucitar,Indicativo,Pretérito pluscuamperfecto,nosotros,habíamos resucitado,17,reviewed,
ES,resucitar,Indicativo,Pretérito pluscuamperfecto,vosotros,habíais resucitado,17,reviewed,
ES,resucitar,Indicativo,Pretérito pluscuamperfecto,ellos,habían resucitado,17,reviewed,
ES,tropezar,Indicativo,Presente,yo,tropiezo,17,reviewed,
ES,tropezar,Indicativo,Presente,tú,tropiezas,17,reviewed,
ES,tropezar,Indicativo,Presente,él,tropieza,17,reviewed,
ES,tropezar,Indicativo,Presente,nosotros,tropezamos,17,reviewed,
ES,tropezar,Indicativo,Presente,vosotros,tropezáis,17,reviewed,
ES,tropezar,Indicativo,Presente,ellos,tropiezan,17,reviewed,
ES,tropezar,Indicativo,Futuro,yo,tropezaré,17,reviewed,
ES,tropezar,Indicativo,Futuro,tú,tropezarás,17,reviewed,
ES,tropezar,Indicativo,Futuro,él,tropezará,17,reviewed,
ES,tropezar,Indicativo,Futuro,nosotros,tropezaremos,17,reviewed,
ES,tropezar,Indicativo,Futuro,vosotros,tropezaréis,17,reviewed,
ES,tropezar,Indicativo,Futuro,ellos,tropezarán,17,reviewed,
ES,tropezar,Indicativo,Pretérito perfecto compuesto,yo,he tropezado,17,reviewed,
ES,tropezar,Indicativo,Pretérito perfecto compuesto,tú,has tropezado,17,reviewed,
ES,tropezar,Indicativo,Pretérito perfecto compuesto,él,ha tropezado,17,reviewed,
ES,tropezar,Indicativo,Pretérito perfecto compuesto,nosotros,hemos tropezado,17,reviewed,
ES,tropezar,Indicativo,Pretérito perfecto compuesto,vosotros,habéis tropezado,17,reviewed,
ES,tropezar,Indicativo,Pretérito perfecto compuesto,ellos,han tropezado,17,reviewed,
ES,tropezar,Indicativo,Pretérito imperfecto,yo,tropezaba,17,reviewed,
ES,tropezar,Indicativo,Pretérito imperfecto,tú,tropezabas,17,reviewed,
ES,tropezar,Indicativo,Pretérito imperfecto,él,tropezaba,17,reviewed,
ES,tropezar,Indicativo,Pretérito imperfecto,nosotros,tropezábamos,17,reviewed,
ES,tropezar,Indicativo,Pretérito imperfecto,vosotros,tropezabais,17,reviewed,
ES,tropezar,Indicativo,Pretérito imperfecto,ellos,tropezaban,17,reviewed,
ES,tropezar,Condicional,Condicional,yo,tropezaría,17,reviewed,
ES,tropezar,Condicional,Condicional,tú,tropezarías,17,reviewed,
ES,tropezar,Condicional,Condicional,él,tropezaría,17,reviewed,
ES,tropezar,Condicional,Condicional,nosotros,tropezaríamos,17,reviewed,
ES,tropezar,Condicional,Condicional,vosotros,tropezaríais,17,reviewed,
ES,tropezar,Condicional,Condicional,ellos,tropezarían,17,reviewed,
ES,tropezar,Imperativo,Imperativo,yo,-,17,reviewed,Spanish has no standard first-person singular imperative; placeholder - used
ES,tropezar,Imperativo,Imperativo,tú,tropieza,17,reviewed,
ES,tropezar,Imperativo,Imperativo,él,tropieze,17,reviewed,
ES,tropezar,Imperativo,Imperativo,nosotros,tropecemos,17,reviewed,
ES,tropezar,Imperativo,Imperativo,vosotros,tropezad,17,reviewed,
ES,tropezar,Imperativo,Imperativo,ellos,tropiezen,17,reviewed,
ES,tropezar,Indicativo,Futuro perfecto,yo,habré tropezado,17,reviewed,
ES,tropezar,Indicativo,Futuro perfecto,tú,habrás tropezado,17,reviewed,
ES,tropezar,Indicativo,Futuro perfecto,él,habrá tropezado,17,reviewed,
ES,tropezar,Indicativo,Futuro perfecto,nosotros,habremos tropezado,17,reviewed,
ES,tropezar,Indicativo,Futuro perfecto,vosotros,habréis tropezado,17,reviewed,
ES,tropezar,Indicativo,Futuro perfecto,ellos,habrán tropezado,17,reviewed,
ES,tropezar,Subjuntivo,Subjuntivo presente,yo,tropieze,17,reviewed,
ES,tropezar,Subjuntivo,Subjuntivo presente,tú,tropiezes,17,reviewed,
ES,tropezar,Subjuntivo,Subjuntivo presente,él,tropieze,17,reviewed,
ES,tropezar,Subjuntivo,Subjuntivo presente,nosotros,tropecemos,17,reviewed,
ES,tropezar,Subjuntivo,Subjuntivo presente,vosotros,tropecéis,17,reviewed,
ES,tropezar,Subjuntivo,Subjuntivo presente,ellos,tropiezen,17,reviewed,
ES,tropezar,Indicativo,Pretérito perfecto simple,yo,tropecé,17,reviewed,
ES,tropezar,Indicativo,Pretérito perfecto simple,tú,tropezaste,17,reviewed,
ES,tropezar,Indicativo,Pretérito perfecto simple,él,tropezó,17,reviewed,
ES,tropezar,Indicativo,Pretérito perfecto simple,nosotros,tropezamos,17,reviewed,
ES,tropezar,Indicativo,Pretérito perfecto simple,vosotros,tropezasteis,17,reviewed,
ES,tropezar,Indicativo,Pretérito perfecto simple,ellos,tropezaron,17,reviewed,
ES,tropezar,Indicativo,Pretérito pluscuamperfecto,yo,había tropezado,17,reviewed,
ES,tropezar,Indicativo,Pretérito pluscuamperfecto,tú,habías tropezado,17,reviewed,
ES,tropezar,Indicativo,Pretérito pluscuamperfecto,él,había tropezado,17,reviewed,
ES,tropezar,Indicativo,Pretérito pluscuamperfecto,nosotros,habíamos tropezado,17,reviewed,
ES,tropezar,Indicativo,Pretérito pluscuamperfecto,vosotros,habíais tropezado,17,reviewed,
ES,tropezar,Indicativo,Pretérito pluscuamperfecto,ellos,habían tropezado,17,reviewed,
ES,despreciar,Indicativo,Presente,yo,desprecio,17,reviewed,
ES,despreciar,Indicativo,Presente,tú,desprecias,17,reviewed,
ES,despreciar,Indicativo,Presente,él,desprecia,17,reviewed,
ES,despreciar,Indicativo,Presente,nosotros,despreciamos,17,reviewed,
ES,despreciar,Indicativo,Presente,vosotros,despreciáis,17,reviewed,
ES,despreciar,Indicativo,Presente,ellos,desprecian,17,reviewed,
ES,despreciar,Indicativo,Futuro,yo,despreciaré,17,reviewed,
ES,despreciar,Indicativo,Futuro,tú,despreciarás,17,reviewed,
ES,despreciar,Indicativo,Futuro,él,despreciará,17,reviewed,
ES,despreciar,Indicativo,Futuro,nosotros,despreciaremos,17,reviewed,
ES,despreciar,Indicativo,Futuro,vosotros,despreciaréis,17,reviewed,
ES,despreciar,Indicativo,Futuro,ellos,despreciarán,17,reviewed,
ES,despreciar,Indicativo,Pretérito perfecto compuesto,yo,he despreciado,17,reviewed,
ES,despreciar,Indicativo,Pretérito perfecto compuesto,tú,has despreciado,17,reviewed,
ES,despreciar,Indicativo,Pretérito perfecto compuesto,él,ha despreciado,17,reviewed,
ES,despreciar,Indicativo,Pretérito perfecto compuesto,nosotros,hemos despreciado,17,reviewed,
ES,despreciar,Indicativo,Pretérito perfecto compuesto,vosotros,habéis despreciado,17,reviewed,
ES,despreciar,Indicativo,Pretérito perfecto compuesto,ellos,han despreciado,17,reviewed,
ES,despreciar,Indicativo,Pretérito imperfecto,yo,despreciaba,17,reviewed,
ES,despreciar,Indicativo,Pretérito imperfecto,tú,despreciabas,17,reviewed,
ES,despreciar,Indicativo,Pretérito imperfecto,él,despreciaba,17,reviewed,
ES,despreciar,Indicativo,Pretérito imperfecto,nosotros,despreciábamos,17,reviewed,
ES,despreciar,Indicativo,Pretérito imperfecto,vosotros,despreciabais,17,reviewed,
ES,despreciar,Indicativo,Pretérito imperfecto,ellos,despreciaban,17,reviewed,
ES,despreciar,Condicional,Condicional,yo,despreciaría,17,reviewed,
ES,despreciar,Condicional,Condicional,tú,despreciarías,17,reviewed,
ES,despreciar,Condicional,Condicional,él,despreciaría,17,reviewed,
ES,despreciar,Condicional,Condicional,nosotros,despreciaríamos,17,reviewed,
ES,despreciar,Condicional,Condicional,vosotros,despreciaríais,17,reviewed,
ES,despreciar,Condicional,Condicional,ellos,despreciarían,17,reviewed,
ES,despreciar,Imperativo,Imperativo,yo,-,17,reviewed,Spanish has no standard first-person singular imperative; placeholder - used
ES,despreciar,Imperativo,Imperativo,tú,desprecia,17,reviewed,
ES,despreciar,Imperativo,Imperativo,él,desprecie,17,reviewed,
ES,despreciar,Imperativo,Imperativo,nosotros,despreciemos,17,reviewed,
ES,despreciar,Imperativo,Imperativo,vosotros,despreciad,17,reviewed,
ES,despreciar,Imperativo,Imperativo,ellos,desprecien,17,reviewed,
ES,despreciar,Indicativo,Futuro perfecto,yo,habré despreciado,17,reviewed,
ES,despreciar,Indicativo,Futuro perfecto,tú,habrás despreciado,17,reviewed,
ES,despreciar,Indicativo,Futuro perfecto,él,habrá despreciado,17,reviewed,
ES,despreciar,Indicativo,Futuro perfecto,nosotros,habremos despreciado,17,reviewed,
ES,despreciar,Indicativo,Futuro perfecto,vosotros,habréis despreciado,17,reviewed,
ES,despreciar,Indicativo,Futuro perfecto,ellos,habrán despreciado,17,reviewed,
ES,despreciar,Subjuntivo,Subjuntivo presente,yo,desprecie,17,reviewed,
ES,despreciar,Subjuntivo,Subjuntivo presente,tú,desprecies,17,reviewed,
ES,despreciar,Subjuntivo,Subjuntivo presente,él,desprecie,17,reviewed,
ES,despreciar,Subjuntivo,Subjuntivo presente,nosotros,despreciemos,17,reviewed,
ES,despreciar,Subjuntivo,Subjuntivo presente,vosotros,despreciéis,17,reviewed,
ES,despreciar,Subjuntivo,Subjuntivo presente,ellos,desprecien,17,reviewed,
ES,despreciar,Indicativo,Pretérito perfecto simple,yo,desprecié,17,reviewed,
ES,despreciar,Indicativo,Pretérito perfecto simple,tú,despreciaste,17,reviewed,
ES,despreciar,Indicativo,Pretérito perfecto simple,él,despreció,17,reviewed,
ES,despreciar,Indicativo,Pretérito perfecto simple,nosotros,despreciamos,17,reviewed,
ES,despreciar,Indicativo,Pretérito perfecto simple,vosotros,despreciasteis,17,reviewed,
ES,despreciar,Indicativo,Pretérito perfecto simple,ellos,despreciaron,17,reviewed,
ES,despreciar,Indicativo,Pretérito pluscuamperfecto,yo,había despreciado,17,reviewed,
ES,despreciar,Indicativo,Pretérito pluscuamperfecto,tú,habías despreciado,17,reviewed,
ES,despreciar,Indicativo,Pretérito pluscuamperfecto,él,había despreciado,17,reviewed,
ES,despreciar,Indicativo,Pretérito pluscuamperfecto,nosotros,habíamos despreciado,17,reviewed,
ES,despreciar,Indicativo,Pretérito pluscuamperfecto,vosotros,habíais despreciado,17,reviewed,
ES,despreciar,Indicativo,Pretérito pluscuamperfecto,ellos,habían despreciado,17,reviewed,
ES,recortar,Indicativo,Presente,yo,recorto,17,reviewed,
ES,recortar,Indicativo,Presente,tú,recortas,17,reviewed,
ES,recortar,Indicativo,Presente,él,recorta,17,reviewed,
ES,recortar,Indicativo,Presente,nosotros,recortamos,17,reviewed,
ES,recortar,Indicativo,Presente,vosotros,recortáis,17,reviewed,
ES,recortar,Indicativo,Presente,ellos,recortan,17,reviewed,
ES,recortar,Indicativo,Futuro,yo,recortaré,17,reviewed,
ES,recortar,Indicativo,Futuro,tú,recortarás,17,reviewed,
ES,recortar,Indicativo,Futuro,él,recortará,17,reviewed,
ES,recortar,Indicativo,Futuro,nosotros,recortaremos,17,reviewed,
ES,recortar,Indicativo,Futuro,vosotros,recortaréis,17,reviewed,
ES,recortar,Indicativo,Futuro,ellos,recortarán,17,reviewed,
ES,recortar,Indicativo,Pretérito perfecto compuesto,yo,he recortado,17,reviewed,
ES,recortar,Indicativo,Pretérito perfecto compuesto,tú,has recortado,17,reviewed,
ES,recortar,Indicativo,Pretérito perfecto compuesto,él,ha recortado,17,reviewed,
ES,recortar,Indicativo,Pretérito perfecto compuesto,nosotros,hemos recortado,17,reviewed,
ES,recortar,Indicativo,Pretérito perfecto compuesto,vosotros,habéis recortado,17,reviewed,
ES,recortar,Indicativo,Pretérito perfecto compuesto,ellos,han recortado,17,reviewed,
ES,recortar,Indicativo,Pretérito imperfecto,yo,recortaba,17,reviewed,
ES,recortar,Indicativo,Pretérito imperfecto,tú,recortabas,17,reviewed,
ES,recortar,Indicativo,Pretérito imperfecto,él,recortaba,17,reviewed,
ES,recortar,Indicativo,Pretérito imperfecto,nosotros,recortábamos,17,reviewed,
ES,recortar,Indicativo,Pretérito imperfecto,vosotros,recortabais,17,reviewed,
ES,recortar,Indicativo,Pretérito imperfecto,ellos,recortaban,17,reviewed,
ES,recortar,Condicional,Condicional,yo,recortaría,17,reviewed,
ES,recortar,Condicional,Condicional,tú,recortarías,17,reviewed,
ES,recortar,Condicional,Condicional,él,recortaría,17,reviewed,
ES,recortar,Condicional,Condicional,nosotros,recortaríamos,17,reviewed,
ES,recortar,Condicional,Condicional,vosotros,recortaríais,17,reviewed,
ES,recortar,Condicional,Condicional,ellos,recortarían,17,reviewed,
ES,recortar,Imperativo,Imperativo,yo,-,17,reviewed,Spanish has no standard first-person singular imperative; placeholder - used
ES,recortar,Imperativo,Imperativo,tú,recorta,17,reviewed,
ES,recortar,Imperativo,Imperativo,él,recorte,17,reviewed,
ES,recortar,Imperativo,Imperativo,nosotros,recortemos,17,reviewed,
ES,recortar,Imperativo,Imperativo,vosotros,recortad,17,reviewed,
ES,recortar,Imperativo,Imperativo,ellos,recorten,17,reviewed,
ES,recortar,Indicativo,Futuro perfecto,yo,habré recortado,17,reviewed,
ES,recortar,Indicativo,Futuro perfecto,tú,habrás recortado,17,reviewed,
ES,recortar,Indicativo,Futuro perfecto,él,habrá recortado,17,reviewed,
ES,recortar,Indicativo,Futuro perfecto,nosotros,habremos recortado,17,reviewed,
ES,recortar,Indicativo,Futuro perfecto,vosotros,habréis recortado,17,reviewed,
ES,recortar,Indicativo,Futuro perfecto,ellos,habrán recortado,17,reviewed,
ES,recortar,Subjuntivo,Subjuntivo presente,yo,recorte,17,reviewed,
ES,recortar,Subjuntivo,Subjuntivo presente,tú,recortes,17,reviewed,
ES,recortar,Subjuntivo,Subjuntivo presente,él,recorte,17,reviewed,
ES,recortar,Subjuntivo,Subjuntivo presente,nosotros,recortemos,17,reviewed,
ES,recortar,Subjuntivo,Subjuntivo presente,vosotros,recortéis,17,reviewed,
ES,recortar,Subjuntivo,Subjuntivo presente,ellos,recorten,17,reviewed,
ES,recortar,Indicativo,Pretérito perfecto simple,yo,recorté,17,reviewed,
ES,recortar,Indicativo,Pretérito perfecto simple,tú,recortaste,17,reviewed,
ES,recortar,Indicativo,Pretérito perfecto simple,él,recortó,17,reviewed,
ES,recortar,Indicativo,Pretérito perfecto simple,nosotros,recortamos,17,reviewed,
ES,recortar,Indicativo,Pretérito perfecto simple,vosotros,recortasteis,17,reviewed,
ES,recortar,Indicativo,Pretérito perfecto simple,ellos,recortaron,17,reviewed,
ES,recortar,Indicativo,Pretérito pluscuamperfecto,yo,había recortado,17,reviewed,
ES,recortar,Indicativo,Pretérito pluscuamperfecto,tú,habías recortado,17,reviewed,
ES,recortar,Indicativo,Pretérito pluscuamperfecto,él,había recortado,17,reviewed,
ES,recortar,Indicativo,Pretérito pluscuamperfecto,nosotros,habíamos recortado,17,reviewed,
ES,recortar,Indicativo,Pretérito pluscuamperfecto,vosotros,habíais recortado,17,reviewed,
ES,recortar,Indicativo,Pretérito pluscuamperfecto,ellos,habían recortado,17,reviewed,
ES,cortar,Indicativo,Presente,yo,corto,17,reviewed,
ES,cortar,Indicativo,Presente,tú,cortas,17,reviewed,
ES,cortar,Indicativo,Presente,él,corta,17,reviewed,
ES,cortar,Indicativo,Presente,nosotros,cortamos,17,reviewed,
ES,cortar,Indicativo,Presente,vosotros,cortáis,17,reviewed,
ES,cortar,Indicativo,Presente,ellos,cortan,17,reviewed,
ES,cortar,Indicativo,Futuro,yo,cortaré,17,reviewed,
ES,cortar,Indicativo,Futuro,tú,cortarás,17,reviewed,
ES,cortar,Indicativo,Futuro,él,cortará,17,reviewed,
ES,cortar,Indicativo,Futuro,nosotros,cortaremos,17,reviewed,
ES,cortar,Indicativo,Futuro,vosotros,cortaréis,17,reviewed,
ES,cortar,Indicativo,Futuro,ellos,cortarán,17,reviewed,
ES,cortar,Indicativo,Pretérito perfecto compuesto,yo,he cortado,17,reviewed,
ES,cortar,Indicativo,Pretérito perfecto compuesto,tú,has cortado,17,reviewed,
ES,cortar,Indicativo,Pretérito perfecto compuesto,él,ha cortado,17,reviewed,
ES,cortar,Indicativo,Pretérito perfecto compuesto,nosotros,hemos cortado,17,reviewed,
ES,cortar,Indicativo,Pretérito perfecto compuesto,vosotros,habéis cortado,17,reviewed,
ES,cortar,Indicativo,Pretérito perfecto compuesto,ellos,han cortado,17,reviewed,
ES,cortar,Indicativo,Pretérito imperfecto,yo,cortaba,17,reviewed,
ES,cortar,Indicativo,Pretérito imperfecto,tú,cortabas,17,reviewed,
ES,cortar,Indicativo,Pretérito imperfecto,él,cortaba,17,reviewed,
ES,cortar,Indicativo,Pretérito imperfecto,nosotros,cortábamos,17,reviewed,
ES,cortar,Indicativo,Pretérito imperfecto,vosotros,cortabais,17,reviewed,
ES,cortar,Indicativo,Pretérito imperfecto,ellos,cortaban,17,reviewed,
ES,cortar,Condicional,Condicional,yo,cortaría,17,reviewed,
ES,cortar,Condicional,Condicional,tú,cortarías,17,reviewed,
ES,cortar,Condicional,Condicional,él,cortaría,17,reviewed,
ES,cortar,Condicional,Condicional,nosotros,cortaríamos,17,reviewed,
ES,cortar,Condicional,Condicional,vosotros,cortaríais,17,reviewed,
ES,cortar,Condicional,Condicional,ellos,cortarían,17,reviewed,
ES,cortar,Imperativo,Imperativo,yo,-,17,reviewed,Spanish has no standard first-person singular imperative; placeholder - used
ES,cortar,Imperativo,Imperativo,tú,corta,17,reviewed,
ES,cortar,Imperativo,Imperativo,él,corte,17,reviewed,
ES,cortar,Imperativo,Imperativo,nosotros,cortemos,17,reviewed,
ES,cortar,Imperativo,Imperativo,vosotros,cortad,17,reviewed,
ES,cortar,Imperativo,Imperativo,ellos,corten,17,reviewed,
ES,cortar,Indicativo,Futuro perfecto,yo,habré cortado,17,reviewed,
ES,cortar,Indicativo,Futuro perfecto,tú,habrás cortado,17,reviewed,
ES,cortar,Indicativo,Futuro perfecto,él,habrá cortado,17,reviewed,
ES,cortar,Indicativo,Futuro perfecto,nosotros,habremos cortado,17,reviewed,
ES,cortar,Indicativo,Futuro perfecto,vosotros,habréis cortado,17,reviewed,
ES,cortar,Indicativo,Futuro perfecto,ellos,habrán cortado,17,reviewed,
ES,cortar,Subjuntivo,Subjuntivo presente,yo,corte,17,reviewed,
ES,cortar,Subjuntivo,Subjuntivo presente,tú,cortes,17,reviewed,
ES,cortar,Subjuntivo,Subjuntivo presente,él,corte,17,reviewed,
ES,cortar,Subjuntivo,Subjuntivo presente,nosotros,cortemos,17,reviewed,
ES,cortar,Subjuntivo,Subjuntivo presente,vosotros,cortéis,17,reviewed,
ES,cortar,Subjuntivo,Subjuntivo presente,ellos,corten,17,reviewed,
ES,cortar,Indicativo,Pretérito perfecto simple,yo,corté,17,reviewed,
ES,cortar,Indicativo,Pretérito perfecto simple,tú,cortaste,17,reviewed,
ES,cortar,Indicativo,Pretérito perfecto simple,él,cortó,17,reviewed,
ES,cortar,Indicativo,Pretérito perfecto simple,nosotros,cortamos,17,reviewed,
ES,cortar,Indicativo,Pretérito perfecto simple,vosotros,cortasteis,17,reviewed,
ES,cortar,Indicativo,Pretérito perfecto simple,ellos,cortaron,17,reviewed,
ES,cortar,Indicativo,Pretérito pluscuamperfecto,yo,había cortado,17,reviewed,
ES,cortar,Indicativo,Pretérito pluscuamperfecto,tú,habías cortado,17,reviewed,
ES,cortar,Indicativo,Pretérito pluscuamperfecto,él,había cortado,17,reviewed,
ES,cortar,Indicativo,Pretérito pluscuamperfecto,nosotros,habíamos cortado,17,reviewed,
ES,cortar,Indicativo,Pretérito pluscuamperfecto,vosotros,habíais cortado,17,reviewed,
ES,cortar,Indicativo,Pretérito pluscuamperfecto,ellos,habían cortado,17,reviewed,
ES,proclamar,Indicativo,Presente,yo,proclamo,17,reviewed,
ES,proclamar,Indicativo,Presente,tú,proclamas,17,reviewed,
ES,proclamar,Indicativo,Presente,él,proclama,17,reviewed,
ES,proclamar,Indicativo,Presente,nosotros,proclamamos,17,reviewed,
ES,proclamar,Indicativo,Presente,vosotros,proclamáis,17,reviewed,
ES,proclamar,Indicativo,Presente,ellos,proclaman,17,reviewed,
ES,proclamar,Indicativo,Futuro,yo,proclamaré,17,reviewed,
ES,proclamar,Indicativo,Futuro,tú,proclamarás,17,reviewed,
ES,proclamar,Indicativo,Futuro,él,proclamará,17,reviewed,
ES,proclamar,Indicativo,Futuro,nosotros,proclamaremos,17,reviewed,
ES,proclamar,Indicativo,Futuro,vosotros,proclamaréis,17,reviewed,
ES,proclamar,Indicativo,Futuro,ellos,proclamarán,17,reviewed,
ES,proclamar,Indicativo,Pretérito perfecto compuesto,yo,he proclamado,17,reviewed,
ES,proclamar,Indicativo,Pretérito perfecto compuesto,tú,has proclamado,17,reviewed,
ES,proclamar,Indicativo,Pretérito perfecto compuesto,él,ha proclamado,17,reviewed,
ES,proclamar,Indicativo,Pretérito perfecto compuesto,nosotros,hemos proclamado,17,reviewed,
ES,proclamar,Indicativo,Pretérito perfecto compuesto,vosotros,habéis proclamado,17,reviewed,
ES,proclamar,Indicativo,Pretérito perfecto compuesto,ellos,han proclamado,17,reviewed,
ES,proclamar,Indicativo,Pretérito imperfecto,yo,proclamaba,17,reviewed,
ES,proclamar,Indicativo,Pretérito imperfecto,tú,proclamabas,17,reviewed,
ES,proclamar,Indicativo,Pretérito imperfecto,él,proclamaba,17,reviewed,
ES,proclamar,Indicativo,Pretérito imperfecto,nosotros,proclamábamos,17,reviewed,
ES,proclamar,Indicativo,Pretérito imperfecto,vosotros,proclamabais,17,reviewed,
ES,proclamar,Indicativo,Pretérito imperfecto,ellos,proclamaban,17,reviewed,
ES,proclamar,Condicional,Condicional,yo,proclamaría,17,reviewed,
ES,proclamar,Condicional,Condicional,tú,proclamarías,17,reviewed,
ES,proclamar,Condicional,Condicional,él,proclamaría,17,reviewed,
ES,proclamar,Condicional,Condicional,nosotros,proclamaríamos,17,reviewed,
ES,proclamar,Condicional,Condicional,vosotros,proclamaríais,17,reviewed,
ES,proclamar,Condicional,Condicional,ellos,proclamarían,17,reviewed,
ES,proclamar,Imperativo,Imperativo,yo,-,17,reviewed,Spanish has no standard first-person singular imperative; placeholder - used
ES,proclamar,Imperativo,Imperativo,tú,proclama,17,reviewed,
ES,proclamar,Imperativo,Imperativo,él,proclame,17,reviewed,
ES,proclamar,Imperativo,Imperativo,nosotros,proclamemos,17,reviewed,
ES,proclamar,Imperativo,Imperativo,vosotros,proclamad,17,reviewed,
ES,proclamar,Imperativo,Imperativo,ellos,proclamen,17,reviewed,
ES,proclamar,Indicativo,Futuro perfecto,yo,habré proclamado,17,reviewed,
ES,proclamar,Indicativo,Futuro perfecto,tú,habrás proclamado,17,reviewed,
ES,proclamar,Indicativo,Futuro perfecto,él,habrá proclamado,17,reviewed,
ES,proclamar,Indicativo,Futuro perfecto,nosotros,habremos proclamado,17,reviewed,
ES,proclamar,Indicativo,Futuro perfecto,vosotros,habréis proclamado,17,reviewed,
ES,proclamar,Indicativo,Futuro perfecto,ellos,habrán proclamado,17,reviewed,
ES,proclamar,Subjuntivo,Subjuntivo presente,yo,proclame,17,reviewed,
ES,proclamar,Subjuntivo,Subjuntivo presente,tú,proclames,17,reviewed,
ES,proclamar,Subjuntivo,Subjuntivo presente,él,proclame,17,reviewed,
ES,proclamar,Subjuntivo,Subjuntivo presente,nosotros,proclamemos,17,reviewed,
ES,proclamar,Subjuntivo,Subjuntivo presente,vosotros,proclaméis,17,reviewed,
ES,proclamar,Subjuntivo,Subjuntivo presente,ellos,proclamen,17,reviewed,
ES,proclamar,Indicativo,Pretérito perfecto simple,yo,proclamé,17,reviewed,
ES,proclamar,Indicativo,Pretérito perfecto simple,tú,proclamaste,17,reviewed,
ES,proclamar,Indicativo,Pretérito perfecto simple,él,proclamó,17,reviewed,
ES,proclamar,Indicativo,Pretérito perfecto simple,nosotros,proclamamos,17,reviewed,
ES,proclamar,Indicativo,Pretérito perfecto simple,vosotros,proclamasteis,17,reviewed,
ES,proclamar,Indicativo,Pretérito perfecto simple,ellos,proclamaron,17,reviewed,
ES,proclamar,Indicativo,Pretérito pluscuamperfecto,yo,había proclamado,17,reviewed,
ES,proclamar,Indicativo,Pretérito pluscuamperfecto,tú,habías proclamado,17,reviewed,
ES,proclamar,Indicativo,Pretérito pluscuamperfecto,él,había proclamado,17,reviewed,
ES,proclamar,Indicativo,Pretérito pluscuamperfecto,nosotros,habíamos proclamado,17,reviewed,
ES,proclamar,Indicativo,Pretérito pluscuamperfecto,vosotros,habíais proclamado,17,reviewed,
ES,proclamar,Indicativo,Pretérito pluscuamperfecto,ellos,habían proclamado,17,reviewed,
ES,amenazar,Indicativo,Presente,yo,amenazo,17,reviewed,
ES,amenazar,Indicativo,Presente,tú,amenazas,17,reviewed,
ES,amenazar,Indicativo,Presente,él,amenaza,17,reviewed,
ES,amenazar,Indicativo,Presente,nosotros,amenazamos,17,reviewed,
ES,amenazar,Indicativo,Presente,vosotros,amenazáis,17,reviewed,
ES,amenazar,Indicativo,Presente,ellos,amenazan,17,reviewed,
ES,amenazar,Indicativo,Futuro,yo,amenazaré,17,reviewed,
ES,amenazar,Indicativo,Futuro,tú,amenazarás,17,reviewed,
ES,amenazar,Indicativo,Futuro,él,amenazará,17,reviewed,
ES,amenazar,Indicativo,Futuro,nosotros,amenazaremos,17,reviewed,
ES,amenazar,Indicativo,Futuro,vosotros,amenazaréis,17,reviewed,
ES,amenazar,Indicativo,Futuro,ellos,amenazarán,17,reviewed,
ES,amenazar,Indicativo,Pretérito perfecto compuesto,yo,he amenazado,17,reviewed,
ES,amenazar,Indicativo,Pretérito perfecto compuesto,tú,has amenazado,17,reviewed,
ES,amenazar,Indicativo,Pretérito perfecto compuesto,él,ha amenazado,17,reviewed,
ES,amenazar,Indicativo,Pretérito perfecto compuesto,nosotros,hemos amenazado,17,reviewed,
ES,amenazar,Indicativo,Pretérito perfecto compuesto,vosotros,habéis amenazado,17,reviewed,
ES,amenazar,Indicativo,Pretérito perfecto compuesto,ellos,han amenazado,17,reviewed,
ES,amenazar,Indicativo,Pretérito imperfecto,yo,amenazaba,17,reviewed,
ES,amenazar,Indicativo,Pretérito imperfecto,tú,amenazabas,17,reviewed,
ES,amenazar,Indicativo,Pretérito imperfecto,él,amenazaba,17,reviewed,
ES,amenazar,Indicativo,Pretérito imperfecto,nosotros,amenazábamos,17,reviewed,
ES,amenazar,Indicativo,Pretérito imperfecto,vosotros,amenazabais,17,reviewed,
ES,amenazar,Indicativo,Pretérito imperfecto,ellos,amenazaban,17,reviewed,
ES,amenazar,Condicional,Condicional,yo,amenazaría,17,reviewed,
ES,amenazar,Condicional,Condicional,tú,amenazarías,17,reviewed,
ES,amenazar,Condicional,Condicional,él,amenazaría,17,reviewed,
ES,amenazar,Condicional,Condicional,nosotros,amenazaríamos,17,reviewed,
ES,amenazar,Condicional,Condicional,vosotros,amenazaríais,17,reviewed,
ES,amenazar,Condicional,Condicional,ellos,amenazarían,17,reviewed,
ES,amenazar,Imperativo,Imperativo,yo,-,17,reviewed,Spanish has no standard first-person singular imperative; placeholder - used
ES,amenazar,Imperativo,Imperativo,tú,amenaza,17,reviewed,
ES,amenazar,Imperativo,Imperativo,él,amenace,17,reviewed,
ES,amenazar,Imperativo,Imperativo,nosotros,amenacemos,17,reviewed,
ES,amenazar,Imperativo,Imperativo,vosotros,amenazad,17,reviewed,
ES,amenazar,Imperativo,Imperativo,ellos,amenacen,17,reviewed,
ES,amenazar,Indicativo,Futuro perfecto,yo,habré amenazado,17,reviewed,
ES,amenazar,Indicativo,Futuro perfecto,tú,habrás amenazado,17,reviewed,
ES,amenazar,Indicativo,Futuro perfecto,él,habrá amenazado,17,reviewed,
ES,amenazar,Indicativo,Futuro perfecto,nosotros,habremos amenazado,17,reviewed,
ES,amenazar,Indicativo,Futuro perfecto,vosotros,habréis amenazado,17,reviewed,
ES,amenazar,Indicativo,Futuro perfecto,ellos,habrán amenazado,17,reviewed,
ES,amenazar,Subjuntivo,Subjuntivo presente,yo,amenace,17,reviewed,
ES,amenazar,Subjuntivo,Subjuntivo presente,tú,amenaces,17,reviewed,
ES,amenazar,Subjuntivo,Subjuntivo presente,él,amenace,17,reviewed,
ES,amenazar,Subjuntivo,Subjuntivo presente,nosotros,amenacemos,17,reviewed,
ES,amenazar,Subjuntivo,Subjuntivo presente,vosotros,amenacéis,17,reviewed,
ES,amenazar,Subjuntivo,Subjuntivo presente,ellos,amenacen,17,reviewed,
ES,amenazar,Indicativo,Pretérito perfecto simple,yo,amenacé,17,reviewed,
ES,amenazar,Indicativo,Pretérito perfecto simple,tú,amenazaste,17,reviewed,
ES,amenazar,Indicativo,Pretérito perfecto simple,él,amenazó,17,reviewed,
ES,amenazar,Indicativo,Pretérito perfecto simple,nosotros,amenazamos,17,reviewed,
ES,amenazar,Indicativo,Pretérito perfecto simple,vosotros,amenazasteis,17,reviewed,
ES,amenazar,Indicativo,Pretérito perfecto simple,ellos,amenazaron,17,reviewed,
ES,amenazar,Indicativo,Pretérito pluscuamperfecto,yo,había amenazado,17,reviewed,
ES,amenazar,Indicativo,Pretérito pluscuamperfecto,tú,habías amenazado,17,reviewed,
ES,amenazar,Indicativo,Pretérito pluscuamperfecto,él,había amenazado,17,reviewed,
ES,amenazar,Indicativo,Pretérito pluscuamperfecto,nosotros,habíamos amenazado,17,reviewed,
ES,amenazar,Indicativo,Pretérito pluscuamperfecto,vosotros,habíais amenazado,17,reviewed,
ES,amenazar,Indicativo,Pretérito pluscuamperfecto,ellos,habían amenazado,17,reviewed,
ES,mirar,Indicativo,Presente,yo,miro,17,reviewed,
ES,mirar,Indicativo,Presente,tú,miras,17,reviewed,
ES,mirar,Indicativo,Presente,él,mira,17,reviewed,
ES,mirar,Indicativo,Presente,nosotros,miramos,17,reviewed,
ES,mirar,Indicativo,Presente,vosotros,miráis,17,reviewed,
ES,mirar,Indicativo,Presente,ellos,miran,17,reviewed,
ES,mirar,Indicativo,Futuro,yo,miraré,17,reviewed,
ES,mirar,Indicativo,Futuro,tú,mirarás,17,reviewed,
ES,mirar,Indicativo,Futuro,él,mirará,17,reviewed,
ES,mirar,Indicativo,Futuro,nosotros,miraremos,17,reviewed,
ES,mirar,Indicativo,Futuro,vosotros,miraréis,17,reviewed,
ES,mirar,Indicativo,Futuro,ellos,mirarán,17,reviewed,
ES,mirar,Indicativo,Pretérito perfecto compuesto,yo,he mirado,17,reviewed,
ES,mirar,Indicativo,Pretérito perfecto compuesto,tú,has mirado,17,reviewed,
ES,mirar,Indicativo,Pretérito perfecto compuesto,él,ha mirado,17,reviewed,
ES,mirar,Indicativo,Pretérito perfecto compuesto,nosotros,hemos mirado,17,reviewed,
ES,mirar,Indicativo,Pretérito perfecto compuesto,vosotros,habéis mirado,17,reviewed,
ES,mirar,Indicativo,Pretérito perfecto compuesto,ellos,han mirado,17,reviewed,
ES,mirar,Indicativo,Pretérito imperfecto,yo,miraba,17,reviewed,
ES,mirar,Indicativo,Pretérito imperfecto,tú,mirabas,17,reviewed,
ES,mirar,Indicativo,Pretérito imperfecto,él,miraba,17,reviewed,
ES,mirar,Indicativo,Pretérito imperfecto,nosotros,mirábamos,17,reviewed,
ES,mirar,Indicativo,Pretérito imperfecto,vosotros,mirabais,17,reviewed,
ES,mirar,Indicativo,Pretérito imperfecto,ellos,miraban,17,reviewed,
ES,mirar,Condicional,Condicional,yo,miraría,17,reviewed,
ES,mirar,Condicional,Condicional,tú,mirarías,17,reviewed,
ES,mirar,Condicional,Condicional,él,miraría,17,reviewed,
ES,mirar,Condicional,Condicional,nosotros,miraríamos,17,reviewed,
ES,mirar,Condicional,Condicional,vosotros,miraríais,17,reviewed,
ES,mirar,Condicional,Condicional,ellos,mirarían,17,reviewed,
ES,mirar,Imperativo,Imperativo,yo,-,17,reviewed,Spanish has no standard first-person singular imperative; placeholder - used
ES,mirar,Imperativo,Imperativo,tú,mira,17,reviewed,
ES,mirar,Imperativo,Imperativo,él,mire,17,reviewed,
ES,mirar,Imperativo,Imperativo,nosotros,miremos,17,reviewed,
ES,mirar,Imperativo,Imperativo,vosotros,mirad,17,reviewed,
ES,mirar,Imperativo,Imperativo,ellos,miren,17,reviewed,
ES,mirar,Indicativo,Futuro perfecto,yo,habré mirado,17,reviewed,
ES,mirar,Indicativo,Futuro perfecto,tú,habrás mirado,17,reviewed,
ES,mirar,Indicativo,Futuro perfecto,él,habrá mirado,17,reviewed,
ES,mirar,Indicativo,Futuro perfecto,nosotros,habremos mirado,17,reviewed,
ES,mirar,Indicativo,Futuro perfecto,vosotros,habréis mirado,17,reviewed,
ES,mirar,Indicativo,Futuro perfecto,ellos,habrán mirado,17,reviewed,
ES,mirar,Subjuntivo,Subjuntivo presente,yo,mire,17,reviewed,
ES,mirar,Subjuntivo,Subjuntivo presente,tú,mires,17,reviewed,
ES,mirar,Subjuntivo,Subjuntivo presente,él,mire,17,reviewed,
ES,mirar,Subjuntivo,Subjuntivo presente,nosotros,miremos,17,reviewed,
ES,mirar,Subjuntivo,Subjuntivo presente,vosotros,miréis,17,reviewed,
ES,mirar,Subjuntivo,Subjuntivo presente,ellos,miren,17,reviewed,
ES,mirar,Indicativo,Pretérito perfecto simple,yo,miré,17,reviewed,
ES,mirar,Indicativo,Pretérito perfecto simple,tú,miraste,17,reviewed,
ES,mirar,Indicativo,Pretérito perfecto simple,él,miró,17,reviewed,
ES,mirar,Indicativo,Pretérito perfecto simple,nosotros,miramos,17,reviewed,
ES,mirar,Indicativo,Pretérito perfecto simple,vosotros,mirasteis,17,reviewed,
ES,mirar,Indicativo,Pretérito perfecto simple,ellos,miraron,17,reviewed,
ES,mirar,Indicativo,Pretérito pluscuamperfecto,yo,había mirado,17,reviewed,
ES,mirar,Indicativo,Pretérito pluscuamperfecto,tú,habías mirado,17,reviewed,
ES,mirar,Indicativo,Pretérito pluscuamperfecto,él,había mirado,17,reviewed,
ES,mirar,Indicativo,Pretérito pluscuamperfecto,nosotros,habíamos mirado,17,reviewed,
ES,mirar,Indicativo,Pretérito pluscuamperfecto,vosotros,habíais mirado,17,reviewed,
ES,mirar,Indicativo,Pretérito pluscuamperfecto,ellos,habían mirado,17,reviewed,
ES,dominar (coloquial),Indicativo,Presente,yo,domino,17,reviewed,register label retained from inventory; QA recommended
ES,dominar (coloquial),Indicativo,Presente,tú,dominas,17,reviewed,register label retained from inventory; QA recommended
ES,dominar (coloquial),Indicativo,Presente,él,domina,17,reviewed,register label retained from inventory; QA recommended
ES,dominar (coloquial),Indicativo,Presente,nosotros,dominamos,17,reviewed,register label retained from inventory; QA recommended
ES,dominar (coloquial),Indicativo,Presente,vosotros,domináis,17,reviewed,register label retained from inventory; QA recommended
ES,dominar (coloquial),Indicativo,Presente,ellos,dominan,17,reviewed,register label retained from inventory; QA recommended
ES,dominar (coloquial),Indicativo,Futuro,yo,dominaré,17,reviewed,register label retained from inventory; QA recommended
ES,dominar (coloquial),Indicativo,Futuro,tú,dominarás,17,reviewed,register label retained from inventory; QA recommended
ES,dominar (coloquial),Indicativo,Futuro,él,dominará,17,reviewed,register label retained from inventory; QA recommended
ES,dominar (coloquial),Indicativo,Futuro,nosotros,dominaremos,17,reviewed,register label retained from inventory; QA recommended
ES,dominar (coloquial),Indicativo,Futuro,vosotros,dominaréis,17,reviewed,register label retained from inventory; QA recommended
ES,dominar (coloquial),Indicativo,Futuro,ellos,dominarán,17,reviewed,register label retained from inventory; QA recommended
ES,dominar (coloquial),Indicativo,Pretérito perfecto compuesto,yo,he dominado,17,reviewed,register label retained from inventory; QA recommended
ES,dominar (coloquial),Indicativo,Pretérito perfecto compuesto,tú,has dominado,17,reviewed,register label retained from inventory; QA recommended
ES,dominar (coloquial),Indicativo,Pretérito perfecto compuesto,él,ha dominado,17,reviewed,register label retained from inventory; QA recommended
ES,dominar (coloquial),Indicativo,Pretérito perfecto compuesto,nosotros,hemos dominado,17,reviewed,register label retained from inventory; QA recommended
ES,dominar (coloquial),Indicativo,Pretérito perfecto compuesto,vosotros,habéis dominado,17,reviewed,register label retained from inventory; QA recommended
ES,dominar (coloquial),Indicativo,Pretérito perfecto compuesto,ellos,han dominado,17,reviewed,register label retained from inventory; QA recommended
ES,dominar (coloquial),Indicativo,Pretérito imperfecto,yo,dominaba,17,reviewed,register label retained from inventory; QA recommended
ES,dominar (coloquial),Indicativo,Pretérito imperfecto,tú,dominabas,17,reviewed,register label retained from inventory; QA recommended
ES,dominar (coloquial),Indicativo,Pretérito imperfecto,él,dominaba,17,reviewed,register label retained from inventory; QA recommended
ES,dominar (coloquial),Indicativo,Pretérito imperfecto,nosotros,dominábamos,17,reviewed,register label retained from inventory; QA recommended
ES,dominar (coloquial),Indicativo,Pretérito imperfecto,vosotros,dominabais,17,reviewed,register label retained from inventory; QA recommended
ES,dominar (coloquial),Indicativo,Pretérito imperfecto,ellos,dominaban,17,reviewed,register label retained from inventory; QA recommended
ES,dominar (coloquial),Condicional,Condicional,yo,dominaría,17,reviewed,register label retained from inventory; QA recommended
ES,dominar (coloquial),Condicional,Condicional,tú,dominarías,17,reviewed,register label retained from inventory; QA recommended
ES,dominar (coloquial),Condicional,Condicional,él,dominaría,17,reviewed,register label retained from inventory; QA recommended
ES,dominar (coloquial),Condicional,Condicional,nosotros,dominaríamos,17,reviewed,register label retained from inventory; QA recommended
ES,dominar (coloquial),Condicional,Condicional,vosotros,dominaríais,17,reviewed,register label retained from inventory; QA recommended
ES,dominar (coloquial),Condicional,Condicional,ellos,dominarían,17,reviewed,register label retained from inventory; QA recommended
ES,dominar (coloquial),Imperativo,Imperativo,yo,-,17,reviewed,register label retained from inventory; QA recommended; Spanish has no standard first-person singular imperative; placeholder - used
ES,dominar (coloquial),Imperativo,Imperativo,tú,domina,17,reviewed,register label retained from inventory; QA recommended
ES,dominar (coloquial),Imperativo,Imperativo,él,domine,17,reviewed,register label retained from inventory; QA recommended
ES,dominar (coloquial),Imperativo,Imperativo,nosotros,dominemos,17,reviewed,register label retained from inventory; QA recommended
ES,dominar (coloquial),Imperativo,Imperativo,vosotros,dominad,17,reviewed,register label retained from inventory; QA recommended
ES,dominar (coloquial),Imperativo,Imperativo,ellos,dominen,17,reviewed,register label retained from inventory; QA recommended
ES,dominar (coloquial),Indicativo,Futuro perfecto,yo,habré dominado,17,reviewed,register label retained from inventory; QA recommended
ES,dominar (coloquial),Indicativo,Futuro perfecto,tú,habrás dominado,17,reviewed,register label retained from inventory; QA recommended
ES,dominar (coloquial),Indicativo,Futuro perfecto,él,habrá dominado,17,reviewed,register label retained from inventory; QA recommended
ES,dominar (coloquial),Indicativo,Futuro perfecto,nosotros,habremos dominado,17,reviewed,register label retained from inventory; QA recommended
ES,dominar (coloquial),Indicativo,Futuro perfecto,vosotros,habréis dominado,17,reviewed,register label retained from inventory; QA recommended
ES,dominar (coloquial),Indicativo,Futuro perfecto,ellos,habrán dominado,17,reviewed,register label retained from inventory; QA recommended
ES,dominar (coloquial),Subjuntivo,Subjuntivo presente,yo,domine,17,reviewed,register label retained from inventory; QA recommended
ES,dominar (coloquial),Subjuntivo,Subjuntivo presente,tú,domines,17,reviewed,register label retained from inventory; QA recommended
ES,dominar (coloquial),Subjuntivo,Subjuntivo presente,él,domine,17,reviewed,register label retained from inventory; QA recommended
ES,dominar (coloquial),Subjuntivo,Subjuntivo presente,nosotros,dominemos,17,reviewed,register label retained from inventory; QA recommended
ES,dominar (coloquial),Subjuntivo,Subjuntivo presente,vosotros,dominéis,17,reviewed,register label retained from inventory; QA recommended
ES,dominar (coloquial),Subjuntivo,Subjuntivo presente,ellos,dominen,17,reviewed,register label retained from inventory; QA recommended
ES,dominar (coloquial),Indicativo,Pretérito perfecto simple,yo,dominé,17,reviewed,register label retained from inventory; QA recommended
ES,dominar (coloquial),Indicativo,Pretérito perfecto simple,tú,dominaste,17,reviewed,register label retained from inventory; QA recommended
ES,dominar (coloquial),Indicativo,Pretérito perfecto simple,él,dominó,17,reviewed,register label retained from inventory; QA recommended
ES,dominar (coloquial),Indicativo,Pretérito perfecto simple,nosotros,dominamos,17,reviewed,register label retained from inventory; QA recommended
ES,dominar (coloquial),Indicativo,Pretérito perfecto simple,vosotros,dominasteis,17,reviewed,register label retained from inventory; QA recommended
ES,dominar (coloquial),Indicativo,Pretérito perfecto simple,ellos,dominaron,17,reviewed,register label retained from inventory; QA recommended
ES,dominar (coloquial),Indicativo,Pretérito pluscuamperfecto,yo,había dominado,17,reviewed,register label retained from inventory; QA recommended
ES,dominar (coloquial),Indicativo,Pretérito pluscuamperfecto,tú,habías dominado,17,reviewed,register label retained from inventory; QA recommended
ES,dominar (coloquial),Indicativo,Pretérito pluscuamperfecto,él,había dominado,17,reviewed,register label retained from inventory; QA recommended
ES,dominar (coloquial),Indicativo,Pretérito pluscuamperfecto,nosotros,habíamos dominado,17,reviewed,register label retained from inventory; QA recommended
ES,dominar (coloquial),Indicativo,Pretérito pluscuamperfecto,vosotros,habíais dominado,17,reviewed,register label retained from inventory; QA recommended
ES,dominar (coloquial),Indicativo,Pretérito pluscuamperfecto,ellos,habían dominado,17,reviewed,register label retained from inventory; QA recommended
ES,contrariar,Indicativo,Presente,yo,contrarío,17,reviewed,accent-sensitive -iar paradigm chosen; QA recommended
ES,contrariar,Indicativo,Presente,tú,contrarías,17,reviewed,accent-sensitive -iar paradigm chosen; QA recommended
ES,contrariar,Indicativo,Presente,él,contraría,17,reviewed,accent-sensitive -iar paradigm chosen; QA recommended
ES,contrariar,Indicativo,Presente,nosotros,contrariamos,17,reviewed,accent-sensitive -iar paradigm chosen; QA recommended
ES,contrariar,Indicativo,Presente,vosotros,contrariáis,17,reviewed,accent-sensitive -iar paradigm chosen; QA recommended
ES,contrariar,Indicativo,Presente,ellos,contrarían,17,reviewed,accent-sensitive -iar paradigm chosen; QA recommended
ES,contrariar,Indicativo,Futuro,yo,contrariaré,17,reviewed,accent-sensitive -iar paradigm chosen; QA recommended
ES,contrariar,Indicativo,Futuro,tú,contrariarás,17,reviewed,accent-sensitive -iar paradigm chosen; QA recommended
ES,contrariar,Indicativo,Futuro,él,contrariará,17,reviewed,accent-sensitive -iar paradigm chosen; QA recommended
ES,contrariar,Indicativo,Futuro,nosotros,contrariaremos,17,reviewed,accent-sensitive -iar paradigm chosen; QA recommended
ES,contrariar,Indicativo,Futuro,vosotros,contrariaréis,17,reviewed,accent-sensitive -iar paradigm chosen; QA recommended
ES,contrariar,Indicativo,Futuro,ellos,contrariarán,17,reviewed,accent-sensitive -iar paradigm chosen; QA recommended
ES,contrariar,Indicativo,Pretérito perfecto compuesto,yo,he contrariado,17,reviewed,accent-sensitive -iar paradigm chosen; QA recommended
ES,contrariar,Indicativo,Pretérito perfecto compuesto,tú,has contrariado,17,reviewed,accent-sensitive -iar paradigm chosen; QA recommended
ES,contrariar,Indicativo,Pretérito perfecto compuesto,él,ha contrariado,17,reviewed,accent-sensitive -iar paradigm chosen; QA recommended
ES,contrariar,Indicativo,Pretérito perfecto compuesto,nosotros,hemos contrariado,17,reviewed,accent-sensitive -iar paradigm chosen; QA recommended
ES,contrariar,Indicativo,Pretérito perfecto compuesto,vosotros,habéis contrariado,17,reviewed,accent-sensitive -iar paradigm chosen; QA recommended
ES,contrariar,Indicativo,Pretérito perfecto compuesto,ellos,han contrariado,17,reviewed,accent-sensitive -iar paradigm chosen; QA recommended
ES,contrariar,Indicativo,Pretérito imperfecto,yo,contrariaba,17,reviewed,accent-sensitive -iar paradigm chosen; QA recommended
ES,contrariar,Indicativo,Pretérito imperfecto,tú,contrariabas,17,reviewed,accent-sensitive -iar paradigm chosen; QA recommended
ES,contrariar,Indicativo,Pretérito imperfecto,él,contrariaba,17,reviewed,accent-sensitive -iar paradigm chosen; QA recommended
ES,contrariar,Indicativo,Pretérito imperfecto,nosotros,contrariábamos,17,reviewed,accent-sensitive -iar paradigm chosen; QA recommended
ES,contrariar,Indicativo,Pretérito imperfecto,vosotros,contrariabais,17,reviewed,accent-sensitive -iar paradigm chosen; QA recommended
ES,contrariar,Indicativo,Pretérito imperfecto,ellos,contrariaban,17,reviewed,accent-sensitive -iar paradigm chosen; QA recommended
ES,contrariar,Condicional,Condicional,yo,contrariaría,17,reviewed,accent-sensitive -iar paradigm chosen; QA recommended
ES,contrariar,Condicional,Condicional,tú,contrariarías,17,reviewed,accent-sensitive -iar paradigm chosen; QA recommended
ES,contrariar,Condicional,Condicional,él,contrariaría,17,reviewed,accent-sensitive -iar paradigm chosen; QA recommended
ES,contrariar,Condicional,Condicional,nosotros,contrariaríamos,17,reviewed,accent-sensitive -iar paradigm chosen; QA recommended
ES,contrariar,Condicional,Condicional,vosotros,contrariaríais,17,reviewed,accent-sensitive -iar paradigm chosen; QA recommended
ES,contrariar,Condicional,Condicional,ellos,contrariarían,17,reviewed,accent-sensitive -iar paradigm chosen; QA recommended
ES,contrariar,Imperativo,Imperativo,yo,-,17,reviewed,accent-sensitive -iar paradigm chosen; QA recommended; Spanish has no standard first-person singular imperative; placeholder - used
ES,contrariar,Imperativo,Imperativo,tú,contraría,17,reviewed,accent-sensitive -iar paradigm chosen; QA recommended
ES,contrariar,Imperativo,Imperativo,él,contraríe,17,reviewed,accent-sensitive -iar paradigm chosen; QA recommended
ES,contrariar,Imperativo,Imperativo,nosotros,contrariemos,17,reviewed,accent-sensitive -iar paradigm chosen; QA recommended
ES,contrariar,Imperativo,Imperativo,vosotros,contrariad,17,reviewed,accent-sensitive -iar paradigm chosen; QA recommended
ES,contrariar,Imperativo,Imperativo,ellos,contraríen,17,reviewed,accent-sensitive -iar paradigm chosen; QA recommended
ES,contrariar,Indicativo,Futuro perfecto,yo,habré contrariado,17,reviewed,accent-sensitive -iar paradigm chosen; QA recommended
ES,contrariar,Indicativo,Futuro perfecto,tú,habrás contrariado,17,reviewed,accent-sensitive -iar paradigm chosen; QA recommended
ES,contrariar,Indicativo,Futuro perfecto,él,habrá contrariado,17,reviewed,accent-sensitive -iar paradigm chosen; QA recommended
ES,contrariar,Indicativo,Futuro perfecto,nosotros,habremos contrariado,17,reviewed,accent-sensitive -iar paradigm chosen; QA recommended
ES,contrariar,Indicativo,Futuro perfecto,vosotros,habréis contrariado,17,reviewed,accent-sensitive -iar paradigm chosen; QA recommended
ES,contrariar,Indicativo,Futuro perfecto,ellos,habrán contrariado,17,reviewed,accent-sensitive -iar paradigm chosen; QA recommended
ES,contrariar,Subjuntivo,Subjuntivo presente,yo,contraríe,17,reviewed,accent-sensitive -iar paradigm chosen; QA recommended
ES,contrariar,Subjuntivo,Subjuntivo presente,tú,contraríes,17,reviewed,accent-sensitive -iar paradigm chosen; QA recommended
ES,contrariar,Subjuntivo,Subjuntivo presente,él,contraríe,17,reviewed,accent-sensitive -iar paradigm chosen; QA recommended
ES,contrariar,Subjuntivo,Subjuntivo presente,nosotros,contrariemos,17,reviewed,accent-sensitive -iar paradigm chosen; QA recommended
ES,contrariar,Subjuntivo,Subjuntivo presente,vosotros,contrariéis,17,reviewed,accent-sensitive -iar paradigm chosen; QA recommended
ES,contrariar,Subjuntivo,Subjuntivo presente,ellos,contraríen,17,reviewed,accent-sensitive -iar paradigm chosen; QA recommended
ES,contrariar,Indicativo,Pretérito perfecto simple,yo,contrarié,17,reviewed,accent-sensitive -iar paradigm chosen; QA recommended
ES,contrariar,Indicativo,Pretérito perfecto simple,tú,contrariaste,17,reviewed,accent-sensitive -iar paradigm chosen; QA recommended
ES,contrariar,Indicativo,Pretérito perfecto simple,él,contrarió,17,reviewed,accent-sensitive -iar paradigm chosen; QA recommended
ES,contrariar,Indicativo,Pretérito perfecto simple,nosotros,contrariamos,17,reviewed,accent-sensitive -iar paradigm chosen; QA recommended
ES,contrariar,Indicativo,Pretérito perfecto simple,vosotros,contrariasteis,17,reviewed,accent-sensitive -iar paradigm chosen; QA recommended
ES,contrariar,Indicativo,Pretérito perfecto simple,ellos,contrariaron,17,reviewed,accent-sensitive -iar paradigm chosen; QA recommended
ES,contrariar,Indicativo,Pretérito pluscuamperfecto,yo,había contrariado,17,reviewed,accent-sensitive -iar paradigm chosen; QA recommended
ES,contrariar,Indicativo,Pretérito pluscuamperfecto,tú,habías contrariado,17,reviewed,accent-sensitive -iar paradigm chosen; QA recommended
ES,contrariar,Indicativo,Pretérito pluscuamperfecto,él,había contrariado,17,reviewed,accent-sensitive -iar paradigm chosen; QA recommended
ES,contrariar,Indicativo,Pretérito pluscuamperfecto,nosotros,habíamos contrariado,17,reviewed,accent-sensitive -iar paradigm chosen; QA recommended
ES,contrariar,Indicativo,Pretérito pluscuamperfecto,vosotros,habíais contrariado,17,reviewed,accent-sensitive -iar paradigm chosen; QA recommended
ES,contrariar,Indicativo,Pretérito pluscuamperfecto,ellos,habían contrariado,17,reviewed,accent-sensitive -iar paradigm chosen; QA recommended
ES,frustrar,Indicativo,Presente,yo,frustro,17,reviewed,
ES,frustrar,Indicativo,Presente,tú,frustras,17,reviewed,
ES,frustrar,Indicativo,Presente,él,frustra,17,reviewed,
ES,frustrar,Indicativo,Presente,nosotros,frustramos,17,reviewed,
ES,frustrar,Indicativo,Presente,vosotros,frustráis,17,reviewed,
ES,frustrar,Indicativo,Presente,ellos,frustran,17,reviewed,
ES,frustrar,Indicativo,Futuro,yo,frustraré,17,reviewed,
ES,frustrar,Indicativo,Futuro,tú,frustrarás,17,reviewed,
ES,frustrar,Indicativo,Futuro,él,frustrará,17,reviewed,
ES,frustrar,Indicativo,Futuro,nosotros,frustraremos,17,reviewed,
ES,frustrar,Indicativo,Futuro,vosotros,frustraréis,17,reviewed,
ES,frustrar,Indicativo,Futuro,ellos,frustrarán,17,reviewed,
ES,frustrar,Indicativo,Pretérito perfecto compuesto,yo,he frustrado,17,reviewed,
ES,frustrar,Indicativo,Pretérito perfecto compuesto,tú,has frustrado,17,reviewed,
ES,frustrar,Indicativo,Pretérito perfecto compuesto,él,ha frustrado,17,reviewed,
ES,frustrar,Indicativo,Pretérito perfecto compuesto,nosotros,hemos frustrado,17,reviewed,
ES,frustrar,Indicativo,Pretérito perfecto compuesto,vosotros,habéis frustrado,17,reviewed,
ES,frustrar,Indicativo,Pretérito perfecto compuesto,ellos,han frustrado,17,reviewed,
ES,frustrar,Indicativo,Pretérito imperfecto,yo,frustraba,17,reviewed,
ES,frustrar,Indicativo,Pretérito imperfecto,tú,frustrabas,17,reviewed,
ES,frustrar,Indicativo,Pretérito imperfecto,él,frustraba,17,reviewed,
ES,frustrar,Indicativo,Pretérito imperfecto,nosotros,frustrábamos,17,reviewed,
ES,frustrar,Indicativo,Pretérito imperfecto,vosotros,frustrabais,17,reviewed,
ES,frustrar,Indicativo,Pretérito imperfecto,ellos,frustraban,17,reviewed,
ES,frustrar,Condicional,Condicional,yo,frustraría,17,reviewed,
ES,frustrar,Condicional,Condicional,tú,frustrarías,17,reviewed,
ES,frustrar,Condicional,Condicional,él,frustraría,17,reviewed,
ES,frustrar,Condicional,Condicional,nosotros,frustraríamos,17,reviewed,
ES,frustrar,Condicional,Condicional,vosotros,frustraríais,17,reviewed,
ES,frustrar,Condicional,Condicional,ellos,frustrarían,17,reviewed,
ES,frustrar,Imperativo,Imperativo,yo,-,17,reviewed,Spanish has no standard first-person singular imperative; placeholder - used
ES,frustrar,Imperativo,Imperativo,tú,frustra,17,reviewed,
ES,frustrar,Imperativo,Imperativo,él,frustre,17,reviewed,
ES,frustrar,Imperativo,Imperativo,nosotros,frustremos,17,reviewed,
ES,frustrar,Imperativo,Imperativo,vosotros,frustrad,17,reviewed,
ES,frustrar,Imperativo,Imperativo,ellos,frustren,17,reviewed,
ES,frustrar,Indicativo,Futuro perfecto,yo,habré frustrado,17,reviewed,
ES,frustrar,Indicativo,Futuro perfecto,tú,habrás frustrado,17,reviewed,
ES,frustrar,Indicativo,Futuro perfecto,él,habrá frustrado,17,reviewed,
ES,frustrar,Indicativo,Futuro perfecto,nosotros,habremos frustrado,17,reviewed,
ES,frustrar,Indicativo,Futuro perfecto,vosotros,habréis frustrado,17,reviewed,
ES,frustrar,Indicativo,Futuro perfecto,ellos,habrán frustrado,17,reviewed,
ES,frustrar,Subjuntivo,Subjuntivo presente,yo,frustre,17,reviewed,
ES,frustrar,Subjuntivo,Subjuntivo presente,tú,frustres,17,reviewed,
ES,frustrar,Subjuntivo,Subjuntivo presente,él,frustre,17,reviewed,
ES,frustrar,Subjuntivo,Subjuntivo presente,nosotros,frustremos,17,reviewed,
ES,frustrar,Subjuntivo,Subjuntivo presente,vosotros,frustréis,17,reviewed,
ES,frustrar,Subjuntivo,Subjuntivo presente,ellos,frustren,17,reviewed,
ES,frustrar,Indicativo,Pretérito perfecto simple,yo,frustré,17,reviewed,
ES,frustrar,Indicativo,Pretérito perfecto simple,tú,frustraste,17,reviewed,
ES,frustrar,Indicativo,Pretérito perfecto simple,él,frustró,17,reviewed,
ES,frustrar,Indicativo,Pretérito perfecto simple,nosotros,frustramos,17,reviewed,
ES,frustrar,Indicativo,Pretérito perfecto simple,vosotros,frustrasteis,17,reviewed,
ES,frustrar,Indicativo,Pretérito perfecto simple,ellos,frustraron,17,reviewed,
ES,frustrar,Indicativo,Pretérito pluscuamperfecto,yo,había frustrado,17,reviewed,
ES,frustrar,Indicativo,Pretérito pluscuamperfecto,tú,habías frustrado,17,reviewed,
ES,frustrar,Indicativo,Pretérito pluscuamperfecto,él,había frustrado,17,reviewed,
ES,frustrar,Indicativo,Pretérito pluscuamperfecto,nosotros,habíamos frustrado,17,reviewed,
ES,frustrar,Indicativo,Pretérito pluscuamperfecto,vosotros,habíais frustrado,17,reviewed,
ES,frustrar,Indicativo,Pretérito pluscuamperfecto,ellos,habían frustrado,17,reviewed,
ES,alegrar(se),Indicativo,Presente,yo,me alegro,17,reviewed,inventory infinitive includes optional se; pronominal finite forms used; QA recommended
ES,alegrar(se),Indicativo,Presente,tú,te alegras,17,reviewed,inventory infinitive includes optional se; pronominal finite forms used; QA recommended
ES,alegrar(se),Indicativo,Presente,él,se alegra,17,reviewed,inventory infinitive includes optional se; pronominal finite forms used; QA recommended
ES,alegrar(se),Indicativo,Presente,nosotros,nos alegramos,17,reviewed,inventory infinitive includes optional se; pronominal finite forms used; QA recommended
ES,alegrar(se),Indicativo,Presente,vosotros,os alegráis,17,reviewed,inventory infinitive includes optional se; pronominal finite forms used; QA recommended
ES,alegrar(se),Indicativo,Presente,ellos,se alegran,17,reviewed,inventory infinitive includes optional se; pronominal finite forms used; QA recommended
ES,alegrar(se),Indicativo,Futuro,yo,me alegraré,17,reviewed,inventory infinitive includes optional se; pronominal finite forms used; QA recommended
ES,alegrar(se),Indicativo,Futuro,tú,te alegrarás,17,reviewed,inventory infinitive includes optional se; pronominal finite forms used; QA recommended
ES,alegrar(se),Indicativo,Futuro,él,se alegrará,17,reviewed,inventory infinitive includes optional se; pronominal finite forms used; QA recommended
ES,alegrar(se),Indicativo,Futuro,nosotros,nos alegraremos,17,reviewed,inventory infinitive includes optional se; pronominal finite forms used; QA recommended
ES,alegrar(se),Indicativo,Futuro,vosotros,os alegraréis,17,reviewed,inventory infinitive includes optional se; pronominal finite forms used; QA recommended
ES,alegrar(se),Indicativo,Futuro,ellos,se alegrarán,17,reviewed,inventory infinitive includes optional se; pronominal finite forms used; QA recommended
ES,alegrar(se),Indicativo,Pretérito perfecto compuesto,yo,me he alegrado,17,reviewed,inventory infinitive includes optional se; pronominal finite forms used; QA recommended
ES,alegrar(se),Indicativo,Pretérito perfecto compuesto,tú,te has alegrado,17,reviewed,inventory infinitive includes optional se; pronominal finite forms used; QA recommended
ES,alegrar(se),Indicativo,Pretérito perfecto compuesto,él,se ha alegrado,17,reviewed,inventory infinitive includes optional se; pronominal finite forms used; QA recommended
ES,alegrar(se),Indicativo,Pretérito perfecto compuesto,nosotros,nos hemos alegrado,17,reviewed,inventory infinitive includes optional se; pronominal finite forms used; QA recommended
ES,alegrar(se),Indicativo,Pretérito perfecto compuesto,vosotros,os habéis alegrado,17,reviewed,inventory infinitive includes optional se; pronominal finite forms used; QA recommended
ES,alegrar(se),Indicativo,Pretérito perfecto compuesto,ellos,se han alegrado,17,reviewed,inventory infinitive includes optional se; pronominal finite forms used; QA recommended
ES,alegrar(se),Indicativo,Pretérito imperfecto,yo,me alegraba,17,reviewed,inventory infinitive includes optional se; pronominal finite forms used; QA recommended
ES,alegrar(se),Indicativo,Pretérito imperfecto,tú,te alegrabas,17,reviewed,inventory infinitive includes optional se; pronominal finite forms used; QA recommended
ES,alegrar(se),Indicativo,Pretérito imperfecto,él,se alegraba,17,reviewed,inventory infinitive includes optional se; pronominal finite forms used; QA recommended
ES,alegrar(se),Indicativo,Pretérito imperfecto,nosotros,nos alegrábamos,17,reviewed,inventory infinitive includes optional se; pronominal finite forms used; QA recommended
ES,alegrar(se),Indicativo,Pretérito imperfecto,vosotros,os alegrabais,17,reviewed,inventory infinitive includes optional se; pronominal finite forms used; QA recommended
ES,alegrar(se),Indicativo,Pretérito imperfecto,ellos,se alegraban,17,reviewed,inventory infinitive includes optional se; pronominal finite forms used; QA recommended
ES,alegrar(se),Condicional,Condicional,yo,me alegraría,17,reviewed,inventory infinitive includes optional se; pronominal finite forms used; QA recommended
ES,alegrar(se),Condicional,Condicional,tú,te alegrarías,17,reviewed,inventory infinitive includes optional se; pronominal finite forms used; QA recommended
ES,alegrar(se),Condicional,Condicional,él,se alegraría,17,reviewed,inventory infinitive includes optional se; pronominal finite forms used; QA recommended
ES,alegrar(se),Condicional,Condicional,nosotros,nos alegraríamos,17,reviewed,inventory infinitive includes optional se; pronominal finite forms used; QA recommended
ES,alegrar(se),Condicional,Condicional,vosotros,os alegraríais,17,reviewed,inventory infinitive includes optional se; pronominal finite forms used; QA recommended
ES,alegrar(se),Condicional,Condicional,ellos,se alegrarían,17,reviewed,inventory infinitive includes optional se; pronominal finite forms used; QA recommended
ES,alegrar(se),Imperativo,Imperativo,yo,-,17,reviewed,inventory infinitive includes optional se; pronominal finite forms used; QA recommended; Spanish has no standard first-person singular imperative; placeholder - used
ES,alegrar(se),Imperativo,Imperativo,tú,alégrate,17,reviewed,inventory infinitive includes optional se; pronominal finite forms used; QA recommended
ES,alegrar(se),Imperativo,Imperativo,él,alégrese,17,reviewed,inventory infinitive includes optional se; pronominal finite forms used; QA recommended
ES,alegrar(se),Imperativo,Imperativo,nosotros,alegrémonos,17,reviewed,inventory infinitive includes optional se; pronominal finite forms used; QA recommended
ES,alegrar(se),Imperativo,Imperativo,vosotros,alegraos,17,reviewed,inventory infinitive includes optional se; pronominal finite forms used; QA recommended
ES,alegrar(se),Imperativo,Imperativo,ellos,alégrense,17,reviewed,inventory infinitive includes optional se; pronominal finite forms used; QA recommended
ES,alegrar(se),Indicativo,Futuro perfecto,yo,me habré alegrado,17,reviewed,inventory infinitive includes optional se; pronominal finite forms used; QA recommended
ES,alegrar(se),Indicativo,Futuro perfecto,tú,te habrás alegrado,17,reviewed,inventory infinitive includes optional se; pronominal finite forms used; QA recommended
ES,alegrar(se),Indicativo,Futuro perfecto,él,se habrá alegrado,17,reviewed,inventory infinitive includes optional se; pronominal finite forms used; QA recommended
ES,alegrar(se),Indicativo,Futuro perfecto,nosotros,nos habremos alegrado,17,reviewed,inventory infinitive includes optional se; pronominal finite forms used; QA recommended
ES,alegrar(se),Indicativo,Futuro perfecto,vosotros,os habréis alegrado,17,reviewed,inventory infinitive includes optional se; pronominal finite forms used; QA recommended
ES,alegrar(se),Indicativo,Futuro perfecto,ellos,se habrán alegrado,17,reviewed,inventory infinitive includes optional se; pronominal finite forms used; QA recommended
ES,alegrar(se),Subjuntivo,Subjuntivo presente,yo,me alegre,17,reviewed,inventory infinitive includes optional se; pronominal finite forms used; QA recommended
ES,alegrar(se),Subjuntivo,Subjuntivo presente,tú,te alegres,17,reviewed,inventory infinitive includes optional se; pronominal finite forms used; QA recommended
ES,alegrar(se),Subjuntivo,Subjuntivo presente,él,se alegre,17,reviewed,inventory infinitive includes optional se; pronominal finite forms used; QA recommended
ES,alegrar(se),Subjuntivo,Subjuntivo presente,nosotros,nos alegremos,17,reviewed,inventory infinitive includes optional se; pronominal finite forms used; QA recommended
ES,alegrar(se),Subjuntivo,Subjuntivo presente,vosotros,os alegréis,17,reviewed,inventory infinitive includes optional se; pronominal finite forms used; QA recommended
ES,alegrar(se),Subjuntivo,Subjuntivo presente,ellos,se alegren,17,reviewed,inventory infinitive includes optional se; pronominal finite forms used; QA recommended
ES,alegrar(se),Indicativo,Pretérito perfecto simple,yo,me alegré,17,reviewed,inventory infinitive includes optional se; pronominal finite forms used; QA recommended
ES,alegrar(se),Indicativo,Pretérito perfecto simple,tú,te alegraste,17,reviewed,inventory infinitive includes optional se; pronominal finite forms used; QA recommended
ES,alegrar(se),Indicativo,Pretérito perfecto simple,él,se alegró,17,reviewed,inventory infinitive includes optional se; pronominal finite forms used; QA recommended
ES,alegrar(se),Indicativo,Pretérito perfecto simple,nosotros,nos alegramos,17,reviewed,inventory infinitive includes optional se; pronominal finite forms used; QA recommended
ES,alegrar(se),Indicativo,Pretérito perfecto simple,vosotros,os alegrasteis,17,reviewed,inventory infinitive includes optional se; pronominal finite forms used; QA recommended
ES,alegrar(se),Indicativo,Pretérito perfecto simple,ellos,se alegraron,17,reviewed,inventory infinitive includes optional se; pronominal finite forms used; QA recommended
ES,alegrar(se),Indicativo,Pretérito pluscuamperfecto,yo,me había alegrado,17,reviewed,inventory infinitive includes optional se; pronominal finite forms used; QA recommended
ES,alegrar(se),Indicativo,Pretérito pluscuamperfecto,tú,te habías alegrado,17,reviewed,inventory infinitive includes optional se; pronominal finite forms used; QA recommended
ES,alegrar(se),Indicativo,Pretérito pluscuamperfecto,él,se había alegrado,17,reviewed,inventory infinitive includes optional se; pronominal finite forms used; QA recommended
ES,alegrar(se),Indicativo,Pretérito pluscuamperfecto,nosotros,nos habíamos alegrado,17,reviewed,inventory infinitive includes optional se; pronominal finite forms used; QA recommended
ES,alegrar(se),Indicativo,Pretérito pluscuamperfecto,vosotros,os habíais alegrado,17,reviewed,inventory infinitive includes optional se; pronominal finite forms used; QA recommended
ES,alegrar(se),Indicativo,Pretérito pluscuamperfecto,ellos,se habían alegrado,17,reviewed,inventory infinitive includes optional se; pronominal finite forms used; QA recommended
ES,delimitar,Indicativo,Presente,yo,delimito,17,reviewed,
ES,delimitar,Indicativo,Presente,tú,delimitas,17,reviewed,
ES,delimitar,Indicativo,Presente,él,delimita,17,reviewed,
ES,delimitar,Indicativo,Presente,nosotros,delimitamos,17,reviewed,
ES,delimitar,Indicativo,Presente,vosotros,delimitáis,17,reviewed,
ES,delimitar,Indicativo,Presente,ellos,delimitan,17,reviewed,
ES,delimitar,Indicativo,Futuro,yo,delimitaré,17,reviewed,
ES,delimitar,Indicativo,Futuro,tú,delimitarás,17,reviewed,
ES,delimitar,Indicativo,Futuro,él,delimitará,17,reviewed,
ES,delimitar,Indicativo,Futuro,nosotros,delimitaremos,17,reviewed,
ES,delimitar,Indicativo,Futuro,vosotros,delimitaréis,17,reviewed,
ES,delimitar,Indicativo,Futuro,ellos,delimitarán,17,reviewed,
ES,delimitar,Indicativo,Pretérito perfecto compuesto,yo,he delimitado,17,reviewed,
ES,delimitar,Indicativo,Pretérito perfecto compuesto,tú,has delimitado,17,reviewed,
ES,delimitar,Indicativo,Pretérito perfecto compuesto,él,ha delimitado,17,reviewed,
ES,delimitar,Indicativo,Pretérito perfecto compuesto,nosotros,hemos delimitado,17,reviewed,
ES,delimitar,Indicativo,Pretérito perfecto compuesto,vosotros,habéis delimitado,17,reviewed,
ES,delimitar,Indicativo,Pretérito perfecto compuesto,ellos,han delimitado,17,reviewed,
ES,delimitar,Indicativo,Pretérito imperfecto,yo,delimitaba,17,reviewed,
ES,delimitar,Indicativo,Pretérito imperfecto,tú,delimitabas,17,reviewed,
ES,delimitar,Indicativo,Pretérito imperfecto,él,delimitaba,17,reviewed,
ES,delimitar,Indicativo,Pretérito imperfecto,nosotros,delimitábamos,17,reviewed,
ES,delimitar,Indicativo,Pretérito imperfecto,vosotros,delimitabais,17,reviewed,
ES,delimitar,Indicativo,Pretérito imperfecto,ellos,delimitaban,17,reviewed,
ES,delimitar,Condicional,Condicional,yo,delimitaría,17,reviewed,
ES,delimitar,Condicional,Condicional,tú,delimitarías,17,reviewed,
ES,delimitar,Condicional,Condicional,él,delimitaría,17,reviewed,
ES,delimitar,Condicional,Condicional,nosotros,delimitaríamos,17,reviewed,
ES,delimitar,Condicional,Condicional,vosotros,delimitaríais,17,reviewed,
ES,delimitar,Condicional,Condicional,ellos,delimitarían,17,reviewed,
ES,delimitar,Imperativo,Imperativo,yo,-,17,reviewed,Spanish has no standard first-person singular imperative; placeholder - used
ES,delimitar,Imperativo,Imperativo,tú,delimita,17,reviewed,
ES,delimitar,Imperativo,Imperativo,él,delimite,17,reviewed,
ES,delimitar,Imperativo,Imperativo,nosotros,delimitemos,17,reviewed,
ES,delimitar,Imperativo,Imperativo,vosotros,delimitad,17,reviewed,
ES,delimitar,Imperativo,Imperativo,ellos,delimiten,17,reviewed,
ES,delimitar,Indicativo,Futuro perfecto,yo,habré delimitado,17,reviewed,
ES,delimitar,Indicativo,Futuro perfecto,tú,habrás delimitado,17,reviewed,
ES,delimitar,Indicativo,Futuro perfecto,él,habrá delimitado,17,reviewed,
ES,delimitar,Indicativo,Futuro perfecto,nosotros,habremos delimitado,17,reviewed,
ES,delimitar,Indicativo,Futuro perfecto,vosotros,habréis delimitado,17,reviewed,
ES,delimitar,Indicativo,Futuro perfecto,ellos,habrán delimitado,17,reviewed,
ES,delimitar,Subjuntivo,Subjuntivo presente,yo,delimite,17,reviewed,
ES,delimitar,Subjuntivo,Subjuntivo presente,tú,delimites,17,reviewed,
ES,delimitar,Subjuntivo,Subjuntivo presente,él,delimite,17,reviewed,
ES,delimitar,Subjuntivo,Subjuntivo presente,nosotros,delimitemos,17,reviewed,
ES,delimitar,Subjuntivo,Subjuntivo presente,vosotros,delimitéis,17,reviewed,
ES,delimitar,Subjuntivo,Subjuntivo presente,ellos,delimiten,17,reviewed,
ES,delimitar,Indicativo,Pretérito perfecto simple,yo,delimité,17,reviewed,
ES,delimitar,Indicativo,Pretérito perfecto simple,tú,delimitaste,17,reviewed,
ES,delimitar,Indicativo,Pretérito perfecto simple,él,delimitó,17,reviewed,
ES,delimitar,Indicativo,Pretérito perfecto simple,nosotros,delimitamos,17,reviewed,
ES,delimitar,Indicativo,Pretérito perfecto simple,vosotros,delimitasteis,17,reviewed,
ES,delimitar,Indicativo,Pretérito perfecto simple,ellos,delimitaron,17,reviewed,
ES,delimitar,Indicativo,Pretérito pluscuamperfecto,yo,había delimitado,17,reviewed,
ES,delimitar,Indicativo,Pretérito pluscuamperfecto,tú,habías delimitado,17,reviewed,
ES,delimitar,Indicativo,Pretérito pluscuamperfecto,él,había delimitado,17,reviewed,
ES,delimitar,Indicativo,Pretérito pluscuamperfecto,nosotros,habíamos delimitado,17,reviewed,
ES,delimitar,Indicativo,Pretérito pluscuamperfecto,vosotros,habíais delimitado,17,reviewed,
ES,delimitar,Indicativo,Pretérito pluscuamperfecto,ellos,habían delimitado,17,reviewed,
