language_code,infinitive,mood,tense,pronoun,conjugated_form,batch,review_status,source_note
ES,emplear,Indicativo,Presente,yo,empleo,6,reviewed,
ES,emplear,Indicativo,Presente,tú,empleas,6,reviewed,
ES,emplear,Indicativo,Presente,él,emplea,6,reviewed,
ES,emplear,Indicativo,Presente,nosotros,empleamos,6,reviewed,
ES,emplear,Indicativo,Presente,vosotros,empleáis,6,reviewed,
ES,emplear,Indicativo,Presente,ellos,emplean,6,reviewed,
ES,emplear,Indicativo,Futuro,yo,emplearé,6,reviewed,
ES,emplear,Indicativo,Futuro,tú,emplearás,6,reviewed,
ES,emplear,Indicativo,Futuro,él,empleará,6,reviewed,
ES,emplear,Indicativo,Futuro,nosotros,emplearemos,6,reviewed,
ES,emplear,Indicativo,Futuro,vosotros,emplearéis,6,reviewed,
ES,emplear,Indicativo,Futuro,ellos,emplearán,6,reviewed,
ES,emplear,Indicativo,Pretérito perfecto compuesto,yo,he empleado,6,reviewed,
ES,emplear,Indicativo,Pretérito perfecto compuesto,tú,has empleado,6,reviewed,
ES,emplear,Indicativo,Pretérito perfecto compuesto,él,ha empleado,6,reviewed,
ES,emplear,Indicativo,Pretérito perfecto compuesto,nosotros,hemos empleado,6,reviewed,
ES,emplear,Indicativo,Pretérito perfecto compuesto,vosotros,habéis empleado,6,reviewed,
ES,emplear,Indicativo,Pretérito perfecto compuesto,ellos,han empleado,6,reviewed,
ES,emplear,Indicativo,Pretérito imperfecto,yo,empleaba,6,reviewed,
ES,emplear,Indicativo,Pretérito imperfecto,tú,empleabas,6,reviewed,
ES,emplear,Indicativo,Pretérito imperfecto,él,empleaba,6,reviewed,
ES,emplear,Indicativo,Pretérito imperfecto,nosotros,empleábamos,6,reviewed,
ES,emplear,Indicativo,Pretérito imperfecto,vosotros,empleabais,6,reviewed,
ES,emplear,Indicativo,Pretérito imperfecto,ellos,empleaban,6,reviewed,
ES,emplear,Condicional,Condicional,yo,emplearía,6,reviewed,
ES,emplear,Condicional,Condicional,tú,emplearías,6,reviewed,
ES,emplear,Condicional,Condicional,él,emplearía,6,reviewed,
ES,emplear,Condicional,Condicional,nosotros,emplearíamos,6,reviewed,
ES,emplear,Condicional,Condicional,vosotros,emplearíais,6,reviewed,
ES,emplear,Condicional,Condicional,ellos,emplearían,6,reviewed,
ES,emplear,Imperativo,Imperativo,yo,-,6,reviewed,yo imperative placeholder -; no standard form
ES,emplear,Imperativo,Imperativo,tú,emplea,6,reviewed,
ES,emplear,Imperativo,Imperativo,él,emplee,6,reviewed,
ES,emplear,Imperativo,Imperativo,nosotros,empleemos,6,reviewed,
ES,emplear,Imperativo,Imperativo,vosotros,emplead,6,reviewed,
ES,emplear,Imperativo,Imperativo,ellos,empleen,6,reviewed,
ES,emplear,Indicativo,Futuro perfecto,yo,habré empleado,6,reviewed,
ES,emplear,Indicativo,Futuro perfecto,tú,habrás empleado,6,reviewed,
ES,emplear,Indicativo,Futuro perfecto,él,habrá empleado,6,reviewed,
ES,emplear,Indicativo,Futuro perfecto,nosotros,habremos empleado,6,reviewed,
ES,emplear,Indicativo,Futuro perfecto,vosotros,habréis empleado,6,reviewed,
ES,emplear,Indicativo,Futuro perfecto,ellos,habrán empleado,6,reviewed,
ES,emplear,Subjuntivo,Subjuntivo presente,yo,emplee,6,reviewed,
ES,emplear,Subjuntivo,Subjuntivo presente,tú,emplees,6,reviewed,
ES,emplear,Subjuntivo,Subjuntivo presente,él,emplee,6,reviewed,
ES,emplear,Subjuntivo,Subjuntivo presente,nosotros,empleemos,6,reviewed,
ES,emplear,Subjuntivo,Subjuntivo presente,vosotros,empleéis,6,reviewed,
ES,emplear,Subjuntivo,Subjuntivo presente,ellos,empleen,6,reviewed,
ES,emplear,Indicativo,Pretérito perfecto simple,yo,empleé,6,reviewed,
ES,emplear,Indicativo,Pretérito perfecto simple,tú,empleaste,6,reviewed,
ES,emplear,Indicativo,Pretérito perfecto simple,él,empleó,6,reviewed,
ES,emplear,Indicativo,Pretérito perfecto simple,nosotros,empleamos,6,reviewed,
ES,emplear,Indicativo,Pretérito perfecto simple,vosotros,empleasteis,6,reviewed,
ES,emplear,Indicativo,Pretérito perfecto simple,ellos,emplearon,6,reviewed,
ES,emplear,Indicativo,Pretérito pluscuamperfecto,yo,había empleado,6,reviewed,
ES,emplear,Indicativo,Pretérito pluscuamperfecto,tú,habías empleado,6,reviewed,
ES,emplear,Indicativo,Pretérito pluscuamperfecto,él,había empleado,6,reviewed,
ES,emplear,Indicativo,Pretérito pluscuamperfecto,nosotros,habíamos empleado,6,reviewed,
ES,emplear,Indicativo,Pretérito pluscuamperfecto,vosotros,habíais empleado,6,reviewed,
ES,emplear,Indicativo,Pretérito pluscuamperfecto,ellos,habían empleado,6,reviewed,
ES,aprovechar,Indicativo,Presente,yo,aprovecho,6,reviewed,
ES,aprovechar,Indicativo,Presente,tú,aprovechas,6,reviewed,
ES,aprovechar,Indicativo,Presente,él,aprovecha,6,reviewed,
ES,aprovechar,Indicativo,Presente,nosotros,aprovechamos,6,reviewed,
ES,aprovechar,Indicativo,Presente,vosotros,aprovecháis,6,reviewed,
ES,aprovechar,Indicativo,Presente,ellos,aprovechan,6,reviewed,
ES,aprovechar,Indicativo,Futuro,yo,aprovecharé,6,reviewed,
ES,aprovechar,Indicativo,Futuro,tú,aprovecharás,6,reviewed,
ES,aprovechar,Indicativo,Futuro,él,aprovechará,6,reviewed,
ES,aprovechar,Indicativo,Futuro,nosotros,aprovecharemos,6,reviewed,
ES,aprovechar,Indicativo,Futuro,vosotros,aprovecharéis,6,reviewed,
ES,aprovechar,Indicativo,Futuro,ellos,aprovecharán,6,reviewed,
ES,aprovechar,Indicativo,Pretérito perfecto compuesto,yo,he aprovechado,6,reviewed,
ES,aprovechar,Indicativo,Pretérito perfecto compuesto,tú,has aprovechado,6,reviewed,
ES,aprovechar,Indicativo,Pretérito perfecto compuesto,él,ha aprovechado,6,reviewed,
ES,aprovechar,Indicativo,Pretérito perfecto compuesto,nosotros,hemos aprovechado,6,reviewed,
ES,aprovechar,Indicativo,Pretérito perfecto compuesto,vosotros,habéis aprovechado,6,reviewed,
ES,aprovechar,Indicativo,Pretérito perfecto compuesto,ellos,han aprovechado,6,reviewed,
ES,aprovechar,Indicativo,Pretérito imperfecto,yo,aprovechaba,6,reviewed,
ES,aprovechar,Indicativo,Pretérito imperfecto,tú,aprovechabas,6,reviewed,
ES,aprovechar,Indicativo,Pretérito imperfecto,él,aprovechaba,6,reviewed,
ES,aprovechar,Indicativo,Pretérito imperfecto,nosotros,aprovechábamos,6,reviewed,
ES,aprovechar,Indicativo,Pretérito imperfecto,vosotros,aprovechabais,6,reviewed,
ES,aprovechar,Indicativo,Pretérito imperfecto,ellos,aprovechaban,6,reviewed,
ES,aprovechar,Condicional,Condicional,yo,aprovecharía,6,reviewed,
ES,aprovechar,Condicional,Condicional,tú,aprovecharías,6,reviewed,
ES,aprovechar,Condicional,Condicional,él,aprovecharía,6,reviewed,
ES,aprovechar,Condicional,Condicional,nosotros,aprovecharíamos,6,reviewed,
ES,aprovechar,Condicional,Condicional,vosotros,aprovecharíais,6,reviewed,
ES,aprovechar,Condicional,Condicional,ellos,aprovecharían,6,reviewed,
ES,aprovechar,Imperativo,Imperativo,yo,-,6,reviewed,yo imperative placeholder -; no standard form
ES,aprovechar,Imperativo,Imperativo,tú,aprovecha,6,reviewed,
ES,aprovechar,Imperativo,Imperativo,él,aproveche,6,reviewed,
ES,aprovechar,Imperativo,Imperativo,nosotros,aprovechemos,6,reviewed,
ES,aprovechar,Imperativo,Imperativo,vosotros,aprovechad,6,reviewed,
ES,aprovechar,Imperativo,Imperativo,ellos,aprovechen,6,reviewed,
ES,aprovechar,Indicativo,Futuro perfecto,yo,habré aprovechado,6,reviewed,
ES,aprovechar,Indicativo,Futuro perfecto,tú,habrás aprovechado,6,reviewed,
ES,aprovechar,Indicativo,Futuro perfecto,él,habrá aprovechado,6,reviewed,
ES,aprovechar,Indicativo,Futuro perfecto,nosotros,habremos aprovechado,6,reviewed,
ES,aprovechar,Indicativo,Futuro perfecto,vosotros,habréis aprovechado,6,reviewed,
ES,aprovechar,Indicativo,Futuro perfecto,ellos,habrán aprovechado,6,reviewed,
ES,aprovechar,Subjuntivo,Subjuntivo presente,yo,aproveche,6,reviewed,
ES,aprovechar,Subjuntivo,Subjuntivo presente,tú,aproveches,6,reviewed,
ES,aprovechar,Subjuntivo,Subjuntivo presente,él,aproveche,6,reviewed,
ES,aprovechar,Subjuntivo,Subjuntivo presente,nosotros,aprovechemos,6,reviewed,
ES,aprovechar,Subjuntivo,Subjuntivo presente,vosotros,aprovechéis,6,reviewed,
ES,aprovechar,Subjuntivo,Subjuntivo presente,ellos,aprovechen,6,reviewed,
ES,aprovechar,Indicativo,Pretérito perfecto simple,yo,aproveché,6,reviewed,
ES,aprovechar,Indicativo,Pretérito perfecto simple,tú,aprovechaste,6,reviewed,
ES,aprovechar,Indicativo,Pretérito perfecto simple,él,aprovechó,6,reviewed,
ES,aprovechar,Indicativo,Pretérito perfecto simple,nosotros,aprovechamos,6,reviewed,
ES,aprovechar,Indicativo,Pretérito perfecto simple,vosotros,aprovechasteis,6,reviewed,
ES,aprovechar,Indicativo,Pretérito perfecto simple,ellos,aprovecharon,6,reviewed,
ES,aprovechar,Indicativo,Pretérito pluscuamperfecto,yo,había aprovechado,6,reviewed,
ES,aprovechar,Indicativo,Pretérito pluscuamperfecto,tú,habías aprovechado,6,reviewed,
ES,aprovechar,Indicativo,Pretérito pluscuamperfecto,él,había aprovechado,6,reviewed,
ES,aprovechar,Indicativo,Pretérito pluscuamperfecto,nosotros,habíamos aprovechado,6,reviewed,
ES,aprovechar,Indicativo,Pretérito pluscuamperfecto,vosotros,habíais aprovechado,6,reviewed,
ES,aprovechar,Indicativo,Pretérito pluscuamperfecto,ellos,habían aprovechado,6,reviewed,
ES,disfrutar,Indicativo,Presente,yo,disfruto,6,reviewed,
ES,disfrutar,Indicativo,Presente,tú,disfrutas,6,reviewed,
ES,disfrutar,Indicativo,Presente,él,disfruta,6,reviewed,
ES,disfrutar,Indicativo,Presente,nosotros,disfrutamos,6,reviewed,
ES,disfrutar,Indicativo,Presente,vosotros,disfrutáis,6,reviewed,
ES,disfrutar,Indicativo,Presente,ellos,disfrutan,6,reviewed,
ES,disfrutar,Indicativo,Futuro,yo,disfrutaré,6,reviewed,
ES,disfrutar,Indicativo,Futuro,tú,disfrutarás,6,reviewed,
ES,disfrutar,Indicativo,Futuro,él,disfrutará,6,reviewed,
ES,disfrutar,Indicativo,Futuro,nosotros,disfrutaremos,6,reviewed,
ES,disfrutar,Indicativo,Futuro,vosotros,disfrutaréis,6,reviewed,
ES,disfrutar,Indicativo,Futuro,ellos,disfrutarán,6,reviewed,
ES,disfrutar,Indicativo,Pretérito perfecto compuesto,yo,he disfrutado,6,reviewed,
ES,disfrutar,Indicativo,Pretérito perfecto compuesto,tú,has disfrutado,6,reviewed,
ES,disfrutar,Indicativo,Pretérito perfecto compuesto,él,ha disfrutado,6,reviewed,
ES,disfrutar,Indicativo,Pretérito perfecto compuesto,nosotros,hemos disfrutado,6,reviewed,
ES,disfrutar,Indicativo,Pretérito perfecto compuesto,vosotros,habéis disfrutado,6,reviewed,
ES,disfrutar,Indicativo,Pretérito perfecto compuesto,ellos,han disfrutado,6,reviewed,
ES,disfrutar,Indicativo,Pretérito imperfecto,yo,disfrutaba,6,reviewed,
ES,disfrutar,Indicativo,Pretérito imperfecto,tú,disfrutabas,6,reviewed,
ES,disfrutar,Indicativo,Pretérito imperfecto,él,disfrutaba,6,reviewed,
ES,disfrutar,Indicativo,Pretérito imperfecto,nosotros,disfrutábamos,6,reviewed,
ES,disfrutar,Indicativo,Pretérito imperfecto,vosotros,disfrutabais,6,reviewed,
ES,disfrutar,Indicativo,Pretérito imperfecto,ellos,disfrutaban,6,reviewed,
ES,disfrutar,Condicional,Condicional,yo,disfrutaría,6,reviewed,
ES,disfrutar,Condicional,Condicional,tú,disfrutarías,6,reviewed,
ES,disfrutar,Condicional,Condicional,él,disfrutaría,6,reviewed,
ES,disfrutar,Condicional,Condicional,nosotros,disfrutaríamos,6,reviewed,
ES,disfrutar,Condicional,Condicional,vosotros,disfrutaríais,6,reviewed,
ES,disfrutar,Condicional,Condicional,ellos,disfrutarían,6,reviewed,
ES,disfrutar,Imperativo,Imperativo,yo,-,6,reviewed,yo imperative placeholder -; no standard form
ES,disfrutar,Imperativo,Imperativo,tú,disfruta,6,reviewed,
ES,disfrutar,Imperativo,Imperativo,él,disfrute,6,reviewed,
ES,disfrutar,Imperativo,Imperativo,nosotros,disfrutemos,6,reviewed,
ES,disfrutar,Imperativo,Imperativo,vosotros,disfrutad,6,reviewed,
ES,disfrutar,Imperativo,Imperativo,ellos,disfruten,6,reviewed,
ES,disfrutar,Indicativo,Futuro perfecto,yo,habré disfrutado,6,reviewed,
ES,disfrutar,Indicativo,Futuro perfecto,tú,habrás disfrutado,6,reviewed,
ES,disfrutar,Indicativo,Futuro perfecto,él,habrá disfrutado,6,reviewed,
ES,disfrutar,Indicativo,Futuro perfecto,nosotros,habremos disfrutado,6,reviewed,
ES,disfrutar,Indicativo,Futuro perfecto,vosotros,habréis disfrutado,6,reviewed,
ES,disfrutar,Indicativo,Futuro perfecto,ellos,habrán disfrutado,6,reviewed,
ES,disfrutar,Subjuntivo,Subjuntivo presente,yo,disfrute,6,reviewed,
ES,disfrutar,Subjuntivo,Subjuntivo presente,tú,disfrutes,6,reviewed,
ES,disfrutar,Subjuntivo,Subjuntivo presente,él,disfrute,6,reviewed,
ES,disfrutar,Subjuntivo,Subjuntivo presente,nosotros,disfrutemos,6,reviewed,
ES,disfrutar,Subjuntivo,Subjuntivo presente,vosotros,disfrutéis,6,reviewed,
ES,disfrutar,Subjuntivo,Subjuntivo presente,ellos,disfruten,6,reviewed,
ES,disfrutar,Indicativo,Pretérito perfecto simple,yo,disfruté,6,reviewed,
ES,disfrutar,Indicativo,Pretérito perfecto simple,tú,disfrutaste,6,reviewed,
ES,disfrutar,Indicativo,Pretérito perfecto simple,él,disfrutó,6,reviewed,
ES,disfrutar,Indicativo,Pretérito perfecto simple,nosotros,disfrutamos,6,reviewed,
ES,disfrutar,Indicativo,Pretérito perfecto simple,vosotros,disfrutasteis,6,reviewed,
ES,disfrutar,Indicativo,Pretérito perfecto simple,ellos,disfrutaron,6,reviewed,
ES,disfrutar,Indicativo,Pretérito pluscuamperfecto,yo,había disfrutado,6,reviewed,
ES,disfrutar,Indicativo,Pretérito pluscuamperfecto,tú,habías disfrutado,6,reviewed,
ES,disfrutar,Indicativo,Pretérito pluscuamperfecto,él,había disfrutado,6,reviewed,
ES,disfrutar,Indicativo,Pretérito pluscuamperfecto,nosotros,habíamos disfrutado,6,reviewed,
ES,disfrutar,Indicativo,Pretérito pluscuamperfecto,vosotros,habíais disfrutado,6,reviewed,
ES,disfrutar,Indicativo,Pretérito pluscuamperfecto,ellos,habían disfrutado,6,reviewed,
ES,concebir,Indicativo,Presente,yo,concibo,6,reviewed,
ES,concebir,Indicativo,Presente,tú,concibes,6,reviewed,
ES,concebir,Indicativo,Presente,él,concibe,6,reviewed,
ES,concebir,Indicativo,Presente,nosotros,concebimos,6,reviewed,
ES,concebir,Indicativo,Presente,vosotros,concebís,6,reviewed,
ES,concebir,Indicativo,Presente,ellos,conciben,6,reviewed,
ES,concebir,Indicativo,Futuro,yo,concebiré,6,reviewed,
ES,concebir,Indicativo,Futuro,tú,concebirás,6,reviewed,
ES,concebir,Indicativo,Futuro,él,concebirá,6,reviewed,
ES,concebir,Indicativo,Futuro,nosotros,concebiremos,6,reviewed,
ES,concebir,Indicativo,Futuro,vosotros,concebiréis,6,reviewed,
ES,concebir,Indicativo,Futuro,ellos,concebirán,6,reviewed,
ES,concebir,Indicativo,Pretérito perfecto compuesto,yo,he concebido,6,reviewed,
ES,concebir,Indicativo,Pretérito perfecto compuesto,tú,has concebido,6,reviewed,
ES,concebir,Indicativo,Pretérito perfecto compuesto,él,ha concebido,6,reviewed,
ES,concebir,Indicativo,Pretérito perfecto compuesto,nosotros,hemos concebido,6,reviewed,
ES,concebir,Indicativo,Pretérito perfecto compuesto,vosotros,habéis concebido,6,reviewed,
ES,concebir,Indicativo,Pretérito perfecto compuesto,ellos,han concebido,6,reviewed,
ES,concebir,Indicativo,Pretérito imperfecto,yo,concebía,6,reviewed,
ES,concebir,Indicativo,Pretérito imperfecto,tú,concebías,6,reviewed,
ES,concebir,Indicativo,Pretérito imperfecto,él,concebía,6,reviewed,
ES,concebir,Indicativo,Pretérito imperfecto,nosotros,concebíamos,6,reviewed,
ES,concebir,Indicativo,Pretérito imperfecto,vosotros,concebíais,6,reviewed,
ES,concebir,Indicativo,Pretérito imperfecto,ellos,concebían,6,reviewed,
ES,concebir,Condicional,Condicional,yo,concebiría,6,reviewed,
ES,concebir,Condicional,Condicional,tú,concebirías,6,reviewed,
ES,concebir,Condicional,Condicional,él,concebiría,6,reviewed,
ES,concebir,Condicional,Condicional,nosotros,concebiríamos,6,reviewed,
ES,concebir,Condicional,Condicional,vosotros,concebiríais,6,reviewed,
ES,concebir,Condicional,Condicional,ellos,concebirían,6,reviewed,
ES,concebir,Imperativo,Imperativo,yo,-,6,reviewed,yo imperative placeholder -; no standard form
ES,concebir,Imperativo,Imperativo,tú,concibe,6,reviewed,
ES,concebir,Imperativo,Imperativo,él,conciba,6,reviewed,
ES,concebir,Imperativo,Imperativo,nosotros,concibamos,6,reviewed,
ES,concebir,Imperativo,Imperativo,vosotros,concebid,6,reviewed,
ES,concebir,Imperativo,Imperativo,ellos,conciban,6,reviewed,
ES,concebir,Indicativo,Futuro perfecto,yo,habré concebido,6,reviewed,
ES,concebir,Indicativo,Futuro perfecto,tú,habrás concebido,6,reviewed,
ES,concebir,Indicativo,Futuro perfecto,él,habrá concebido,6,reviewed,
ES,concebir,Indicativo,Futuro perfecto,nosotros,habremos concebido,6,reviewed,
ES,concebir,Indicativo,Futuro perfecto,vosotros,habréis concebido,6,reviewed,
ES,concebir,Indicativo,Futuro perfecto,ellos,habrán concebido,6,reviewed,
ES,concebir,Subjuntivo,Subjuntivo presente,yo,conciba,6,reviewed,
ES,concebir,Subjuntivo,Subjuntivo presente,tú,concibas,6,reviewed,
ES,concebir,Subjuntivo,Subjuntivo presente,él,conciba,6,reviewed,
ES,concebir,Subjuntivo,Subjuntivo presente,nosotros,concibamos,6,reviewed,
ES,concebir,Subjuntivo,Subjuntivo presente,vosotros,concibáis,6,reviewed,
ES,concebir,Subjuntivo,Subjuntivo presente,ellos,conciban,6,reviewed,
ES,concebir,Indicativo,Pretérito perfecto simple,yo,concebí,6,reviewed,
ES,concebir,Indicativo,Pretérito perfecto simple,tú,concebiste,6,reviewed,
ES,concebir,Indicativo,Pretérito perfecto simple,él,concibió,6,reviewed,
ES,concebir,Indicativo,Pretérito perfecto simple,nosotros,concebimos,6,reviewed,
ES,concebir,Indicativo,Pretérito perfecto simple,vosotros,concebisteis,6,reviewed,
ES,concebir,Indicativo,Pretérito perfecto simple,ellos,concibieron,6,reviewed,
ES,concebir,Indicativo,Pretérito pluscuamperfecto,yo,había concebido,6,reviewed,
ES,concebir,Indicativo,Pretérito pluscuamperfecto,tú,habías concebido,6,reviewed,
ES,concebir,Indicativo,Pretérito pluscuamperfecto,él,había concebido,6,reviewed,
ES,concebir,Indicativo,Pretérito pluscuamperfecto,nosotros,habíamos concebido,6,reviewed,
ES,concebir,Indicativo,Pretérito pluscuamperfecto,vosotros,habíais concebido,6,reviewed,
ES,concebir,Indicativo,Pretérito pluscuamperfecto,ellos,habían concebido,6,reviewed,
ES,contemplar,Indicativo,Presente,yo,contemplo,6,reviewed,
ES,contemplar,Indicativo,Presente,tú,contemplas,6,reviewed,
ES,contemplar,Indicativo,Presente,él,contempla,6,reviewed,
ES,contemplar,Indicativo,Presente,nosotros,contemplamos,6,reviewed,
ES,contemplar,Indicativo,Presente,vosotros,contempláis,6,reviewed,
ES,contemplar,Indicativo,Presente,ellos,contemplan,6,reviewed,
ES,contemplar,Indicativo,Futuro,yo,contemplaré,6,reviewed,
ES,contemplar,Indicativo,Futuro,tú,contemplarás,6,reviewed,
ES,contemplar,Indicativo,Futuro,él,contemplará,6,reviewed,
ES,contemplar,Indicativo,Futuro,nosotros,contemplaremos,6,reviewed,
ES,contemplar,Indicativo,Futuro,vosotros,contemplaréis,6,reviewed,
ES,contemplar,Indicativo,Futuro,ellos,contemplarán,6,reviewed,
ES,contemplar,Indicativo,Pretérito perfecto compuesto,yo,he contemplado,6,reviewed,
ES,contemplar,Indicativo,Pretérito perfecto compuesto,tú,has contemplado,6,reviewed,
ES,contemplar,Indicativo,Pretérito perfecto compuesto,él,ha contemplado,6,reviewed,
ES,contemplar,Indicativo,Pretérito perfecto compuesto,nosotros,hemos contemplado,6,reviewed,
ES,contemplar,Indicativo,Pretérito perfecto compuesto,vosotros,habéis contemplado,6,reviewed,
ES,contemplar,Indicativo,Pretérito perfecto compuesto,ellos,han contemplado,6,reviewed,
ES,contemplar,Indicativo,Pretérito imperfecto,yo,contemplaba,6,reviewed,
ES,contemplar,Indicativo,Pretérito imperfecto,tú,contemplabas,6,reviewed,
ES,contemplar,Indicativo,Pretérito imperfecto,él,contemplaba,6,reviewed,
ES,contemplar,Indicativo,Pretérito imperfecto,nosotros,contemplábamos,6,reviewed,
ES,contemplar,Indicativo,Pretérito imperfecto,vosotros,contemplabais,6,reviewed,
ES,contemplar,Indicativo,Pretérito imperfecto,ellos,contemplaban,6,reviewed,
ES,contemplar,Condicional,Condicional,yo,contemplaría,6,reviewed,
ES,contemplar,Condicional,Condicional,tú,contemplarías,6,reviewed,
ES,contemplar,Condicional,Condicional,él,contemplaría,6,reviewed,
ES,contemplar,Condicional,Condicional,nosotros,contemplaríamos,6,reviewed,
ES,contemplar,Condicional,Condicional,vosotros,contemplaríais,6,reviewed,
ES,contemplar,Condicional,Condicional,ellos,contemplarían,6,reviewed,
ES,contemplar,Imperativo,Imperativo,yo,-,6,reviewed,yo imperative placeholder -; no standard form
ES,contemplar,Imperativo,Imperativo,tú,contempla,6,reviewed,
ES,contemplar,Imperativo,Imperativo,él,contemple,6,reviewed,
ES,contemplar,Imperativo,Imperativo,nosotros,contemplemos,6,reviewed,
ES,contemplar,Imperativo,Imperativo,vosotros,contemplad,6,reviewed,
ES,contemplar,Imperativo,Imperativo,ellos,contemplen,6,reviewed,
ES,contemplar,Indicativo,Futuro perfecto,yo,habré contemplado,6,reviewed,
ES,contemplar,Indicativo,Futuro perfecto,tú,habrás contemplado,6,reviewed,
ES,contemplar,Indicativo,Futuro perfecto,él,habrá contemplado,6,reviewed,
ES,contemplar,Indicativo,Futuro perfecto,nosotros,habremos contemplado,6,reviewed,
ES,contemplar,Indicativo,Futuro perfecto,vosotros,habréis contemplado,6,reviewed,
ES,contemplar,Indicativo,Futuro perfecto,ellos,habrán contemplado,6,reviewed,
ES,contemplar,Subjuntivo,Subjuntivo presente,yo,contemple,6,reviewed,
ES,contemplar,Subjuntivo,Subjuntivo presente,tú,contemples,6,reviewed,
ES,contemplar,Subjuntivo,Subjuntivo presente,él,contemple,6,reviewed,
ES,contemplar,Subjuntivo,Subjuntivo presente,nosotros,contemplemos,6,reviewed,
ES,contemplar,Subjuntivo,Subjuntivo presente,vosotros,contempléis,6,reviewed,
ES,contemplar,Subjuntivo,Subjuntivo presente,ellos,contemplen,6,reviewed,
ES,contemplar,Indicativo,Pretérito perfecto simple,yo,contemplé,6,reviewed,
ES,contemplar,Indicativo,Pretérito perfecto simple,tú,contemplaste,6,reviewed,
ES,contemplar,Indicativo,Pretérito perfecto simple,él,contempló,6,reviewed,
ES,contemplar,Indicativo,Pretérito perfecto simple,nosotros,contemplamos,6,reviewed,
ES,contemplar,Indicativo,Pretérito perfecto simple,vosotros,contemplasteis,6,reviewed,
ES,contemplar,Indicativo,Pretérito perfecto simple,ellos,contemplaron,6,reviewed,
ES,contemplar,Indicativo,Pretérito pluscuamperfecto,yo,había contemplado,6,reviewed,
ES,contemplar,Indicativo,Pretérito pluscuamperfecto,tú,habías contemplado,6,reviewed,
ES,contemplar,Indicativo,Pretérito pluscuamperfecto,él,había contemplado,6,reviewed,
ES,contemplar,Indicativo,Pretérito pluscuamperfecto,nosotros,habíamos contemplado,6,reviewed,
ES,contemplar,Indicativo,Pretérito pluscuamperfecto,vosotros,habíais contemplado,6,reviewed,
ES,contemplar,Indicativo,Pretérito pluscuamperfecto,ellos,habían contemplado,6,reviewed,
ES,considerar,Indicativo,Presente,yo,considero,6,reviewed,
ES,considerar,Indicativo,Presente,tú,consideras,6,reviewed,
ES,considerar,Indicativo,Presente,él,considera,6,reviewed,
ES,considerar,Indicativo,Presente,nosotros,consideramos,6,reviewed,
ES,considerar,Indicativo,Presente,vosotros,consideráis,6,reviewed,
ES,considerar,Indicativo,Presente,ellos,consideran,6,reviewed,
ES,considerar,Indicativo,Futuro,yo,consideraré,6,reviewed,
ES,considerar,Indicativo,Futuro,tú,considerarás,6,reviewed,
ES,considerar,Indicativo,Futuro,él,considerará,6,reviewed,
ES,considerar,Indicativo,Futuro,nosotros,consideraremos,6,reviewed,
ES,considerar,Indicativo,Futuro,vosotros,consideraréis,6,reviewed,
ES,considerar,Indicativo,Futuro,ellos,considerarán,6,reviewed,
ES,considerar,Indicativo,Pretérito perfecto compuesto,yo,he considerado,6,reviewed,
ES,considerar,Indicativo,Pretérito perfecto compuesto,tú,has considerado,6,reviewed,
ES,considerar,Indicativo,Pretérito perfecto compuesto,él,ha considerado,6,reviewed,
ES,considerar,Indicativo,Pretérito perfecto compuesto,nosotros,hemos considerado,6,reviewed,
ES,considerar,Indicativo,Pretérito perfecto compuesto,vosotros,habéis considerado,6,reviewed,
ES,considerar,Indicativo,Pretérito perfecto compuesto,ellos,han considerado,6,reviewed,
ES,considerar,Indicativo,Pretérito imperfecto,yo,consideraba,6,reviewed,
ES,considerar,Indicativo,Pretérito imperfecto,tú,considerabas,6,reviewed,
ES,considerar,Indicativo,Pretérito imperfecto,él,consideraba,6,reviewed,
ES,considerar,Indicativo,Pretérito imperfecto,nosotros,considerábamos,6,reviewed,
ES,considerar,Indicativo,Pretérito imperfecto,vosotros,considerabais,6,reviewed,
ES,considerar,Indicativo,Pretérito imperfecto,ellos,consideraban,6,reviewed,
ES,considerar,Condicional,Condicional,yo,consideraría,6,reviewed,
ES,considerar,Condicional,Condicional,tú,considerarías,6,reviewed,
ES,considerar,Condicional,Condicional,él,consideraría,6,reviewed,
ES,considerar,Condicional,Condicional,nosotros,consideraríamos,6,reviewed,
ES,considerar,Condicional,Condicional,vosotros,consideraríais,6,reviewed,
ES,considerar,Condicional,Condicional,ellos,considerarían,6,reviewed,
ES,considerar,Imperativo,Imperativo,yo,-,6,reviewed,yo imperative placeholder -; no standard form
ES,considerar,Imperativo,Imperativo,tú,considera,6,reviewed,
ES,considerar,Imperativo,Imperativo,él,considere,6,reviewed,
ES,considerar,Imperativo,Imperativo,nosotros,consideremos,6,reviewed,
ES,considerar,Imperativo,Imperativo,vosotros,considerad,6,reviewed,
ES,considerar,Imperativo,Imperativo,ellos,consideren,6,reviewed,
ES,considerar,Indicativo,Futuro perfecto,yo,habré considerado,6,reviewed,
ES,considerar,Indicativo,Futuro perfecto,tú,habrás considerado,6,reviewed,
ES,considerar,Indicativo,Futuro perfecto,él,habrá considerado,6,reviewed,
ES,considerar,Indicativo,Futuro perfecto,nosotros,habremos considerado,6,reviewed,
ES,considerar,Indicativo,Futuro perfecto,vosotros,habréis considerado,6,reviewed,
ES,considerar,Indicativo,Futuro perfecto,ellos,habrán considerado,6,reviewed,
ES,considerar,Subjuntivo,Subjuntivo presente,yo,considere,6,reviewed,
ES,considerar,Subjuntivo,Subjuntivo presente,tú,consideres,6,reviewed,
ES,considerar,Subjuntivo,Subjuntivo presente,él,considere,6,reviewed,
ES,considerar,Subjuntivo,Subjuntivo presente,nosotros,consideremos,6,reviewed,
ES,considerar,Subjuntivo,Subjuntivo presente,vosotros,consideréis,6,reviewed,
ES,considerar,Subjuntivo,Subjuntivo presente,ellos,consideren,6,reviewed,
ES,considerar,Indicativo,Pretérito perfecto simple,yo,consideré,6,reviewed,
ES,considerar,Indicativo,Pretérito perfecto simple,tú,consideraste,6,reviewed,
ES,considerar,Indicativo,Pretérito perfecto simple,él,consideró,6,reviewed,
ES,considerar,Indicativo,Pretérito perfecto simple,nosotros,consideramos,6,reviewed,
ES,considerar,Indicativo,Pretérito perfecto simple,vosotros,considerasteis,6,reviewed,
ES,considerar,Indicativo,Pretérito perfecto simple,ellos,consideraron,6,reviewed,
ES,considerar,Indicativo,Pretérito pluscuamperfecto,yo,había considerado,6,reviewed,
ES,considerar,Indicativo,Pretérito pluscuamperfecto,tú,habías considerado,6,reviewed,
ES,considerar,Indicativo,Pretérito pluscuamperfecto,él,había considerado,6,reviewed,
ES,considerar,Indicativo,Pretérito pluscuamperfecto,nosotros,habíamos considerado,6,reviewed,
ES,considerar,Indicativo,Pretérito pluscuamperfecto,vosotros,habíais considerado,6,reviewed,
ES,considerar,Indicativo,Pretérito pluscuamperfecto,ellos,habían considerado,6,reviewed,
ES,apoyar,Indicativo,Presente,yo,apoyo,6,reviewed,
ES,apoyar,Indicativo,Presente,tú,apoyas,6,reviewed,
ES,apoyar,Indicativo,Presente,él,apoya,6,reviewed,
ES,apoyar,Indicativo,Presente,nosotros,apoyamos,6,reviewed,
ES,apoyar,Indicativo,Presente,vosotros,apoyáis,6,reviewed,
ES,apoyar,Indicativo,Presente,ellos,apoyan,6,reviewed,
ES,apoyar,Indicativo,Futuro,yo,apoyaré,6,reviewed,
ES,apoyar,Indicativo,Futuro,tú,apoyarás,6,reviewed,
ES,apoyar,Indicativo,Futuro,él,apoyará,6,reviewed,
ES,apoyar,Indicativo,Futuro,nosotros,apoyaremos,6,reviewed,
ES,apoyar,Indicativo,Futuro,vosotros,apoyaréis,6,reviewed,
ES,apoyar,Indicativo,Futuro,ellos,apoyarán,6,reviewed,
ES,apoyar,Indicativo,Pretérito perfecto compuesto,yo,he apoyado,6,reviewed,
ES,apoyar,Indicativo,Pretérito perfecto compuesto,tú,has apoyado,6,reviewed,
ES,apoyar,Indicativo,Pretérito perfecto compuesto,él,ha apoyado,6,reviewed,
ES,apoyar,Indicativo,Pretérito perfecto compuesto,nosotros,hemos apoyado,6,reviewed,
ES,apoyar,Indicativo,Pretérito perfecto compuesto,vosotros,habéis apoyado,6,reviewed,
ES,apoyar,Indicativo,Pretérito perfecto compuesto,ellos,han apoyado,6,reviewed,
ES,apoyar,Indicativo,Pretérito imperfecto,yo,apoyaba,6,reviewed,
ES,apoyar,Indicativo,Pretérito imperfecto,tú,apoyabas,6,reviewed,
ES,apoyar,Indicativo,Pretérito imperfecto,él,apoyaba,6,reviewed,
ES,apoyar,Indicativo,Pretérito imperfecto,nosotros,apoyábamos,6,reviewed,
ES,apoyar,Indicativo,Pretérito imperfecto,vosotros,apoyabais,6,reviewed,
ES,apoyar,Indicativo,Pretérito imperfecto,ellos,apoyaban,6,reviewed,
ES,apoyar,Condicional,Condicional,yo,apoyaría,6,reviewed,
ES,apoyar,Condicional,Condicional,tú,apoyarías,6,reviewed,
ES,apoyar,Condicional,Condicional,él,apoyaría,6,reviewed,
ES,apoyar,Condicional,Condicional,nosotros,apoyaríamos,6,reviewed,
ES,apoyar,Condicional,Condicional,vosotros,apoyaríais,6,reviewed,
ES,apoyar,Condicional,Condicional,ellos,apoyarían,6,reviewed,
ES,apoyar,Imperativo,Imperativo,yo,-,6,reviewed,yo imperative placeholder -; no standard form
ES,apoyar,Imperativo,Imperativo,tú,apoya,6,reviewed,
ES,apoyar,Imperativo,Imperativo,él,apoye,6,reviewed,
ES,apoyar,Imperativo,Imperativo,nosotros,apoyemos,6,reviewed,
ES,apoyar,Imperativo,Imperativo,vosotros,apoyad,6,reviewed,
ES,apoyar,Imperativo,Imperativo,ellos,apoyen,6,reviewed,
ES,apoyar,Indicativo,Futuro perfecto,yo,habré apoyado,6,reviewed,
ES,apoyar,Indicativo,Futuro perfecto,tú,habrás apoyado,6,reviewed,
ES,apoyar,Indicativo,Futuro perfecto,él,habrá apoyado,6,reviewed,
ES,apoyar,Indicativo,Futuro perfecto,nosotros,habremos apoyado,6,reviewed,
ES,apoyar,Indicativo,Futuro perfecto,vosotros,habréis apoyado,6,reviewed,
ES,apoyar,Indicativo,Futuro perfecto,ellos,habrán apoyado,6,reviewed,
ES,apoyar,Subjuntivo,Subjuntivo presente,yo,apoye,6,reviewed,
ES,apoyar,Subjuntivo,Subjuntivo presente,tú,apoyes,6,reviewed,
ES,apoyar,Subjuntivo,Subjuntivo presente,él,apoye,6,reviewed,
ES,apoyar,Subjuntivo,Subjuntivo presente,nosotros,apoyemos,6,reviewed,
ES,apoyar,Subjuntivo,Subjuntivo presente,vosotros,apoyéis,6,reviewed,
ES,apoyar,Subjuntivo,Subjuntivo presente,ellos,apoyen,6,reviewed,
ES,apoyar,Indicativo,Pretérito perfecto simple,yo,apoyé,6,reviewed,
ES,apoyar,Indicativo,Pretérito perfecto simple,tú,apoyaste,6,reviewed,
ES,apoyar,Indicativo,Pretérito perfecto simple,él,apoyó,6,reviewed,
ES,apoyar,Indicativo,Pretérito perfecto simple,nosotros,apoyamos,6,reviewed,
ES,apoyar,Indicativo,Pretérito perfecto simple,vosotros,apoyasteis,6,reviewed,
ES,apoyar,Indicativo,Pretérito perfecto simple,ellos,apoyaron,6,reviewed,
ES,apoyar,Indicativo,Pretérito pluscuamperfecto,yo,había apoyado,6,reviewed,
ES,apoyar,Indicativo,Pretérito pluscuamperfecto,tú,habías apoyado,6,reviewed,
ES,apoyar,Indicativo,Pretérito pluscuamperfecto,él,había apoyado,6,reviewed,
ES,apoyar,Indicativo,Pretérito pluscuamperfecto,nosotros,habíamos apoyado,6,reviewed,
ES,apoyar,Indicativo,Pretérito pluscuamperfecto,vosotros,habíais apoyado,6,reviewed,
ES,apoyar,Indicativo,Pretérito pluscuamperfecto,ellos,habían apoyado,6,reviewed,
ES,sostener,Indicativo,Presente,yo,sostengo,6,reviewed,
ES,sostener,Indicativo,Presente,tú,sostienes,6,reviewed,
ES,sostener,Indicativo,Presente,él,sostiene,6,reviewed,
ES,sostener,Indicativo,Presente,nosotros,sostenemos,6,reviewed,
ES,sostener,Indicativo,Presente,vosotros,sostenéis,6,reviewed,
ES,sostener,Indicativo,Presente,ellos,sostienen,6,reviewed,
ES,sostener,Indicativo,Futuro,yo,sostendré,6,reviewed,
ES,sostener,Indicativo,Futuro,tú,sostendrás,6,reviewed,
ES,sostener,Indicativo,Futuro,él,sostendrá,6,reviewed,
ES,sostener,Indicativo,Futuro,nosotros,sostendremos,6,reviewed,
ES,sostener,Indicativo,Futuro,vosotros,sostendréis,6,reviewed,
ES,sostener,Indicativo,Futuro,ellos,sostendrán,6,reviewed,
ES,sostener,Indicativo,Pretérito perfecto compuesto,yo,he sostenido,6,reviewed,
ES,sostener,Indicativo,Pretérito perfecto compuesto,tú,has sostenido,6,reviewed,
ES,sostener,Indicativo,Pretérito perfecto compuesto,él,ha sostenido,6,reviewed,
ES,sostener,Indicativo,Pretérito perfecto compuesto,nosotros,hemos sostenido,6,reviewed,
ES,sostener,Indicativo,Pretérito perfecto compuesto,vosotros,habéis sostenido,6,reviewed,
ES,sostener,Indicativo,Pretérito perfecto compuesto,ellos,han sostenido,6,reviewed,
ES,sostener,Indicativo,Pretérito imperfecto,yo,sostenía,6,reviewed,
ES,sostener,Indicativo,Pretérito imperfecto,tú,sostenías,6,reviewed,
ES,sostener,Indicativo,Pretérito imperfecto,él,sostenía,6,reviewed,
ES,sostener,Indicativo,Pretérito imperfecto,nosotros,sosteníamos,6,reviewed,
ES,sostener,Indicativo,Pretérito imperfecto,vosotros,sosteníais,6,reviewed,
ES,sostener,Indicativo,Pretérito imperfecto,ellos,sostenían,6,reviewed,
ES,sostener,Condicional,Condicional,yo,sostendría,6,reviewed,
ES,sostener,Condicional,Condicional,tú,sostendrías,6,reviewed,
ES,sostener,Condicional,Condicional,él,sostendría,6,reviewed,
ES,sostener,Condicional,Condicional,nosotros,sostendríamos,6,reviewed,
ES,sostener,Condicional,Condicional,vosotros,sostendríais,6,reviewed,
ES,sostener,Condicional,Condicional,ellos,sostendrían,6,reviewed,
ES,sostener,Imperativo,Imperativo,yo,-,6,reviewed,yo imperative placeholder -; no standard form
ES,sostener,Imperativo,Imperativo,tú,sostén,6,reviewed,
ES,sostener,Imperativo,Imperativo,él,sostenga,6,reviewed,
ES,sostener,Imperativo,Imperativo,nosotros,sostengamos,6,reviewed,
ES,sostener,Imperativo,Imperativo,vosotros,sostened,6,reviewed,
ES,sostener,Imperativo,Imperativo,ellos,sostengan,6,reviewed,
ES,sostener,Indicativo,Futuro perfecto,yo,habré sostenido,6,reviewed,
ES,sostener,Indicativo,Futuro perfecto,tú,habrás sostenido,6,reviewed,
ES,sostener,Indicativo,Futuro perfecto,él,habrá sostenido,6,reviewed,
ES,sostener,Indicativo,Futuro perfecto,nosotros,habremos sostenido,6,reviewed,
ES,sostener,Indicativo,Futuro perfecto,vosotros,habréis sostenido,6,reviewed,
ES,sostener,Indicativo,Futuro perfecto,ellos,habrán sostenido,6,reviewed,
ES,sostener,Subjuntivo,Subjuntivo presente,yo,sostenga,6,reviewed,
ES,sostener,Subjuntivo,Subjuntivo presente,tú,sostengas,6,reviewed,
ES,sostener,Subjuntivo,Subjuntivo presente,él,sostenga,6,reviewed,
ES,sostener,Subjuntivo,Subjuntivo presente,nosotros,sostengamos,6,reviewed,
ES,sostener,Subjuntivo,Subjuntivo presente,vosotros,sostengáis,6,reviewed,
ES,sostener,Subjuntivo,Subjuntivo presente,ellos,sostengan,6,reviewed,
ES,sostener,Indicativo,Pretérito perfecto simple,yo,sostuve,6,reviewed,
ES,sostener,Indicativo,Pretérito perfecto simple,tú,sostuviste,6,reviewed,
ES,sostener,Indicativo,Pretérito perfecto simple,él,sostuvo,6,reviewed,
ES,sostener,Indicativo,Pretérito perfecto simple,nosotros,sostuvimos,6,reviewed,
ES,sostener,Indicativo,Pretérito perfecto simple,vosotros,sostuvisteis,6,reviewed,
ES,sostener,Indicativo,Pretérito perfecto simple,ellos,sostuvieron,6,reviewed,
ES,sostener,Indicativo,Pretérito pluscuamperfecto,yo,había sostenido,6,reviewed,
ES,sostener,Indicativo,Pretérito pluscuamperfecto,tú,habías sostenido,6,reviewed,
ES,sostener,Indicativo,Pretérito pluscuamperfecto,él,había sostenido,6,reviewed,
ES,sostener,Indicativo,Pretérito pluscuamperfecto,nosotros,habíamos sostenido,6,reviewed,
ES,sostener,Indicativo,Pretérito pluscuamperfecto,vosotros,habíais sostenido,6,reviewed,
ES,sostener,Indicativo,Pretérito pluscuamperfecto,ellos,habían sostenido,6,reviewed,
ES,pasear,Indicativo,Presente,yo,paseo,6,reviewed,
ES,pasear,Indicativo,Presente,tú,paseas,6,reviewed,
ES,pasear,Indicativo,Presente,él,pasea,6,reviewed,
ES,pasear,Indicativo,Presente,nosotros,paseamos,6,reviewed,
ES,pasear,Indicativo,Presente,vosotros,paseáis,6,reviewed,
ES,pasear,Indicativo,Presente,ellos,pasean,6,reviewed,
ES,pasear,Indicativo,Futuro,yo,pasearé,6,reviewed,
ES,pasear,Indicativo,Futuro,tú,pasearás,6,reviewed,
ES,pasear,Indicativo,Futuro,él,paseará,6,reviewed,
ES,pasear,Indicativo,Futuro,nosotros,pasearemos,6,reviewed,
ES,pasear,Indicativo,Futuro,vosotros,pasearéis,6,reviewed,
ES,pasear,Indicativo,Futuro,ellos,pasearán,6,reviewed,
ES,pasear,Indicativo,Pretérito perfecto compuesto,yo,he paseado,6,reviewed,
ES,pasear,Indicativo,Pretérito perfecto compuesto,tú,has paseado,6,reviewed,
ES,pasear,Indicativo,Pretérito perfecto compuesto,él,ha paseado,6,reviewed,
ES,pasear,Indicativo,Pretérito perfecto compuesto,nosotros,hemos paseado,6,reviewed,
ES,pasear,Indicativo,Pretérito perfecto compuesto,vosotros,habéis paseado,6,reviewed,
ES,pasear,Indicativo,Pretérito perfecto compuesto,ellos,han paseado,6,reviewed,
ES,pasear,Indicativo,Pretérito imperfecto,yo,paseaba,6,reviewed,
ES,pasear,Indicativo,Pretérito imperfecto,tú,paseabas,6,reviewed,
ES,pasear,Indicativo,Pretérito imperfecto,él,paseaba,6,reviewed,
ES,pasear,Indicativo,Pretérito imperfecto,nosotros,paseábamos,6,reviewed,
ES,pasear,Indicativo,Pretérito imperfecto,vosotros,paseabais,6,reviewed,
ES,pasear,Indicativo,Pretérito imperfecto,ellos,paseaban,6,reviewed,
ES,pasear,Condicional,Condicional,yo,pasearía,6,reviewed,
ES,pasear,Condicional,Condicional,tú,pasearías,6,reviewed,
ES,pasear,Condicional,Condicional,él,pasearía,6,reviewed,
ES,pasear,Condicional,Condicional,nosotros,pasearíamos,6,reviewed,
ES,pasear,Condicional,Condicional,vosotros,pasearíais,6,reviewed,
ES,pasear,Condicional,Condicional,ellos,pasearían,6,reviewed,
ES,pasear,Imperativo,Imperativo,yo,-,6,reviewed,yo imperative placeholder -; no standard form
ES,pasear,Imperativo,Imperativo,tú,pasea,6,reviewed,
ES,pasear,Imperativo,Imperativo,él,pasee,6,reviewed,
ES,pasear,Imperativo,Imperativo,nosotros,paseemos,6,reviewed,
ES,pasear,Imperativo,Imperativo,vosotros,pasead,6,reviewed,
ES,pasear,Imperativo,Imperativo,ellos,paseen,6,reviewed,
ES,pasear,Indicativo,Futuro perfecto,yo,habré paseado,6,reviewed,
ES,pasear,Indicativo,Futuro perfecto,tú,habrás paseado,6,reviewed,
ES,pasear,Indicativo,Futuro perfecto,él,habrá paseado,6,reviewed,
ES,pasear,Indicativo,Futuro perfecto,nosotros,habremos paseado,6,reviewed,
ES,pasear,Indicativo,Futuro perfecto,vosotros,habréis paseado,6,reviewed,
ES,pasear,Indicativo,Futuro perfecto,ellos,habrán paseado,6,reviewed,
ES,pasear,Subjuntivo,Subjuntivo presente,yo,pasee,6,reviewed,
ES,pasear,Subjuntivo,Subjuntivo presente,tú,pasees,6,reviewed,
ES,pasear,Subjuntivo,Subjuntivo presente,él,pasee,6,reviewed,
ES,pasear,Subjuntivo,Subjuntivo presente,nosotros,paseemos,6,reviewed,
ES,pasear,Subjuntivo,Subjuntivo presente,vosotros,paseéis,6,reviewed,
ES,pasear,Subjuntivo,Subjuntivo presente,ellos,paseen,6,reviewed,
ES,pasear,Indicativo,Pretérito perfecto simple,yo,paseé,6,reviewed,
ES,pasear,Indicativo,Pretérito perfecto simple,tú,paseaste,6,reviewed,
ES,pasear,Indicativo,Pretérito perfecto simple,él,paseó,6,reviewed,
ES,pasear,Indicativo,Pretérito perfecto simple,nosotros,paseamos,6,reviewed,
ES,pasear,Indicativo,Pretérito perfecto simple,vosotros,paseasteis,6,reviewed,
ES,pasear,Indicativo,Pretérito perfecto simple,ellos,pasearon,6,reviewed,
ES,pasear,Indicativo,Pretérito pluscuamperfecto,yo,había paseado,6,reviewed,
ES,pasear,Indicativo,Pretérito pluscuamperfecto,tú,habías paseado,6,reviewed,
ES,pasear,Indicativo,Pretérito pluscuamperfecto,él,había paseado,6,reviewed,
ES,pasear,Indicativo,Pretérito pluscuamperfecto,nosotros,habíamos paseado,6,reviewed,
ES,pasear,Indicativo,Pretérito pluscuamperfecto,vosotros,habíais paseado,6,reviewed,
ES,pasear,Indicativo,Pretérito pluscuamperfecto,ellos,habían paseado,6,reviewed,
ES,concluir,Indicativo,Presente,yo,concluyo,6,reviewed,y-form paradigm; QA recommended
ES,concluir,Indicativo,Presente,tú,concluyes,6,reviewed,y-form paradigm; QA recommended
ES,concluir,Indicativo,Presente,él,concluye,6,reviewed,y-form paradigm; QA recommended
ES,concluir,Indicativo,Presente,nosotros,concluimos,6,reviewed,y-form paradigm; QA recommended
ES,concluir,Indicativo,Presente,vosotros,concluís,6,reviewed,y-form paradigm; QA recommended
ES,concluir,Indicativo,Presente,ellos,concluyen,6,reviewed,y-form paradigm; QA recommended
ES,concluir,Indicativo,Futuro,yo,concluiré,6,reviewed,y-form paradigm; QA recommended
ES,concluir,Indicativo,Futuro,tú,concluirás,6,reviewed,y-form paradigm; QA recommended
ES,concluir,Indicativo,Futuro,él,concluirá,6,reviewed,y-form paradigm; QA recommended
ES,concluir,Indicativo,Futuro,nosotros,concluiremos,6,reviewed,y-form paradigm; QA recommended
ES,concluir,Indicativo,Futuro,vosotros,concluiréis,6,reviewed,y-form paradigm; QA recommended
ES,concluir,Indicativo,Futuro,ellos,concluirán,6,reviewed,y-form paradigm; QA recommended
ES,concluir,Indicativo,Pretérito perfecto compuesto,yo,he concluido,6,reviewed,y-form paradigm; QA recommended
ES,concluir,Indicativo,Pretérito perfecto compuesto,tú,has concluido,6,reviewed,y-form paradigm; QA recommended
ES,concluir,Indicativo,Pretérito perfecto compuesto,él,ha concluido,6,reviewed,y-form paradigm; QA recommended
ES,concluir,Indicativo,Pretérito perfecto compuesto,nosotros,hemos concluido,6,reviewed,y-form paradigm; QA recommended
ES,concluir,Indicativo,Pretérito perfecto compuesto,vosotros,habéis concluido,6,reviewed,y-form paradigm; QA recommended
ES,concluir,Indicativo,Pretérito perfecto compuesto,ellos,han concluido,6,reviewed,y-form paradigm; QA recommended
ES,concluir,Indicativo,Pretérito imperfecto,yo,concluía,6,reviewed,y-form paradigm; QA recommended
ES,concluir,Indicativo,Pretérito imperfecto,tú,concluías,6,reviewed,y-form paradigm; QA recommended
ES,concluir,Indicativo,Pretérito imperfecto,él,concluía,6,reviewed,y-form paradigm; QA recommended
ES,concluir,Indicativo,Pretérito imperfecto,nosotros,concluíamos,6,reviewed,y-form paradigm; QA recommended
ES,concluir,Indicativo,Pretérito imperfecto,vosotros,concluíais,6,reviewed,y-form paradigm; QA recommended
ES,concluir,Indicativo,Pretérito imperfecto,ellos,concluían,6,reviewed,y-form paradigm; QA recommended
ES,concluir,Condicional,Condicional,yo,concluiría,6,reviewed,y-form paradigm; QA recommended
ES,concluir,Condicional,Condicional,tú,concluirías,6,reviewed,y-form paradigm; QA recommended
ES,concluir,Condicional,Condicional,él,concluiría,6,reviewed,y-form paradigm; QA recommended
ES,concluir,Condicional,Condicional,nosotros,concluiríamos,6,reviewed,y-form paradigm; QA recommended
ES,concluir,Condicional,Condicional,vosotros,concluiríais,6,reviewed,y-form paradigm; QA recommended
ES,concluir,Condicional,Condicional,ellos,concluirían,6,reviewed,y-form paradigm; QA recommended
ES,concluir,Imperativo,Imperativo,yo,-,6,reviewed,y-form paradigm; yo imperative placeholder -; QA recommended
ES,concluir,Imperativo,Imperativo,tú,concluye,6,reviewed,y-form paradigm; QA recommended
ES,concluir,Imperativo,Imperativo,él,concluya,6,reviewed,y-form paradigm; QA recommended
ES,concluir,Imperativo,Imperativo,nosotros,concluyamos,6,reviewed,y-form paradigm; QA recommended
ES,concluir,Imperativo,Imperativo,vosotros,concluid,6,reviewed,y-form paradigm; QA recommended
ES,concluir,Imperativo,Imperativo,ellos,concluyan,6,reviewed,y-form paradigm; QA recommended
ES,concluir,Indicativo,Futuro perfecto,yo,habré concluido,6,reviewed,y-form paradigm; QA recommended
ES,concluir,Indicativo,Futuro perfecto,tú,habrás concluido,6,reviewed,y-form paradigm; QA recommended
ES,concluir,Indicativo,Futuro perfecto,él,habrá concluido,6,reviewed,y-form paradigm; QA recommended
ES,concluir,Indicativo,Futuro perfecto,nosotros,habremos concluido,6,reviewed,y-form paradigm; QA recommended
ES,concluir,Indicativo,Futuro perfecto,vosotros,habréis concluido,6,reviewed,y-form paradigm; QA recommended
ES,concluir,Indicativo,Futuro perfecto,ellos,habrán concluido,6,reviewed,y-form paradigm; QA recommended
ES,concluir,Subjuntivo,Subjuntivo presente,yo,concluya,6,reviewed,y-form paradigm; QA recommended
ES,concluir,Subjuntivo,Subjuntivo presente,tú,concluyas,6,reviewed,y-form paradigm; QA recommended
ES,concluir,Subjuntivo,Subjuntivo presente,él,concluya,6,reviewed,y-form paradigm; QA recommended
ES,concluir,Subjuntivo,Subjuntivo presente,nosotros,concluyamos,6,reviewed,y-form paradigm; QA recommended
ES,concluir,Subjuntivo,Subjuntivo presente,vosotros,concluyáis,6,reviewed,y-form paradigm; QA recommended
ES,concluir,Subjuntivo,Subjuntivo presente,ellos,concluyan,6,reviewed,y-form paradigm; QA recommended
ES,concluir,Indicativo,Pretérito perfecto simple,yo,concluí,6,reviewed,y-form paradigm; QA recommended
ES,concluir,Indicativo,Pretérito perfecto simple,tú,concluiste,6,reviewed,y-form paradigm; QA recommended
ES,concluir,Indicativo,Pretérito perfecto simple,él,concluyó,6,reviewed,y-form paradigm; QA recommended
ES,concluir,Indicativo,Pretérito perfecto simple,nosotros,concluimos,6,reviewed,y-form paradigm; QA recommended
ES,concluir,Indicativo,Pretérito perfecto simple,vosotros,concluisteis,6,reviewed,y-form paradigm; QA recommended
ES,concluir,Indicativo,Pretérito perfecto simple,ellos,concluyeron,6,reviewed,y-form paradigm; QA recommended
ES,concluir,Indicativo,Pretérito pluscuamperfecto,yo,había concluido,6,reviewed,y-form paradigm; QA recommended
ES,concluir,Indicativo,Pretérito pluscuamperfecto,tú,habías concluido,6,reviewed,y-form paradigm; QA recommended
ES,concluir,Indicativo,Pretérito pluscuamperfecto,él,había concluido,6,reviewed,y-form paradigm; QA recommended
ES,concluir,Indicativo,Pretérito pluscuamperfecto,nosotros,habíamos concluido,6,reviewed,y-form paradigm; QA recommended
ES,concluir,Indicativo,Pretérito pluscuamperfecto,vosotros,habíais concluido,6,reviewed,y-form paradigm; QA recommended
ES,concluir,Indicativo,Pretérito pluscuamperfecto,ellos,habían concluido,6,reviewed,y-form paradigm; QA recommended
ES,alimentar,Indicativo,Presente,yo,alimento,6,reviewed,
ES,alimentar,Indicativo,Presente,tú,alimentas,6,reviewed,
ES,alimentar,Indicativo,Presente,él,alimenta,6,reviewed,
ES,alimentar,Indicativo,Presente,nosotros,alimentamos,6,reviewed,
ES,alimentar,Indicativo,Presente,vosotros,alimentáis,6,reviewed,
ES,alimentar,Indicativo,Presente,ellos,alimentan,6,reviewed,
ES,alimentar,Indicativo,Futuro,yo,alimentaré,6,reviewed,
ES,alimentar,Indicativo,Futuro,tú,alimentarás,6,reviewed,
ES,alimentar,Indicativo,Futuro,él,alimentará,6,reviewed,
ES,alimentar,Indicativo,Futuro,nosotros,alimentaremos,6,reviewed,
ES,alimentar,Indicativo,Futuro,vosotros,alimentaréis,6,reviewed,
ES,alimentar,Indicativo,Futuro,ellos,alimentarán,6,reviewed,
ES,alimentar,Indicativo,Pretérito perfecto compuesto,yo,he alimentado,6,reviewed,
ES,alimentar,Indicativo,Pretérito perfecto compuesto,tú,has alimentado,6,reviewed,
ES,alimentar,Indicativo,Pretérito perfecto compuesto,él,ha alimentado,6,reviewed,
ES,alimentar,Indicativo,Pretérito perfecto compuesto,nosotros,hemos alimentado,6,reviewed,
ES,alimentar,Indicativo,Pretérito perfecto compuesto,vosotros,habéis alimentado,6,reviewed,
ES,alimentar,Indicativo,Pretérito perfecto compuesto,ellos,han alimentado,6,reviewed,
ES,alimentar,Indicativo,Pretérito imperfecto,yo,alimentaba,6,reviewed,
ES,alimentar,Indicativo,Pretérito imperfecto,tú,alimentabas,6,reviewed,
ES,alimentar,Indicativo,Pretérito imperfecto,él,alimentaba,6,reviewed,
ES,alimentar,Indicativo,Pretérito imperfecto,nosotros,alimentábamos,6,reviewed,
ES,alimentar,Indicativo,Pretérito imperfecto,vosotros,alimentabais,6,reviewed,
ES,alimentar,Indicativo,Pretérito imperfecto,ellos,alimentaban,6,reviewed,
ES,alimentar,Condicional,Condicional,yo,alimentaría,6,reviewed,
ES,alimentar,Condicional,Condicional,tú,alimentarías,6,reviewed,
ES,alimentar,Condicional,Condicional,él,alimentaría,6,reviewed,
ES,alimentar,Condicional,Condicional,nosotros,alimentaríamos,6,reviewed,
ES,alimentar,Condicional,Condicional,vosotros,alimentaríais,6,reviewed,
ES,alimentar,Condicional,Condicional,ellos,alimentarían,6,reviewed,
ES,alimentar,Imperativo,Imperativo,yo,-,6,reviewed,yo imperative placeholder -; no standard form
ES,alimentar,Imperativo,Imperativo,tú,alimenta,6,reviewed,
ES,alimentar,Imperativo,Imperativo,él,alimente,6,reviewed,
ES,alimentar,Imperativo,Imperativo,nosotros,alimentemos,6,reviewed,
ES,alimentar,Imperativo,Imperativo,vosotros,alimentad,6,reviewed,
ES,alimentar,Imperativo,Imperativo,ellos,alimenten,6,reviewed,
ES,alimentar,Indicativo,Futuro perfecto,yo,habré alimentado,6,reviewed,
ES,alimentar,Indicativo,Futuro perfecto,tú,habrás alimentado,6,reviewed,
ES,alimentar,Indicativo,Futuro perfecto,él,habrá alimentado,6,reviewed,
ES,alimentar,Indicativo,Futuro perfecto,nosotros,habremos alimentado,6,reviewed,
ES,alimentar,Indicativo,Futuro perfecto,vosotros,habréis alimentado,6,reviewed,
ES,alimentar,Indicativo,Futuro perfecto,ellos,habrán alimentado,6,reviewed,
ES,alimentar,Subjuntivo,Subjuntivo presente,yo,alimente,6,reviewed,
ES,alimentar,Subjuntivo,Subjuntivo presente,tú,alimentes,6,reviewed,
ES,alimentar,Subjuntivo,Subjuntivo presente,él,alimente,6,reviewed,
ES,alimentar,Subjuntivo,Subjuntivo presente,nosotros,alimentemos,6,reviewed,
ES,alimentar,Subjuntivo,Subjuntivo presente,vosotros,alimentéis,6,reviewed,
ES,alimentar,Subjuntivo,Subjuntivo presente,ellos,alimenten,6,reviewed,
ES,alimentar,Indicativo,Pretérito perfecto simple,yo,alimenté,6,reviewed,
ES,alimentar,Indicativo,Pretérito perfecto simple,tú,alimentaste,6,reviewed,
ES,alimentar,Indicativo,Pretérito perfecto simple,él,alimentó,6,reviewed,
ES,alimentar,Indicativo,Pretérito perfecto simple,nosotros,alimentamos,6,reviewed,
ES,alimentar,Indicativo,Pretérito perfecto simple,vosotros,alimentasteis,6,reviewed,
ES,alimentar,Indicativo,Pretérito perfecto simple,ellos,alimentaron,6,reviewed,
ES,alimentar,Indicativo,Pretérito pluscuamperfecto,yo,había alimentado,6,reviewed,
ES,alimentar,Indicativo,Pretérito pluscuamperfecto,tú,habías alimentado,6,reviewed,
ES,alimentar,Indicativo,Pretérito pluscuamperfecto,él,había alimentado,6,reviewed,
ES,alimentar,Indicativo,Pretérito pluscuamperfecto,nosotros,habíamos alimentado,6,reviewed,
ES,alimentar,Indicativo,Pretérito pluscuamperfecto,vosotros,habíais alimentado,6,reviewed,
ES,alimentar,Indicativo,Pretérito pluscuamperfecto,ellos,habían alimentado,6,reviewed,
ES,probar,Indicativo,Presente,yo,pruebo,6,reviewed,
ES,probar,Indicativo,Presente,tú,pruebas,6,reviewed,
ES,probar,Indicativo,Presente,él,prueba,6,reviewed,
ES,probar,Indicativo,Presente,nosotros,probamos,6,reviewed,
ES,probar,Indicativo,Presente,vosotros,probáis,6,reviewed,
ES,probar,Indicativo,Presente,ellos,prueban,6,reviewed,
ES,probar,Indicativo,Futuro,yo,probaré,6,reviewed,
ES,probar,Indicativo,Futuro,tú,probarás,6,reviewed,
ES,probar,Indicativo,Futuro,él,probará,6,reviewed,
ES,probar,Indicativo,Futuro,nosotros,probaremos,6,reviewed,
ES,probar,Indicativo,Futuro,vosotros,probaréis,6,reviewed,
ES,probar,Indicativo,Futuro,ellos,probarán,6,reviewed,
ES,probar,Indicativo,Pretérito perfecto compuesto,yo,he probado,6,reviewed,
ES,probar,Indicativo,Pretérito perfecto compuesto,tú,has probado,6,reviewed,
ES,probar,Indicativo,Pretérito perfecto compuesto,él,ha probado,6,reviewed,
ES,probar,Indicativo,Pretérito perfecto compuesto,nosotros,hemos probado,6,reviewed,
ES,probar,Indicativo,Pretérito perfecto compuesto,vosotros,habéis probado,6,reviewed,
ES,probar,Indicativo,Pretérito perfecto compuesto,ellos,han probado,6,reviewed,
ES,probar,Indicativo,Pretérito imperfecto,yo,probaba,6,reviewed,
ES,probar,Indicativo,Pretérito imperfecto,tú,probabas,6,reviewed,
ES,probar,Indicativo,Pretérito imperfecto,él,probaba,6,reviewed,
ES,probar,Indicativo,Pretérito imperfecto,nosotros,probábamos,6,reviewed,
ES,probar,Indicativo,Pretérito imperfecto,vosotros,probabais,6,reviewed,
ES,probar,Indicativo,Pretérito imperfecto,ellos,probaban,6,reviewed,
ES,probar,Condicional,Condicional,yo,probaría,6,reviewed,
ES,probar,Condicional,Condicional,tú,probarías,6,reviewed,
ES,probar,Condicional,Condicional,él,probaría,6,reviewed,
ES,probar,Condicional,Condicional,nosotros,probaríamos,6,reviewed,
ES,probar,Condicional,Condicional,vosotros,probaríais,6,reviewed,
ES,probar,Condicional,Condicional,ellos,probarían,6,reviewed,
ES,probar,Imperativo,Imperativo,yo,-,6,reviewed,yo imperative placeholder -; no standard form
ES,probar,Imperativo,Imperativo,tú,prueba,6,reviewed,
ES,probar,Imperativo,Imperativo,él,pruebe,6,reviewed,
ES,probar,Imperativo,Imperativo,nosotros,probemos,6,reviewed,
ES,probar,Imperativo,Imperativo,vosotros,probad,6,reviewed,
ES,probar,Imperativo,Imperativo,ellos,prueben,6,reviewed,
ES,probar,Indicativo,Futuro perfecto,yo,habré probado,6,reviewed,
ES,probar,Indicativo,Futuro perfecto,tú,habrás probado,6,reviewed,
ES,probar,Indicativo,Futuro perfecto,él,habrá probado,6,reviewed,
ES,probar,Indicativo,Futuro perfecto,nosotros,habremos probado,6,reviewed,
ES,probar,Indicativo,Futuro perfecto,vosotros,habréis probado,6,reviewed,
ES,probar,Indicativo,Futuro perfecto,ellos,habrán probado,6,reviewed,
ES,probar,Subjuntivo,Subjuntivo presente,yo,pruebe,6,reviewed,
ES,probar,Subjuntivo,Subjuntivo presente,tú,pruebes,6,reviewed,
ES,probar,Subjuntivo,Subjuntivo presente,él,pruebe,6,reviewed,
ES,probar,Subjuntivo,Subjuntivo presente,nosotros,probemos,6,reviewed,
ES,probar,Subjuntivo,Subjuntivo presente,vosotros,probéis,6,reviewed,
ES,probar,Subjuntivo,Subjuntivo presente,ellos,prueben,6,reviewed,
ES,probar,Indicativo,Pretérito perfecto simple,yo,probé,6,reviewed,
ES,probar,Indicativo,Pretérito perfecto simple,tú,probaste,6,reviewed,
ES,probar,Indicativo,Pretérito perfecto simple,él,probó,6,reviewed,
ES,probar,Indicativo,Pretérito perfecto simple,nosotros,probamos,6,reviewed,
ES,probar,Indicativo,Pretérito perfecto simple,vosotros,probasteis,6,reviewed,
ES,probar,Indicativo,Pretérito perfecto simple,ellos,probaron,6,reviewed,
ES,probar,Indicativo,Pretérito pluscuamperfecto,yo,había probado,6,reviewed,
ES,probar,Indicativo,Pretérito pluscuamperfecto,tú,habías probado,6,reviewed,
ES,probar,Indicativo,Pretérito pluscuamperfecto,él,había probado,6,reviewed,
ES,probar,Indicativo,Pretérito pluscuamperfecto,nosotros,habíamos probado,6,reviewed,
ES,probar,Indicativo,Pretérito pluscuamperfecto,vosotros,habíais probado,6,reviewed,
ES,probar,Indicativo,Pretérito pluscuamperfecto,ellos,habían probado,6,reviewed,
ES,demostrar,Indicativo,Presente,yo,demuestro,6,reviewed,
ES,demostrar,Indicativo,Presente,tú,demuestras,6,reviewed,
ES,demostrar,Indicativo,Presente,él,demuestra,6,reviewed,
ES,demostrar,Indicativo,Presente,nosotros,demostramos,6,reviewed,
ES,demostrar,Indicativo,Presente,vosotros,demostráis,6,reviewed,
ES,demostrar,Indicativo,Presente,ellos,demuestran,6,reviewed,
ES,demostrar,Indicativo,Futuro,yo,demostraré,6,reviewed,
ES,demostrar,Indicativo,Futuro,tú,demostrarás,6,reviewed,
ES,demostrar,Indicativo,Futuro,él,demostrará,6,reviewed,
ES,demostrar,Indicativo,Futuro,nosotros,demostraremos,6,reviewed,
ES,demostrar,Indicativo,Futuro,vosotros,demostraréis,6,reviewed,
ES,demostrar,Indicativo,Futuro,ellos,demostrarán,6,reviewed,
ES,demostrar,Indicativo,Pretérito perfecto compuesto,yo,he demostrado,6,reviewed,
ES,demostrar,Indicativo,Pretérito perfecto compuesto,tú,has demostrado,6,reviewed,
ES,demostrar,Indicativo,Pretérito perfecto compuesto,él,ha demostrado,6,reviewed,
ES,demostrar,Indicativo,Pretérito perfecto compuesto,nosotros,hemos demostrado,6,reviewed,
ES,demostrar,Indicativo,Pretérito perfecto compuesto,vosotros,habéis demostrado,6,reviewed,
ES,demostrar,Indicativo,Pretérito perfecto compuesto,ellos,han demostrado,6,reviewed,
ES,demostrar,Indicativo,Pretérito imperfecto,yo,demostraba,6,reviewed,
ES,demostrar,Indicativo,Pretérito imperfecto,tú,demostrabas,6,reviewed,
ES,demostrar,Indicativo,Pretérito imperfecto,él,demostraba,6,reviewed,
ES,demostrar,Indicativo,Pretérito imperfecto,nosotros,demostrábamos,6,reviewed,
ES,demostrar,Indicativo,Pretérito imperfecto,vosotros,demostrabais,6,reviewed,
ES,demostrar,Indicativo,Pretérito imperfecto,ellos,demostraban,6,reviewed,
ES,demostrar,Condicional,Condicional,yo,demostraría,6,reviewed,
ES,demostrar,Condicional,Condicional,tú,demostrarías,6,reviewed,
ES,demostrar,Condicional,Condicional,él,demostraría,6,reviewed,
ES,demostrar,Condicional,Condicional,nosotros,demostraríamos,6,reviewed,
ES,demostrar,Condicional,Condicional,vosotros,demostraríais,6,reviewed,
ES,demostrar,Condicional,Condicional,ellos,demostrarían,6,reviewed,
ES,demostrar,Imperativo,Imperativo,yo,-,6,reviewed,yo imperative placeholder -; no standard form
ES,demostrar,Imperativo,Imperativo,tú,demuestra,6,reviewed,
ES,demostrar,Imperativo,Imperativo,él,demuestre,6,reviewed,
ES,demostrar,Imperativo,Imperativo,nosotros,demostremos,6,reviewed,
ES,demostrar,Imperativo,Imperativo,vosotros,demostrad,6,reviewed,
ES,demostrar,Imperativo,Imperativo,ellos,demuestren,6,reviewed,
ES,demostrar,Indicativo,Futuro perfecto,yo,habré demostrado,6,reviewed,
ES,demostrar,Indicativo,Futuro perfecto,tú,habrás demostrado,6,reviewed,
ES,demostrar,Indicativo,Futuro perfecto,él,habrá demostrado,6,reviewed,
ES,demostrar,Indicativo,Futuro perfecto,nosotros,habremos demostrado,6,reviewed,
ES,demostrar,Indicativo,Futuro perfecto,vosotros,habréis demostrado,6,reviewed,
ES,demostrar,Indicativo,Futuro perfecto,ellos,habrán demostrado,6,reviewed,
ES,demostrar,Subjuntivo,Subjuntivo presente,yo,demuestre,6,reviewed,
ES,demostrar,Subjuntivo,Subjuntivo presente,tú,demuestres,6,reviewed,
ES,demostrar,Subjuntivo,Subjuntivo presente,él,demuestre,6,reviewed,
ES,demostrar,Subjuntivo,Subjuntivo presente,nosotros,demostremos,6,reviewed,
ES,demostrar,Subjuntivo,Subjuntivo presente,vosotros,demostréis,6,reviewed,
ES,demostrar,Subjuntivo,Subjuntivo presente,ellos,demuestren,6,reviewed,
ES,demostrar,Indicativo,Pretérito perfecto simple,yo,demostré,6,reviewed,
ES,demostrar,Indicativo,Pretérito perfecto simple,tú,demostraste,6,reviewed,
ES,demostrar,Indicativo,Pretérito perfecto simple,él,demostró,6,reviewed,
ES,demostrar,Indicativo,Pretérito perfecto simple,nosotros,demostramos,6,reviewed,
ES,demostrar,Indicativo,Pretérito perfecto simple,vosotros,demostrasteis,6,reviewed,
ES,demostrar,Indicativo,Pretérito perfecto simple,ellos,demostraron,6,reviewed,
ES,demostrar,Indicativo,Pretérito pluscuamperfecto,yo,había demostrado,6,reviewed,
ES,demostrar,Indicativo,Pretérito pluscuamperfecto,tú,habías demostrado,6,reviewed,
ES,demostrar,Indicativo,Pretérito pluscuamperfecto,él,había demostrado,6,reviewed,
ES,demostrar,Indicativo,Pretérito pluscuamperfecto,nosotros,habíamos demostrado,6,reviewed,
ES,demostrar,Indicativo,Pretérito pluscuamperfecto,vosotros,habíais demostrado,6,reviewed,
ES,demostrar,Indicativo,Pretérito pluscuamperfecto,ellos,habían demostrado,6,reviewed,
ES,dudar,Indicativo,Presente,yo,dudo,6,reviewed,
ES,dudar,Indicativo,Presente,tú,dudas,6,reviewed,
ES,dudar,Indicativo,Presente,él,duda,6,reviewed,
ES,dudar,Indicativo,Presente,nosotros,dudamos,6,reviewed,
ES,dudar,Indicativo,Presente,vosotros,dudáis,6,reviewed,
ES,dudar,Indicativo,Presente,ellos,dudan,6,reviewed,
ES,dudar,Indicativo,Futuro,yo,dudaré,6,reviewed,
ES,dudar,Indicativo,Futuro,tú,dudarás,6,reviewed,
ES,dudar,Indicativo,Futuro,él,dudará,6,reviewed,
ES,dudar,Indicativo,Futuro,nosotros,dudaremos,6,reviewed,
ES,dudar,Indicativo,Futuro,vosotros,dudaréis,6,reviewed,
ES,dudar,Indicativo,Futuro,ellos,dudarán,6,reviewed,
ES,dudar,Indicativo,Pretérito perfecto compuesto,yo,he dudado,6,reviewed,
ES,dudar,Indicativo,Pretérito perfecto compuesto,tú,has dudado,6,reviewed,
ES,dudar,Indicativo,Pretérito perfecto compuesto,él,ha dudado,6,reviewed,
ES,dudar,Indicativo,Pretérito perfecto compuesto,nosotros,hemos dudado,6,reviewed,
ES,dudar,Indicativo,Pretérito perfecto compuesto,vosotros,habéis dudado,6,reviewed,
ES,dudar,Indicativo,Pretérito perfecto compuesto,ellos,han dudado,6,reviewed,
ES,dudar,Indicativo,Pretérito imperfecto,yo,dudaba,6,reviewed,
ES,dudar,Indicativo,Pretérito imperfecto,tú,dudabas,6,reviewed,
ES,dudar,Indicativo,Pretérito imperfecto,él,dudaba,6,reviewed,
ES,dudar,Indicativo,Pretérito imperfecto,nosotros,dudábamos,6,reviewed,
ES,dudar,Indicativo,Pretérito imperfecto,vosotros,dudabais,6,reviewed,
ES,dudar,Indicativo,Pretérito imperfecto,ellos,dudaban,6,reviewed,
ES,dudar,Condicional,Condicional,yo,dudaría,6,reviewed,
ES,dudar,Condicional,Condicional,tú,dudarías,6,reviewed,
ES,dudar,Condicional,Condicional,él,dudaría,6,reviewed,
ES,dudar,Condicional,Condicional,nosotros,dudaríamos,6,reviewed,
ES,dudar,Condicional,Condicional,vosotros,dudaríais,6,reviewed,
ES,dudar,Condicional,Condicional,ellos,dudarían,6,reviewed,
ES,dudar,Imperativo,Imperativo,yo,-,6,reviewed,yo imperative placeholder -; no standard form
ES,dudar,Imperativo,Imperativo,tú,duda,6,reviewed,
ES,dudar,Imperativo,Imperativo,él,dude,6,reviewed,
ES,dudar,Imperativo,Imperativo,nosotros,dudemos,6,reviewed,
ES,dudar,Imperativo,Imperativo,vosotros,dudad,6,reviewed,
ES,dudar,Imperativo,Imperativo,ellos,duden,6,reviewed,
ES,dudar,Indicativo,Futuro perfecto,yo,habré dudado,6,reviewed,
ES,dudar,Indicativo,Futuro perfecto,tú,habrás dudado,6,reviewed,
ES,dudar,Indicativo,Futuro perfecto,él,habrá dudado,6,reviewed,
ES,dudar,Indicativo,Futuro perfecto,nosotros,habremos dudado,6,reviewed,
ES,dudar,Indicativo,Futuro perfecto,vosotros,habréis dudado,6,reviewed,
ES,dudar,Indicativo,Futuro perfecto,ellos,habrán dudado,6,reviewed,
ES,dudar,Subjuntivo,Subjuntivo presente,yo,dude,6,reviewed,
ES,dudar,Subjuntivo,Subjuntivo presente,tú,dudes,6,reviewed,
ES,dudar,Subjuntivo,Subjuntivo presente,él,dude,6,reviewed,
ES,dudar,Subjuntivo,Subjuntivo presente,nosotros,dudemos,6,reviewed,
ES,dudar,Subjuntivo,Subjuntivo presente,vosotros,dudéis,6,reviewed,
ES,dudar,Subjuntivo,Subjuntivo presente,ellos,duden,6,reviewed,
ES,dudar,Indicativo,Pretérito perfecto simple,yo,dudé,6,reviewed,
ES,dudar,Indicativo,Pretérito perfecto simple,tú,dudaste,6,reviewed,
ES,dudar,Indicativo,Pretérito perfecto simple,él,dudó,6,reviewed,
ES,dudar,Indicativo,Pretérito perfecto simple,nosotros,dudamos,6,reviewed,
ES,dudar,Indicativo,Pretérito perfecto simple,vosotros,dudasteis,6,reviewed,
ES,dudar,Indicativo,Pretérito perfecto simple,ellos,dudaron,6,reviewed,
ES,dudar,Indicativo,Pretérito pluscuamperfecto,yo,había dudado,6,reviewed,
ES,dudar,Indicativo,Pretérito pluscuamperfecto,tú,habías dudado,6,reviewed,
ES,dudar,Indicativo,Pretérito pluscuamperfecto,él,había dudado,6,reviewed,
ES,dudar,Indicativo,Pretérito pluscuamperfecto,nosotros,habíamos dudado,6,reviewed,
ES,dudar,Indicativo,Pretérito pluscuamperfecto,vosotros,habíais dudado,6,reviewed,
ES,dudar,Indicativo,Pretérito pluscuamperfecto,ellos,habían dudado,6,reviewed,
ES,lavar,Indicativo,Presente,yo,lavo,6,reviewed,
ES,lavar,Indicativo,Presente,tú,lavas,6,reviewed,
ES,lavar,Indicativo,Presente,él,lava,6,reviewed,
ES,lavar,Indicativo,Presente,nosotros,lavamos,6,reviewed,
ES,lavar,Indicativo,Presente,vosotros,laváis,6,reviewed,
ES,lavar,Indicativo,Presente,ellos,lavan,6,reviewed,
ES,lavar,Indicativo,Futuro,yo,lavaré,6,reviewed,
ES,lavar,Indicativo,Futuro,tú,lavarás,6,reviewed,
ES,lavar,Indicativo,Futuro,él,lavará,6,reviewed,
ES,lavar,Indicativo,Futuro,nosotros,lavaremos,6,reviewed,
ES,lavar,Indicativo,Futuro,vosotros,lavaréis,6,reviewed,
ES,lavar,Indicativo,Futuro,ellos,lavarán,6,reviewed,
ES,lavar,Indicativo,Pretérito perfecto compuesto,yo,he lavado,6,reviewed,
ES,lavar,Indicativo,Pretérito perfecto compuesto,tú,has lavado,6,reviewed,
ES,lavar,Indicativo,Pretérito perfecto compuesto,él,ha lavado,6,reviewed,
ES,lavar,Indicativo,Pretérito perfecto compuesto,nosotros,hemos lavado,6,reviewed,
ES,lavar,Indicativo,Pretérito perfecto compuesto,vosotros,habéis lavado,6,reviewed,
ES,lavar,Indicativo,Pretérito perfecto compuesto,ellos,han lavado,6,reviewed,
ES,lavar,Indicativo,Pretérito imperfecto,yo,lavaba,6,reviewed,
ES,lavar,Indicativo,Pretérito imperfecto,tú,lavabas,6,reviewed,
ES,lavar,Indicativo,Pretérito imperfecto,él,lavaba,6,reviewed,
ES,lavar,Indicativo,Pretérito imperfecto,nosotros,lavábamos,6,reviewed,
ES,lavar,Indicativo,Pretérito imperfecto,vosotros,lavabais,6,reviewed,
ES,lavar,Indicativo,Pretérito imperfecto,ellos,lavaban,6,reviewed,
ES,lavar,Condicional,Condicional,yo,lavaría,6,reviewed,
ES,lavar,Condicional,Condicional,tú,lavarías,6,reviewed,
ES,lavar,Condicional,Condicional,él,lavaría,6,reviewed,
ES,lavar,Condicional,Condicional,nosotros,lavaríamos,6,reviewed,
ES,lavar,Condicional,Condicional,vosotros,lavaríais,6,reviewed,
ES,lavar,Condicional,Condicional,ellos,lavarían,6,reviewed,
ES,lavar,Imperativo,Imperativo,yo,-,6,reviewed,yo imperative placeholder -; no standard form
ES,lavar,Imperativo,Imperativo,tú,lava,6,reviewed,
ES,lavar,Imperativo,Imperativo,él,lave,6,reviewed,
ES,lavar,Imperativo,Imperativo,nosotros,lavemos,6,reviewed,
ES,lavar,Imperativo,Imperativo,vosotros,lavad,6,reviewed,
ES,lavar,Imperativo,Imperativo,ellos,laven,6,reviewed,
ES,lavar,Indicativo,Futuro perfecto,yo,habré lavado,6,reviewed,
ES,lavar,Indicativo,Futuro perfecto,tú,habrás lavado,6,reviewed,
ES,lavar,Indicativo,Futuro perfecto,él,habrá lavado,6,reviewed,
ES,lavar,Indicativo,Futuro perfecto,nosotros,habremos lavado,6,reviewed,
ES,lavar,Indicativo,Futuro perfecto,vosotros,habréis lavado,6,reviewed,
ES,lavar,Indicativo,Futuro perfecto,ellos,habrán lavado,6,reviewed,
ES,lavar,Subjuntivo,Subjuntivo presente,yo,lave,6,reviewed,
ES,lavar,Subjuntivo,Subjuntivo presente,tú,laves,6,reviewed,
ES,lavar,Subjuntivo,Subjuntivo presente,él,lave,6,reviewed,
ES,lavar,Subjuntivo,Subjuntivo presente,nosotros,lavemos,6,reviewed,
ES,lavar,Subjuntivo,Subjuntivo presente,vosotros,lavéis,6,reviewed,
ES,lavar,Subjuntivo,Subjuntivo presente,ellos,laven,6,reviewed,
ES,lavar,Indicativo,Pretérito perfecto simple,yo,lavé,6,reviewed,
ES,lavar,Indicativo,Pretérito perfecto simple,tú,lavaste,6,reviewed,
ES,lavar,Indicativo,Pretérito perfecto simple,él,lavó,6,reviewed,
ES,lavar,Indicativo,Pretérito perfecto simple,nosotros,lavamos,6,reviewed,
ES,lavar,Indicativo,Pretérito perfecto simple,vosotros,lavasteis,6,reviewed,
ES,lavar,Indicativo,Pretérito perfecto simple,ellos,lavaron,6,reviewed,
ES,lavar,Indicativo,Pretérito pluscuamperfecto,yo,había lavado,6,reviewed,
ES,lavar,Indicativo,Pretérito pluscuamperfecto,tú,habías lavado,6,reviewed,
ES,lavar,Indicativo,Pretérito pluscuamperfecto,él,había lavado,6,reviewed,
ES,lavar,Indicativo,Pretérito pluscuamperfecto,nosotros,habíamos lavado,6,reviewed,
ES,lavar,Indicativo,Pretérito pluscuamperfecto,vosotros,habíais lavado,6,reviewed,
ES,lavar,Indicativo,Pretérito pluscuamperfecto,ellos,habían lavado,6,reviewed,
ES,disponer,Indicativo,Presente,yo,dispongo,6,reviewed,
ES,disponer,Indicativo,Presente,tú,dispones,6,reviewed,
ES,disponer,Indicativo,Presente,él,dispone,6,reviewed,
ES,disponer,Indicativo,Presente,nosotros,disponemos,6,reviewed,
ES,disponer,Indicativo,Presente,vosotros,disponéis,6,reviewed,
ES,disponer,Indicativo,Presente,ellos,disponen,6,reviewed,
ES,disponer,Indicativo,Futuro,yo,dispondré,6,reviewed,
ES,disponer,Indicativo,Futuro,tú,dispondrás,6,reviewed,
ES,disponer,Indicativo,Futuro,él,dispondrá,6,reviewed,
ES,disponer,Indicativo,Futuro,nosotros,dispondremos,6,reviewed,
ES,disponer,Indicativo,Futuro,vosotros,dispondréis,6,reviewed,
ES,disponer,Indicativo,Futuro,ellos,dispondrán,6,reviewed,
ES,disponer,Indicativo,Pretérito perfecto compuesto,yo,he dispuesto,6,reviewed,
ES,disponer,Indicativo,Pretérito perfecto compuesto,tú,has dispuesto,6,reviewed,
ES,disponer,Indicativo,Pretérito perfecto compuesto,él,ha dispuesto,6,reviewed,
ES,disponer,Indicativo,Pretérito perfecto compuesto,nosotros,hemos dispuesto,6,reviewed,
ES,disponer,Indicativo,Pretérito perfecto compuesto,vosotros,habéis dispuesto,6,reviewed,
ES,disponer,Indicativo,Pretérito perfecto compuesto,ellos,han dispuesto,6,reviewed,
ES,disponer,Indicativo,Pretérito imperfecto,yo,disponía,6,reviewed,
ES,disponer,Indicativo,Pretérito imperfecto,tú,disponías,6,reviewed,
ES,disponer,Indicativo,Pretérito imperfecto,él,disponía,6,reviewed,
ES,disponer,Indicativo,Pretérito imperfecto,nosotros,disponíamos,6,reviewed,
ES,disponer,Indicativo,Pretérito imperfecto,vosotros,disponíais,6,reviewed,
ES,disponer,Indicativo,Pretérito imperfecto,ellos,disponían,6,reviewed,
ES,disponer,Condicional,Condicional,yo,dispondría,6,reviewed,
ES,disponer,Condicional,Condicional,tú,dispondrías,6,reviewed,
ES,disponer,Condicional,Condicional,él,dispondría,6,reviewed,
ES,disponer,Condicional,Condicional,nosotros,dispondríamos,6,reviewed,
ES,disponer,Condicional,Condicional,vosotros,dispondríais,6,reviewed,
ES,disponer,Condicional,Condicional,ellos,dispondrían,6,reviewed,
ES,disponer,Imperativo,Imperativo,yo,-,6,reviewed,prefixed poner imperative; yo placeholder -; QA recommended
ES,disponer,Imperativo,Imperativo,tú,dispón,6,reviewed,prefixed poner imperative; QA recommended
ES,disponer,Imperativo,Imperativo,él,disponga,6,reviewed,prefixed poner imperative; QA recommended
ES,disponer,Imperativo,Imperativo,nosotros,dispongamos,6,reviewed,prefixed poner imperative; QA recommended
ES,disponer,Imperativo,Imperativo,vosotros,disponed,6,reviewed,prefixed poner imperative; QA recommended
ES,disponer,Imperativo,Imperativo,ellos,dispongan,6,reviewed,prefixed poner imperative; QA recommended
ES,disponer,Indicativo,Futuro perfecto,yo,habré dispuesto,6,reviewed,
ES,disponer,Indicativo,Futuro perfecto,tú,habrás dispuesto,6,reviewed,
ES,disponer,Indicativo,Futuro perfecto,él,habrá dispuesto,6,reviewed,
ES,disponer,Indicativo,Futuro perfecto,nosotros,habremos dispuesto,6,reviewed,
ES,disponer,Indicativo,Futuro perfecto,vosotros,habréis dispuesto,6,reviewed,
ES,disponer,Indicativo,Futuro perfecto,ellos,habrán dispuesto,6,reviewed,
ES,disponer,Subjuntivo,Subjuntivo presente,yo,disponga,6,reviewed,
ES,disponer,Subjuntivo,Subjuntivo presente,tú,dispongas,6,reviewed,
ES,disponer,Subjuntivo,Subjuntivo presente,él,disponga,6,reviewed,
ES,disponer,Subjuntivo,Subjuntivo presente,nosotros,dispongamos,6,reviewed,
ES,disponer,Subjuntivo,Subjuntivo presente,vosotros,dispongáis,6,reviewed,
ES,disponer,Subjuntivo,Subjuntivo presente,ellos,dispongan,6,reviewed,
ES,disponer,Indicativo,Pretérito perfecto simple,yo,dispuse,6,reviewed,
ES,disponer,Indicativo,Pretérito perfecto simple,tú,dispusiste,6,reviewed,
ES,disponer,Indicativo,Pretérito perfecto simple,él,dispuso,6,reviewed,
ES,disponer,Indicativo,Pretérito perfecto simple,nosotros,dispusimos,6,reviewed,
ES,disponer,Indicativo,Pretérito perfecto simple,vosotros,dispusisteis,6,reviewed,
ES,disponer,Indicativo,Pretérito perfecto simple,ellos,dispusieron,6,reviewed,
ES,disponer,Indicativo,Pretérito pluscuamperfecto,yo,había dispuesto,6,reviewed,
ES,disponer,Indicativo,Pretérito pluscuamperfecto,tú,habías dispuesto,6,reviewed,
ES,disponer,Indicativo,Pretérito pluscuamperfecto,él,había dispuesto,6,reviewed,
ES,disponer,Indicativo,Pretérito pluscuamperfecto,nosotros,habíamos dispuesto,6,reviewed,
ES,disponer,Indicativo,Pretérito pluscuamperfecto,vosotros,habíais dispuesto,6,reviewed,
ES,disponer,Indicativo,Pretérito pluscuamperfecto,ellos,habían dispuesto,6,reviewed,
ES,culminar,Indicativo,Presente,yo,culmino,6,reviewed,
ES,culminar,Indicativo,Presente,tú,culminas,6,reviewed,
ES,culminar,Indicativo,Presente,él,culmina,6,reviewed,
ES,culminar,Indicativo,Presente,nosotros,culminamos,6,reviewed,
ES,culminar,Indicativo,Presente,vosotros,culmináis,6,reviewed,
ES,culminar,Indicativo,Presente,ellos,culminan,6,reviewed,
ES,culminar,Indicativo,Futuro,yo,culminaré,6,reviewed,
ES,culminar,Indicativo,Futuro,tú,culminarás,6,reviewed,
ES,culminar,Indicativo,Futuro,él,culminará,6,reviewed,
ES,culminar,Indicativo,Futuro,nosotros,culminaremos,6,reviewed,
ES,culminar,Indicativo,Futuro,vosotros,culminaréis,6,reviewed,
ES,culminar,Indicativo,Futuro,ellos,culminarán,6,reviewed,
ES,culminar,Indicativo,Pretérito perfecto compuesto,yo,he culminado,6,reviewed,
ES,culminar,Indicativo,Pretérito perfecto compuesto,tú,has culminado,6,reviewed,
ES,culminar,Indicativo,Pretérito perfecto compuesto,él,ha culminado,6,reviewed,
ES,culminar,Indicativo,Pretérito perfecto compuesto,nosotros,hemos culminado,6,reviewed,
ES,culminar,Indicativo,Pretérito perfecto compuesto,vosotros,habéis culminado,6,reviewed,
ES,culminar,Indicativo,Pretérito perfecto compuesto,ellos,han culminado,6,reviewed,
ES,culminar,Indicativo,Pretérito imperfecto,yo,culminaba,6,reviewed,
ES,culminar,Indicativo,Pretérito imperfecto,tú,culminabas,6,reviewed,
ES,culminar,Indicativo,Pretérito imperfecto,él,culminaba,6,reviewed,
ES,culminar,Indicativo,Pretérito imperfecto,nosotros,culminábamos,6,reviewed,
ES,culminar,Indicativo,Pretérito imperfecto,vosotros,culminabais,6,reviewed,
ES,culminar,Indicativo,Pretérito imperfecto,ellos,culminaban,6,reviewed,
ES,culminar,Condicional,Condicional,yo,culminaría,6,reviewed,
ES,culminar,Condicional,Condicional,tú,culminarías,6,reviewed,
ES,culminar,Condicional,Condicional,él,culminaría,6,reviewed,
ES,culminar,Condicional,Condicional,nosotros,culminaríamos,6,reviewed,
ES,culminar,Condicional,Condicional,vosotros,culminaríais,6,reviewed,
ES,culminar,Condicional,Condicional,ellos,culminarían,6,reviewed,
ES,culminar,Imperativo,Imperativo,yo,-,6,reviewed,yo imperative placeholder -; no standard form
ES,culminar,Imperativo,Imperativo,tú,culmina,6,reviewed,
ES,culminar,Imperativo,Imperativo,él,culmine,6,reviewed,
ES,culminar,Imperativo,Imperativo,nosotros,culminemos,6,reviewed,
ES,culminar,Imperativo,Imperativo,vosotros,culminad,6,reviewed,
ES,culminar,Imperativo,Imperativo,ellos,culminen,6,reviewed,
ES,culminar,Indicativo,Futuro perfecto,yo,habré culminado,6,reviewed,
ES,culminar,Indicativo,Futuro perfecto,tú,habrás culminado,6,reviewed,
ES,culminar,Indicativo,Futuro perfecto,él,habrá culminado,6,reviewed,
ES,culminar,Indicativo,Futuro perfecto,nosotros,habremos culminado,6,reviewed,
ES,culminar,Indicativo,Futuro perfecto,vosotros,habréis culminado,6,reviewed,
ES,culminar,Indicativo,Futuro perfecto,ellos,habrán culminado,6,reviewed,
ES,culminar,Subjuntivo,Subjuntivo presente,yo,culmine,6,reviewed,
ES,culminar,Subjuntivo,Subjuntivo presente,tú,culmines,6,reviewed,
ES,culminar,Subjuntivo,Subjuntivo presente,él,culmine,6,reviewed,
ES,culminar,Subjuntivo,Subjuntivo presente,nosotros,culminemos,6,reviewed,
ES,culminar,Subjuntivo,Subjuntivo presente,vosotros,culminéis,6,reviewed,
ES,culminar,Subjuntivo,Subjuntivo presente,ellos,culminen,6,reviewed,
ES,culminar,Indicativo,Pretérito perfecto simple,yo,culminé,6,reviewed,
ES,culminar,Indicativo,Pretérito perfecto simple,tú,culminaste,6,reviewed,
ES,culminar,Indicativo,Pretérito perfecto simple,él,culminó,6,reviewed,
ES,culminar,Indicativo,Pretérito perfecto simple,nosotros,culminamos,6,reviewed,
ES,culminar,Indicativo,Pretérito perfecto simple,vosotros,culminasteis,6,reviewed,
ES,culminar,Indicativo,Pretérito perfecto simple,ellos,culminaron,6,reviewed,
ES,culminar,Indicativo,Pretérito pluscuamperfecto,yo,había culminado,6,reviewed,
ES,culminar,Indicativo,Pretérito pluscuamperfecto,tú,habías culminado,6,reviewed,
ES,culminar,Indicativo,Pretérito pluscuamperfecto,él,había culminado,6,reviewed,
ES,culminar,Indicativo,Pretérito pluscuamperfecto,nosotros,habíamos culminado,6,reviewed,
ES,culminar,Indicativo,Pretérito pluscuamperfecto,vosotros,habíais culminado,6,reviewed,
ES,culminar,Indicativo,Pretérito pluscuamperfecto,ellos,habían culminado,6,reviewed,
ES,llevar a cabo,Indicativo,Presente,yo,llevo a cabo,6,reviewed,periphrastic construction; only llevar conjugates
ES,llevar a cabo,Indicativo,Presente,tú,llevas a cabo,6,reviewed,periphrastic construction; only llevar conjugates
ES,llevar a cabo,Indicativo,Presente,él,lleva a cabo,6,reviewed,periphrastic construction; only llevar conjugates
ES,llevar a cabo,Indicativo,Presente,nosotros,llevamos a cabo,6,reviewed,periphrastic construction; only llevar conjugates
ES,llevar a cabo,Indicativo,Presente,vosotros,lleváis a cabo,6,reviewed,periphrastic construction; only llevar conjugates
ES,llevar a cabo,Indicativo,Presente,ellos,llevan a cabo,6,reviewed,periphrastic construction; only llevar conjugates
ES,llevar a cabo,Indicativo,Futuro,yo,llevaré a cabo,6,reviewed,periphrastic construction; only llevar conjugates
ES,llevar a cabo,Indicativo,Futuro,tú,llevarás a cabo,6,reviewed,periphrastic construction; only llevar conjugates
ES,llevar a cabo,Indicativo,Futuro,él,llevará a cabo,6,reviewed,periphrastic construction; only llevar conjugates
ES,llevar a cabo,Indicativo,Futuro,nosotros,llevaremos a cabo,6,reviewed,periphrastic construction; only llevar conjugates
ES,llevar a cabo,Indicativo,Futuro,vosotros,llevaréis a cabo,6,reviewed,periphrastic construction; only llevar conjugates
ES,llevar a cabo,Indicativo,Futuro,ellos,llevarán a cabo,6,reviewed,periphrastic construction; only llevar conjugates
ES,llevar a cabo,Indicativo,Pretérito perfecto compuesto,yo,he llevado a cabo,6,reviewed,periphrastic construction; only llevar conjugates
ES,llevar a cabo,Indicativo,Pretérito perfecto compuesto,tú,has llevado a cabo,6,reviewed,periphrastic construction; only llevar conjugates
ES,llevar a cabo,Indicativo,Pretérito perfecto compuesto,él,ha llevado a cabo,6,reviewed,periphrastic construction; only llevar conjugates
ES,llevar a cabo,Indicativo,Pretérito perfecto compuesto,nosotros,hemos llevado a cabo,6,reviewed,periphrastic construction; only llevar conjugates
ES,llevar a cabo,Indicativo,Pretérito perfecto compuesto,vosotros,habéis llevado a cabo,6,reviewed,periphrastic construction; only llevar conjugates
ES,llevar a cabo,Indicativo,Pretérito perfecto compuesto,ellos,han llevado a cabo,6,reviewed,periphrastic construction; only llevar conjugates
ES,llevar a cabo,Indicativo,Pretérito imperfecto,yo,llevaba a cabo,6,reviewed,periphrastic construction; only llevar conjugates
ES,llevar a cabo,Indicativo,Pretérito imperfecto,tú,llevabas a cabo,6,reviewed,periphrastic construction; only llevar conjugates
ES,llevar a cabo,Indicativo,Pretérito imperfecto,él,llevaba a cabo,6,reviewed,periphrastic construction; only llevar conjugates
ES,llevar a cabo,Indicativo,Pretérito imperfecto,nosotros,llevábamos a cabo,6,reviewed,periphrastic construction; only llevar conjugates
ES,llevar a cabo,Indicativo,Pretérito imperfecto,vosotros,llevabais a cabo,6,reviewed,periphrastic construction; only llevar conjugates
ES,llevar a cabo,Indicativo,Pretérito imperfecto,ellos,llevaban a cabo,6,reviewed,periphrastic construction; only llevar conjugates
ES,llevar a cabo,Condicional,Condicional,yo,llevaría a cabo,6,reviewed,periphrastic construction; only llevar conjugates
ES,llevar a cabo,Condicional,Condicional,tú,llevarías a cabo,6,reviewed,periphrastic construction; only llevar conjugates
ES,llevar a cabo,Condicional,Condicional,él,llevaría a cabo,6,reviewed,periphrastic construction; only llevar conjugates
ES,llevar a cabo,Condicional,Condicional,nosotros,llevaríamos a cabo,6,reviewed,periphrastic construction; only llevar conjugates
ES,llevar a cabo,Condicional,Condicional,vosotros,llevaríais a cabo,6,reviewed,periphrastic construction; only llevar conjugates
ES,llevar a cabo,Condicional,Condicional,ellos,llevarían a cabo,6,reviewed,periphrastic construction; only llevar conjugates
ES,llevar a cabo,Imperativo,Imperativo,yo,-,6,reviewed,periphrastic construction; yo imperative placeholder -; only llevar conjugates
ES,llevar a cabo,Imperativo,Imperativo,tú,lleva a cabo,6,reviewed,periphrastic construction; only llevar conjugates
ES,llevar a cabo,Imperativo,Imperativo,él,lleve a cabo,6,reviewed,periphrastic construction; only llevar conjugates
ES,llevar a cabo,Imperativo,Imperativo,nosotros,llevemos a cabo,6,reviewed,periphrastic construction; only llevar conjugates
ES,llevar a cabo,Imperativo,Imperativo,vosotros,llevad a cabo,6,reviewed,periphrastic construction; only llevar conjugates
ES,llevar a cabo,Imperativo,Imperativo,ellos,lleven a cabo,6,reviewed,periphrastic construction; only llevar conjugates
ES,llevar a cabo,Indicativo,Futuro perfecto,yo,habré llevado a cabo,6,reviewed,periphrastic construction; only llevar conjugates
ES,llevar a cabo,Indicativo,Futuro perfecto,tú,habrás llevado a cabo,6,reviewed,periphrastic construction; only llevar conjugates
ES,llevar a cabo,Indicativo,Futuro perfecto,él,habrá llevado a cabo,6,reviewed,periphrastic construction; only llevar conjugates
ES,llevar a cabo,Indicativo,Futuro perfecto,nosotros,habremos llevado a cabo,6,reviewed,periphrastic construction; only llevar conjugates
ES,llevar a cabo,Indicativo,Futuro perfecto,vosotros,habréis llevado a cabo,6,reviewed,periphrastic construction; only llevar conjugates
ES,llevar a cabo,Indicativo,Futuro perfecto,ellos,habrán llevado a cabo,6,reviewed,periphrastic construction; only llevar conjugates
ES,llevar a cabo,Subjuntivo,Subjuntivo presente,yo,lleve a cabo,6,reviewed,periphrastic construction; only llevar conjugates
ES,llevar a cabo,Subjuntivo,Subjuntivo presente,tú,lleves a cabo,6,reviewed,periphrastic construction; only llevar conjugates
ES,llevar a cabo,Subjuntivo,Subjuntivo presente,él,lleve a cabo,6,reviewed,periphrastic construction; only llevar conjugates
ES,llevar a cabo,Subjuntivo,Subjuntivo presente,nosotros,llevemos a cabo,6,reviewed,periphrastic construction; only llevar conjugates
ES,llevar a cabo,Subjuntivo,Subjuntivo presente,vosotros,llevéis a cabo,6,reviewed,periphrastic construction; only llevar conjugates
ES,llevar a cabo,Subjuntivo,Subjuntivo presente,ellos,lleven a cabo,6,reviewed,periphrastic construction; only llevar conjugates
ES,llevar a cabo,Indicativo,Pretérito perfecto simple,yo,llevé a cabo,6,reviewed,periphrastic construction; only llevar conjugates
ES,llevar a cabo,Indicativo,Pretérito perfecto simple,tú,llevaste a cabo,6,reviewed,periphrastic construction; only llevar conjugates
ES,llevar a cabo,Indicativo,Pretérito perfecto simple,él,llevó a cabo,6,reviewed,periphrastic construction; only llevar conjugates
ES,llevar a cabo,Indicativo,Pretérito perfecto simple,nosotros,llevamos a cabo,6,reviewed,periphrastic construction; only llevar conjugates
ES,llevar a cabo,Indicativo,Pretérito perfecto simple,vosotros,llevasteis a cabo,6,reviewed,periphrastic construction; only llevar conjugates
ES,llevar a cabo,Indicativo,Pretérito perfecto simple,ellos,llevaron a cabo,6,reviewed,periphrastic construction; only llevar conjugates
ES,llevar a cabo,Indicativo,Pretérito pluscuamperfecto,yo,había llevado a cabo,6,reviewed,periphrastic construction; only llevar conjugates
ES,llevar a cabo,Indicativo,Pretérito pluscuamperfecto,tú,habías llevado a cabo,6,reviewed,periphrastic construction; only llevar conjugates
ES,llevar a cabo,Indicativo,Pretérito pluscuamperfecto,él,había llevado a cabo,6,reviewed,periphrastic construction; only llevar conjugates
ES,llevar a cabo,Indicativo,Pretérito pluscuamperfecto,nosotros,habíamos llevado a cabo,6,reviewed,periphrastic construction; only llevar conjugates
ES,llevar a cabo,Indicativo,Pretérito pluscuamperfecto,vosotros,habíais llevado a cabo,6,reviewed,periphrastic construction; only llevar conjugates
ES,llevar a cabo,Indicativo,Pretérito pluscuamperfecto,ellos,habían llevado a cabo,6,reviewed,periphrastic construction; only llevar conjugates
ES,superar,Indicativo,Presente,yo,supero,6,reviewed,
ES,superar,Indicativo,Presente,tú,superas,6,reviewed,
ES,superar,Indicativo,Presente,él,supera,6,reviewed,
ES,superar,Indicativo,Presente,nosotros,superamos,6,reviewed,
ES,superar,Indicativo,Presente,vosotros,superáis,6,reviewed,
ES,superar,Indicativo,Presente,ellos,superan,6,reviewed,
ES,superar,Indicativo,Futuro,yo,superaré,6,reviewed,
ES,superar,Indicativo,Futuro,tú,superarás,6,reviewed,
ES,superar,Indicativo,Futuro,él,superará,6,reviewed,
ES,superar,Indicativo,Futuro,nosotros,superaremos,6,reviewed,
ES,superar,Indicativo,Futuro,vosotros,superaréis,6,reviewed,
ES,superar,Indicativo,Futuro,ellos,superarán,6,reviewed,
ES,superar,Indicativo,Pretérito perfecto compuesto,yo,he superado,6,reviewed,
ES,superar,Indicativo,Pretérito perfecto compuesto,tú,has superado,6,reviewed,
ES,superar,Indicativo,Pretérito perfecto compuesto,él,ha superado,6,reviewed,
ES,superar,Indicativo,Pretérito perfecto compuesto,nosotros,hemos superado,6,reviewed,
ES,superar,Indicativo,Pretérito perfecto compuesto,vosotros,habéis superado,6,reviewed,
ES,superar,Indicativo,Pretérito perfecto compuesto,ellos,han superado,6,reviewed,
ES,superar,Indicativo,Pretérito imperfecto,yo,superaba,6,reviewed,
ES,superar,Indicativo,Pretérito imperfecto,tú,superabas,6,reviewed,
ES,superar,Indicativo,Pretérito imperfecto,él,superaba,6,reviewed,
ES,superar,Indicativo,Pretérito imperfecto,nosotros,superábamos,6,reviewed,
ES,superar,Indicativo,Pretérito imperfecto,vosotros,superabais,6,reviewed,
ES,superar,Indicativo,Pretérito imperfecto,ellos,superaban,6,reviewed,
ES,superar,Condicional,Condicional,yo,superaría,6,reviewed,
ES,superar,Condicional,Condicional,tú,superarías,6,reviewed,
ES,superar,Condicional,Condicional,él,superaría,6,reviewed,
ES,superar,Condicional,Condicional,nosotros,superaríamos,6,reviewed,
ES,superar,Condicional,Condicional,vosotros,superaríais,6,reviewed,
ES,superar,Condicional,Condicional,ellos,superarían,6,reviewed,
ES,superar,Imperativo,Imperativo,yo,-,6,reviewed,yo imperative placeholder -; no standard form
ES,superar,Imperativo,Imperativo,tú,supera,6,reviewed,
ES,superar,Imperativo,Imperativo,él,supere,6,reviewed,
ES,superar,Imperativo,Imperativo,nosotros,superemos,6,reviewed,
ES,superar,Imperativo,Imperativo,vosotros,superad,6,reviewed,
ES,superar,Imperativo,Imperativo,ellos,superen,6,reviewed,
ES,superar,Indicativo,Futuro perfecto,yo,habré superado,6,reviewed,
ES,superar,Indicativo,Futuro perfecto,tú,habrás superado,6,reviewed,
ES,superar,Indicativo,Futuro perfecto,él,habrá superado,6,reviewed,
ES,superar,Indicativo,Futuro perfecto,nosotros,habremos superado,6,reviewed,
ES,superar,Indicativo,Futuro perfecto,vosotros,habréis superado,6,reviewed,
ES,superar,Indicativo,Futuro perfecto,ellos,habrán superado,6,reviewed,
ES,superar,Subjuntivo,Subjuntivo presente,yo,supere,6,reviewed,
ES,superar,Subjuntivo,Subjuntivo presente,tú,superes,6,reviewed,
ES,superar,Subjuntivo,Subjuntivo presente,él,supere,6,reviewed,
ES,superar,Subjuntivo,Subjuntivo presente,nosotros,superemos,6,reviewed,
ES,superar,Subjuntivo,Subjuntivo presente,vosotros,superéis,6,reviewed,
ES,superar,Subjuntivo,Subjuntivo presente,ellos,superen,6,reviewed,
ES,superar,Indicativo,Pretérito perfecto simple,yo,superé,6,reviewed,
ES,superar,Indicativo,Pretérito perfecto simple,tú,superaste,6,reviewed,
ES,superar,Indicativo,Pretérito perfecto simple,él,superó,6,reviewed,
ES,superar,Indicativo,Pretérito perfecto simple,nosotros,superamos,6,reviewed,
ES,superar,Indicativo,Pretérito perfecto simple,vosotros,superasteis,6,reviewed,
ES,superar,Indicativo,Pretérito perfecto simple,ellos,superaron,6,reviewed,
ES,superar,Indicativo,Pretérito pluscuamperfecto,yo,había superado,6,reviewed,
ES,superar,Indicativo,Pretérito pluscuamperfecto,tú,habías superado,6,reviewed,
ES,superar,Indicativo,Pretérito pluscuamperfecto,él,había superado,6,reviewed,
ES,superar,Indicativo,Pretérito pluscuamperfecto,nosotros,habíamos superado,6,reviewed,
ES,superar,Indicativo,Pretérito pluscuamperfecto,vosotros,habíais superado,6,reviewed,
ES,superar,Indicativo,Pretérito pluscuamperfecto,ellos,habían superado,6,reviewed,
ES,interesar,Indicativo,Presente,yo,intereso,6,reviewed,
ES,interesar,Indicativo,Presente,tú,interesas,6,reviewed,
ES,interesar,Indicativo,Presente,él,interesa,6,reviewed,
ES,interesar,Indicativo,Presente,nosotros,interesamos,6,reviewed,
ES,interesar,Indicativo,Presente,vosotros,interesáis,6,reviewed,
ES,interesar,Indicativo,Presente,ellos,interesan,6,reviewed,
ES,interesar,Indicativo,Futuro,yo,interesaré,6,reviewed,
ES,interesar,Indicativo,Futuro,tú,interesarás,6,reviewed,
ES,interesar,Indicativo,Futuro,él,interesará,6,reviewed,
ES,interesar,Indicativo,Futuro,nosotros,interesaremos,6,reviewed,
ES,interesar,Indicativo,Futuro,vosotros,interesaréis,6,reviewed,
ES,interesar,Indicativo,Futuro,ellos,interesarán,6,reviewed,
ES,interesar,Indicativo,Pretérito perfecto compuesto,yo,he interesado,6,reviewed,
ES,interesar,Indicativo,Pretérito perfecto compuesto,tú,has interesado,6,reviewed,
ES,interesar,Indicativo,Pretérito perfecto compuesto,él,ha interesado,6,reviewed,
ES,interesar,Indicativo,Pretérito perfecto compuesto,nosotros,hemos interesado,6,reviewed,
ES,interesar,Indicativo,Pretérito perfecto compuesto,vosotros,habéis interesado,6,reviewed,
ES,interesar,Indicativo,Pretérito perfecto compuesto,ellos,han interesado,6,reviewed,
ES,interesar,Indicativo,Pretérito imperfecto,yo,interesaba,6,reviewed,
ES,interesar,Indicativo,Pretérito imperfecto,tú,interesabas,6,reviewed,
ES,interesar,Indicativo,Pretérito imperfecto,él,interesaba,6,reviewed,
ES,interesar,Indicativo,Pretérito imperfecto,nosotros,interesábamos,6,reviewed,
ES,interesar,Indicativo,Pretérito imperfecto,vosotros,interesabais,6,reviewed,
ES,interesar,Indicativo,Pretérito imperfecto,ellos,interesaban,6,reviewed,
ES,interesar,Condicional,Condicional,yo,interesaría,6,reviewed,
ES,interesar,Condicional,Condicional,tú,interesarías,6,reviewed,
ES,interesar,Condicional,Condicional,él,interesaría,6,reviewed,
ES,interesar,Condicional,Condicional,nosotros,interesaríamos,6,reviewed,
ES,interesar,Condicional,Condicional,vosotros,interesaríais,6,reviewed,
ES,interesar,Condicional,Condicional,ellos,interesarían,6,reviewed,
ES,interesar,Imperativo,Imperativo,yo,-,6,reviewed,yo imperative placeholder -; no standard form
ES,interesar,Imperativo,Imperativo,tú,interesa,6,reviewed,
ES,interesar,Imperativo,Imperativo,él,interese,6,reviewed,
ES,interesar,Imperativo,Imperativo,nosotros,interesemos,6,reviewed,
ES,interesar,Imperativo,Imperativo,vosotros,interesad,6,reviewed,
ES,interesar,Imperativo,Imperativo,ellos,interesen,6,reviewed,
ES,interesar,Indicativo,Futuro perfecto,yo,habré interesado,6,reviewed,
ES,interesar,Indicativo,Futuro perfecto,tú,habrás interesado,6,reviewed,
ES,interesar,Indicativo,Futuro perfecto,él,habrá interesado,6,reviewed,
ES,interesar,Indicativo,Futuro perfecto,nosotros,habremos interesado,6,reviewed,
ES,interesar,Indicativo,Futuro perfecto,vosotros,habréis interesado,6,reviewed,
ES,interesar,Indicativo,Futuro perfecto,ellos,habrán interesado,6,reviewed,
ES,interesar,Subjuntivo,Subjuntivo presente,yo,interese,6,reviewed,
ES,interesar,Subjuntivo,Subjuntivo presente,tú,intereses,6,reviewed,
ES,interesar,Subjuntivo,Subjuntivo presente,él,interese,6,reviewed,
ES,interesar,Subjuntivo,Subjuntivo presente,nosotros,interesemos,6,reviewed,
ES,interesar,Subjuntivo,Subjuntivo presente,vosotros,intereséis,6,reviewed,
ES,interesar,Subjuntivo,Subjuntivo presente,ellos,interesen,6,reviewed,
ES,interesar,Indicativo,Pretérito perfecto simple,yo,interesé,6,reviewed,
ES,interesar,Indicativo,Pretérito perfecto simple,tú,interesaste,6,reviewed,
ES,interesar,Indicativo,Pretérito perfecto simple,él,interesó,6,reviewed,
ES,interesar,Indicativo,Pretérito perfecto simple,nosotros,interesamos,6,reviewed,
ES,interesar,Indicativo,Pretérito perfecto simple,vosotros,interesasteis,6,reviewed,
ES,interesar,Indicativo,Pretérito perfecto simple,ellos,interesaron,6,reviewed,
ES,interesar,Indicativo,Pretérito pluscuamperfecto,yo,había interesado,6,reviewed,
ES,interesar,Indicativo,Pretérito pluscuamperfecto,tú,habías interesado,6,reviewed,
ES,interesar,Indicativo,Pretérito pluscuamperfecto,él,había interesado,6,reviewed,
ES,interesar,Indicativo,Pretérito pluscuamperfecto,nosotros,habíamos interesado,6,reviewed,
ES,interesar,Indicativo,Pretérito pluscuamperfecto,vosotros,habíais interesado,6,reviewed,
ES,interesar,Indicativo,Pretérito pluscuamperfecto,ellos,habían interesado,6,reviewed,
ES,pronunciar,Indicativo,Presente,yo,pronuncio,6,reviewed,
ES,pronunciar,Indicativo,Presente,tú,pronuncias,6,reviewed,
ES,pronunciar,Indicativo,Presente,él,pronuncia,6,reviewed,
ES,pronunciar,Indicativo,Presente,nosotros,pronunciamos,6,reviewed,
ES,pronunciar,Indicativo,Presente,vosotros,pronunciáis,6,reviewed,
ES,pronunciar,Indicativo,Presente,ellos,pronuncian,6,reviewed,
ES,pronunciar,Indicativo,Futuro,yo,pronunciaré,6,reviewed,
ES,pronunciar,Indicativo,Futuro,tú,pronunciarás,6,reviewed,
ES,pronunciar,Indicativo,Futuro,él,pronunciará,6,reviewed,
ES,pronunciar,Indicativo,Futuro,nosotros,pronunciaremos,6,reviewed,
ES,pronunciar,Indicativo,Futuro,vosotros,pronunciaréis,6,reviewed,
ES,pronunciar,Indicativo,Futuro,ellos,pronunciarán,6,reviewed,
ES,pronunciar,Indicativo,Pretérito perfecto compuesto,yo,he pronunciado,6,reviewed,
ES,pronunciar,Indicativo,Pretérito perfecto compuesto,tú,has pronunciado,6,reviewed,
ES,pronunciar,Indicativo,Pretérito perfecto compuesto,él,ha pronunciado,6,reviewed,
ES,pronunciar,Indicativo,Pretérito perfecto compuesto,nosotros,hemos pronunciado,6,reviewed,
ES,pronunciar,Indicativo,Pretérito perfecto compuesto,vosotros,habéis pronunciado,6,reviewed,
ES,pronunciar,Indicativo,Pretérito perfecto compuesto,ellos,han pronunciado,6,reviewed,
ES,pronunciar,Indicativo,Pretérito imperfecto,yo,pronunciaba,6,reviewed,
ES,pronunciar,Indicativo,Pretérito imperfecto,tú,pronunciabas,6,reviewed,
ES,pronunciar,Indicativo,Pretérito imperfecto,él,pronunciaba,6,reviewed,
ES,pronunciar,Indicativo,Pretérito imperfecto,nosotros,pronunciábamos,6,reviewed,
ES,pronunciar,Indicativo,Pretérito imperfecto,vosotros,pronunciabais,6,reviewed,
ES,pronunciar,Indicativo,Pretérito imperfecto,ellos,pronunciaban,6,reviewed,
ES,pronunciar,Condicional,Condicional,yo,pronunciaría,6,reviewed,
ES,pronunciar,Condicional,Condicional,tú,pronunciarías,6,reviewed,
ES,pronunciar,Condicional,Condicional,él,pronunciaría,6,reviewed,
ES,pronunciar,Condicional,Condicional,nosotros,pronunciaríamos,6,reviewed,
ES,pronunciar,Condicional,Condicional,vosotros,pronunciaríais,6,reviewed,
ES,pronunciar,Condicional,Condicional,ellos,pronunciarían,6,reviewed,
ES,pronunciar,Imperativo,Imperativo,yo,-,6,reviewed,yo imperative placeholder -; no standard form
ES,pronunciar,Imperativo,Imperativo,tú,pronuncia,6,reviewed,
ES,pronunciar,Imperativo,Imperativo,él,pronuncie,6,reviewed,
ES,pronunciar,Imperativo,Imperativo,nosotros,pronunciemos,6,reviewed,
ES,pronunciar,Imperativo,Imperativo,vosotros,pronunciad,6,reviewed,
ES,pronunciar,Imperativo,Imperativo,ellos,pronuncien,6,reviewed,
ES,pronunciar,Indicativo,Futuro perfecto,yo,habré pronunciado,6,reviewed,
ES,pronunciar,Indicativo,Futuro perfecto,tú,habrás pronunciado,6,reviewed,
ES,pronunciar,Indicativo,Futuro perfecto,él,habrá pronunciado,6,reviewed,
ES,pronunciar,Indicativo,Futuro perfecto,nosotros,habremos pronunciado,6,reviewed,
ES,pronunciar,Indicativo,Futuro perfecto,vosotros,habréis pronunciado,6,reviewed,
ES,pronunciar,Indicativo,Futuro perfecto,ellos,habrán pronunciado,6,reviewed,
ES,pronunciar,Subjuntivo,Subjuntivo presente,yo,pronuncie,6,reviewed,
ES,pronunciar,Subjuntivo,Subjuntivo presente,tú,pronuncies,6,reviewed,
ES,pronunciar,Subjuntivo,Subjuntivo presente,él,pronuncie,6,reviewed,
ES,pronunciar,Subjuntivo,Subjuntivo presente,nosotros,pronunciemos,6,reviewed,
ES,pronunciar,Subjuntivo,Subjuntivo presente,vosotros,pronunciéis,6,reviewed,
ES,pronunciar,Subjuntivo,Subjuntivo presente,ellos,pronuncien,6,reviewed,
ES,pronunciar,Indicativo,Pretérito perfecto simple,yo,pronuncié,6,reviewed,
ES,pronunciar,Indicativo,Pretérito perfecto simple,tú,pronunciaste,6,reviewed,
ES,pronunciar,Indicativo,Pretérito perfecto simple,él,pronunció,6,reviewed,
ES,pronunciar,Indicativo,Pretérito perfecto simple,nosotros,pronunciamos,6,reviewed,
ES,pronunciar,Indicativo,Pretérito perfecto simple,vosotros,pronunciasteis,6,reviewed,
ES,pronunciar,Indicativo,Pretérito perfecto simple,ellos,pronunciaron,6,reviewed,
ES,pronunciar,Indicativo,Pretérito pluscuamperfecto,yo,había pronunciado,6,reviewed,
ES,pronunciar,Indicativo,Pretérito pluscuamperfecto,tú,habías pronunciado,6,reviewed,
ES,pronunciar,Indicativo,Pretérito pluscuamperfecto,él,había pronunciado,6,reviewed,
ES,pronunciar,Indicativo,Pretérito pluscuamperfecto,nosotros,habíamos pronunciado,6,reviewed,
ES,pronunciar,Indicativo,Pretérito pluscuamperfecto,vosotros,habíais pronunciado,6,reviewed,
ES,pronunciar,Indicativo,Pretérito pluscuamperfecto,ellos,habían pronunciado,6,reviewed,
ES,apreciar,Indicativo,Presente,yo,aprecio,6,reviewed,
ES,apreciar,Indicativo,Presente,tú,aprecias,6,reviewed,
ES,apreciar,Indicativo,Presente,él,aprecia,6,reviewed,
ES,apreciar,Indicativo,Presente,nosotros,apreciamos,6,reviewed,
ES,apreciar,Indicativo,Presente,vosotros,apreciáis,6,reviewed,
ES,apreciar,Indicativo,Presente,ellos,aprecian,6,reviewed,
ES,apreciar,Indicativo,Futuro,yo,apreciaré,6,reviewed,
ES,apreciar,Indicativo,Futuro,tú,apreciarás,6,reviewed,
ES,apreciar,Indicativo,Futuro,él,apreciará,6,reviewed,
ES,apreciar,Indicativo,Futuro,nosotros,apreciaremos,6,reviewed,
ES,apreciar,Indicativo,Futuro,vosotros,apreciaréis,6,reviewed,
ES,apreciar,Indicativo,Futuro,ellos,apreciarán,6,reviewed,
ES,apreciar,Indicativo,Pretérito perfecto compuesto,yo,he apreciado,6,reviewed,
ES,apreciar,Indicativo,Pretérito perfecto compuesto,tú,has apreciado,6,reviewed,
ES,apreciar,Indicativo,Pretérito perfecto compuesto,él,ha apreciado,6,reviewed,
ES,apreciar,Indicativo,Pretérito perfecto compuesto,nosotros,hemos apreciado,6,reviewed,
ES,apreciar,Indicativo,Pretérito perfecto compuesto,vosotros,habéis apreciado,6,reviewed,
ES,apreciar,Indicativo,Pretérito perfecto compuesto,ellos,han apreciado,6,reviewed,
ES,apreciar,Indicativo,Pretérito imperfecto,yo,apreciaba,6,reviewed,
ES,apreciar,Indicativo,Pretérito imperfecto,tú,apreciabas,6,reviewed,
ES,apreciar,Indicativo,Pretérito imperfecto,él,apreciaba,6,reviewed,
ES,apreciar,Indicativo,Pretérito imperfecto,nosotros,apreciábamos,6,reviewed,
ES,apreciar,Indicativo,Pretérito imperfecto,vosotros,apreciabais,6,reviewed,
ES,apreciar,Indicativo,Pretérito imperfecto,ellos,apreciaban,6,reviewed,
ES,apreciar,Condicional,Condicional,yo,apreciaría,6,reviewed,
ES,apreciar,Condicional,Condicional,tú,apreciarías,6,reviewed,
ES,apreciar,Condicional,Condicional,él,apreciaría,6,reviewed,
ES,apreciar,Condicional,Condicional,nosotros,apreciaríamos,6,reviewed,
ES,apreciar,Condicional,Condicional,vosotros,apreciaríais,6,reviewed,
ES,apreciar,Condicional,Condicional,ellos,apreciarían,6,reviewed,
ES,apreciar,Imperativo,Imperativo,yo,-,6,reviewed,yo imperative placeholder -; no standard form
ES,apreciar,Imperativo,Imperativo,tú,aprecia,6,reviewed,
ES,apreciar,Imperativo,Imperativo,él,aprecie,6,reviewed,
ES,apreciar,Imperativo,Imperativo,nosotros,apreciemos,6,reviewed,
ES,apreciar,Imperativo,Imperativo,vosotros,apreciad,6,reviewed,
ES,apreciar,Imperativo,Imperativo,ellos,aprecien,6,reviewed,
ES,apreciar,Indicativo,Futuro perfecto,yo,habré apreciado,6,reviewed,
ES,apreciar,Indicativo,Futuro perfecto,tú,habrás apreciado,6,reviewed,
ES,apreciar,Indicativo,Futuro perfecto,él,habrá apreciado,6,reviewed,
ES,apreciar,Indicativo,Futuro perfecto,nosotros,habremos apreciado,6,reviewed,
ES,apreciar,Indicativo,Futuro perfecto,vosotros,habréis apreciado,6,reviewed,
ES,apreciar,Indicativo,Futuro perfecto,ellos,habrán apreciado,6,reviewed,
ES,apreciar,Subjuntivo,Subjuntivo presente,yo,aprecie,6,reviewed,
ES,apreciar,Subjuntivo,Subjuntivo presente,tú,aprecies,6,reviewed,
ES,apreciar,Subjuntivo,Subjuntivo presente,él,aprecie,6,reviewed,
ES,apreciar,Subjuntivo,Subjuntivo presente,nosotros,apreciemos,6,reviewed,
ES,apreciar,Subjuntivo,Subjuntivo presente,vosotros,apreciéis,6,reviewed,
ES,apreciar,Subjuntivo,Subjuntivo presente,ellos,aprecien,6,reviewed,
ES,apreciar,Indicativo,Pretérito perfecto simple,yo,aprecié,6,reviewed,
ES,apreciar,Indicativo,Pretérito perfecto simple,tú,apreciaste,6,reviewed,
ES,apreciar,Indicativo,Pretérito perfecto simple,él,apreció,6,reviewed,
ES,apreciar,Indicativo,Pretérito perfecto simple,nosotros,apreciamos,6,reviewed,
ES,apreciar,Indicativo,Pretérito perfecto simple,vosotros,apreciasteis,6,reviewed,
ES,apreciar,Indicativo,Pretérito perfecto simple,ellos,apreciaron,6,reviewed,
ES,apreciar,Indicativo,Pretérito pluscuamperfecto,yo,había apreciado,6,reviewed,
ES,apreciar,Indicativo,Pretérito pluscuamperfecto,tú,habías apreciado,6,reviewed,
ES,apreciar,Indicativo,Pretérito pluscuamperfecto,él,había apreciado,6,reviewed,
ES,apreciar,Indicativo,Pretérito pluscuamperfecto,nosotros,habíamos apreciado,6,reviewed,
ES,apreciar,Indicativo,Pretérito pluscuamperfecto,vosotros,habíais apreciado,6,reviewed,
ES,apreciar,Indicativo,Pretérito pluscuamperfecto,ellos,habían apreciado,6,reviewed,
ES,buscar,Indicativo,Presente,yo,busco,6,reviewed,
ES,buscar,Indicativo,Presente,tú,buscas,6,reviewed,
ES,buscar,Indicativo,Presente,él,busca,6,reviewed,
ES,buscar,Indicativo,Presente,nosotros,buscamos,6,reviewed,
ES,buscar,Indicativo,Presente,vosotros,buscáis,6,reviewed,
ES,buscar,Indicativo,Presente,ellos,buscan,6,reviewed,
ES,buscar,Indicativo,Futuro,yo,buscaré,6,reviewed,
ES,buscar,Indicativo,Futuro,tú,buscarás,6,reviewed,
ES,buscar,Indicativo,Futuro,él,buscará,6,reviewed,
ES,buscar,Indicativo,Futuro,nosotros,buscaremos,6,reviewed,
ES,buscar,Indicativo,Futuro,vosotros,buscaréis,6,reviewed,
ES,buscar,Indicativo,Futuro,ellos,buscarán,6,reviewed,
ES,buscar,Indicativo,Pretérito perfecto compuesto,yo,he buscado,6,reviewed,
ES,buscar,Indicativo,Pretérito perfecto compuesto,tú,has buscado,6,reviewed,
ES,buscar,Indicativo,Pretérito perfecto compuesto,él,ha buscado,6,reviewed,
ES,buscar,Indicativo,Pretérito perfecto compuesto,nosotros,hemos buscado,6,reviewed,
ES,buscar,Indicativo,Pretérito perfecto compuesto,vosotros,habéis buscado,6,reviewed,
ES,buscar,Indicativo,Pretérito perfecto compuesto,ellos,han buscado,6,reviewed,
ES,buscar,Indicativo,Pretérito imperfecto,yo,buscaba,6,reviewed,
ES,buscar,Indicativo,Pretérito imperfecto,tú,buscabas,6,reviewed,
ES,buscar,Indicativo,Pretérito imperfecto,él,buscaba,6,reviewed,
ES,buscar,Indicativo,Pretérito imperfecto,nosotros,buscábamos,6,reviewed,
ES,buscar,Indicativo,Pretérito imperfecto,vosotros,buscabais,6,reviewed,
ES,buscar,Indicativo,Pretérito imperfecto,ellos,buscaban,6,reviewed,
ES,buscar,Condicional,Condicional,yo,buscaría,6,reviewed,
ES,buscar,Condicional,Condicional,tú,buscarías,6,reviewed,
ES,buscar,Condicional,Condicional,él,buscaría,6,reviewed,
ES,buscar,Condicional,Condicional,nosotros,buscaríamos,6,reviewed,
ES,buscar,Condicional,Condicional,vosotros,buscaríais,6,reviewed,
ES,buscar,Condicional,Condicional,ellos,buscarían,6,reviewed,
ES,buscar,Imperativo,Imperativo,yo,-,6,reviewed,yo imperative placeholder -; no standard form
ES,buscar,Imperativo,Imperativo,tú,busca,6,reviewed,
ES,buscar,Imperativo,Imperativo,él,busque,6,reviewed,
ES,buscar,Imperativo,Imperativo,nosotros,busquemos,6,reviewed,
ES,buscar,Imperativo,Imperativo,vosotros,buscad,6,reviewed,
ES,buscar,Imperativo,Imperativo,ellos,busquen,6,reviewed,
ES,buscar,Indicativo,Futuro perfecto,yo,habré buscado,6,reviewed,
ES,buscar,Indicativo,Futuro perfecto,tú,habrás buscado,6,reviewed,
ES,buscar,Indicativo,Futuro perfecto,él,habrá buscado,6,reviewed,
ES,buscar,Indicativo,Futuro perfecto,nosotros,habremos buscado,6,reviewed,
ES,buscar,Indicativo,Futuro perfecto,vosotros,habréis buscado,6,reviewed,
ES,buscar,Indicativo,Futuro perfecto,ellos,habrán buscado,6,reviewed,
ES,buscar,Subjuntivo,Subjuntivo presente,yo,busque,6,reviewed,
ES,buscar,Subjuntivo,Subjuntivo presente,tú,busques,6,reviewed,
ES,buscar,Subjuntivo,Subjuntivo presente,él,busque,6,reviewed,
ES,buscar,Subjuntivo,Subjuntivo presente,nosotros,busquemos,6,reviewed,
ES,buscar,Subjuntivo,Subjuntivo presente,vosotros,busquéis,6,reviewed,
ES,buscar,Subjuntivo,Subjuntivo presente,ellos,busquen,6,reviewed,
ES,buscar,Indicativo,Pretérito perfecto simple,yo,busqué,6,reviewed,
ES,buscar,Indicativo,Pretérito perfecto simple,tú,buscaste,6,reviewed,
ES,buscar,Indicativo,Pretérito perfecto simple,él,buscó,6,reviewed,
ES,buscar,Indicativo,Pretérito perfecto simple,nosotros,buscamos,6,reviewed,
ES,buscar,Indicativo,Pretérito perfecto simple,vosotros,buscasteis,6,reviewed,
ES,buscar,Indicativo,Pretérito perfecto simple,ellos,buscaron,6,reviewed,
ES,buscar,Indicativo,Pretérito pluscuamperfecto,yo,había buscado,6,reviewed,
ES,buscar,Indicativo,Pretérito pluscuamperfecto,tú,habías buscado,6,reviewed,
ES,buscar,Indicativo,Pretérito pluscuamperfecto,él,había buscado,6,reviewed,
ES,buscar,Indicativo,Pretérito pluscuamperfecto,nosotros,habíamos buscado,6,reviewed,
ES,buscar,Indicativo,Pretérito pluscuamperfecto,vosotros,habíais buscado,6,reviewed,
ES,buscar,Indicativo,Pretérito pluscuamperfecto,ellos,habían buscado,6,reviewed,
ES,asistir,Indicativo,Presente,yo,asisto,6,reviewed,
ES,asistir,Indicativo,Presente,tú,asistes,6,reviewed,
ES,asistir,Indicativo,Presente,él,asiste,6,reviewed,
ES,asistir,Indicativo,Presente,nosotros,asistimos,6,reviewed,
ES,asistir,Indicativo,Presente,vosotros,asistís,6,reviewed,
ES,asistir,Indicativo,Presente,ellos,asisten,6,reviewed,
ES,asistir,Indicativo,Futuro,yo,asistiré,6,reviewed,
ES,asistir,Indicativo,Futuro,tú,asistirás,6,reviewed,
ES,asistir,Indicativo,Futuro,él,asistirá,6,reviewed,
ES,asistir,Indicativo,Futuro,nosotros,asistiremos,6,reviewed,
ES,asistir,Indicativo,Futuro,vosotros,asistiréis,6,reviewed,
ES,asistir,Indicativo,Futuro,ellos,asistirán,6,reviewed,
ES,asistir,Indicativo,Pretérito perfecto compuesto,yo,he asistido,6,reviewed,
ES,asistir,Indicativo,Pretérito perfecto compuesto,tú,has asistido,6,reviewed,
ES,asistir,Indicativo,Pretérito perfecto compuesto,él,ha asistido,6,reviewed,
ES,asistir,Indicativo,Pretérito perfecto compuesto,nosotros,hemos asistido,6,reviewed,
ES,asistir,Indicativo,Pretérito perfecto compuesto,vosotros,habéis asistido,6,reviewed,
ES,asistir,Indicativo,Pretérito perfecto compuesto,ellos,han asistido,6,reviewed,
ES,asistir,Indicativo,Pretérito imperfecto,yo,asistía,6,reviewed,
ES,asistir,Indicativo,Pretérito imperfecto,tú,asistías,6,reviewed,
ES,asistir,Indicativo,Pretérito imperfecto,él,asistía,6,reviewed,
ES,asistir,Indicativo,Pretérito imperfecto,nosotros,asistíamos,6,reviewed,
ES,asistir,Indicativo,Pretérito imperfecto,vosotros,asistíais,6,reviewed,
ES,asistir,Indicativo,Pretérito imperfecto,ellos,asistían,6,reviewed,
ES,asistir,Condicional,Condicional,yo,asistiría,6,reviewed,
ES,asistir,Condicional,Condicional,tú,asistirías,6,reviewed,
ES,asistir,Condicional,Condicional,él,asistiría,6,reviewed,
ES,asistir,Condicional,Condicional,nosotros,asistiríamos,6,reviewed,
ES,asistir,Condicional,Condicional,vosotros,asistiríais,6,reviewed,
ES,asistir,Condicional,Condicional,ellos,asistirían,6,reviewed,
ES,asistir,Imperativo,Imperativo,yo,-,6,reviewed,yo imperative placeholder -; no standard form
ES,asistir,Imperativo,Imperativo,tú,asiste,6,reviewed,
ES,asistir,Imperativo,Imperativo,él,asista,6,reviewed,
ES,asistir,Imperativo,Imperativo,nosotros,asistamos,6,reviewed,
ES,asistir,Imperativo,Imperativo,vosotros,asistid,6,reviewed,
ES,asistir,Imperativo,Imperativo,ellos,asistan,6,reviewed,
ES,asistir,Indicativo,Futuro perfecto,yo,habré asistido,6,reviewed,
ES,asistir,Indicativo,Futuro perfecto,tú,habrás asistido,6,reviewed,
ES,asistir,Indicativo,Futuro perfecto,él,habrá asistido,6,reviewed,
ES,asistir,Indicativo,Futuro perfecto,nosotros,habremos asistido,6,reviewed,
ES,asistir,Indicativo,Futuro perfecto,vosotros,habréis asistido,6,reviewed,
ES,asistir,Indicativo,Futuro perfecto,ellos,habrán asistido,6,reviewed,
ES,asistir,Subjuntivo,Subjuntivo presente,yo,asista,6,reviewed,
ES,asistir,Subjuntivo,Subjuntivo presente,tú,asistas,6,reviewed,
ES,asistir,Subjuntivo,Subjuntivo presente,él,asista,6,reviewed,
ES,asistir,Subjuntivo,Subjuntivo presente,nosotros,asistamos,6,reviewed,
ES,asistir,Subjuntivo,Subjuntivo presente,vosotros,asistáis,6,reviewed,
ES,asistir,Subjuntivo,Subjuntivo presente,ellos,asistan,6,reviewed,
ES,asistir,Indicativo,Pretérito perfecto simple,yo,asistí,6,reviewed,
ES,asistir,Indicativo,Pretérito perfecto simple,tú,asististe,6,reviewed,
ES,asistir,Indicativo,Pretérito perfecto simple,él,asistió,6,reviewed,
ES,asistir,Indicativo,Pretérito perfecto simple,nosotros,asistimos,6,reviewed,
ES,asistir,Indicativo,Pretérito perfecto simple,vosotros,asististeis,6,reviewed,
ES,asistir,Indicativo,Pretérito perfecto simple,ellos,asistieron,6,reviewed,
ES,asistir,Indicativo,Pretérito pluscuamperfecto,yo,había asistido,6,reviewed,
ES,asistir,Indicativo,Pretérito pluscuamperfecto,tú,habías asistido,6,reviewed,
ES,asistir,Indicativo,Pretérito pluscuamperfecto,él,había asistido,6,reviewed,
ES,asistir,Indicativo,Pretérito pluscuamperfecto,nosotros,habíamos asistido,6,reviewed,
ES,asistir,Indicativo,Pretérito pluscuamperfecto,vosotros,habíais asistido,6,reviewed,
ES,asistir,Indicativo,Pretérito pluscuamperfecto,ellos,habían asistido,6,reviewed,
ES,marcar,Indicativo,Presente,yo,marco,6,reviewed,
ES,marcar,Indicativo,Presente,tú,marcas,6,reviewed,
ES,marcar,Indicativo,Presente,él,marca,6,reviewed,
ES,marcar,Indicativo,Presente,nosotros,marcamos,6,reviewed,
ES,marcar,Indicativo,Presente,vosotros,marcáis,6,reviewed,
ES,marcar,Indicativo,Presente,ellos,marcan,6,reviewed,
ES,marcar,Indicativo,Futuro,yo,marcaré,6,reviewed,
ES,marcar,Indicativo,Futuro,tú,marcarás,6,reviewed,
ES,marcar,Indicativo,Futuro,él,marcará,6,reviewed,
ES,marcar,Indicativo,Futuro,nosotros,marcaremos,6,reviewed,
ES,marcar,Indicativo,Futuro,vosotros,marcaréis,6,reviewed,
ES,marcar,Indicativo,Futuro,ellos,marcarán,6,reviewed,
ES,marcar,Indicativo,Pretérito perfecto compuesto,yo,he marcado,6,reviewed,
ES,marcar,Indicativo,Pretérito perfecto compuesto,tú,has marcado,6,reviewed,
ES,marcar,Indicativo,Pretérito perfecto compuesto,él,ha marcado,6,reviewed,
ES,marcar,Indicativo,Pretérito perfecto compuesto,nosotros,hemos marcado,6,reviewed,
ES,marcar,Indicativo,Pretérito perfecto compuesto,vosotros,habéis marcado,6,reviewed,
ES,marcar,Indicativo,Pretérito perfecto compuesto,ellos,han marcado,6,reviewed,
ES,marcar,Indicativo,Pretérito imperfecto,yo,marcaba,6,reviewed,
ES,marcar,Indicativo,Pretérito imperfecto,tú,marcabas,6,reviewed,
ES,marcar,Indicativo,Pretérito imperfecto,él,marcaba,6,reviewed,
ES,marcar,Indicativo,Pretérito imperfecto,nosotros,marcábamos,6,reviewed,
ES,marcar,Indicativo,Pretérito imperfecto,vosotros,marcabais,6,reviewed,
ES,marcar,Indicativo,Pretérito imperfecto,ellos,marcaban,6,reviewed,
ES,marcar,Condicional,Condicional,yo,marcaría,6,reviewed,
ES,marcar,Condicional,Condicional,tú,marcarías,6,reviewed,
ES,marcar,Condicional,Condicional,él,marcaría,6,reviewed,
ES,marcar,Condicional,Condicional,nosotros,marcaríamos,6,reviewed,
ES,marcar,Condicional,Condicional,vosotros,marcaríais,6,reviewed,
ES,marcar,Condicional,Condicional,ellos,marcarían,6,reviewed,
ES,marcar,Imperativo,Imperativo,yo,-,6,reviewed,yo imperative placeholder -; no standard form
ES,marcar,Imperativo,Imperativo,tú,marca,6,reviewed,
ES,marcar,Imperativo,Imperativo,él,marque,6,reviewed,
ES,marcar,Imperativo,Imperativo,nosotros,marquemos,6,reviewed,
ES,marcar,Imperativo,Imperativo,vosotros,marcad,6,reviewed,
ES,marcar,Imperativo,Imperativo,ellos,marquen,6,reviewed,
ES,marcar,Indicativo,Futuro perfecto,yo,habré marcado,6,reviewed,
ES,marcar,Indicativo,Futuro perfecto,tú,habrás marcado,6,reviewed,
ES,marcar,Indicativo,Futuro perfecto,él,habrá marcado,6,reviewed,
ES,marcar,Indicativo,Futuro perfecto,nosotros,habremos marcado,6,reviewed,
ES,marcar,Indicativo,Futuro perfecto,vosotros,habréis marcado,6,reviewed,
ES,marcar,Indicativo,Futuro perfecto,ellos,habrán marcado,6,reviewed,
ES,marcar,Subjuntivo,Subjuntivo presente,yo,marque,6,reviewed,
ES,marcar,Subjuntivo,Subjuntivo presente,tú,marques,6,reviewed,
ES,marcar,Subjuntivo,Subjuntivo presente,él,marque,6,reviewed,
ES,marcar,Subjuntivo,Subjuntivo presente,nosotros,marquemos,6,reviewed,
ES,marcar,Subjuntivo,Subjuntivo presente,vosotros,marquéis,6,reviewed,
ES,marcar,Subjuntivo,Subjuntivo presente,ellos,marquen,6,reviewed,
ES,marcar,Indicativo,Pretérito perfecto simple,yo,marqué,6,reviewed,
ES,marcar,Indicativo,Pretérito perfecto simple,tú,marcaste,6,reviewed,
ES,marcar,Indicativo,Pretérito perfecto simple,él,marcó,6,reviewed,
ES,marcar,Indicativo,Pretérito perfecto simple,nosotros,marcamos,6,reviewed,
ES,marcar,Indicativo,Pretérito perfecto simple,vosotros,marcasteis,6,reviewed,
ES,marcar,Indicativo,Pretérito perfecto simple,ellos,marcaron,6,reviewed,
ES,marcar,Indicativo,Pretérito pluscuamperfecto,yo,había marcado,6,reviewed,
ES,marcar,Indicativo,Pretérito pluscuamperfecto,tú,habías marcado,6,reviewed,
ES,marcar,Indicativo,Pretérito pluscuamperfecto,él,había marcado,6,reviewed,
ES,marcar,Indicativo,Pretérito pluscuamperfecto,nosotros,habíamos marcado,6,reviewed,
ES,marcar,Indicativo,Pretérito pluscuamperfecto,vosotros,habíais marcado,6,reviewed,
ES,marcar,Indicativo,Pretérito pluscuamperfecto,ellos,habían marcado,6,reviewed,
ES,luchar,Indicativo,Presente,yo,lucho,6,reviewed,
ES,luchar,Indicativo,Presente,tú,luchas,6,reviewed,
ES,luchar,Indicativo,Presente,él,lucha,6,reviewed,
ES,luchar,Indicativo,Presente,nosotros,luchamos,6,reviewed,
ES,luchar,Indicativo,Presente,vosotros,lucháis,6,reviewed,
ES,luchar,Indicativo,Presente,ellos,luchan,6,reviewed,
ES,luchar,Indicativo,Futuro,yo,lucharé,6,reviewed,
ES,luchar,Indicativo,Futuro,tú,lucharás,6,reviewed,
ES,luchar,Indicativo,Futuro,él,luchará,6,reviewed,
ES,luchar,Indicativo,Futuro,nosotros,lucharemos,6,reviewed,
ES,luchar,Indicativo,Futuro,vosotros,lucharéis,6,reviewed,
ES,luchar,Indicativo,Futuro,ellos,lucharán,6,reviewed,
ES,luchar,Indicativo,Pretérito perfecto compuesto,yo,he luchado,6,reviewed,
ES,luchar,Indicativo,Pretérito perfecto compuesto,tú,has luchado,6,reviewed,
ES,luchar,Indicativo,Pretérito perfecto compuesto,él,ha luchado,6,reviewed,
ES,luchar,Indicativo,Pretérito perfecto compuesto,nosotros,hemos luchado,6,reviewed,
ES,luchar,Indicativo,Pretérito perfecto compuesto,vosotros,habéis luchado,6,reviewed,
ES,luchar,Indicativo,Pretérito perfecto compuesto,ellos,han luchado,6,reviewed,
ES,luchar,Indicativo,Pretérito imperfecto,yo,luchaba,6,reviewed,
ES,luchar,Indicativo,Pretérito imperfecto,tú,luchabas,6,reviewed,
ES,luchar,Indicativo,Pretérito imperfecto,él,luchaba,6,reviewed,
ES,luchar,Indicativo,Pretérito imperfecto,nosotros,luchábamos,6,reviewed,
ES,luchar,Indicativo,Pretérito imperfecto,vosotros,luchabais,6,reviewed,
ES,luchar,Indicativo,Pretérito imperfecto,ellos,luchaban,6,reviewed,
ES,luchar,Condicional,Condicional,yo,lucharía,6,reviewed,
ES,luchar,Condicional,Condicional,tú,lucharías,6,reviewed,
ES,luchar,Condicional,Condicional,él,lucharía,6,reviewed,
ES,luchar,Condicional,Condicional,nosotros,lucharíamos,6,reviewed,
ES,luchar,Condicional,Condicional,vosotros,lucharíais,6,reviewed,
ES,luchar,Condicional,Condicional,ellos,lucharían,6,reviewed,
ES,luchar,Imperativo,Imperativo,yo,-,6,reviewed,yo imperative placeholder -; no standard form
ES,luchar,Imperativo,Imperativo,tú,lucha,6,reviewed,
ES,luchar,Imperativo,Imperativo,él,luche,6,reviewed,
ES,luchar,Imperativo,Imperativo,nosotros,luchemos,6,reviewed,
ES,luchar,Imperativo,Imperativo,vosotros,luchad,6,reviewed,
ES,luchar,Imperativo,Imperativo,ellos,luchen,6,reviewed,
ES,luchar,Indicativo,Futuro perfecto,yo,habré luchado,6,reviewed,
ES,luchar,Indicativo,Futuro perfecto,tú,habrás luchado,6,reviewed,
ES,luchar,Indicativo,Futuro perfecto,él,habrá luchado,6,reviewed,
ES,luchar,Indicativo,Futuro perfecto,nosotros,habremos luchado,6,reviewed,
ES,luchar,Indicativo,Futuro perfecto,vosotros,habréis luchado,6,reviewed,
ES,luchar,Indicativo,Futuro perfecto,ellos,habrán luchado,6,reviewed,
ES,luchar,Subjuntivo,Subjuntivo presente,yo,luche,6,reviewed,
ES,luchar,Subjuntivo,Subjuntivo presente,tú,luches,6,reviewed,
ES,luchar,Subjuntivo,Subjuntivo presente,él,luche,6,reviewed,
ES,luchar,Subjuntivo,Subjuntivo presente,nosotros,luchemos,6,reviewed,
ES,luchar,Subjuntivo,Subjuntivo presente,vosotros,luchéis,6,reviewed,
ES,luchar,Subjuntivo,Subjuntivo presente,ellos,luchen,6,reviewed,
ES,luchar,Indicativo,Pretérito perfecto simple,yo,luché,6,reviewed,
ES,luchar,Indicativo,Pretérito perfecto simple,tú,luchaste,6,reviewed,
ES,luchar,Indicativo,Pretérito perfecto simple,él,luchó,6,reviewed,
ES,luchar,Indicativo,Pretérito perfecto simple,nosotros,luchamos,6,reviewed,
ES,luchar,Indicativo,Pretérito perfecto simple,vosotros,luchasteis,6,reviewed,
ES,luchar,Indicativo,Pretérito perfecto simple,ellos,lucharon,6,reviewed,
ES,luchar,Indicativo,Pretérito pluscuamperfecto,yo,había luchado,6,reviewed,
ES,luchar,Indicativo,Pretérito pluscuamperfecto,tú,habías luchado,6,reviewed,
ES,luchar,Indicativo,Pretérito pluscuamperfecto,él,había luchado,6,reviewed,
ES,luchar,Indicativo,Pretérito pluscuamperfecto,nosotros,habíamos luchado,6,reviewed,
ES,luchar,Indicativo,Pretérito pluscuamperfecto,vosotros,habíais luchado,6,reviewed,
ES,luchar,Indicativo,Pretérito pluscuamperfecto,ellos,habían luchado,6,reviewed,
ES,efectuar,Indicativo,Presente,yo,efectúo,6,reviewed,accent-sensitive paradigm; QA recommended
ES,efectuar,Indicativo,Presente,tú,efectúas,6,reviewed,accent-sensitive paradigm; QA recommended
ES,efectuar,Indicativo,Presente,él,efectúa,6,reviewed,accent-sensitive paradigm; QA recommended
ES,efectuar,Indicativo,Presente,nosotros,efectuamos,6,reviewed,accent-sensitive paradigm; QA recommended
ES,efectuar,Indicativo,Presente,vosotros,efectuáis,6,reviewed,accent-sensitive paradigm; QA recommended
ES,efectuar,Indicativo,Presente,ellos,efectúan,6,reviewed,accent-sensitive paradigm; QA recommended
ES,efectuar,Indicativo,Futuro,yo,efectuaré,6,reviewed,accent-sensitive paradigm; QA recommended
ES,efectuar,Indicativo,Futuro,tú,efectuarás,6,reviewed,accent-sensitive paradigm; QA recommended
ES,efectuar,Indicativo,Futuro,él,efectuará,6,reviewed,accent-sensitive paradigm; QA recommended
ES,efectuar,Indicativo,Futuro,nosotros,efectuaremos,6,reviewed,accent-sensitive paradigm; QA recommended
ES,efectuar,Indicativo,Futuro,vosotros,efectuaréis,6,reviewed,accent-sensitive paradigm; QA recommended
ES,efectuar,Indicativo,Futuro,ellos,efectuarán,6,reviewed,accent-sensitive paradigm; QA recommended
ES,efectuar,Indicativo,Pretérito perfecto compuesto,yo,he efectuado,6,reviewed,accent-sensitive paradigm; QA recommended
ES,efectuar,Indicativo,Pretérito perfecto compuesto,tú,has efectuado,6,reviewed,accent-sensitive paradigm; QA recommended
ES,efectuar,Indicativo,Pretérito perfecto compuesto,él,ha efectuado,6,reviewed,accent-sensitive paradigm; QA recommended
ES,efectuar,Indicativo,Pretérito perfecto compuesto,nosotros,hemos efectuado,6,reviewed,accent-sensitive paradigm; QA recommended
ES,efectuar,Indicativo,Pretérito perfecto compuesto,vosotros,habéis efectuado,6,reviewed,accent-sensitive paradigm; QA recommended
ES,efectuar,Indicativo,Pretérito perfecto compuesto,ellos,han efectuado,6,reviewed,accent-sensitive paradigm; QA recommended
ES,efectuar,Indicativo,Pretérito imperfecto,yo,efectuaba,6,reviewed,accent-sensitive paradigm; QA recommended
ES,efectuar,Indicativo,Pretérito imperfecto,tú,efectuabas,6,reviewed,accent-sensitive paradigm; QA recommended
ES,efectuar,Indicativo,Pretérito imperfecto,él,efectuaba,6,reviewed,accent-sensitive paradigm; QA recommended
ES,efectuar,Indicativo,Pretérito imperfecto,nosotros,efectuábamos,6,reviewed,accent-sensitive paradigm; QA recommended
ES,efectuar,Indicativo,Pretérito imperfecto,vosotros,efectuabais,6,reviewed,accent-sensitive paradigm; QA recommended
ES,efectuar,Indicativo,Pretérito imperfecto,ellos,efectuaban,6,reviewed,accent-sensitive paradigm; QA recommended
ES,efectuar,Condicional,Condicional,yo,efectuaría,6,reviewed,accent-sensitive paradigm; QA recommended
ES,efectuar,Condicional,Condicional,tú,efectuarías,6,reviewed,accent-sensitive paradigm; QA recommended
ES,efectuar,Condicional,Condicional,él,efectuaría,6,reviewed,accent-sensitive paradigm; QA recommended
ES,efectuar,Condicional,Condicional,nosotros,efectuaríamos,6,reviewed,accent-sensitive paradigm; QA recommended
ES,efectuar,Condicional,Condicional,vosotros,efectuaríais,6,reviewed,accent-sensitive paradigm; QA recommended
ES,efectuar,Condicional,Condicional,ellos,efectuarían,6,reviewed,accent-sensitive paradigm; QA recommended
ES,efectuar,Imperativo,Imperativo,yo,-,6,reviewed,accent-sensitive paradigm; yo imperative placeholder -; QA recommended
ES,efectuar,Imperativo,Imperativo,tú,efectúa,6,reviewed,accent-sensitive paradigm; QA recommended
ES,efectuar,Imperativo,Imperativo,él,efectúe,6,reviewed,accent-sensitive paradigm; QA recommended
ES,efectuar,Imperativo,Imperativo,nosotros,efectuemos,6,reviewed,accent-sensitive paradigm; QA recommended
ES,efectuar,Imperativo,Imperativo,vosotros,efectuad,6,reviewed,accent-sensitive paradigm; QA recommended
ES,efectuar,Imperativo,Imperativo,ellos,efectúen,6,reviewed,accent-sensitive paradigm; QA recommended
ES,efectuar,Indicativo,Futuro perfecto,yo,habré efectuado,6,reviewed,accent-sensitive paradigm; QA recommended
ES,efectuar,Indicativo,Futuro perfecto,tú,habrás efectuado,6,reviewed,accent-sensitive paradigm; QA recommended
ES,efectuar,Indicativo,Futuro perfecto,él,habrá efectuado,6,reviewed,accent-sensitive paradigm; QA recommended
ES,efectuar,Indicativo,Futuro perfecto,nosotros,habremos efectuado,6,reviewed,accent-sensitive paradigm; QA recommended
ES,efectuar,Indicativo,Futuro perfecto,vosotros,habréis efectuado,6,reviewed,accent-sensitive paradigm; QA recommended
ES,efectuar,Indicativo,Futuro perfecto,ellos,habrán efectuado,6,reviewed,accent-sensitive paradigm; QA recommended
ES,efectuar,Subjuntivo,Subjuntivo presente,yo,efectúe,6,reviewed,accent-sensitive paradigm; QA recommended
ES,efectuar,Subjuntivo,Subjuntivo presente,tú,efectúes,6,reviewed,accent-sensitive paradigm; QA recommended
ES,efectuar,Subjuntivo,Subjuntivo presente,él,efectúe,6,reviewed,accent-sensitive paradigm; QA recommended
ES,efectuar,Subjuntivo,Subjuntivo presente,nosotros,efectuemos,6,reviewed,accent-sensitive paradigm; QA recommended
ES,efectuar,Subjuntivo,Subjuntivo presente,vosotros,efectuéis,6,reviewed,accent-sensitive paradigm; QA recommended
ES,efectuar,Subjuntivo,Subjuntivo presente,ellos,efectúen,6,reviewed,accent-sensitive paradigm; QA recommended
ES,efectuar,Indicativo,Pretérito perfecto simple,yo,efectué,6,reviewed,accent-sensitive paradigm; QA recommended
ES,efectuar,Indicativo,Pretérito perfecto simple,tú,efectuaste,6,reviewed,accent-sensitive paradigm; QA recommended
ES,efectuar,Indicativo,Pretérito perfecto simple,él,efectuó,6,reviewed,accent-sensitive paradigm; QA recommended
ES,efectuar,Indicativo,Pretérito perfecto simple,nosotros,efectuamos,6,reviewed,accent-sensitive paradigm; QA recommended
ES,efectuar,Indicativo,Pretérito perfecto simple,vosotros,efectuasteis,6,reviewed,accent-sensitive paradigm; QA recommended
ES,efectuar,Indicativo,Pretérito perfecto simple,ellos,efectuaron,6,reviewed,accent-sensitive paradigm; QA recommended
ES,efectuar,Indicativo,Pretérito pluscuamperfecto,yo,había efectuado,6,reviewed,accent-sensitive paradigm; QA recommended
ES,efectuar,Indicativo,Pretérito pluscuamperfecto,tú,habías efectuado,6,reviewed,accent-sensitive paradigm; QA recommended
ES,efectuar,Indicativo,Pretérito pluscuamperfecto,él,había efectuado,6,reviewed,accent-sensitive paradigm; QA recommended
ES,efectuar,Indicativo,Pretérito pluscuamperfecto,nosotros,habíamos efectuado,6,reviewed,accent-sensitive paradigm; QA recommended
ES,efectuar,Indicativo,Pretérito pluscuamperfecto,vosotros,habíais efectuado,6,reviewed,accent-sensitive paradigm; QA recommended
ES,efectuar,Indicativo,Pretérito pluscuamperfecto,ellos,habían efectuado,6,reviewed,accent-sensitive paradigm; QA recommended
ES,realizar,Indicativo,Presente,yo,realizo,6,reviewed,
ES,realizar,Indicativo,Presente,tú,realizas,6,reviewed,
ES,realizar,Indicativo,Presente,él,realiza,6,reviewed,
ES,realizar,Indicativo,Presente,nosotros,realizamos,6,reviewed,
ES,realizar,Indicativo,Presente,vosotros,realizáis,6,reviewed,
ES,realizar,Indicativo,Presente,ellos,realizan,6,reviewed,
ES,realizar,Indicativo,Futuro,yo,realizaré,6,reviewed,
ES,realizar,Indicativo,Futuro,tú,realizarás,6,reviewed,
ES,realizar,Indicativo,Futuro,él,realizará,6,reviewed,
ES,realizar,Indicativo,Futuro,nosotros,realizaremos,6,reviewed,
ES,realizar,Indicativo,Futuro,vosotros,realizaréis,6,reviewed,
ES,realizar,Indicativo,Futuro,ellos,realizarán,6,reviewed,
ES,realizar,Indicativo,Pretérito perfecto compuesto,yo,he realizado,6,reviewed,
ES,realizar,Indicativo,Pretérito perfecto compuesto,tú,has realizado,6,reviewed,
ES,realizar,Indicativo,Pretérito perfecto compuesto,él,ha realizado,6,reviewed,
ES,realizar,Indicativo,Pretérito perfecto compuesto,nosotros,hemos realizado,6,reviewed,
ES,realizar,Indicativo,Pretérito perfecto compuesto,vosotros,habéis realizado,6,reviewed,
ES,realizar,Indicativo,Pretérito perfecto compuesto,ellos,han realizado,6,reviewed,
ES,realizar,Indicativo,Pretérito imperfecto,yo,realizaba,6,reviewed,
ES,realizar,Indicativo,Pretérito imperfecto,tú,realizabas,6,reviewed,
ES,realizar,Indicativo,Pretérito imperfecto,él,realizaba,6,reviewed,
ES,realizar,Indicativo,Pretérito imperfecto,nosotros,realizábamos,6,reviewed,
ES,realizar,Indicativo,Pretérito imperfecto,vosotros,realizabais,6,reviewed,
ES,realizar,Indicativo,Pretérito imperfecto,ellos,realizaban,6,reviewed,
ES,realizar,Condicional,Condicional,yo,realizaría,6,reviewed,
ES,realizar,Condicional,Condicional,tú,realizarías,6,reviewed,
ES,realizar,Condicional,Condicional,él,realizaría,6,reviewed,
ES,realizar,Condicional,Condicional,nosotros,realizaríamos,6,reviewed,
ES,realizar,Condicional,Condicional,vosotros,realizaríais,6,reviewed,
ES,realizar,Condicional,Condicional,ellos,realizarían,6,reviewed,
ES,realizar,Imperativo,Imperativo,yo,-,6,reviewed,yo imperative placeholder -; no standard form
ES,realizar,Imperativo,Imperativo,tú,realiza,6,reviewed,
ES,realizar,Imperativo,Imperativo,él,realice,6,reviewed,
ES,realizar,Imperativo,Imperativo,nosotros,realicemos,6,reviewed,
ES,realizar,Imperativo,Imperativo,vosotros,realizad,6,reviewed,
ES,realizar,Imperativo,Imperativo,ellos,realicen,6,reviewed,
ES,realizar,Indicativo,Futuro perfecto,yo,habré realizado,6,reviewed,
ES,realizar,Indicativo,Futuro perfecto,tú,habrás realizado,6,reviewed,
ES,realizar,Indicativo,Futuro perfecto,él,habrá realizado,6,reviewed,
ES,realizar,Indicativo,Futuro perfecto,nosotros,habremos realizado,6,reviewed,
ES,realizar,Indicativo,Futuro perfecto,vosotros,habréis realizado,6,reviewed,
ES,realizar,Indicativo,Futuro perfecto,ellos,habrán realizado,6,reviewed,
ES,realizar,Subjuntivo,Subjuntivo presente,yo,realice,6,reviewed,
ES,realizar,Subjuntivo,Subjuntivo presente,tú,realices,6,reviewed,
ES,realizar,Subjuntivo,Subjuntivo presente,él,realice,6,reviewed,
ES,realizar,Subjuntivo,Subjuntivo presente,nosotros,realicemos,6,reviewed,
ES,realizar,Subjuntivo,Subjuntivo presente,vosotros,realicéis,6,reviewed,
ES,realizar,Subjuntivo,Subjuntivo presente,ellos,realicen,6,reviewed,
ES,realizar,Indicativo,Pretérito perfecto simple,yo,realicé,6,reviewed,
ES,realizar,Indicativo,Pretérito perfecto simple,tú,realizaste,6,reviewed,
ES,realizar,Indicativo,Pretérito perfecto simple,él,realizó,6,reviewed,
ES,realizar,Indicativo,Pretérito perfecto simple,nosotros,realizamos,6,reviewed,
ES,realizar,Indicativo,Pretérito perfecto simple,vosotros,realizasteis,6,reviewed,
ES,realizar,Indicativo,Pretérito perfecto simple,ellos,realizaron,6,reviewed,
ES,realizar,Indicativo,Pretérito pluscuamperfecto,yo,había realizado,6,reviewed,
ES,realizar,Indicativo,Pretérito pluscuamperfecto,tú,habías realizado,6,reviewed,
ES,realizar,Indicativo,Pretérito pluscuamperfecto,él,había realizado,6,reviewed,
ES,realizar,Indicativo,Pretérito pluscuamperfecto,nosotros,habíamos realizado,6,reviewed,
ES,realizar,Indicativo,Pretérito pluscuamperfecto,vosotros,habíais realizado,6,reviewed,
ES,realizar,Indicativo,Pretérito pluscuamperfecto,ellos,habían realizado,6,reviewed,
ES,romper,Indicativo,Presente,yo,rompo,6,reviewed,
ES,romper,Indicativo,Presente,tú,rompes,6,reviewed,
ES,romper,Indicativo,Presente,él,rompe,6,reviewed,
ES,romper,Indicativo,Presente,nosotros,rompemos,6,reviewed,
ES,romper,Indicativo,Presente,vosotros,rompéis,6,reviewed,
ES,romper,Indicativo,Presente,ellos,rompen,6,reviewed,
ES,romper,Indicativo,Futuro,yo,romperé,6,reviewed,
ES,romper,Indicativo,Futuro,tú,romperás,6,reviewed,
ES,romper,Indicativo,Futuro,él,romperá,6,reviewed,
ES,romper,Indicativo,Futuro,nosotros,romperemos,6,reviewed,
ES,romper,Indicativo,Futuro,vosotros,romperéis,6,reviewed,
ES,romper,Indicativo,Futuro,ellos,romperán,6,reviewed,
ES,romper,Indicativo,Pretérito perfecto compuesto,yo,he roto,6,reviewed,
ES,romper,Indicativo,Pretérito perfecto compuesto,tú,has roto,6,reviewed,
ES,romper,Indicativo,Pretérito perfecto compuesto,él,ha roto,6,reviewed,
ES,romper,Indicativo,Pretérito perfecto compuesto,nosotros,hemos roto,6,reviewed,
ES,romper,Indicativo,Pretérito perfecto compuesto,vosotros,habéis roto,6,reviewed,
ES,romper,Indicativo,Pretérito perfecto compuesto,ellos,han roto,6,reviewed,
ES,romper,Indicativo,Pretérito imperfecto,yo,rompía,6,reviewed,
ES,romper,Indicativo,Pretérito imperfecto,tú,rompías,6,reviewed,
ES,romper,Indicativo,Pretérito imperfecto,él,rompía,6,reviewed,
ES,romper,Indicativo,Pretérito imperfecto,nosotros,rompíamos,6,reviewed,
ES,romper,Indicativo,Pretérito imperfecto,vosotros,rompíais,6,reviewed,
ES,romper,Indicativo,Pretérito imperfecto,ellos,rompían,6,reviewed,
ES,romper,Condicional,Condicional,yo,rompería,6,reviewed,
ES,romper,Condicional,Condicional,tú,romperías,6,reviewed,
ES,romper,Condicional,Condicional,él,rompería,6,reviewed,
ES,romper,Condicional,Condicional,nosotros,romperíamos,6,reviewed,
ES,romper,Condicional,Condicional,vosotros,romperíais,6,reviewed,
ES,romper,Condicional,Condicional,ellos,romperían,6,reviewed,
ES,romper,Imperativo,Imperativo,yo,-,6,reviewed,yo imperative placeholder -; no standard form
ES,romper,Imperativo,Imperativo,tú,rompe,6,reviewed,
ES,romper,Imperativo,Imperativo,él,rompa,6,reviewed,
ES,romper,Imperativo,Imperativo,nosotros,rompamos,6,reviewed,
ES,romper,Imperativo,Imperativo,vosotros,romped,6,reviewed,
ES,romper,Imperativo,Imperativo,ellos,rompan,6,reviewed,
ES,romper,Indicativo,Futuro perfecto,yo,habré roto,6,reviewed,
ES,romper,Indicativo,Futuro perfecto,tú,habrás roto,6,reviewed,
ES,romper,Indicativo,Futuro perfecto,él,habrá roto,6,reviewed,
ES,romper,Indicativo,Futuro perfecto,nosotros,habremos roto,6,reviewed,
ES,romper,Indicativo,Futuro perfecto,vosotros,habréis roto,6,reviewed,
ES,romper,Indicativo,Futuro perfecto,ellos,habrán roto,6,reviewed,
ES,romper,Subjuntivo,Subjuntivo presente,yo,rompa,6,reviewed,
ES,romper,Subjuntivo,Subjuntivo presente,tú,rompas,6,reviewed,
ES,romper,Subjuntivo,Subjuntivo presente,él,rompa,6,reviewed,
ES,romper,Subjuntivo,Subjuntivo presente,nosotros,rompamos,6,reviewed,
ES,romper,Subjuntivo,Subjuntivo presente,vosotros,rompáis,6,reviewed,
ES,romper,Subjuntivo,Subjuntivo presente,ellos,rompan,6,reviewed,
ES,romper,Indicativo,Pretérito perfecto simple,yo,rompí,6,reviewed,
ES,romper,Indicativo,Pretérito perfecto simple,tú,rompiste,6,reviewed,
ES,romper,Indicativo,Pretérito perfecto simple,él,rompió,6,reviewed,
ES,romper,Indicativo,Pretérito perfecto simple,nosotros,rompimos,6,reviewed,
ES,romper,Indicativo,Pretérito perfecto simple,vosotros,rompisteis,6,reviewed,
ES,romper,Indicativo,Pretérito perfecto simple,ellos,rompieron,6,reviewed,
ES,romper,Indicativo,Pretérito pluscuamperfecto,yo,había roto,6,reviewed,
ES,romper,Indicativo,Pretérito pluscuamperfecto,tú,habías roto,6,reviewed,
ES,romper,Indicativo,Pretérito pluscuamperfecto,él,había roto,6,reviewed,
ES,romper,Indicativo,Pretérito pluscuamperfecto,nosotros,habíamos roto,6,reviewed,
ES,romper,Indicativo,Pretérito pluscuamperfecto,vosotros,habíais roto,6,reviewed,
ES,romper,Indicativo,Pretérito pluscuamperfecto,ellos,habían roto,6,reviewed,
ES,compartir,Indicativo,Presente,yo,comparto,6,reviewed,
ES,compartir,Indicativo,Presente,tú,compartes,6,reviewed,
ES,compartir,Indicativo,Presente,él,comparte,6,reviewed,
ES,compartir,Indicativo,Presente,nosotros,compartimos,6,reviewed,
ES,compartir,Indicativo,Presente,vosotros,compartís,6,reviewed,
ES,compartir,Indicativo,Presente,ellos,comparten,6,reviewed,
ES,compartir,Indicativo,Futuro,yo,compartiré,6,reviewed,
ES,compartir,Indicativo,Futuro,tú,compartirás,6,reviewed,
ES,compartir,Indicativo,Futuro,él,compartirá,6,reviewed,
ES,compartir,Indicativo,Futuro,nosotros,compartiremos,6,reviewed,
ES,compartir,Indicativo,Futuro,vosotros,compartiréis,6,reviewed,
ES,compartir,Indicativo,Futuro,ellos,compartirán,6,reviewed,
ES,compartir,Indicativo,Pretérito perfecto compuesto,yo,he compartido,6,reviewed,
ES,compartir,Indicativo,Pretérito perfecto compuesto,tú,has compartido,6,reviewed,
ES,compartir,Indicativo,Pretérito perfecto compuesto,él,ha compartido,6,reviewed,
ES,compartir,Indicativo,Pretérito perfecto compuesto,nosotros,hemos compartido,6,reviewed,
ES,compartir,Indicativo,Pretérito perfecto compuesto,vosotros,habéis compartido,6,reviewed,
ES,compartir,Indicativo,Pretérito perfecto compuesto,ellos,han compartido,6,reviewed,
ES,compartir,Indicativo,Pretérito imperfecto,yo,compartía,6,reviewed,
ES,compartir,Indicativo,Pretérito imperfecto,tú,compartías,6,reviewed,
ES,compartir,Indicativo,Pretérito imperfecto,él,compartía,6,reviewed,
ES,compartir,Indicativo,Pretérito imperfecto,nosotros,compartíamos,6,reviewed,
ES,compartir,Indicativo,Pretérito imperfecto,vosotros,compartíais,6,reviewed,
ES,compartir,Indicativo,Pretérito imperfecto,ellos,compartían,6,reviewed,
ES,compartir,Condicional,Condicional,yo,compartiría,6,reviewed,
ES,compartir,Condicional,Condicional,tú,compartirías,6,reviewed,
ES,compartir,Condicional,Condicional,él,compartiría,6,reviewed,
ES,compartir,Condicional,Condicional,nosotros,compartiríamos,6,reviewed,
ES,compartir,Condicional,Condicional,vosotros,compartiríais,6,reviewed,
ES,compartir,Condicional,Condicional,ellos,compartirían,6,reviewed,
ES,compartir,Imperativo,Imperativo,yo,-,6,reviewed,yo imperative placeholder -; no standard form
ES,compartir,Imperativo,Imperativo,tú,comparte,6,reviewed,
ES,compartir,Imperativo,Imperativo,él,comparta,6,reviewed,
ES,compartir,Imperativo,Imperativo,nosotros,compartamos,6,reviewed,
ES,compartir,Imperativo,Imperativo,vosotros,compartid,6,reviewed,
ES,compartir,Imperativo,Imperativo,ellos,compartan,6,reviewed,
ES,compartir,Indicativo,Futuro perfecto,yo,habré compartido,6,reviewed,
ES,compartir,Indicativo,Futuro perfecto,tú,habrás compartido,6,reviewed,
ES,compartir,Indicativo,Futuro perfecto,él,habrá compartido,6,reviewed,
ES,compartir,Indicativo,Futuro perfecto,nosotros,habremos compartido,6,reviewed,
ES,compartir,Indicativo,Futuro perfecto,vosotros,habréis compartido,6,reviewed,
ES,compartir,Indicativo,Futuro perfecto,ellos,habrán compartido,6,reviewed,
ES,compartir,Subjuntivo,Subjuntivo presente,yo,comparta,6,reviewed,
ES,compartir,Subjuntivo,Subjuntivo presente,tú,compartas,6,reviewed,
ES,compartir,Subjuntivo,Subjuntivo presente,él,comparta,6,reviewed,
ES,compartir,Subjuntivo,Subjuntivo presente,nosotros,compartamos,6,reviewed,
ES,compartir,Subjuntivo,Subjuntivo presente,vosotros,compartáis,6,reviewed,
ES,compartir,Subjuntivo,Subjuntivo presente,ellos,compartan,6,reviewed,
ES,compartir,Indicativo,Pretérito perfecto simple,yo,compartí,6,reviewed,
ES,compartir,Indicativo,Pretérito perfecto simple,tú,compartiste,6,reviewed,
ES,compartir,Indicativo,Pretérito perfecto simple,él,compartió,6,reviewed,
ES,compartir,Indicativo,Pretérito perfecto simple,nosotros,compartimos,6,reviewed,
ES,compartir,Indicativo,Pretérito perfecto simple,vosotros,compartisteis,6,reviewed,
ES,compartir,Indicativo,Pretérito perfecto simple,ellos,compartieron,6,reviewed,
ES,compartir,Indicativo,Pretérito pluscuamperfecto,yo,había compartido,6,reviewed,
ES,compartir,Indicativo,Pretérito pluscuamperfecto,tú,habías compartido,6,reviewed,
ES,compartir,Indicativo,Pretérito pluscuamperfecto,él,había compartido,6,reviewed,
ES,compartir,Indicativo,Pretérito pluscuamperfecto,nosotros,habíamos compartido,6,reviewed,
ES,compartir,Indicativo,Pretérito pluscuamperfecto,vosotros,habíais compartido,6,reviewed,
ES,compartir,Indicativo,Pretérito pluscuamperfecto,ellos,habían compartido,6,reviewed,
ES,suponer,Indicativo,Presente,yo,supongo,6,reviewed,
ES,suponer,Indicativo,Presente,tú,supones,6,reviewed,
ES,suponer,Indicativo,Presente,él,supone,6,reviewed,
ES,suponer,Indicativo,Presente,nosotros,suponemos,6,reviewed,
ES,suponer,Indicativo,Presente,vosotros,suponéis,6,reviewed,
ES,suponer,Indicativo,Presente,ellos,suponen,6,reviewed,
ES,suponer,Indicativo,Futuro,yo,supondré,6,reviewed,
ES,suponer,Indicativo,Futuro,tú,supondrás,6,reviewed,
ES,suponer,Indicativo,Futuro,él,supondrá,6,reviewed,
ES,suponer,Indicativo,Futuro,nosotros,supondremos,6,reviewed,
ES,suponer,Indicativo,Futuro,vosotros,supondréis,6,reviewed,
ES,suponer,Indicativo,Futuro,ellos,supondrán,6,reviewed,
ES,suponer,Indicativo,Pretérito perfecto compuesto,yo,he supuesto,6,reviewed,
ES,suponer,Indicativo,Pretérito perfecto compuesto,tú,has supuesto,6,reviewed,
ES,suponer,Indicativo,Pretérito perfecto compuesto,él,ha supuesto,6,reviewed,
ES,suponer,Indicativo,Pretérito perfecto compuesto,nosotros,hemos supuesto,6,reviewed,
ES,suponer,Indicativo,Pretérito perfecto compuesto,vosotros,habéis supuesto,6,reviewed,
ES,suponer,Indicativo,Pretérito perfecto compuesto,ellos,han supuesto,6,reviewed,
ES,suponer,Indicativo,Pretérito imperfecto,yo,suponía,6,reviewed,
ES,suponer,Indicativo,Pretérito imperfecto,tú,suponías,6,reviewed,
ES,suponer,Indicativo,Pretérito imperfecto,él,suponía,6,reviewed,
ES,suponer,Indicativo,Pretérito imperfecto,nosotros,suponíamos,6,reviewed,
ES,suponer,Indicativo,Pretérito imperfecto,vosotros,suponíais,6,reviewed,
ES,suponer,Indicativo,Pretérito imperfecto,ellos,suponían,6,reviewed,
ES,suponer,Condicional,Condicional,yo,supondría,6,reviewed,
ES,suponer,Condicional,Condicional,tú,supondrías,6,reviewed,
ES,suponer,Condicional,Condicional,él,supondría,6,reviewed,
ES,suponer,Condicional,Condicional,nosotros,supondríamos,6,reviewed,
ES,suponer,Condicional,Condicional,vosotros,supondríais,6,reviewed,
ES,suponer,Condicional,Condicional,ellos,supondrían,6,reviewed,
ES,suponer,Imperativo,Imperativo,yo,-,6,reviewed,prefixed poner imperative; yo placeholder -; QA recommended
ES,suponer,Imperativo,Imperativo,tú,supón,6,reviewed,prefixed poner imperative; QA recommended
ES,suponer,Imperativo,Imperativo,él,suponga,6,reviewed,prefixed poner imperative; QA recommended
ES,suponer,Imperativo,Imperativo,nosotros,supongamos,6,reviewed,prefixed poner imperative; QA recommended
ES,suponer,Imperativo,Imperativo,vosotros,suponed,6,reviewed,prefixed poner imperative; QA recommended
ES,suponer,Imperativo,Imperativo,ellos,supongan,6,reviewed,prefixed poner imperative; QA recommended
ES,suponer,Indicativo,Futuro perfecto,yo,habré supuesto,6,reviewed,
ES,suponer,Indicativo,Futuro perfecto,tú,habrás supuesto,6,reviewed,
ES,suponer,Indicativo,Futuro perfecto,él,habrá supuesto,6,reviewed,
ES,suponer,Indicativo,Futuro perfecto,nosotros,habremos supuesto,6,reviewed,
ES,suponer,Indicativo,Futuro perfecto,vosotros,habréis supuesto,6,reviewed,
ES,suponer,Indicativo,Futuro perfecto,ellos,habrán supuesto,6,reviewed,
ES,suponer,Subjuntivo,Subjuntivo presente,yo,suponga,6,reviewed,
ES,suponer,Subjuntivo,Subjuntivo presente,tú,supongas,6,reviewed,
ES,suponer,Subjuntivo,Subjuntivo presente,él,suponga,6,reviewed,
ES,suponer,Subjuntivo,Subjuntivo presente,nosotros,supongamos,6,reviewed,
ES,suponer,Subjuntivo,Subjuntivo presente,vosotros,supongáis,6,reviewed,
ES,suponer,Subjuntivo,Subjuntivo presente,ellos,supongan,6,reviewed,
ES,suponer,Indicativo,Pretérito perfecto simple,yo,supuse,6,reviewed,
ES,suponer,Indicativo,Pretérito perfecto simple,tú,supusiste,6,reviewed,
ES,suponer,Indicativo,Pretérito perfecto simple,él,supuso,6,reviewed,
ES,suponer,Indicativo,Pretérito perfecto simple,nosotros,supusimos,6,reviewed,
ES,suponer,Indicativo,Pretérito perfecto simple,vosotros,supusisteis,6,reviewed,
ES,suponer,Indicativo,Pretérito perfecto simple,ellos,supusieron,6,reviewed,
ES,suponer,Indicativo,Pretérito pluscuamperfecto,yo,había supuesto,6,reviewed,
ES,suponer,Indicativo,Pretérito pluscuamperfecto,tú,habías supuesto,6,reviewed,
ES,suponer,Indicativo,Pretérito pluscuamperfecto,él,había supuesto,6,reviewed,
ES,suponer,Indicativo,Pretérito pluscuamperfecto,nosotros,habíamos supuesto,6,reviewed,
ES,suponer,Indicativo,Pretérito pluscuamperfecto,vosotros,habíais supuesto,6,reviewed,
ES,suponer,Indicativo,Pretérito pluscuamperfecto,ellos,habían supuesto,6,reviewed,
ES,conceder,Indicativo,Presente,yo,concedo,6,reviewed,
ES,conceder,Indicativo,Presente,tú,concedes,6,reviewed,
ES,conceder,Indicativo,Presente,él,concede,6,reviewed,
ES,conceder,Indicativo,Presente,nosotros,concedemos,6,reviewed,
ES,conceder,Indicativo,Presente,vosotros,concedéis,6,reviewed,
ES,conceder,Indicativo,Presente,ellos,conceden,6,reviewed,
ES,conceder,Indicativo,Futuro,yo,concederé,6,reviewed,
ES,conceder,Indicativo,Futuro,tú,concederás,6,reviewed,
ES,conceder,Indicativo,Futuro,él,concederá,6,reviewed,
ES,conceder,Indicativo,Futuro,nosotros,concederemos,6,reviewed,
ES,conceder,Indicativo,Futuro,vosotros,concederéis,6,reviewed,
ES,conceder,Indicativo,Futuro,ellos,concederán,6,reviewed,
ES,conceder,Indicativo,Pretérito perfecto compuesto,yo,he concedido,6,reviewed,
ES,conceder,Indicativo,Pretérito perfecto compuesto,tú,has concedido,6,reviewed,
ES,conceder,Indicativo,Pretérito perfecto compuesto,él,ha concedido,6,reviewed,
ES,conceder,Indicativo,Pretérito perfecto compuesto,nosotros,hemos concedido,6,reviewed,
ES,conceder,Indicativo,Pretérito perfecto compuesto,vosotros,habéis concedido,6,reviewed,
ES,conceder,Indicativo,Pretérito perfecto compuesto,ellos,han concedido,6,reviewed,
ES,conceder,Indicativo,Pretérito imperfecto,yo,concedía,6,reviewed,
ES,conceder,Indicativo,Pretérito imperfecto,tú,concedías,6,reviewed,
ES,conceder,Indicativo,Pretérito imperfecto,él,concedía,6,reviewed,
ES,conceder,Indicativo,Pretérito imperfecto,nosotros,concedíamos,6,reviewed,
ES,conceder,Indicativo,Pretérito imperfecto,vosotros,concedíais,6,reviewed,
ES,conceder,Indicativo,Pretérito imperfecto,ellos,concedían,6,reviewed,
ES,conceder,Condicional,Condicional,yo,concedería,6,reviewed,
ES,conceder,Condicional,Condicional,tú,concederías,6,reviewed,
ES,conceder,Condicional,Condicional,él,concedería,6,reviewed,
ES,conceder,Condicional,Condicional,nosotros,concederíamos,6,reviewed,
ES,conceder,Condicional,Condicional,vosotros,concederíais,6,reviewed,
ES,conceder,Condicional,Condicional,ellos,concederían,6,reviewed,
ES,conceder,Imperativo,Imperativo,yo,-,6,reviewed,yo imperative placeholder -; no standard form
ES,conceder,Imperativo,Imperativo,tú,concede,6,reviewed,
ES,conceder,Imperativo,Imperativo,él,conceda,6,reviewed,
ES,conceder,Imperativo,Imperativo,nosotros,concedamos,6,reviewed,
ES,conceder,Imperativo,Imperativo,vosotros,conceded,6,reviewed,
ES,conceder,Imperativo,Imperativo,ellos,concedan,6,reviewed,
ES,conceder,Indicativo,Futuro perfecto,yo,habré concedido,6,reviewed,
ES,conceder,Indicativo,Futuro perfecto,tú,habrás concedido,6,reviewed,
ES,conceder,Indicativo,Futuro perfecto,él,habrá concedido,6,reviewed,
ES,conceder,Indicativo,Futuro perfecto,nosotros,habremos concedido,6,reviewed,
ES,conceder,Indicativo,Futuro perfecto,vosotros,habréis concedido,6,reviewed,
ES,conceder,Indicativo,Futuro perfecto,ellos,habrán concedido,6,reviewed,
ES,conceder,Subjuntivo,Subjuntivo presente,yo,conceda,6,reviewed,
ES,conceder,Subjuntivo,Subjuntivo presente,tú,concedas,6,reviewed,
ES,conceder,Subjuntivo,Subjuntivo presente,él,conceda,6,reviewed,
ES,conceder,Subjuntivo,Subjuntivo presente,nosotros,concedamos,6,reviewed,
ES,conceder,Subjuntivo,Subjuntivo presente,vosotros,concedáis,6,reviewed,
ES,conceder,Subjuntivo,Subjuntivo presente,ellos,concedan,6,reviewed,
ES,conceder,Indicativo,Pretérito perfecto simple,yo,concedí,6,reviewed,
ES,conceder,Indicativo,Pretérito perfecto simple,tú,concediste,6,reviewed,
ES,conceder,Indicativo,Pretérito perfecto simple,él,concedió,6,reviewed,
ES,conceder,Indicativo,Pretérito perfecto simple,nosotros,concedimos,6,reviewed,
ES,conceder,Indicativo,Pretérito perfecto simple,vosotros,concedisteis,6,reviewed,
ES,conceder,Indicativo,Pretérito perfecto simple,ellos,concedieron,6,reviewed,
ES,conceder,Indicativo,Pretérito pluscuamperfecto,yo,había concedido,6,reviewed,
ES,conceder,Indicativo,Pretérito pluscuamperfecto,tú,habías concedido,6,reviewed,
ES,conceder,Indicativo,Pretérito pluscuamperfecto,él,había concedido,6,reviewed,
ES,conceder,Indicativo,Pretérito pluscuamperfecto,nosotros,habíamos concedido,6,reviewed,
ES,conceder,Indicativo,Pretérito pluscuamperfecto,vosotros,habíais concedido,6,reviewed,
ES,conceder,Indicativo,Pretérito pluscuamperfecto,ellos,habían concedido,6,reviewed,
ES,otorgar,Indicativo,Presente,yo,otorgo,6,reviewed,
ES,otorgar,Indicativo,Presente,tú,otorgas,6,reviewed,
ES,otorgar,Indicativo,Presente,él,otorga,6,reviewed,
ES,otorgar,Indicativo,Presente,nosotros,otorgamos,6,reviewed,
ES,otorgar,Indicativo,Presente,vosotros,otorgáis,6,reviewed,
ES,otorgar,Indicativo,Presente,ellos,otorgan,6,reviewed,
ES,otorgar,Indicativo,Futuro,yo,otorgaré,6,reviewed,
ES,otorgar,Indicativo,Futuro,tú,otorgarás,6,reviewed,
ES,otorgar,Indicativo,Futuro,él,otorgará,6,reviewed,
ES,otorgar,Indicativo,Futuro,nosotros,otorgaremos,6,reviewed,
ES,otorgar,Indicativo,Futuro,vosotros,otorgaréis,6,reviewed,
ES,otorgar,Indicativo,Futuro,ellos,otorgarán,6,reviewed,
ES,otorgar,Indicativo,Pretérito perfecto compuesto,yo,he otorgado,6,reviewed,
ES,otorgar,Indicativo,Pretérito perfecto compuesto,tú,has otorgado,6,reviewed,
ES,otorgar,Indicativo,Pretérito perfecto compuesto,él,ha otorgado,6,reviewed,
ES,otorgar,Indicativo,Pretérito perfecto compuesto,nosotros,hemos otorgado,6,reviewed,
ES,otorgar,Indicativo,Pretérito perfecto compuesto,vosotros,habéis otorgado,6,reviewed,
ES,otorgar,Indicativo,Pretérito perfecto compuesto,ellos,han otorgado,6,reviewed,
ES,otorgar,Indicativo,Pretérito imperfecto,yo,otorgaba,6,reviewed,
ES,otorgar,Indicativo,Pretérito imperfecto,tú,otorgabas,6,reviewed,
ES,otorgar,Indicativo,Pretérito imperfecto,él,otorgaba,6,reviewed,
ES,otorgar,Indicativo,Pretérito imperfecto,nosotros,otorgábamos,6,reviewed,
ES,otorgar,Indicativo,Pretérito imperfecto,vosotros,otorgabais,6,reviewed,
ES,otorgar,Indicativo,Pretérito imperfecto,ellos,otorgaban,6,reviewed,
ES,otorgar,Condicional,Condicional,yo,otorgaría,6,reviewed,
ES,otorgar,Condicional,Condicional,tú,otorgarías,6,reviewed,
ES,otorgar,Condicional,Condicional,él,otorgaría,6,reviewed,
ES,otorgar,Condicional,Condicional,nosotros,otorgaríamos,6,reviewed,
ES,otorgar,Condicional,Condicional,vosotros,otorgaríais,6,reviewed,
ES,otorgar,Condicional,Condicional,ellos,otorgarían,6,reviewed,
ES,otorgar,Imperativo,Imperativo,yo,-,6,reviewed,yo imperative placeholder -; no standard form
ES,otorgar,Imperativo,Imperativo,tú,otorga,6,reviewed,
ES,otorgar,Imperativo,Imperativo,él,otorgue,6,reviewed,
ES,otorgar,Imperativo,Imperativo,nosotros,otorguemos,6,reviewed,
ES,otorgar,Imperativo,Imperativo,vosotros,otorgad,6,reviewed,
ES,otorgar,Imperativo,Imperativo,ellos,otorguen,6,reviewed,
ES,otorgar,Indicativo,Futuro perfecto,yo,habré otorgado,6,reviewed,
ES,otorgar,Indicativo,Futuro perfecto,tú,habrás otorgado,6,reviewed,
ES,otorgar,Indicativo,Futuro perfecto,él,habrá otorgado,6,reviewed,
ES,otorgar,Indicativo,Futuro perfecto,nosotros,habremos otorgado,6,reviewed,
ES,otorgar,Indicativo,Futuro perfecto,vosotros,habréis otorgado,6,reviewed,
ES,otorgar,Indicativo,Futuro perfecto,ellos,habrán otorgado,6,reviewed,
ES,otorgar,Subjuntivo,Subjuntivo presente,yo,otorgue,6,reviewed,
ES,otorgar,Subjuntivo,Subjuntivo presente,tú,otorgues,6,reviewed,
ES,otorgar,Subjuntivo,Subjuntivo presente,él,otorgue,6,reviewed,
ES,otorgar,Subjuntivo,Subjuntivo presente,nosotros,otorguemos,6,reviewed,
ES,otorgar,Subjuntivo,Subjuntivo presente,vosotros,otorguéis,6,reviewed,
ES,otorgar,Subjuntivo,Subjuntivo presente,ellos,otorguen,6,reviewed,
ES,otorgar,Indicativo,Pretérito perfecto simple,yo,otorgué,6,reviewed,
ES,otorgar,Indicativo,Pretérito perfecto simple,tú,otorgaste,6,reviewed,
ES,otorgar,Indicativo,Pretérito perfecto simple,él,otorgó,6,reviewed,
ES,otorgar,Indicativo,Pretérito perfecto simple,nosotros,otorgamos,6,reviewed,
ES,otorgar,Indicativo,Pretérito perfecto simple,vosotros,otorgasteis,6,reviewed,
ES,otorgar,Indicativo,Pretérito perfecto simple,ellos,otorgaron,6,reviewed,
ES,otorgar,Indicativo,Pretérito pluscuamperfecto,yo,había otorgado,6,reviewed,
ES,otorgar,Indicativo,Pretérito pluscuamperfecto,tú,habías otorgado,6,reviewed,
ES,otorgar,Indicativo,Pretérito pluscuamperfecto,él,había otorgado,6,reviewed,
ES,otorgar,Indicativo,Pretérito pluscuamperfecto,nosotros,habíamos otorgado,6,reviewed,
ES,otorgar,Indicativo,Pretérito pluscuamperfecto,vosotros,habíais otorgado,6,reviewed,
ES,otorgar,Indicativo,Pretérito pluscuamperfecto,ellos,habían otorgado,6,reviewed,
ES,proceder,Indicativo,Presente,yo,procedo,6,reviewed,
ES,proceder,Indicativo,Presente,tú,procedes,6,reviewed,
ES,proceder,Indicativo,Presente,él,procede,6,reviewed,
ES,proceder,Indicativo,Presente,nosotros,procedemos,6,reviewed,
ES,proceder,Indicativo,Presente,vosotros,procedéis,6,reviewed,
ES,proceder,Indicativo,Presente,ellos,proceden,6,reviewed,
ES,proceder,Indicativo,Futuro,yo,procederé,6,reviewed,
ES,proceder,Indicativo,Futuro,tú,procederás,6,reviewed,
ES,proceder,Indicativo,Futuro,él,procederá,6,reviewed,
ES,proceder,Indicativo,Futuro,nosotros,procederemos,6,reviewed,
ES,proceder,Indicativo,Futuro,vosotros,procederéis,6,reviewed,
ES,proceder,Indicativo,Futuro,ellos,procederán,6,reviewed,
ES,proceder,Indicativo,Pretérito perfecto compuesto,yo,he procedido,6,reviewed,
ES,proceder,Indicativo,Pretérito perfecto compuesto,tú,has procedido,6,reviewed,
ES,proceder,Indicativo,Pretérito perfecto compuesto,él,ha procedido,6,reviewed,
ES,proceder,Indicativo,Pretérito perfecto compuesto,nosotros,hemos procedido,6,reviewed,
ES,proceder,Indicativo,Pretérito perfecto compuesto,vosotros,habéis procedido,6,reviewed,
ES,proceder,Indicativo,Pretérito perfecto compuesto,ellos,han procedido,6,reviewed,
ES,proceder,Indicativo,Pretérito imperfecto,yo,procedía,6,reviewed,
ES,proceder,Indicativo,Pretérito imperfecto,tú,procedías,6,reviewed,
ES,proceder,Indicativo,Pretérito imperfecto,él,procedía,6,reviewed,
ES,proceder,Indicativo,Pretérito imperfecto,nosotros,procedíamos,6,reviewed,
ES,proceder,Indicativo,Pretérito imperfecto,vosotros,procedíais,6,reviewed,
ES,proceder,Indicativo,Pretérito imperfecto,ellos,procedían,6,reviewed,
ES,proceder,Condicional,Condicional,yo,procedería,6,reviewed,
ES,proceder,Condicional,Condicional,tú,procederías,6,reviewed,
ES,proceder,Condicional,Condicional,él,procedería,6,reviewed,
ES,proceder,Condicional,Condicional,nosotros,procederíamos,6,reviewed,
ES,proceder,Condicional,Condicional,vosotros,procederíais,6,reviewed,
ES,proceder,Condicional,Condicional,ellos,procederían,6,reviewed,
ES,proceder,Imperativo,Imperativo,yo,-,6,reviewed,yo imperative placeholder -; no standard form
ES,proceder,Imperativo,Imperativo,tú,procede,6,reviewed,
ES,proceder,Imperativo,Imperativo,él,proceda,6,reviewed,
ES,proceder,Imperativo,Imperativo,nosotros,procedamos,6,reviewed,
ES,proceder,Imperativo,Imperativo,vosotros,proceded,6,reviewed,
ES,proceder,Imperativo,Imperativo,ellos,procedan,6,reviewed,
ES,proceder,Indicativo,Futuro perfecto,yo,habré procedido,6,reviewed,
ES,proceder,Indicativo,Futuro perfecto,tú,habrás procedido,6,reviewed,
ES,proceder,Indicativo,Futuro perfecto,él,habrá procedido,6,reviewed,
ES,proceder,Indicativo,Futuro perfecto,nosotros,habremos procedido,6,reviewed,
ES,proceder,Indicativo,Futuro perfecto,vosotros,habréis procedido,6,reviewed,
ES,proceder,Indicativo,Futuro perfecto,ellos,habrán procedido,6,reviewed,
ES,proceder,Subjuntivo,Subjuntivo presente,yo,proceda,6,reviewed,
ES,proceder,Subjuntivo,Subjuntivo presente,tú,procedas,6,reviewed,
ES,proceder,Subjuntivo,Subjuntivo presente,él,proceda,6,reviewed,
ES,proceder,Subjuntivo,Subjuntivo presente,nosotros,procedamos,6,reviewed,
ES,proceder,Subjuntivo,Subjuntivo presente,vosotros,procedáis,6,reviewed,
ES,proceder,Subjuntivo,Subjuntivo presente,ellos,procedan,6,reviewed,
ES,proceder,Indicativo,Pretérito perfecto simple,yo,procedí,6,reviewed,
ES,proceder,Indicativo,Pretérito perfecto simple,tú,procediste,6,reviewed,
ES,proceder,Indicativo,Pretérito perfecto simple,él,procedió,6,reviewed,
ES,proceder,Indicativo,Pretérito perfecto simple,nosotros,procedimos,6,reviewed,
ES,proceder,Indicativo,Pretérito perfecto simple,vosotros,procedisteis,6,reviewed,
ES,proceder,Indicativo,Pretérito perfecto simple,ellos,procedieron,6,reviewed,
ES,proceder,Indicativo,Pretérito pluscuamperfecto,yo,había procedido,6,reviewed,
ES,proceder,Indicativo,Pretérito pluscuamperfecto,tú,habías procedido,6,reviewed,
ES,proceder,Indicativo,Pretérito pluscuamperfecto,él,había procedido,6,reviewed,
ES,proceder,Indicativo,Pretérito pluscuamperfecto,nosotros,habíamos procedido,6,reviewed,
ES,proceder,Indicativo,Pretérito pluscuamperfecto,vosotros,habíais procedido,6,reviewed,
ES,proceder,Indicativo,Pretérito pluscuamperfecto,ellos,habían procedido,6,reviewed,
ES,convencer,Indicativo,Presente,yo,convenzo,6,reviewed,
ES,convencer,Indicativo,Presente,tú,convences,6,reviewed,
ES,convencer,Indicativo,Presente,él,convence,6,reviewed,
ES,convencer,Indicativo,Presente,nosotros,convencemos,6,reviewed,
ES,convencer,Indicativo,Presente,vosotros,convencéis,6,reviewed,
ES,convencer,Indicativo,Presente,ellos,convencen,6,reviewed,
ES,convencer,Indicativo,Futuro,yo,convenceré,6,reviewed,
ES,convencer,Indicativo,Futuro,tú,convencerás,6,reviewed,
ES,convencer,Indicativo,Futuro,él,convencerá,6,reviewed,
ES,convencer,Indicativo,Futuro,nosotros,convenceremos,6,reviewed,
ES,convencer,Indicativo,Futuro,vosotros,convenceréis,6,reviewed,
ES,convencer,Indicativo,Futuro,ellos,convencerán,6,reviewed,
ES,convencer,Indicativo,Pretérito perfecto compuesto,yo,he convencido,6,reviewed,
ES,convencer,Indicativo,Pretérito perfecto compuesto,tú,has convencido,6,reviewed,
ES,convencer,Indicativo,Pretérito perfecto compuesto,él,ha convencido,6,reviewed,
ES,convencer,Indicativo,Pretérito perfecto compuesto,nosotros,hemos convencido,6,reviewed,
ES,convencer,Indicativo,Pretérito perfecto compuesto,vosotros,habéis convencido,6,reviewed,
ES,convencer,Indicativo,Pretérito perfecto compuesto,ellos,han convencido,6,reviewed,
ES,convencer,Indicativo,Pretérito imperfecto,yo,convencía,6,reviewed,
ES,convencer,Indicativo,Pretérito imperfecto,tú,convencías,6,reviewed,
ES,convencer,Indicativo,Pretérito imperfecto,él,convencía,6,reviewed,
ES,convencer,Indicativo,Pretérito imperfecto,nosotros,convencíamos,6,reviewed,
ES,convencer,Indicativo,Pretérito imperfecto,vosotros,convencíais,6,reviewed,
ES,convencer,Indicativo,Pretérito imperfecto,ellos,convencían,6,reviewed,
ES,convencer,Condicional,Condicional,yo,convencería,6,reviewed,
ES,convencer,Condicional,Condicional,tú,convencerías,6,reviewed,
ES,convencer,Condicional,Condicional,él,convencería,6,reviewed,
ES,convencer,Condicional,Condicional,nosotros,convenceríamos,6,reviewed,
ES,convencer,Condicional,Condicional,vosotros,convenceríais,6,reviewed,
ES,convencer,Condicional,Condicional,ellos,convencerían,6,reviewed,
ES,convencer,Imperativo,Imperativo,yo,-,6,reviewed,yo imperative placeholder -; no standard form
ES,convencer,Imperativo,Imperativo,tú,convence,6,reviewed,
ES,convencer,Imperativo,Imperativo,él,convenza,6,reviewed,
ES,convencer,Imperativo,Imperativo,nosotros,convenzamos,6,reviewed,
ES,convencer,Imperativo,Imperativo,vosotros,convenced,6,reviewed,
ES,convencer,Imperativo,Imperativo,ellos,convenzan,6,reviewed,
ES,convencer,Indicativo,Futuro perfecto,yo,habré convencido,6,reviewed,
ES,convencer,Indicativo,Futuro perfecto,tú,habrás convencido,6,reviewed,
ES,convencer,Indicativo,Futuro perfecto,él,habrá convencido,6,reviewed,
ES,convencer,Indicativo,Futuro perfecto,nosotros,habremos convencido,6,reviewed,
ES,convencer,Indicativo,Futuro perfecto,vosotros,habréis convencido,6,reviewed,
ES,convencer,Indicativo,Futuro perfecto,ellos,habrán convencido,6,reviewed,
ES,convencer,Subjuntivo,Subjuntivo presente,yo,convenza,6,reviewed,
ES,convencer,Subjuntivo,Subjuntivo presente,tú,convenzas,6,reviewed,
ES,convencer,Subjuntivo,Subjuntivo presente,él,convenza,6,reviewed,
ES,convencer,Subjuntivo,Subjuntivo presente,nosotros,convenzamos,6,reviewed,
ES,convencer,Subjuntivo,Subjuntivo presente,vosotros,convenzáis,6,reviewed,
ES,convencer,Subjuntivo,Subjuntivo presente,ellos,convenzan,6,reviewed,
ES,convencer,Indicativo,Pretérito perfecto simple,yo,convencí,6,reviewed,
ES,convencer,Indicativo,Pretérito perfecto simple,tú,convenciste,6,reviewed,
ES,convencer,Indicativo,Pretérito perfecto simple,él,convenció,6,reviewed,
ES,convencer,Indicativo,Pretérito perfecto simple,nosotros,convencimos,6,reviewed,
ES,convencer,Indicativo,Pretérito perfecto simple,vosotros,convencisteis,6,reviewed,
ES,convencer,Indicativo,Pretérito perfecto simple,ellos,convencieron,6,reviewed,
ES,convencer,Indicativo,Pretérito pluscuamperfecto,yo,había convencido,6,reviewed,
ES,convencer,Indicativo,Pretérito pluscuamperfecto,tú,habías convencido,6,reviewed,
ES,convencer,Indicativo,Pretérito pluscuamperfecto,él,había convencido,6,reviewed,
ES,convencer,Indicativo,Pretérito pluscuamperfecto,nosotros,habíamos convencido,6,reviewed,
ES,convencer,Indicativo,Pretérito pluscuamperfecto,vosotros,habíais convencido,6,reviewed,
ES,convencer,Indicativo,Pretérito pluscuamperfecto,ellos,habían convencido,6,reviewed,
ES,alejar,Indicativo,Presente,yo,alejo,6,reviewed,
ES,alejar,Indicativo,Presente,tú,alejas,6,reviewed,
ES,alejar,Indicativo,Presente,él,aleja,6,reviewed,
ES,alejar,Indicativo,Presente,nosotros,alejamos,6,reviewed,
ES,alejar,Indicativo,Presente,vosotros,alejáis,6,reviewed,
ES,alejar,Indicativo,Presente,ellos,alejan,6,reviewed,
ES,alejar,Indicativo,Futuro,yo,alejaré,6,reviewed,
ES,alejar,Indicativo,Futuro,tú,alejarás,6,reviewed,
ES,alejar,Indicativo,Futuro,él,alejará,6,reviewed,
ES,alejar,Indicativo,Futuro,nosotros,alejaremos,6,reviewed,
ES,alejar,Indicativo,Futuro,vosotros,alejaréis,6,reviewed,
ES,alejar,Indicativo,Futuro,ellos,alejarán,6,reviewed,
ES,alejar,Indicativo,Pretérito perfecto compuesto,yo,he alejado,6,reviewed,
ES,alejar,Indicativo,Pretérito perfecto compuesto,tú,has alejado,6,reviewed,
ES,alejar,Indicativo,Pretérito perfecto compuesto,él,ha alejado,6,reviewed,
ES,alejar,Indicativo,Pretérito perfecto compuesto,nosotros,hemos alejado,6,reviewed,
ES,alejar,Indicativo,Pretérito perfecto compuesto,vosotros,habéis alejado,6,reviewed,
ES,alejar,Indicativo,Pretérito perfecto compuesto,ellos,han alejado,6,reviewed,
ES,alejar,Indicativo,Pretérito imperfecto,yo,alejaba,6,reviewed,
ES,alejar,Indicativo,Pretérito imperfecto,tú,alejabas,6,reviewed,
ES,alejar,Indicativo,Pretérito imperfecto,él,alejaba,6,reviewed,
ES,alejar,Indicativo,Pretérito imperfecto,nosotros,alejábamos,6,reviewed,
ES,alejar,Indicativo,Pretérito imperfecto,vosotros,alejabais,6,reviewed,
ES,alejar,Indicativo,Pretérito imperfecto,ellos,alejaban,6,reviewed,
ES,alejar,Condicional,Condicional,yo,alejaría,6,reviewed,
ES,alejar,Condicional,Condicional,tú,alejarías,6,reviewed,
ES,alejar,Condicional,Condicional,él,alejaría,6,reviewed,
ES,alejar,Condicional,Condicional,nosotros,alejaríamos,6,reviewed,
ES,alejar,Condicional,Condicional,vosotros,alejaríais,6,reviewed,
ES,alejar,Condicional,Condicional,ellos,alejarían,6,reviewed,
ES,alejar,Imperativo,Imperativo,yo,-,6,reviewed,yo imperative placeholder -; no standard form
ES,alejar,Imperativo,Imperativo,tú,aleja,6,reviewed,
ES,alejar,Imperativo,Imperativo,él,aleje,6,reviewed,
ES,alejar,Imperativo,Imperativo,nosotros,alejemos,6,reviewed,
ES,alejar,Imperativo,Imperativo,vosotros,alejad,6,reviewed,
ES,alejar,Imperativo,Imperativo,ellos,alejen,6,reviewed,
ES,alejar,Indicativo,Futuro perfecto,yo,habré alejado,6,reviewed,
ES,alejar,Indicativo,Futuro perfecto,tú,habrás alejado,6,reviewed,
ES,alejar,Indicativo,Futuro perfecto,él,habrá alejado,6,reviewed,
ES,alejar,Indicativo,Futuro perfecto,nosotros,habremos alejado,6,reviewed,
ES,alejar,Indicativo,Futuro perfecto,vosotros,habréis alejado,6,reviewed,
ES,alejar,Indicativo,Futuro perfecto,ellos,habrán alejado,6,reviewed,
ES,alejar,Subjuntivo,Subjuntivo presente,yo,aleje,6,reviewed,
ES,alejar,Subjuntivo,Subjuntivo presente,tú,alejes,6,reviewed,
ES,alejar,Subjuntivo,Subjuntivo presente,él,aleje,6,reviewed,
ES,alejar,Subjuntivo,Subjuntivo presente,nosotros,alejemos,6,reviewed,
ES,alejar,Subjuntivo,Subjuntivo presente,vosotros,alejéis,6,reviewed,
ES,alejar,Subjuntivo,Subjuntivo presente,ellos,alejen,6,reviewed,
ES,alejar,Indicativo,Pretérito perfecto simple,yo,alejé,6,reviewed,
ES,alejar,Indicativo,Pretérito perfecto simple,tú,alejaste,6,reviewed,
ES,alejar,Indicativo,Pretérito perfecto simple,él,alejó,6,reviewed,
ES,alejar,Indicativo,Pretérito perfecto simple,nosotros,alejamos,6,reviewed,
ES,alejar,Indicativo,Pretérito perfecto simple,vosotros,alejasteis,6,reviewed,
ES,alejar,Indicativo,Pretérito perfecto simple,ellos,alejaron,6,reviewed,
ES,alejar,Indicativo,Pretérito pluscuamperfecto,yo,había alejado,6,reviewed,
ES,alejar,Indicativo,Pretérito pluscuamperfecto,tú,habías alejado,6,reviewed,
ES,alejar,Indicativo,Pretérito pluscuamperfecto,él,había alejado,6,reviewed,
ES,alejar,Indicativo,Pretérito pluscuamperfecto,nosotros,habíamos alejado,6,reviewed,
ES,alejar,Indicativo,Pretérito pluscuamperfecto,vosotros,habíais alejado,6,reviewed,
ES,alejar,Indicativo,Pretérito pluscuamperfecto,ellos,habían alejado,6,reviewed,
ES,apartar,Indicativo,Presente,yo,aparto,6,reviewed,
ES,apartar,Indicativo,Presente,tú,apartas,6,reviewed,
ES,apartar,Indicativo,Presente,él,aparta,6,reviewed,
ES,apartar,Indicativo,Presente,nosotros,apartamos,6,reviewed,
ES,apartar,Indicativo,Presente,vosotros,apartáis,6,reviewed,
ES,apartar,Indicativo,Presente,ellos,apartan,6,reviewed,
ES,apartar,Indicativo,Futuro,yo,apartaré,6,reviewed,
ES,apartar,Indicativo,Futuro,tú,apartarás,6,reviewed,
ES,apartar,Indicativo,Futuro,él,apartará,6,reviewed,
ES,apartar,Indicativo,Futuro,nosotros,apartaremos,6,reviewed,
ES,apartar,Indicativo,Futuro,vosotros,apartaréis,6,reviewed,
ES,apartar,Indicativo,Futuro,ellos,apartarán,6,reviewed,
ES,apartar,Indicativo,Pretérito perfecto compuesto,yo,he apartado,6,reviewed,
ES,apartar,Indicativo,Pretérito perfecto compuesto,tú,has apartado,6,reviewed,
ES,apartar,Indicativo,Pretérito perfecto compuesto,él,ha apartado,6,reviewed,
ES,apartar,Indicativo,Pretérito perfecto compuesto,nosotros,hemos apartado,6,reviewed,
ES,apartar,Indicativo,Pretérito perfecto compuesto,vosotros,habéis apartado,6,reviewed,
ES,apartar,Indicativo,Pretérito perfecto compuesto,ellos,han apartado,6,reviewed,
ES,apartar,Indicativo,Pretérito imperfecto,yo,apartaba,6,reviewed,
ES,apartar,Indicativo,Pretérito imperfecto,tú,apartabas,6,reviewed,
ES,apartar,Indicativo,Pretérito imperfecto,él,apartaba,6,reviewed,
ES,apartar,Indicativo,Pretérito imperfecto,nosotros,apartábamos,6,reviewed,
ES,apartar,Indicativo,Pretérito imperfecto,vosotros,apartabais,6,reviewed,
ES,apartar,Indicativo,Pretérito imperfecto,ellos,apartaban,6,reviewed,
ES,apartar,Condicional,Condicional,yo,apartaría,6,reviewed,
ES,apartar,Condicional,Condicional,tú,apartarías,6,reviewed,
ES,apartar,Condicional,Condicional,él,apartaría,6,reviewed,
ES,apartar,Condicional,Condicional,nosotros,apartaríamos,6,reviewed,
ES,apartar,Condicional,Condicional,vosotros,apartaríais,6,reviewed,
ES,apartar,Condicional,Condicional,ellos,apartarían,6,reviewed,
ES,apartar,Imperativo,Imperativo,yo,-,6,reviewed,yo imperative placeholder -; no standard form
ES,apartar,Imperativo,Imperativo,tú,aparta,6,reviewed,
ES,apartar,Imperativo,Imperativo,él,aparte,6,reviewed,
ES,apartar,Imperativo,Imperativo,nosotros,apartemos,6,reviewed,
ES,apartar,Imperativo,Imperativo,vosotros,apartad,6,reviewed,
ES,apartar,Imperativo,Imperativo,ellos,aparten,6,reviewed,
ES,apartar,Indicativo,Futuro perfecto,yo,habré apartado,6,reviewed,
ES,apartar,Indicativo,Futuro perfecto,tú,habrás apartado,6,reviewed,
ES,apartar,Indicativo,Futuro perfecto,él,habrá apartado,6,reviewed,
ES,apartar,Indicativo,Futuro perfecto,nosotros,habremos apartado,6,reviewed,
ES,apartar,Indicativo,Futuro perfecto,vosotros,habréis apartado,6,reviewed,
ES,apartar,Indicativo,Futuro perfecto,ellos,habrán apartado,6,reviewed,
ES,apartar,Subjuntivo,Subjuntivo presente,yo,aparte,6,reviewed,
ES,apartar,Subjuntivo,Subjuntivo presente,tú,apartes,6,reviewed,
ES,apartar,Subjuntivo,Subjuntivo presente,él,aparte,6,reviewed,
ES,apartar,Subjuntivo,Subjuntivo presente,nosotros,apartemos,6,reviewed,
ES,apartar,Subjuntivo,Subjuntivo presente,vosotros,apartéis,6,reviewed,
ES,apartar,Subjuntivo,Subjuntivo presente,ellos,aparten,6,reviewed,
ES,apartar,Indicativo,Pretérito perfecto simple,yo,aparté,6,reviewed,
ES,apartar,Indicativo,Pretérito perfecto simple,tú,apartaste,6,reviewed,
ES,apartar,Indicativo,Pretérito perfecto simple,él,apartó,6,reviewed,
ES,apartar,Indicativo,Pretérito perfecto simple,nosotros,apartamos,6,reviewed,
ES,apartar,Indicativo,Pretérito perfecto simple,vosotros,apartasteis,6,reviewed,
ES,apartar,Indicativo,Pretérito perfecto simple,ellos,apartaron,6,reviewed,
ES,apartar,Indicativo,Pretérito pluscuamperfecto,yo,había apartado,6,reviewed,
ES,apartar,Indicativo,Pretérito pluscuamperfecto,tú,habías apartado,6,reviewed,
ES,apartar,Indicativo,Pretérito pluscuamperfecto,él,había apartado,6,reviewed,
ES,apartar,Indicativo,Pretérito pluscuamperfecto,nosotros,habíamos apartado,6,reviewed,
ES,apartar,Indicativo,Pretérito pluscuamperfecto,vosotros,habíais apartado,6,reviewed,
ES,apartar,Indicativo,Pretérito pluscuamperfecto,ellos,habían apartado,6,reviewed,
ES,llevar,Indicativo,Presente,yo,llevo,6,reviewed,
ES,llevar,Indicativo,Presente,tú,llevas,6,reviewed,
ES,llevar,Indicativo,Presente,él,lleva,6,reviewed,
ES,llevar,Indicativo,Presente,nosotros,llevamos,6,reviewed,
ES,llevar,Indicativo,Presente,vosotros,lleváis,6,reviewed,
ES,llevar,Indicativo,Presente,ellos,llevan,6,reviewed,
ES,llevar,Indicativo,Futuro,yo,llevaré,6,reviewed,
ES,llevar,Indicativo,Futuro,tú,llevarás,6,reviewed,
ES,llevar,Indicativo,Futuro,él,llevará,6,reviewed,
ES,llevar,Indicativo,Futuro,nosotros,llevaremos,6,reviewed,
ES,llevar,Indicativo,Futuro,vosotros,llevaréis,6,reviewed,
ES,llevar,Indicativo,Futuro,ellos,llevarán,6,reviewed,
ES,llevar,Indicativo,Pretérito perfecto compuesto,yo,he llevado,6,reviewed,
ES,llevar,Indicativo,Pretérito perfecto compuesto,tú,has llevado,6,reviewed,
ES,llevar,Indicativo,Pretérito perfecto compuesto,él,ha llevado,6,reviewed,
ES,llevar,Indicativo,Pretérito perfecto compuesto,nosotros,hemos llevado,6,reviewed,
ES,llevar,Indicativo,Pretérito perfecto compuesto,vosotros,habéis llevado,6,reviewed,
ES,llevar,Indicativo,Pretérito perfecto compuesto,ellos,han llevado,6,reviewed,
ES,llevar,Indicativo,Pretérito imperfecto,yo,llevaba,6,reviewed,
ES,llevar,Indicativo,Pretérito imperfecto,tú,llevabas,6,reviewed,
ES,llevar,Indicativo,Pretérito imperfecto,él,llevaba,6,reviewed,
ES,llevar,Indicativo,Pretérito imperfecto,nosotros,llevábamos,6,reviewed,
ES,llevar,Indicativo,Pretérito imperfecto,vosotros,llevabais,6,reviewed,
ES,llevar,Indicativo,Pretérito imperfecto,ellos,llevaban,6,reviewed,
ES,llevar,Condicional,Condicional,yo,llevaría,6,reviewed,
ES,llevar,Condicional,Condicional,tú,llevarías,6,reviewed,
ES,llevar,Condicional,Condicional,él,llevaría,6,reviewed,
ES,llevar,Condicional,Condicional,nosotros,llevaríamos,6,reviewed,
ES,llevar,Condicional,Condicional,vosotros,llevaríais,6,reviewed,
ES,llevar,Condicional,Condicional,ellos,llevarían,6,reviewed,
ES,llevar,Imperativo,Imperativo,yo,-,6,reviewed,yo imperative placeholder -; no standard form
ES,llevar,Imperativo,Imperativo,tú,lleva,6,reviewed,
ES,llevar,Imperativo,Imperativo,él,lleve,6,reviewed,
ES,llevar,Imperativo,Imperativo,nosotros,llevemos,6,reviewed,
ES,llevar,Imperativo,Imperativo,vosotros,llevad,6,reviewed,
ES,llevar,Imperativo,Imperativo,ellos,lleven,6,reviewed,
ES,llevar,Indicativo,Futuro perfecto,yo,habré llevado,6,reviewed,
ES,llevar,Indicativo,Futuro perfecto,tú,habrás llevado,6,reviewed,
ES,llevar,Indicativo,Futuro perfecto,él,habrá llevado,6,reviewed,
ES,llevar,Indicativo,Futuro perfecto,nosotros,habremos llevado,6,reviewed,
ES,llevar,Indicativo,Futuro perfecto,vosotros,habréis llevado,6,reviewed,
ES,llevar,Indicativo,Futuro perfecto,ellos,habrán llevado,6,reviewed,
ES,llevar,Subjuntivo,Subjuntivo presente,yo,lleve,6,reviewed,
ES,llevar,Subjuntivo,Subjuntivo presente,tú,lleves,6,reviewed,
ES,llevar,Subjuntivo,Subjuntivo presente,él,lleve,6,reviewed,
ES,llevar,Subjuntivo,Subjuntivo presente,nosotros,llevemos,6,reviewed,
ES,llevar,Subjuntivo,Subjuntivo presente,vosotros,llevéis,6,reviewed,
ES,llevar,Subjuntivo,Subjuntivo presente,ellos,lleven,6,reviewed,
ES,llevar,Indicativo,Pretérito perfecto simple,yo,llevé,6,reviewed,
ES,llevar,Indicativo,Pretérito perfecto simple,tú,llevaste,6,reviewed,
ES,llevar,Indicativo,Pretérito perfecto simple,él,llevó,6,reviewed,
ES,llevar,Indicativo,Pretérito perfecto simple,nosotros,llevamos,6,reviewed,
ES,llevar,Indicativo,Pretérito perfecto simple,vosotros,llevasteis,6,reviewed,
ES,llevar,Indicativo,Pretérito perfecto simple,ellos,llevaron,6,reviewed,
ES,llevar,Indicativo,Pretérito pluscuamperfecto,yo,había llevado,6,reviewed,
ES,llevar,Indicativo,Pretérito pluscuamperfecto,tú,habías llevado,6,reviewed,
ES,llevar,Indicativo,Pretérito pluscuamperfecto,él,había llevado,6,reviewed,
ES,llevar,Indicativo,Pretérito pluscuamperfecto,nosotros,habíamos llevado,6,reviewed,
ES,llevar,Indicativo,Pretérito pluscuamperfecto,vosotros,habíais llevado,6,reviewed,
ES,llevar,Indicativo,Pretérito pluscuamperfecto,ellos,habían llevado,6,reviewed,
ES,introducir,Indicativo,Presente,yo,introduzco,6,reviewed,
ES,introducir,Indicativo,Presente,tú,introduces,6,reviewed,
ES,introducir,Indicativo,Presente,él,introduce,6,reviewed,
ES,introducir,Indicativo,Presente,nosotros,introducimos,6,reviewed,
ES,introducir,Indicativo,Presente,vosotros,introducís,6,reviewed,
ES,introducir,Indicativo,Presente,ellos,introducen,6,reviewed,
ES,introducir,Indicativo,Futuro,yo,introduciré,6,reviewed,
ES,introducir,Indicativo,Futuro,tú,introducirás,6,reviewed,
ES,introducir,Indicativo,Futuro,él,introducirá,6,reviewed,
ES,introducir,Indicativo,Futuro,nosotros,introduciremos,6,reviewed,
ES,introducir,Indicativo,Futuro,vosotros,introduciréis,6,reviewed,
ES,introducir,Indicativo,Futuro,ellos,introducirán,6,reviewed,
ES,introducir,Indicativo,Pretérito perfecto compuesto,yo,he introducido,6,reviewed,
ES,introducir,Indicativo,Pretérito perfecto compuesto,tú,has introducido,6,reviewed,
ES,introducir,Indicativo,Pretérito perfecto compuesto,él,ha introducido,6,reviewed,
ES,introducir,Indicativo,Pretérito perfecto compuesto,nosotros,hemos introducido,6,reviewed,
ES,introducir,Indicativo,Pretérito perfecto compuesto,vosotros,habéis introducido,6,reviewed,
ES,introducir,Indicativo,Pretérito perfecto compuesto,ellos,han introducido,6,reviewed,
ES,introducir,Indicativo,Pretérito imperfecto,yo,introducía,6,reviewed,
ES,introducir,Indicativo,Pretérito imperfecto,tú,introducías,6,reviewed,
ES,introducir,Indicativo,Pretérito imperfecto,él,introducía,6,reviewed,
ES,introducir,Indicativo,Pretérito imperfecto,nosotros,introducíamos,6,reviewed,
ES,introducir,Indicativo,Pretérito imperfecto,vosotros,introducíais,6,reviewed,
ES,introducir,Indicativo,Pretérito imperfecto,ellos,introducían,6,reviewed,
ES,introducir,Condicional,Condicional,yo,introduciría,6,reviewed,
ES,introducir,Condicional,Condicional,tú,introducirías,6,reviewed,
ES,introducir,Condicional,Condicional,él,introduciría,6,reviewed,
ES,introducir,Condicional,Condicional,nosotros,introduciríamos,6,reviewed,
ES,introducir,Condicional,Condicional,vosotros,introduciríais,6,reviewed,
ES,introducir,Condicional,Condicional,ellos,introducirían,6,reviewed,
ES,introducir,Imperativo,Imperativo,yo,-,6,reviewed,yo imperative placeholder -; no standard form
ES,introducir,Imperativo,Imperativo,tú,introduce,6,reviewed,
ES,introducir,Imperativo,Imperativo,él,introduzca,6,reviewed,
ES,introducir,Imperativo,Imperativo,nosotros,introduzcamos,6,reviewed,
ES,introducir,Imperativo,Imperativo,vosotros,introducid,6,reviewed,
ES,introducir,Imperativo,Imperativo,ellos,introduzcan,6,reviewed,
ES,introducir,Indicativo,Futuro perfecto,yo,habré introducido,6,reviewed,
ES,introducir,Indicativo,Futuro perfecto,tú,habrás introducido,6,reviewed,
ES,introducir,Indicativo,Futuro perfecto,él,habrá introducido,6,reviewed,
ES,introducir,Indicativo,Futuro perfecto,nosotros,habremos introducido,6,reviewed,
ES,introducir,Indicativo,Futuro perfecto,vosotros,habréis introducido,6,reviewed,
ES,introducir,Indicativo,Futuro perfecto,ellos,habrán introducido,6,reviewed,
ES,introducir,Subjuntivo,Subjuntivo presente,yo,introduzca,6,reviewed,
ES,introducir,Subjuntivo,Subjuntivo presente,tú,introduzcas,6,reviewed,
ES,introducir,Subjuntivo,Subjuntivo presente,él,introduzca,6,reviewed,
ES,introducir,Subjuntivo,Subjuntivo presente,nosotros,introduzcamos,6,reviewed,
ES,introducir,Subjuntivo,Subjuntivo presente,vosotros,introduzcáis,6,reviewed,
ES,introducir,Subjuntivo,Subjuntivo presente,ellos,introduzcan,6,reviewed,
ES,introducir,Indicativo,Pretérito perfecto simple,yo,introduje,6,reviewed,
ES,introducir,Indicativo,Pretérito perfecto simple,tú,introdujiste,6,reviewed,
ES,introducir,Indicativo,Pretérito perfecto simple,él,introdujo,6,reviewed,
ES,introducir,Indicativo,Pretérito perfecto simple,nosotros,introdujimos,6,reviewed,
ES,introducir,Indicativo,Pretérito perfecto simple,vosotros,introdujisteis,6,reviewed,
ES,introducir,Indicativo,Pretérito perfecto simple,ellos,introdujeron,6,reviewed,
ES,introducir,Indicativo,Pretérito pluscuamperfecto,yo,había introducido,6,reviewed,
ES,introducir,Indicativo,Pretérito pluscuamperfecto,tú,habías introducido,6,reviewed,
ES,introducir,Indicativo,Pretérito pluscuamperfecto,él,había introducido,6,reviewed,
ES,introducir,Indicativo,Pretérito pluscuamperfecto,nosotros,habíamos introducido,6,reviewed,
ES,introducir,Indicativo,Pretérito pluscuamperfecto,vosotros,habíais introducido,6,reviewed,
ES,introducir,Indicativo,Pretérito pluscuamperfecto,ellos,habían introducido,6,reviewed,
ES,aumentar,Indicativo,Presente,yo,aumento,6,reviewed,
ES,aumentar,Indicativo,Presente,tú,aumentas,6,reviewed,
ES,aumentar,Indicativo,Presente,él,aumenta,6,reviewed,
ES,aumentar,Indicativo,Presente,nosotros,aumentamos,6,reviewed,
ES,aumentar,Indicativo,Presente,vosotros,aumentáis,6,reviewed,
ES,aumentar,Indicativo,Presente,ellos,aumentan,6,reviewed,
ES,aumentar,Indicativo,Futuro,yo,aumentaré,6,reviewed,
ES,aumentar,Indicativo,Futuro,tú,aumentarás,6,reviewed,
ES,aumentar,Indicativo,Futuro,él,aumentará,6,reviewed,
ES,aumentar,Indicativo,Futuro,nosotros,aumentaremos,6,reviewed,
ES,aumentar,Indicativo,Futuro,vosotros,aumentaréis,6,reviewed,
ES,aumentar,Indicativo,Futuro,ellos,aumentarán,6,reviewed,
ES,aumentar,Indicativo,Pretérito perfecto compuesto,yo,he aumentado,6,reviewed,
ES,aumentar,Indicativo,Pretérito perfecto compuesto,tú,has aumentado,6,reviewed,
ES,aumentar,Indicativo,Pretérito perfecto compuesto,él,ha aumentado,6,reviewed,
ES,aumentar,Indicativo,Pretérito perfecto compuesto,nosotros,hemos aumentado,6,reviewed,
ES,aumentar,Indicativo,Pretérito perfecto compuesto,vosotros,habéis aumentado,6,reviewed,
ES,aumentar,Indicativo,Pretérito perfecto compuesto,ellos,han aumentado,6,reviewed,
ES,aumentar,Indicativo,Pretérito imperfecto,yo,aumentaba,6,reviewed,
ES,aumentar,Indicativo,Pretérito imperfecto,tú,aumentabas,6,reviewed,
ES,aumentar,Indicativo,Pretérito imperfecto,él,aumentaba,6,reviewed,
ES,aumentar,Indicativo,Pretérito imperfecto,nosotros,aumentábamos,6,reviewed,
ES,aumentar,Indicativo,Pretérito imperfecto,vosotros,aumentabais,6,reviewed,
ES,aumentar,Indicativo,Pretérito imperfecto,ellos,aumentaban,6,reviewed,
ES,aumentar,Condicional,Condicional,yo,aumentaría,6,reviewed,
ES,aumentar,Condicional,Condicional,tú,aumentarías,6,reviewed,
ES,aumentar,Condicional,Condicional,él,aumentaría,6,reviewed,
ES,aumentar,Condicional,Condicional,nosotros,aumentaríamos,6,reviewed,
ES,aumentar,Condicional,Condicional,vosotros,aumentaríais,6,reviewed,
ES,aumentar,Condicional,Condicional,ellos,aumentarían,6,reviewed,
ES,aumentar,Imperativo,Imperativo,yo,-,6,reviewed,yo imperative placeholder -; no standard form
ES,aumentar,Imperativo,Imperativo,tú,aumenta,6,reviewed,
ES,aumentar,Imperativo,Imperativo,él,aumente,6,reviewed,
ES,aumentar,Imperativo,Imperativo,nosotros,aumentemos,6,reviewed,
ES,aumentar,Imperativo,Imperativo,vosotros,aumentad,6,reviewed,
ES,aumentar,Imperativo,Imperativo,ellos,aumenten,6,reviewed,
ES,aumentar,Indicativo,Futuro perfecto,yo,habré aumentado,6,reviewed,
ES,aumentar,Indicativo,Futuro perfecto,tú,habrás aumentado,6,reviewed,
ES,aumentar,Indicativo,Futuro perfecto,él,habrá aumentado,6,reviewed,
ES,aumentar,Indicativo,Futuro perfecto,nosotros,habremos aumentado,6,reviewed,
ES,aumentar,Indicativo,Futuro perfecto,vosotros,habréis aumentado,6,reviewed,
ES,aumentar,Indicativo,Futuro perfecto,ellos,habrán aumentado,6,reviewed,
ES,aumentar,Subjuntivo,Subjuntivo presente,yo,aumente,6,reviewed,
ES,aumentar,Subjuntivo,Subjuntivo presente,tú,aumentes,6,reviewed,
ES,aumentar,Subjuntivo,Subjuntivo presente,él,aumente,6,reviewed,
ES,aumentar,Subjuntivo,Subjuntivo presente,nosotros,aumentemos,6,reviewed,
ES,aumentar,Subjuntivo,Subjuntivo presente,vosotros,aumentéis,6,reviewed,
ES,aumentar,Subjuntivo,Subjuntivo presente,ellos,aumenten,6,reviewed,
ES,aumentar,Indicativo,Pretérito perfecto simple,yo,aumenté,6,reviewed,
ES,aumentar,Indicativo,Pretérito perfecto simple,tú,aumentaste,6,reviewed,
ES,aumentar,Indicativo,Pretérito perfecto simple,él,aumentó,6,reviewed,
ES,aumentar,Indicativo,Pretérito perfecto simple,nosotros,aumentamos,6,reviewed,
ES,aumentar,Indicativo,Pretérito perfecto simple,vosotros,aumentasteis,6,reviewed,
ES,aumentar,Indicativo,Pretérito perfecto simple,ellos,aumentaron,6,reviewed,
ES,aumentar,Indicativo,Pretérito pluscuamperfecto,yo,había aumentado,6,reviewed,
ES,aumentar,Indicativo,Pretérito pluscuamperfecto,tú,habías aumentado,6,reviewed,
ES,aumentar,Indicativo,Pretérito pluscuamperfecto,él,había aumentado,6,reviewed,
ES,aumentar,Indicativo,Pretérito pluscuamperfecto,nosotros,habíamos aumentado,6,reviewed,
ES,aumentar,Indicativo,Pretérito pluscuamperfecto,vosotros,habíais aumentado,6,reviewed,
ES,aumentar,Indicativo,Pretérito pluscuamperfecto,ellos,habían aumentado,6,reviewed,
ES,evocar,Indicativo,Presente,yo,evoco,6,reviewed,
ES,evocar,Indicativo,Presente,tú,evocas,6,reviewed,
ES,evocar,Indicativo,Presente,él,evoca,6,reviewed,
ES,evocar,Indicativo,Presente,nosotros,evocamos,6,reviewed,
ES,evocar,Indicativo,Presente,vosotros,evocáis,6,reviewed,
ES,evocar,Indicativo,Presente,ellos,evocan,6,reviewed,
ES,evocar,Indicativo,Futuro,yo,evocaré,6,reviewed,
ES,evocar,Indicativo,Futuro,tú,evocarás,6,reviewed,
ES,evocar,Indicativo,Futuro,él,evocará,6,reviewed,
ES,evocar,Indicativo,Futuro,nosotros,evocaremos,6,reviewed,
ES,evocar,Indicativo,Futuro,vosotros,evocaréis,6,reviewed,
ES,evocar,Indicativo,Futuro,ellos,evocarán,6,reviewed,
ES,evocar,Indicativo,Pretérito perfecto compuesto,yo,he evocado,6,reviewed,
ES,evocar,Indicativo,Pretérito perfecto compuesto,tú,has evocado,6,reviewed,
ES,evocar,Indicativo,Pretérito perfecto compuesto,él,ha evocado,6,reviewed,
ES,evocar,Indicativo,Pretérito perfecto compuesto,nosotros,hemos evocado,6,reviewed,
ES,evocar,Indicativo,Pretérito perfecto compuesto,vosotros,habéis evocado,6,reviewed,
ES,evocar,Indicativo,Pretérito perfecto compuesto,ellos,han evocado,6,reviewed,
ES,evocar,Indicativo,Pretérito imperfecto,yo,evocaba,6,reviewed,
ES,evocar,Indicativo,Pretérito imperfecto,tú,evocabas,6,reviewed,
ES,evocar,Indicativo,Pretérito imperfecto,él,evocaba,6,reviewed,
ES,evocar,Indicativo,Pretérito imperfecto,nosotros,evocábamos,6,reviewed,
ES,evocar,Indicativo,Pretérito imperfecto,vosotros,evocabais,6,reviewed,
ES,evocar,Indicativo,Pretérito imperfecto,ellos,evocaban,6,reviewed,
ES,evocar,Condicional,Condicional,yo,evocaría,6,reviewed,
ES,evocar,Condicional,Condicional,tú,evocarías,6,reviewed,
ES,evocar,Condicional,Condicional,él,evocaría,6,reviewed,
ES,evocar,Condicional,Condicional,nosotros,evocaríamos,6,reviewed,
ES,evocar,Condicional,Condicional,vosotros,evocaríais,6,reviewed,
ES,evocar,Condicional,Condicional,ellos,evocarían,6,reviewed,
ES,evocar,Imperativo,Imperativo,yo,-,6,reviewed,yo imperative placeholder -; no standard form
ES,evocar,Imperativo,Imperativo,tú,evoca,6,reviewed,
ES,evocar,Imperativo,Imperativo,él,evoque,6,reviewed,
ES,evocar,Imperativo,Imperativo,nosotros,evoquemos,6,reviewed,
ES,evocar,Imperativo,Imperativo,vosotros,evocad,6,reviewed,
ES,evocar,Imperativo,Imperativo,ellos,evoquen,6,reviewed,
ES,evocar,Indicativo,Futuro perfecto,yo,habré evocado,6,reviewed,
ES,evocar,Indicativo,Futuro perfecto,tú,habrás evocado,6,reviewed,
ES,evocar,Indicativo,Futuro perfecto,él,habrá evocado,6,reviewed,
ES,evocar,Indicativo,Futuro perfecto,nosotros,habremos evocado,6,reviewed,
ES,evocar,Indicativo,Futuro perfecto,vosotros,habréis evocado,6,reviewed,
ES,evocar,Indicativo,Futuro perfecto,ellos,habrán evocado,6,reviewed,
ES,evocar,Subjuntivo,Subjuntivo presente,yo,evoque,6,reviewed,
ES,evocar,Subjuntivo,Subjuntivo presente,tú,evoques,6,reviewed,
ES,evocar,Subjuntivo,Subjuntivo presente,él,evoque,6,reviewed,
ES,evocar,Subjuntivo,Subjuntivo presente,nosotros,evoquemos,6,reviewed,
ES,evocar,Subjuntivo,Subjuntivo presente,vosotros,evoquéis,6,reviewed,
ES,evocar,Subjuntivo,Subjuntivo presente,ellos,evoquen,6,reviewed,
ES,evocar,Indicativo,Pretérito perfecto simple,yo,evoqué,6,reviewed,
ES,evocar,Indicativo,Pretérito perfecto simple,tú,evocaste,6,reviewed,
ES,evocar,Indicativo,Pretérito perfecto simple,él,evocó,6,reviewed,
ES,evocar,Indicativo,Pretérito perfecto simple,nosotros,evocamos,6,reviewed,
ES,evocar,Indicativo,Pretérito perfecto simple,vosotros,evocasteis,6,reviewed,
ES,evocar,Indicativo,Pretérito perfecto simple,ellos,evocaron,6,reviewed,
ES,evocar,Indicativo,Pretérito pluscuamperfecto,yo,había evocado,6,reviewed,
ES,evocar,Indicativo,Pretérito pluscuamperfecto,tú,habías evocado,6,reviewed,
ES,evocar,Indicativo,Pretérito pluscuamperfecto,él,había evocado,6,reviewed,
ES,evocar,Indicativo,Pretérito pluscuamperfecto,nosotros,habíamos evocado,6,reviewed,
ES,evocar,Indicativo,Pretérito pluscuamperfecto,vosotros,habíais evocado,6,reviewed,
ES,evocar,Indicativo,Pretérito pluscuamperfecto,ellos,habían evocado,6,reviewed,
ES,mencionar,Indicativo,Presente,yo,menciono,6,reviewed,
ES,mencionar,Indicativo,Presente,tú,mencionas,6,reviewed,
ES,mencionar,Indicativo,Presente,él,menciona,6,reviewed,
ES,mencionar,Indicativo,Presente,nosotros,mencionamos,6,reviewed,
ES,mencionar,Indicativo,Presente,vosotros,mencionáis,6,reviewed,
ES,mencionar,Indicativo,Presente,ellos,mencionan,6,reviewed,
ES,mencionar,Indicativo,Futuro,yo,mencionaré,6,reviewed,
ES,mencionar,Indicativo,Futuro,tú,mencionarás,6,reviewed,
ES,mencionar,Indicativo,Futuro,él,mencionará,6,reviewed,
ES,mencionar,Indicativo,Futuro,nosotros,mencionaremos,6,reviewed,
ES,mencionar,Indicativo,Futuro,vosotros,mencionaréis,6,reviewed,
ES,mencionar,Indicativo,Futuro,ellos,mencionarán,6,reviewed,
ES,mencionar,Indicativo,Pretérito perfecto compuesto,yo,he mencionado,6,reviewed,
ES,mencionar,Indicativo,Pretérito perfecto compuesto,tú,has mencionado,6,reviewed,
ES,mencionar,Indicativo,Pretérito perfecto compuesto,él,ha mencionado,6,reviewed,
ES,mencionar,Indicativo,Pretérito perfecto compuesto,nosotros,hemos mencionado,6,reviewed,
ES,mencionar,Indicativo,Pretérito perfecto compuesto,vosotros,habéis mencionado,6,reviewed,
ES,mencionar,Indicativo,Pretérito perfecto compuesto,ellos,han mencionado,6,reviewed,
ES,mencionar,Indicativo,Pretérito imperfecto,yo,mencionaba,6,reviewed,
ES,mencionar,Indicativo,Pretérito imperfecto,tú,mencionabas,6,reviewed,
ES,mencionar,Indicativo,Pretérito imperfecto,él,mencionaba,6,reviewed,
ES,mencionar,Indicativo,Pretérito imperfecto,nosotros,mencionábamos,6,reviewed,
ES,mencionar,Indicativo,Pretérito imperfecto,vosotros,mencionabais,6,reviewed,
ES,mencionar,Indicativo,Pretérito imperfecto,ellos,mencionaban,6,reviewed,
ES,mencionar,Condicional,Condicional,yo,mencionaría,6,reviewed,
ES,mencionar,Condicional,Condicional,tú,mencionarías,6,reviewed,
ES,mencionar,Condicional,Condicional,él,mencionaría,6,reviewed,
ES,mencionar,Condicional,Condicional,nosotros,mencionaríamos,6,reviewed,
ES,mencionar,Condicional,Condicional,vosotros,mencionaríais,6,reviewed,
ES,mencionar,Condicional,Condicional,ellos,mencionarían,6,reviewed,
ES,mencionar,Imperativo,Imperativo,yo,-,6,reviewed,yo imperative placeholder -; no standard form
ES,mencionar,Imperativo,Imperativo,tú,menciona,6,reviewed,
ES,mencionar,Imperativo,Imperativo,él,mencione,6,reviewed,
ES,mencionar,Imperativo,Imperativo,nosotros,mencionemos,6,reviewed,
ES,mencionar,Imperativo,Imperativo,vosotros,mencionad,6,reviewed,
ES,mencionar,Imperativo,Imperativo,ellos,mencionen,6,reviewed,
ES,mencionar,Indicativo,Futuro perfecto,yo,habré mencionado,6,reviewed,
ES,mencionar,Indicativo,Futuro perfecto,tú,habrás mencionado,6,reviewed,
ES,mencionar,Indicativo,Futuro perfecto,él,habrá mencionado,6,reviewed,
ES,mencionar,Indicativo,Futuro perfecto,nosotros,habremos mencionado,6,reviewed,
ES,mencionar,Indicativo,Futuro perfecto,vosotros,habréis mencionado,6,reviewed,
ES,mencionar,Indicativo,Futuro perfecto,ellos,habrán mencionado,6,reviewed,
ES,mencionar,Subjuntivo,Subjuntivo presente,yo,mencione,6,reviewed,
ES,mencionar,Subjuntivo,Subjuntivo presente,tú,menciones,6,reviewed,
ES,mencionar,Subjuntivo,Subjuntivo presente,él,mencione,6,reviewed,
ES,mencionar,Subjuntivo,Subjuntivo presente,nosotros,mencionemos,6,reviewed,
ES,mencionar,Subjuntivo,Subjuntivo presente,vosotros,mencionéis,6,reviewed,
ES,mencionar,Subjuntivo,Subjuntivo presente,ellos,mencionen,6,reviewed,
ES,mencionar,Indicativo,Pretérito perfecto simple,yo,mencioné,6,reviewed,
ES,mencionar,Indicativo,Pretérito perfecto simple,tú,mencionaste,6,reviewed,
ES,mencionar,Indicativo,Pretérito perfecto simple,él,mencionó,6,reviewed,
ES,mencionar,Indicativo,Pretérito perfecto simple,nosotros,mencionamos,6,reviewed,
ES,mencionar,Indicativo,Pretérito perfecto simple,vosotros,mencionasteis,6,reviewed,
ES,mencionar,Indicativo,Pretérito perfecto simple,ellos,mencionaron,6,reviewed,
ES,mencionar,Indicativo,Pretérito pluscuamperfecto,yo,había mencionado,6,reviewed,
ES,mencionar,Indicativo,Pretérito pluscuamperfecto,tú,habías mencionado,6,reviewed,
ES,mencionar,Indicativo,Pretérito pluscuamperfecto,él,había mencionado,6,reviewed,
ES,mencionar,Indicativo,Pretérito pluscuamperfecto,nosotros,habíamos mencionado,6,reviewed,
ES,mencionar,Indicativo,Pretérito pluscuamperfecto,vosotros,habíais mencionado,6,reviewed,
ES,mencionar,Indicativo,Pretérito pluscuamperfecto,ellos,habían mencionado,6,reviewed,
ES,traer,Indicativo,Presente,yo,traigo,6,reviewed,
ES,traer,Indicativo,Presente,tú,traes,6,reviewed,
ES,traer,Indicativo,Presente,él,trae,6,reviewed,
ES,traer,Indicativo,Presente,nosotros,traemos,6,reviewed,
ES,traer,Indicativo,Presente,vosotros,traéis,6,reviewed,
ES,traer,Indicativo,Presente,ellos,traen,6,reviewed,
ES,traer,Indicativo,Futuro,yo,traeré,6,reviewed,
ES,traer,Indicativo,Futuro,tú,traerás,6,reviewed,
ES,traer,Indicativo,Futuro,él,traerá,6,reviewed,
ES,traer,Indicativo,Futuro,nosotros,traeremos,6,reviewed,
ES,traer,Indicativo,Futuro,vosotros,traeréis,6,reviewed,
ES,traer,Indicativo,Futuro,ellos,traerán,6,reviewed,
ES,traer,Indicativo,Pretérito perfecto compuesto,yo,he traído,6,reviewed,
ES,traer,Indicativo,Pretérito perfecto compuesto,tú,has traído,6,reviewed,
ES,traer,Indicativo,Pretérito perfecto compuesto,él,ha traído,6,reviewed,
ES,traer,Indicativo,Pretérito perfecto compuesto,nosotros,hemos traído,6,reviewed,
ES,traer,Indicativo,Pretérito perfecto compuesto,vosotros,habéis traído,6,reviewed,
ES,traer,Indicativo,Pretérito perfecto compuesto,ellos,han traído,6,reviewed,
ES,traer,Indicativo,Pretérito imperfecto,yo,traía,6,reviewed,
ES,traer,Indicativo,Pretérito imperfecto,tú,traías,6,reviewed,
ES,traer,Indicativo,Pretérito imperfecto,él,traía,6,reviewed,
ES,traer,Indicativo,Pretérito imperfecto,nosotros,traíamos,6,reviewed,
ES,traer,Indicativo,Pretérito imperfecto,vosotros,traíais,6,reviewed,
ES,traer,Indicativo,Pretérito imperfecto,ellos,traían,6,reviewed,
ES,traer,Condicional,Condicional,yo,traería,6,reviewed,
ES,traer,Condicional,Condicional,tú,traerías,6,reviewed,
ES,traer,Condicional,Condicional,él,traería,6,reviewed,
ES,traer,Condicional,Condicional,nosotros,traeríamos,6,reviewed,
ES,traer,Condicional,Condicional,vosotros,traeríais,6,reviewed,
ES,traer,Condicional,Condicional,ellos,traerían,6,reviewed,
ES,traer,Imperativo,Imperativo,yo,-,6,reviewed,yo imperative placeholder -; no standard form
ES,traer,Imperativo,Imperativo,tú,trae,6,reviewed,
ES,traer,Imperativo,Imperativo,él,traiga,6,reviewed,
ES,traer,Imperativo,Imperativo,nosotros,traigamos,6,reviewed,
ES,traer,Imperativo,Imperativo,vosotros,traed,6,reviewed,
ES,traer,Imperativo,Imperativo,ellos,traigan,6,reviewed,
ES,traer,Indicativo,Futuro perfecto,yo,habré traído,6,reviewed,
ES,traer,Indicativo,Futuro perfecto,tú,habrás traído,6,reviewed,
ES,traer,Indicativo,Futuro perfecto,él,habrá traído,6,reviewed,
ES,traer,Indicativo,Futuro perfecto,nosotros,habremos traído,6,reviewed,
ES,traer,Indicativo,Futuro perfecto,vosotros,habréis traído,6,reviewed,
ES,traer,Indicativo,Futuro perfecto,ellos,habrán traído,6,reviewed,
ES,traer,Subjuntivo,Subjuntivo presente,yo,traiga,6,reviewed,
ES,traer,Subjuntivo,Subjuntivo presente,tú,traigas,6,reviewed,
ES,traer,Subjuntivo,Subjuntivo presente,él,traiga,6,reviewed,
ES,traer,Subjuntivo,Subjuntivo presente,nosotros,traigamos,6,reviewed,
ES,traer,Subjuntivo,Subjuntivo presente,vosotros,traigáis,6,reviewed,
ES,traer,Subjuntivo,Subjuntivo presente,ellos,traigan,6,reviewed,
ES,traer,Indicativo,Pretérito perfecto simple,yo,traje,6,reviewed,
ES,traer,Indicativo,Pretérito perfecto simple,tú,trajiste,6,reviewed,
ES,traer,Indicativo,Pretérito perfecto simple,él,trajo,6,reviewed,
ES,traer,Indicativo,Pretérito perfecto simple,nosotros,trajimos,6,reviewed,
ES,traer,Indicativo,Pretérito perfecto simple,vosotros,trajisteis,6,reviewed,
ES,traer,Indicativo,Pretérito perfecto simple,ellos,trajeron,6,reviewed,
ES,traer,Indicativo,Pretérito pluscuamperfecto,yo,había traído,6,reviewed,
ES,traer,Indicativo,Pretérito pluscuamperfecto,tú,habías traído,6,reviewed,
ES,traer,Indicativo,Pretérito pluscuamperfecto,él,había traído,6,reviewed,
ES,traer,Indicativo,Pretérito pluscuamperfecto,nosotros,habíamos traído,6,reviewed,
ES,traer,Indicativo,Pretérito pluscuamperfecto,vosotros,habíais traído,6,reviewed,
ES,traer,Indicativo,Pretérito pluscuamperfecto,ellos,habían traído,6,reviewed,
ES,quitar,Indicativo,Presente,yo,quito,6,reviewed,
ES,quitar,Indicativo,Presente,tú,quitas,6,reviewed,
ES,quitar,Indicativo,Presente,él,quita,6,reviewed,
ES,quitar,Indicativo,Presente,nosotros,quitamos,6,reviewed,
ES,quitar,Indicativo,Presente,vosotros,quitáis,6,reviewed,
ES,quitar,Indicativo,Presente,ellos,quitan,6,reviewed,
ES,quitar,Indicativo,Futuro,yo,quitaré,6,reviewed,
ES,quitar,Indicativo,Futuro,tú,quitarás,6,reviewed,
ES,quitar,Indicativo,Futuro,él,quitará,6,reviewed,
ES,quitar,Indicativo,Futuro,nosotros,quitaremos,6,reviewed,
ES,quitar,Indicativo,Futuro,vosotros,quitaréis,6,reviewed,
ES,quitar,Indicativo,Futuro,ellos,quitarán,6,reviewed,
ES,quitar,Indicativo,Pretérito perfecto compuesto,yo,he quitado,6,reviewed,
ES,quitar,Indicativo,Pretérito perfecto compuesto,tú,has quitado,6,reviewed,
ES,quitar,Indicativo,Pretérito perfecto compuesto,él,ha quitado,6,reviewed,
ES,quitar,Indicativo,Pretérito perfecto compuesto,nosotros,hemos quitado,6,reviewed,
ES,quitar,Indicativo,Pretérito perfecto compuesto,vosotros,habéis quitado,6,reviewed,
ES,quitar,Indicativo,Pretérito perfecto compuesto,ellos,han quitado,6,reviewed,
ES,quitar,Indicativo,Pretérito imperfecto,yo,quitaba,6,reviewed,
ES,quitar,Indicativo,Pretérito imperfecto,tú,quitabas,6,reviewed,
ES,quitar,Indicativo,Pretérito imperfecto,él,quitaba,6,reviewed,
ES,quitar,Indicativo,Pretérito imperfecto,nosotros,quitábamos,6,reviewed,
ES,quitar,Indicativo,Pretérito imperfecto,vosotros,quitabais,6,reviewed,
ES,quitar,Indicativo,Pretérito imperfecto,ellos,quitaban,6,reviewed,
ES,quitar,Condicional,Condicional,yo,quitaría,6,reviewed,
ES,quitar,Condicional,Condicional,tú,quitarías,6,reviewed,
ES,quitar,Condicional,Condicional,él,quitaría,6,reviewed,
ES,quitar,Condicional,Condicional,nosotros,quitaríamos,6,reviewed,
ES,quitar,Condicional,Condicional,vosotros,quitaríais,6,reviewed,
ES,quitar,Condicional,Condicional,ellos,quitarían,6,reviewed,
ES,quitar,Imperativo,Imperativo,yo,-,6,reviewed,yo imperative placeholder -; no standard form
ES,quitar,Imperativo,Imperativo,tú,quita,6,reviewed,
ES,quitar,Imperativo,Imperativo,él,quite,6,reviewed,
ES,quitar,Imperativo,Imperativo,nosotros,quitemos,6,reviewed,
ES,quitar,Imperativo,Imperativo,vosotros,quitad,6,reviewed,
ES,quitar,Imperativo,Imperativo,ellos,quiten,6,reviewed,
ES,quitar,Indicativo,Futuro perfecto,yo,habré quitado,6,reviewed,
ES,quitar,Indicativo,Futuro perfecto,tú,habrás quitado,6,reviewed,
ES,quitar,Indicativo,Futuro perfecto,él,habrá quitado,6,reviewed,
ES,quitar,Indicativo,Futuro perfecto,nosotros,habremos quitado,6,reviewed,
ES,quitar,Indicativo,Futuro perfecto,vosotros,habréis quitado,6,reviewed,
ES,quitar,Indicativo,Futuro perfecto,ellos,habrán quitado,6,reviewed,
ES,quitar,Subjuntivo,Subjuntivo presente,yo,quite,6,reviewed,
ES,quitar,Subjuntivo,Subjuntivo presente,tú,quites,6,reviewed,
ES,quitar,Subjuntivo,Subjuntivo presente,él,quite,6,reviewed,
ES,quitar,Subjuntivo,Subjuntivo presente,nosotros,quitemos,6,reviewed,
ES,quitar,Subjuntivo,Subjuntivo presente,vosotros,quitéis,6,reviewed,
ES,quitar,Subjuntivo,Subjuntivo presente,ellos,quiten,6,reviewed,
ES,quitar,Indicativo,Pretérito perfecto simple,yo,quité,6,reviewed,
ES,quitar,Indicativo,Pretérito perfecto simple,tú,quitaste,6,reviewed,
ES,quitar,Indicativo,Pretérito perfecto simple,él,quitó,6,reviewed,
ES,quitar,Indicativo,Pretérito perfecto simple,nosotros,quitamos,6,reviewed,
ES,quitar,Indicativo,Pretérito perfecto simple,vosotros,quitasteis,6,reviewed,
ES,quitar,Indicativo,Pretérito perfecto simple,ellos,quitaron,6,reviewed,
ES,quitar,Indicativo,Pretérito pluscuamperfecto,yo,había quitado,6,reviewed,
ES,quitar,Indicativo,Pretérito pluscuamperfecto,tú,habías quitado,6,reviewed,
ES,quitar,Indicativo,Pretérito pluscuamperfecto,él,había quitado,6,reviewed,
ES,quitar,Indicativo,Pretérito pluscuamperfecto,nosotros,habíamos quitado,6,reviewed,
ES,quitar,Indicativo,Pretérito pluscuamperfecto,vosotros,habíais quitado,6,reviewed,
ES,quitar,Indicativo,Pretérito pluscuamperfecto,ellos,habían quitado,6,reviewed,
ES,eliminar,Indicativo,Presente,yo,elimino,6,reviewed,
ES,eliminar,Indicativo,Presente,tú,eliminas,6,reviewed,
ES,eliminar,Indicativo,Presente,él,elimina,6,reviewed,
ES,eliminar,Indicativo,Presente,nosotros,eliminamos,6,reviewed,
ES,eliminar,Indicativo,Presente,vosotros,elimináis,6,reviewed,
ES,eliminar,Indicativo,Presente,ellos,eliminan,6,reviewed,
ES,eliminar,Indicativo,Futuro,yo,eliminaré,6,reviewed,
ES,eliminar,Indicativo,Futuro,tú,eliminarás,6,reviewed,
ES,eliminar,Indicativo,Futuro,él,eliminará,6,reviewed,
ES,eliminar,Indicativo,Futuro,nosotros,eliminaremos,6,reviewed,
ES,eliminar,Indicativo,Futuro,vosotros,eliminaréis,6,reviewed,
ES,eliminar,Indicativo,Futuro,ellos,eliminarán,6,reviewed,
ES,eliminar,Indicativo,Pretérito perfecto compuesto,yo,he eliminado,6,reviewed,
ES,eliminar,Indicativo,Pretérito perfecto compuesto,tú,has eliminado,6,reviewed,
ES,eliminar,Indicativo,Pretérito perfecto compuesto,él,ha eliminado,6,reviewed,
ES,eliminar,Indicativo,Pretérito perfecto compuesto,nosotros,hemos eliminado,6,reviewed,
ES,eliminar,Indicativo,Pretérito perfecto compuesto,vosotros,habéis eliminado,6,reviewed,
ES,eliminar,Indicativo,Pretérito perfecto compuesto,ellos,han eliminado,6,reviewed,
ES,eliminar,Indicativo,Pretérito imperfecto,yo,eliminaba,6,reviewed,
ES,eliminar,Indicativo,Pretérito imperfecto,tú,eliminabas,6,reviewed,
ES,eliminar,Indicativo,Pretérito imperfecto,él,eliminaba,6,reviewed,
ES,eliminar,Indicativo,Pretérito imperfecto,nosotros,eliminábamos,6,reviewed,
ES,eliminar,Indicativo,Pretérito imperfecto,vosotros,eliminabais,6,reviewed,
ES,eliminar,Indicativo,Pretérito imperfecto,ellos,eliminaban,6,reviewed,
ES,eliminar,Condicional,Condicional,yo,eliminaría,6,reviewed,
ES,eliminar,Condicional,Condicional,tú,eliminarías,6,reviewed,
ES,eliminar,Condicional,Condicional,él,eliminaría,6,reviewed,
ES,eliminar,Condicional,Condicional,nosotros,eliminaríamos,6,reviewed,
ES,eliminar,Condicional,Condicional,vosotros,eliminaríais,6,reviewed,
ES,eliminar,Condicional,Condicional,ellos,eliminarían,6,reviewed,
ES,eliminar,Imperativo,Imperativo,yo,-,6,reviewed,yo imperative placeholder -; no standard form
ES,eliminar,Imperativo,Imperativo,tú,elimina,6,reviewed,
ES,eliminar,Imperativo,Imperativo,él,elimine,6,reviewed,
ES,eliminar,Imperativo,Imperativo,nosotros,eliminemos,6,reviewed,
ES,eliminar,Imperativo,Imperativo,vosotros,eliminad,6,reviewed,
ES,eliminar,Imperativo,Imperativo,ellos,eliminen,6,reviewed,
ES,eliminar,Indicativo,Futuro perfecto,yo,habré eliminado,6,reviewed,
ES,eliminar,Indicativo,Futuro perfecto,tú,habrás eliminado,6,reviewed,
ES,eliminar,Indicativo,Futuro perfecto,él,habrá eliminado,6,reviewed,
ES,eliminar,Indicativo,Futuro perfecto,nosotros,habremos eliminado,6,reviewed,
ES,eliminar,Indicativo,Futuro perfecto,vosotros,habréis eliminado,6,reviewed,
ES,eliminar,Indicativo,Futuro perfecto,ellos,habrán eliminado,6,reviewed,
ES,eliminar,Subjuntivo,Subjuntivo presente,yo,elimine,6,reviewed,
ES,eliminar,Subjuntivo,Subjuntivo presente,tú,elimines,6,reviewed,
ES,eliminar,Subjuntivo,Subjuntivo presente,él,elimine,6,reviewed,
ES,eliminar,Subjuntivo,Subjuntivo presente,nosotros,eliminemos,6,reviewed,
ES,eliminar,Subjuntivo,Subjuntivo presente,vosotros,eliminéis,6,reviewed,
ES,eliminar,Subjuntivo,Subjuntivo presente,ellos,eliminen,6,reviewed,
ES,eliminar,Indicativo,Pretérito perfecto simple,yo,eliminé,6,reviewed,
ES,eliminar,Indicativo,Pretérito perfecto simple,tú,eliminaste,6,reviewed,
ES,eliminar,Indicativo,Pretérito perfecto simple,él,eliminó,6,reviewed,
ES,eliminar,Indicativo,Pretérito perfecto simple,nosotros,eliminamos,6,reviewed,
ES,eliminar,Indicativo,Pretérito perfecto simple,vosotros,eliminasteis,6,reviewed,
ES,eliminar,Indicativo,Pretérito perfecto simple,ellos,eliminaron,6,reviewed,
ES,eliminar,Indicativo,Pretérito pluscuamperfecto,yo,había eliminado,6,reviewed,
ES,eliminar,Indicativo,Pretérito pluscuamperfecto,tú,habías eliminado,6,reviewed,
ES,eliminar,Indicativo,Pretérito pluscuamperfecto,él,había eliminado,6,reviewed,
ES,eliminar,Indicativo,Pretérito pluscuamperfecto,nosotros,habíamos eliminado,6,reviewed,
ES,eliminar,Indicativo,Pretérito pluscuamperfecto,vosotros,habíais eliminado,6,reviewed,
ES,eliminar,Indicativo,Pretérito pluscuamperfecto,ellos,habían eliminado,6,reviewed,
ES,designar,Indicativo,Presente,yo,designo,6,reviewed,
ES,designar,Indicativo,Presente,tú,designas,6,reviewed,
ES,designar,Indicativo,Presente,él,designa,6,reviewed,
ES,designar,Indicativo,Presente,nosotros,designamos,6,reviewed,
ES,designar,Indicativo,Presente,vosotros,designáis,6,reviewed,
ES,designar,Indicativo,Presente,ellos,designan,6,reviewed,
ES,designar,Indicativo,Futuro,yo,designaré,6,reviewed,
ES,designar,Indicativo,Futuro,tú,designarás,6,reviewed,
ES,designar,Indicativo,Futuro,él,designará,6,reviewed,
ES,designar,Indicativo,Futuro,nosotros,designaremos,6,reviewed,
ES,designar,Indicativo,Futuro,vosotros,designaréis,6,reviewed,
ES,designar,Indicativo,Futuro,ellos,designarán,6,reviewed,
ES,designar,Indicativo,Pretérito perfecto compuesto,yo,he designado,6,reviewed,
ES,designar,Indicativo,Pretérito perfecto compuesto,tú,has designado,6,reviewed,
ES,designar,Indicativo,Pretérito perfecto compuesto,él,ha designado,6,reviewed,
ES,designar,Indicativo,Pretérito perfecto compuesto,nosotros,hemos designado,6,reviewed,
ES,designar,Indicativo,Pretérito perfecto compuesto,vosotros,habéis designado,6,reviewed,
ES,designar,Indicativo,Pretérito perfecto compuesto,ellos,han designado,6,reviewed,
ES,designar,Indicativo,Pretérito imperfecto,yo,designaba,6,reviewed,
ES,designar,Indicativo,Pretérito imperfecto,tú,designabas,6,reviewed,
ES,designar,Indicativo,Pretérito imperfecto,él,designaba,6,reviewed,
ES,designar,Indicativo,Pretérito imperfecto,nosotros,designábamos,6,reviewed,
ES,designar,Indicativo,Pretérito imperfecto,vosotros,designabais,6,reviewed,
ES,designar,Indicativo,Pretérito imperfecto,ellos,designaban,6,reviewed,
ES,designar,Condicional,Condicional,yo,designaría,6,reviewed,
ES,designar,Condicional,Condicional,tú,designarías,6,reviewed,
ES,designar,Condicional,Condicional,él,designaría,6,reviewed,
ES,designar,Condicional,Condicional,nosotros,designaríamos,6,reviewed,
ES,designar,Condicional,Condicional,vosotros,designaríais,6,reviewed,
ES,designar,Condicional,Condicional,ellos,designarían,6,reviewed,
ES,designar,Imperativo,Imperativo,yo,-,6,reviewed,yo imperative placeholder -; no standard form
ES,designar,Imperativo,Imperativo,tú,designa,6,reviewed,
ES,designar,Imperativo,Imperativo,él,designe,6,reviewed,
ES,designar,Imperativo,Imperativo,nosotros,designemos,6,reviewed,
ES,designar,Imperativo,Imperativo,vosotros,designad,6,reviewed,
ES,designar,Imperativo,Imperativo,ellos,designen,6,reviewed,
ES,designar,Indicativo,Futuro perfecto,yo,habré designado,6,reviewed,
ES,designar,Indicativo,Futuro perfecto,tú,habrás designado,6,reviewed,
ES,designar,Indicativo,Futuro perfecto,él,habrá designado,6,reviewed,
ES,designar,Indicativo,Futuro perfecto,nosotros,habremos designado,6,reviewed,
ES,designar,Indicativo,Futuro perfecto,vosotros,habréis designado,6,reviewed,
ES,designar,Indicativo,Futuro perfecto,ellos,habrán designado,6,reviewed,
ES,designar,Subjuntivo,Subjuntivo presente,yo,designe,6,reviewed,
ES,designar,Subjuntivo,Subjuntivo presente,tú,designes,6,reviewed,
ES,designar,Subjuntivo,Subjuntivo presente,él,designe,6,reviewed,
ES,designar,Subjuntivo,Subjuntivo presente,nosotros,designemos,6,reviewed,
ES,designar,Subjuntivo,Subjuntivo presente,vosotros,designéis,6,reviewed,
ES,designar,Subjuntivo,Subjuntivo presente,ellos,designen,6,reviewed,
ES,designar,Indicativo,Pretérito perfecto simple,yo,designé,6,reviewed,
ES,designar,Indicativo,Pretérito perfecto simple,tú,designaste,6,reviewed,
ES,designar,Indicativo,Pretérito perfecto simple,él,designó,6,reviewed,
ES,designar,Indicativo,Pretérito perfecto simple,nosotros,designamos,6,reviewed,
ES,designar,Indicativo,Pretérito perfecto simple,vosotros,designasteis,6,reviewed,
ES,designar,Indicativo,Pretérito perfecto simple,ellos,designaron,6,reviewed,
ES,designar,Indicativo,Pretérito pluscuamperfecto,yo,había designado,6,reviewed,
ES,designar,Indicativo,Pretérito pluscuamperfecto,tú,habías designado,6,reviewed,
ES,designar,Indicativo,Pretérito pluscuamperfecto,él,había designado,6,reviewed,
ES,designar,Indicativo,Pretérito pluscuamperfecto,nosotros,habíamos designado,6,reviewed,
ES,designar,Indicativo,Pretérito pluscuamperfecto,vosotros,habíais designado,6,reviewed,
ES,designar,Indicativo,Pretérito pluscuamperfecto,ellos,habían designado,6,reviewed,
ES,cruzar,Indicativo,Presente,yo,cruzo,6,reviewed,
ES,cruzar,Indicativo,Presente,tú,cruzas,6,reviewed,
ES,cruzar,Indicativo,Presente,él,cruza,6,reviewed,
ES,cruzar,Indicativo,Presente,nosotros,cruzamos,6,reviewed,
ES,cruzar,Indicativo,Presente,vosotros,cruzáis,6,reviewed,
ES,cruzar,Indicativo,Presente,ellos,cruzan,6,reviewed,
ES,cruzar,Indicativo,Futuro,yo,cruzaré,6,reviewed,
ES,cruzar,Indicativo,Futuro,tú,cruzarás,6,reviewed,
ES,cruzar,Indicativo,Futuro,él,cruzará,6,reviewed,
ES,cruzar,Indicativo,Futuro,nosotros,cruzaremos,6,reviewed,
ES,cruzar,Indicativo,Futuro,vosotros,cruzaréis,6,reviewed,
ES,cruzar,Indicativo,Futuro,ellos,cruzarán,6,reviewed,
ES,cruzar,Indicativo,Pretérito perfecto compuesto,yo,he cruzado,6,reviewed,
ES,cruzar,Indicativo,Pretérito perfecto compuesto,tú,has cruzado,6,reviewed,
ES,cruzar,Indicativo,Pretérito perfecto compuesto,él,ha cruzado,6,reviewed,
ES,cruzar,Indicativo,Pretérito perfecto compuesto,nosotros,hemos cruzado,6,reviewed,
ES,cruzar,Indicativo,Pretérito perfecto compuesto,vosotros,habéis cruzado,6,reviewed,
ES,cruzar,Indicativo,Pretérito perfecto compuesto,ellos,han cruzado,6,reviewed,
ES,cruzar,Indicativo,Pretérito imperfecto,yo,cruzaba,6,reviewed,
ES,cruzar,Indicativo,Pretérito imperfecto,tú,cruzabas,6,reviewed,
ES,cruzar,Indicativo,Pretérito imperfecto,él,cruzaba,6,reviewed,
ES,cruzar,Indicativo,Pretérito imperfecto,nosotros,cruzábamos,6,reviewed,
ES,cruzar,Indicativo,Pretérito imperfecto,vosotros,cruzabais,6,reviewed,
ES,cruzar,Indicativo,Pretérito imperfecto,ellos,cruzaban,6,reviewed,
ES,cruzar,Condicional,Condicional,yo,cruzaría,6,reviewed,
ES,cruzar,Condicional,Condicional,tú,cruzarías,6,reviewed,
ES,cruzar,Condicional,Condicional,él,cruzaría,6,reviewed,
ES,cruzar,Condicional,Condicional,nosotros,cruzaríamos,6,reviewed,
ES,cruzar,Condicional,Condicional,vosotros,cruzaríais,6,reviewed,
ES,cruzar,Condicional,Condicional,ellos,cruzarían,6,reviewed,
ES,cruzar,Imperativo,Imperativo,yo,-,6,reviewed,yo imperative placeholder -; no standard form
ES,cruzar,Imperativo,Imperativo,tú,cruza,6,reviewed,
ES,cruzar,Imperativo,Imperativo,él,cruce,6,reviewed,
ES,cruzar,Imperativo,Imperativo,nosotros,crucemos,6,reviewed,
ES,cruzar,Imperativo,Imperativo,vosotros,cruzad,6,reviewed,
ES,cruzar,Imperativo,Imperativo,ellos,crucen,6,reviewed,
ES,cruzar,Indicativo,Futuro perfecto,yo,habré cruzado,6,reviewed,
ES,cruzar,Indicativo,Futuro perfecto,tú,habrás cruzado,6,reviewed,
ES,cruzar,Indicativo,Futuro perfecto,él,habrá cruzado,6,reviewed,
ES,cruzar,Indicativo,Futuro perfecto,nosotros,habremos cruzado,6,reviewed,
ES,cruzar,Indicativo,Futuro perfecto,vosotros,habréis cruzado,6,reviewed,
ES,cruzar,Indicativo,Futuro perfecto,ellos,habrán cruzado,6,reviewed,
ES,cruzar,Subjuntivo,Subjuntivo presente,yo,cruce,6,reviewed,
ES,cruzar,Subjuntivo,Subjuntivo presente,tú,cruces,6,reviewed,
ES,cruzar,Subjuntivo,Subjuntivo presente,él,cruce,6,reviewed,
ES,cruzar,Subjuntivo,Subjuntivo presente,nosotros,crucemos,6,reviewed,
ES,cruzar,Subjuntivo,Subjuntivo presente,vosotros,crucéis,6,reviewed,
ES,cruzar,Subjuntivo,Subjuntivo presente,ellos,crucen,6,reviewed,
ES,cruzar,Indicativo,Pretérito perfecto simple,yo,crucé,6,reviewed,
ES,cruzar,Indicativo,Pretérito perfecto simple,tú,cruzaste,6,reviewed,
ES,cruzar,Indicativo,Pretérito perfecto simple,él,cruzó,6,reviewed,
ES,cruzar,Indicativo,Pretérito perfecto simple,nosotros,cruzamos,6,reviewed,
ES,cruzar,Indicativo,Pretérito perfecto simple,vosotros,cruzasteis,6,reviewed,
ES,cruzar,Indicativo,Pretérito perfecto simple,ellos,cruzaron,6,reviewed,
ES,cruzar,Indicativo,Pretérito pluscuamperfecto,yo,había cruzado,6,reviewed,
ES,cruzar,Indicativo,Pretérito pluscuamperfecto,tú,habías cruzado,6,reviewed,
ES,cruzar,Indicativo,Pretérito pluscuamperfecto,él,había cruzado,6,reviewed,
ES,cruzar,Indicativo,Pretérito pluscuamperfecto,nosotros,habíamos cruzado,6,reviewed,
ES,cruzar,Indicativo,Pretérito pluscuamperfecto,vosotros,habíais cruzado,6,reviewed,
ES,cruzar,Indicativo,Pretérito pluscuamperfecto,ellos,habían cruzado,6,reviewed,
ES,atravesar,Indicativo,Presente,yo,atravieso,6,reviewed,
ES,atravesar,Indicativo,Presente,tú,atraviesas,6,reviewed,
ES,atravesar,Indicativo,Presente,él,atraviesa,6,reviewed,
ES,atravesar,Indicativo,Presente,nosotros,atravesamos,6,reviewed,
ES,atravesar,Indicativo,Presente,vosotros,atravesáis,6,reviewed,
ES,atravesar,Indicativo,Presente,ellos,atraviesan,6,reviewed,
ES,atravesar,Indicativo,Futuro,yo,atravesaré,6,reviewed,
ES,atravesar,Indicativo,Futuro,tú,atravesarás,6,reviewed,
ES,atravesar,Indicativo,Futuro,él,atravesará,6,reviewed,
ES,atravesar,Indicativo,Futuro,nosotros,atravesaremos,6,reviewed,
ES,atravesar,Indicativo,Futuro,vosotros,atravesaréis,6,reviewed,
ES,atravesar,Indicativo,Futuro,ellos,atravesarán,6,reviewed,
ES,atravesar,Indicativo,Pretérito perfecto compuesto,yo,he atravesado,6,reviewed,
ES,atravesar,Indicativo,Pretérito perfecto compuesto,tú,has atravesado,6,reviewed,
ES,atravesar,Indicativo,Pretérito perfecto compuesto,él,ha atravesado,6,reviewed,
ES,atravesar,Indicativo,Pretérito perfecto compuesto,nosotros,hemos atravesado,6,reviewed,
ES,atravesar,Indicativo,Pretérito perfecto compuesto,vosotros,habéis atravesado,6,reviewed,
ES,atravesar,Indicativo,Pretérito perfecto compuesto,ellos,han atravesado,6,reviewed,
ES,atravesar,Indicativo,Pretérito imperfecto,yo,atravesaba,6,reviewed,
ES,atravesar,Indicativo,Pretérito imperfecto,tú,atravesabas,6,reviewed,
ES,atravesar,Indicativo,Pretérito imperfecto,él,atravesaba,6,reviewed,
ES,atravesar,Indicativo,Pretérito imperfecto,nosotros,atravesábamos,6,reviewed,
ES,atravesar,Indicativo,Pretérito imperfecto,vosotros,atravesabais,6,reviewed,
ES,atravesar,Indicativo,Pretérito imperfecto,ellos,atravesaban,6,reviewed,
ES,atravesar,Condicional,Condicional,yo,atravesaría,6,reviewed,
ES,atravesar,Condicional,Condicional,tú,atravesarías,6,reviewed,
ES,atravesar,Condicional,Condicional,él,atravesaría,6,reviewed,
ES,atravesar,Condicional,Condicional,nosotros,atravesaríamos,6,reviewed,
ES,atravesar,Condicional,Condicional,vosotros,atravesaríais,6,reviewed,
ES,atravesar,Condicional,Condicional,ellos,atravesarían,6,reviewed,
ES,atravesar,Imperativo,Imperativo,yo,-,6,reviewed,yo imperative placeholder -; no standard form
ES,atravesar,Imperativo,Imperativo,tú,atraviesa,6,reviewed,
ES,atravesar,Imperativo,Imperativo,él,atraviese,6,reviewed,
ES,atravesar,Imperativo,Imperativo,nosotros,atravesemos,6,reviewed,
ES,atravesar,Imperativo,Imperativo,vosotros,atravesad,6,reviewed,
ES,atravesar,Imperativo,Imperativo,ellos,atraviesen,6,reviewed,
ES,atravesar,Indicativo,Futuro perfecto,yo,habré atravesado,6,reviewed,
ES,atravesar,Indicativo,Futuro perfecto,tú,habrás atravesado,6,reviewed,
ES,atravesar,Indicativo,Futuro perfecto,él,habrá atravesado,6,reviewed,
ES,atravesar,Indicativo,Futuro perfecto,nosotros,habremos atravesado,6,reviewed,
ES,atravesar,Indicativo,Futuro perfecto,vosotros,habréis atravesado,6,reviewed,
ES,atravesar,Indicativo,Futuro perfecto,ellos,habrán atravesado,6,reviewed,
ES,atravesar,Subjuntivo,Subjuntivo presente,yo,atraviese,6,reviewed,
ES,atravesar,Subjuntivo,Subjuntivo presente,tú,atravieses,6,reviewed,
ES,atravesar,Subjuntivo,Subjuntivo presente,él,atraviese,6,reviewed,
ES,atravesar,Subjuntivo,Subjuntivo presente,nosotros,atravesemos,6,reviewed,
ES,atravesar,Subjuntivo,Subjuntivo presente,vosotros,atraveséis,6,reviewed,
ES,atravesar,Subjuntivo,Subjuntivo presente,ellos,atraviesen,6,reviewed,
ES,atravesar,Indicativo,Pretérito perfecto simple,yo,atravesé,6,reviewed,
ES,atravesar,Indicativo,Pretérito perfecto simple,tú,atravesaste,6,reviewed,
ES,atravesar,Indicativo,Pretérito perfecto simple,él,atravesó,6,reviewed,
ES,atravesar,Indicativo,Pretérito perfecto simple,nosotros,atravesamos,6,reviewed,
ES,atravesar,Indicativo,Pretérito perfecto simple,vosotros,atravesasteis,6,reviewed,
ES,atravesar,Indicativo,Pretérito perfecto simple,ellos,atravesaron,6,reviewed,
ES,atravesar,Indicativo,Pretérito pluscuamperfecto,yo,había atravesado,6,reviewed,
ES,atravesar,Indicativo,Pretérito pluscuamperfecto,tú,habías atravesado,6,reviewed,
ES,atravesar,Indicativo,Pretérito pluscuamperfecto,él,había atravesado,6,reviewed,
ES,atravesar,Indicativo,Pretérito pluscuamperfecto,nosotros,habíamos atravesado,6,reviewed,
ES,atravesar,Indicativo,Pretérito pluscuamperfecto,vosotros,habíais atravesado,6,reviewed,
ES,atravesar,Indicativo,Pretérito pluscuamperfecto,ellos,habían atravesado,6,reviewed,
ES,despertar,Indicativo,Presente,yo,despierto,6,reviewed,
ES,despertar,Indicativo,Presente,tú,despiertas,6,reviewed,
ES,despertar,Indicativo,Presente,él,despierta,6,reviewed,
ES,despertar,Indicativo,Presente,nosotros,despertamos,6,reviewed,
ES,despertar,Indicativo,Presente,vosotros,despertáis,6,reviewed,
ES,despertar,Indicativo,Presente,ellos,despiertan,6,reviewed,
ES,despertar,Indicativo,Futuro,yo,despertaré,6,reviewed,
ES,despertar,Indicativo,Futuro,tú,despertarás,6,reviewed,
ES,despertar,Indicativo,Futuro,él,despertará,6,reviewed,
ES,despertar,Indicativo,Futuro,nosotros,despertaremos,6,reviewed,
ES,despertar,Indicativo,Futuro,vosotros,despertaréis,6,reviewed,
ES,despertar,Indicativo,Futuro,ellos,despertarán,6,reviewed,
ES,despertar,Indicativo,Pretérito perfecto compuesto,yo,he despertado,6,reviewed,
ES,despertar,Indicativo,Pretérito perfecto compuesto,tú,has despertado,6,reviewed,
ES,despertar,Indicativo,Pretérito perfecto compuesto,él,ha despertado,6,reviewed,
ES,despertar,Indicativo,Pretérito perfecto compuesto,nosotros,hemos despertado,6,reviewed,
ES,despertar,Indicativo,Pretérito perfecto compuesto,vosotros,habéis despertado,6,reviewed,
ES,despertar,Indicativo,Pretérito perfecto compuesto,ellos,han despertado,6,reviewed,
ES,despertar,Indicativo,Pretérito imperfecto,yo,despertaba,6,reviewed,
ES,despertar,Indicativo,Pretérito imperfecto,tú,despertabas,6,reviewed,
ES,despertar,Indicativo,Pretérito imperfecto,él,despertaba,6,reviewed,
ES,despertar,Indicativo,Pretérito imperfecto,nosotros,despertábamos,6,reviewed,
ES,despertar,Indicativo,Pretérito imperfecto,vosotros,despertabais,6,reviewed,
ES,despertar,Indicativo,Pretérito imperfecto,ellos,despertaban,6,reviewed,
ES,despertar,Condicional,Condicional,yo,despertaría,6,reviewed,
ES,despertar,Condicional,Condicional,tú,despertarías,6,reviewed,
ES,despertar,Condicional,Condicional,él,despertaría,6,reviewed,
ES,despertar,Condicional,Condicional,nosotros,despertaríamos,6,reviewed,
ES,despertar,Condicional,Condicional,vosotros,despertaríais,6,reviewed,
ES,despertar,Condicional,Condicional,ellos,despertarían,6,reviewed,
ES,despertar,Imperativo,Imperativo,yo,-,6,reviewed,yo imperative placeholder -; no standard form
ES,despertar,Imperativo,Imperativo,tú,despierta,6,reviewed,
ES,despertar,Imperativo,Imperativo,él,despierte,6,reviewed,
ES,despertar,Imperativo,Imperativo,nosotros,despertemos,6,reviewed,
ES,despertar,Imperativo,Imperativo,vosotros,despertad,6,reviewed,
ES,despertar,Imperativo,Imperativo,ellos,despierten,6,reviewed,
ES,despertar,Indicativo,Futuro perfecto,yo,habré despertado,6,reviewed,
ES,despertar,Indicativo,Futuro perfecto,tú,habrás despertado,6,reviewed,
ES,despertar,Indicativo,Futuro perfecto,él,habrá despertado,6,reviewed,
ES,despertar,Indicativo,Futuro perfecto,nosotros,habremos despertado,6,reviewed,
ES,despertar,Indicativo,Futuro perfecto,vosotros,habréis despertado,6,reviewed,
ES,despertar,Indicativo,Futuro perfecto,ellos,habrán despertado,6,reviewed,
ES,despertar,Subjuntivo,Subjuntivo presente,yo,despierte,6,reviewed,
ES,despertar,Subjuntivo,Subjuntivo presente,tú,despiertes,6,reviewed,
ES,despertar,Subjuntivo,Subjuntivo presente,él,despierte,6,reviewed,
ES,despertar,Subjuntivo,Subjuntivo presente,nosotros,despertemos,6,reviewed,
ES,despertar,Subjuntivo,Subjuntivo presente,vosotros,despertéis,6,reviewed,
ES,despertar,Subjuntivo,Subjuntivo presente,ellos,despierten,6,reviewed,
ES,despertar,Indicativo,Pretérito perfecto simple,yo,desperté,6,reviewed,
ES,despertar,Indicativo,Pretérito perfecto simple,tú,despertaste,6,reviewed,
ES,despertar,Indicativo,Pretérito perfecto simple,él,despertó,6,reviewed,
ES,despertar,Indicativo,Pretérito perfecto simple,nosotros,despertamos,6,reviewed,
ES,despertar,Indicativo,Pretérito perfecto simple,vosotros,despertasteis,6,reviewed,
ES,despertar,Indicativo,Pretérito perfecto simple,ellos,despertaron,6,reviewed,
ES,despertar,Indicativo,Pretérito pluscuamperfecto,yo,había despertado,6,reviewed,
ES,despertar,Indicativo,Pretérito pluscuamperfecto,tú,habías despertado,6,reviewed,
ES,despertar,Indicativo,Pretérito pluscuamperfecto,él,había despertado,6,reviewed,
ES,despertar,Indicativo,Pretérito pluscuamperfecto,nosotros,habíamos despertado,6,reviewed,
ES,despertar,Indicativo,Pretérito pluscuamperfecto,vosotros,habíais despertado,6,reviewed,
ES,despertar,Indicativo,Pretérito pluscuamperfecto,ellos,habían despertado,6,reviewed,
ES,proponer,Indicativo,Presente,yo,propongo,6,reviewed,
ES,proponer,Indicativo,Presente,tú,propones,6,reviewed,
ES,proponer,Indicativo,Presente,él,propone,6,reviewed,
ES,proponer,Indicativo,Presente,nosotros,proponemos,6,reviewed,
ES,proponer,Indicativo,Presente,vosotros,proponéis,6,reviewed,
ES,proponer,Indicativo,Presente,ellos,proponen,6,reviewed,
ES,proponer,Indicativo,Futuro,yo,propondré,6,reviewed,
ES,proponer,Indicativo,Futuro,tú,propondrás,6,reviewed,
ES,proponer,Indicativo,Futuro,él,propondrá,6,reviewed,
ES,proponer,Indicativo,Futuro,nosotros,propondremos,6,reviewed,
ES,proponer,Indicativo,Futuro,vosotros,propondréis,6,reviewed,
ES,proponer,Indicativo,Futuro,ellos,propondrán,6,reviewed,
ES,proponer,Indicativo,Pretérito perfecto compuesto,yo,he propuesto,6,reviewed,
ES,proponer,Indicativo,Pretérito perfecto compuesto,tú,has propuesto,6,reviewed,
ES,proponer,Indicativo,Pretérito perfecto compuesto,él,ha propuesto,6,reviewed,
ES,proponer,Indicativo,Pretérito perfecto compuesto,nosotros,hemos propuesto,6,reviewed,
ES,proponer,Indicativo,Pretérito perfecto compuesto,vosotros,habéis propuesto,6,reviewed,
ES,proponer,Indicativo,Pretérito perfecto compuesto,ellos,han propuesto,6,reviewed,
ES,proponer,Indicativo,Pretérito imperfecto,yo,proponía,6,reviewed,
ES,proponer,Indicativo,Pretérito imperfecto,tú,proponías,6,reviewed,
ES,proponer,Indicativo,Pretérito imperfecto,él,proponía,6,reviewed,
ES,proponer,Indicativo,Pretérito imperfecto,nosotros,proponíamos,6,reviewed,
ES,proponer,Indicativo,Pretérito imperfecto,vosotros,proponíais,6,reviewed,
ES,proponer,Indicativo,Pretérito imperfecto,ellos,proponían,6,reviewed,
ES,proponer,Condicional,Condicional,yo,propondría,6,reviewed,
ES,proponer,Condicional,Condicional,tú,propondrías,6,reviewed,
ES,proponer,Condicional,Condicional,él,propondría,6,reviewed,
ES,proponer,Condicional,Condicional,nosotros,propondríamos,6,reviewed,
ES,proponer,Condicional,Condicional,vosotros,propondríais,6,reviewed,
ES,proponer,Condicional,Condicional,ellos,propondrían,6,reviewed,
ES,proponer,Imperativo,Imperativo,yo,-,6,reviewed,prefixed poner imperative; yo placeholder -; QA recommended
ES,proponer,Imperativo,Imperativo,tú,propón,6,reviewed,prefixed poner imperative; QA recommended
ES,proponer,Imperativo,Imperativo,él,proponga,6,reviewed,prefixed poner imperative; QA recommended
ES,proponer,Imperativo,Imperativo,nosotros,propongamos,6,reviewed,prefixed poner imperative; QA recommended
ES,proponer,Imperativo,Imperativo,vosotros,proponed,6,reviewed,prefixed poner imperative; QA recommended
ES,proponer,Imperativo,Imperativo,ellos,propongan,6,reviewed,prefixed poner imperative; QA recommended
ES,proponer,Indicativo,Futuro perfecto,yo,habré propuesto,6,reviewed,
ES,proponer,Indicativo,Futuro perfecto,tú,habrás propuesto,6,reviewed,
ES,proponer,Indicativo,Futuro perfecto,él,habrá propuesto,6,reviewed,
ES,proponer,Indicativo,Futuro perfecto,nosotros,habremos propuesto,6,reviewed,
ES,proponer,Indicativo,Futuro perfecto,vosotros,habréis propuesto,6,reviewed,
ES,proponer,Indicativo,Futuro perfecto,ellos,habrán propuesto,6,reviewed,
ES,proponer,Subjuntivo,Subjuntivo presente,yo,proponga,6,reviewed,
ES,proponer,Subjuntivo,Subjuntivo presente,tú,propongas,6,reviewed,
ES,proponer,Subjuntivo,Subjuntivo presente,él,proponga,6,reviewed,
ES,proponer,Subjuntivo,Subjuntivo presente,nosotros,propongamos,6,reviewed,
ES,proponer,Subjuntivo,Subjuntivo presente,vosotros,propongáis,6,reviewed,
ES,proponer,Subjuntivo,Subjuntivo presente,ellos,propongan,6,reviewed,
ES,proponer,Indicativo,Pretérito perfecto simple,yo,propuse,6,reviewed,
ES,proponer,Indicativo,Pretérito perfecto simple,tú,propusiste,6,reviewed,
ES,proponer,Indicativo,Pretérito perfecto simple,él,propuso,6,reviewed,
ES,proponer,Indicativo,Pretérito perfecto simple,nosotros,propusimos,6,reviewed,
ES,proponer,Indicativo,Pretérito perfecto simple,vosotros,propusisteis,6,reviewed,
ES,proponer,Indicativo,Pretérito perfecto simple,ellos,propusieron,6,reviewed,
ES,proponer,Indicativo,Pretérito pluscuamperfecto,yo,había propuesto,6,reviewed,
ES,proponer,Indicativo,Pretérito pluscuamperfecto,tú,habías propuesto,6,reviewed,
ES,proponer,Indicativo,Pretérito pluscuamperfecto,él,había propuesto,6,reviewed,
ES,proponer,Indicativo,Pretérito pluscuamperfecto,nosotros,habíamos propuesto,6,reviewed,
ES,proponer,Indicativo,Pretérito pluscuamperfecto,vosotros,habíais propuesto,6,reviewed,
ES,proponer,Indicativo,Pretérito pluscuamperfecto,ellos,habían propuesto,6,reviewed,
ES,calcular,Indicativo,Presente,yo,calculo,6,reviewed,
ES,calcular,Indicativo,Presente,tú,calculas,6,reviewed,
ES,calcular,Indicativo,Presente,él,calcula,6,reviewed,
ES,calcular,Indicativo,Presente,nosotros,calculamos,6,reviewed,
ES,calcular,Indicativo,Presente,vosotros,calculáis,6,reviewed,
ES,calcular,Indicativo,Presente,ellos,calculan,6,reviewed,
ES,calcular,Indicativo,Futuro,yo,calcularé,6,reviewed,
ES,calcular,Indicativo,Futuro,tú,calcularás,6,reviewed,
ES,calcular,Indicativo,Futuro,él,calculará,6,reviewed,
ES,calcular,Indicativo,Futuro,nosotros,calcularemos,6,reviewed,
ES,calcular,Indicativo,Futuro,vosotros,calcularéis,6,reviewed,
ES,calcular,Indicativo,Futuro,ellos,calcularán,6,reviewed,
ES,calcular,Indicativo,Pretérito perfecto compuesto,yo,he calculado,6,reviewed,
ES,calcular,Indicativo,Pretérito perfecto compuesto,tú,has calculado,6,reviewed,
ES,calcular,Indicativo,Pretérito perfecto compuesto,él,ha calculado,6,reviewed,
ES,calcular,Indicativo,Pretérito perfecto compuesto,nosotros,hemos calculado,6,reviewed,
ES,calcular,Indicativo,Pretérito perfecto compuesto,vosotros,habéis calculado,6,reviewed,
ES,calcular,Indicativo,Pretérito perfecto compuesto,ellos,han calculado,6,reviewed,
ES,calcular,Indicativo,Pretérito imperfecto,yo,calculaba,6,reviewed,
ES,calcular,Indicativo,Pretérito imperfecto,tú,calculabas,6,reviewed,
ES,calcular,Indicativo,Pretérito imperfecto,él,calculaba,6,reviewed,
ES,calcular,Indicativo,Pretérito imperfecto,nosotros,calculábamos,6,reviewed,
ES,calcular,Indicativo,Pretérito imperfecto,vosotros,calculabais,6,reviewed,
ES,calcular,Indicativo,Pretérito imperfecto,ellos,calculaban,6,reviewed,
ES,calcular,Condicional,Condicional,yo,calcularía,6,reviewed,
ES,calcular,Condicional,Condicional,tú,calcularías,6,reviewed,
ES,calcular,Condicional,Condicional,él,calcularía,6,reviewed,
ES,calcular,Condicional,Condicional,nosotros,calcularíamos,6,reviewed,
ES,calcular,Condicional,Condicional,vosotros,calcularíais,6,reviewed,
ES,calcular,Condicional,Condicional,ellos,calcularían,6,reviewed,
ES,calcular,Imperativo,Imperativo,yo,-,6,reviewed,yo imperative placeholder -; no standard form
ES,calcular,Imperativo,Imperativo,tú,calcula,6,reviewed,
ES,calcular,Imperativo,Imperativo,él,calcule,6,reviewed,
ES,calcular,Imperativo,Imperativo,nosotros,calculemos,6,reviewed,
ES,calcular,Imperativo,Imperativo,vosotros,calculad,6,reviewed,
ES,calcular,Imperativo,Imperativo,ellos,calculen,6,reviewed,
ES,calcular,Indicativo,Futuro perfecto,yo,habré calculado,6,reviewed,
ES,calcular,Indicativo,Futuro perfecto,tú,habrás calculado,6,reviewed,
ES,calcular,Indicativo,Futuro perfecto,él,habrá calculado,6,reviewed,
ES,calcular,Indicativo,Futuro perfecto,nosotros,habremos calculado,6,reviewed,
ES,calcular,Indicativo,Futuro perfecto,vosotros,habréis calculado,6,reviewed,
ES,calcular,Indicativo,Futuro perfecto,ellos,habrán calculado,6,reviewed,
ES,calcular,Subjuntivo,Subjuntivo presente,yo,calcule,6,reviewed,
ES,calcular,Subjuntivo,Subjuntivo presente,tú,calcules,6,reviewed,
ES,calcular,Subjuntivo,Subjuntivo presente,él,calcule,6,reviewed,
ES,calcular,Subjuntivo,Subjuntivo presente,nosotros,calculemos,6,reviewed,
ES,calcular,Subjuntivo,Subjuntivo presente,vosotros,calculéis,6,reviewed,
ES,calcular,Subjuntivo,Subjuntivo presente,ellos,calculen,6,reviewed,
ES,calcular,Indicativo,Pretérito perfecto simple,yo,calculé,6,reviewed,
ES,calcular,Indicativo,Pretérito perfecto simple,tú,calculaste,6,reviewed,
ES,calcular,Indicativo,Pretérito perfecto simple,él,calculó,6,reviewed,
ES,calcular,Indicativo,Pretérito perfecto simple,nosotros,calculamos,6,reviewed,
ES,calcular,Indicativo,Pretérito perfecto simple,vosotros,calculasteis,6,reviewed,
ES,calcular,Indicativo,Pretérito perfecto simple,ellos,calcularon,6,reviewed,
ES,calcular,Indicativo,Pretérito pluscuamperfecto,yo,había calculado,6,reviewed,
ES,calcular,Indicativo,Pretérito pluscuamperfecto,tú,habías calculado,6,reviewed,
ES,calcular,Indicativo,Pretérito pluscuamperfecto,él,había calculado,6,reviewed,
ES,calcular,Indicativo,Pretérito pluscuamperfecto,nosotros,habíamos calculado,6,reviewed,
ES,calcular,Indicativo,Pretérito pluscuamperfecto,vosotros,habíais calculado,6,reviewed,
ES,calcular,Indicativo,Pretérito pluscuamperfecto,ellos,habían calculado,6,reviewed,
ES,dirigir,Indicativo,Presente,yo,dirijo,6,reviewed,
ES,dirigir,Indicativo,Presente,tú,diriges,6,reviewed,
ES,dirigir,Indicativo,Presente,él,dirige,6,reviewed,
ES,dirigir,Indicativo,Presente,nosotros,dirigimos,6,reviewed,
ES,dirigir,Indicativo,Presente,vosotros,dirigís,6,reviewed,
ES,dirigir,Indicativo,Presente,ellos,dirigen,6,reviewed,
ES,dirigir,Indicativo,Futuro,yo,dirigiré,6,reviewed,
ES,dirigir,Indicativo,Futuro,tú,dirigirás,6,reviewed,
ES,dirigir,Indicativo,Futuro,él,dirigirá,6,reviewed,
ES,dirigir,Indicativo,Futuro,nosotros,dirigiremos,6,reviewed,
ES,dirigir,Indicativo,Futuro,vosotros,dirigiréis,6,reviewed,
ES,dirigir,Indicativo,Futuro,ellos,dirigirán,6,reviewed,
ES,dirigir,Indicativo,Pretérito perfecto compuesto,yo,he dirigido,6,reviewed,
ES,dirigir,Indicativo,Pretérito perfecto compuesto,tú,has dirigido,6,reviewed,
ES,dirigir,Indicativo,Pretérito perfecto compuesto,él,ha dirigido,6,reviewed,
ES,dirigir,Indicativo,Pretérito perfecto compuesto,nosotros,hemos dirigido,6,reviewed,
ES,dirigir,Indicativo,Pretérito perfecto compuesto,vosotros,habéis dirigido,6,reviewed,
ES,dirigir,Indicativo,Pretérito perfecto compuesto,ellos,han dirigido,6,reviewed,
ES,dirigir,Indicativo,Pretérito imperfecto,yo,dirigía,6,reviewed,
ES,dirigir,Indicativo,Pretérito imperfecto,tú,dirigías,6,reviewed,
ES,dirigir,Indicativo,Pretérito imperfecto,él,dirigía,6,reviewed,
ES,dirigir,Indicativo,Pretérito imperfecto,nosotros,dirigíamos,6,reviewed,
ES,dirigir,Indicativo,Pretérito imperfecto,vosotros,dirigíais,6,reviewed,
ES,dirigir,Indicativo,Pretérito imperfecto,ellos,dirigían,6,reviewed,
ES,dirigir,Condicional,Condicional,yo,dirigiría,6,reviewed,
ES,dirigir,Condicional,Condicional,tú,dirigirías,6,reviewed,
ES,dirigir,Condicional,Condicional,él,dirigiría,6,reviewed,
ES,dirigir,Condicional,Condicional,nosotros,dirigiríamos,6,reviewed,
ES,dirigir,Condicional,Condicional,vosotros,dirigiríais,6,reviewed,
ES,dirigir,Condicional,Condicional,ellos,dirigirían,6,reviewed,
ES,dirigir,Imperativo,Imperativo,yo,-,6,reviewed,yo imperative placeholder -; no standard form
ES,dirigir,Imperativo,Imperativo,tú,dirige,6,reviewed,
ES,dirigir,Imperativo,Imperativo,él,dirija,6,reviewed,
ES,dirigir,Imperativo,Imperativo,nosotros,dirijamos,6,reviewed,
ES,dirigir,Imperativo,Imperativo,vosotros,dirigid,6,reviewed,
ES,dirigir,Imperativo,Imperativo,ellos,dirijan,6,reviewed,
ES,dirigir,Indicativo,Futuro perfecto,yo,habré dirigido,6,reviewed,
ES,dirigir,Indicativo,Futuro perfecto,tú,habrás dirigido,6,reviewed,
ES,dirigir,Indicativo,Futuro perfecto,él,habrá dirigido,6,reviewed,
ES,dirigir,Indicativo,Futuro perfecto,nosotros,habremos dirigido,6,reviewed,
ES,dirigir,Indicativo,Futuro perfecto,vosotros,habréis dirigido,6,reviewed,
ES,dirigir,Indicativo,Futuro perfecto,ellos,habrán dirigido,6,reviewed,
ES,dirigir,Subjuntivo,Subjuntivo presente,yo,dirija,6,reviewed,
ES,dirigir,Subjuntivo,Subjuntivo presente,tú,dirijas,6,reviewed,
ES,dirigir,Subjuntivo,Subjuntivo presente,él,dirija,6,reviewed,
ES,dirigir,Subjuntivo,Subjuntivo presente,nosotros,dirijamos,6,reviewed,
ES,dirigir,Subjuntivo,Subjuntivo presente,vosotros,dirijáis,6,reviewed,
ES,dirigir,Subjuntivo,Subjuntivo presente,ellos,dirijan,6,reviewed,
ES,dirigir,Indicativo,Pretérito perfecto simple,yo,dirigí,6,reviewed,
ES,dirigir,Indicativo,Pretérito perfecto simple,tú,dirigiste,6,reviewed,
ES,dirigir,Indicativo,Pretérito perfecto simple,él,dirigió,6,reviewed,
ES,dirigir,Indicativo,Pretérito perfecto simple,nosotros,dirigimos,6,reviewed,
ES,dirigir,Indicativo,Pretérito perfecto simple,vosotros,dirigisteis,6,reviewed,
ES,dirigir,Indicativo,Pretérito perfecto simple,ellos,dirigieron,6,reviewed,
ES,dirigir,Indicativo,Pretérito pluscuamperfecto,yo,había dirigido,6,reviewed,
ES,dirigir,Indicativo,Pretérito pluscuamperfecto,tú,habías dirigido,6,reviewed,
ES,dirigir,Indicativo,Pretérito pluscuamperfecto,él,había dirigido,6,reviewed,
ES,dirigir,Indicativo,Pretérito pluscuamperfecto,nosotros,habíamos dirigido,6,reviewed,
ES,dirigir,Indicativo,Pretérito pluscuamperfecto,vosotros,habíais dirigido,6,reviewed,
ES,dirigir,Indicativo,Pretérito pluscuamperfecto,ellos,habían dirigido,6,reviewed,
ES,poseer,Indicativo,Presente,yo,poseo,6,reviewed,accent-sensitive paradigm; QA recommended
ES,poseer,Indicativo,Presente,tú,posees,6,reviewed,accent-sensitive paradigm; QA recommended
ES,poseer,Indicativo,Presente,él,posee,6,reviewed,accent-sensitive paradigm; QA recommended
ES,poseer,Indicativo,Presente,nosotros,poseemos,6,reviewed,accent-sensitive paradigm; QA recommended
ES,poseer,Indicativo,Presente,vosotros,poseéis,6,reviewed,accent-sensitive paradigm; QA recommended
ES,poseer,Indicativo,Presente,ellos,poseen,6,reviewed,accent-sensitive paradigm; QA recommended
ES,poseer,Indicativo,Futuro,yo,poseeré,6,reviewed,accent-sensitive paradigm; QA recommended
ES,poseer,Indicativo,Futuro,tú,poseerás,6,reviewed,accent-sensitive paradigm; QA recommended
ES,poseer,Indicativo,Futuro,él,poseerá,6,reviewed,accent-sensitive paradigm; QA recommended
ES,poseer,Indicativo,Futuro,nosotros,poseeremos,6,reviewed,accent-sensitive paradigm; QA recommended
ES,poseer,Indicativo,Futuro,vosotros,poseeréis,6,reviewed,accent-sensitive paradigm; QA recommended
ES,poseer,Indicativo,Futuro,ellos,poseerán,6,reviewed,accent-sensitive paradigm; QA recommended
ES,poseer,Indicativo,Pretérito perfecto compuesto,yo,he poseído,6,reviewed,accent-sensitive paradigm; QA recommended
ES,poseer,Indicativo,Pretérito perfecto compuesto,tú,has poseído,6,reviewed,accent-sensitive paradigm; QA recommended
ES,poseer,Indicativo,Pretérito perfecto compuesto,él,ha poseído,6,reviewed,accent-sensitive paradigm; QA recommended
ES,poseer,Indicativo,Pretérito perfecto compuesto,nosotros,hemos poseído,6,reviewed,accent-sensitive paradigm; QA recommended
ES,poseer,Indicativo,Pretérito perfecto compuesto,vosotros,habéis poseído,6,reviewed,accent-sensitive paradigm; QA recommended
ES,poseer,Indicativo,Pretérito perfecto compuesto,ellos,han poseído,6,reviewed,accent-sensitive paradigm; QA recommended
ES,poseer,Indicativo,Pretérito imperfecto,yo,poseía,6,reviewed,accent-sensitive paradigm; QA recommended
ES,poseer,Indicativo,Pretérito imperfecto,tú,poseías,6,reviewed,accent-sensitive paradigm; QA recommended
ES,poseer,Indicativo,Pretérito imperfecto,él,poseía,6,reviewed,accent-sensitive paradigm; QA recommended
ES,poseer,Indicativo,Pretérito imperfecto,nosotros,poseíamos,6,reviewed,accent-sensitive paradigm; QA recommended
ES,poseer,Indicativo,Pretérito imperfecto,vosotros,poseíais,6,reviewed,accent-sensitive paradigm; QA recommended
ES,poseer,Indicativo,Pretérito imperfecto,ellos,poseían,6,reviewed,accent-sensitive paradigm; QA recommended
ES,poseer,Condicional,Condicional,yo,poseería,6,reviewed,accent-sensitive paradigm; QA recommended
ES,poseer,Condicional,Condicional,tú,poseerías,6,reviewed,accent-sensitive paradigm; QA recommended
ES,poseer,Condicional,Condicional,él,poseería,6,reviewed,accent-sensitive paradigm; QA recommended
ES,poseer,Condicional,Condicional,nosotros,poseeríamos,6,reviewed,accent-sensitive paradigm; QA recommended
ES,poseer,Condicional,Condicional,vosotros,poseeríais,6,reviewed,accent-sensitive paradigm; QA recommended
ES,poseer,Condicional,Condicional,ellos,poseerían,6,reviewed,accent-sensitive paradigm; QA recommended
ES,poseer,Imperativo,Imperativo,yo,-,6,reviewed,accent-sensitive paradigm; yo imperative placeholder -; QA recommended
ES,poseer,Imperativo,Imperativo,tú,posee,6,reviewed,accent-sensitive paradigm; QA recommended
ES,poseer,Imperativo,Imperativo,él,posea,6,reviewed,accent-sensitive paradigm; QA recommended
ES,poseer,Imperativo,Imperativo,nosotros,poseamos,6,reviewed,accent-sensitive paradigm; QA recommended
ES,poseer,Imperativo,Imperativo,vosotros,poseed,6,reviewed,accent-sensitive paradigm; QA recommended
ES,poseer,Imperativo,Imperativo,ellos,posean,6,reviewed,accent-sensitive paradigm; QA recommended
ES,poseer,Indicativo,Futuro perfecto,yo,habré poseído,6,reviewed,accent-sensitive paradigm; QA recommended
ES,poseer,Indicativo,Futuro perfecto,tú,habrás poseído,6,reviewed,accent-sensitive paradigm; QA recommended
ES,poseer,Indicativo,Futuro perfecto,él,habrá poseído,6,reviewed,accent-sensitive paradigm; QA recommended
ES,poseer,Indicativo,Futuro perfecto,nosotros,habremos poseído,6,reviewed,accent-sensitive paradigm; QA recommended
ES,poseer,Indicativo,Futuro perfecto,vosotros,habréis poseído,6,reviewed,accent-sensitive paradigm; QA recommended
ES,poseer,Indicativo,Futuro perfecto,ellos,habrán poseído,6,reviewed,accent-sensitive paradigm; QA recommended
ES,poseer,Subjuntivo,Subjuntivo presente,yo,posea,6,reviewed,accent-sensitive paradigm; QA recommended
ES,poseer,Subjuntivo,Subjuntivo presente,tú,poseas,6,reviewed,accent-sensitive paradigm; QA recommended
ES,poseer,Subjuntivo,Subjuntivo presente,él,posea,6,reviewed,accent-sensitive paradigm; QA recommended
ES,poseer,Subjuntivo,Subjuntivo presente,nosotros,poseamos,6,reviewed,accent-sensitive paradigm; QA recommended
ES,poseer,Subjuntivo,Subjuntivo presente,vosotros,poseáis,6,reviewed,accent-sensitive paradigm; QA recommended
ES,poseer,Subjuntivo,Subjuntivo presente,ellos,posean,6,reviewed,accent-sensitive paradigm; QA recommended
ES,poseer,Indicativo,Pretérito perfecto simple,yo,poseí,6,reviewed,accent-sensitive paradigm; QA recommended
ES,poseer,Indicativo,Pretérito perfecto simple,tú,poseíste,6,reviewed,accent-sensitive paradigm; QA recommended
ES,poseer,Indicativo,Pretérito perfecto simple,él,poseyó,6,reviewed,accent-sensitive paradigm; QA recommended
ES,poseer,Indicativo,Pretérito perfecto simple,nosotros,poseímos,6,reviewed,accent-sensitive paradigm; QA recommended
ES,poseer,Indicativo,Pretérito perfecto simple,vosotros,poseísteis,6,reviewed,accent-sensitive paradigm; QA recommended
ES,poseer,Indicativo,Pretérito perfecto simple,ellos,poseyeron,6,reviewed,accent-sensitive paradigm; QA recommended
ES,poseer,Indicativo,Pretérito pluscuamperfecto,yo,había poseído,6,reviewed,accent-sensitive paradigm; QA recommended
ES,poseer,Indicativo,Pretérito pluscuamperfecto,tú,habías poseído,6,reviewed,accent-sensitive paradigm; QA recommended
ES,poseer,Indicativo,Pretérito pluscuamperfecto,él,había poseído,6,reviewed,accent-sensitive paradigm; QA recommended
ES,poseer,Indicativo,Pretérito pluscuamperfecto,nosotros,habíamos poseído,6,reviewed,accent-sensitive paradigm; QA recommended
ES,poseer,Indicativo,Pretérito pluscuamperfecto,vosotros,habíais poseído,6,reviewed,accent-sensitive paradigm; QA recommended
ES,poseer,Indicativo,Pretérito pluscuamperfecto,ellos,habían poseído,6,reviewed,accent-sensitive paradigm; QA recommended
ES,retirar,Indicativo,Presente,yo,retiro,6,reviewed,
ES,retirar,Indicativo,Presente,tú,retiras,6,reviewed,
ES,retirar,Indicativo,Presente,él,retira,6,reviewed,
ES,retirar,Indicativo,Presente,nosotros,retiramos,6,reviewed,
ES,retirar,Indicativo,Presente,vosotros,retiráis,6,reviewed,
ES,retirar,Indicativo,Presente,ellos,retiran,6,reviewed,
ES,retirar,Indicativo,Futuro,yo,retiraré,6,reviewed,
ES,retirar,Indicativo,Futuro,tú,retirarás,6,reviewed,
ES,retirar,Indicativo,Futuro,él,retirará,6,reviewed,
ES,retirar,Indicativo,Futuro,nosotros,retiraremos,6,reviewed,
ES,retirar,Indicativo,Futuro,vosotros,retiraréis,6,reviewed,
ES,retirar,Indicativo,Futuro,ellos,retirarán,6,reviewed,
ES,retirar,Indicativo,Pretérito perfecto compuesto,yo,he retirado,6,reviewed,
ES,retirar,Indicativo,Pretérito perfecto compuesto,tú,has retirado,6,reviewed,
ES,retirar,Indicativo,Pretérito perfecto compuesto,él,ha retirado,6,reviewed,
ES,retirar,Indicativo,Pretérito perfecto compuesto,nosotros,hemos retirado,6,reviewed,
ES,retirar,Indicativo,Pretérito perfecto compuesto,vosotros,habéis retirado,6,reviewed,
ES,retirar,Indicativo,Pretérito perfecto compuesto,ellos,han retirado,6,reviewed,
ES,retirar,Indicativo,Pretérito imperfecto,yo,retiraba,6,reviewed,
ES,retirar,Indicativo,Pretérito imperfecto,tú,retirabas,6,reviewed,
ES,retirar,Indicativo,Pretérito imperfecto,él,retiraba,6,reviewed,
ES,retirar,Indicativo,Pretérito imperfecto,nosotros,retirábamos,6,reviewed,
ES,retirar,Indicativo,Pretérito imperfecto,vosotros,retirabais,6,reviewed,
ES,retirar,Indicativo,Pretérito imperfecto,ellos,retiraban,6,reviewed,
ES,retirar,Condicional,Condicional,yo,retiraría,6,reviewed,
ES,retirar,Condicional,Condicional,tú,retirarías,6,reviewed,
ES,retirar,Condicional,Condicional,él,retiraría,6,reviewed,
ES,retirar,Condicional,Condicional,nosotros,retiraríamos,6,reviewed,
ES,retirar,Condicional,Condicional,vosotros,retiraríais,6,reviewed,
ES,retirar,Condicional,Condicional,ellos,retirarían,6,reviewed,
ES,retirar,Imperativo,Imperativo,yo,-,6,reviewed,yo imperative placeholder -; no standard form
ES,retirar,Imperativo,Imperativo,tú,retira,6,reviewed,
ES,retirar,Imperativo,Imperativo,él,retire,6,reviewed,
ES,retirar,Imperativo,Imperativo,nosotros,retiremos,6,reviewed,
ES,retirar,Imperativo,Imperativo,vosotros,retirad,6,reviewed,
ES,retirar,Imperativo,Imperativo,ellos,retiren,6,reviewed,
ES,retirar,Indicativo,Futuro perfecto,yo,habré retirado,6,reviewed,
ES,retirar,Indicativo,Futuro perfecto,tú,habrás retirado,6,reviewed,
ES,retirar,Indicativo,Futuro perfecto,él,habrá retirado,6,reviewed,
ES,retirar,Indicativo,Futuro perfecto,nosotros,habremos retirado,6,reviewed,
ES,retirar,Indicativo,Futuro perfecto,vosotros,habréis retirado,6,reviewed,
ES,retirar,Indicativo,Futuro perfecto,ellos,habrán retirado,6,reviewed,
ES,retirar,Subjuntivo,Subjuntivo presente,yo,retire,6,reviewed,
ES,retirar,Subjuntivo,Subjuntivo presente,tú,retires,6,reviewed,
ES,retirar,Subjuntivo,Subjuntivo presente,él,retire,6,reviewed,
ES,retirar,Subjuntivo,Subjuntivo presente,nosotros,retiremos,6,reviewed,
ES,retirar,Subjuntivo,Subjuntivo presente,vosotros,retiréis,6,reviewed,
ES,retirar,Subjuntivo,Subjuntivo presente,ellos,retiren,6,reviewed,
ES,retirar,Indicativo,Pretérito perfecto simple,yo,retiré,6,reviewed,
ES,retirar,Indicativo,Pretérito perfecto simple,tú,retiraste,6,reviewed,
ES,retirar,Indicativo,Pretérito perfecto simple,él,retiró,6,reviewed,
ES,retirar,Indicativo,Pretérito perfecto simple,nosotros,retiramos,6,reviewed,
ES,retirar,Indicativo,Pretérito perfecto simple,vosotros,retirasteis,6,reviewed,
ES,retirar,Indicativo,Pretérito perfecto simple,ellos,retiraron,6,reviewed,
ES,retirar,Indicativo,Pretérito pluscuamperfecto,yo,había retirado,6,reviewed,
ES,retirar,Indicativo,Pretérito pluscuamperfecto,tú,habías retirado,6,reviewed,
ES,retirar,Indicativo,Pretérito pluscuamperfecto,él,había retirado,6,reviewed,
ES,retirar,Indicativo,Pretérito pluscuamperfecto,nosotros,habíamos retirado,6,reviewed,
ES,retirar,Indicativo,Pretérito pluscuamperfecto,vosotros,habíais retirado,6,reviewed,
ES,retirar,Indicativo,Pretérito pluscuamperfecto,ellos,habían retirado,6,reviewed,
ES,durar,Indicativo,Presente,yo,duro,6,reviewed,
ES,durar,Indicativo,Presente,tú,duras,6,reviewed,
ES,durar,Indicativo,Presente,él,dura,6,reviewed,
ES,durar,Indicativo,Presente,nosotros,duramos,6,reviewed,
ES,durar,Indicativo,Presente,vosotros,duráis,6,reviewed,
ES,durar,Indicativo,Presente,ellos,duran,6,reviewed,
ES,durar,Indicativo,Futuro,yo,duraré,6,reviewed,
ES,durar,Indicativo,Futuro,tú,durarás,6,reviewed,
ES,durar,Indicativo,Futuro,él,durará,6,reviewed,
ES,durar,Indicativo,Futuro,nosotros,duraremos,6,reviewed,
ES,durar,Indicativo,Futuro,vosotros,duraréis,6,reviewed,
ES,durar,Indicativo,Futuro,ellos,durarán,6,reviewed,
ES,durar,Indicativo,Pretérito perfecto compuesto,yo,he durado,6,reviewed,
ES,durar,Indicativo,Pretérito perfecto compuesto,tú,has durado,6,reviewed,
ES,durar,Indicativo,Pretérito perfecto compuesto,él,ha durado,6,reviewed,
ES,durar,Indicativo,Pretérito perfecto compuesto,nosotros,hemos durado,6,reviewed,
ES,durar,Indicativo,Pretérito perfecto compuesto,vosotros,habéis durado,6,reviewed,
ES,durar,Indicativo,Pretérito perfecto compuesto,ellos,han durado,6,reviewed,
ES,durar,Indicativo,Pretérito imperfecto,yo,duraba,6,reviewed,
ES,durar,Indicativo,Pretérito imperfecto,tú,durabas,6,reviewed,
ES,durar,Indicativo,Pretérito imperfecto,él,duraba,6,reviewed,
ES,durar,Indicativo,Pretérito imperfecto,nosotros,durábamos,6,reviewed,
ES,durar,Indicativo,Pretérito imperfecto,vosotros,durabais,6,reviewed,
ES,durar,Indicativo,Pretérito imperfecto,ellos,duraban,6,reviewed,
ES,durar,Condicional,Condicional,yo,duraría,6,reviewed,
ES,durar,Condicional,Condicional,tú,durarías,6,reviewed,
ES,durar,Condicional,Condicional,él,duraría,6,reviewed,
ES,durar,Condicional,Condicional,nosotros,duraríamos,6,reviewed,
ES,durar,Condicional,Condicional,vosotros,duraríais,6,reviewed,
ES,durar,Condicional,Condicional,ellos,durarían,6,reviewed,
ES,durar,Imperativo,Imperativo,yo,-,6,reviewed,yo imperative placeholder -; no standard form
ES,durar,Imperativo,Imperativo,tú,dura,6,reviewed,
ES,durar,Imperativo,Imperativo,él,dure,6,reviewed,
ES,durar,Imperativo,Imperativo,nosotros,duremos,6,reviewed,
ES,durar,Imperativo,Imperativo,vosotros,durad,6,reviewed,
ES,durar,Imperativo,Imperativo,ellos,duren,6,reviewed,
ES,durar,Indicativo,Futuro perfecto,yo,habré durado,6,reviewed,
ES,durar,Indicativo,Futuro perfecto,tú,habrás durado,6,reviewed,
ES,durar,Indicativo,Futuro perfecto,él,habrá durado,6,reviewed,
ES,durar,Indicativo,Futuro perfecto,nosotros,habremos durado,6,reviewed,
ES,durar,Indicativo,Futuro perfecto,vosotros,habréis durado,6,reviewed,
ES,durar,Indicativo,Futuro perfecto,ellos,habrán durado,6,reviewed,
ES,durar,Subjuntivo,Subjuntivo presente,yo,dure,6,reviewed,
ES,durar,Subjuntivo,Subjuntivo presente,tú,dures,6,reviewed,
ES,durar,Subjuntivo,Subjuntivo presente,él,dure,6,reviewed,
ES,durar,Subjuntivo,Subjuntivo presente,nosotros,duremos,6,reviewed,
ES,durar,Subjuntivo,Subjuntivo presente,vosotros,duréis,6,reviewed,
ES,durar,Subjuntivo,Subjuntivo presente,ellos,duren,6,reviewed,
ES,durar,Indicativo,Pretérito perfecto simple,yo,duré,6,reviewed,
ES,durar,Indicativo,Pretérito perfecto simple,tú,duraste,6,reviewed,
ES,durar,Indicativo,Pretérito perfecto simple,él,duró,6,reviewed,
ES,durar,Indicativo,Pretérito perfecto simple,nosotros,duramos,6,reviewed,
ES,durar,Indicativo,Pretérito perfecto simple,vosotros,durasteis,6,reviewed,
ES,durar,Indicativo,Pretérito perfecto simple,ellos,duraron,6,reviewed,
ES,durar,Indicativo,Pretérito pluscuamperfecto,yo,había durado,6,reviewed,
ES,durar,Indicativo,Pretérito pluscuamperfecto,tú,habías durado,6,reviewed,
ES,durar,Indicativo,Pretérito pluscuamperfecto,él,había durado,6,reviewed,
ES,durar,Indicativo,Pretérito pluscuamperfecto,nosotros,habíamos durado,6,reviewed,
ES,durar,Indicativo,Pretérito pluscuamperfecto,vosotros,habíais durado,6,reviewed,
ES,durar,Indicativo,Pretérito pluscuamperfecto,ellos,habían durado,6,reviewed,
ES,volar,Indicativo,Presente,yo,vuelo,6,reviewed,
ES,volar,Indicativo,Presente,tú,vuelas,6,reviewed,
ES,volar,Indicativo,Presente,él,vuela,6,reviewed,
ES,volar,Indicativo,Presente,nosotros,volamos,6,reviewed,
ES,volar,Indicativo,Presente,vosotros,voláis,6,reviewed,
ES,volar,Indicativo,Presente,ellos,vuelan,6,reviewed,
ES,volar,Indicativo,Futuro,yo,volaré,6,reviewed,
ES,volar,Indicativo,Futuro,tú,volarás,6,reviewed,
ES,volar,Indicativo,Futuro,él,volará,6,reviewed,
ES,volar,Indicativo,Futuro,nosotros,volaremos,6,reviewed,
ES,volar,Indicativo,Futuro,vosotros,volaréis,6,reviewed,
ES,volar,Indicativo,Futuro,ellos,volarán,6,reviewed,
ES,volar,Indicativo,Pretérito perfecto compuesto,yo,he volado,6,reviewed,
ES,volar,Indicativo,Pretérito perfecto compuesto,tú,has volado,6,reviewed,
ES,volar,Indicativo,Pretérito perfecto compuesto,él,ha volado,6,reviewed,
ES,volar,Indicativo,Pretérito perfecto compuesto,nosotros,hemos volado,6,reviewed,
ES,volar,Indicativo,Pretérito perfecto compuesto,vosotros,habéis volado,6,reviewed,
ES,volar,Indicativo,Pretérito perfecto compuesto,ellos,han volado,6,reviewed,
ES,volar,Indicativo,Pretérito imperfecto,yo,volaba,6,reviewed,
ES,volar,Indicativo,Pretérito imperfecto,tú,volabas,6,reviewed,
ES,volar,Indicativo,Pretérito imperfecto,él,volaba,6,reviewed,
ES,volar,Indicativo,Pretérito imperfecto,nosotros,volábamos,6,reviewed,
ES,volar,Indicativo,Pretérito imperfecto,vosotros,volabais,6,reviewed,
ES,volar,Indicativo,Pretérito imperfecto,ellos,volaban,6,reviewed,
ES,volar,Condicional,Condicional,yo,volaría,6,reviewed,
ES,volar,Condicional,Condicional,tú,volarías,6,reviewed,
ES,volar,Condicional,Condicional,él,volaría,6,reviewed,
ES,volar,Condicional,Condicional,nosotros,volaríamos,6,reviewed,
ES,volar,Condicional,Condicional,vosotros,volaríais,6,reviewed,
ES,volar,Condicional,Condicional,ellos,volarían,6,reviewed,
ES,volar,Imperativo,Imperativo,yo,-,6,reviewed,yo imperative placeholder -; no standard form
ES,volar,Imperativo,Imperativo,tú,vuela,6,reviewed,
ES,volar,Imperativo,Imperativo,él,vuele,6,reviewed,
ES,volar,Imperativo,Imperativo,nosotros,volemos,6,reviewed,
ES,volar,Imperativo,Imperativo,vosotros,volad,6,reviewed,
ES,volar,Imperativo,Imperativo,ellos,vuelen,6,reviewed,
ES,volar,Indicativo,Futuro perfecto,yo,habré volado,6,reviewed,
ES,volar,Indicativo,Futuro perfecto,tú,habrás volado,6,reviewed,
ES,volar,Indicativo,Futuro perfecto,él,habrá volado,6,reviewed,
ES,volar,Indicativo,Futuro perfecto,nosotros,habremos volado,6,reviewed,
ES,volar,Indicativo,Futuro perfecto,vosotros,habréis volado,6,reviewed,
ES,volar,Indicativo,Futuro perfecto,ellos,habrán volado,6,reviewed,
ES,volar,Subjuntivo,Subjuntivo presente,yo,vuele,6,reviewed,
ES,volar,Subjuntivo,Subjuntivo presente,tú,vueles,6,reviewed,
ES,volar,Subjuntivo,Subjuntivo presente,él,vuele,6,reviewed,
ES,volar,Subjuntivo,Subjuntivo presente,nosotros,volemos,6,reviewed,
ES,volar,Subjuntivo,Subjuntivo presente,vosotros,voléis,6,reviewed,
ES,volar,Subjuntivo,Subjuntivo presente,ellos,vuelen,6,reviewed,
ES,volar,Indicativo,Pretérito perfecto simple,yo,volé,6,reviewed,
ES,volar,Indicativo,Pretérito perfecto simple,tú,volaste,6,reviewed,
ES,volar,Indicativo,Pretérito perfecto simple,él,voló,6,reviewed,
ES,volar,Indicativo,Pretérito perfecto simple,nosotros,volamos,6,reviewed,
ES,volar,Indicativo,Pretérito perfecto simple,vosotros,volasteis,6,reviewed,
ES,volar,Indicativo,Pretérito perfecto simple,ellos,volaron,6,reviewed,
ES,volar,Indicativo,Pretérito pluscuamperfecto,yo,había volado,6,reviewed,
ES,volar,Indicativo,Pretérito pluscuamperfecto,tú,habías volado,6,reviewed,
ES,volar,Indicativo,Pretérito pluscuamperfecto,él,había volado,6,reviewed,
ES,volar,Indicativo,Pretérito pluscuamperfecto,nosotros,habíamos volado,6,reviewed,
ES,volar,Indicativo,Pretérito pluscuamperfecto,vosotros,habíais volado,6,reviewed,
ES,volar,Indicativo,Pretérito pluscuamperfecto,ellos,habían volado,6,reviewed,
ES,robar,Indicativo,Presente,yo,robo,6,reviewed,
ES,robar,Indicativo,Presente,tú,robas,6,reviewed,
ES,robar,Indicativo,Presente,él,roba,6,reviewed,
ES,robar,Indicativo,Presente,nosotros,robamos,6,reviewed,
ES,robar,Indicativo,Presente,vosotros,robáis,6,reviewed,
ES,robar,Indicativo,Presente,ellos,roban,6,reviewed,
ES,robar,Indicativo,Futuro,yo,robaré,6,reviewed,
ES,robar,Indicativo,Futuro,tú,robarás,6,reviewed,
ES,robar,Indicativo,Futuro,él,robará,6,reviewed,
ES,robar,Indicativo,Futuro,nosotros,robaremos,6,reviewed,
ES,robar,Indicativo,Futuro,vosotros,robaréis,6,reviewed,
ES,robar,Indicativo,Futuro,ellos,robarán,6,reviewed,
ES,robar,Indicativo,Pretérito perfecto compuesto,yo,he robado,6,reviewed,
ES,robar,Indicativo,Pretérito perfecto compuesto,tú,has robado,6,reviewed,
ES,robar,Indicativo,Pretérito perfecto compuesto,él,ha robado,6,reviewed,
ES,robar,Indicativo,Pretérito perfecto compuesto,nosotros,hemos robado,6,reviewed,
ES,robar,Indicativo,Pretérito perfecto compuesto,vosotros,habéis robado,6,reviewed,
ES,robar,Indicativo,Pretérito perfecto compuesto,ellos,han robado,6,reviewed,
ES,robar,Indicativo,Pretérito imperfecto,yo,robaba,6,reviewed,
ES,robar,Indicativo,Pretérito imperfecto,tú,robabas,6,reviewed,
ES,robar,Indicativo,Pretérito imperfecto,él,robaba,6,reviewed,
ES,robar,Indicativo,Pretérito imperfecto,nosotros,robábamos,6,reviewed,
ES,robar,Indicativo,Pretérito imperfecto,vosotros,robabais,6,reviewed,
ES,robar,Indicativo,Pretérito imperfecto,ellos,robaban,6,reviewed,
ES,robar,Condicional,Condicional,yo,robaría,6,reviewed,
ES,robar,Condicional,Condicional,tú,robarías,6,reviewed,
ES,robar,Condicional,Condicional,él,robaría,6,reviewed,
ES,robar,Condicional,Condicional,nosotros,robaríamos,6,reviewed,
ES,robar,Condicional,Condicional,vosotros,robaríais,6,reviewed,
ES,robar,Condicional,Condicional,ellos,robarían,6,reviewed,
ES,robar,Imperativo,Imperativo,yo,-,6,reviewed,yo imperative placeholder -; no standard form
ES,robar,Imperativo,Imperativo,tú,roba,6,reviewed,
ES,robar,Imperativo,Imperativo,él,robe,6,reviewed,
ES,robar,Imperativo,Imperativo,nosotros,robemos,6,reviewed,
ES,robar,Imperativo,Imperativo,vosotros,robad,6,reviewed,
ES,robar,Imperativo,Imperativo,ellos,roben,6,reviewed,
ES,robar,Indicativo,Futuro perfecto,yo,habré robado,6,reviewed,
ES,robar,Indicativo,Futuro perfecto,tú,habrás robado,6,reviewed,
ES,robar,Indicativo,Futuro perfecto,él,habrá robado,6,reviewed,
ES,robar,Indicativo,Futuro perfecto,nosotros,habremos robado,6,reviewed,
ES,robar,Indicativo,Futuro perfecto,vosotros,habréis robado,6,reviewed,
ES,robar,Indicativo,Futuro perfecto,ellos,habrán robado,6,reviewed,
ES,robar,Subjuntivo,Subjuntivo presente,yo,robe,6,reviewed,
ES,robar,Subjuntivo,Subjuntivo presente,tú,robes,6,reviewed,
ES,robar,Subjuntivo,Subjuntivo presente,él,robe,6,reviewed,
ES,robar,Subjuntivo,Subjuntivo presente,nosotros,robemos,6,reviewed,
ES,robar,Subjuntivo,Subjuntivo presente,vosotros,robéis,6,reviewed,
ES,robar,Subjuntivo,Subjuntivo presente,ellos,roben,6,reviewed,
ES,robar,Indicativo,Pretérito perfecto simple,yo,robé,6,reviewed,
ES,robar,Indicativo,Pretérito perfecto simple,tú,robaste,6,reviewed,
ES,robar,Indicativo,Pretérito perfecto simple,él,robó,6,reviewed,
ES,robar,Indicativo,Pretérito perfecto simple,nosotros,robamos,6,reviewed,
ES,robar,Indicativo,Pretérito perfecto simple,vosotros,robasteis,6,reviewed,
ES,robar,Indicativo,Pretérito perfecto simple,ellos,robaron,6,reviewed,
ES,robar,Indicativo,Pretérito pluscuamperfecto,yo,había robado,6,reviewed,
ES,robar,Indicativo,Pretérito pluscuamperfecto,tú,habías robado,6,reviewed,
ES,robar,Indicativo,Pretérito pluscuamperfecto,él,había robado,6,reviewed,
ES,robar,Indicativo,Pretérito pluscuamperfecto,nosotros,habíamos robado,6,reviewed,
ES,robar,Indicativo,Pretérito pluscuamperfecto,vosotros,habíais robado,6,reviewed,
ES,robar,Indicativo,Pretérito pluscuamperfecto,ellos,habían robado,6,reviewed,
ES,reventar,Indicativo,Presente,yo,reviento,6,reviewed,stem-changing paradigm; QA recommended
ES,reventar,Indicativo,Presente,tú,revientas,6,reviewed,stem-changing paradigm; QA recommended
ES,reventar,Indicativo,Presente,él,revienta,6,reviewed,stem-changing paradigm; QA recommended
ES,reventar,Indicativo,Presente,nosotros,reventamos,6,reviewed,stem-changing paradigm; QA recommended
ES,reventar,Indicativo,Presente,vosotros,reventáis,6,reviewed,stem-changing paradigm; QA recommended
ES,reventar,Indicativo,Presente,ellos,revientan,6,reviewed,stem-changing paradigm; QA recommended
ES,reventar,Indicativo,Futuro,yo,reventaré,6,reviewed,stem-changing paradigm; QA recommended
ES,reventar,Indicativo,Futuro,tú,reventarás,6,reviewed,stem-changing paradigm; QA recommended
ES,reventar,Indicativo,Futuro,él,reventará,6,reviewed,stem-changing paradigm; QA recommended
ES,reventar,Indicativo,Futuro,nosotros,reventaremos,6,reviewed,stem-changing paradigm; QA recommended
ES,reventar,Indicativo,Futuro,vosotros,reventaréis,6,reviewed,stem-changing paradigm; QA recommended
ES,reventar,Indicativo,Futuro,ellos,reventarán,6,reviewed,stem-changing paradigm; QA recommended
ES,reventar,Indicativo,Pretérito perfecto compuesto,yo,he reventado,6,reviewed,stem-changing paradigm; QA recommended
ES,reventar,Indicativo,Pretérito perfecto compuesto,tú,has reventado,6,reviewed,stem-changing paradigm; QA recommended
ES,reventar,Indicativo,Pretérito perfecto compuesto,él,ha reventado,6,reviewed,stem-changing paradigm; QA recommended
ES,reventar,Indicativo,Pretérito perfecto compuesto,nosotros,hemos reventado,6,reviewed,stem-changing paradigm; QA recommended
ES,reventar,Indicativo,Pretérito perfecto compuesto,vosotros,habéis reventado,6,reviewed,stem-changing paradigm; QA recommended
ES,reventar,Indicativo,Pretérito perfecto compuesto,ellos,han reventado,6,reviewed,stem-changing paradigm; QA recommended
ES,reventar,Indicativo,Pretérito imperfecto,yo,reventaba,6,reviewed,stem-changing paradigm; QA recommended
ES,reventar,Indicativo,Pretérito imperfecto,tú,reventabas,6,reviewed,stem-changing paradigm; QA recommended
ES,reventar,Indicativo,Pretérito imperfecto,él,reventaba,6,reviewed,stem-changing paradigm; QA recommended
ES,reventar,Indicativo,Pretérito imperfecto,nosotros,reventábamos,6,reviewed,stem-changing paradigm; QA recommended
ES,reventar,Indicativo,Pretérito imperfecto,vosotros,reventabais,6,reviewed,stem-changing paradigm; QA recommended
ES,reventar,Indicativo,Pretérito imperfecto,ellos,reventaban,6,reviewed,stem-changing paradigm; QA recommended
ES,reventar,Condicional,Condicional,yo,reventaría,6,reviewed,stem-changing paradigm; QA recommended
ES,reventar,Condicional,Condicional,tú,reventarías,6,reviewed,stem-changing paradigm; QA recommended
ES,reventar,Condicional,Condicional,él,reventaría,6,reviewed,stem-changing paradigm; QA recommended
ES,reventar,Condicional,Condicional,nosotros,reventaríamos,6,reviewed,stem-changing paradigm; QA recommended
ES,reventar,Condicional,Condicional,vosotros,reventaríais,6,reviewed,stem-changing paradigm; QA recommended
ES,reventar,Condicional,Condicional,ellos,reventarían,6,reviewed,stem-changing paradigm; QA recommended
ES,reventar,Imperativo,Imperativo,yo,-,6,reviewed,stem-changing paradigm; yo imperative placeholder -; QA recommended
ES,reventar,Imperativo,Imperativo,tú,revienta,6,reviewed,stem-changing paradigm; QA recommended
ES,reventar,Imperativo,Imperativo,él,reviente,6,reviewed,stem-changing paradigm; QA recommended
ES,reventar,Imperativo,Imperativo,nosotros,reventemos,6,reviewed,stem-changing paradigm; QA recommended
ES,reventar,Imperativo,Imperativo,vosotros,reventad,6,reviewed,stem-changing paradigm; QA recommended
ES,reventar,Imperativo,Imperativo,ellos,revienten,6,reviewed,stem-changing paradigm; QA recommended
ES,reventar,Indicativo,Futuro perfecto,yo,habré reventado,6,reviewed,stem-changing paradigm; QA recommended
ES,reventar,Indicativo,Futuro perfecto,tú,habrás reventado,6,reviewed,stem-changing paradigm; QA recommended
ES,reventar,Indicativo,Futuro perfecto,él,habrá reventado,6,reviewed,stem-changing paradigm; QA recommended
ES,reventar,Indicativo,Futuro perfecto,nosotros,habremos reventado,6,reviewed,stem-changing paradigm; QA recommended
ES,reventar,Indicativo,Futuro perfecto,vosotros,habréis reventado,6,reviewed,stem-changing paradigm; QA recommended
ES,reventar,Indicativo,Futuro perfecto,ellos,habrán reventado,6,reviewed,stem-changing paradigm; QA recommended
ES,reventar,Subjuntivo,Subjuntivo presente,yo,reviente,6,reviewed,stem-changing paradigm; QA recommended
ES,reventar,Subjuntivo,Subjuntivo presente,tú,revientes,6,reviewed,stem-changing paradigm; QA recommended
ES,reventar,Subjuntivo,Subjuntivo presente,él,reviente,6,reviewed,stem-changing paradigm; QA recommended
ES,reventar,Subjuntivo,Subjuntivo presente,nosotros,reventemos,6,reviewed,stem-changing paradigm; QA recommended
ES,reventar,Subjuntivo,Subjuntivo presente,vosotros,reventéis,6,reviewed,stem-changing paradigm; QA recommended
ES,reventar,Subjuntivo,Subjuntivo presente,ellos,revienten,6,reviewed,stem-changing paradigm; QA recommended
ES,reventar,Indicativo,Pretérito perfecto simple,yo,reventé,6,reviewed,stem-changing paradigm; QA recommended
ES,reventar,Indicativo,Pretérito perfecto simple,tú,reventaste,6,reviewed,stem-changing paradigm; QA recommended
ES,reventar,Indicativo,Pretérito perfecto simple,él,reventó,6,reviewed,stem-changing paradigm; QA recommended
ES,reventar,Indicativo,Pretérito perfecto simple,nosotros,reventamos,6,reviewed,stem-changing paradigm; QA recommended
ES,reventar,Indicativo,Pretérito perfecto simple,vosotros,reventasteis,6,reviewed,stem-changing paradigm; QA recommended
ES,reventar,Indicativo,Pretérito perfecto simple,ellos,reventaron,6,reviewed,stem-changing paradigm; QA recommended
ES,reventar,Indicativo,Pretérito pluscuamperfecto,yo,había reventado,6,reviewed,stem-changing paradigm; QA recommended
ES,reventar,Indicativo,Pretérito pluscuamperfecto,tú,habías reventado,6,reviewed,stem-changing paradigm; QA recommended
ES,reventar,Indicativo,Pretérito pluscuamperfecto,él,había reventado,6,reviewed,stem-changing paradigm; QA recommended
ES,reventar,Indicativo,Pretérito pluscuamperfecto,nosotros,habíamos reventado,6,reviewed,stem-changing paradigm; QA recommended
ES,reventar,Indicativo,Pretérito pluscuamperfecto,vosotros,habíais reventado,6,reviewed,stem-changing paradigm; QA recommended
ES,reventar,Indicativo,Pretérito pluscuamperfecto,ellos,habían reventado,6,reviewed,stem-changing paradigm; QA recommended
ES,morir,Indicativo,Presente,yo,muero,6,reviewed,
ES,morir,Indicativo,Presente,tú,mueres,6,reviewed,
ES,morir,Indicativo,Presente,él,muere,6,reviewed,
ES,morir,Indicativo,Presente,nosotros,morimos,6,reviewed,
ES,morir,Indicativo,Presente,vosotros,morís,6,reviewed,
ES,morir,Indicativo,Presente,ellos,mueren,6,reviewed,
ES,morir,Indicativo,Futuro,yo,moriré,6,reviewed,
ES,morir,Indicativo,Futuro,tú,morirás,6,reviewed,
ES,morir,Indicativo,Futuro,él,morirá,6,reviewed,
ES,morir,Indicativo,Futuro,nosotros,moriremos,6,reviewed,
ES,morir,Indicativo,Futuro,vosotros,moriréis,6,reviewed,
ES,morir,Indicativo,Futuro,ellos,morirán,6,reviewed,
ES,morir,Indicativo,Pretérito perfecto compuesto,yo,he muerto,6,reviewed,
ES,morir,Indicativo,Pretérito perfecto compuesto,tú,has muerto,6,reviewed,
ES,morir,Indicativo,Pretérito perfecto compuesto,él,ha muerto,6,reviewed,
ES,morir,Indicativo,Pretérito perfecto compuesto,nosotros,hemos muerto,6,reviewed,
ES,morir,Indicativo,Pretérito perfecto compuesto,vosotros,habéis muerto,6,reviewed,
ES,morir,Indicativo,Pretérito perfecto compuesto,ellos,han muerto,6,reviewed,
ES,morir,Indicativo,Pretérito imperfecto,yo,moría,6,reviewed,
ES,morir,Indicativo,Pretérito imperfecto,tú,morías,6,reviewed,
ES,morir,Indicativo,Pretérito imperfecto,él,moría,6,reviewed,
ES,morir,Indicativo,Pretérito imperfecto,nosotros,moríamos,6,reviewed,
ES,morir,Indicativo,Pretérito imperfecto,vosotros,moríais,6,reviewed,
ES,morir,Indicativo,Pretérito imperfecto,ellos,morían,6,reviewed,
ES,morir,Condicional,Condicional,yo,moriría,6,reviewed,
ES,morir,Condicional,Condicional,tú,morirías,6,reviewed,
ES,morir,Condicional,Condicional,él,moriría,6,reviewed,
ES,morir,Condicional,Condicional,nosotros,moriríamos,6,reviewed,
ES,morir,Condicional,Condicional,vosotros,moriríais,6,reviewed,
ES,morir,Condicional,Condicional,ellos,morirían,6,reviewed,
ES,morir,Imperativo,Imperativo,yo,-,6,reviewed,yo imperative placeholder -; no standard form
ES,morir,Imperativo,Imperativo,tú,muere,6,reviewed,
ES,morir,Imperativo,Imperativo,él,muera,6,reviewed,
ES,morir,Imperativo,Imperativo,nosotros,muramos,6,reviewed,
ES,morir,Imperativo,Imperativo,vosotros,morid,6,reviewed,
ES,morir,Imperativo,Imperativo,ellos,mueran,6,reviewed,
ES,morir,Indicativo,Futuro perfecto,yo,habré muerto,6,reviewed,
ES,morir,Indicativo,Futuro perfecto,tú,habrás muerto,6,reviewed,
ES,morir,Indicativo,Futuro perfecto,él,habrá muerto,6,reviewed,
ES,morir,Indicativo,Futuro perfecto,nosotros,habremos muerto,6,reviewed,
ES,morir,Indicativo,Futuro perfecto,vosotros,habréis muerto,6,reviewed,
ES,morir,Indicativo,Futuro perfecto,ellos,habrán muerto,6,reviewed,
ES,morir,Subjuntivo,Subjuntivo presente,yo,muera,6,reviewed,
ES,morir,Subjuntivo,Subjuntivo presente,tú,mueras,6,reviewed,
ES,morir,Subjuntivo,Subjuntivo presente,él,muera,6,reviewed,
ES,morir,Subjuntivo,Subjuntivo presente,nosotros,muramos,6,reviewed,
ES,morir,Subjuntivo,Subjuntivo presente,vosotros,muráis,6,reviewed,
ES,morir,Subjuntivo,Subjuntivo presente,ellos,mueran,6,reviewed,
ES,morir,Indicativo,Pretérito perfecto simple,yo,morí,6,reviewed,
ES,morir,Indicativo,Pretérito perfecto simple,tú,moriste,6,reviewed,
ES,morir,Indicativo,Pretérito perfecto simple,él,murió,6,reviewed,
ES,morir,Indicativo,Pretérito perfecto simple,nosotros,morimos,6,reviewed,
ES,morir,Indicativo,Pretérito perfecto simple,vosotros,moristeis,6,reviewed,
ES,morir,Indicativo,Pretérito perfecto simple,ellos,murieron,6,reviewed,
ES,morir,Indicativo,Pretérito pluscuamperfecto,yo,había muerto,6,reviewed,
ES,morir,Indicativo,Pretérito pluscuamperfecto,tú,habías muerto,6,reviewed,
ES,morir,Indicativo,Pretérito pluscuamperfecto,él,había muerto,6,reviewed,
ES,morir,Indicativo,Pretérito pluscuamperfecto,nosotros,habíamos muerto,6,reviewed,
ES,morir,Indicativo,Pretérito pluscuamperfecto,vosotros,habíais muerto,6,reviewed,
ES,morir,Indicativo,Pretérito pluscuamperfecto,ellos,habían muerto,6,reviewed,
ES,resistir,Indicativo,Presente,yo,resisto,6,reviewed,
ES,resistir,Indicativo,Presente,tú,resistes,6,reviewed,
ES,resistir,Indicativo,Presente,él,resiste,6,reviewed,
ES,resistir,Indicativo,Presente,nosotros,resistimos,6,reviewed,
ES,resistir,Indicativo,Presente,vosotros,resistís,6,reviewed,
ES,resistir,Indicativo,Presente,ellos,resisten,6,reviewed,
ES,resistir,Indicativo,Futuro,yo,resistiré,6,reviewed,
ES,resistir,Indicativo,Futuro,tú,resistirás,6,reviewed,
ES,resistir,Indicativo,Futuro,él,resistirá,6,reviewed,
ES,resistir,Indicativo,Futuro,nosotros,resistiremos,6,reviewed,
ES,resistir,Indicativo,Futuro,vosotros,resistiréis,6,reviewed,
ES,resistir,Indicativo,Futuro,ellos,resistirán,6,reviewed,
ES,resistir,Indicativo,Pretérito perfecto compuesto,yo,he resistido,6,reviewed,
ES,resistir,Indicativo,Pretérito perfecto compuesto,tú,has resistido,6,reviewed,
ES,resistir,Indicativo,Pretérito perfecto compuesto,él,ha resistido,6,reviewed,
ES,resistir,Indicativo,Pretérito perfecto compuesto,nosotros,hemos resistido,6,reviewed,
ES,resistir,Indicativo,Pretérito perfecto compuesto,vosotros,habéis resistido,6,reviewed,
ES,resistir,Indicativo,Pretérito perfecto compuesto,ellos,han resistido,6,reviewed,
ES,resistir,Indicativo,Pretérito imperfecto,yo,resistía,6,reviewed,
ES,resistir,Indicativo,Pretérito imperfecto,tú,resistías,6,reviewed,
ES,resistir,Indicativo,Pretérito imperfecto,él,resistía,6,reviewed,
ES,resistir,Indicativo,Pretérito imperfecto,nosotros,resistíamos,6,reviewed,
ES,resistir,Indicativo,Pretérito imperfecto,vosotros,resistíais,6,reviewed,
ES,resistir,Indicativo,Pretérito imperfecto,ellos,resistían,6,reviewed,
ES,resistir,Condicional,Condicional,yo,resistiría,6,reviewed,
ES,resistir,Condicional,Condicional,tú,resistirías,6,reviewed,
ES,resistir,Condicional,Condicional,él,resistiría,6,reviewed,
ES,resistir,Condicional,Condicional,nosotros,resistiríamos,6,reviewed,
ES,resistir,Condicional,Condicional,vosotros,resistiríais,6,reviewed,
ES,resistir,Condicional,Condicional,ellos,resistirían,6,reviewed,
ES,resistir,Imperativo,Imperativo,yo,-,6,reviewed,yo imperative placeholder -; no standard form
ES,resistir,Imperativo,Imperativo,tú,resiste,6,reviewed,
ES,resistir,Imperativo,Imperativo,él,resista,6,reviewed,
ES,resistir,Imperativo,Imperativo,nosotros,resistamos,6,reviewed,
ES,resistir,Imperativo,Imperativo,vosotros,resistid,6,reviewed,
ES,resistir,Imperativo,Imperativo,ellos,resistan,6,reviewed,
ES,resistir,Indicativo,Futuro perfecto,yo,habré resistido,6,reviewed,
ES,resistir,Indicativo,Futuro perfecto,tú,habrás resistido,6,reviewed,
ES,resistir,Indicativo,Futuro perfecto,él,habrá resistido,6,reviewed,
ES,resistir,Indicativo,Futuro perfecto,nosotros,habremos resistido,6,reviewed,
ES,resistir,Indicativo,Futuro perfecto,vosotros,habréis resistido,6,reviewed,
ES,resistir,Indicativo,Futuro perfecto,ellos,habrán resistido,6,reviewed,
ES,resistir,Subjuntivo,Subjuntivo presente,yo,resista,6,reviewed,
ES,resistir,Subjuntivo,Subjuntivo presente,tú,resistas,6,reviewed,
ES,resistir,Subjuntivo,Subjuntivo presente,él,resista,6,reviewed,
ES,resistir,Subjuntivo,Subjuntivo presente,nosotros,resistamos,6,reviewed,
ES,resistir,Subjuntivo,Subjuntivo presente,vosotros,resistáis,6,reviewed,
ES,resistir,Subjuntivo,Subjuntivo presente,ellos,resistan,6,reviewed,
ES,resistir,Indicativo,Pretérito perfecto simple,yo,resistí,6,reviewed,
ES,resistir,Indicativo,Pretérito perfecto simple,tú,resististe,6,reviewed,
ES,resistir,Indicativo,Pretérito perfecto simple,él,resistió,6,reviewed,
ES,resistir,Indicativo,Pretérito perfecto simple,nosotros,resistimos,6,reviewed,
ES,resistir,Indicativo,Pretérito perfecto simple,vosotros,resististeis,6,reviewed,
ES,resistir,Indicativo,Pretérito perfecto simple,ellos,resistieron,6,reviewed,
ES,resistir,Indicativo,Pretérito pluscuamperfecto,yo,había resistido,6,reviewed,
ES,resistir,Indicativo,Pretérito pluscuamperfecto,tú,habías resistido,6,reviewed,
ES,resistir,Indicativo,Pretérito pluscuamperfecto,él,había resistido,6,reviewed,
ES,resistir,Indicativo,Pretérito pluscuamperfecto,nosotros,habíamos resistido,6,reviewed,
ES,resistir,Indicativo,Pretérito pluscuamperfecto,vosotros,habíais resistido,6,reviewed,
ES,resistir,Indicativo,Pretérito pluscuamperfecto,ellos,habían resistido,6,reviewed,
ES,adivinar,Indicativo,Presente,yo,adivino,6,reviewed,
ES,adivinar,Indicativo,Presente,tú,adivinas,6,reviewed,
ES,adivinar,Indicativo,Presente,él,adivina,6,reviewed,
ES,adivinar,Indicativo,Presente,nosotros,adivinamos,6,reviewed,
ES,adivinar,Indicativo,Presente,vosotros,adivináis,6,reviewed,
ES,adivinar,Indicativo,Presente,ellos,adivinan,6,reviewed,
ES,adivinar,Indicativo,Futuro,yo,adivinaré,6,reviewed,
ES,adivinar,Indicativo,Futuro,tú,adivinarás,6,reviewed,
ES,adivinar,Indicativo,Futuro,él,adivinará,6,reviewed,
ES,adivinar,Indicativo,Futuro,nosotros,adivinaremos,6,reviewed,
ES,adivinar,Indicativo,Futuro,vosotros,adivinaréis,6,reviewed,
ES,adivinar,Indicativo,Futuro,ellos,adivinarán,6,reviewed,
ES,adivinar,Indicativo,Pretérito perfecto compuesto,yo,he adivinado,6,reviewed,
ES,adivinar,Indicativo,Pretérito perfecto compuesto,tú,has adivinado,6,reviewed,
ES,adivinar,Indicativo,Pretérito perfecto compuesto,él,ha adivinado,6,reviewed,
ES,adivinar,Indicativo,Pretérito perfecto compuesto,nosotros,hemos adivinado,6,reviewed,
ES,adivinar,Indicativo,Pretérito perfecto compuesto,vosotros,habéis adivinado,6,reviewed,
ES,adivinar,Indicativo,Pretérito perfecto compuesto,ellos,han adivinado,6,reviewed,
ES,adivinar,Indicativo,Pretérito imperfecto,yo,adivinaba,6,reviewed,
ES,adivinar,Indicativo,Pretérito imperfecto,tú,adivinabas,6,reviewed,
ES,adivinar,Indicativo,Pretérito imperfecto,él,adivinaba,6,reviewed,
ES,adivinar,Indicativo,Pretérito imperfecto,nosotros,adivinábamos,6,reviewed,
ES,adivinar,Indicativo,Pretérito imperfecto,vosotros,adivinabais,6,reviewed,
ES,adivinar,Indicativo,Pretérito imperfecto,ellos,adivinaban,6,reviewed,
ES,adivinar,Condicional,Condicional,yo,adivinaría,6,reviewed,
ES,adivinar,Condicional,Condicional,tú,adivinarías,6,reviewed,
ES,adivinar,Condicional,Condicional,él,adivinaría,6,reviewed,
ES,adivinar,Condicional,Condicional,nosotros,adivinaríamos,6,reviewed,
ES,adivinar,Condicional,Condicional,vosotros,adivinaríais,6,reviewed,
ES,adivinar,Condicional,Condicional,ellos,adivinarían,6,reviewed,
ES,adivinar,Imperativo,Imperativo,yo,-,6,reviewed,yo imperative placeholder -; no standard form
ES,adivinar,Imperativo,Imperativo,tú,adivina,6,reviewed,
ES,adivinar,Imperativo,Imperativo,él,adivine,6,reviewed,
ES,adivinar,Imperativo,Imperativo,nosotros,adivinemos,6,reviewed,
ES,adivinar,Imperativo,Imperativo,vosotros,adivinad,6,reviewed,
ES,adivinar,Imperativo,Imperativo,ellos,adivinen,6,reviewed,
ES,adivinar,Indicativo,Futuro perfecto,yo,habré adivinado,6,reviewed,
ES,adivinar,Indicativo,Futuro perfecto,tú,habrás adivinado,6,reviewed,
ES,adivinar,Indicativo,Futuro perfecto,él,habrá adivinado,6,reviewed,
ES,adivinar,Indicativo,Futuro perfecto,nosotros,habremos adivinado,6,reviewed,
ES,adivinar,Indicativo,Futuro perfecto,vosotros,habréis adivinado,6,reviewed,
ES,adivinar,Indicativo,Futuro perfecto,ellos,habrán adivinado,6,reviewed,
ES,adivinar,Subjuntivo,Subjuntivo presente,yo,adivine,6,reviewed,
ES,adivinar,Subjuntivo,Subjuntivo presente,tú,adivines,6,reviewed,
ES,adivinar,Subjuntivo,Subjuntivo presente,él,adivine,6,reviewed,
ES,adivinar,Subjuntivo,Subjuntivo presente,nosotros,adivinemos,6,reviewed,
ES,adivinar,Subjuntivo,Subjuntivo presente,vosotros,adivinéis,6,reviewed,
ES,adivinar,Subjuntivo,Subjuntivo presente,ellos,adivinen,6,reviewed,
ES,adivinar,Indicativo,Pretérito perfecto simple,yo,adiviné,6,reviewed,
ES,adivinar,Indicativo,Pretérito perfecto simple,tú,adivinaste,6,reviewed,
ES,adivinar,Indicativo,Pretérito perfecto simple,él,adivinó,6,reviewed,
ES,adivinar,Indicativo,Pretérito perfecto simple,nosotros,adivinamos,6,reviewed,
ES,adivinar,Indicativo,Pretérito perfecto simple,vosotros,adivinasteis,6,reviewed,
ES,adivinar,Indicativo,Pretérito perfecto simple,ellos,adivinaron,6,reviewed,
ES,adivinar,Indicativo,Pretérito pluscuamperfecto,yo,había adivinado,6,reviewed,
ES,adivinar,Indicativo,Pretérito pluscuamperfecto,tú,habías adivinado,6,reviewed,
ES,adivinar,Indicativo,Pretérito pluscuamperfecto,él,había adivinado,6,reviewed,
ES,adivinar,Indicativo,Pretérito pluscuamperfecto,nosotros,habíamos adivinado,6,reviewed,
ES,adivinar,Indicativo,Pretérito pluscuamperfecto,vosotros,habíais adivinado,6,reviewed,
ES,adivinar,Indicativo,Pretérito pluscuamperfecto,ellos,habían adivinado,6,reviewed,
