language_code,infinitive,mood,tense,pronoun,conjugated_form,batch,review_status,source_note
FR,résigner,Indicatif,Présent,je,résigne,16,reviewed,
FR,résigner,Indicatif,Présent,tu,résignes,16,reviewed,
FR,résigner,Indicatif,Présent,"il (elle, on)",résigne,16,reviewed,
FR,résigner,Indicatif,Présent,nous,résignons,16,reviewed,
FR,résigner,Indicatif,Présent,vous,résignez,16,reviewed,
FR,résigner,Indicatif,Présent,ils (elles),résignent,16,reviewed,
FR,résigner,Indicatif,Futur,je,résignerai,16,reviewed,
FR,résigner,Indicatif,Futur,tu,résigneras,16,reviewed,
FR,résigner,Indicatif,Futur,"il (elle, on)",résignera,16,reviewed,
FR,résigner,Indicatif,Futur,nous,résignerons,16,reviewed,
FR,résigner,Indicatif,Futur,vous,résignerez,16,reviewed,
FR,résigner,Indicatif,Futur,ils (elles),résigneront,16,reviewed,
FR,résigner,Indicatif,Passé composé,je,ai résigné,16,reviewed,
FR,résigner,Indicatif,Passé composé,tu,as résigné,16,reviewed,
FR,résigner,Indicatif,Passé composé,"il (elle, on)",a résigné,16,reviewed,
FR,résigner,Indicatif,Passé composé,nous,avons résigné,16,reviewed,
FR,résigner,Indicatif,Passé composé,vous,avez résigné,16,reviewed,
FR,résigner,Indicatif,Passé composé,ils (elles),ont résigné,16,reviewed,
FR,résigner,Indicatif,Imparfait,je,résignais,16,reviewed,
FR,résigner,Indicatif,Imparfait,tu,résignais,16,reviewed,
FR,résigner,Indicatif,Imparfait,"il (elle, on)",résignait,16,reviewed,
FR,résigner,Indicatif,Imparfait,nous,résignions,16,reviewed,
FR,résigner,Indicatif,Imparfait,vous,résigniez,16,reviewed,
FR,résigner,Indicatif,Imparfait,ils (elles),résignaient,16,reviewed,
FR,résigner,Conditionnel,Conditionnel présent,je,résignerais,16,reviewed,
FR,résigner,Conditionnel,Conditionnel présent,tu,résignerais,16,reviewed,
FR,résigner,Conditionnel,Conditionnel présent,"il (elle, on)",résignerait,16,reviewed,
FR,résigner,Conditionnel,Conditionnel présent,nous,résignerions,16,reviewed,
FR,résigner,Conditionnel,Conditionnel présent,vous,résigneriez,16,reviewed,
FR,résigner,Conditionnel,Conditionnel présent,ils (elles),résigneraient,16,reviewed,
FR,résigner,Impératif,Impératif,je,-,16,reviewed,French imperative only uses tu / nous / vous; placeholder - used for unsupported slot
FR,résigner,Impératif,Impératif,tu,résigne,16,reviewed,
FR,résigner,Impératif,Impératif,"il (elle, on)",-,16,reviewed,French imperative only uses tu / nous / vous; placeholder - used for unsupported slot
FR,résigner,Impératif,Impératif,nous,résignons,16,reviewed,
FR,résigner,Impératif,Impératif,vous,résignez,16,reviewed,
FR,résigner,Impératif,Impératif,ils (elles),-,16,reviewed,French imperative only uses tu / nous / vous; placeholder - used for unsupported slot
FR,résigner,Subjonctif,Subjonctif présent,je,résigne,16,reviewed,
FR,résigner,Subjonctif,Subjonctif présent,tu,résignes,16,reviewed,
FR,résigner,Subjonctif,Subjonctif présent,"il (elle, on)",résigne,16,reviewed,
FR,résigner,Subjonctif,Subjonctif présent,nous,résignions,16,reviewed,
FR,résigner,Subjonctif,Subjonctif présent,vous,résigniez,16,reviewed,
FR,résigner,Subjonctif,Subjonctif présent,ils (elles),résignent,16,reviewed,
FR,résigner,Indicatif,Passé Simple,je,résignai,16,reviewed,
FR,résigner,Indicatif,Passé Simple,tu,résignas,16,reviewed,
FR,résigner,Indicatif,Passé Simple,"il (elle, on)",résigna,16,reviewed,
FR,résigner,Indicatif,Passé Simple,nous,résignâmes,16,reviewed,
FR,résigner,Indicatif,Passé Simple,vous,résignâtes,16,reviewed,
FR,résigner,Indicatif,Passé Simple,ils (elles),résignèrent,16,reviewed,
FR,résigner,Subjonctif,Subjonctif imparfait,je,résignasse,16,reviewed,
FR,résigner,Subjonctif,Subjonctif imparfait,tu,résignasses,16,reviewed,
FR,résigner,Subjonctif,Subjonctif imparfait,"il (elle, on)",résignât,16,reviewed,
FR,résigner,Subjonctif,Subjonctif imparfait,nous,résignassions,16,reviewed,
FR,résigner,Subjonctif,Subjonctif imparfait,vous,résignassiez,16,reviewed,
FR,résigner,Subjonctif,Subjonctif imparfait,ils (elles),résignassent,16,reviewed,
FR,hâter,Indicatif,Présent,je,hâte,16,reviewed,
FR,hâter,Indicatif,Présent,tu,hâtes,16,reviewed,
FR,hâter,Indicatif,Présent,"il (elle, on)",hâte,16,reviewed,
FR,hâter,Indicatif,Présent,nous,hâtons,16,reviewed,
FR,hâter,Indicatif,Présent,vous,hâtez,16,reviewed,
FR,hâter,Indicatif,Présent,ils (elles),hâtent,16,reviewed,
FR,hâter,Indicatif,Futur,je,hâterai,16,reviewed,
FR,hâter,Indicatif,Futur,tu,hâteras,16,reviewed,
FR,hâter,Indicatif,Futur,"il (elle, on)",hâtera,16,reviewed,
FR,hâter,Indicatif,Futur,nous,hâterons,16,reviewed,
FR,hâter,Indicatif,Futur,vous,hâterez,16,reviewed,
FR,hâter,Indicatif,Futur,ils (elles),hâteront,16,reviewed,
FR,hâter,Indicatif,Passé composé,je,ai hâté,16,reviewed,
FR,hâter,Indicatif,Passé composé,tu,as hâté,16,reviewed,
FR,hâter,Indicatif,Passé composé,"il (elle, on)",a hâté,16,reviewed,
FR,hâter,Indicatif,Passé composé,nous,avons hâté,16,reviewed,
FR,hâter,Indicatif,Passé composé,vous,avez hâté,16,reviewed,
FR,hâter,Indicatif,Passé composé,ils (elles),ont hâté,16,reviewed,
FR,hâter,Indicatif,Imparfait,je,hâtais,16,reviewed,
FR,hâter,Indicatif,Imparfait,tu,hâtais,16,reviewed,
FR,hâter,Indicatif,Imparfait,"il (elle, on)",hâtait,16,reviewed,
FR,hâter,Indicatif,Imparfait,nous,hâtions,16,reviewed,
FR,hâter,Indicatif,Imparfait,vous,hâtiez,16,reviewed,
FR,hâter,Indicatif,Imparfait,ils (elles),hâtaient,16,reviewed,
FR,hâter,Conditionnel,Conditionnel présent,je,hâterais,16,reviewed,
FR,hâter,Conditionnel,Conditionnel présent,tu,hâterais,16,reviewed,
FR,hâter,Conditionnel,Conditionnel présent,"il (elle, on)",hâterait,16,reviewed,
FR,hâter,Conditionnel,Conditionnel présent,nous,hâterions,16,reviewed,
FR,hâter,Conditionnel,Conditionnel présent,vous,hâteriez,16,reviewed,
FR,hâter,Conditionnel,Conditionnel présent,ils (elles),hâteraient,16,reviewed,
FR,hâter,Impératif,Impératif,je,-,16,reviewed,French imperative only uses tu / nous / vous; placeholder - used for unsupported slot
FR,hâter,Impératif,Impératif,tu,hâte,16,reviewed,
FR,hâter,Impératif,Impératif,"il (elle, on)",-,16,reviewed,French imperative only uses tu / nous / vous; placeholder - used for unsupported slot
FR,hâter,Impératif,Impératif,nous,hâtons,16,reviewed,
FR,hâter,Impératif,Impératif,vous,hâtez,16,reviewed,
FR,hâter,Impératif,Impératif,ils (elles),-,16,reviewed,French imperative only uses tu / nous / vous; placeholder - used for unsupported slot
FR,hâter,Subjonctif,Subjonctif présent,je,hâte,16,reviewed,
FR,hâter,Subjonctif,Subjonctif présent,tu,hâtes,16,reviewed,
FR,hâter,Subjonctif,Subjonctif présent,"il (elle, on)",hâte,16,reviewed,
FR,hâter,Subjonctif,Subjonctif présent,nous,hâtions,16,reviewed,
FR,hâter,Subjonctif,Subjonctif présent,vous,hâtiez,16,reviewed,
FR,hâter,Subjonctif,Subjonctif présent,ils (elles),hâtent,16,reviewed,
FR,hâter,Indicatif,Passé Simple,je,hâtai,16,reviewed,
FR,hâter,Indicatif,Passé Simple,tu,hâtas,16,reviewed,
FR,hâter,Indicatif,Passé Simple,"il (elle, on)",hâta,16,reviewed,
FR,hâter,Indicatif,Passé Simple,nous,hâtâmes,16,reviewed,
FR,hâter,Indicatif,Passé Simple,vous,hâtâtes,16,reviewed,
FR,hâter,Indicatif,Passé Simple,ils (elles),hâtèrent,16,reviewed,
FR,hâter,Subjonctif,Subjonctif imparfait,je,hâtasse,16,reviewed,
FR,hâter,Subjonctif,Subjonctif imparfait,tu,hâtasses,16,reviewed,
FR,hâter,Subjonctif,Subjonctif imparfait,"il (elle, on)",hâtât,16,reviewed,
FR,hâter,Subjonctif,Subjonctif imparfait,nous,hâtassions,16,reviewed,
FR,hâter,Subjonctif,Subjonctif imparfait,vous,hâtassiez,16,reviewed,
FR,hâter,Subjonctif,Subjonctif imparfait,ils (elles),hâtassent,16,reviewed,
FR,contester,Indicatif,Présent,je,conteste,16,reviewed,
FR,contester,Indicatif,Présent,tu,contestes,16,reviewed,
FR,contester,Indicatif,Présent,"il (elle, on)",conteste,16,reviewed,
FR,contester,Indicatif,Présent,nous,contestons,16,reviewed,
FR,contester,Indicatif,Présent,vous,contestez,16,reviewed,
FR,contester,Indicatif,Présent,ils (elles),contestent,16,reviewed,
FR,contester,Indicatif,Futur,je,contesterai,16,reviewed,
FR,contester,Indicatif,Futur,tu,contesteras,16,reviewed,
FR,contester,Indicatif,Futur,"il (elle, on)",contestera,16,reviewed,
FR,contester,Indicatif,Futur,nous,contesterons,16,reviewed,
FR,contester,Indicatif,Futur,vous,contesterez,16,reviewed,
FR,contester,Indicatif,Futur,ils (elles),contesteront,16,reviewed,
FR,contester,Indicatif,Passé composé,je,ai contesté,16,reviewed,
FR,contester,Indicatif,Passé composé,tu,as contesté,16,reviewed,
FR,contester,Indicatif,Passé composé,"il (elle, on)",a contesté,16,reviewed,
FR,contester,Indicatif,Passé composé,nous,avons contesté,16,reviewed,
FR,contester,Indicatif,Passé composé,vous,avez contesté,16,reviewed,
FR,contester,Indicatif,Passé composé,ils (elles),ont contesté,16,reviewed,
FR,contester,Indicatif,Imparfait,je,contestais,16,reviewed,
FR,contester,Indicatif,Imparfait,tu,contestais,16,reviewed,
FR,contester,Indicatif,Imparfait,"il (elle, on)",contestait,16,reviewed,
FR,contester,Indicatif,Imparfait,nous,contestions,16,reviewed,
FR,contester,Indicatif,Imparfait,vous,contestiez,16,reviewed,
FR,contester,Indicatif,Imparfait,ils (elles),contestaient,16,reviewed,
FR,contester,Conditionnel,Conditionnel présent,je,contesterais,16,reviewed,
FR,contester,Conditionnel,Conditionnel présent,tu,contesterais,16,reviewed,
FR,contester,Conditionnel,Conditionnel présent,"il (elle, on)",contesterait,16,reviewed,
FR,contester,Conditionnel,Conditionnel présent,nous,contesterions,16,reviewed,
FR,contester,Conditionnel,Conditionnel présent,vous,contesteriez,16,reviewed,
FR,contester,Conditionnel,Conditionnel présent,ils (elles),contesteraient,16,reviewed,
FR,contester,Impératif,Impératif,je,-,16,reviewed,French imperative only uses tu / nous / vous; placeholder - used for unsupported slot
FR,contester,Impératif,Impératif,tu,conteste,16,reviewed,
FR,contester,Impératif,Impératif,"il (elle, on)",-,16,reviewed,French imperative only uses tu / nous / vous; placeholder - used for unsupported slot
FR,contester,Impératif,Impératif,nous,contestons,16,reviewed,
FR,contester,Impératif,Impératif,vous,contestez,16,reviewed,
FR,contester,Impératif,Impératif,ils (elles),-,16,reviewed,French imperative only uses tu / nous / vous; placeholder - used for unsupported slot
FR,contester,Subjonctif,Subjonctif présent,je,conteste,16,reviewed,
FR,contester,Subjonctif,Subjonctif présent,tu,contestes,16,reviewed,
FR,contester,Subjonctif,Subjonctif présent,"il (elle, on)",conteste,16,reviewed,
FR,contester,Subjonctif,Subjonctif présent,nous,contestions,16,reviewed,
FR,contester,Subjonctif,Subjonctif présent,vous,contestiez,16,reviewed,
FR,contester,Subjonctif,Subjonctif présent,ils (elles),contestent,16,reviewed,
FR,contester,Indicatif,Passé Simple,je,contestai,16,reviewed,
FR,contester,Indicatif,Passé Simple,tu,contestas,16,reviewed,
FR,contester,Indicatif,Passé Simple,"il (elle, on)",contesta,16,reviewed,
FR,contester,Indicatif,Passé Simple,nous,contestâmes,16,reviewed,
FR,contester,Indicatif,Passé Simple,vous,contestâtes,16,reviewed,
FR,contester,Indicatif,Passé Simple,ils (elles),contestèrent,16,reviewed,
FR,contester,Subjonctif,Subjonctif imparfait,je,contestasse,16,reviewed,
FR,contester,Subjonctif,Subjonctif imparfait,tu,contestasses,16,reviewed,
FR,contester,Subjonctif,Subjonctif imparfait,"il (elle, on)",contestât,16,reviewed,
FR,contester,Subjonctif,Subjonctif imparfait,nous,contestassions,16,reviewed,
FR,contester,Subjonctif,Subjonctif imparfait,vous,contestassiez,16,reviewed,
FR,contester,Subjonctif,Subjonctif imparfait,ils (elles),contestassent,16,reviewed,
FR,vanter,Indicatif,Présent,je,vante,16,reviewed,
FR,vanter,Indicatif,Présent,tu,vantes,16,reviewed,
FR,vanter,Indicatif,Présent,"il (elle, on)",vante,16,reviewed,
FR,vanter,Indicatif,Présent,nous,vantons,16,reviewed,
FR,vanter,Indicatif,Présent,vous,vantez,16,reviewed,
FR,vanter,Indicatif,Présent,ils (elles),vantent,16,reviewed,
FR,vanter,Indicatif,Futur,je,vanterai,16,reviewed,
FR,vanter,Indicatif,Futur,tu,vanteras,16,reviewed,
FR,vanter,Indicatif,Futur,"il (elle, on)",vantera,16,reviewed,
FR,vanter,Indicatif,Futur,nous,vanterons,16,reviewed,
FR,vanter,Indicatif,Futur,vous,vanterez,16,reviewed,
FR,vanter,Indicatif,Futur,ils (elles),vanteront,16,reviewed,
FR,vanter,Indicatif,Passé composé,je,ai vanté,16,reviewed,
FR,vanter,Indicatif,Passé composé,tu,as vanté,16,reviewed,
FR,vanter,Indicatif,Passé composé,"il (elle, on)",a vanté,16,reviewed,
FR,vanter,Indicatif,Passé composé,nous,avons vanté,16,reviewed,
FR,vanter,Indicatif,Passé composé,vous,avez vanté,16,reviewed,
FR,vanter,Indicatif,Passé composé,ils (elles),ont vanté,16,reviewed,
FR,vanter,Indicatif,Imparfait,je,vantais,16,reviewed,
FR,vanter,Indicatif,Imparfait,tu,vantais,16,reviewed,
FR,vanter,Indicatif,Imparfait,"il (elle, on)",vantait,16,reviewed,
FR,vanter,Indicatif,Imparfait,nous,vantions,16,reviewed,
FR,vanter,Indicatif,Imparfait,vous,vantiez,16,reviewed,
FR,vanter,Indicatif,Imparfait,ils (elles),vantaient,16,reviewed,
FR,vanter,Conditionnel,Conditionnel présent,je,vanterais,16,reviewed,
FR,vanter,Conditionnel,Conditionnel présent,tu,vanterais,16,reviewed,
FR,vanter,Conditionnel,Conditionnel présent,"il (elle, on)",vanterait,16,reviewed,
FR,vanter,Conditionnel,Conditionnel présent,nous,vanterions,16,reviewed,
FR,vanter,Conditionnel,Conditionnel présent,vous,vanteriez,16,reviewed,
FR,vanter,Conditionnel,Conditionnel présent,ils (elles),vanteraient,16,reviewed,
FR,vanter,Impératif,Impératif,je,-,16,reviewed,French imperative only uses tu / nous / vous; placeholder - used for unsupported slot
FR,vanter,Impératif,Impératif,tu,vante,16,reviewed,
FR,vanter,Impératif,Impératif,"il (elle, on)",-,16,reviewed,French imperative only uses tu / nous / vous; placeholder - used for unsupported slot
FR,vanter,Impératif,Impératif,nous,vantons,16,reviewed,
FR,vanter,Impératif,Impératif,vous,vantez,16,reviewed,
FR,vanter,Impératif,Impératif,ils (elles),-,16,reviewed,French imperative only uses tu / nous / vous; placeholder - used for unsupported slot
FR,vanter,Subjonctif,Subjonctif présent,je,vante,16,reviewed,
FR,vanter,Subjonctif,Subjonctif présent,tu,vantes,16,reviewed,
FR,vanter,Subjonctif,Subjonctif présent,"il (elle, on)",vante,16,reviewed,
FR,vanter,Subjonctif,Subjonctif présent,nous,vantions,16,reviewed,
FR,vanter,Subjonctif,Subjonctif présent,vous,vantiez,16,reviewed,
FR,vanter,Subjonctif,Subjonctif présent,ils (elles),vantent,16,reviewed,
FR,vanter,Indicatif,Passé Simple,je,vantai,16,reviewed,
FR,vanter,Indicatif,Passé Simple,tu,vantas,16,reviewed,
FR,vanter,Indicatif,Passé Simple,"il (elle, on)",vanta,16,reviewed,
FR,vanter,Indicatif,Passé Simple,nous,vantâmes,16,reviewed,
FR,vanter,Indicatif,Passé Simple,vous,vantâtes,16,reviewed,
FR,vanter,Indicatif,Passé Simple,ils (elles),vantèrent,16,reviewed,
FR,vanter,Subjonctif,Subjonctif imparfait,je,vantasse,16,reviewed,
FR,vanter,Subjonctif,Subjonctif imparfait,tu,vantasses,16,reviewed,
FR,vanter,Subjonctif,Subjonctif imparfait,"il (elle, on)",vantât,16,reviewed,
FR,vanter,Subjonctif,Subjonctif imparfait,nous,vantassions,16,reviewed,
FR,vanter,Subjonctif,Subjonctif imparfait,vous,vantassiez,16,reviewed,
FR,vanter,Subjonctif,Subjonctif imparfait,ils (elles),vantassent,16,reviewed,
FR,recouvrir,Indicatif,Présent,je,recouvre,16,reviewed,couvrir-family paradigm; past participle recouvert and imperative recouvre normalized manually; QA recommended
FR,recouvrir,Indicatif,Présent,tu,recouvres,16,reviewed,couvrir-family paradigm; past participle recouvert and imperative recouvre normalized manually; QA recommended
FR,recouvrir,Indicatif,Présent,"il (elle, on)",recouvre,16,reviewed,couvrir-family paradigm; past participle recouvert and imperative recouvre normalized manually; QA recommended
FR,recouvrir,Indicatif,Présent,nous,recouvrons,16,reviewed,couvrir-family paradigm; past participle recouvert and imperative recouvre normalized manually; QA recommended
FR,recouvrir,Indicatif,Présent,vous,recouvrez,16,reviewed,couvrir-family paradigm; past participle recouvert and imperative recouvre normalized manually; QA recommended
FR,recouvrir,Indicatif,Présent,ils (elles),recouvrent,16,reviewed,couvrir-family paradigm; past participle recouvert and imperative recouvre normalized manually; QA recommended
FR,recouvrir,Indicatif,Futur,je,recouvrirai,16,reviewed,couvrir-family paradigm; past participle recouvert and imperative recouvre normalized manually; QA recommended
FR,recouvrir,Indicatif,Futur,tu,recouvriras,16,reviewed,couvrir-family paradigm; past participle recouvert and imperative recouvre normalized manually; QA recommended
FR,recouvrir,Indicatif,Futur,"il (elle, on)",recouvrira,16,reviewed,couvrir-family paradigm; past participle recouvert and imperative recouvre normalized manually; QA recommended
FR,recouvrir,Indicatif,Futur,nous,recouvrirons,16,reviewed,couvrir-family paradigm; past participle recouvert and imperative recouvre normalized manually; QA recommended
FR,recouvrir,Indicatif,Futur,vous,recouvrirez,16,reviewed,couvrir-family paradigm; past participle recouvert and imperative recouvre normalized manually; QA recommended
FR,recouvrir,Indicatif,Futur,ils (elles),recouvriront,16,reviewed,couvrir-family paradigm; past participle recouvert and imperative recouvre normalized manually; QA recommended
FR,recouvrir,Indicatif,Passé composé,je,ai recouvert,16,reviewed,couvrir-family paradigm; past participle recouvert and imperative recouvre normalized manually; QA recommended
FR,recouvrir,Indicatif,Passé composé,tu,as recouvert,16,reviewed,couvrir-family paradigm; past participle recouvert and imperative recouvre normalized manually; QA recommended
FR,recouvrir,Indicatif,Passé composé,"il (elle, on)",a recouvert,16,reviewed,couvrir-family paradigm; past participle recouvert and imperative recouvre normalized manually; QA recommended
FR,recouvrir,Indicatif,Passé composé,nous,avons recouvert,16,reviewed,couvrir-family paradigm; past participle recouvert and imperative recouvre normalized manually; QA recommended
FR,recouvrir,Indicatif,Passé composé,vous,avez recouvert,16,reviewed,couvrir-family paradigm; past participle recouvert and imperative recouvre normalized manually; QA recommended
FR,recouvrir,Indicatif,Passé composé,ils (elles),ont recouvert,16,reviewed,couvrir-family paradigm; past participle recouvert and imperative recouvre normalized manually; QA recommended
FR,recouvrir,Indicatif,Imparfait,je,recouvrais,16,reviewed,couvrir-family paradigm; past participle recouvert and imperative recouvre normalized manually; QA recommended
FR,recouvrir,Indicatif,Imparfait,tu,recouvrais,16,reviewed,couvrir-family paradigm; past participle recouvert and imperative recouvre normalized manually; QA recommended
FR,recouvrir,Indicatif,Imparfait,"il (elle, on)",recouvrait,16,reviewed,couvrir-family paradigm; past participle recouvert and imperative recouvre normalized manually; QA recommended
FR,recouvrir,Indicatif,Imparfait,nous,recouvrions,16,reviewed,couvrir-family paradigm; past participle recouvert and imperative recouvre normalized manually; QA recommended
FR,recouvrir,Indicatif,Imparfait,vous,recouvriez,16,reviewed,couvrir-family paradigm; past participle recouvert and imperative recouvre normalized manually; QA recommended
FR,recouvrir,Indicatif,Imparfait,ils (elles),recouvraient,16,reviewed,couvrir-family paradigm; past participle recouvert and imperative recouvre normalized manually; QA recommended
FR,recouvrir,Conditionnel,Conditionnel présent,je,recouvrirais,16,reviewed,couvrir-family paradigm; past participle recouvert and imperative recouvre normalized manually; QA recommended
FR,recouvrir,Conditionnel,Conditionnel présent,tu,recouvrirais,16,reviewed,couvrir-family paradigm; past participle recouvert and imperative recouvre normalized manually; QA recommended
FR,recouvrir,Conditionnel,Conditionnel présent,"il (elle, on)",recouvrirait,16,reviewed,couvrir-family paradigm; past participle recouvert and imperative recouvre normalized manually; QA recommended
FR,recouvrir,Conditionnel,Conditionnel présent,nous,recouvririons,16,reviewed,couvrir-family paradigm; past participle recouvert and imperative recouvre normalized manually; QA recommended
FR,recouvrir,Conditionnel,Conditionnel présent,vous,recouvririez,16,reviewed,couvrir-family paradigm; past participle recouvert and imperative recouvre normalized manually; QA recommended
FR,recouvrir,Conditionnel,Conditionnel présent,ils (elles),recouvriraient,16,reviewed,couvrir-family paradigm; past participle recouvert and imperative recouvre normalized manually; QA recommended
FR,recouvrir,Impératif,Impératif,je,-,16,reviewed,couvrir-family paradigm; past participle recouvert and imperative recouvre normalized manually; QA recommended; French imperative only uses tu / nous / vous; placeholder - used for unsupported slot
FR,recouvrir,Impératif,Impératif,tu,recouvre,16,reviewed,couvrir-family paradigm; past participle recouvert and imperative recouvre normalized manually; QA recommended
FR,recouvrir,Impératif,Impératif,"il (elle, on)",-,16,reviewed,couvrir-family paradigm; past participle recouvert and imperative recouvre normalized manually; QA recommended; French imperative only uses tu / nous / vous; placeholder - used for unsupported slot
FR,recouvrir,Impératif,Impératif,nous,recouvrons,16,reviewed,couvrir-family paradigm; past participle recouvert and imperative recouvre normalized manually; QA recommended
FR,recouvrir,Impératif,Impératif,vous,recouvrez,16,reviewed,couvrir-family paradigm; past participle recouvert and imperative recouvre normalized manually; QA recommended
FR,recouvrir,Impératif,Impératif,ils (elles),-,16,reviewed,couvrir-family paradigm; past participle recouvert and imperative recouvre normalized manually; QA recommended; French imperative only uses tu / nous / vous; placeholder - used for unsupported slot
FR,recouvrir,Subjonctif,Subjonctif présent,je,recouvre,16,reviewed,couvrir-family paradigm; past participle recouvert and imperative recouvre normalized manually; QA recommended
FR,recouvrir,Subjonctif,Subjonctif présent,tu,recouvres,16,reviewed,couvrir-family paradigm; past participle recouvert and imperative recouvre normalized manually; QA recommended
FR,recouvrir,Subjonctif,Subjonctif présent,"il (elle, on)",recouvre,16,reviewed,couvrir-family paradigm; past participle recouvert and imperative recouvre normalized manually; QA recommended
FR,recouvrir,Subjonctif,Subjonctif présent,nous,recouvrions,16,reviewed,couvrir-family paradigm; past participle recouvert and imperative recouvre normalized manually; QA recommended
FR,recouvrir,Subjonctif,Subjonctif présent,vous,recouvriez,16,reviewed,couvrir-family paradigm; past participle recouvert and imperative recouvre normalized manually; QA recommended
FR,recouvrir,Subjonctif,Subjonctif présent,ils (elles),recouvrent,16,reviewed,couvrir-family paradigm; past participle recouvert and imperative recouvre normalized manually; QA recommended
FR,recouvrir,Indicatif,Passé Simple,je,recouvris,16,reviewed,couvrir-family paradigm; past participle recouvert and imperative recouvre normalized manually; QA recommended
FR,recouvrir,Indicatif,Passé Simple,tu,recouvris,16,reviewed,couvrir-family paradigm; past participle recouvert and imperative recouvre normalized manually; QA recommended
FR,recouvrir,Indicatif,Passé Simple,"il (elle, on)",recouvrit,16,reviewed,couvrir-family paradigm; past participle recouvert and imperative recouvre normalized manually; QA recommended
FR,recouvrir,Indicatif,Passé Simple,nous,recouvrîmes,16,reviewed,couvrir-family paradigm; past participle recouvert and imperative recouvre normalized manually; QA recommended
FR,recouvrir,Indicatif,Passé Simple,vous,recouvrîtes,16,reviewed,couvrir-family paradigm; past participle recouvert and imperative recouvre normalized manually; QA recommended
FR,recouvrir,Indicatif,Passé Simple,ils (elles),recouvrirent,16,reviewed,couvrir-family paradigm; past participle recouvert and imperative recouvre normalized manually; QA recommended
FR,recouvrir,Subjonctif,Subjonctif imparfait,je,recouvrisse,16,reviewed,couvrir-family paradigm; past participle recouvert and imperative recouvre normalized manually; QA recommended
FR,recouvrir,Subjonctif,Subjonctif imparfait,tu,recouvrisses,16,reviewed,couvrir-family paradigm; past participle recouvert and imperative recouvre normalized manually; QA recommended
FR,recouvrir,Subjonctif,Subjonctif imparfait,"il (elle, on)",recouvrît,16,reviewed,couvrir-family paradigm; past participle recouvert and imperative recouvre normalized manually; QA recommended
FR,recouvrir,Subjonctif,Subjonctif imparfait,nous,recouvrissions,16,reviewed,couvrir-family paradigm; past participle recouvert and imperative recouvre normalized manually; QA recommended
FR,recouvrir,Subjonctif,Subjonctif imparfait,vous,recouvrissiez,16,reviewed,couvrir-family paradigm; past participle recouvert and imperative recouvre normalized manually; QA recommended
FR,recouvrir,Subjonctif,Subjonctif imparfait,ils (elles),recouvrissent,16,reviewed,couvrir-family paradigm; past participle recouvert and imperative recouvre normalized manually; QA recommended
FR,critiquer,Indicatif,Présent,je,critique,16,reviewed,
FR,critiquer,Indicatif,Présent,tu,critiques,16,reviewed,
FR,critiquer,Indicatif,Présent,"il (elle, on)",critique,16,reviewed,
FR,critiquer,Indicatif,Présent,nous,critiquons,16,reviewed,
FR,critiquer,Indicatif,Présent,vous,critiquez,16,reviewed,
FR,critiquer,Indicatif,Présent,ils (elles),critiquent,16,reviewed,
FR,critiquer,Indicatif,Futur,je,critiquerai,16,reviewed,
FR,critiquer,Indicatif,Futur,tu,critiqueras,16,reviewed,
FR,critiquer,Indicatif,Futur,"il (elle, on)",critiquera,16,reviewed,
FR,critiquer,Indicatif,Futur,nous,critiquerons,16,reviewed,
FR,critiquer,Indicatif,Futur,vous,critiquerez,16,reviewed,
FR,critiquer,Indicatif,Futur,ils (elles),critiqueront,16,reviewed,
FR,critiquer,Indicatif,Passé composé,je,ai critiqué,16,reviewed,
FR,critiquer,Indicatif,Passé composé,tu,as critiqué,16,reviewed,
FR,critiquer,Indicatif,Passé composé,"il (elle, on)",a critiqué,16,reviewed,
FR,critiquer,Indicatif,Passé composé,nous,avons critiqué,16,reviewed,
FR,critiquer,Indicatif,Passé composé,vous,avez critiqué,16,reviewed,
FR,critiquer,Indicatif,Passé composé,ils (elles),ont critiqué,16,reviewed,
FR,critiquer,Indicatif,Imparfait,je,critiquais,16,reviewed,
FR,critiquer,Indicatif,Imparfait,tu,critiquais,16,reviewed,
FR,critiquer,Indicatif,Imparfait,"il (elle, on)",critiquait,16,reviewed,
FR,critiquer,Indicatif,Imparfait,nous,critiquions,16,reviewed,
FR,critiquer,Indicatif,Imparfait,vous,critiquiez,16,reviewed,
FR,critiquer,Indicatif,Imparfait,ils (elles),critiquaient,16,reviewed,
FR,critiquer,Conditionnel,Conditionnel présent,je,critiquerais,16,reviewed,
FR,critiquer,Conditionnel,Conditionnel présent,tu,critiquerais,16,reviewed,
FR,critiquer,Conditionnel,Conditionnel présent,"il (elle, on)",critiquerait,16,reviewed,
FR,critiquer,Conditionnel,Conditionnel présent,nous,critiquerions,16,reviewed,
FR,critiquer,Conditionnel,Conditionnel présent,vous,critiqueriez,16,reviewed,
FR,critiquer,Conditionnel,Conditionnel présent,ils (elles),critiqueraient,16,reviewed,
FR,critiquer,Impératif,Impératif,je,-,16,reviewed,French imperative only uses tu / nous / vous; placeholder - used for unsupported slot
FR,critiquer,Impératif,Impératif,tu,critique,16,reviewed,
FR,critiquer,Impératif,Impératif,"il (elle, on)",-,16,reviewed,French imperative only uses tu / nous / vous; placeholder - used for unsupported slot
FR,critiquer,Impératif,Impératif,nous,critiquons,16,reviewed,
FR,critiquer,Impératif,Impératif,vous,critiquez,16,reviewed,
FR,critiquer,Impératif,Impératif,ils (elles),-,16,reviewed,French imperative only uses tu / nous / vous; placeholder - used for unsupported slot
FR,critiquer,Subjonctif,Subjonctif présent,je,critique,16,reviewed,
FR,critiquer,Subjonctif,Subjonctif présent,tu,critiques,16,reviewed,
FR,critiquer,Subjonctif,Subjonctif présent,"il (elle, on)",critique,16,reviewed,
FR,critiquer,Subjonctif,Subjonctif présent,nous,critiquions,16,reviewed,
FR,critiquer,Subjonctif,Subjonctif présent,vous,critiquiez,16,reviewed,
FR,critiquer,Subjonctif,Subjonctif présent,ils (elles),critiquent,16,reviewed,
FR,critiquer,Indicatif,Passé Simple,je,critiquai,16,reviewed,
FR,critiquer,Indicatif,Passé Simple,tu,critiquas,16,reviewed,
FR,critiquer,Indicatif,Passé Simple,"il (elle, on)",critiqua,16,reviewed,
FR,critiquer,Indicatif,Passé Simple,nous,critiquâmes,16,reviewed,
FR,critiquer,Indicatif,Passé Simple,vous,critiquâtes,16,reviewed,
FR,critiquer,Indicatif,Passé Simple,ils (elles),critiquèrent,16,reviewed,
FR,critiquer,Subjonctif,Subjonctif imparfait,je,critiquasse,16,reviewed,
FR,critiquer,Subjonctif,Subjonctif imparfait,tu,critiquasses,16,reviewed,
FR,critiquer,Subjonctif,Subjonctif imparfait,"il (elle, on)",critiquât,16,reviewed,
FR,critiquer,Subjonctif,Subjonctif imparfait,nous,critiquassions,16,reviewed,
FR,critiquer,Subjonctif,Subjonctif imparfait,vous,critiquassiez,16,reviewed,
FR,critiquer,Subjonctif,Subjonctif imparfait,ils (elles),critiquassent,16,reviewed,
FR,croiser,Indicatif,Présent,je,croise,16,reviewed,
FR,croiser,Indicatif,Présent,tu,croises,16,reviewed,
FR,croiser,Indicatif,Présent,"il (elle, on)",croise,16,reviewed,
FR,croiser,Indicatif,Présent,nous,croisons,16,reviewed,
FR,croiser,Indicatif,Présent,vous,croisez,16,reviewed,
FR,croiser,Indicatif,Présent,ils (elles),croisent,16,reviewed,
FR,croiser,Indicatif,Futur,je,croiserai,16,reviewed,
FR,croiser,Indicatif,Futur,tu,croiseras,16,reviewed,
FR,croiser,Indicatif,Futur,"il (elle, on)",croisera,16,reviewed,
FR,croiser,Indicatif,Futur,nous,croiserons,16,reviewed,
FR,croiser,Indicatif,Futur,vous,croiserez,16,reviewed,
FR,croiser,Indicatif,Futur,ils (elles),croiseront,16,reviewed,
FR,croiser,Indicatif,Passé composé,je,ai croisé,16,reviewed,
FR,croiser,Indicatif,Passé composé,tu,as croisé,16,reviewed,
FR,croiser,Indicatif,Passé composé,"il (elle, on)",a croisé,16,reviewed,
FR,croiser,Indicatif,Passé composé,nous,avons croisé,16,reviewed,
FR,croiser,Indicatif,Passé composé,vous,avez croisé,16,reviewed,
FR,croiser,Indicatif,Passé composé,ils (elles),ont croisé,16,reviewed,
FR,croiser,Indicatif,Imparfait,je,croisais,16,reviewed,
FR,croiser,Indicatif,Imparfait,tu,croisais,16,reviewed,
FR,croiser,Indicatif,Imparfait,"il (elle, on)",croisait,16,reviewed,
FR,croiser,Indicatif,Imparfait,nous,croisions,16,reviewed,
FR,croiser,Indicatif,Imparfait,vous,croisiez,16,reviewed,
FR,croiser,Indicatif,Imparfait,ils (elles),croisaient,16,reviewed,
FR,croiser,Conditionnel,Conditionnel présent,je,croiserais,16,reviewed,
FR,croiser,Conditionnel,Conditionnel présent,tu,croiserais,16,reviewed,
FR,croiser,Conditionnel,Conditionnel présent,"il (elle, on)",croiserait,16,reviewed,
FR,croiser,Conditionnel,Conditionnel présent,nous,croiserions,16,reviewed,
FR,croiser,Conditionnel,Conditionnel présent,vous,croiseriez,16,reviewed,
FR,croiser,Conditionnel,Conditionnel présent,ils (elles),croiseraient,16,reviewed,
FR,croiser,Impératif,Impératif,je,-,16,reviewed,French imperative only uses tu / nous / vous; placeholder - used for unsupported slot
FR,croiser,Impératif,Impératif,tu,croise,16,reviewed,
FR,croiser,Impératif,Impératif,"il (elle, on)",-,16,reviewed,French imperative only uses tu / nous / vous; placeholder - used for unsupported slot
FR,croiser,Impératif,Impératif,nous,croisons,16,reviewed,
FR,croiser,Impératif,Impératif,vous,croisez,16,reviewed,
FR,croiser,Impératif,Impératif,ils (elles),-,16,reviewed,French imperative only uses tu / nous / vous; placeholder - used for unsupported slot
FR,croiser,Subjonctif,Subjonctif présent,je,croise,16,reviewed,
FR,croiser,Subjonctif,Subjonctif présent,tu,croises,16,reviewed,
FR,croiser,Subjonctif,Subjonctif présent,"il (elle, on)",croise,16,reviewed,
FR,croiser,Subjonctif,Subjonctif présent,nous,croisions,16,reviewed,
FR,croiser,Subjonctif,Subjonctif présent,vous,croisiez,16,reviewed,
FR,croiser,Subjonctif,Subjonctif présent,ils (elles),croisent,16,reviewed,
FR,croiser,Indicatif,Passé Simple,je,croisai,16,reviewed,
FR,croiser,Indicatif,Passé Simple,tu,croisas,16,reviewed,
FR,croiser,Indicatif,Passé Simple,"il (elle, on)",croisa,16,reviewed,
FR,croiser,Indicatif,Passé Simple,nous,croisâmes,16,reviewed,
FR,croiser,Indicatif,Passé Simple,vous,croisâtes,16,reviewed,
FR,croiser,Indicatif,Passé Simple,ils (elles),croisèrent,16,reviewed,
FR,croiser,Subjonctif,Subjonctif imparfait,je,croisasse,16,reviewed,
FR,croiser,Subjonctif,Subjonctif imparfait,tu,croisasses,16,reviewed,
FR,croiser,Subjonctif,Subjonctif imparfait,"il (elle, on)",croisât,16,reviewed,
FR,croiser,Subjonctif,Subjonctif imparfait,nous,croisassions,16,reviewed,
FR,croiser,Subjonctif,Subjonctif imparfait,vous,croisassiez,16,reviewed,
FR,croiser,Subjonctif,Subjonctif imparfait,ils (elles),croisassent,16,reviewed,
FR,doubler,Indicatif,Présent,je,double,16,reviewed,
FR,doubler,Indicatif,Présent,tu,doubles,16,reviewed,
FR,doubler,Indicatif,Présent,"il (elle, on)",double,16,reviewed,
FR,doubler,Indicatif,Présent,nous,doublons,16,reviewed,
FR,doubler,Indicatif,Présent,vous,doublez,16,reviewed,
FR,doubler,Indicatif,Présent,ils (elles),doublent,16,reviewed,
FR,doubler,Indicatif,Futur,je,doublerai,16,reviewed,
FR,doubler,Indicatif,Futur,tu,doubleras,16,reviewed,
FR,doubler,Indicatif,Futur,"il (elle, on)",doublera,16,reviewed,
FR,doubler,Indicatif,Futur,nous,doublerons,16,reviewed,
FR,doubler,Indicatif,Futur,vous,doublerez,16,reviewed,
FR,doubler,Indicatif,Futur,ils (elles),doubleront,16,reviewed,
FR,doubler,Indicatif,Passé composé,je,ai doublé,16,reviewed,
FR,doubler,Indicatif,Passé composé,tu,as doublé,16,reviewed,
FR,doubler,Indicatif,Passé composé,"il (elle, on)",a doublé,16,reviewed,
FR,doubler,Indicatif,Passé composé,nous,avons doublé,16,reviewed,
FR,doubler,Indicatif,Passé composé,vous,avez doublé,16,reviewed,
FR,doubler,Indicatif,Passé composé,ils (elles),ont doublé,16,reviewed,
FR,doubler,Indicatif,Imparfait,je,doublais,16,reviewed,
FR,doubler,Indicatif,Imparfait,tu,doublais,16,reviewed,
FR,doubler,Indicatif,Imparfait,"il (elle, on)",doublait,16,reviewed,
FR,doubler,Indicatif,Imparfait,nous,doublions,16,reviewed,
FR,doubler,Indicatif,Imparfait,vous,doubliez,16,reviewed,
FR,doubler,Indicatif,Imparfait,ils (elles),doublaient,16,reviewed,
FR,doubler,Conditionnel,Conditionnel présent,je,doublerais,16,reviewed,
FR,doubler,Conditionnel,Conditionnel présent,tu,doublerais,16,reviewed,
FR,doubler,Conditionnel,Conditionnel présent,"il (elle, on)",doublerait,16,reviewed,
FR,doubler,Conditionnel,Conditionnel présent,nous,doublerions,16,reviewed,
FR,doubler,Conditionnel,Conditionnel présent,vous,doubleriez,16,reviewed,
FR,doubler,Conditionnel,Conditionnel présent,ils (elles),doubleraient,16,reviewed,
FR,doubler,Impératif,Impératif,je,-,16,reviewed,French imperative only uses tu / nous / vous; placeholder - used for unsupported slot
FR,doubler,Impératif,Impératif,tu,double,16,reviewed,
FR,doubler,Impératif,Impératif,"il (elle, on)",-,16,reviewed,French imperative only uses tu / nous / vous; placeholder - used for unsupported slot
FR,doubler,Impératif,Impératif,nous,doublons,16,reviewed,
FR,doubler,Impératif,Impératif,vous,doublez,16,reviewed,
FR,doubler,Impératif,Impératif,ils (elles),-,16,reviewed,French imperative only uses tu / nous / vous; placeholder - used for unsupported slot
FR,doubler,Subjonctif,Subjonctif présent,je,double,16,reviewed,
FR,doubler,Subjonctif,Subjonctif présent,tu,doubles,16,reviewed,
FR,doubler,Subjonctif,Subjonctif présent,"il (elle, on)",double,16,reviewed,
FR,doubler,Subjonctif,Subjonctif présent,nous,doublions,16,reviewed,
FR,doubler,Subjonctif,Subjonctif présent,vous,doubliez,16,reviewed,
FR,doubler,Subjonctif,Subjonctif présent,ils (elles),doublent,16,reviewed,
FR,doubler,Indicatif,Passé Simple,je,doublai,16,reviewed,
FR,doubler,Indicatif,Passé Simple,tu,doublas,16,reviewed,
FR,doubler,Indicatif,Passé Simple,"il (elle, on)",doubla,16,reviewed,
FR,doubler,Indicatif,Passé Simple,nous,doublâmes,16,reviewed,
FR,doubler,Indicatif,Passé Simple,vous,doublâtes,16,reviewed,
FR,doubler,Indicatif,Passé Simple,ils (elles),doublèrent,16,reviewed,
FR,doubler,Subjonctif,Subjonctif imparfait,je,doublasse,16,reviewed,
FR,doubler,Subjonctif,Subjonctif imparfait,tu,doublasses,16,reviewed,
FR,doubler,Subjonctif,Subjonctif imparfait,"il (elle, on)",doublât,16,reviewed,
FR,doubler,Subjonctif,Subjonctif imparfait,nous,doublassions,16,reviewed,
FR,doubler,Subjonctif,Subjonctif imparfait,vous,doublassiez,16,reviewed,
FR,doubler,Subjonctif,Subjonctif imparfait,ils (elles),doublassent,16,reviewed,
FR,conférer,Indicatif,Présent,je,confère,16,reviewed,accent-sensitive paradigm; QA recommended
FR,conférer,Indicatif,Présent,tu,confères,16,reviewed,accent-sensitive paradigm; QA recommended
FR,conférer,Indicatif,Présent,"il (elle, on)",confère,16,reviewed,accent-sensitive paradigm; QA recommended
FR,conférer,Indicatif,Présent,nous,conférons,16,reviewed,accent-sensitive paradigm; QA recommended
FR,conférer,Indicatif,Présent,vous,conférez,16,reviewed,accent-sensitive paradigm; QA recommended
FR,conférer,Indicatif,Présent,ils (elles),confèrent,16,reviewed,accent-sensitive paradigm; QA recommended
FR,conférer,Indicatif,Futur,je,conférerai,16,reviewed,accent-sensitive paradigm; QA recommended
FR,conférer,Indicatif,Futur,tu,conféreras,16,reviewed,accent-sensitive paradigm; QA recommended
FR,conférer,Indicatif,Futur,"il (elle, on)",conférera,16,reviewed,accent-sensitive paradigm; QA recommended
FR,conférer,Indicatif,Futur,nous,conférerons,16,reviewed,accent-sensitive paradigm; QA recommended
FR,conférer,Indicatif,Futur,vous,conférerez,16,reviewed,accent-sensitive paradigm; QA recommended
FR,conférer,Indicatif,Futur,ils (elles),conféreront,16,reviewed,accent-sensitive paradigm; QA recommended
FR,conférer,Indicatif,Passé composé,je,ai conféré,16,reviewed,accent-sensitive paradigm; QA recommended
FR,conférer,Indicatif,Passé composé,tu,as conféré,16,reviewed,accent-sensitive paradigm; QA recommended
FR,conférer,Indicatif,Passé composé,"il (elle, on)",a conféré,16,reviewed,accent-sensitive paradigm; QA recommended
FR,conférer,Indicatif,Passé composé,nous,avons conféré,16,reviewed,accent-sensitive paradigm; QA recommended
FR,conférer,Indicatif,Passé composé,vous,avez conféré,16,reviewed,accent-sensitive paradigm; QA recommended
FR,conférer,Indicatif,Passé composé,ils (elles),ont conféré,16,reviewed,accent-sensitive paradigm; QA recommended
FR,conférer,Indicatif,Imparfait,je,conférais,16,reviewed,accent-sensitive paradigm; QA recommended
FR,conférer,Indicatif,Imparfait,tu,conférais,16,reviewed,accent-sensitive paradigm; QA recommended
FR,conférer,Indicatif,Imparfait,"il (elle, on)",conférait,16,reviewed,accent-sensitive paradigm; QA recommended
FR,conférer,Indicatif,Imparfait,nous,conférions,16,reviewed,accent-sensitive paradigm; QA recommended
FR,conférer,Indicatif,Imparfait,vous,confériez,16,reviewed,accent-sensitive paradigm; QA recommended
FR,conférer,Indicatif,Imparfait,ils (elles),conféraient,16,reviewed,accent-sensitive paradigm; QA recommended
FR,conférer,Conditionnel,Conditionnel présent,je,conférerais,16,reviewed,accent-sensitive paradigm; QA recommended
FR,conférer,Conditionnel,Conditionnel présent,tu,conférerais,16,reviewed,accent-sensitive paradigm; QA recommended
FR,conférer,Conditionnel,Conditionnel présent,"il (elle, on)",conférerait,16,reviewed,accent-sensitive paradigm; QA recommended
FR,conférer,Conditionnel,Conditionnel présent,nous,conférerions,16,reviewed,accent-sensitive paradigm; QA recommended
FR,conférer,Conditionnel,Conditionnel présent,vous,conféreriez,16,reviewed,accent-sensitive paradigm; QA recommended
FR,conférer,Conditionnel,Conditionnel présent,ils (elles),conféreraient,16,reviewed,accent-sensitive paradigm; QA recommended
FR,conférer,Impératif,Impératif,je,-,16,reviewed,accent-sensitive paradigm; QA recommended; French imperative only uses tu / nous / vous; placeholder - used for unsupported slot
FR,conférer,Impératif,Impératif,tu,confère,16,reviewed,accent-sensitive paradigm; QA recommended
FR,conférer,Impératif,Impératif,"il (elle, on)",-,16,reviewed,accent-sensitive paradigm; QA recommended; French imperative only uses tu / nous / vous; placeholder - used for unsupported slot
FR,conférer,Impératif,Impératif,nous,conférons,16,reviewed,accent-sensitive paradigm; QA recommended
FR,conférer,Impératif,Impératif,vous,conférez,16,reviewed,accent-sensitive paradigm; QA recommended
FR,conférer,Impératif,Impératif,ils (elles),-,16,reviewed,accent-sensitive paradigm; QA recommended; French imperative only uses tu / nous / vous; placeholder - used for unsupported slot
FR,conférer,Subjonctif,Subjonctif présent,je,confère,16,reviewed,accent-sensitive paradigm; QA recommended
FR,conférer,Subjonctif,Subjonctif présent,tu,confères,16,reviewed,accent-sensitive paradigm; QA recommended
FR,conférer,Subjonctif,Subjonctif présent,"il (elle, on)",confère,16,reviewed,accent-sensitive paradigm; QA recommended
FR,conférer,Subjonctif,Subjonctif présent,nous,conférions,16,reviewed,accent-sensitive paradigm; QA recommended
FR,conférer,Subjonctif,Subjonctif présent,vous,confériez,16,reviewed,accent-sensitive paradigm; QA recommended
FR,conférer,Subjonctif,Subjonctif présent,ils (elles),confèrent,16,reviewed,accent-sensitive paradigm; QA recommended
FR,conférer,Indicatif,Passé Simple,je,conférai,16,reviewed,accent-sensitive paradigm; QA recommended
FR,conférer,Indicatif,Passé Simple,tu,conféras,16,reviewed,accent-sensitive paradigm; QA recommended
FR,conférer,Indicatif,Passé Simple,"il (elle, on)",conféra,16,reviewed,accent-sensitive paradigm; QA recommended
FR,conférer,Indicatif,Passé Simple,nous,conférâmes,16,reviewed,accent-sensitive paradigm; QA recommended
FR,conférer,Indicatif,Passé Simple,vous,conférâtes,16,reviewed,accent-sensitive paradigm; QA recommended
FR,conférer,Indicatif,Passé Simple,ils (elles),conférèrent,16,reviewed,accent-sensitive paradigm; QA recommended
FR,conférer,Subjonctif,Subjonctif imparfait,je,conférasse,16,reviewed,accent-sensitive paradigm; QA recommended
FR,conférer,Subjonctif,Subjonctif imparfait,tu,conférasses,16,reviewed,accent-sensitive paradigm; QA recommended
FR,conférer,Subjonctif,Subjonctif imparfait,"il (elle, on)",conférât,16,reviewed,accent-sensitive paradigm; QA recommended
FR,conférer,Subjonctif,Subjonctif imparfait,nous,conférassions,16,reviewed,accent-sensitive paradigm; QA recommended
FR,conférer,Subjonctif,Subjonctif imparfait,vous,conférassiez,16,reviewed,accent-sensitive paradigm; QA recommended
FR,conférer,Subjonctif,Subjonctif imparfait,ils (elles),conférassent,16,reviewed,accent-sensitive paradigm; QA recommended
FR,réciter,Indicatif,Présent,je,récite,16,reviewed,
FR,réciter,Indicatif,Présent,tu,récites,16,reviewed,
FR,réciter,Indicatif,Présent,"il (elle, on)",récite,16,reviewed,
FR,réciter,Indicatif,Présent,nous,récitons,16,reviewed,
FR,réciter,Indicatif,Présent,vous,récitez,16,reviewed,
FR,réciter,Indicatif,Présent,ils (elles),récitent,16,reviewed,
FR,réciter,Indicatif,Futur,je,réciterai,16,reviewed,
FR,réciter,Indicatif,Futur,tu,réciteras,16,reviewed,
FR,réciter,Indicatif,Futur,"il (elle, on)",récitera,16,reviewed,
FR,réciter,Indicatif,Futur,nous,réciterons,16,reviewed,
FR,réciter,Indicatif,Futur,vous,réciterez,16,reviewed,
FR,réciter,Indicatif,Futur,ils (elles),réciteront,16,reviewed,
FR,réciter,Indicatif,Passé composé,je,ai récité,16,reviewed,
FR,réciter,Indicatif,Passé composé,tu,as récité,16,reviewed,
FR,réciter,Indicatif,Passé composé,"il (elle, on)",a récité,16,reviewed,
FR,réciter,Indicatif,Passé composé,nous,avons récité,16,reviewed,
FR,réciter,Indicatif,Passé composé,vous,avez récité,16,reviewed,
FR,réciter,Indicatif,Passé composé,ils (elles),ont récité,16,reviewed,
FR,réciter,Indicatif,Imparfait,je,récitais,16,reviewed,
FR,réciter,Indicatif,Imparfait,tu,récitais,16,reviewed,
FR,réciter,Indicatif,Imparfait,"il (elle, on)",récitait,16,reviewed,
FR,réciter,Indicatif,Imparfait,nous,récitions,16,reviewed,
FR,réciter,Indicatif,Imparfait,vous,récitiez,16,reviewed,
FR,réciter,Indicatif,Imparfait,ils (elles),récitaient,16,reviewed,
FR,réciter,Conditionnel,Conditionnel présent,je,réciterais,16,reviewed,
FR,réciter,Conditionnel,Conditionnel présent,tu,réciterais,16,reviewed,
FR,réciter,Conditionnel,Conditionnel présent,"il (elle, on)",réciterait,16,reviewed,
FR,réciter,Conditionnel,Conditionnel présent,nous,réciterions,16,reviewed,
FR,réciter,Conditionnel,Conditionnel présent,vous,réciteriez,16,reviewed,
FR,réciter,Conditionnel,Conditionnel présent,ils (elles),réciteraient,16,reviewed,
FR,réciter,Impératif,Impératif,je,-,16,reviewed,French imperative only uses tu / nous / vous; placeholder - used for unsupported slot
FR,réciter,Impératif,Impératif,tu,récite,16,reviewed,
FR,réciter,Impératif,Impératif,"il (elle, on)",-,16,reviewed,French imperative only uses tu / nous / vous; placeholder - used for unsupported slot
FR,réciter,Impératif,Impératif,nous,récitons,16,reviewed,
FR,réciter,Impératif,Impératif,vous,récitez,16,reviewed,
FR,réciter,Impératif,Impératif,ils (elles),-,16,reviewed,French imperative only uses tu / nous / vous; placeholder - used for unsupported slot
FR,réciter,Subjonctif,Subjonctif présent,je,récite,16,reviewed,
FR,réciter,Subjonctif,Subjonctif présent,tu,récites,16,reviewed,
FR,réciter,Subjonctif,Subjonctif présent,"il (elle, on)",récite,16,reviewed,
FR,réciter,Subjonctif,Subjonctif présent,nous,récitions,16,reviewed,
FR,réciter,Subjonctif,Subjonctif présent,vous,récitiez,16,reviewed,
FR,réciter,Subjonctif,Subjonctif présent,ils (elles),récitent,16,reviewed,
FR,réciter,Indicatif,Passé Simple,je,récitai,16,reviewed,
FR,réciter,Indicatif,Passé Simple,tu,récitas,16,reviewed,
FR,réciter,Indicatif,Passé Simple,"il (elle, on)",récita,16,reviewed,
FR,réciter,Indicatif,Passé Simple,nous,récitâmes,16,reviewed,
FR,réciter,Indicatif,Passé Simple,vous,récitâtes,16,reviewed,
FR,réciter,Indicatif,Passé Simple,ils (elles),récitèrent,16,reviewed,
FR,réciter,Subjonctif,Subjonctif imparfait,je,récitasse,16,reviewed,
FR,réciter,Subjonctif,Subjonctif imparfait,tu,récitasses,16,reviewed,
FR,réciter,Subjonctif,Subjonctif imparfait,"il (elle, on)",récitât,16,reviewed,
FR,réciter,Subjonctif,Subjonctif imparfait,nous,récitassions,16,reviewed,
FR,réciter,Subjonctif,Subjonctif imparfait,vous,récitassiez,16,reviewed,
FR,réciter,Subjonctif,Subjonctif imparfait,ils (elles),récitassent,16,reviewed,
FR,restaurer,Indicatif,Présent,je,restaure,16,reviewed,
FR,restaurer,Indicatif,Présent,tu,restaures,16,reviewed,
FR,restaurer,Indicatif,Présent,"il (elle, on)",restaure,16,reviewed,
FR,restaurer,Indicatif,Présent,nous,restaurons,16,reviewed,
FR,restaurer,Indicatif,Présent,vous,restaurez,16,reviewed,
FR,restaurer,Indicatif,Présent,ils (elles),restaurent,16,reviewed,
FR,restaurer,Indicatif,Futur,je,restaurerai,16,reviewed,
FR,restaurer,Indicatif,Futur,tu,restaureras,16,reviewed,
FR,restaurer,Indicatif,Futur,"il (elle, on)",restaurera,16,reviewed,
FR,restaurer,Indicatif,Futur,nous,restaurerons,16,reviewed,
FR,restaurer,Indicatif,Futur,vous,restaurerez,16,reviewed,
FR,restaurer,Indicatif,Futur,ils (elles),restaureront,16,reviewed,
FR,restaurer,Indicatif,Passé composé,je,ai restauré,16,reviewed,
FR,restaurer,Indicatif,Passé composé,tu,as restauré,16,reviewed,
FR,restaurer,Indicatif,Passé composé,"il (elle, on)",a restauré,16,reviewed,
FR,restaurer,Indicatif,Passé composé,nous,avons restauré,16,reviewed,
FR,restaurer,Indicatif,Passé composé,vous,avez restauré,16,reviewed,
FR,restaurer,Indicatif,Passé composé,ils (elles),ont restauré,16,reviewed,
FR,restaurer,Indicatif,Imparfait,je,restaurais,16,reviewed,
FR,restaurer,Indicatif,Imparfait,tu,restaurais,16,reviewed,
FR,restaurer,Indicatif,Imparfait,"il (elle, on)",restaurait,16,reviewed,
FR,restaurer,Indicatif,Imparfait,nous,restaurions,16,reviewed,
FR,restaurer,Indicatif,Imparfait,vous,restauriez,16,reviewed,
FR,restaurer,Indicatif,Imparfait,ils (elles),restauraient,16,reviewed,
FR,restaurer,Conditionnel,Conditionnel présent,je,restaurerais,16,reviewed,
FR,restaurer,Conditionnel,Conditionnel présent,tu,restaurerais,16,reviewed,
FR,restaurer,Conditionnel,Conditionnel présent,"il (elle, on)",restaurerait,16,reviewed,
FR,restaurer,Conditionnel,Conditionnel présent,nous,restaurerions,16,reviewed,
FR,restaurer,Conditionnel,Conditionnel présent,vous,restaureriez,16,reviewed,
FR,restaurer,Conditionnel,Conditionnel présent,ils (elles),restaureraient,16,reviewed,
FR,restaurer,Impératif,Impératif,je,-,16,reviewed,French imperative only uses tu / nous / vous; placeholder - used for unsupported slot
FR,restaurer,Impératif,Impératif,tu,restaure,16,reviewed,
FR,restaurer,Impératif,Impératif,"il (elle, on)",-,16,reviewed,French imperative only uses tu / nous / vous; placeholder - used for unsupported slot
FR,restaurer,Impératif,Impératif,nous,restaurons,16,reviewed,
FR,restaurer,Impératif,Impératif,vous,restaurez,16,reviewed,
FR,restaurer,Impératif,Impératif,ils (elles),-,16,reviewed,French imperative only uses tu / nous / vous; placeholder - used for unsupported slot
FR,restaurer,Subjonctif,Subjonctif présent,je,restaure,16,reviewed,
FR,restaurer,Subjonctif,Subjonctif présent,tu,restaures,16,reviewed,
FR,restaurer,Subjonctif,Subjonctif présent,"il (elle, on)",restaure,16,reviewed,
FR,restaurer,Subjonctif,Subjonctif présent,nous,restaurions,16,reviewed,
FR,restaurer,Subjonctif,Subjonctif présent,vous,restauriez,16,reviewed,
FR,restaurer,Subjonctif,Subjonctif présent,ils (elles),restaurent,16,reviewed,
FR,restaurer,Indicatif,Passé Simple,je,restaurai,16,reviewed,
FR,restaurer,Indicatif,Passé Simple,tu,restauras,16,reviewed,
FR,restaurer,Indicatif,Passé Simple,"il (elle, on)",restaura,16,reviewed,
FR,restaurer,Indicatif,Passé Simple,nous,restaurâmes,16,reviewed,
FR,restaurer,Indicatif,Passé Simple,vous,restaurâtes,16,reviewed,
FR,restaurer,Indicatif,Passé Simple,ils (elles),restaurèrent,16,reviewed,
FR,restaurer,Subjonctif,Subjonctif imparfait,je,restaurasse,16,reviewed,
FR,restaurer,Subjonctif,Subjonctif imparfait,tu,restaurasses,16,reviewed,
FR,restaurer,Subjonctif,Subjonctif imparfait,"il (elle, on)",restaurât,16,reviewed,
FR,restaurer,Subjonctif,Subjonctif imparfait,nous,restaurassions,16,reviewed,
FR,restaurer,Subjonctif,Subjonctif imparfait,vous,restaurassiez,16,reviewed,
FR,restaurer,Subjonctif,Subjonctif imparfait,ils (elles),restaurassent,16,reviewed,
FR,résulter,Indicatif,Présent,je,résulte,16,reviewed,
FR,résulter,Indicatif,Présent,tu,résultes,16,reviewed,
FR,résulter,Indicatif,Présent,"il (elle, on)",résulte,16,reviewed,
FR,résulter,Indicatif,Présent,nous,résultons,16,reviewed,
FR,résulter,Indicatif,Présent,vous,résultez,16,reviewed,
FR,résulter,Indicatif,Présent,ils (elles),résultent,16,reviewed,
FR,résulter,Indicatif,Futur,je,résulterai,16,reviewed,
FR,résulter,Indicatif,Futur,tu,résulteras,16,reviewed,
FR,résulter,Indicatif,Futur,"il (elle, on)",résultera,16,reviewed,
FR,résulter,Indicatif,Futur,nous,résulterons,16,reviewed,
FR,résulter,Indicatif,Futur,vous,résulterez,16,reviewed,
FR,résulter,Indicatif,Futur,ils (elles),résulteront,16,reviewed,
FR,résulter,Indicatif,Passé composé,je,ai résulté,16,reviewed,
FR,résulter,Indicatif,Passé composé,tu,as résulté,16,reviewed,
FR,résulter,Indicatif,Passé composé,"il (elle, on)",a résulté,16,reviewed,
FR,résulter,Indicatif,Passé composé,nous,avons résulté,16,reviewed,
FR,résulter,Indicatif,Passé composé,vous,avez résulté,16,reviewed,
FR,résulter,Indicatif,Passé composé,ils (elles),ont résulté,16,reviewed,
FR,résulter,Indicatif,Imparfait,je,résultais,16,reviewed,
FR,résulter,Indicatif,Imparfait,tu,résultais,16,reviewed,
FR,résulter,Indicatif,Imparfait,"il (elle, on)",résultait,16,reviewed,
FR,résulter,Indicatif,Imparfait,nous,résultions,16,reviewed,
FR,résulter,Indicatif,Imparfait,vous,résultiez,16,reviewed,
FR,résulter,Indicatif,Imparfait,ils (elles),résultaient,16,reviewed,
FR,résulter,Conditionnel,Conditionnel présent,je,résulterais,16,reviewed,
FR,résulter,Conditionnel,Conditionnel présent,tu,résulterais,16,reviewed,
FR,résulter,Conditionnel,Conditionnel présent,"il (elle, on)",résulterait,16,reviewed,
FR,résulter,Conditionnel,Conditionnel présent,nous,résulterions,16,reviewed,
FR,résulter,Conditionnel,Conditionnel présent,vous,résulteriez,16,reviewed,
FR,résulter,Conditionnel,Conditionnel présent,ils (elles),résulteraient,16,reviewed,
FR,résulter,Impératif,Impératif,je,-,16,reviewed,French imperative only uses tu / nous / vous; placeholder - used for unsupported slot
FR,résulter,Impératif,Impératif,tu,résulte,16,reviewed,
FR,résulter,Impératif,Impératif,"il (elle, on)",-,16,reviewed,French imperative only uses tu / nous / vous; placeholder - used for unsupported slot
FR,résulter,Impératif,Impératif,nous,résultons,16,reviewed,
FR,résulter,Impératif,Impératif,vous,résultez,16,reviewed,
FR,résulter,Impératif,Impératif,ils (elles),-,16,reviewed,French imperative only uses tu / nous / vous; placeholder - used for unsupported slot
FR,résulter,Subjonctif,Subjonctif présent,je,résulte,16,reviewed,
FR,résulter,Subjonctif,Subjonctif présent,tu,résultes,16,reviewed,
FR,résulter,Subjonctif,Subjonctif présent,"il (elle, on)",résulte,16,reviewed,
FR,résulter,Subjonctif,Subjonctif présent,nous,résultions,16,reviewed,
FR,résulter,Subjonctif,Subjonctif présent,vous,résultiez,16,reviewed,
FR,résulter,Subjonctif,Subjonctif présent,ils (elles),résultent,16,reviewed,
FR,résulter,Indicatif,Passé Simple,je,résultai,16,reviewed,
FR,résulter,Indicatif,Passé Simple,tu,résultas,16,reviewed,
FR,résulter,Indicatif,Passé Simple,"il (elle, on)",résulta,16,reviewed,
FR,résulter,Indicatif,Passé Simple,nous,résultâmes,16,reviewed,
FR,résulter,Indicatif,Passé Simple,vous,résultâtes,16,reviewed,
FR,résulter,Indicatif,Passé Simple,ils (elles),résultèrent,16,reviewed,
FR,résulter,Subjonctif,Subjonctif imparfait,je,résultasse,16,reviewed,
FR,résulter,Subjonctif,Subjonctif imparfait,tu,résultasses,16,reviewed,
FR,résulter,Subjonctif,Subjonctif imparfait,"il (elle, on)",résultât,16,reviewed,
FR,résulter,Subjonctif,Subjonctif imparfait,nous,résultassions,16,reviewed,
FR,résulter,Subjonctif,Subjonctif imparfait,vous,résultassiez,16,reviewed,
FR,résulter,Subjonctif,Subjonctif imparfait,ils (elles),résultassent,16,reviewed,
FR,se dérouler,Indicatif,Présent,je,me déroule,16,reviewed,pronominal paradigm manually normalized; imperative clitics and passé composé agreement curated; QA recommended
FR,se dérouler,Indicatif,Présent,tu,te déroules,16,reviewed,pronominal paradigm manually normalized; imperative clitics and passé composé agreement curated; QA recommended
FR,se dérouler,Indicatif,Présent,"il (elle, on)",se déroule,16,reviewed,pronominal paradigm manually normalized; imperative clitics and passé composé agreement curated; QA recommended
FR,se dérouler,Indicatif,Présent,nous,nous déroulons,16,reviewed,pronominal paradigm manually normalized; imperative clitics and passé composé agreement curated; QA recommended
FR,se dérouler,Indicatif,Présent,vous,vous déroulez,16,reviewed,pronominal paradigm manually normalized; imperative clitics and passé composé agreement curated; QA recommended
FR,se dérouler,Indicatif,Présent,ils (elles),se déroulent,16,reviewed,pronominal paradigm manually normalized; imperative clitics and passé composé agreement curated; QA recommended
FR,se dérouler,Indicatif,Futur,je,me déroulerai,16,reviewed,pronominal paradigm manually normalized; imperative clitics and passé composé agreement curated; QA recommended
FR,se dérouler,Indicatif,Futur,tu,te dérouleras,16,reviewed,pronominal paradigm manually normalized; imperative clitics and passé composé agreement curated; QA recommended
FR,se dérouler,Indicatif,Futur,"il (elle, on)",se déroulera,16,reviewed,pronominal paradigm manually normalized; imperative clitics and passé composé agreement curated; QA recommended
FR,se dérouler,Indicatif,Futur,nous,nous déroulerons,16,reviewed,pronominal paradigm manually normalized; imperative clitics and passé composé agreement curated; QA recommended
FR,se dérouler,Indicatif,Futur,vous,vous déroulerez,16,reviewed,pronominal paradigm manually normalized; imperative clitics and passé composé agreement curated; QA recommended
FR,se dérouler,Indicatif,Futur,ils (elles),se dérouleront,16,reviewed,pronominal paradigm manually normalized; imperative clitics and passé composé agreement curated; QA recommended
FR,se dérouler,Indicatif,Passé composé,je,me suis déroulé(e),16,reviewed,pronominal paradigm manually normalized; imperative clitics and passé composé agreement curated; QA recommended
FR,se dérouler,Indicatif,Passé composé,tu,t'es déroulé(e),16,reviewed,pronominal paradigm manually normalized; imperative clitics and passé composé agreement curated; QA recommended
FR,se dérouler,Indicatif,Passé composé,"il (elle, on)",s'est déroulé(e),16,reviewed,pronominal paradigm manually normalized; imperative clitics and passé composé agreement curated; QA recommended
FR,se dérouler,Indicatif,Passé composé,nous,nous sommes déroulé(e)s,16,reviewed,pronominal paradigm manually normalized; imperative clitics and passé composé agreement curated; QA recommended
FR,se dérouler,Indicatif,Passé composé,vous,vous êtes déroulé(e)(s),16,reviewed,pronominal paradigm manually normalized; imperative clitics and passé composé agreement curated; QA recommended
FR,se dérouler,Indicatif,Passé composé,ils (elles),se sont déroulé(e)s,16,reviewed,pronominal paradigm manually normalized; imperative clitics and passé composé agreement curated; QA recommended
FR,se dérouler,Indicatif,Imparfait,je,me déroulais,16,reviewed,pronominal paradigm manually normalized; imperative clitics and passé composé agreement curated; QA recommended
FR,se dérouler,Indicatif,Imparfait,tu,te déroulais,16,reviewed,pronominal paradigm manually normalized; imperative clitics and passé composé agreement curated; QA recommended
FR,se dérouler,Indicatif,Imparfait,"il (elle, on)",se déroulait,16,reviewed,pronominal paradigm manually normalized; imperative clitics and passé composé agreement curated; QA recommended
FR,se dérouler,Indicatif,Imparfait,nous,nous déroulions,16,reviewed,pronominal paradigm manually normalized; imperative clitics and passé composé agreement curated; QA recommended
FR,se dérouler,Indicatif,Imparfait,vous,vous dérouliez,16,reviewed,pronominal paradigm manually normalized; imperative clitics and passé composé agreement curated; QA recommended
FR,se dérouler,Indicatif,Imparfait,ils (elles),se déroulaient,16,reviewed,pronominal paradigm manually normalized; imperative clitics and passé composé agreement curated; QA recommended
FR,se dérouler,Conditionnel,Conditionnel présent,je,me déroulerais,16,reviewed,pronominal paradigm manually normalized; imperative clitics and passé composé agreement curated; QA recommended
FR,se dérouler,Conditionnel,Conditionnel présent,tu,te déroulerais,16,reviewed,pronominal paradigm manually normalized; imperative clitics and passé composé agreement curated; QA recommended
FR,se dérouler,Conditionnel,Conditionnel présent,"il (elle, on)",se déroulerait,16,reviewed,pronominal paradigm manually normalized; imperative clitics and passé composé agreement curated; QA recommended
FR,se dérouler,Conditionnel,Conditionnel présent,nous,nous déroulerions,16,reviewed,pronominal paradigm manually normalized; imperative clitics and passé composé agreement curated; QA recommended
FR,se dérouler,Conditionnel,Conditionnel présent,vous,vous dérouleriez,16,reviewed,pronominal paradigm manually normalized; imperative clitics and passé composé agreement curated; QA recommended
FR,se dérouler,Conditionnel,Conditionnel présent,ils (elles),se dérouleraient,16,reviewed,pronominal paradigm manually normalized; imperative clitics and passé composé agreement curated; QA recommended
FR,se dérouler,Impératif,Impératif,je,-,16,reviewed,pronominal paradigm manually normalized; imperative clitics and passé composé agreement curated; QA recommended; French imperative only uses tu / nous / vous; placeholder - used for unsupported slot
FR,se dérouler,Impératif,Impératif,tu,déroule-toi,16,reviewed,pronominal paradigm manually normalized; imperative clitics and passé composé agreement curated; QA recommended
FR,se dérouler,Impératif,Impératif,"il (elle, on)",-,16,reviewed,pronominal paradigm manually normalized; imperative clitics and passé composé agreement curated; QA recommended; French imperative only uses tu / nous / vous; placeholder - used for unsupported slot
FR,se dérouler,Impératif,Impératif,nous,déroulons-nous,16,reviewed,pronominal paradigm manually normalized; imperative clitics and passé composé agreement curated; QA recommended
FR,se dérouler,Impératif,Impératif,vous,déroulez-vous,16,reviewed,pronominal paradigm manually normalized; imperative clitics and passé composé agreement curated; QA recommended
FR,se dérouler,Impératif,Impératif,ils (elles),-,16,reviewed,pronominal paradigm manually normalized; imperative clitics and passé composé agreement curated; QA recommended; French imperative only uses tu / nous / vous; placeholder - used for unsupported slot
FR,se dérouler,Subjonctif,Subjonctif présent,je,me déroule,16,reviewed,pronominal paradigm manually normalized; imperative clitics and passé composé agreement curated; QA recommended
FR,se dérouler,Subjonctif,Subjonctif présent,tu,te déroules,16,reviewed,pronominal paradigm manually normalized; imperative clitics and passé composé agreement curated; QA recommended
FR,se dérouler,Subjonctif,Subjonctif présent,"il (elle, on)",se déroule,16,reviewed,pronominal paradigm manually normalized; imperative clitics and passé composé agreement curated; QA recommended
FR,se dérouler,Subjonctif,Subjonctif présent,nous,nous déroulions,16,reviewed,pronominal paradigm manually normalized; imperative clitics and passé composé agreement curated; QA recommended
FR,se dérouler,Subjonctif,Subjonctif présent,vous,vous dérouliez,16,reviewed,pronominal paradigm manually normalized; imperative clitics and passé composé agreement curated; QA recommended
FR,se dérouler,Subjonctif,Subjonctif présent,ils (elles),se déroulent,16,reviewed,pronominal paradigm manually normalized; imperative clitics and passé composé agreement curated; QA recommended
FR,se dérouler,Indicatif,Passé Simple,je,me déroulai,16,reviewed,pronominal paradigm manually normalized; imperative clitics and passé composé agreement curated; QA recommended
FR,se dérouler,Indicatif,Passé Simple,tu,te déroulas,16,reviewed,pronominal paradigm manually normalized; imperative clitics and passé composé agreement curated; QA recommended
FR,se dérouler,Indicatif,Passé Simple,"il (elle, on)",se déroula,16,reviewed,pronominal paradigm manually normalized; imperative clitics and passé composé agreement curated; QA recommended
FR,se dérouler,Indicatif,Passé Simple,nous,nous déroulâmes,16,reviewed,pronominal paradigm manually normalized; imperative clitics and passé composé agreement curated; QA recommended
FR,se dérouler,Indicatif,Passé Simple,vous,vous déroulâtes,16,reviewed,pronominal paradigm manually normalized; imperative clitics and passé composé agreement curated; QA recommended
FR,se dérouler,Indicatif,Passé Simple,ils (elles),se déroulèrent,16,reviewed,pronominal paradigm manually normalized; imperative clitics and passé composé agreement curated; QA recommended
FR,se dérouler,Subjonctif,Subjonctif imparfait,je,me déroulasse,16,reviewed,pronominal paradigm manually normalized; imperative clitics and passé composé agreement curated; QA recommended
FR,se dérouler,Subjonctif,Subjonctif imparfait,tu,te déroulasses,16,reviewed,pronominal paradigm manually normalized; imperative clitics and passé composé agreement curated; QA recommended
FR,se dérouler,Subjonctif,Subjonctif imparfait,"il (elle, on)",se déroulât,16,reviewed,pronominal paradigm manually normalized; imperative clitics and passé composé agreement curated; QA recommended
FR,se dérouler,Subjonctif,Subjonctif imparfait,nous,nous déroulassions,16,reviewed,pronominal paradigm manually normalized; imperative clitics and passé composé agreement curated; QA recommended
FR,se dérouler,Subjonctif,Subjonctif imparfait,vous,vous déroulassiez,16,reviewed,pronominal paradigm manually normalized; imperative clitics and passé composé agreement curated; QA recommended
FR,se dérouler,Subjonctif,Subjonctif imparfait,ils (elles),se déroulassent,16,reviewed,pronominal paradigm manually normalized; imperative clitics and passé composé agreement curated; QA recommended
FR,qualifier,Indicatif,Présent,je,qualifie,16,reviewed,
FR,qualifier,Indicatif,Présent,tu,qualifies,16,reviewed,
FR,qualifier,Indicatif,Présent,"il (elle, on)",qualifie,16,reviewed,
FR,qualifier,Indicatif,Présent,nous,qualifions,16,reviewed,
FR,qualifier,Indicatif,Présent,vous,qualifiez,16,reviewed,
FR,qualifier,Indicatif,Présent,ils (elles),qualifient,16,reviewed,
FR,qualifier,Indicatif,Futur,je,qualifierai,16,reviewed,
FR,qualifier,Indicatif,Futur,tu,qualifieras,16,reviewed,
FR,qualifier,Indicatif,Futur,"il (elle, on)",qualifiera,16,reviewed,
FR,qualifier,Indicatif,Futur,nous,qualifierons,16,reviewed,
FR,qualifier,Indicatif,Futur,vous,qualifierez,16,reviewed,
FR,qualifier,Indicatif,Futur,ils (elles),qualifieront,16,reviewed,
FR,qualifier,Indicatif,Passé composé,je,ai qualifié,16,reviewed,
FR,qualifier,Indicatif,Passé composé,tu,as qualifié,16,reviewed,
FR,qualifier,Indicatif,Passé composé,"il (elle, on)",a qualifié,16,reviewed,
FR,qualifier,Indicatif,Passé composé,nous,avons qualifié,16,reviewed,
FR,qualifier,Indicatif,Passé composé,vous,avez qualifié,16,reviewed,
FR,qualifier,Indicatif,Passé composé,ils (elles),ont qualifié,16,reviewed,
FR,qualifier,Indicatif,Imparfait,je,qualifiais,16,reviewed,
FR,qualifier,Indicatif,Imparfait,tu,qualifiais,16,reviewed,
FR,qualifier,Indicatif,Imparfait,"il (elle, on)",qualifiait,16,reviewed,
FR,qualifier,Indicatif,Imparfait,nous,qualifiions,16,reviewed,
FR,qualifier,Indicatif,Imparfait,vous,qualifiiez,16,reviewed,
FR,qualifier,Indicatif,Imparfait,ils (elles),qualifiaient,16,reviewed,
FR,qualifier,Conditionnel,Conditionnel présent,je,qualifierais,16,reviewed,
FR,qualifier,Conditionnel,Conditionnel présent,tu,qualifierais,16,reviewed,
FR,qualifier,Conditionnel,Conditionnel présent,"il (elle, on)",qualifierait,16,reviewed,
FR,qualifier,Conditionnel,Conditionnel présent,nous,qualifierions,16,reviewed,
FR,qualifier,Conditionnel,Conditionnel présent,vous,qualifieriez,16,reviewed,
FR,qualifier,Conditionnel,Conditionnel présent,ils (elles),qualifieraient,16,reviewed,
FR,qualifier,Impératif,Impératif,je,-,16,reviewed,French imperative only uses tu / nous / vous; placeholder - used for unsupported slot
FR,qualifier,Impératif,Impératif,tu,qualifie,16,reviewed,
FR,qualifier,Impératif,Impératif,"il (elle, on)",-,16,reviewed,French imperative only uses tu / nous / vous; placeholder - used for unsupported slot
FR,qualifier,Impératif,Impératif,nous,qualifions,16,reviewed,
FR,qualifier,Impératif,Impératif,vous,qualifiez,16,reviewed,
FR,qualifier,Impératif,Impératif,ils (elles),-,16,reviewed,French imperative only uses tu / nous / vous; placeholder - used for unsupported slot
FR,qualifier,Subjonctif,Subjonctif présent,je,qualifie,16,reviewed,
FR,qualifier,Subjonctif,Subjonctif présent,tu,qualifies,16,reviewed,
FR,qualifier,Subjonctif,Subjonctif présent,"il (elle, on)",qualifie,16,reviewed,
FR,qualifier,Subjonctif,Subjonctif présent,nous,qualifiions,16,reviewed,
FR,qualifier,Subjonctif,Subjonctif présent,vous,qualifiiez,16,reviewed,
FR,qualifier,Subjonctif,Subjonctif présent,ils (elles),qualifient,16,reviewed,
FR,qualifier,Indicatif,Passé Simple,je,qualifiai,16,reviewed,
FR,qualifier,Indicatif,Passé Simple,tu,qualifias,16,reviewed,
FR,qualifier,Indicatif,Passé Simple,"il (elle, on)",qualifia,16,reviewed,
FR,qualifier,Indicatif,Passé Simple,nous,qualifiâmes,16,reviewed,
FR,qualifier,Indicatif,Passé Simple,vous,qualifiâtes,16,reviewed,
FR,qualifier,Indicatif,Passé Simple,ils (elles),qualifièrent,16,reviewed,
FR,qualifier,Subjonctif,Subjonctif imparfait,je,qualifiasse,16,reviewed,
FR,qualifier,Subjonctif,Subjonctif imparfait,tu,qualifiasses,16,reviewed,
FR,qualifier,Subjonctif,Subjonctif imparfait,"il (elle, on)",qualifiât,16,reviewed,
FR,qualifier,Subjonctif,Subjonctif imparfait,nous,qualifiassions,16,reviewed,
FR,qualifier,Subjonctif,Subjonctif imparfait,vous,qualifiassiez,16,reviewed,
FR,qualifier,Subjonctif,Subjonctif imparfait,ils (elles),qualifiassent,16,reviewed,
FR,promouvoir,Indicatif,Présent,je,promeus,16,reviewed,mouvoir-family irregular paradigm; past participle promu used; finite simple tenses are uncommon; QA recommended
FR,promouvoir,Indicatif,Présent,tu,promeus,16,reviewed,mouvoir-family irregular paradigm; past participle promu used; finite simple tenses are uncommon; QA recommended
FR,promouvoir,Indicatif,Présent,"il (elle, on)",promeut,16,reviewed,mouvoir-family irregular paradigm; past participle promu used; finite simple tenses are uncommon; QA recommended
FR,promouvoir,Indicatif,Présent,nous,promouvons,16,reviewed,mouvoir-family irregular paradigm; past participle promu used; finite simple tenses are uncommon; QA recommended
FR,promouvoir,Indicatif,Présent,vous,promouvez,16,reviewed,mouvoir-family irregular paradigm; past participle promu used; finite simple tenses are uncommon; QA recommended
FR,promouvoir,Indicatif,Présent,ils (elles),promeuvent,16,reviewed,mouvoir-family irregular paradigm; past participle promu used; finite simple tenses are uncommon; QA recommended
FR,promouvoir,Indicatif,Futur,je,promouvrai,16,reviewed,mouvoir-family irregular paradigm; past participle promu used; finite simple tenses are uncommon; QA recommended
FR,promouvoir,Indicatif,Futur,tu,promouvras,16,reviewed,mouvoir-family irregular paradigm; past participle promu used; finite simple tenses are uncommon; QA recommended
FR,promouvoir,Indicatif,Futur,"il (elle, on)",promouvra,16,reviewed,mouvoir-family irregular paradigm; past participle promu used; finite simple tenses are uncommon; QA recommended
FR,promouvoir,Indicatif,Futur,nous,promouvrons,16,reviewed,mouvoir-family irregular paradigm; past participle promu used; finite simple tenses are uncommon; QA recommended
FR,promouvoir,Indicatif,Futur,vous,promouvrez,16,reviewed,mouvoir-family irregular paradigm; past participle promu used; finite simple tenses are uncommon; QA recommended
FR,promouvoir,Indicatif,Futur,ils (elles),promouvront,16,reviewed,mouvoir-family irregular paradigm; past participle promu used; finite simple tenses are uncommon; QA recommended
FR,promouvoir,Indicatif,Passé composé,je,ai promu,16,reviewed,mouvoir-family irregular paradigm; past participle promu used; finite simple tenses are uncommon; QA recommended
FR,promouvoir,Indicatif,Passé composé,tu,as promu,16,reviewed,mouvoir-family irregular paradigm; past participle promu used; finite simple tenses are uncommon; QA recommended
FR,promouvoir,Indicatif,Passé composé,"il (elle, on)",a promu,16,reviewed,mouvoir-family irregular paradigm; past participle promu used; finite simple tenses are uncommon; QA recommended
FR,promouvoir,Indicatif,Passé composé,nous,avons promu,16,reviewed,mouvoir-family irregular paradigm; past participle promu used; finite simple tenses are uncommon; QA recommended
FR,promouvoir,Indicatif,Passé composé,vous,avez promu,16,reviewed,mouvoir-family irregular paradigm; past participle promu used; finite simple tenses are uncommon; QA recommended
FR,promouvoir,Indicatif,Passé composé,ils (elles),ont promu,16,reviewed,mouvoir-family irregular paradigm; past participle promu used; finite simple tenses are uncommon; QA recommended
FR,promouvoir,Indicatif,Imparfait,je,promouvais,16,reviewed,mouvoir-family irregular paradigm; past participle promu used; finite simple tenses are uncommon; QA recommended
FR,promouvoir,Indicatif,Imparfait,tu,promouvais,16,reviewed,mouvoir-family irregular paradigm; past participle promu used; finite simple tenses are uncommon; QA recommended
FR,promouvoir,Indicatif,Imparfait,"il (elle, on)",promouvait,16,reviewed,mouvoir-family irregular paradigm; past participle promu used; finite simple tenses are uncommon; QA recommended
FR,promouvoir,Indicatif,Imparfait,nous,promouvions,16,reviewed,mouvoir-family irregular paradigm; past participle promu used; finite simple tenses are uncommon; QA recommended
FR,promouvoir,Indicatif,Imparfait,vous,promouviez,16,reviewed,mouvoir-family irregular paradigm; past participle promu used; finite simple tenses are uncommon; QA recommended
FR,promouvoir,Indicatif,Imparfait,ils (elles),promouvaient,16,reviewed,mouvoir-family irregular paradigm; past participle promu used; finite simple tenses are uncommon; QA recommended
FR,promouvoir,Conditionnel,Conditionnel présent,je,promouvrais,16,reviewed,mouvoir-family irregular paradigm; past participle promu used; finite simple tenses are uncommon; QA recommended
FR,promouvoir,Conditionnel,Conditionnel présent,tu,promouvrais,16,reviewed,mouvoir-family irregular paradigm; past participle promu used; finite simple tenses are uncommon; QA recommended
FR,promouvoir,Conditionnel,Conditionnel présent,"il (elle, on)",promouvrait,16,reviewed,mouvoir-family irregular paradigm; past participle promu used; finite simple tenses are uncommon; QA recommended
FR,promouvoir,Conditionnel,Conditionnel présent,nous,promouvrions,16,reviewed,mouvoir-family irregular paradigm; past participle promu used; finite simple tenses are uncommon; QA recommended
FR,promouvoir,Conditionnel,Conditionnel présent,vous,promouvriez,16,reviewed,mouvoir-family irregular paradigm; past participle promu used; finite simple tenses are uncommon; QA recommended
FR,promouvoir,Conditionnel,Conditionnel présent,ils (elles),promouvraient,16,reviewed,mouvoir-family irregular paradigm; past participle promu used; finite simple tenses are uncommon; QA recommended
FR,promouvoir,Impératif,Impératif,je,-,16,reviewed,mouvoir-family irregular paradigm; past participle promu used; finite simple tenses are uncommon; QA recommended; French imperative only uses tu / nous / vous; placeholder - used for unsupported slot
FR,promouvoir,Impératif,Impératif,tu,promeus,16,reviewed,mouvoir-family irregular paradigm; past participle promu used; finite simple tenses are uncommon; QA recommended
FR,promouvoir,Impératif,Impératif,"il (elle, on)",-,16,reviewed,mouvoir-family irregular paradigm; past participle promu used; finite simple tenses are uncommon; QA recommended; French imperative only uses tu / nous / vous; placeholder - used for unsupported slot
FR,promouvoir,Impératif,Impératif,nous,promouvons,16,reviewed,mouvoir-family irregular paradigm; past participle promu used; finite simple tenses are uncommon; QA recommended
FR,promouvoir,Impératif,Impératif,vous,promouvez,16,reviewed,mouvoir-family irregular paradigm; past participle promu used; finite simple tenses are uncommon; QA recommended
FR,promouvoir,Impératif,Impératif,ils (elles),-,16,reviewed,mouvoir-family irregular paradigm; past participle promu used; finite simple tenses are uncommon; QA recommended; French imperative only uses tu / nous / vous; placeholder - used for unsupported slot
FR,promouvoir,Subjonctif,Subjonctif présent,je,promeuve,16,reviewed,mouvoir-family irregular paradigm; past participle promu used; finite simple tenses are uncommon; QA recommended
FR,promouvoir,Subjonctif,Subjonctif présent,tu,promeuves,16,reviewed,mouvoir-family irregular paradigm; past participle promu used; finite simple tenses are uncommon; QA recommended
FR,promouvoir,Subjonctif,Subjonctif présent,"il (elle, on)",promeuve,16,reviewed,mouvoir-family irregular paradigm; past participle promu used; finite simple tenses are uncommon; QA recommended
FR,promouvoir,Subjonctif,Subjonctif présent,nous,promouvions,16,reviewed,mouvoir-family irregular paradigm; past participle promu used; finite simple tenses are uncommon; QA recommended
FR,promouvoir,Subjonctif,Subjonctif présent,vous,promouviez,16,reviewed,mouvoir-family irregular paradigm; past participle promu used; finite simple tenses are uncommon; QA recommended
FR,promouvoir,Subjonctif,Subjonctif présent,ils (elles),promeuvent,16,reviewed,mouvoir-family irregular paradigm; past participle promu used; finite simple tenses are uncommon; QA recommended
FR,promouvoir,Indicatif,Passé Simple,je,promus,16,reviewed,mouvoir-family irregular paradigm; past participle promu used; finite simple tenses are uncommon; QA recommended
FR,promouvoir,Indicatif,Passé Simple,tu,promus,16,reviewed,mouvoir-family irregular paradigm; past participle promu used; finite simple tenses are uncommon; QA recommended
FR,promouvoir,Indicatif,Passé Simple,"il (elle, on)",promut,16,reviewed,mouvoir-family irregular paradigm; past participle promu used; finite simple tenses are uncommon; QA recommended
FR,promouvoir,Indicatif,Passé Simple,nous,promûmes,16,reviewed,mouvoir-family irregular paradigm; past participle promu used; finite simple tenses are uncommon; QA recommended
FR,promouvoir,Indicatif,Passé Simple,vous,promûtes,16,reviewed,mouvoir-family irregular paradigm; past participle promu used; finite simple tenses are uncommon; QA recommended
FR,promouvoir,Indicatif,Passé Simple,ils (elles),promurent,16,reviewed,mouvoir-family irregular paradigm; past participle promu used; finite simple tenses are uncommon; QA recommended
FR,promouvoir,Subjonctif,Subjonctif imparfait,je,promusse,16,reviewed,mouvoir-family irregular paradigm; past participle promu used; finite simple tenses are uncommon; QA recommended
FR,promouvoir,Subjonctif,Subjonctif imparfait,tu,promusses,16,reviewed,mouvoir-family irregular paradigm; past participle promu used; finite simple tenses are uncommon; QA recommended
FR,promouvoir,Subjonctif,Subjonctif imparfait,"il (elle, on)",promût,16,reviewed,mouvoir-family irregular paradigm; past participle promu used; finite simple tenses are uncommon; QA recommended
FR,promouvoir,Subjonctif,Subjonctif imparfait,nous,promussions,16,reviewed,mouvoir-family irregular paradigm; past participle promu used; finite simple tenses are uncommon; QA recommended
FR,promouvoir,Subjonctif,Subjonctif imparfait,vous,promussiez,16,reviewed,mouvoir-family irregular paradigm; past participle promu used; finite simple tenses are uncommon; QA recommended
FR,promouvoir,Subjonctif,Subjonctif imparfait,ils (elles),promussent,16,reviewed,mouvoir-family irregular paradigm; past participle promu used; finite simple tenses are uncommon; QA recommended
FR,attarder,Indicatif,Présent,je,attarde,16,reviewed,
FR,attarder,Indicatif,Présent,tu,attardes,16,reviewed,
FR,attarder,Indicatif,Présent,"il (elle, on)",attarde,16,reviewed,
FR,attarder,Indicatif,Présent,nous,attardons,16,reviewed,
FR,attarder,Indicatif,Présent,vous,attardez,16,reviewed,
FR,attarder,Indicatif,Présent,ils (elles),attardent,16,reviewed,
FR,attarder,Indicatif,Futur,je,attarderai,16,reviewed,
FR,attarder,Indicatif,Futur,tu,attarderas,16,reviewed,
FR,attarder,Indicatif,Futur,"il (elle, on)",attardera,16,reviewed,
FR,attarder,Indicatif,Futur,nous,attarderons,16,reviewed,
FR,attarder,Indicatif,Futur,vous,attarderez,16,reviewed,
FR,attarder,Indicatif,Futur,ils (elles),attarderont,16,reviewed,
FR,attarder,Indicatif,Passé composé,je,ai attardé,16,reviewed,
FR,attarder,Indicatif,Passé composé,tu,as attardé,16,reviewed,
FR,attarder,Indicatif,Passé composé,"il (elle, on)",a attardé,16,reviewed,
FR,attarder,Indicatif,Passé composé,nous,avons attardé,16,reviewed,
FR,attarder,Indicatif,Passé composé,vous,avez attardé,16,reviewed,
FR,attarder,Indicatif,Passé composé,ils (elles),ont attardé,16,reviewed,
FR,attarder,Indicatif,Imparfait,je,attardais,16,reviewed,
FR,attarder,Indicatif,Imparfait,tu,attardais,16,reviewed,
FR,attarder,Indicatif,Imparfait,"il (elle, on)",attardait,16,reviewed,
FR,attarder,Indicatif,Imparfait,nous,attardions,16,reviewed,
FR,attarder,Indicatif,Imparfait,vous,attardiez,16,reviewed,
FR,attarder,Indicatif,Imparfait,ils (elles),attardaient,16,reviewed,
FR,attarder,Conditionnel,Conditionnel présent,je,attarderais,16,reviewed,
FR,attarder,Conditionnel,Conditionnel présent,tu,attarderais,16,reviewed,
FR,attarder,Conditionnel,Conditionnel présent,"il (elle, on)",attarderait,16,reviewed,
FR,attarder,Conditionnel,Conditionnel présent,nous,attarderions,16,reviewed,
FR,attarder,Conditionnel,Conditionnel présent,vous,attarderiez,16,reviewed,
FR,attarder,Conditionnel,Conditionnel présent,ils (elles),attarderaient,16,reviewed,
FR,attarder,Impératif,Impératif,je,-,16,reviewed,French imperative only uses tu / nous / vous; placeholder - used for unsupported slot
FR,attarder,Impératif,Impératif,tu,attarde,16,reviewed,
FR,attarder,Impératif,Impératif,"il (elle, on)",-,16,reviewed,French imperative only uses tu / nous / vous; placeholder - used for unsupported slot
FR,attarder,Impératif,Impératif,nous,attardons,16,reviewed,
FR,attarder,Impératif,Impératif,vous,attardez,16,reviewed,
FR,attarder,Impératif,Impératif,ils (elles),-,16,reviewed,French imperative only uses tu / nous / vous; placeholder - used for unsupported slot
FR,attarder,Subjonctif,Subjonctif présent,je,attarde,16,reviewed,
FR,attarder,Subjonctif,Subjonctif présent,tu,attardes,16,reviewed,
FR,attarder,Subjonctif,Subjonctif présent,"il (elle, on)",attarde,16,reviewed,
FR,attarder,Subjonctif,Subjonctif présent,nous,attardions,16,reviewed,
FR,attarder,Subjonctif,Subjonctif présent,vous,attardiez,16,reviewed,
FR,attarder,Subjonctif,Subjonctif présent,ils (elles),attardent,16,reviewed,
FR,attarder,Indicatif,Passé Simple,je,attardai,16,reviewed,
FR,attarder,Indicatif,Passé Simple,tu,attardas,16,reviewed,
FR,attarder,Indicatif,Passé Simple,"il (elle, on)",attarda,16,reviewed,
FR,attarder,Indicatif,Passé Simple,nous,attardâmes,16,reviewed,
FR,attarder,Indicatif,Passé Simple,vous,attardâtes,16,reviewed,
FR,attarder,Indicatif,Passé Simple,ils (elles),attardèrent,16,reviewed,
FR,attarder,Subjonctif,Subjonctif imparfait,je,attardasse,16,reviewed,
FR,attarder,Subjonctif,Subjonctif imparfait,tu,attardasses,16,reviewed,
FR,attarder,Subjonctif,Subjonctif imparfait,"il (elle, on)",attardât,16,reviewed,
FR,attarder,Subjonctif,Subjonctif imparfait,nous,attardassions,16,reviewed,
FR,attarder,Subjonctif,Subjonctif imparfait,vous,attardassiez,16,reviewed,
FR,attarder,Subjonctif,Subjonctif imparfait,ils (elles),attardassent,16,reviewed,
FR,gémir,Indicatif,Présent,je,gémis,16,reviewed,
FR,gémir,Indicatif,Présent,tu,gémis,16,reviewed,
FR,gémir,Indicatif,Présent,"il (elle, on)",gémit,16,reviewed,
FR,gémir,Indicatif,Présent,nous,gémissons,16,reviewed,
FR,gémir,Indicatif,Présent,vous,gémissez,16,reviewed,
FR,gémir,Indicatif,Présent,ils (elles),gémissent,16,reviewed,
FR,gémir,Indicatif,Futur,je,gémirai,16,reviewed,
FR,gémir,Indicatif,Futur,tu,gémiras,16,reviewed,
FR,gémir,Indicatif,Futur,"il (elle, on)",gémira,16,reviewed,
FR,gémir,Indicatif,Futur,nous,gémirons,16,reviewed,
FR,gémir,Indicatif,Futur,vous,gémirez,16,reviewed,
FR,gémir,Indicatif,Futur,ils (elles),gémiront,16,reviewed,
FR,gémir,Indicatif,Passé composé,je,ai gémi,16,reviewed,
FR,gémir,Indicatif,Passé composé,tu,as gémi,16,reviewed,
FR,gémir,Indicatif,Passé composé,"il (elle, on)",a gémi,16,reviewed,
FR,gémir,Indicatif,Passé composé,nous,avons gémi,16,reviewed,
FR,gémir,Indicatif,Passé composé,vous,avez gémi,16,reviewed,
FR,gémir,Indicatif,Passé composé,ils (elles),ont gémi,16,reviewed,
FR,gémir,Indicatif,Imparfait,je,gémissais,16,reviewed,
FR,gémir,Indicatif,Imparfait,tu,gémissais,16,reviewed,
FR,gémir,Indicatif,Imparfait,"il (elle, on)",gémissait,16,reviewed,
FR,gémir,Indicatif,Imparfait,nous,gémissions,16,reviewed,
FR,gémir,Indicatif,Imparfait,vous,gémissiez,16,reviewed,
FR,gémir,Indicatif,Imparfait,ils (elles),gémissaient,16,reviewed,
FR,gémir,Conditionnel,Conditionnel présent,je,gémirais,16,reviewed,
FR,gémir,Conditionnel,Conditionnel présent,tu,gémirais,16,reviewed,
FR,gémir,Conditionnel,Conditionnel présent,"il (elle, on)",gémirait,16,reviewed,
FR,gémir,Conditionnel,Conditionnel présent,nous,gémirions,16,reviewed,
FR,gémir,Conditionnel,Conditionnel présent,vous,gémiriez,16,reviewed,
FR,gémir,Conditionnel,Conditionnel présent,ils (elles),gémiraient,16,reviewed,
FR,gémir,Impératif,Impératif,je,-,16,reviewed,French imperative only uses tu / nous / vous; placeholder - used for unsupported slot
FR,gémir,Impératif,Impératif,tu,gémis,16,reviewed,
FR,gémir,Impératif,Impératif,"il (elle, on)",-,16,reviewed,French imperative only uses tu / nous / vous; placeholder - used for unsupported slot
FR,gémir,Impératif,Impératif,nous,gémissons,16,reviewed,
FR,gémir,Impératif,Impératif,vous,gémissez,16,reviewed,
FR,gémir,Impératif,Impératif,ils (elles),-,16,reviewed,French imperative only uses tu / nous / vous; placeholder - used for unsupported slot
FR,gémir,Subjonctif,Subjonctif présent,je,gémisse,16,reviewed,
FR,gémir,Subjonctif,Subjonctif présent,tu,gémisses,16,reviewed,
FR,gémir,Subjonctif,Subjonctif présent,"il (elle, on)",gémisse,16,reviewed,
FR,gémir,Subjonctif,Subjonctif présent,nous,gémissions,16,reviewed,
FR,gémir,Subjonctif,Subjonctif présent,vous,gémissiez,16,reviewed,
FR,gémir,Subjonctif,Subjonctif présent,ils (elles),gémissent,16,reviewed,
FR,gémir,Indicatif,Passé Simple,je,gémis,16,reviewed,
FR,gémir,Indicatif,Passé Simple,tu,gémis,16,reviewed,
FR,gémir,Indicatif,Passé Simple,"il (elle, on)",gémit,16,reviewed,
FR,gémir,Indicatif,Passé Simple,nous,gémîmes,16,reviewed,
FR,gémir,Indicatif,Passé Simple,vous,gémîtes,16,reviewed,
FR,gémir,Indicatif,Passé Simple,ils (elles),gémirent,16,reviewed,
FR,gémir,Subjonctif,Subjonctif imparfait,je,gémisse,16,reviewed,
FR,gémir,Subjonctif,Subjonctif imparfait,tu,gémisses,16,reviewed,
FR,gémir,Subjonctif,Subjonctif imparfait,"il (elle, on)",gémît,16,reviewed,
FR,gémir,Subjonctif,Subjonctif imparfait,nous,gémissions,16,reviewed,
FR,gémir,Subjonctif,Subjonctif imparfait,vous,gémissiez,16,reviewed,
FR,gémir,Subjonctif,Subjonctif imparfait,ils (elles),gémissent,16,reviewed,
FR,bûcher,Indicatif,Présent,je,bûche,16,reviewed,
FR,bûcher,Indicatif,Présent,tu,bûches,16,reviewed,
FR,bûcher,Indicatif,Présent,"il (elle, on)",bûche,16,reviewed,
FR,bûcher,Indicatif,Présent,nous,bûchons,16,reviewed,
FR,bûcher,Indicatif,Présent,vous,bûchez,16,reviewed,
FR,bûcher,Indicatif,Présent,ils (elles),bûchent,16,reviewed,
FR,bûcher,Indicatif,Futur,je,bûcherai,16,reviewed,
FR,bûcher,Indicatif,Futur,tu,bûcheras,16,reviewed,
FR,bûcher,Indicatif,Futur,"il (elle, on)",bûchera,16,reviewed,
FR,bûcher,Indicatif,Futur,nous,bûcherons,16,reviewed,
FR,bûcher,Indicatif,Futur,vous,bûcherez,16,reviewed,
FR,bûcher,Indicatif,Futur,ils (elles),bûcheront,16,reviewed,
FR,bûcher,Indicatif,Passé composé,je,ai bûché,16,reviewed,
FR,bûcher,Indicatif,Passé composé,tu,as bûché,16,reviewed,
FR,bûcher,Indicatif,Passé composé,"il (elle, on)",a bûché,16,reviewed,
FR,bûcher,Indicatif,Passé composé,nous,avons bûché,16,reviewed,
FR,bûcher,Indicatif,Passé composé,vous,avez bûché,16,reviewed,
FR,bûcher,Indicatif,Passé composé,ils (elles),ont bûché,16,reviewed,
FR,bûcher,Indicatif,Imparfait,je,bûchais,16,reviewed,
FR,bûcher,Indicatif,Imparfait,tu,bûchais,16,reviewed,
FR,bûcher,Indicatif,Imparfait,"il (elle, on)",bûchait,16,reviewed,
FR,bûcher,Indicatif,Imparfait,nous,bûchions,16,reviewed,
FR,bûcher,Indicatif,Imparfait,vous,bûchiez,16,reviewed,
FR,bûcher,Indicatif,Imparfait,ils (elles),bûchaient,16,reviewed,
FR,bûcher,Conditionnel,Conditionnel présent,je,bûcherais,16,reviewed,
FR,bûcher,Conditionnel,Conditionnel présent,tu,bûcherais,16,reviewed,
FR,bûcher,Conditionnel,Conditionnel présent,"il (elle, on)",bûcherait,16,reviewed,
FR,bûcher,Conditionnel,Conditionnel présent,nous,bûcherions,16,reviewed,
FR,bûcher,Conditionnel,Conditionnel présent,vous,bûcheriez,16,reviewed,
FR,bûcher,Conditionnel,Conditionnel présent,ils (elles),bûcheraient,16,reviewed,
FR,bûcher,Impératif,Impératif,je,-,16,reviewed,French imperative only uses tu / nous / vous; placeholder - used for unsupported slot
FR,bûcher,Impératif,Impératif,tu,bûche,16,reviewed,
FR,bûcher,Impératif,Impératif,"il (elle, on)",-,16,reviewed,French imperative only uses tu / nous / vous; placeholder - used for unsupported slot
FR,bûcher,Impératif,Impératif,nous,bûchons,16,reviewed,
FR,bûcher,Impératif,Impératif,vous,bûchez,16,reviewed,
FR,bûcher,Impératif,Impératif,ils (elles),-,16,reviewed,French imperative only uses tu / nous / vous; placeholder - used for unsupported slot
FR,bûcher,Subjonctif,Subjonctif présent,je,bûche,16,reviewed,
FR,bûcher,Subjonctif,Subjonctif présent,tu,bûches,16,reviewed,
FR,bûcher,Subjonctif,Subjonctif présent,"il (elle, on)",bûche,16,reviewed,
FR,bûcher,Subjonctif,Subjonctif présent,nous,bûchions,16,reviewed,
FR,bûcher,Subjonctif,Subjonctif présent,vous,bûchiez,16,reviewed,
FR,bûcher,Subjonctif,Subjonctif présent,ils (elles),bûchent,16,reviewed,
FR,bûcher,Indicatif,Passé Simple,je,bûchai,16,reviewed,
FR,bûcher,Indicatif,Passé Simple,tu,bûchas,16,reviewed,
FR,bûcher,Indicatif,Passé Simple,"il (elle, on)",bûcha,16,reviewed,
FR,bûcher,Indicatif,Passé Simple,nous,bûchâmes,16,reviewed,
FR,bûcher,Indicatif,Passé Simple,vous,bûchâtes,16,reviewed,
FR,bûcher,Indicatif,Passé Simple,ils (elles),bûchèrent,16,reviewed,
FR,bûcher,Subjonctif,Subjonctif imparfait,je,bûchasse,16,reviewed,
FR,bûcher,Subjonctif,Subjonctif imparfait,tu,bûchasses,16,reviewed,
FR,bûcher,Subjonctif,Subjonctif imparfait,"il (elle, on)",bûchât,16,reviewed,
FR,bûcher,Subjonctif,Subjonctif imparfait,nous,bûchassions,16,reviewed,
FR,bûcher,Subjonctif,Subjonctif imparfait,vous,bûchassiez,16,reviewed,
FR,bûcher,Subjonctif,Subjonctif imparfait,ils (elles),bûchassent,16,reviewed,
FR,combiner,Indicatif,Présent,je,combine,16,reviewed,
FR,combiner,Indicatif,Présent,tu,combines,16,reviewed,
FR,combiner,Indicatif,Présent,"il (elle, on)",combine,16,reviewed,
FR,combiner,Indicatif,Présent,nous,combinons,16,reviewed,
FR,combiner,Indicatif,Présent,vous,combinez,16,reviewed,
FR,combiner,Indicatif,Présent,ils (elles),combinent,16,reviewed,
FR,combiner,Indicatif,Futur,je,combinerai,16,reviewed,
FR,combiner,Indicatif,Futur,tu,combineras,16,reviewed,
FR,combiner,Indicatif,Futur,"il (elle, on)",combinera,16,reviewed,
FR,combiner,Indicatif,Futur,nous,combinerons,16,reviewed,
FR,combiner,Indicatif,Futur,vous,combinerez,16,reviewed,
FR,combiner,Indicatif,Futur,ils (elles),combineront,16,reviewed,
FR,combiner,Indicatif,Passé composé,je,ai combiné,16,reviewed,
FR,combiner,Indicatif,Passé composé,tu,as combiné,16,reviewed,
FR,combiner,Indicatif,Passé composé,"il (elle, on)",a combiné,16,reviewed,
FR,combiner,Indicatif,Passé composé,nous,avons combiné,16,reviewed,
FR,combiner,Indicatif,Passé composé,vous,avez combiné,16,reviewed,
FR,combiner,Indicatif,Passé composé,ils (elles),ont combiné,16,reviewed,
FR,combiner,Indicatif,Imparfait,je,combinais,16,reviewed,
FR,combiner,Indicatif,Imparfait,tu,combinais,16,reviewed,
FR,combiner,Indicatif,Imparfait,"il (elle, on)",combinait,16,reviewed,
FR,combiner,Indicatif,Imparfait,nous,combinions,16,reviewed,
FR,combiner,Indicatif,Imparfait,vous,combiniez,16,reviewed,
FR,combiner,Indicatif,Imparfait,ils (elles),combinaient,16,reviewed,
FR,combiner,Conditionnel,Conditionnel présent,je,combinerais,16,reviewed,
FR,combiner,Conditionnel,Conditionnel présent,tu,combinerais,16,reviewed,
FR,combiner,Conditionnel,Conditionnel présent,"il (elle, on)",combinerait,16,reviewed,
FR,combiner,Conditionnel,Conditionnel présent,nous,combinerions,16,reviewed,
FR,combiner,Conditionnel,Conditionnel présent,vous,combineriez,16,reviewed,
FR,combiner,Conditionnel,Conditionnel présent,ils (elles),combineraient,16,reviewed,
FR,combiner,Impératif,Impératif,je,-,16,reviewed,French imperative only uses tu / nous / vous; placeholder - used for unsupported slot
FR,combiner,Impératif,Impératif,tu,combine,16,reviewed,
FR,combiner,Impératif,Impératif,"il (elle, on)",-,16,reviewed,French imperative only uses tu / nous / vous; placeholder - used for unsupported slot
FR,combiner,Impératif,Impératif,nous,combinons,16,reviewed,
FR,combiner,Impératif,Impératif,vous,combinez,16,reviewed,
FR,combiner,Impératif,Impératif,ils (elles),-,16,reviewed,French imperative only uses tu / nous / vous; placeholder - used for unsupported slot
FR,combiner,Subjonctif,Subjonctif présent,je,combine,16,reviewed,
FR,combiner,Subjonctif,Subjonctif présent,tu,combines,16,reviewed,
FR,combiner,Subjonctif,Subjonctif présent,"il (elle, on)",combine,16,reviewed,
FR,combiner,Subjonctif,Subjonctif présent,nous,combinions,16,reviewed,
FR,combiner,Subjonctif,Subjonctif présent,vous,combiniez,16,reviewed,
FR,combiner,Subjonctif,Subjonctif présent,ils (elles),combinent,16,reviewed,
FR,combiner,Indicatif,Passé Simple,je,combinai,16,reviewed,
FR,combiner,Indicatif,Passé Simple,tu,combinas,16,reviewed,
FR,combiner,Indicatif,Passé Simple,"il (elle, on)",combina,16,reviewed,
FR,combiner,Indicatif,Passé Simple,nous,combinâmes,16,reviewed,
FR,combiner,Indicatif,Passé Simple,vous,combinâtes,16,reviewed,
FR,combiner,Indicatif,Passé Simple,ils (elles),combinèrent,16,reviewed,
FR,combiner,Subjonctif,Subjonctif imparfait,je,combinasse,16,reviewed,
FR,combiner,Subjonctif,Subjonctif imparfait,tu,combinasses,16,reviewed,
FR,combiner,Subjonctif,Subjonctif imparfait,"il (elle, on)",combinât,16,reviewed,
FR,combiner,Subjonctif,Subjonctif imparfait,nous,combinassions,16,reviewed,
FR,combiner,Subjonctif,Subjonctif imparfait,vous,combinassiez,16,reviewed,
FR,combiner,Subjonctif,Subjonctif imparfait,ils (elles),combinassent,16,reviewed,
FR,approfondir,Indicatif,Présent,je,approfondis,16,reviewed,
FR,approfondir,Indicatif,Présent,tu,approfondis,16,reviewed,
FR,approfondir,Indicatif,Présent,"il (elle, on)",approfondit,16,reviewed,
FR,approfondir,Indicatif,Présent,nous,approfondissons,16,reviewed,
FR,approfondir,Indicatif,Présent,vous,approfondissez,16,reviewed,
FR,approfondir,Indicatif,Présent,ils (elles),approfondissent,16,reviewed,
FR,approfondir,Indicatif,Futur,je,approfondirai,16,reviewed,
FR,approfondir,Indicatif,Futur,tu,approfondiras,16,reviewed,
FR,approfondir,Indicatif,Futur,"il (elle, on)",approfondira,16,reviewed,
FR,approfondir,Indicatif,Futur,nous,approfondirons,16,reviewed,
FR,approfondir,Indicatif,Futur,vous,approfondirez,16,reviewed,
FR,approfondir,Indicatif,Futur,ils (elles),approfondiront,16,reviewed,
FR,approfondir,Indicatif,Passé composé,je,ai approfondi,16,reviewed,
FR,approfondir,Indicatif,Passé composé,tu,as approfondi,16,reviewed,
FR,approfondir,Indicatif,Passé composé,"il (elle, on)",a approfondi,16,reviewed,
FR,approfondir,Indicatif,Passé composé,nous,avons approfondi,16,reviewed,
FR,approfondir,Indicatif,Passé composé,vous,avez approfondi,16,reviewed,
FR,approfondir,Indicatif,Passé composé,ils (elles),ont approfondi,16,reviewed,
FR,approfondir,Indicatif,Imparfait,je,approfondissais,16,reviewed,
FR,approfondir,Indicatif,Imparfait,tu,approfondissais,16,reviewed,
FR,approfondir,Indicatif,Imparfait,"il (elle, on)",approfondissait,16,reviewed,
FR,approfondir,Indicatif,Imparfait,nous,approfondissions,16,reviewed,
FR,approfondir,Indicatif,Imparfait,vous,approfondissiez,16,reviewed,
FR,approfondir,Indicatif,Imparfait,ils (elles),approfondissaient,16,reviewed,
FR,approfondir,Conditionnel,Conditionnel présent,je,approfondirais,16,reviewed,
FR,approfondir,Conditionnel,Conditionnel présent,tu,approfondirais,16,reviewed,
FR,approfondir,Conditionnel,Conditionnel présent,"il (elle, on)",approfondirait,16,reviewed,
FR,approfondir,Conditionnel,Conditionnel présent,nous,approfondirions,16,reviewed,
FR,approfondir,Conditionnel,Conditionnel présent,vous,approfondiriez,16,reviewed,
FR,approfondir,Conditionnel,Conditionnel présent,ils (elles),approfondiraient,16,reviewed,
FR,approfondir,Impératif,Impératif,je,-,16,reviewed,French imperative only uses tu / nous / vous; placeholder - used for unsupported slot
FR,approfondir,Impératif,Impératif,tu,approfondis,16,reviewed,
FR,approfondir,Impératif,Impératif,"il (elle, on)",-,16,reviewed,French imperative only uses tu / nous / vous; placeholder - used for unsupported slot
FR,approfondir,Impératif,Impératif,nous,approfondissons,16,reviewed,
FR,approfondir,Impératif,Impératif,vous,approfondissez,16,reviewed,
FR,approfondir,Impératif,Impératif,ils (elles),-,16,reviewed,French imperative only uses tu / nous / vous; placeholder - used for unsupported slot
FR,approfondir,Subjonctif,Subjonctif présent,je,approfondisse,16,reviewed,
FR,approfondir,Subjonctif,Subjonctif présent,tu,approfondisses,16,reviewed,
FR,approfondir,Subjonctif,Subjonctif présent,"il (elle, on)",approfondisse,16,reviewed,
FR,approfondir,Subjonctif,Subjonctif présent,nous,approfondissions,16,reviewed,
FR,approfondir,Subjonctif,Subjonctif présent,vous,approfondissiez,16,reviewed,
FR,approfondir,Subjonctif,Subjonctif présent,ils (elles),approfondissent,16,reviewed,
FR,approfondir,Indicatif,Passé Simple,je,approfondis,16,reviewed,
FR,approfondir,Indicatif,Passé Simple,tu,approfondis,16,reviewed,
FR,approfondir,Indicatif,Passé Simple,"il (elle, on)",approfondit,16,reviewed,
FR,approfondir,Indicatif,Passé Simple,nous,approfondîmes,16,reviewed,
FR,approfondir,Indicatif,Passé Simple,vous,approfondîtes,16,reviewed,
FR,approfondir,Indicatif,Passé Simple,ils (elles),approfondirent,16,reviewed,
FR,approfondir,Subjonctif,Subjonctif imparfait,je,approfondisse,16,reviewed,
FR,approfondir,Subjonctif,Subjonctif imparfait,tu,approfondisses,16,reviewed,
FR,approfondir,Subjonctif,Subjonctif imparfait,"il (elle, on)",approfondît,16,reviewed,
FR,approfondir,Subjonctif,Subjonctif imparfait,nous,approfondissions,16,reviewed,
FR,approfondir,Subjonctif,Subjonctif imparfait,vous,approfondissiez,16,reviewed,
FR,approfondir,Subjonctif,Subjonctif imparfait,ils (elles),approfondissent,16,reviewed,
FR,succéder,Indicatif,Présent,je,succède,16,reviewed,
FR,succéder,Indicatif,Présent,tu,succèdes,16,reviewed,
FR,succéder,Indicatif,Présent,"il (elle, on)",succède,16,reviewed,
FR,succéder,Indicatif,Présent,nous,succédons,16,reviewed,
FR,succéder,Indicatif,Présent,vous,succédez,16,reviewed,
FR,succéder,Indicatif,Présent,ils (elles),succèdent,16,reviewed,
FR,succéder,Indicatif,Futur,je,succéderai,16,reviewed,
FR,succéder,Indicatif,Futur,tu,succéderas,16,reviewed,
FR,succéder,Indicatif,Futur,"il (elle, on)",succédera,16,reviewed,
FR,succéder,Indicatif,Futur,nous,succéderons,16,reviewed,
FR,succéder,Indicatif,Futur,vous,succéderez,16,reviewed,
FR,succéder,Indicatif,Futur,ils (elles),succéderont,16,reviewed,
FR,succéder,Indicatif,Passé composé,je,ai succédé,16,reviewed,
FR,succéder,Indicatif,Passé composé,tu,as succédé,16,reviewed,
FR,succéder,Indicatif,Passé composé,"il (elle, on)",a succédé,16,reviewed,
FR,succéder,Indicatif,Passé composé,nous,avons succédé,16,reviewed,
FR,succéder,Indicatif,Passé composé,vous,avez succédé,16,reviewed,
FR,succéder,Indicatif,Passé composé,ils (elles),ont succédé,16,reviewed,
FR,succéder,Indicatif,Imparfait,je,succédais,16,reviewed,
FR,succéder,Indicatif,Imparfait,tu,succédais,16,reviewed,
FR,succéder,Indicatif,Imparfait,"il (elle, on)",succédait,16,reviewed,
FR,succéder,Indicatif,Imparfait,nous,succédions,16,reviewed,
FR,succéder,Indicatif,Imparfait,vous,succédiez,16,reviewed,
FR,succéder,Indicatif,Imparfait,ils (elles),succédaient,16,reviewed,
FR,succéder,Conditionnel,Conditionnel présent,je,succéderais,16,reviewed,
FR,succéder,Conditionnel,Conditionnel présent,tu,succéderais,16,reviewed,
FR,succéder,Conditionnel,Conditionnel présent,"il (elle, on)",succéderait,16,reviewed,
FR,succéder,Conditionnel,Conditionnel présent,nous,succéderions,16,reviewed,
FR,succéder,Conditionnel,Conditionnel présent,vous,succéderiez,16,reviewed,
FR,succéder,Conditionnel,Conditionnel présent,ils (elles),succéderaient,16,reviewed,
FR,succéder,Impératif,Impératif,je,-,16,reviewed,French imperative only uses tu / nous / vous; placeholder - used for unsupported slot
FR,succéder,Impératif,Impératif,tu,succède,16,reviewed,
FR,succéder,Impératif,Impératif,"il (elle, on)",-,16,reviewed,French imperative only uses tu / nous / vous; placeholder - used for unsupported slot
FR,succéder,Impératif,Impératif,nous,succédons,16,reviewed,
FR,succéder,Impératif,Impératif,vous,succédez,16,reviewed,
FR,succéder,Impératif,Impératif,ils (elles),-,16,reviewed,French imperative only uses tu / nous / vous; placeholder - used for unsupported slot
FR,succéder,Subjonctif,Subjonctif présent,je,succède,16,reviewed,
FR,succéder,Subjonctif,Subjonctif présent,tu,succèdes,16,reviewed,
FR,succéder,Subjonctif,Subjonctif présent,"il (elle, on)",succède,16,reviewed,
FR,succéder,Subjonctif,Subjonctif présent,nous,succédions,16,reviewed,
FR,succéder,Subjonctif,Subjonctif présent,vous,succédiez,16,reviewed,
FR,succéder,Subjonctif,Subjonctif présent,ils (elles),succèdent,16,reviewed,
FR,succéder,Indicatif,Passé Simple,je,succédai,16,reviewed,
FR,succéder,Indicatif,Passé Simple,tu,succédas,16,reviewed,
FR,succéder,Indicatif,Passé Simple,"il (elle, on)",succéda,16,reviewed,
FR,succéder,Indicatif,Passé Simple,nous,succédâmes,16,reviewed,
FR,succéder,Indicatif,Passé Simple,vous,succédâtes,16,reviewed,
FR,succéder,Indicatif,Passé Simple,ils (elles),succédèrent,16,reviewed,
FR,succéder,Subjonctif,Subjonctif imparfait,je,succédasse,16,reviewed,
FR,succéder,Subjonctif,Subjonctif imparfait,tu,succédasses,16,reviewed,
FR,succéder,Subjonctif,Subjonctif imparfait,"il (elle, on)",succédât,16,reviewed,
FR,succéder,Subjonctif,Subjonctif imparfait,nous,succédassions,16,reviewed,
FR,succéder,Subjonctif,Subjonctif imparfait,vous,succédassiez,16,reviewed,
FR,succéder,Subjonctif,Subjonctif imparfait,ils (elles),succédassent,16,reviewed,
FR,coordonner,Indicatif,Présent,je,coordonne,16,reviewed,
FR,coordonner,Indicatif,Présent,tu,coordonnes,16,reviewed,
FR,coordonner,Indicatif,Présent,"il (elle, on)",coordonne,16,reviewed,
FR,coordonner,Indicatif,Présent,nous,coordonnons,16,reviewed,
FR,coordonner,Indicatif,Présent,vous,coordonnez,16,reviewed,
FR,coordonner,Indicatif,Présent,ils (elles),coordonnent,16,reviewed,
FR,coordonner,Indicatif,Futur,je,coordonnerai,16,reviewed,
FR,coordonner,Indicatif,Futur,tu,coordonneras,16,reviewed,
FR,coordonner,Indicatif,Futur,"il (elle, on)",coordonnera,16,reviewed,
FR,coordonner,Indicatif,Futur,nous,coordonnerons,16,reviewed,
FR,coordonner,Indicatif,Futur,vous,coordonnerez,16,reviewed,
FR,coordonner,Indicatif,Futur,ils (elles),coordonneront,16,reviewed,
FR,coordonner,Indicatif,Passé composé,je,ai coordonné,16,reviewed,
FR,coordonner,Indicatif,Passé composé,tu,as coordonné,16,reviewed,
FR,coordonner,Indicatif,Passé composé,"il (elle, on)",a coordonné,16,reviewed,
FR,coordonner,Indicatif,Passé composé,nous,avons coordonné,16,reviewed,
FR,coordonner,Indicatif,Passé composé,vous,avez coordonné,16,reviewed,
FR,coordonner,Indicatif,Passé composé,ils (elles),ont coordonné,16,reviewed,
FR,coordonner,Indicatif,Imparfait,je,coordonnais,16,reviewed,
FR,coordonner,Indicatif,Imparfait,tu,coordonnais,16,reviewed,
FR,coordonner,Indicatif,Imparfait,"il (elle, on)",coordonnait,16,reviewed,
FR,coordonner,Indicatif,Imparfait,nous,coordonnions,16,reviewed,
FR,coordonner,Indicatif,Imparfait,vous,coordonniez,16,reviewed,
FR,coordonner,Indicatif,Imparfait,ils (elles),coordonnaient,16,reviewed,
FR,coordonner,Conditionnel,Conditionnel présent,je,coordonnerais,16,reviewed,
FR,coordonner,Conditionnel,Conditionnel présent,tu,coordonnerais,16,reviewed,
FR,coordonner,Conditionnel,Conditionnel présent,"il (elle, on)",coordonnerait,16,reviewed,
FR,coordonner,Conditionnel,Conditionnel présent,nous,coordonnerions,16,reviewed,
FR,coordonner,Conditionnel,Conditionnel présent,vous,coordonneriez,16,reviewed,
FR,coordonner,Conditionnel,Conditionnel présent,ils (elles),coordonneraient,16,reviewed,
FR,coordonner,Impératif,Impératif,je,-,16,reviewed,French imperative only uses tu / nous / vous; placeholder - used for unsupported slot
FR,coordonner,Impératif,Impératif,tu,coordonne,16,reviewed,
FR,coordonner,Impératif,Impératif,"il (elle, on)",-,16,reviewed,French imperative only uses tu / nous / vous; placeholder - used for unsupported slot
FR,coordonner,Impératif,Impératif,nous,coordonnons,16,reviewed,
FR,coordonner,Impératif,Impératif,vous,coordonnez,16,reviewed,
FR,coordonner,Impératif,Impératif,ils (elles),-,16,reviewed,French imperative only uses tu / nous / vous; placeholder - used for unsupported slot
FR,coordonner,Subjonctif,Subjonctif présent,je,coordonne,16,reviewed,
FR,coordonner,Subjonctif,Subjonctif présent,tu,coordonnes,16,reviewed,
FR,coordonner,Subjonctif,Subjonctif présent,"il (elle, on)",coordonne,16,reviewed,
FR,coordonner,Subjonctif,Subjonctif présent,nous,coordonnions,16,reviewed,
FR,coordonner,Subjonctif,Subjonctif présent,vous,coordonniez,16,reviewed,
FR,coordonner,Subjonctif,Subjonctif présent,ils (elles),coordonnent,16,reviewed,
FR,coordonner,Indicatif,Passé Simple,je,coordonnai,16,reviewed,
FR,coordonner,Indicatif,Passé Simple,tu,coordonnas,16,reviewed,
FR,coordonner,Indicatif,Passé Simple,"il (elle, on)",coordonna,16,reviewed,
FR,coordonner,Indicatif,Passé Simple,nous,coordonnâmes,16,reviewed,
FR,coordonner,Indicatif,Passé Simple,vous,coordonnâtes,16,reviewed,
FR,coordonner,Indicatif,Passé Simple,ils (elles),coordonnèrent,16,reviewed,
FR,coordonner,Subjonctif,Subjonctif imparfait,je,coordonnasse,16,reviewed,
FR,coordonner,Subjonctif,Subjonctif imparfait,tu,coordonnasses,16,reviewed,
FR,coordonner,Subjonctif,Subjonctif imparfait,"il (elle, on)",coordonnât,16,reviewed,
FR,coordonner,Subjonctif,Subjonctif imparfait,nous,coordonnassions,16,reviewed,
FR,coordonner,Subjonctif,Subjonctif imparfait,vous,coordonnassiez,16,reviewed,
FR,coordonner,Subjonctif,Subjonctif imparfait,ils (elles),coordonnassent,16,reviewed,
FR,abaisser,Indicatif,Présent,je,abaisse,16,reviewed,
FR,abaisser,Indicatif,Présent,tu,abaisses,16,reviewed,
FR,abaisser,Indicatif,Présent,"il (elle, on)",abaisse,16,reviewed,
FR,abaisser,Indicatif,Présent,nous,abaissons,16,reviewed,
FR,abaisser,Indicatif,Présent,vous,abaissez,16,reviewed,
FR,abaisser,Indicatif,Présent,ils (elles),abaissent,16,reviewed,
FR,abaisser,Indicatif,Futur,je,abaisserai,16,reviewed,
FR,abaisser,Indicatif,Futur,tu,abaisseras,16,reviewed,
FR,abaisser,Indicatif,Futur,"il (elle, on)",abaissera,16,reviewed,
FR,abaisser,Indicatif,Futur,nous,abaisserons,16,reviewed,
FR,abaisser,Indicatif,Futur,vous,abaisserez,16,reviewed,
FR,abaisser,Indicatif,Futur,ils (elles),abaisseront,16,reviewed,
FR,abaisser,Indicatif,Passé composé,je,ai abaissé,16,reviewed,
FR,abaisser,Indicatif,Passé composé,tu,as abaissé,16,reviewed,
FR,abaisser,Indicatif,Passé composé,"il (elle, on)",a abaissé,16,reviewed,
FR,abaisser,Indicatif,Passé composé,nous,avons abaissé,16,reviewed,
FR,abaisser,Indicatif,Passé composé,vous,avez abaissé,16,reviewed,
FR,abaisser,Indicatif,Passé composé,ils (elles),ont abaissé,16,reviewed,
FR,abaisser,Indicatif,Imparfait,je,abaissais,16,reviewed,
FR,abaisser,Indicatif,Imparfait,tu,abaissais,16,reviewed,
FR,abaisser,Indicatif,Imparfait,"il (elle, on)",abaissait,16,reviewed,
FR,abaisser,Indicatif,Imparfait,nous,abaissions,16,reviewed,
FR,abaisser,Indicatif,Imparfait,vous,abaissiez,16,reviewed,
FR,abaisser,Indicatif,Imparfait,ils (elles),abaissaient,16,reviewed,
FR,abaisser,Conditionnel,Conditionnel présent,je,abaisserais,16,reviewed,
FR,abaisser,Conditionnel,Conditionnel présent,tu,abaisserais,16,reviewed,
FR,abaisser,Conditionnel,Conditionnel présent,"il (elle, on)",abaisserait,16,reviewed,
FR,abaisser,Conditionnel,Conditionnel présent,nous,abaisserions,16,reviewed,
FR,abaisser,Conditionnel,Conditionnel présent,vous,abaisseriez,16,reviewed,
FR,abaisser,Conditionnel,Conditionnel présent,ils (elles),abaisseraient,16,reviewed,
FR,abaisser,Impératif,Impératif,je,-,16,reviewed,French imperative only uses tu / nous / vous; placeholder - used for unsupported slot
FR,abaisser,Impératif,Impératif,tu,abaisse,16,reviewed,
FR,abaisser,Impératif,Impératif,"il (elle, on)",-,16,reviewed,French imperative only uses tu / nous / vous; placeholder - used for unsupported slot
FR,abaisser,Impératif,Impératif,nous,abaissons,16,reviewed,
FR,abaisser,Impératif,Impératif,vous,abaissez,16,reviewed,
FR,abaisser,Impératif,Impératif,ils (elles),-,16,reviewed,French imperative only uses tu / nous / vous; placeholder - used for unsupported slot
FR,abaisser,Subjonctif,Subjonctif présent,je,abaisse,16,reviewed,
FR,abaisser,Subjonctif,Subjonctif présent,tu,abaisses,16,reviewed,
FR,abaisser,Subjonctif,Subjonctif présent,"il (elle, on)",abaisse,16,reviewed,
FR,abaisser,Subjonctif,Subjonctif présent,nous,abaissions,16,reviewed,
FR,abaisser,Subjonctif,Subjonctif présent,vous,abaissiez,16,reviewed,
FR,abaisser,Subjonctif,Subjonctif présent,ils (elles),abaissent,16,reviewed,
FR,abaisser,Indicatif,Passé Simple,je,abaissai,16,reviewed,
FR,abaisser,Indicatif,Passé Simple,tu,abaissas,16,reviewed,
FR,abaisser,Indicatif,Passé Simple,"il (elle, on)",abaissa,16,reviewed,
FR,abaisser,Indicatif,Passé Simple,nous,abaissâmes,16,reviewed,
FR,abaisser,Indicatif,Passé Simple,vous,abaissâtes,16,reviewed,
FR,abaisser,Indicatif,Passé Simple,ils (elles),abaissèrent,16,reviewed,
FR,abaisser,Subjonctif,Subjonctif imparfait,je,abaissasse,16,reviewed,
FR,abaisser,Subjonctif,Subjonctif imparfait,tu,abaissasses,16,reviewed,
FR,abaisser,Subjonctif,Subjonctif imparfait,"il (elle, on)",abaissât,16,reviewed,
FR,abaisser,Subjonctif,Subjonctif imparfait,nous,abaissassions,16,reviewed,
FR,abaisser,Subjonctif,Subjonctif imparfait,vous,abaissassiez,16,reviewed,
FR,abaisser,Subjonctif,Subjonctif imparfait,ils (elles),abaissassent,16,reviewed,
FR,cogner,Indicatif,Présent,je,cogne,16,reviewed,
FR,cogner,Indicatif,Présent,tu,cognes,16,reviewed,
FR,cogner,Indicatif,Présent,"il (elle, on)",cogne,16,reviewed,
FR,cogner,Indicatif,Présent,nous,cognons,16,reviewed,
FR,cogner,Indicatif,Présent,vous,cognez,16,reviewed,
FR,cogner,Indicatif,Présent,ils (elles),cognent,16,reviewed,
FR,cogner,Indicatif,Futur,je,cognerai,16,reviewed,
FR,cogner,Indicatif,Futur,tu,cogneras,16,reviewed,
FR,cogner,Indicatif,Futur,"il (elle, on)",cognera,16,reviewed,
FR,cogner,Indicatif,Futur,nous,cognerons,16,reviewed,
FR,cogner,Indicatif,Futur,vous,cognerez,16,reviewed,
FR,cogner,Indicatif,Futur,ils (elles),cogneront,16,reviewed,
FR,cogner,Indicatif,Passé composé,je,ai cogné,16,reviewed,
FR,cogner,Indicatif,Passé composé,tu,as cogné,16,reviewed,
FR,cogner,Indicatif,Passé composé,"il (elle, on)",a cogné,16,reviewed,
FR,cogner,Indicatif,Passé composé,nous,avons cogné,16,reviewed,
FR,cogner,Indicatif,Passé composé,vous,avez cogné,16,reviewed,
FR,cogner,Indicatif,Passé composé,ils (elles),ont cogné,16,reviewed,
FR,cogner,Indicatif,Imparfait,je,cognais,16,reviewed,
FR,cogner,Indicatif,Imparfait,tu,cognais,16,reviewed,
FR,cogner,Indicatif,Imparfait,"il (elle, on)",cognait,16,reviewed,
FR,cogner,Indicatif,Imparfait,nous,cognions,16,reviewed,
FR,cogner,Indicatif,Imparfait,vous,cogniez,16,reviewed,
FR,cogner,Indicatif,Imparfait,ils (elles),cognaient,16,reviewed,
FR,cogner,Conditionnel,Conditionnel présent,je,cognerais,16,reviewed,
FR,cogner,Conditionnel,Conditionnel présent,tu,cognerais,16,reviewed,
FR,cogner,Conditionnel,Conditionnel présent,"il (elle, on)",cognerait,16,reviewed,
FR,cogner,Conditionnel,Conditionnel présent,nous,cognerions,16,reviewed,
FR,cogner,Conditionnel,Conditionnel présent,vous,cogneriez,16,reviewed,
FR,cogner,Conditionnel,Conditionnel présent,ils (elles),cogneraient,16,reviewed,
FR,cogner,Impératif,Impératif,je,-,16,reviewed,French imperative only uses tu / nous / vous; placeholder - used for unsupported slot
FR,cogner,Impératif,Impératif,tu,cogne,16,reviewed,
FR,cogner,Impératif,Impératif,"il (elle, on)",-,16,reviewed,French imperative only uses tu / nous / vous; placeholder - used for unsupported slot
FR,cogner,Impératif,Impératif,nous,cognons,16,reviewed,
FR,cogner,Impératif,Impératif,vous,cognez,16,reviewed,
FR,cogner,Impératif,Impératif,ils (elles),-,16,reviewed,French imperative only uses tu / nous / vous; placeholder - used for unsupported slot
FR,cogner,Subjonctif,Subjonctif présent,je,cogne,16,reviewed,
FR,cogner,Subjonctif,Subjonctif présent,tu,cognes,16,reviewed,
FR,cogner,Subjonctif,Subjonctif présent,"il (elle, on)",cogne,16,reviewed,
FR,cogner,Subjonctif,Subjonctif présent,nous,cognions,16,reviewed,
FR,cogner,Subjonctif,Subjonctif présent,vous,cogniez,16,reviewed,
FR,cogner,Subjonctif,Subjonctif présent,ils (elles),cognent,16,reviewed,
FR,cogner,Indicatif,Passé Simple,je,cognai,16,reviewed,
FR,cogner,Indicatif,Passé Simple,tu,cognas,16,reviewed,
FR,cogner,Indicatif,Passé Simple,"il (elle, on)",cogna,16,reviewed,
FR,cogner,Indicatif,Passé Simple,nous,cognâmes,16,reviewed,
FR,cogner,Indicatif,Passé Simple,vous,cognâtes,16,reviewed,
FR,cogner,Indicatif,Passé Simple,ils (elles),cognèrent,16,reviewed,
FR,cogner,Subjonctif,Subjonctif imparfait,je,cognasse,16,reviewed,
FR,cogner,Subjonctif,Subjonctif imparfait,tu,cognasses,16,reviewed,
FR,cogner,Subjonctif,Subjonctif imparfait,"il (elle, on)",cognât,16,reviewed,
FR,cogner,Subjonctif,Subjonctif imparfait,nous,cognassions,16,reviewed,
FR,cogner,Subjonctif,Subjonctif imparfait,vous,cognassiez,16,reviewed,
FR,cogner,Subjonctif,Subjonctif imparfait,ils (elles),cognassent,16,reviewed,
FR,imprimer,Indicatif,Présent,je,imprime,16,reviewed,
FR,imprimer,Indicatif,Présent,tu,imprimes,16,reviewed,
FR,imprimer,Indicatif,Présent,"il (elle, on)",imprime,16,reviewed,
FR,imprimer,Indicatif,Présent,nous,imprimons,16,reviewed,
FR,imprimer,Indicatif,Présent,vous,imprimez,16,reviewed,
FR,imprimer,Indicatif,Présent,ils (elles),impriment,16,reviewed,
FR,imprimer,Indicatif,Futur,je,imprimerai,16,reviewed,
FR,imprimer,Indicatif,Futur,tu,imprimeras,16,reviewed,
FR,imprimer,Indicatif,Futur,"il (elle, on)",imprimera,16,reviewed,
FR,imprimer,Indicatif,Futur,nous,imprimerons,16,reviewed,
FR,imprimer,Indicatif,Futur,vous,imprimerez,16,reviewed,
FR,imprimer,Indicatif,Futur,ils (elles),imprimeront,16,reviewed,
FR,imprimer,Indicatif,Passé composé,je,ai imprimé,16,reviewed,
FR,imprimer,Indicatif,Passé composé,tu,as imprimé,16,reviewed,
FR,imprimer,Indicatif,Passé composé,"il (elle, on)",a imprimé,16,reviewed,
FR,imprimer,Indicatif,Passé composé,nous,avons imprimé,16,reviewed,
FR,imprimer,Indicatif,Passé composé,vous,avez imprimé,16,reviewed,
FR,imprimer,Indicatif,Passé composé,ils (elles),ont imprimé,16,reviewed,
FR,imprimer,Indicatif,Imparfait,je,imprimais,16,reviewed,
FR,imprimer,Indicatif,Imparfait,tu,imprimais,16,reviewed,
FR,imprimer,Indicatif,Imparfait,"il (elle, on)",imprimait,16,reviewed,
FR,imprimer,Indicatif,Imparfait,nous,imprimions,16,reviewed,
FR,imprimer,Indicatif,Imparfait,vous,imprimiez,16,reviewed,
FR,imprimer,Indicatif,Imparfait,ils (elles),imprimaient,16,reviewed,
FR,imprimer,Conditionnel,Conditionnel présent,je,imprimerais,16,reviewed,
FR,imprimer,Conditionnel,Conditionnel présent,tu,imprimerais,16,reviewed,
FR,imprimer,Conditionnel,Conditionnel présent,"il (elle, on)",imprimerait,16,reviewed,
FR,imprimer,Conditionnel,Conditionnel présent,nous,imprimerions,16,reviewed,
FR,imprimer,Conditionnel,Conditionnel présent,vous,imprimeriez,16,reviewed,
FR,imprimer,Conditionnel,Conditionnel présent,ils (elles),imprimeraient,16,reviewed,
FR,imprimer,Impératif,Impératif,je,-,16,reviewed,French imperative only uses tu / nous / vous; placeholder - used for unsupported slot
FR,imprimer,Impératif,Impératif,tu,imprime,16,reviewed,
FR,imprimer,Impératif,Impératif,"il (elle, on)",-,16,reviewed,French imperative only uses tu / nous / vous; placeholder - used for unsupported slot
FR,imprimer,Impératif,Impératif,nous,imprimons,16,reviewed,
FR,imprimer,Impératif,Impératif,vous,imprimez,16,reviewed,
FR,imprimer,Impératif,Impératif,ils (elles),-,16,reviewed,French imperative only uses tu / nous / vous; placeholder - used for unsupported slot
FR,imprimer,Subjonctif,Subjonctif présent,je,imprime,16,reviewed,
FR,imprimer,Subjonctif,Subjonctif présent,tu,imprimes,16,reviewed,
FR,imprimer,Subjonctif,Subjonctif présent,"il (elle, on)",imprime,16,reviewed,
FR,imprimer,Subjonctif,Subjonctif présent,nous,imprimions,16,reviewed,
FR,imprimer,Subjonctif,Subjonctif présent,vous,imprimiez,16,reviewed,
FR,imprimer,Subjonctif,Subjonctif présent,ils (elles),impriment,16,reviewed,
FR,imprimer,Indicatif,Passé Simple,je,imprimai,16,reviewed,
FR,imprimer,Indicatif,Passé Simple,tu,imprimas,16,reviewed,
FR,imprimer,Indicatif,Passé Simple,"il (elle, on)",imprima,16,reviewed,
FR,imprimer,Indicatif,Passé Simple,nous,imprimâmes,16,reviewed,
FR,imprimer,Indicatif,Passé Simple,vous,imprimâtes,16,reviewed,
FR,imprimer,Indicatif,Passé Simple,ils (elles),imprimèrent,16,reviewed,
FR,imprimer,Subjonctif,Subjonctif imparfait,je,imprimasse,16,reviewed,
FR,imprimer,Subjonctif,Subjonctif imparfait,tu,imprimasses,16,reviewed,
FR,imprimer,Subjonctif,Subjonctif imparfait,"il (elle, on)",imprimât,16,reviewed,
FR,imprimer,Subjonctif,Subjonctif imparfait,nous,imprimassions,16,reviewed,
FR,imprimer,Subjonctif,Subjonctif imparfait,vous,imprimassiez,16,reviewed,
FR,imprimer,Subjonctif,Subjonctif imparfait,ils (elles),imprimassent,16,reviewed,
FR,accélérer,Indicatif,Présent,je,accélère,16,reviewed,accent-sensitive paradigm; QA recommended
FR,accélérer,Indicatif,Présent,tu,accélères,16,reviewed,accent-sensitive paradigm; QA recommended
FR,accélérer,Indicatif,Présent,"il (elle, on)",accélère,16,reviewed,accent-sensitive paradigm; QA recommended
FR,accélérer,Indicatif,Présent,nous,accélérons,16,reviewed,accent-sensitive paradigm; QA recommended
FR,accélérer,Indicatif,Présent,vous,accélérez,16,reviewed,accent-sensitive paradigm; QA recommended
FR,accélérer,Indicatif,Présent,ils (elles),accélèrent,16,reviewed,accent-sensitive paradigm; QA recommended
FR,accélérer,Indicatif,Futur,je,accélérerai,16,reviewed,accent-sensitive paradigm; QA recommended
FR,accélérer,Indicatif,Futur,tu,accéléreras,16,reviewed,accent-sensitive paradigm; QA recommended
FR,accélérer,Indicatif,Futur,"il (elle, on)",accélérera,16,reviewed,accent-sensitive paradigm; QA recommended
FR,accélérer,Indicatif,Futur,nous,accélérerons,16,reviewed,accent-sensitive paradigm; QA recommended
FR,accélérer,Indicatif,Futur,vous,accélérerez,16,reviewed,accent-sensitive paradigm; QA recommended
FR,accélérer,Indicatif,Futur,ils (elles),accéléreront,16,reviewed,accent-sensitive paradigm; QA recommended
FR,accélérer,Indicatif,Passé composé,je,ai accéléré,16,reviewed,accent-sensitive paradigm; QA recommended
FR,accélérer,Indicatif,Passé composé,tu,as accéléré,16,reviewed,accent-sensitive paradigm; QA recommended
FR,accélérer,Indicatif,Passé composé,"il (elle, on)",a accéléré,16,reviewed,accent-sensitive paradigm; QA recommended
FR,accélérer,Indicatif,Passé composé,nous,avons accéléré,16,reviewed,accent-sensitive paradigm; QA recommended
FR,accélérer,Indicatif,Passé composé,vous,avez accéléré,16,reviewed,accent-sensitive paradigm; QA recommended
FR,accélérer,Indicatif,Passé composé,ils (elles),ont accéléré,16,reviewed,accent-sensitive paradigm; QA recommended
FR,accélérer,Indicatif,Imparfait,je,accélérais,16,reviewed,accent-sensitive paradigm; QA recommended
FR,accélérer,Indicatif,Imparfait,tu,accélérais,16,reviewed,accent-sensitive paradigm; QA recommended
FR,accélérer,Indicatif,Imparfait,"il (elle, on)",accélérait,16,reviewed,accent-sensitive paradigm; QA recommended
FR,accélérer,Indicatif,Imparfait,nous,accélérions,16,reviewed,accent-sensitive paradigm; QA recommended
FR,accélérer,Indicatif,Imparfait,vous,accélériez,16,reviewed,accent-sensitive paradigm; QA recommended
FR,accélérer,Indicatif,Imparfait,ils (elles),accéléraient,16,reviewed,accent-sensitive paradigm; QA recommended
FR,accélérer,Conditionnel,Conditionnel présent,je,accélérerais,16,reviewed,accent-sensitive paradigm; QA recommended
FR,accélérer,Conditionnel,Conditionnel présent,tu,accélérerais,16,reviewed,accent-sensitive paradigm; QA recommended
FR,accélérer,Conditionnel,Conditionnel présent,"il (elle, on)",accélérerait,16,reviewed,accent-sensitive paradigm; QA recommended
FR,accélérer,Conditionnel,Conditionnel présent,nous,accélérerions,16,reviewed,accent-sensitive paradigm; QA recommended
FR,accélérer,Conditionnel,Conditionnel présent,vous,accéléreriez,16,reviewed,accent-sensitive paradigm; QA recommended
FR,accélérer,Conditionnel,Conditionnel présent,ils (elles),accéléreraient,16,reviewed,accent-sensitive paradigm; QA recommended
FR,accélérer,Impératif,Impératif,je,-,16,reviewed,accent-sensitive paradigm; QA recommended; French imperative only uses tu / nous / vous; placeholder - used for unsupported slot
FR,accélérer,Impératif,Impératif,tu,accélère,16,reviewed,accent-sensitive paradigm; QA recommended
FR,accélérer,Impératif,Impératif,"il (elle, on)",-,16,reviewed,accent-sensitive paradigm; QA recommended; French imperative only uses tu / nous / vous; placeholder - used for unsupported slot
FR,accélérer,Impératif,Impératif,nous,accélérons,16,reviewed,accent-sensitive paradigm; QA recommended
FR,accélérer,Impératif,Impératif,vous,accélérez,16,reviewed,accent-sensitive paradigm; QA recommended
FR,accélérer,Impératif,Impératif,ils (elles),-,16,reviewed,accent-sensitive paradigm; QA recommended; French imperative only uses tu / nous / vous; placeholder - used for unsupported slot
FR,accélérer,Subjonctif,Subjonctif présent,je,accélère,16,reviewed,accent-sensitive paradigm; QA recommended
FR,accélérer,Subjonctif,Subjonctif présent,tu,accélères,16,reviewed,accent-sensitive paradigm; QA recommended
FR,accélérer,Subjonctif,Subjonctif présent,"il (elle, on)",accélère,16,reviewed,accent-sensitive paradigm; QA recommended
FR,accélérer,Subjonctif,Subjonctif présent,nous,accélérions,16,reviewed,accent-sensitive paradigm; QA recommended
FR,accélérer,Subjonctif,Subjonctif présent,vous,accélériez,16,reviewed,accent-sensitive paradigm; QA recommended
FR,accélérer,Subjonctif,Subjonctif présent,ils (elles),accélèrent,16,reviewed,accent-sensitive paradigm; QA recommended
FR,accélérer,Indicatif,Passé Simple,je,accélérai,16,reviewed,accent-sensitive paradigm; QA recommended
FR,accélérer,Indicatif,Passé Simple,tu,accéléras,16,reviewed,accent-sensitive paradigm; QA recommended
FR,accélérer,Indicatif,Passé Simple,"il (elle, on)",accéléra,16,reviewed,accent-sensitive paradigm; QA recommended
FR,accélérer,Indicatif,Passé Simple,nous,accélérâmes,16,reviewed,accent-sensitive paradigm; QA recommended
FR,accélérer,Indicatif,Passé Simple,vous,accélérâtes,16,reviewed,accent-sensitive paradigm; QA recommended
FR,accélérer,Indicatif,Passé Simple,ils (elles),accélérèrent,16,reviewed,accent-sensitive paradigm; QA recommended
FR,accélérer,Subjonctif,Subjonctif imparfait,je,accélérasse,16,reviewed,accent-sensitive paradigm; QA recommended
FR,accélérer,Subjonctif,Subjonctif imparfait,tu,accélérasses,16,reviewed,accent-sensitive paradigm; QA recommended
FR,accélérer,Subjonctif,Subjonctif imparfait,"il (elle, on)",accélérât,16,reviewed,accent-sensitive paradigm; QA recommended
FR,accélérer,Subjonctif,Subjonctif imparfait,nous,accélérassions,16,reviewed,accent-sensitive paradigm; QA recommended
FR,accélérer,Subjonctif,Subjonctif imparfait,vous,accélérassiez,16,reviewed,accent-sensitive paradigm; QA recommended
FR,accélérer,Subjonctif,Subjonctif imparfait,ils (elles),accélérassent,16,reviewed,accent-sensitive paradigm; QA recommended
FR,jurer,Indicatif,Présent,je,jure,16,reviewed,
FR,jurer,Indicatif,Présent,tu,jures,16,reviewed,
FR,jurer,Indicatif,Présent,"il (elle, on)",jure,16,reviewed,
FR,jurer,Indicatif,Présent,nous,jurons,16,reviewed,
FR,jurer,Indicatif,Présent,vous,jurez,16,reviewed,
FR,jurer,Indicatif,Présent,ils (elles),jurent,16,reviewed,
FR,jurer,Indicatif,Futur,je,jurerai,16,reviewed,
FR,jurer,Indicatif,Futur,tu,jureras,16,reviewed,
FR,jurer,Indicatif,Futur,"il (elle, on)",jurera,16,reviewed,
FR,jurer,Indicatif,Futur,nous,jurerons,16,reviewed,
FR,jurer,Indicatif,Futur,vous,jurerez,16,reviewed,
FR,jurer,Indicatif,Futur,ils (elles),jureront,16,reviewed,
FR,jurer,Indicatif,Passé composé,je,ai juré,16,reviewed,
FR,jurer,Indicatif,Passé composé,tu,as juré,16,reviewed,
FR,jurer,Indicatif,Passé composé,"il (elle, on)",a juré,16,reviewed,
FR,jurer,Indicatif,Passé composé,nous,avons juré,16,reviewed,
FR,jurer,Indicatif,Passé composé,vous,avez juré,16,reviewed,
FR,jurer,Indicatif,Passé composé,ils (elles),ont juré,16,reviewed,
FR,jurer,Indicatif,Imparfait,je,jurais,16,reviewed,
FR,jurer,Indicatif,Imparfait,tu,jurais,16,reviewed,
FR,jurer,Indicatif,Imparfait,"il (elle, on)",jurait,16,reviewed,
FR,jurer,Indicatif,Imparfait,nous,jurions,16,reviewed,
FR,jurer,Indicatif,Imparfait,vous,juriez,16,reviewed,
FR,jurer,Indicatif,Imparfait,ils (elles),juraient,16,reviewed,
FR,jurer,Conditionnel,Conditionnel présent,je,jurerais,16,reviewed,
FR,jurer,Conditionnel,Conditionnel présent,tu,jurerais,16,reviewed,
FR,jurer,Conditionnel,Conditionnel présent,"il (elle, on)",jurerait,16,reviewed,
FR,jurer,Conditionnel,Conditionnel présent,nous,jurerions,16,reviewed,
FR,jurer,Conditionnel,Conditionnel présent,vous,jureriez,16,reviewed,
FR,jurer,Conditionnel,Conditionnel présent,ils (elles),jureraient,16,reviewed,
FR,jurer,Impératif,Impératif,je,-,16,reviewed,French imperative only uses tu / nous / vous; placeholder - used for unsupported slot
FR,jurer,Impératif,Impératif,tu,jure,16,reviewed,
FR,jurer,Impératif,Impératif,"il (elle, on)",-,16,reviewed,French imperative only uses tu / nous / vous; placeholder - used for unsupported slot
FR,jurer,Impératif,Impératif,nous,jurons,16,reviewed,
FR,jurer,Impératif,Impératif,vous,jurez,16,reviewed,
FR,jurer,Impératif,Impératif,ils (elles),-,16,reviewed,French imperative only uses tu / nous / vous; placeholder - used for unsupported slot
FR,jurer,Subjonctif,Subjonctif présent,je,jure,16,reviewed,
FR,jurer,Subjonctif,Subjonctif présent,tu,jures,16,reviewed,
FR,jurer,Subjonctif,Subjonctif présent,"il (elle, on)",jure,16,reviewed,
FR,jurer,Subjonctif,Subjonctif présent,nous,jurions,16,reviewed,
FR,jurer,Subjonctif,Subjonctif présent,vous,juriez,16,reviewed,
FR,jurer,Subjonctif,Subjonctif présent,ils (elles),jurent,16,reviewed,
FR,jurer,Indicatif,Passé Simple,je,jurai,16,reviewed,
FR,jurer,Indicatif,Passé Simple,tu,juras,16,reviewed,
FR,jurer,Indicatif,Passé Simple,"il (elle, on)",jura,16,reviewed,
FR,jurer,Indicatif,Passé Simple,nous,jurâmes,16,reviewed,
FR,jurer,Indicatif,Passé Simple,vous,jurâtes,16,reviewed,
FR,jurer,Indicatif,Passé Simple,ils (elles),jurèrent,16,reviewed,
FR,jurer,Subjonctif,Subjonctif imparfait,je,jurasse,16,reviewed,
FR,jurer,Subjonctif,Subjonctif imparfait,tu,jurasses,16,reviewed,
FR,jurer,Subjonctif,Subjonctif imparfait,"il (elle, on)",jurât,16,reviewed,
FR,jurer,Subjonctif,Subjonctif imparfait,nous,jurassions,16,reviewed,
FR,jurer,Subjonctif,Subjonctif imparfait,vous,jurassiez,16,reviewed,
FR,jurer,Subjonctif,Subjonctif imparfait,ils (elles),jurassent,16,reviewed,
FR,contraindre,Indicatif,Présent,je,contrains,16,reviewed,contraindre-family irregular paradigm; past participle contraint used; QA recommended
FR,contraindre,Indicatif,Présent,tu,contrains,16,reviewed,contraindre-family irregular paradigm; past participle contraint used; QA recommended
FR,contraindre,Indicatif,Présent,"il (elle, on)",contraint,16,reviewed,contraindre-family irregular paradigm; past participle contraint used; QA recommended
FR,contraindre,Indicatif,Présent,nous,contraignons,16,reviewed,contraindre-family irregular paradigm; past participle contraint used; QA recommended
FR,contraindre,Indicatif,Présent,vous,contraignez,16,reviewed,contraindre-family irregular paradigm; past participle contraint used; QA recommended
FR,contraindre,Indicatif,Présent,ils (elles),contraignent,16,reviewed,contraindre-family irregular paradigm; past participle contraint used; QA recommended
FR,contraindre,Indicatif,Futur,je,contraindrai,16,reviewed,contraindre-family irregular paradigm; past participle contraint used; QA recommended
FR,contraindre,Indicatif,Futur,tu,contraindras,16,reviewed,contraindre-family irregular paradigm; past participle contraint used; QA recommended
FR,contraindre,Indicatif,Futur,"il (elle, on)",contraindra,16,reviewed,contraindre-family irregular paradigm; past participle contraint used; QA recommended
FR,contraindre,Indicatif,Futur,nous,contraindrons,16,reviewed,contraindre-family irregular paradigm; past participle contraint used; QA recommended
FR,contraindre,Indicatif,Futur,vous,contraindrez,16,reviewed,contraindre-family irregular paradigm; past participle contraint used; QA recommended
FR,contraindre,Indicatif,Futur,ils (elles),contraindront,16,reviewed,contraindre-family irregular paradigm; past participle contraint used; QA recommended
FR,contraindre,Indicatif,Passé composé,je,ai contraint,16,reviewed,contraindre-family irregular paradigm; past participle contraint used; QA recommended
FR,contraindre,Indicatif,Passé composé,tu,as contraint,16,reviewed,contraindre-family irregular paradigm; past participle contraint used; QA recommended
FR,contraindre,Indicatif,Passé composé,"il (elle, on)",a contraint,16,reviewed,contraindre-family irregular paradigm; past participle contraint used; QA recommended
FR,contraindre,Indicatif,Passé composé,nous,avons contraint,16,reviewed,contraindre-family irregular paradigm; past participle contraint used; QA recommended
FR,contraindre,Indicatif,Passé composé,vous,avez contraint,16,reviewed,contraindre-family irregular paradigm; past participle contraint used; QA recommended
FR,contraindre,Indicatif,Passé composé,ils (elles),ont contraint,16,reviewed,contraindre-family irregular paradigm; past participle contraint used; QA recommended
FR,contraindre,Indicatif,Imparfait,je,contraignais,16,reviewed,contraindre-family irregular paradigm; past participle contraint used; QA recommended
FR,contraindre,Indicatif,Imparfait,tu,contraignais,16,reviewed,contraindre-family irregular paradigm; past participle contraint used; QA recommended
FR,contraindre,Indicatif,Imparfait,"il (elle, on)",contraignait,16,reviewed,contraindre-family irregular paradigm; past participle contraint used; QA recommended
FR,contraindre,Indicatif,Imparfait,nous,contraignions,16,reviewed,contraindre-family irregular paradigm; past participle contraint used; QA recommended
FR,contraindre,Indicatif,Imparfait,vous,contraigniez,16,reviewed,contraindre-family irregular paradigm; past participle contraint used; QA recommended
FR,contraindre,Indicatif,Imparfait,ils (elles),contraignaient,16,reviewed,contraindre-family irregular paradigm; past participle contraint used; QA recommended
FR,contraindre,Conditionnel,Conditionnel présent,je,contraindrais,16,reviewed,contraindre-family irregular paradigm; past participle contraint used; QA recommended
FR,contraindre,Conditionnel,Conditionnel présent,tu,contraindrais,16,reviewed,contraindre-family irregular paradigm; past participle contraint used; QA recommended
FR,contraindre,Conditionnel,Conditionnel présent,"il (elle, on)",contraindrait,16,reviewed,contraindre-family irregular paradigm; past participle contraint used; QA recommended
FR,contraindre,Conditionnel,Conditionnel présent,nous,contraindrions,16,reviewed,contraindre-family irregular paradigm; past participle contraint used; QA recommended
FR,contraindre,Conditionnel,Conditionnel présent,vous,contraindriez,16,reviewed,contraindre-family irregular paradigm; past participle contraint used; QA recommended
FR,contraindre,Conditionnel,Conditionnel présent,ils (elles),contraindraient,16,reviewed,contraindre-family irregular paradigm; past participle contraint used; QA recommended
FR,contraindre,Impératif,Impératif,je,-,16,reviewed,contraindre-family irregular paradigm; past participle contraint used; QA recommended; French imperative only uses tu / nous / vous; placeholder - used for unsupported slot
FR,contraindre,Impératif,Impératif,tu,contrains,16,reviewed,contraindre-family irregular paradigm; past participle contraint used; QA recommended
FR,contraindre,Impératif,Impératif,"il (elle, on)",-,16,reviewed,contraindre-family irregular paradigm; past participle contraint used; QA recommended; French imperative only uses tu / nous / vous; placeholder - used for unsupported slot
FR,contraindre,Impératif,Impératif,nous,contraignons,16,reviewed,contraindre-family irregular paradigm; past participle contraint used; QA recommended
FR,contraindre,Impératif,Impératif,vous,contraignez,16,reviewed,contraindre-family irregular paradigm; past participle contraint used; QA recommended
FR,contraindre,Impératif,Impératif,ils (elles),-,16,reviewed,contraindre-family irregular paradigm; past participle contraint used; QA recommended; French imperative only uses tu / nous / vous; placeholder - used for unsupported slot
FR,contraindre,Subjonctif,Subjonctif présent,je,contraigne,16,reviewed,contraindre-family irregular paradigm; past participle contraint used; QA recommended
FR,contraindre,Subjonctif,Subjonctif présent,tu,contraignes,16,reviewed,contraindre-family irregular paradigm; past participle contraint used; QA recommended
FR,contraindre,Subjonctif,Subjonctif présent,"il (elle, on)",contraigne,16,reviewed,contraindre-family irregular paradigm; past participle contraint used; QA recommended
FR,contraindre,Subjonctif,Subjonctif présent,nous,contraignions,16,reviewed,contraindre-family irregular paradigm; past participle contraint used; QA recommended
FR,contraindre,Subjonctif,Subjonctif présent,vous,contraigniez,16,reviewed,contraindre-family irregular paradigm; past participle contraint used; QA recommended
FR,contraindre,Subjonctif,Subjonctif présent,ils (elles),contraignent,16,reviewed,contraindre-family irregular paradigm; past participle contraint used; QA recommended
FR,contraindre,Indicatif,Passé Simple,je,contraignis,16,reviewed,contraindre-family irregular paradigm; past participle contraint used; QA recommended
FR,contraindre,Indicatif,Passé Simple,tu,contraignis,16,reviewed,contraindre-family irregular paradigm; past participle contraint used; QA recommended
FR,contraindre,Indicatif,Passé Simple,"il (elle, on)",contraignit,16,reviewed,contraindre-family irregular paradigm; past participle contraint used; QA recommended
FR,contraindre,Indicatif,Passé Simple,nous,contraignîmes,16,reviewed,contraindre-family irregular paradigm; past participle contraint used; QA recommended
FR,contraindre,Indicatif,Passé Simple,vous,contraignîtes,16,reviewed,contraindre-family irregular paradigm; past participle contraint used; QA recommended
FR,contraindre,Indicatif,Passé Simple,ils (elles),contraignirent,16,reviewed,contraindre-family irregular paradigm; past participle contraint used; QA recommended
FR,contraindre,Subjonctif,Subjonctif imparfait,je,contraignisse,16,reviewed,contraindre-family irregular paradigm; past participle contraint used; QA recommended
FR,contraindre,Subjonctif,Subjonctif imparfait,tu,contraignisses,16,reviewed,contraindre-family irregular paradigm; past participle contraint used; QA recommended
FR,contraindre,Subjonctif,Subjonctif imparfait,"il (elle, on)",contraignît,16,reviewed,contraindre-family irregular paradigm; past participle contraint used; QA recommended
FR,contraindre,Subjonctif,Subjonctif imparfait,nous,contraignissions,16,reviewed,contraindre-family irregular paradigm; past participle contraint used; QA recommended
FR,contraindre,Subjonctif,Subjonctif imparfait,vous,contraignissiez,16,reviewed,contraindre-family irregular paradigm; past participle contraint used; QA recommended
FR,contraindre,Subjonctif,Subjonctif imparfait,ils (elles),contraignissent,16,reviewed,contraindre-family irregular paradigm; past participle contraint used; QA recommended
FR,mouiller,Indicatif,Présent,je,mouille,16,reviewed,
FR,mouiller,Indicatif,Présent,tu,mouilles,16,reviewed,
FR,mouiller,Indicatif,Présent,"il (elle, on)",mouille,16,reviewed,
FR,mouiller,Indicatif,Présent,nous,mouillons,16,reviewed,
FR,mouiller,Indicatif,Présent,vous,mouillez,16,reviewed,
FR,mouiller,Indicatif,Présent,ils (elles),mouillent,16,reviewed,
FR,mouiller,Indicatif,Futur,je,mouillerai,16,reviewed,
FR,mouiller,Indicatif,Futur,tu,mouilleras,16,reviewed,
FR,mouiller,Indicatif,Futur,"il (elle, on)",mouillera,16,reviewed,
FR,mouiller,Indicatif,Futur,nous,mouillerons,16,reviewed,
FR,mouiller,Indicatif,Futur,vous,mouillerez,16,reviewed,
FR,mouiller,Indicatif,Futur,ils (elles),mouilleront,16,reviewed,
FR,mouiller,Indicatif,Passé composé,je,ai mouillé,16,reviewed,
FR,mouiller,Indicatif,Passé composé,tu,as mouillé,16,reviewed,
FR,mouiller,Indicatif,Passé composé,"il (elle, on)",a mouillé,16,reviewed,
FR,mouiller,Indicatif,Passé composé,nous,avons mouillé,16,reviewed,
FR,mouiller,Indicatif,Passé composé,vous,avez mouillé,16,reviewed,
FR,mouiller,Indicatif,Passé composé,ils (elles),ont mouillé,16,reviewed,
FR,mouiller,Indicatif,Imparfait,je,mouillais,16,reviewed,
FR,mouiller,Indicatif,Imparfait,tu,mouillais,16,reviewed,
FR,mouiller,Indicatif,Imparfait,"il (elle, on)",mouillait,16,reviewed,
FR,mouiller,Indicatif,Imparfait,nous,mouillions,16,reviewed,
FR,mouiller,Indicatif,Imparfait,vous,mouilliez,16,reviewed,
FR,mouiller,Indicatif,Imparfait,ils (elles),mouillaient,16,reviewed,
FR,mouiller,Conditionnel,Conditionnel présent,je,mouillerais,16,reviewed,
FR,mouiller,Conditionnel,Conditionnel présent,tu,mouillerais,16,reviewed,
FR,mouiller,Conditionnel,Conditionnel présent,"il (elle, on)",mouillerait,16,reviewed,
FR,mouiller,Conditionnel,Conditionnel présent,nous,mouillerions,16,reviewed,
FR,mouiller,Conditionnel,Conditionnel présent,vous,mouilleriez,16,reviewed,
FR,mouiller,Conditionnel,Conditionnel présent,ils (elles),mouilleraient,16,reviewed,
FR,mouiller,Impératif,Impératif,je,-,16,reviewed,French imperative only uses tu / nous / vous; placeholder - used for unsupported slot
FR,mouiller,Impératif,Impératif,tu,mouille,16,reviewed,
FR,mouiller,Impératif,Impératif,"il (elle, on)",-,16,reviewed,French imperative only uses tu / nous / vous; placeholder - used for unsupported slot
FR,mouiller,Impératif,Impératif,nous,mouillons,16,reviewed,
FR,mouiller,Impératif,Impératif,vous,mouillez,16,reviewed,
FR,mouiller,Impératif,Impératif,ils (elles),-,16,reviewed,French imperative only uses tu / nous / vous; placeholder - used for unsupported slot
FR,mouiller,Subjonctif,Subjonctif présent,je,mouille,16,reviewed,
FR,mouiller,Subjonctif,Subjonctif présent,tu,mouilles,16,reviewed,
FR,mouiller,Subjonctif,Subjonctif présent,"il (elle, on)",mouille,16,reviewed,
FR,mouiller,Subjonctif,Subjonctif présent,nous,mouillions,16,reviewed,
FR,mouiller,Subjonctif,Subjonctif présent,vous,mouilliez,16,reviewed,
FR,mouiller,Subjonctif,Subjonctif présent,ils (elles),mouillent,16,reviewed,
FR,mouiller,Indicatif,Passé Simple,je,mouillai,16,reviewed,
FR,mouiller,Indicatif,Passé Simple,tu,mouillas,16,reviewed,
FR,mouiller,Indicatif,Passé Simple,"il (elle, on)",mouilla,16,reviewed,
FR,mouiller,Indicatif,Passé Simple,nous,mouillâmes,16,reviewed,
FR,mouiller,Indicatif,Passé Simple,vous,mouillâtes,16,reviewed,
FR,mouiller,Indicatif,Passé Simple,ils (elles),mouillèrent,16,reviewed,
FR,mouiller,Subjonctif,Subjonctif imparfait,je,mouillasse,16,reviewed,
FR,mouiller,Subjonctif,Subjonctif imparfait,tu,mouillasses,16,reviewed,
FR,mouiller,Subjonctif,Subjonctif imparfait,"il (elle, on)",mouillât,16,reviewed,
FR,mouiller,Subjonctif,Subjonctif imparfait,nous,mouillassions,16,reviewed,
FR,mouiller,Subjonctif,Subjonctif imparfait,vous,mouillassiez,16,reviewed,
FR,mouiller,Subjonctif,Subjonctif imparfait,ils (elles),mouillassent,16,reviewed,
FR,déshabiller,Indicatif,Présent,je,déshabille,16,reviewed,
FR,déshabiller,Indicatif,Présent,tu,déshabilles,16,reviewed,
FR,déshabiller,Indicatif,Présent,"il (elle, on)",déshabille,16,reviewed,
FR,déshabiller,Indicatif,Présent,nous,déshabillons,16,reviewed,
FR,déshabiller,Indicatif,Présent,vous,déshabillez,16,reviewed,
FR,déshabiller,Indicatif,Présent,ils (elles),déshabillent,16,reviewed,
FR,déshabiller,Indicatif,Futur,je,déshabillerai,16,reviewed,
FR,déshabiller,Indicatif,Futur,tu,déshabilleras,16,reviewed,
FR,déshabiller,Indicatif,Futur,"il (elle, on)",déshabillera,16,reviewed,
FR,déshabiller,Indicatif,Futur,nous,déshabillerons,16,reviewed,
FR,déshabiller,Indicatif,Futur,vous,déshabillerez,16,reviewed,
FR,déshabiller,Indicatif,Futur,ils (elles),déshabilleront,16,reviewed,
FR,déshabiller,Indicatif,Passé composé,je,ai déshabillé,16,reviewed,
FR,déshabiller,Indicatif,Passé composé,tu,as déshabillé,16,reviewed,
FR,déshabiller,Indicatif,Passé composé,"il (elle, on)",a déshabillé,16,reviewed,
FR,déshabiller,Indicatif,Passé composé,nous,avons déshabillé,16,reviewed,
FR,déshabiller,Indicatif,Passé composé,vous,avez déshabillé,16,reviewed,
FR,déshabiller,Indicatif,Passé composé,ils (elles),ont déshabillé,16,reviewed,
FR,déshabiller,Indicatif,Imparfait,je,déshabillais,16,reviewed,
FR,déshabiller,Indicatif,Imparfait,tu,déshabillais,16,reviewed,
FR,déshabiller,Indicatif,Imparfait,"il (elle, on)",déshabillait,16,reviewed,
FR,déshabiller,Indicatif,Imparfait,nous,déshabillions,16,reviewed,
FR,déshabiller,Indicatif,Imparfait,vous,déshabilliez,16,reviewed,
FR,déshabiller,Indicatif,Imparfait,ils (elles),déshabillaient,16,reviewed,
FR,déshabiller,Conditionnel,Conditionnel présent,je,déshabillerais,16,reviewed,
FR,déshabiller,Conditionnel,Conditionnel présent,tu,déshabillerais,16,reviewed,
FR,déshabiller,Conditionnel,Conditionnel présent,"il (elle, on)",déshabillerait,16,reviewed,
FR,déshabiller,Conditionnel,Conditionnel présent,nous,déshabillerions,16,reviewed,
FR,déshabiller,Conditionnel,Conditionnel présent,vous,déshabilleriez,16,reviewed,
FR,déshabiller,Conditionnel,Conditionnel présent,ils (elles),déshabilleraient,16,reviewed,
FR,déshabiller,Impératif,Impératif,je,-,16,reviewed,French imperative only uses tu / nous / vous; placeholder - used for unsupported slot
FR,déshabiller,Impératif,Impératif,tu,déshabille,16,reviewed,
FR,déshabiller,Impératif,Impératif,"il (elle, on)",-,16,reviewed,French imperative only uses tu / nous / vous; placeholder - used for unsupported slot
FR,déshabiller,Impératif,Impératif,nous,déshabillons,16,reviewed,
FR,déshabiller,Impératif,Impératif,vous,déshabillez,16,reviewed,
FR,déshabiller,Impératif,Impératif,ils (elles),-,16,reviewed,French imperative only uses tu / nous / vous; placeholder - used for unsupported slot
FR,déshabiller,Subjonctif,Subjonctif présent,je,déshabille,16,reviewed,
FR,déshabiller,Subjonctif,Subjonctif présent,tu,déshabilles,16,reviewed,
FR,déshabiller,Subjonctif,Subjonctif présent,"il (elle, on)",déshabille,16,reviewed,
FR,déshabiller,Subjonctif,Subjonctif présent,nous,déshabillions,16,reviewed,
FR,déshabiller,Subjonctif,Subjonctif présent,vous,déshabilliez,16,reviewed,
FR,déshabiller,Subjonctif,Subjonctif présent,ils (elles),déshabillent,16,reviewed,
FR,déshabiller,Indicatif,Passé Simple,je,déshabillai,16,reviewed,
FR,déshabiller,Indicatif,Passé Simple,tu,déshabillas,16,reviewed,
FR,déshabiller,Indicatif,Passé Simple,"il (elle, on)",déshabilla,16,reviewed,
FR,déshabiller,Indicatif,Passé Simple,nous,déshabillâmes,16,reviewed,
FR,déshabiller,Indicatif,Passé Simple,vous,déshabillâtes,16,reviewed,
FR,déshabiller,Indicatif,Passé Simple,ils (elles),déshabillèrent,16,reviewed,
FR,déshabiller,Subjonctif,Subjonctif imparfait,je,déshabillasse,16,reviewed,
FR,déshabiller,Subjonctif,Subjonctif imparfait,tu,déshabillasses,16,reviewed,
FR,déshabiller,Subjonctif,Subjonctif imparfait,"il (elle, on)",déshabillât,16,reviewed,
FR,déshabiller,Subjonctif,Subjonctif imparfait,nous,déshabillassions,16,reviewed,
FR,déshabiller,Subjonctif,Subjonctif imparfait,vous,déshabillassiez,16,reviewed,
FR,déshabiller,Subjonctif,Subjonctif imparfait,ils (elles),déshabillassent,16,reviewed,
FR,invoquer,Indicatif,Présent,je,invoque,16,reviewed,
FR,invoquer,Indicatif,Présent,tu,invoques,16,reviewed,
FR,invoquer,Indicatif,Présent,"il (elle, on)",invoque,16,reviewed,
FR,invoquer,Indicatif,Présent,nous,invoquons,16,reviewed,
FR,invoquer,Indicatif,Présent,vous,invoquez,16,reviewed,
FR,invoquer,Indicatif,Présent,ils (elles),invoquent,16,reviewed,
FR,invoquer,Indicatif,Futur,je,invoquerai,16,reviewed,
FR,invoquer,Indicatif,Futur,tu,invoqueras,16,reviewed,
FR,invoquer,Indicatif,Futur,"il (elle, on)",invoquera,16,reviewed,
FR,invoquer,Indicatif,Futur,nous,invoquerons,16,reviewed,
FR,invoquer,Indicatif,Futur,vous,invoquerez,16,reviewed,
FR,invoquer,Indicatif,Futur,ils (elles),invoqueront,16,reviewed,
FR,invoquer,Indicatif,Passé composé,je,ai invoqué,16,reviewed,
FR,invoquer,Indicatif,Passé composé,tu,as invoqué,16,reviewed,
FR,invoquer,Indicatif,Passé composé,"il (elle, on)",a invoqué,16,reviewed,
FR,invoquer,Indicatif,Passé composé,nous,avons invoqué,16,reviewed,
FR,invoquer,Indicatif,Passé composé,vous,avez invoqué,16,reviewed,
FR,invoquer,Indicatif,Passé composé,ils (elles),ont invoqué,16,reviewed,
FR,invoquer,Indicatif,Imparfait,je,invoquais,16,reviewed,
FR,invoquer,Indicatif,Imparfait,tu,invoquais,16,reviewed,
FR,invoquer,Indicatif,Imparfait,"il (elle, on)",invoquait,16,reviewed,
FR,invoquer,Indicatif,Imparfait,nous,invoquions,16,reviewed,
FR,invoquer,Indicatif,Imparfait,vous,invoquiez,16,reviewed,
FR,invoquer,Indicatif,Imparfait,ils (elles),invoquaient,16,reviewed,
FR,invoquer,Conditionnel,Conditionnel présent,je,invoquerais,16,reviewed,
FR,invoquer,Conditionnel,Conditionnel présent,tu,invoquerais,16,reviewed,
FR,invoquer,Conditionnel,Conditionnel présent,"il (elle, on)",invoquerait,16,reviewed,
FR,invoquer,Conditionnel,Conditionnel présent,nous,invoquerions,16,reviewed,
FR,invoquer,Conditionnel,Conditionnel présent,vous,invoqueriez,16,reviewed,
FR,invoquer,Conditionnel,Conditionnel présent,ils (elles),invoqueraient,16,reviewed,
FR,invoquer,Impératif,Impératif,je,-,16,reviewed,French imperative only uses tu / nous / vous; placeholder - used for unsupported slot
FR,invoquer,Impératif,Impératif,tu,invoque,16,reviewed,
FR,invoquer,Impératif,Impératif,"il (elle, on)",-,16,reviewed,French imperative only uses tu / nous / vous; placeholder - used for unsupported slot
FR,invoquer,Impératif,Impératif,nous,invoquons,16,reviewed,
FR,invoquer,Impératif,Impératif,vous,invoquez,16,reviewed,
FR,invoquer,Impératif,Impératif,ils (elles),-,16,reviewed,French imperative only uses tu / nous / vous; placeholder - used for unsupported slot
FR,invoquer,Subjonctif,Subjonctif présent,je,invoque,16,reviewed,
FR,invoquer,Subjonctif,Subjonctif présent,tu,invoques,16,reviewed,
FR,invoquer,Subjonctif,Subjonctif présent,"il (elle, on)",invoque,16,reviewed,
FR,invoquer,Subjonctif,Subjonctif présent,nous,invoquions,16,reviewed,
FR,invoquer,Subjonctif,Subjonctif présent,vous,invoquiez,16,reviewed,
FR,invoquer,Subjonctif,Subjonctif présent,ils (elles),invoquent,16,reviewed,
FR,invoquer,Indicatif,Passé Simple,je,invoquai,16,reviewed,
FR,invoquer,Indicatif,Passé Simple,tu,invoquas,16,reviewed,
FR,invoquer,Indicatif,Passé Simple,"il (elle, on)",invoqua,16,reviewed,
FR,invoquer,Indicatif,Passé Simple,nous,invoquâmes,16,reviewed,
FR,invoquer,Indicatif,Passé Simple,vous,invoquâtes,16,reviewed,
FR,invoquer,Indicatif,Passé Simple,ils (elles),invoquèrent,16,reviewed,
FR,invoquer,Subjonctif,Subjonctif imparfait,je,invoquasse,16,reviewed,
FR,invoquer,Subjonctif,Subjonctif imparfait,tu,invoquasses,16,reviewed,
FR,invoquer,Subjonctif,Subjonctif imparfait,"il (elle, on)",invoquât,16,reviewed,
FR,invoquer,Subjonctif,Subjonctif imparfait,nous,invoquassions,16,reviewed,
FR,invoquer,Subjonctif,Subjonctif imparfait,vous,invoquassiez,16,reviewed,
FR,invoquer,Subjonctif,Subjonctif imparfait,ils (elles),invoquassent,16,reviewed,
FR,ralentir,Indicatif,Présent,je,ralentis,16,reviewed,
FR,ralentir,Indicatif,Présent,tu,ralentis,16,reviewed,
FR,ralentir,Indicatif,Présent,"il (elle, on)",ralentit,16,reviewed,
FR,ralentir,Indicatif,Présent,nous,ralentissons,16,reviewed,
FR,ralentir,Indicatif,Présent,vous,ralentissez,16,reviewed,
FR,ralentir,Indicatif,Présent,ils (elles),ralentissent,16,reviewed,
FR,ralentir,Indicatif,Futur,je,ralentirai,16,reviewed,
FR,ralentir,Indicatif,Futur,tu,ralentiras,16,reviewed,
FR,ralentir,Indicatif,Futur,"il (elle, on)",ralentira,16,reviewed,
FR,ralentir,Indicatif,Futur,nous,ralentirons,16,reviewed,
FR,ralentir,Indicatif,Futur,vous,ralentirez,16,reviewed,
FR,ralentir,Indicatif,Futur,ils (elles),ralentiront,16,reviewed,
FR,ralentir,Indicatif,Passé composé,je,ai ralenti,16,reviewed,
FR,ralentir,Indicatif,Passé composé,tu,as ralenti,16,reviewed,
FR,ralentir,Indicatif,Passé composé,"il (elle, on)",a ralenti,16,reviewed,
FR,ralentir,Indicatif,Passé composé,nous,avons ralenti,16,reviewed,
FR,ralentir,Indicatif,Passé composé,vous,avez ralenti,16,reviewed,
FR,ralentir,Indicatif,Passé composé,ils (elles),ont ralenti,16,reviewed,
FR,ralentir,Indicatif,Imparfait,je,ralentissais,16,reviewed,
FR,ralentir,Indicatif,Imparfait,tu,ralentissais,16,reviewed,
FR,ralentir,Indicatif,Imparfait,"il (elle, on)",ralentissait,16,reviewed,
FR,ralentir,Indicatif,Imparfait,nous,ralentissions,16,reviewed,
FR,ralentir,Indicatif,Imparfait,vous,ralentissiez,16,reviewed,
FR,ralentir,Indicatif,Imparfait,ils (elles),ralentissaient,16,reviewed,
FR,ralentir,Conditionnel,Conditionnel présent,je,ralentirais,16,reviewed,
FR,ralentir,Conditionnel,Conditionnel présent,tu,ralentirais,16,reviewed,
FR,ralentir,Conditionnel,Conditionnel présent,"il (elle, on)",ralentirait,16,reviewed,
FR,ralentir,Conditionnel,Conditionnel présent,nous,ralentirions,16,reviewed,
FR,ralentir,Conditionnel,Conditionnel présent,vous,ralentiriez,16,reviewed,
FR,ralentir,Conditionnel,Conditionnel présent,ils (elles),ralentiraient,16,reviewed,
FR,ralentir,Impératif,Impératif,je,-,16,reviewed,French imperative only uses tu / nous / vous; placeholder - used for unsupported slot
FR,ralentir,Impératif,Impératif,tu,ralentis,16,reviewed,
FR,ralentir,Impératif,Impératif,"il (elle, on)",-,16,reviewed,French imperative only uses tu / nous / vous; placeholder - used for unsupported slot
FR,ralentir,Impératif,Impératif,nous,ralentissons,16,reviewed,
FR,ralentir,Impératif,Impératif,vous,ralentissez,16,reviewed,
FR,ralentir,Impératif,Impératif,ils (elles),-,16,reviewed,French imperative only uses tu / nous / vous; placeholder - used for unsupported slot
FR,ralentir,Subjonctif,Subjonctif présent,je,ralentisse,16,reviewed,
FR,ralentir,Subjonctif,Subjonctif présent,tu,ralentisses,16,reviewed,
FR,ralentir,Subjonctif,Subjonctif présent,"il (elle, on)",ralentisse,16,reviewed,
FR,ralentir,Subjonctif,Subjonctif présent,nous,ralentissions,16,reviewed,
FR,ralentir,Subjonctif,Subjonctif présent,vous,ralentissiez,16,reviewed,
FR,ralentir,Subjonctif,Subjonctif présent,ils (elles),ralentissent,16,reviewed,
FR,ralentir,Indicatif,Passé Simple,je,ralentis,16,reviewed,
FR,ralentir,Indicatif,Passé Simple,tu,ralentis,16,reviewed,
FR,ralentir,Indicatif,Passé Simple,"il (elle, on)",ralentit,16,reviewed,
FR,ralentir,Indicatif,Passé Simple,nous,ralentîmes,16,reviewed,
FR,ralentir,Indicatif,Passé Simple,vous,ralentîtes,16,reviewed,
FR,ralentir,Indicatif,Passé Simple,ils (elles),ralentirent,16,reviewed,
FR,ralentir,Subjonctif,Subjonctif imparfait,je,ralentisse,16,reviewed,
FR,ralentir,Subjonctif,Subjonctif imparfait,tu,ralentisses,16,reviewed,
FR,ralentir,Subjonctif,Subjonctif imparfait,"il (elle, on)",ralentît,16,reviewed,
FR,ralentir,Subjonctif,Subjonctif imparfait,nous,ralentissions,16,reviewed,
FR,ralentir,Subjonctif,Subjonctif imparfait,vous,ralentissiez,16,reviewed,
FR,ralentir,Subjonctif,Subjonctif imparfait,ils (elles),ralentissent,16,reviewed,
FR,préoccuper,Indicatif,Présent,je,préoccupe,16,reviewed,
FR,préoccuper,Indicatif,Présent,tu,préoccupes,16,reviewed,
FR,préoccuper,Indicatif,Présent,"il (elle, on)",préoccupe,16,reviewed,
FR,préoccuper,Indicatif,Présent,nous,préoccupons,16,reviewed,
FR,préoccuper,Indicatif,Présent,vous,préoccupez,16,reviewed,
FR,préoccuper,Indicatif,Présent,ils (elles),préoccupent,16,reviewed,
FR,préoccuper,Indicatif,Futur,je,préoccuperai,16,reviewed,
FR,préoccuper,Indicatif,Futur,tu,préoccuperas,16,reviewed,
FR,préoccuper,Indicatif,Futur,"il (elle, on)",préoccupera,16,reviewed,
FR,préoccuper,Indicatif,Futur,nous,préoccuperons,16,reviewed,
FR,préoccuper,Indicatif,Futur,vous,préoccuperez,16,reviewed,
FR,préoccuper,Indicatif,Futur,ils (elles),préoccuperont,16,reviewed,
FR,préoccuper,Indicatif,Passé composé,je,ai préoccupé,16,reviewed,
FR,préoccuper,Indicatif,Passé composé,tu,as préoccupé,16,reviewed,
FR,préoccuper,Indicatif,Passé composé,"il (elle, on)",a préoccupé,16,reviewed,
FR,préoccuper,Indicatif,Passé composé,nous,avons préoccupé,16,reviewed,
FR,préoccuper,Indicatif,Passé composé,vous,avez préoccupé,16,reviewed,
FR,préoccuper,Indicatif,Passé composé,ils (elles),ont préoccupé,16,reviewed,
FR,préoccuper,Indicatif,Imparfait,je,préoccupais,16,reviewed,
FR,préoccuper,Indicatif,Imparfait,tu,préoccupais,16,reviewed,
FR,préoccuper,Indicatif,Imparfait,"il (elle, on)",préoccupait,16,reviewed,
FR,préoccuper,Indicatif,Imparfait,nous,préoccupions,16,reviewed,
FR,préoccuper,Indicatif,Imparfait,vous,préoccupiez,16,reviewed,
FR,préoccuper,Indicatif,Imparfait,ils (elles),préoccupaient,16,reviewed,
FR,préoccuper,Conditionnel,Conditionnel présent,je,préoccuperais,16,reviewed,
FR,préoccuper,Conditionnel,Conditionnel présent,tu,préoccuperais,16,reviewed,
FR,préoccuper,Conditionnel,Conditionnel présent,"il (elle, on)",préoccuperait,16,reviewed,
FR,préoccuper,Conditionnel,Conditionnel présent,nous,préoccuperions,16,reviewed,
FR,préoccuper,Conditionnel,Conditionnel présent,vous,préoccuperiez,16,reviewed,
FR,préoccuper,Conditionnel,Conditionnel présent,ils (elles),préoccuperaient,16,reviewed,
FR,préoccuper,Impératif,Impératif,je,-,16,reviewed,French imperative only uses tu / nous / vous; placeholder - used for unsupported slot
FR,préoccuper,Impératif,Impératif,tu,préoccupe,16,reviewed,
FR,préoccuper,Impératif,Impératif,"il (elle, on)",-,16,reviewed,French imperative only uses tu / nous / vous; placeholder - used for unsupported slot
FR,préoccuper,Impératif,Impératif,nous,préoccupons,16,reviewed,
FR,préoccuper,Impératif,Impératif,vous,préoccupez,16,reviewed,
FR,préoccuper,Impératif,Impératif,ils (elles),-,16,reviewed,French imperative only uses tu / nous / vous; placeholder - used for unsupported slot
FR,préoccuper,Subjonctif,Subjonctif présent,je,préoccupe,16,reviewed,
FR,préoccuper,Subjonctif,Subjonctif présent,tu,préoccupes,16,reviewed,
FR,préoccuper,Subjonctif,Subjonctif présent,"il (elle, on)",préoccupe,16,reviewed,
FR,préoccuper,Subjonctif,Subjonctif présent,nous,préoccupions,16,reviewed,
FR,préoccuper,Subjonctif,Subjonctif présent,vous,préoccupiez,16,reviewed,
FR,préoccuper,Subjonctif,Subjonctif présent,ils (elles),préoccupent,16,reviewed,
FR,préoccuper,Indicatif,Passé Simple,je,préoccupai,16,reviewed,
FR,préoccuper,Indicatif,Passé Simple,tu,préoccupas,16,reviewed,
FR,préoccuper,Indicatif,Passé Simple,"il (elle, on)",préoccupa,16,reviewed,
FR,préoccuper,Indicatif,Passé Simple,nous,préoccupâmes,16,reviewed,
FR,préoccuper,Indicatif,Passé Simple,vous,préoccupâtes,16,reviewed,
FR,préoccuper,Indicatif,Passé Simple,ils (elles),préoccupèrent,16,reviewed,
FR,préoccuper,Subjonctif,Subjonctif imparfait,je,préoccupasse,16,reviewed,
FR,préoccuper,Subjonctif,Subjonctif imparfait,tu,préoccupasses,16,reviewed,
FR,préoccuper,Subjonctif,Subjonctif imparfait,"il (elle, on)",préoccupât,16,reviewed,
FR,préoccuper,Subjonctif,Subjonctif imparfait,nous,préoccupassions,16,reviewed,
FR,préoccuper,Subjonctif,Subjonctif imparfait,vous,préoccupassiez,16,reviewed,
FR,préoccuper,Subjonctif,Subjonctif imparfait,ils (elles),préoccupassent,16,reviewed,
FR,dépenser,Indicatif,Présent,je,dépense,16,reviewed,
FR,dépenser,Indicatif,Présent,tu,dépenses,16,reviewed,
FR,dépenser,Indicatif,Présent,"il (elle, on)",dépense,16,reviewed,
FR,dépenser,Indicatif,Présent,nous,dépensons,16,reviewed,
FR,dépenser,Indicatif,Présent,vous,dépensez,16,reviewed,
FR,dépenser,Indicatif,Présent,ils (elles),dépensent,16,reviewed,
FR,dépenser,Indicatif,Futur,je,dépenserai,16,reviewed,
FR,dépenser,Indicatif,Futur,tu,dépenseras,16,reviewed,
FR,dépenser,Indicatif,Futur,"il (elle, on)",dépensera,16,reviewed,
FR,dépenser,Indicatif,Futur,nous,dépenserons,16,reviewed,
FR,dépenser,Indicatif,Futur,vous,dépenserez,16,reviewed,
FR,dépenser,Indicatif,Futur,ils (elles),dépenseront,16,reviewed,
FR,dépenser,Indicatif,Passé composé,je,ai dépensé,16,reviewed,
FR,dépenser,Indicatif,Passé composé,tu,as dépensé,16,reviewed,
FR,dépenser,Indicatif,Passé composé,"il (elle, on)",a dépensé,16,reviewed,
FR,dépenser,Indicatif,Passé composé,nous,avons dépensé,16,reviewed,
FR,dépenser,Indicatif,Passé composé,vous,avez dépensé,16,reviewed,
FR,dépenser,Indicatif,Passé composé,ils (elles),ont dépensé,16,reviewed,
FR,dépenser,Indicatif,Imparfait,je,dépensais,16,reviewed,
FR,dépenser,Indicatif,Imparfait,tu,dépensais,16,reviewed,
FR,dépenser,Indicatif,Imparfait,"il (elle, on)",dépensait,16,reviewed,
FR,dépenser,Indicatif,Imparfait,nous,dépensions,16,reviewed,
FR,dépenser,Indicatif,Imparfait,vous,dépensiez,16,reviewed,
FR,dépenser,Indicatif,Imparfait,ils (elles),dépensaient,16,reviewed,
FR,dépenser,Conditionnel,Conditionnel présent,je,dépenserais,16,reviewed,
FR,dépenser,Conditionnel,Conditionnel présent,tu,dépenserais,16,reviewed,
FR,dépenser,Conditionnel,Conditionnel présent,"il (elle, on)",dépenserait,16,reviewed,
FR,dépenser,Conditionnel,Conditionnel présent,nous,dépenserions,16,reviewed,
FR,dépenser,Conditionnel,Conditionnel présent,vous,dépenseriez,16,reviewed,
FR,dépenser,Conditionnel,Conditionnel présent,ils (elles),dépenseraient,16,reviewed,
FR,dépenser,Impératif,Impératif,je,-,16,reviewed,French imperative only uses tu / nous / vous; placeholder - used for unsupported slot
FR,dépenser,Impératif,Impératif,tu,dépense,16,reviewed,
FR,dépenser,Impératif,Impératif,"il (elle, on)",-,16,reviewed,French imperative only uses tu / nous / vous; placeholder - used for unsupported slot
FR,dépenser,Impératif,Impératif,nous,dépensons,16,reviewed,
FR,dépenser,Impératif,Impératif,vous,dépensez,16,reviewed,
FR,dépenser,Impératif,Impératif,ils (elles),-,16,reviewed,French imperative only uses tu / nous / vous; placeholder - used for unsupported slot
FR,dépenser,Subjonctif,Subjonctif présent,je,dépense,16,reviewed,
FR,dépenser,Subjonctif,Subjonctif présent,tu,dépenses,16,reviewed,
FR,dépenser,Subjonctif,Subjonctif présent,"il (elle, on)",dépense,16,reviewed,
FR,dépenser,Subjonctif,Subjonctif présent,nous,dépensions,16,reviewed,
FR,dépenser,Subjonctif,Subjonctif présent,vous,dépensiez,16,reviewed,
FR,dépenser,Subjonctif,Subjonctif présent,ils (elles),dépensent,16,reviewed,
FR,dépenser,Indicatif,Passé Simple,je,dépensai,16,reviewed,
FR,dépenser,Indicatif,Passé Simple,tu,dépensas,16,reviewed,
FR,dépenser,Indicatif,Passé Simple,"il (elle, on)",dépensa,16,reviewed,
FR,dépenser,Indicatif,Passé Simple,nous,dépensâmes,16,reviewed,
FR,dépenser,Indicatif,Passé Simple,vous,dépensâtes,16,reviewed,
FR,dépenser,Indicatif,Passé Simple,ils (elles),dépensèrent,16,reviewed,
FR,dépenser,Subjonctif,Subjonctif imparfait,je,dépensasse,16,reviewed,
FR,dépenser,Subjonctif,Subjonctif imparfait,tu,dépensasses,16,reviewed,
FR,dépenser,Subjonctif,Subjonctif imparfait,"il (elle, on)",dépensât,16,reviewed,
FR,dépenser,Subjonctif,Subjonctif imparfait,nous,dépensassions,16,reviewed,
FR,dépenser,Subjonctif,Subjonctif imparfait,vous,dépensassiez,16,reviewed,
FR,dépenser,Subjonctif,Subjonctif imparfait,ils (elles),dépensassent,16,reviewed,
FR,déboucher,Indicatif,Présent,je,débouche,16,reviewed,
FR,déboucher,Indicatif,Présent,tu,débouches,16,reviewed,
FR,déboucher,Indicatif,Présent,"il (elle, on)",débouche,16,reviewed,
FR,déboucher,Indicatif,Présent,nous,débouchons,16,reviewed,
FR,déboucher,Indicatif,Présent,vous,débouchez,16,reviewed,
FR,déboucher,Indicatif,Présent,ils (elles),débouchent,16,reviewed,
FR,déboucher,Indicatif,Futur,je,déboucherai,16,reviewed,
FR,déboucher,Indicatif,Futur,tu,déboucheras,16,reviewed,
FR,déboucher,Indicatif,Futur,"il (elle, on)",débouchera,16,reviewed,
FR,déboucher,Indicatif,Futur,nous,déboucherons,16,reviewed,
FR,déboucher,Indicatif,Futur,vous,déboucherez,16,reviewed,
FR,déboucher,Indicatif,Futur,ils (elles),déboucheront,16,reviewed,
FR,déboucher,Indicatif,Passé composé,je,ai débouché,16,reviewed,
FR,déboucher,Indicatif,Passé composé,tu,as débouché,16,reviewed,
FR,déboucher,Indicatif,Passé composé,"il (elle, on)",a débouché,16,reviewed,
FR,déboucher,Indicatif,Passé composé,nous,avons débouché,16,reviewed,
FR,déboucher,Indicatif,Passé composé,vous,avez débouché,16,reviewed,
FR,déboucher,Indicatif,Passé composé,ils (elles),ont débouché,16,reviewed,
FR,déboucher,Indicatif,Imparfait,je,débouchais,16,reviewed,
FR,déboucher,Indicatif,Imparfait,tu,débouchais,16,reviewed,
FR,déboucher,Indicatif,Imparfait,"il (elle, on)",débouchait,16,reviewed,
FR,déboucher,Indicatif,Imparfait,nous,débouchions,16,reviewed,
FR,déboucher,Indicatif,Imparfait,vous,débouchiez,16,reviewed,
FR,déboucher,Indicatif,Imparfait,ils (elles),débouchaient,16,reviewed,
FR,déboucher,Conditionnel,Conditionnel présent,je,déboucherais,16,reviewed,
FR,déboucher,Conditionnel,Conditionnel présent,tu,déboucherais,16,reviewed,
FR,déboucher,Conditionnel,Conditionnel présent,"il (elle, on)",déboucherait,16,reviewed,
FR,déboucher,Conditionnel,Conditionnel présent,nous,déboucherions,16,reviewed,
FR,déboucher,Conditionnel,Conditionnel présent,vous,déboucheriez,16,reviewed,
FR,déboucher,Conditionnel,Conditionnel présent,ils (elles),déboucheraient,16,reviewed,
FR,déboucher,Impératif,Impératif,je,-,16,reviewed,French imperative only uses tu / nous / vous; placeholder - used for unsupported slot
FR,déboucher,Impératif,Impératif,tu,débouche,16,reviewed,
FR,déboucher,Impératif,Impératif,"il (elle, on)",-,16,reviewed,French imperative only uses tu / nous / vous; placeholder - used for unsupported slot
FR,déboucher,Impératif,Impératif,nous,débouchons,16,reviewed,
FR,déboucher,Impératif,Impératif,vous,débouchez,16,reviewed,
FR,déboucher,Impératif,Impératif,ils (elles),-,16,reviewed,French imperative only uses tu / nous / vous; placeholder - used for unsupported slot
FR,déboucher,Subjonctif,Subjonctif présent,je,débouche,16,reviewed,
FR,déboucher,Subjonctif,Subjonctif présent,tu,débouches,16,reviewed,
FR,déboucher,Subjonctif,Subjonctif présent,"il (elle, on)",débouche,16,reviewed,
FR,déboucher,Subjonctif,Subjonctif présent,nous,débouchions,16,reviewed,
FR,déboucher,Subjonctif,Subjonctif présent,vous,débouchiez,16,reviewed,
FR,déboucher,Subjonctif,Subjonctif présent,ils (elles),débouchent,16,reviewed,
FR,déboucher,Indicatif,Passé Simple,je,débouchai,16,reviewed,
FR,déboucher,Indicatif,Passé Simple,tu,débouchas,16,reviewed,
FR,déboucher,Indicatif,Passé Simple,"il (elle, on)",déboucha,16,reviewed,
FR,déboucher,Indicatif,Passé Simple,nous,débouchâmes,16,reviewed,
FR,déboucher,Indicatif,Passé Simple,vous,débouchâtes,16,reviewed,
FR,déboucher,Indicatif,Passé Simple,ils (elles),débouchèrent,16,reviewed,
FR,déboucher,Subjonctif,Subjonctif imparfait,je,débouchasse,16,reviewed,
FR,déboucher,Subjonctif,Subjonctif imparfait,tu,débouchasses,16,reviewed,
FR,déboucher,Subjonctif,Subjonctif imparfait,"il (elle, on)",débouchât,16,reviewed,
FR,déboucher,Subjonctif,Subjonctif imparfait,nous,débouchassions,16,reviewed,
FR,déboucher,Subjonctif,Subjonctif imparfait,vous,débouchassiez,16,reviewed,
FR,déboucher,Subjonctif,Subjonctif imparfait,ils (elles),débouchassent,16,reviewed,
FR,siffler,Indicatif,Présent,je,siffle,16,reviewed,
FR,siffler,Indicatif,Présent,tu,siffles,16,reviewed,
FR,siffler,Indicatif,Présent,"il (elle, on)",siffle,16,reviewed,
FR,siffler,Indicatif,Présent,nous,sifflons,16,reviewed,
FR,siffler,Indicatif,Présent,vous,sifflez,16,reviewed,
FR,siffler,Indicatif,Présent,ils (elles),sifflent,16,reviewed,
FR,siffler,Indicatif,Futur,je,sifflerai,16,reviewed,
FR,siffler,Indicatif,Futur,tu,siffleras,16,reviewed,
FR,siffler,Indicatif,Futur,"il (elle, on)",sifflera,16,reviewed,
FR,siffler,Indicatif,Futur,nous,sifflerons,16,reviewed,
FR,siffler,Indicatif,Futur,vous,sifflerez,16,reviewed,
FR,siffler,Indicatif,Futur,ils (elles),siffleront,16,reviewed,
FR,siffler,Indicatif,Passé composé,je,ai sifflé,16,reviewed,
FR,siffler,Indicatif,Passé composé,tu,as sifflé,16,reviewed,
FR,siffler,Indicatif,Passé composé,"il (elle, on)",a sifflé,16,reviewed,
FR,siffler,Indicatif,Passé composé,nous,avons sifflé,16,reviewed,
FR,siffler,Indicatif,Passé composé,vous,avez sifflé,16,reviewed,
FR,siffler,Indicatif,Passé composé,ils (elles),ont sifflé,16,reviewed,
FR,siffler,Indicatif,Imparfait,je,sifflais,16,reviewed,
FR,siffler,Indicatif,Imparfait,tu,sifflais,16,reviewed,
FR,siffler,Indicatif,Imparfait,"il (elle, on)",sifflait,16,reviewed,
FR,siffler,Indicatif,Imparfait,nous,sifflions,16,reviewed,
FR,siffler,Indicatif,Imparfait,vous,siffliez,16,reviewed,
FR,siffler,Indicatif,Imparfait,ils (elles),sifflaient,16,reviewed,
FR,siffler,Conditionnel,Conditionnel présent,je,sifflerais,16,reviewed,
FR,siffler,Conditionnel,Conditionnel présent,tu,sifflerais,16,reviewed,
FR,siffler,Conditionnel,Conditionnel présent,"il (elle, on)",sifflerait,16,reviewed,
FR,siffler,Conditionnel,Conditionnel présent,nous,sifflerions,16,reviewed,
FR,siffler,Conditionnel,Conditionnel présent,vous,siffleriez,16,reviewed,
FR,siffler,Conditionnel,Conditionnel présent,ils (elles),siffleraient,16,reviewed,
FR,siffler,Impératif,Impératif,je,-,16,reviewed,French imperative only uses tu / nous / vous; placeholder - used for unsupported slot
FR,siffler,Impératif,Impératif,tu,siffle,16,reviewed,
FR,siffler,Impératif,Impératif,"il (elle, on)",-,16,reviewed,French imperative only uses tu / nous / vous; placeholder - used for unsupported slot
FR,siffler,Impératif,Impératif,nous,sifflons,16,reviewed,
FR,siffler,Impératif,Impératif,vous,sifflez,16,reviewed,
FR,siffler,Impératif,Impératif,ils (elles),-,16,reviewed,French imperative only uses tu / nous / vous; placeholder - used for unsupported slot
FR,siffler,Subjonctif,Subjonctif présent,je,siffle,16,reviewed,
FR,siffler,Subjonctif,Subjonctif présent,tu,siffles,16,reviewed,
FR,siffler,Subjonctif,Subjonctif présent,"il (elle, on)",siffle,16,reviewed,
FR,siffler,Subjonctif,Subjonctif présent,nous,sifflions,16,reviewed,
FR,siffler,Subjonctif,Subjonctif présent,vous,siffliez,16,reviewed,
FR,siffler,Subjonctif,Subjonctif présent,ils (elles),sifflent,16,reviewed,
FR,siffler,Indicatif,Passé Simple,je,sifflai,16,reviewed,
FR,siffler,Indicatif,Passé Simple,tu,sifflas,16,reviewed,
FR,siffler,Indicatif,Passé Simple,"il (elle, on)",siffla,16,reviewed,
FR,siffler,Indicatif,Passé Simple,nous,sifflâmes,16,reviewed,
FR,siffler,Indicatif,Passé Simple,vous,sifflâtes,16,reviewed,
FR,siffler,Indicatif,Passé Simple,ils (elles),sifflèrent,16,reviewed,
FR,siffler,Subjonctif,Subjonctif imparfait,je,sifflasse,16,reviewed,
FR,siffler,Subjonctif,Subjonctif imparfait,tu,sifflasses,16,reviewed,
FR,siffler,Subjonctif,Subjonctif imparfait,"il (elle, on)",sifflât,16,reviewed,
FR,siffler,Subjonctif,Subjonctif imparfait,nous,sifflassions,16,reviewed,
FR,siffler,Subjonctif,Subjonctif imparfait,vous,sifflassiez,16,reviewed,
FR,siffler,Subjonctif,Subjonctif imparfait,ils (elles),sifflassent,16,reviewed,
FR,accumuler,Indicatif,Présent,je,accumule,16,reviewed,
FR,accumuler,Indicatif,Présent,tu,accumules,16,reviewed,
FR,accumuler,Indicatif,Présent,"il (elle, on)",accumule,16,reviewed,
FR,accumuler,Indicatif,Présent,nous,accumulons,16,reviewed,
FR,accumuler,Indicatif,Présent,vous,accumulez,16,reviewed,
FR,accumuler,Indicatif,Présent,ils (elles),accumulent,16,reviewed,
FR,accumuler,Indicatif,Futur,je,accumulerai,16,reviewed,
FR,accumuler,Indicatif,Futur,tu,accumuleras,16,reviewed,
FR,accumuler,Indicatif,Futur,"il (elle, on)",accumulera,16,reviewed,
FR,accumuler,Indicatif,Futur,nous,accumulerons,16,reviewed,
FR,accumuler,Indicatif,Futur,vous,accumulerez,16,reviewed,
FR,accumuler,Indicatif,Futur,ils (elles),accumuleront,16,reviewed,
FR,accumuler,Indicatif,Passé composé,je,ai accumulé,16,reviewed,
FR,accumuler,Indicatif,Passé composé,tu,as accumulé,16,reviewed,
FR,accumuler,Indicatif,Passé composé,"il (elle, on)",a accumulé,16,reviewed,
FR,accumuler,Indicatif,Passé composé,nous,avons accumulé,16,reviewed,
FR,accumuler,Indicatif,Passé composé,vous,avez accumulé,16,reviewed,
FR,accumuler,Indicatif,Passé composé,ils (elles),ont accumulé,16,reviewed,
FR,accumuler,Indicatif,Imparfait,je,accumulais,16,reviewed,
FR,accumuler,Indicatif,Imparfait,tu,accumulais,16,reviewed,
FR,accumuler,Indicatif,Imparfait,"il (elle, on)",accumulait,16,reviewed,
FR,accumuler,Indicatif,Imparfait,nous,accumulions,16,reviewed,
FR,accumuler,Indicatif,Imparfait,vous,accumuliez,16,reviewed,
FR,accumuler,Indicatif,Imparfait,ils (elles),accumulaient,16,reviewed,
FR,accumuler,Conditionnel,Conditionnel présent,je,accumulerais,16,reviewed,
FR,accumuler,Conditionnel,Conditionnel présent,tu,accumulerais,16,reviewed,
FR,accumuler,Conditionnel,Conditionnel présent,"il (elle, on)",accumulerait,16,reviewed,
FR,accumuler,Conditionnel,Conditionnel présent,nous,accumulerions,16,reviewed,
FR,accumuler,Conditionnel,Conditionnel présent,vous,accumuleriez,16,reviewed,
FR,accumuler,Conditionnel,Conditionnel présent,ils (elles),accumuleraient,16,reviewed,
FR,accumuler,Impératif,Impératif,je,-,16,reviewed,French imperative only uses tu / nous / vous; placeholder - used for unsupported slot
FR,accumuler,Impératif,Impératif,tu,accumule,16,reviewed,
FR,accumuler,Impératif,Impératif,"il (elle, on)",-,16,reviewed,French imperative only uses tu / nous / vous; placeholder - used for unsupported slot
FR,accumuler,Impératif,Impératif,nous,accumulons,16,reviewed,
FR,accumuler,Impératif,Impératif,vous,accumulez,16,reviewed,
FR,accumuler,Impératif,Impératif,ils (elles),-,16,reviewed,French imperative only uses tu / nous / vous; placeholder - used for unsupported slot
FR,accumuler,Subjonctif,Subjonctif présent,je,accumule,16,reviewed,
FR,accumuler,Subjonctif,Subjonctif présent,tu,accumules,16,reviewed,
FR,accumuler,Subjonctif,Subjonctif présent,"il (elle, on)",accumule,16,reviewed,
FR,accumuler,Subjonctif,Subjonctif présent,nous,accumulions,16,reviewed,
FR,accumuler,Subjonctif,Subjonctif présent,vous,accumuliez,16,reviewed,
FR,accumuler,Subjonctif,Subjonctif présent,ils (elles),accumulent,16,reviewed,
FR,accumuler,Indicatif,Passé Simple,je,accumulai,16,reviewed,
FR,accumuler,Indicatif,Passé Simple,tu,accumulas,16,reviewed,
FR,accumuler,Indicatif,Passé Simple,"il (elle, on)",accumula,16,reviewed,
FR,accumuler,Indicatif,Passé Simple,nous,accumulâmes,16,reviewed,
FR,accumuler,Indicatif,Passé Simple,vous,accumulâtes,16,reviewed,
FR,accumuler,Indicatif,Passé Simple,ils (elles),accumulèrent,16,reviewed,
FR,accumuler,Subjonctif,Subjonctif imparfait,je,accumulasse,16,reviewed,
FR,accumuler,Subjonctif,Subjonctif imparfait,tu,accumulasses,16,reviewed,
FR,accumuler,Subjonctif,Subjonctif imparfait,"il (elle, on)",accumulât,16,reviewed,
FR,accumuler,Subjonctif,Subjonctif imparfait,nous,accumulassions,16,reviewed,
FR,accumuler,Subjonctif,Subjonctif imparfait,vous,accumulassiez,16,reviewed,
FR,accumuler,Subjonctif,Subjonctif imparfait,ils (elles),accumulassent,16,reviewed,
FR,restituer,Indicatif,Présent,je,restitue,16,reviewed,
FR,restituer,Indicatif,Présent,tu,restitues,16,reviewed,
FR,restituer,Indicatif,Présent,"il (elle, on)",restitue,16,reviewed,
FR,restituer,Indicatif,Présent,nous,restituons,16,reviewed,
FR,restituer,Indicatif,Présent,vous,restituez,16,reviewed,
FR,restituer,Indicatif,Présent,ils (elles),restituent,16,reviewed,
FR,restituer,Indicatif,Futur,je,restituerai,16,reviewed,
FR,restituer,Indicatif,Futur,tu,restitueras,16,reviewed,
FR,restituer,Indicatif,Futur,"il (elle, on)",restituera,16,reviewed,
FR,restituer,Indicatif,Futur,nous,restituerons,16,reviewed,
FR,restituer,Indicatif,Futur,vous,restituerez,16,reviewed,
FR,restituer,Indicatif,Futur,ils (elles),restitueront,16,reviewed,
FR,restituer,Indicatif,Passé composé,je,ai restitué,16,reviewed,
FR,restituer,Indicatif,Passé composé,tu,as restitué,16,reviewed,
FR,restituer,Indicatif,Passé composé,"il (elle, on)",a restitué,16,reviewed,
FR,restituer,Indicatif,Passé composé,nous,avons restitué,16,reviewed,
FR,restituer,Indicatif,Passé composé,vous,avez restitué,16,reviewed,
FR,restituer,Indicatif,Passé composé,ils (elles),ont restitué,16,reviewed,
FR,restituer,Indicatif,Imparfait,je,restituais,16,reviewed,
FR,restituer,Indicatif,Imparfait,tu,restituais,16,reviewed,
FR,restituer,Indicatif,Imparfait,"il (elle, on)",restituait,16,reviewed,
FR,restituer,Indicatif,Imparfait,nous,restituions,16,reviewed,
FR,restituer,Indicatif,Imparfait,vous,restituiez,16,reviewed,
FR,restituer,Indicatif,Imparfait,ils (elles),restituaient,16,reviewed,
FR,restituer,Conditionnel,Conditionnel présent,je,restituerais,16,reviewed,
FR,restituer,Conditionnel,Conditionnel présent,tu,restituerais,16,reviewed,
FR,restituer,Conditionnel,Conditionnel présent,"il (elle, on)",restituerait,16,reviewed,
FR,restituer,Conditionnel,Conditionnel présent,nous,restituerions,16,reviewed,
FR,restituer,Conditionnel,Conditionnel présent,vous,restitueriez,16,reviewed,
FR,restituer,Conditionnel,Conditionnel présent,ils (elles),restitueraient,16,reviewed,
FR,restituer,Impératif,Impératif,je,-,16,reviewed,French imperative only uses tu / nous / vous; placeholder - used for unsupported slot
FR,restituer,Impératif,Impératif,tu,restitue,16,reviewed,
FR,restituer,Impératif,Impératif,"il (elle, on)",-,16,reviewed,French imperative only uses tu / nous / vous; placeholder - used for unsupported slot
FR,restituer,Impératif,Impératif,nous,restituons,16,reviewed,
FR,restituer,Impératif,Impératif,vous,restituez,16,reviewed,
FR,restituer,Impératif,Impératif,ils (elles),-,16,reviewed,French imperative only uses tu / nous / vous; placeholder - used for unsupported slot
FR,restituer,Subjonctif,Subjonctif présent,je,restitue,16,reviewed,
FR,restituer,Subjonctif,Subjonctif présent,tu,restitues,16,reviewed,
FR,restituer,Subjonctif,Subjonctif présent,"il (elle, on)",restitue,16,reviewed,
FR,restituer,Subjonctif,Subjonctif présent,nous,restituions,16,reviewed,
FR,restituer,Subjonctif,Subjonctif présent,vous,restituiez,16,reviewed,
FR,restituer,Subjonctif,Subjonctif présent,ils (elles),restituent,16,reviewed,
FR,restituer,Indicatif,Passé Simple,je,restituai,16,reviewed,
FR,restituer,Indicatif,Passé Simple,tu,restituas,16,reviewed,
FR,restituer,Indicatif,Passé Simple,"il (elle, on)",restitua,16,reviewed,
FR,restituer,Indicatif,Passé Simple,nous,restituâmes,16,reviewed,
FR,restituer,Indicatif,Passé Simple,vous,restituâtes,16,reviewed,
FR,restituer,Indicatif,Passé Simple,ils (elles),restituèrent,16,reviewed,
FR,restituer,Subjonctif,Subjonctif imparfait,je,restituasse,16,reviewed,
FR,restituer,Subjonctif,Subjonctif imparfait,tu,restituasses,16,reviewed,
FR,restituer,Subjonctif,Subjonctif imparfait,"il (elle, on)",restituât,16,reviewed,
FR,restituer,Subjonctif,Subjonctif imparfait,nous,restituassions,16,reviewed,
FR,restituer,Subjonctif,Subjonctif imparfait,vous,restituassiez,16,reviewed,
FR,restituer,Subjonctif,Subjonctif imparfait,ils (elles),restituassent,16,reviewed,
FR,retarder,Indicatif,Présent,je,retarde,16,reviewed,
FR,retarder,Indicatif,Présent,tu,retardes,16,reviewed,
FR,retarder,Indicatif,Présent,"il (elle, on)",retarde,16,reviewed,
FR,retarder,Indicatif,Présent,nous,retardons,16,reviewed,
FR,retarder,Indicatif,Présent,vous,retardez,16,reviewed,
FR,retarder,Indicatif,Présent,ils (elles),retardent,16,reviewed,
FR,retarder,Indicatif,Futur,je,retarderai,16,reviewed,
FR,retarder,Indicatif,Futur,tu,retarderas,16,reviewed,
FR,retarder,Indicatif,Futur,"il (elle, on)",retardera,16,reviewed,
FR,retarder,Indicatif,Futur,nous,retarderons,16,reviewed,
FR,retarder,Indicatif,Futur,vous,retarderez,16,reviewed,
FR,retarder,Indicatif,Futur,ils (elles),retarderont,16,reviewed,
FR,retarder,Indicatif,Passé composé,je,ai retardé,16,reviewed,
FR,retarder,Indicatif,Passé composé,tu,as retardé,16,reviewed,
FR,retarder,Indicatif,Passé composé,"il (elle, on)",a retardé,16,reviewed,
FR,retarder,Indicatif,Passé composé,nous,avons retardé,16,reviewed,
FR,retarder,Indicatif,Passé composé,vous,avez retardé,16,reviewed,
FR,retarder,Indicatif,Passé composé,ils (elles),ont retardé,16,reviewed,
FR,retarder,Indicatif,Imparfait,je,retardais,16,reviewed,
FR,retarder,Indicatif,Imparfait,tu,retardais,16,reviewed,
FR,retarder,Indicatif,Imparfait,"il (elle, on)",retardait,16,reviewed,
FR,retarder,Indicatif,Imparfait,nous,retardions,16,reviewed,
FR,retarder,Indicatif,Imparfait,vous,retardiez,16,reviewed,
FR,retarder,Indicatif,Imparfait,ils (elles),retardaient,16,reviewed,
FR,retarder,Conditionnel,Conditionnel présent,je,retarderais,16,reviewed,
FR,retarder,Conditionnel,Conditionnel présent,tu,retarderais,16,reviewed,
FR,retarder,Conditionnel,Conditionnel présent,"il (elle, on)",retarderait,16,reviewed,
FR,retarder,Conditionnel,Conditionnel présent,nous,retarderions,16,reviewed,
FR,retarder,Conditionnel,Conditionnel présent,vous,retarderiez,16,reviewed,
FR,retarder,Conditionnel,Conditionnel présent,ils (elles),retarderaient,16,reviewed,
FR,retarder,Impératif,Impératif,je,-,16,reviewed,French imperative only uses tu / nous / vous; placeholder - used for unsupported slot
FR,retarder,Impératif,Impératif,tu,retarde,16,reviewed,
FR,retarder,Impératif,Impératif,"il (elle, on)",-,16,reviewed,French imperative only uses tu / nous / vous; placeholder - used for unsupported slot
FR,retarder,Impératif,Impératif,nous,retardons,16,reviewed,
FR,retarder,Impératif,Impératif,vous,retardez,16,reviewed,
FR,retarder,Impératif,Impératif,ils (elles),-,16,reviewed,French imperative only uses tu / nous / vous; placeholder - used for unsupported slot
FR,retarder,Subjonctif,Subjonctif présent,je,retarde,16,reviewed,
FR,retarder,Subjonctif,Subjonctif présent,tu,retardes,16,reviewed,
FR,retarder,Subjonctif,Subjonctif présent,"il (elle, on)",retarde,16,reviewed,
FR,retarder,Subjonctif,Subjonctif présent,nous,retardions,16,reviewed,
FR,retarder,Subjonctif,Subjonctif présent,vous,retardiez,16,reviewed,
FR,retarder,Subjonctif,Subjonctif présent,ils (elles),retardent,16,reviewed,
FR,retarder,Indicatif,Passé Simple,je,retardai,16,reviewed,
FR,retarder,Indicatif,Passé Simple,tu,retardas,16,reviewed,
FR,retarder,Indicatif,Passé Simple,"il (elle, on)",retarda,16,reviewed,
FR,retarder,Indicatif,Passé Simple,nous,retardâmes,16,reviewed,
FR,retarder,Indicatif,Passé Simple,vous,retardâtes,16,reviewed,
FR,retarder,Indicatif,Passé Simple,ils (elles),retardèrent,16,reviewed,
FR,retarder,Subjonctif,Subjonctif imparfait,je,retardasse,16,reviewed,
FR,retarder,Subjonctif,Subjonctif imparfait,tu,retardasses,16,reviewed,
FR,retarder,Subjonctif,Subjonctif imparfait,"il (elle, on)",retardât,16,reviewed,
FR,retarder,Subjonctif,Subjonctif imparfait,nous,retardassions,16,reviewed,
FR,retarder,Subjonctif,Subjonctif imparfait,vous,retardassiez,16,reviewed,
FR,retarder,Subjonctif,Subjonctif imparfait,ils (elles),retardassent,16,reviewed,
FR,décrocher,Indicatif,Présent,je,décroche,16,reviewed,
FR,décrocher,Indicatif,Présent,tu,décroches,16,reviewed,
FR,décrocher,Indicatif,Présent,"il (elle, on)",décroche,16,reviewed,
FR,décrocher,Indicatif,Présent,nous,décrochons,16,reviewed,
FR,décrocher,Indicatif,Présent,vous,décrochez,16,reviewed,
FR,décrocher,Indicatif,Présent,ils (elles),décrochent,16,reviewed,
FR,décrocher,Indicatif,Futur,je,décrocherai,16,reviewed,
FR,décrocher,Indicatif,Futur,tu,décrocheras,16,reviewed,
FR,décrocher,Indicatif,Futur,"il (elle, on)",décrochera,16,reviewed,
FR,décrocher,Indicatif,Futur,nous,décrocherons,16,reviewed,
FR,décrocher,Indicatif,Futur,vous,décrocherez,16,reviewed,
FR,décrocher,Indicatif,Futur,ils (elles),décrocheront,16,reviewed,
FR,décrocher,Indicatif,Passé composé,je,ai décroché,16,reviewed,
FR,décrocher,Indicatif,Passé composé,tu,as décroché,16,reviewed,
FR,décrocher,Indicatif,Passé composé,"il (elle, on)",a décroché,16,reviewed,
FR,décrocher,Indicatif,Passé composé,nous,avons décroché,16,reviewed,
FR,décrocher,Indicatif,Passé composé,vous,avez décroché,16,reviewed,
FR,décrocher,Indicatif,Passé composé,ils (elles),ont décroché,16,reviewed,
FR,décrocher,Indicatif,Imparfait,je,décrochais,16,reviewed,
FR,décrocher,Indicatif,Imparfait,tu,décrochais,16,reviewed,
FR,décrocher,Indicatif,Imparfait,"il (elle, on)",décrochait,16,reviewed,
FR,décrocher,Indicatif,Imparfait,nous,décrochions,16,reviewed,
FR,décrocher,Indicatif,Imparfait,vous,décrochiez,16,reviewed,
FR,décrocher,Indicatif,Imparfait,ils (elles),décrochaient,16,reviewed,
FR,décrocher,Conditionnel,Conditionnel présent,je,décrocherais,16,reviewed,
FR,décrocher,Conditionnel,Conditionnel présent,tu,décrocherais,16,reviewed,
FR,décrocher,Conditionnel,Conditionnel présent,"il (elle, on)",décrocherait,16,reviewed,
FR,décrocher,Conditionnel,Conditionnel présent,nous,décrocherions,16,reviewed,
FR,décrocher,Conditionnel,Conditionnel présent,vous,décrocheriez,16,reviewed,
FR,décrocher,Conditionnel,Conditionnel présent,ils (elles),décrocheraient,16,reviewed,
FR,décrocher,Impératif,Impératif,je,-,16,reviewed,French imperative only uses tu / nous / vous; placeholder - used for unsupported slot
FR,décrocher,Impératif,Impératif,tu,décroche,16,reviewed,
FR,décrocher,Impératif,Impératif,"il (elle, on)",-,16,reviewed,French imperative only uses tu / nous / vous; placeholder - used for unsupported slot
FR,décrocher,Impératif,Impératif,nous,décrochons,16,reviewed,
FR,décrocher,Impératif,Impératif,vous,décrochez,16,reviewed,
FR,décrocher,Impératif,Impératif,ils (elles),-,16,reviewed,French imperative only uses tu / nous / vous; placeholder - used for unsupported slot
FR,décrocher,Subjonctif,Subjonctif présent,je,décroche,16,reviewed,
FR,décrocher,Subjonctif,Subjonctif présent,tu,décroches,16,reviewed,
FR,décrocher,Subjonctif,Subjonctif présent,"il (elle, on)",décroche,16,reviewed,
FR,décrocher,Subjonctif,Subjonctif présent,nous,décrochions,16,reviewed,
FR,décrocher,Subjonctif,Subjonctif présent,vous,décrochiez,16,reviewed,
FR,décrocher,Subjonctif,Subjonctif présent,ils (elles),décrochent,16,reviewed,
FR,décrocher,Indicatif,Passé Simple,je,décrochai,16,reviewed,
FR,décrocher,Indicatif,Passé Simple,tu,décrochas,16,reviewed,
FR,décrocher,Indicatif,Passé Simple,"il (elle, on)",décrocha,16,reviewed,
FR,décrocher,Indicatif,Passé Simple,nous,décrochâmes,16,reviewed,
FR,décrocher,Indicatif,Passé Simple,vous,décrochâtes,16,reviewed,
FR,décrocher,Indicatif,Passé Simple,ils (elles),décrochèrent,16,reviewed,
FR,décrocher,Subjonctif,Subjonctif imparfait,je,décrochasse,16,reviewed,
FR,décrocher,Subjonctif,Subjonctif imparfait,tu,décrochasses,16,reviewed,
FR,décrocher,Subjonctif,Subjonctif imparfait,"il (elle, on)",décrochât,16,reviewed,
FR,décrocher,Subjonctif,Subjonctif imparfait,nous,décrochassions,16,reviewed,
FR,décrocher,Subjonctif,Subjonctif imparfait,vous,décrochassiez,16,reviewed,
FR,décrocher,Subjonctif,Subjonctif imparfait,ils (elles),décrochassent,16,reviewed,
FR,redouter,Indicatif,Présent,je,redoute,16,reviewed,
FR,redouter,Indicatif,Présent,tu,redoutes,16,reviewed,
FR,redouter,Indicatif,Présent,"il (elle, on)",redoute,16,reviewed,
FR,redouter,Indicatif,Présent,nous,redoutons,16,reviewed,
FR,redouter,Indicatif,Présent,vous,redoutez,16,reviewed,
FR,redouter,Indicatif,Présent,ils (elles),redoutent,16,reviewed,
FR,redouter,Indicatif,Futur,je,redouterai,16,reviewed,
FR,redouter,Indicatif,Futur,tu,redouteras,16,reviewed,
FR,redouter,Indicatif,Futur,"il (elle, on)",redoutera,16,reviewed,
FR,redouter,Indicatif,Futur,nous,redouterons,16,reviewed,
FR,redouter,Indicatif,Futur,vous,redouterez,16,reviewed,
FR,redouter,Indicatif,Futur,ils (elles),redouteront,16,reviewed,
FR,redouter,Indicatif,Passé composé,je,ai redouté,16,reviewed,
FR,redouter,Indicatif,Passé composé,tu,as redouté,16,reviewed,
FR,redouter,Indicatif,Passé composé,"il (elle, on)",a redouté,16,reviewed,
FR,redouter,Indicatif,Passé composé,nous,avons redouté,16,reviewed,
FR,redouter,Indicatif,Passé composé,vous,avez redouté,16,reviewed,
FR,redouter,Indicatif,Passé composé,ils (elles),ont redouté,16,reviewed,
FR,redouter,Indicatif,Imparfait,je,redoutais,16,reviewed,
FR,redouter,Indicatif,Imparfait,tu,redoutais,16,reviewed,
FR,redouter,Indicatif,Imparfait,"il (elle, on)",redoutait,16,reviewed,
FR,redouter,Indicatif,Imparfait,nous,redoutions,16,reviewed,
FR,redouter,Indicatif,Imparfait,vous,redoutiez,16,reviewed,
FR,redouter,Indicatif,Imparfait,ils (elles),redoutaient,16,reviewed,
FR,redouter,Conditionnel,Conditionnel présent,je,redouterais,16,reviewed,
FR,redouter,Conditionnel,Conditionnel présent,tu,redouterais,16,reviewed,
FR,redouter,Conditionnel,Conditionnel présent,"il (elle, on)",redouterait,16,reviewed,
FR,redouter,Conditionnel,Conditionnel présent,nous,redouterions,16,reviewed,
FR,redouter,Conditionnel,Conditionnel présent,vous,redouteriez,16,reviewed,
FR,redouter,Conditionnel,Conditionnel présent,ils (elles),redouteraient,16,reviewed,
FR,redouter,Impératif,Impératif,je,-,16,reviewed,French imperative only uses tu / nous / vous; placeholder - used for unsupported slot
FR,redouter,Impératif,Impératif,tu,redoute,16,reviewed,
FR,redouter,Impératif,Impératif,"il (elle, on)",-,16,reviewed,French imperative only uses tu / nous / vous; placeholder - used for unsupported slot
FR,redouter,Impératif,Impératif,nous,redoutons,16,reviewed,
FR,redouter,Impératif,Impératif,vous,redoutez,16,reviewed,
FR,redouter,Impératif,Impératif,ils (elles),-,16,reviewed,French imperative only uses tu / nous / vous; placeholder - used for unsupported slot
FR,redouter,Subjonctif,Subjonctif présent,je,redoute,16,reviewed,
FR,redouter,Subjonctif,Subjonctif présent,tu,redoutes,16,reviewed,
FR,redouter,Subjonctif,Subjonctif présent,"il (elle, on)",redoute,16,reviewed,
FR,redouter,Subjonctif,Subjonctif présent,nous,redoutions,16,reviewed,
FR,redouter,Subjonctif,Subjonctif présent,vous,redoutiez,16,reviewed,
FR,redouter,Subjonctif,Subjonctif présent,ils (elles),redoutent,16,reviewed,
FR,redouter,Indicatif,Passé Simple,je,redoutai,16,reviewed,
FR,redouter,Indicatif,Passé Simple,tu,redoutas,16,reviewed,
FR,redouter,Indicatif,Passé Simple,"il (elle, on)",redouta,16,reviewed,
FR,redouter,Indicatif,Passé Simple,nous,redoutâmes,16,reviewed,
FR,redouter,Indicatif,Passé Simple,vous,redoutâtes,16,reviewed,
FR,redouter,Indicatif,Passé Simple,ils (elles),redoutèrent,16,reviewed,
FR,redouter,Subjonctif,Subjonctif imparfait,je,redoutasse,16,reviewed,
FR,redouter,Subjonctif,Subjonctif imparfait,tu,redoutasses,16,reviewed,
FR,redouter,Subjonctif,Subjonctif imparfait,"il (elle, on)",redoutât,16,reviewed,
FR,redouter,Subjonctif,Subjonctif imparfait,nous,redoutassions,16,reviewed,
FR,redouter,Subjonctif,Subjonctif imparfait,vous,redoutassiez,16,reviewed,
FR,redouter,Subjonctif,Subjonctif imparfait,ils (elles),redoutassent,16,reviewed,
FR,s'attarder,Indicatif,Présent,je,m'attarde,16,reviewed,pronominal paradigm manually normalized; imperative clitics and passé composé agreement curated; QA recommended
FR,s'attarder,Indicatif,Présent,tu,t'attardes,16,reviewed,pronominal paradigm manually normalized; imperative clitics and passé composé agreement curated; QA recommended
FR,s'attarder,Indicatif,Présent,"il (elle, on)",s'attarde,16,reviewed,pronominal paradigm manually normalized; imperative clitics and passé composé agreement curated; QA recommended
FR,s'attarder,Indicatif,Présent,nous,nous attardons,16,reviewed,pronominal paradigm manually normalized; imperative clitics and passé composé agreement curated; QA recommended
FR,s'attarder,Indicatif,Présent,vous,vous attardez,16,reviewed,pronominal paradigm manually normalized; imperative clitics and passé composé agreement curated; QA recommended
FR,s'attarder,Indicatif,Présent,ils (elles),s'attardent,16,reviewed,pronominal paradigm manually normalized; imperative clitics and passé composé agreement curated; QA recommended
FR,s'attarder,Indicatif,Futur,je,m'attarderai,16,reviewed,pronominal paradigm manually normalized; imperative clitics and passé composé agreement curated; QA recommended
FR,s'attarder,Indicatif,Futur,tu,t'attarderas,16,reviewed,pronominal paradigm manually normalized; imperative clitics and passé composé agreement curated; QA recommended
FR,s'attarder,Indicatif,Futur,"il (elle, on)",s'attardera,16,reviewed,pronominal paradigm manually normalized; imperative clitics and passé composé agreement curated; QA recommended
FR,s'attarder,Indicatif,Futur,nous,nous attarderons,16,reviewed,pronominal paradigm manually normalized; imperative clitics and passé composé agreement curated; QA recommended
FR,s'attarder,Indicatif,Futur,vous,vous attarderez,16,reviewed,pronominal paradigm manually normalized; imperative clitics and passé composé agreement curated; QA recommended
FR,s'attarder,Indicatif,Futur,ils (elles),s'attarderont,16,reviewed,pronominal paradigm manually normalized; imperative clitics and passé composé agreement curated; QA recommended
FR,s'attarder,Indicatif,Passé composé,je,me suis attardé(e),16,reviewed,pronominal paradigm manually normalized; imperative clitics and passé composé agreement curated; QA recommended
FR,s'attarder,Indicatif,Passé composé,tu,t'es attardé(e),16,reviewed,pronominal paradigm manually normalized; imperative clitics and passé composé agreement curated; QA recommended
FR,s'attarder,Indicatif,Passé composé,"il (elle, on)",s'est attardé(e),16,reviewed,pronominal paradigm manually normalized; imperative clitics and passé composé agreement curated; QA recommended
FR,s'attarder,Indicatif,Passé composé,nous,nous sommes attardé(e)s,16,reviewed,pronominal paradigm manually normalized; imperative clitics and passé composé agreement curated; QA recommended
FR,s'attarder,Indicatif,Passé composé,vous,vous êtes attardé(e)(s),16,reviewed,pronominal paradigm manually normalized; imperative clitics and passé composé agreement curated; QA recommended
FR,s'attarder,Indicatif,Passé composé,ils (elles),se sont attardé(e)s,16,reviewed,pronominal paradigm manually normalized; imperative clitics and passé composé agreement curated; QA recommended
FR,s'attarder,Indicatif,Imparfait,je,m'attardais,16,reviewed,pronominal paradigm manually normalized; imperative clitics and passé composé agreement curated; QA recommended
FR,s'attarder,Indicatif,Imparfait,tu,t'attardais,16,reviewed,pronominal paradigm manually normalized; imperative clitics and passé composé agreement curated; QA recommended
FR,s'attarder,Indicatif,Imparfait,"il (elle, on)",s'attardait,16,reviewed,pronominal paradigm manually normalized; imperative clitics and passé composé agreement curated; QA recommended
FR,s'attarder,Indicatif,Imparfait,nous,nous attardions,16,reviewed,pronominal paradigm manually normalized; imperative clitics and passé composé agreement curated; QA recommended
FR,s'attarder,Indicatif,Imparfait,vous,vous attardiez,16,reviewed,pronominal paradigm manually normalized; imperative clitics and passé composé agreement curated; QA recommended
FR,s'attarder,Indicatif,Imparfait,ils (elles),s'attardaient,16,reviewed,pronominal paradigm manually normalized; imperative clitics and passé composé agreement curated; QA recommended
FR,s'attarder,Conditionnel,Conditionnel présent,je,m'attarderais,16,reviewed,pronominal paradigm manually normalized; imperative clitics and passé composé agreement curated; QA recommended
FR,s'attarder,Conditionnel,Conditionnel présent,tu,t'attarderais,16,reviewed,pronominal paradigm manually normalized; imperative clitics and passé composé agreement curated; QA recommended
FR,s'attarder,Conditionnel,Conditionnel présent,"il (elle, on)",s'attarderait,16,reviewed,pronominal paradigm manually normalized; imperative clitics and passé composé agreement curated; QA recommended
FR,s'attarder,Conditionnel,Conditionnel présent,nous,nous attarderions,16,reviewed,pronominal paradigm manually normalized; imperative clitics and passé composé agreement curated; QA recommended
FR,s'attarder,Conditionnel,Conditionnel présent,vous,vous attarderiez,16,reviewed,pronominal paradigm manually normalized; imperative clitics and passé composé agreement curated; QA recommended
FR,s'attarder,Conditionnel,Conditionnel présent,ils (elles),s'attarderaient,16,reviewed,pronominal paradigm manually normalized; imperative clitics and passé composé agreement curated; QA recommended
FR,s'attarder,Impératif,Impératif,je,-,16,reviewed,pronominal paradigm manually normalized; imperative clitics and passé composé agreement curated; QA recommended; French imperative only uses tu / nous / vous; placeholder - used for unsupported slot
FR,s'attarder,Impératif,Impératif,tu,attarde-toi,16,reviewed,pronominal paradigm manually normalized; imperative clitics and passé composé agreement curated; QA recommended
FR,s'attarder,Impératif,Impératif,"il (elle, on)",-,16,reviewed,pronominal paradigm manually normalized; imperative clitics and passé composé agreement curated; QA recommended; French imperative only uses tu / nous / vous; placeholder - used for unsupported slot
FR,s'attarder,Impératif,Impératif,nous,attardons-nous,16,reviewed,pronominal paradigm manually normalized; imperative clitics and passé composé agreement curated; QA recommended
FR,s'attarder,Impératif,Impératif,vous,attardez-vous,16,reviewed,pronominal paradigm manually normalized; imperative clitics and passé composé agreement curated; QA recommended
FR,s'attarder,Impératif,Impératif,ils (elles),-,16,reviewed,pronominal paradigm manually normalized; imperative clitics and passé composé agreement curated; QA recommended; French imperative only uses tu / nous / vous; placeholder - used for unsupported slot
FR,s'attarder,Subjonctif,Subjonctif présent,je,m'attarde,16,reviewed,pronominal paradigm manually normalized; imperative clitics and passé composé agreement curated; QA recommended
FR,s'attarder,Subjonctif,Subjonctif présent,tu,t'attardes,16,reviewed,pronominal paradigm manually normalized; imperative clitics and passé composé agreement curated; QA recommended
FR,s'attarder,Subjonctif,Subjonctif présent,"il (elle, on)",s'attarde,16,reviewed,pronominal paradigm manually normalized; imperative clitics and passé composé agreement curated; QA recommended
FR,s'attarder,Subjonctif,Subjonctif présent,nous,nous attardions,16,reviewed,pronominal paradigm manually normalized; imperative clitics and passé composé agreement curated; QA recommended
FR,s'attarder,Subjonctif,Subjonctif présent,vous,vous attardiez,16,reviewed,pronominal paradigm manually normalized; imperative clitics and passé composé agreement curated; QA recommended
FR,s'attarder,Subjonctif,Subjonctif présent,ils (elles),s'attardent,16,reviewed,pronominal paradigm manually normalized; imperative clitics and passé composé agreement curated; QA recommended
FR,s'attarder,Indicatif,Passé Simple,je,m'attardai,16,reviewed,pronominal paradigm manually normalized; imperative clitics and passé composé agreement curated; QA recommended
FR,s'attarder,Indicatif,Passé Simple,tu,t'attardas,16,reviewed,pronominal paradigm manually normalized; imperative clitics and passé composé agreement curated; QA recommended
FR,s'attarder,Indicatif,Passé Simple,"il (elle, on)",s'attarda,16,reviewed,pronominal paradigm manually normalized; imperative clitics and passé composé agreement curated; QA recommended
FR,s'attarder,Indicatif,Passé Simple,nous,nous attardâmes,16,reviewed,pronominal paradigm manually normalized; imperative clitics and passé composé agreement curated; QA recommended
FR,s'attarder,Indicatif,Passé Simple,vous,vous attardâtes,16,reviewed,pronominal paradigm manually normalized; imperative clitics and passé composé agreement curated; QA recommended
FR,s'attarder,Indicatif,Passé Simple,ils (elles),s'attardèrent,16,reviewed,pronominal paradigm manually normalized; imperative clitics and passé composé agreement curated; QA recommended
FR,s'attarder,Subjonctif,Subjonctif imparfait,je,m'attardasse,16,reviewed,pronominal paradigm manually normalized; imperative clitics and passé composé agreement curated; QA recommended
FR,s'attarder,Subjonctif,Subjonctif imparfait,tu,t'attardasses,16,reviewed,pronominal paradigm manually normalized; imperative clitics and passé composé agreement curated; QA recommended
FR,s'attarder,Subjonctif,Subjonctif imparfait,"il (elle, on)",s'attardât,16,reviewed,pronominal paradigm manually normalized; imperative clitics and passé composé agreement curated; QA recommended
FR,s'attarder,Subjonctif,Subjonctif imparfait,nous,nous attardassions,16,reviewed,pronominal paradigm manually normalized; imperative clitics and passé composé agreement curated; QA recommended
FR,s'attarder,Subjonctif,Subjonctif imparfait,vous,vous attardassiez,16,reviewed,pronominal paradigm manually normalized; imperative clitics and passé composé agreement curated; QA recommended
FR,s'attarder,Subjonctif,Subjonctif imparfait,ils (elles),s'attardassent,16,reviewed,pronominal paradigm manually normalized; imperative clitics and passé composé agreement curated; QA recommended
FR,influencer,Indicatif,Présent,je,influence,16,reviewed,
FR,influencer,Indicatif,Présent,tu,influences,16,reviewed,
FR,influencer,Indicatif,Présent,"il (elle, on)",influence,16,reviewed,
FR,influencer,Indicatif,Présent,nous,influençons,16,reviewed,
FR,influencer,Indicatif,Présent,vous,influencez,16,reviewed,
FR,influencer,Indicatif,Présent,ils (elles),influencent,16,reviewed,
FR,influencer,Indicatif,Futur,je,influencerai,16,reviewed,
FR,influencer,Indicatif,Futur,tu,influenceras,16,reviewed,
FR,influencer,Indicatif,Futur,"il (elle, on)",influencera,16,reviewed,
FR,influencer,Indicatif,Futur,nous,influencerons,16,reviewed,
FR,influencer,Indicatif,Futur,vous,influencerez,16,reviewed,
FR,influencer,Indicatif,Futur,ils (elles),influenceront,16,reviewed,
FR,influencer,Indicatif,Passé composé,je,ai influencé,16,reviewed,
FR,influencer,Indicatif,Passé composé,tu,as influencé,16,reviewed,
FR,influencer,Indicatif,Passé composé,"il (elle, on)",a influencé,16,reviewed,
FR,influencer,Indicatif,Passé composé,nous,avons influencé,16,reviewed,
FR,influencer,Indicatif,Passé composé,vous,avez influencé,16,reviewed,
FR,influencer,Indicatif,Passé composé,ils (elles),ont influencé,16,reviewed,
FR,influencer,Indicatif,Imparfait,je,influençais,16,reviewed,
FR,influencer,Indicatif,Imparfait,tu,influençais,16,reviewed,
FR,influencer,Indicatif,Imparfait,"il (elle, on)",influençait,16,reviewed,
FR,influencer,Indicatif,Imparfait,nous,influencions,16,reviewed,
FR,influencer,Indicatif,Imparfait,vous,influenciez,16,reviewed,
FR,influencer,Indicatif,Imparfait,ils (elles),influençaient,16,reviewed,
FR,influencer,Conditionnel,Conditionnel présent,je,influencerais,16,reviewed,
FR,influencer,Conditionnel,Conditionnel présent,tu,influencerais,16,reviewed,
FR,influencer,Conditionnel,Conditionnel présent,"il (elle, on)",influencerait,16,reviewed,
FR,influencer,Conditionnel,Conditionnel présent,nous,influencerions,16,reviewed,
FR,influencer,Conditionnel,Conditionnel présent,vous,influenceriez,16,reviewed,
FR,influencer,Conditionnel,Conditionnel présent,ils (elles),influenceraient,16,reviewed,
FR,influencer,Impératif,Impératif,je,-,16,reviewed,French imperative only uses tu / nous / vous; placeholder - used for unsupported slot
FR,influencer,Impératif,Impératif,tu,influence,16,reviewed,
FR,influencer,Impératif,Impératif,"il (elle, on)",-,16,reviewed,French imperative only uses tu / nous / vous; placeholder - used for unsupported slot
FR,influencer,Impératif,Impératif,nous,influençons,16,reviewed,
FR,influencer,Impératif,Impératif,vous,influencez,16,reviewed,
FR,influencer,Impératif,Impératif,ils (elles),-,16,reviewed,French imperative only uses tu / nous / vous; placeholder - used for unsupported slot
FR,influencer,Subjonctif,Subjonctif présent,je,influence,16,reviewed,
FR,influencer,Subjonctif,Subjonctif présent,tu,influences,16,reviewed,
FR,influencer,Subjonctif,Subjonctif présent,"il (elle, on)",influence,16,reviewed,
FR,influencer,Subjonctif,Subjonctif présent,nous,influencions,16,reviewed,
FR,influencer,Subjonctif,Subjonctif présent,vous,influenciez,16,reviewed,
FR,influencer,Subjonctif,Subjonctif présent,ils (elles),influencent,16,reviewed,
FR,influencer,Indicatif,Passé Simple,je,influençai,16,reviewed,
FR,influencer,Indicatif,Passé Simple,tu,influenças,16,reviewed,
FR,influencer,Indicatif,Passé Simple,"il (elle, on)",influença,16,reviewed,
FR,influencer,Indicatif,Passé Simple,nous,influençâmes,16,reviewed,
FR,influencer,Indicatif,Passé Simple,vous,influençâtes,16,reviewed,
FR,influencer,Indicatif,Passé Simple,ils (elles),influencèrent,16,reviewed,
FR,influencer,Subjonctif,Subjonctif imparfait,je,influençasse,16,reviewed,
FR,influencer,Subjonctif,Subjonctif imparfait,tu,influençasses,16,reviewed,
FR,influencer,Subjonctif,Subjonctif imparfait,"il (elle, on)",influençât,16,reviewed,
FR,influencer,Subjonctif,Subjonctif imparfait,nous,influençassions,16,reviewed,
FR,influencer,Subjonctif,Subjonctif imparfait,vous,influençassiez,16,reviewed,
FR,influencer,Subjonctif,Subjonctif imparfait,ils (elles),influençassent,16,reviewed,
FR,généraliser,Indicatif,Présent,je,généralise,16,reviewed,
FR,généraliser,Indicatif,Présent,tu,généralises,16,reviewed,
FR,généraliser,Indicatif,Présent,"il (elle, on)",généralise,16,reviewed,
FR,généraliser,Indicatif,Présent,nous,généralisons,16,reviewed,
FR,généraliser,Indicatif,Présent,vous,généralisez,16,reviewed,
FR,généraliser,Indicatif,Présent,ils (elles),généralisent,16,reviewed,
FR,généraliser,Indicatif,Futur,je,généraliserai,16,reviewed,
FR,généraliser,Indicatif,Futur,tu,généraliseras,16,reviewed,
FR,généraliser,Indicatif,Futur,"il (elle, on)",généralisera,16,reviewed,
FR,généraliser,Indicatif,Futur,nous,généraliserons,16,reviewed,
FR,généraliser,Indicatif,Futur,vous,généraliserez,16,reviewed,
FR,généraliser,Indicatif,Futur,ils (elles),généraliseront,16,reviewed,
FR,généraliser,Indicatif,Passé composé,je,ai généralisé,16,reviewed,
FR,généraliser,Indicatif,Passé composé,tu,as généralisé,16,reviewed,
FR,généraliser,Indicatif,Passé composé,"il (elle, on)",a généralisé,16,reviewed,
FR,généraliser,Indicatif,Passé composé,nous,avons généralisé,16,reviewed,
FR,généraliser,Indicatif,Passé composé,vous,avez généralisé,16,reviewed,
FR,généraliser,Indicatif,Passé composé,ils (elles),ont généralisé,16,reviewed,
FR,généraliser,Indicatif,Imparfait,je,généralisais,16,reviewed,
FR,généraliser,Indicatif,Imparfait,tu,généralisais,16,reviewed,
FR,généraliser,Indicatif,Imparfait,"il (elle, on)",généralisait,16,reviewed,
FR,généraliser,Indicatif,Imparfait,nous,généralisions,16,reviewed,
FR,généraliser,Indicatif,Imparfait,vous,généralisiez,16,reviewed,
FR,généraliser,Indicatif,Imparfait,ils (elles),généralisaient,16,reviewed,
FR,généraliser,Conditionnel,Conditionnel présent,je,généraliserais,16,reviewed,
FR,généraliser,Conditionnel,Conditionnel présent,tu,généraliserais,16,reviewed,
FR,généraliser,Conditionnel,Conditionnel présent,"il (elle, on)",généraliserait,16,reviewed,
FR,généraliser,Conditionnel,Conditionnel présent,nous,généraliserions,16,reviewed,
FR,généraliser,Conditionnel,Conditionnel présent,vous,généraliseriez,16,reviewed,
FR,généraliser,Conditionnel,Conditionnel présent,ils (elles),généraliseraient,16,reviewed,
FR,généraliser,Impératif,Impératif,je,-,16,reviewed,French imperative only uses tu / nous / vous; placeholder - used for unsupported slot
FR,généraliser,Impératif,Impératif,tu,généralise,16,reviewed,
FR,généraliser,Impératif,Impératif,"il (elle, on)",-,16,reviewed,French imperative only uses tu / nous / vous; placeholder - used for unsupported slot
FR,généraliser,Impératif,Impératif,nous,généralisons,16,reviewed,
FR,généraliser,Impératif,Impératif,vous,généralisez,16,reviewed,
FR,généraliser,Impératif,Impératif,ils (elles),-,16,reviewed,French imperative only uses tu / nous / vous; placeholder - used for unsupported slot
FR,généraliser,Subjonctif,Subjonctif présent,je,généralise,16,reviewed,
FR,généraliser,Subjonctif,Subjonctif présent,tu,généralises,16,reviewed,
FR,généraliser,Subjonctif,Subjonctif présent,"il (elle, on)",généralise,16,reviewed,
FR,généraliser,Subjonctif,Subjonctif présent,nous,généralisions,16,reviewed,
FR,généraliser,Subjonctif,Subjonctif présent,vous,généralisiez,16,reviewed,
FR,généraliser,Subjonctif,Subjonctif présent,ils (elles),généralisent,16,reviewed,
FR,généraliser,Indicatif,Passé Simple,je,généralisai,16,reviewed,
FR,généraliser,Indicatif,Passé Simple,tu,généralisas,16,reviewed,
FR,généraliser,Indicatif,Passé Simple,"il (elle, on)",généralisa,16,reviewed,
FR,généraliser,Indicatif,Passé Simple,nous,généralisâmes,16,reviewed,
FR,généraliser,Indicatif,Passé Simple,vous,généralisâtes,16,reviewed,
FR,généraliser,Indicatif,Passé Simple,ils (elles),généralisèrent,16,reviewed,
FR,généraliser,Subjonctif,Subjonctif imparfait,je,généralisasse,16,reviewed,
FR,généraliser,Subjonctif,Subjonctif imparfait,tu,généralisasses,16,reviewed,
FR,généraliser,Subjonctif,Subjonctif imparfait,"il (elle, on)",généralisât,16,reviewed,
FR,généraliser,Subjonctif,Subjonctif imparfait,nous,généralisassions,16,reviewed,
FR,généraliser,Subjonctif,Subjonctif imparfait,vous,généralisassiez,16,reviewed,
FR,généraliser,Subjonctif,Subjonctif imparfait,ils (elles),généralisassent,16,reviewed,
FR,entamer,Indicatif,Présent,je,entame,16,reviewed,
FR,entamer,Indicatif,Présent,tu,entames,16,reviewed,
FR,entamer,Indicatif,Présent,"il (elle, on)",entame,16,reviewed,
FR,entamer,Indicatif,Présent,nous,entamons,16,reviewed,
FR,entamer,Indicatif,Présent,vous,entamez,16,reviewed,
FR,entamer,Indicatif,Présent,ils (elles),entament,16,reviewed,
FR,entamer,Indicatif,Futur,je,entamerai,16,reviewed,
FR,entamer,Indicatif,Futur,tu,entameras,16,reviewed,
FR,entamer,Indicatif,Futur,"il (elle, on)",entamera,16,reviewed,
FR,entamer,Indicatif,Futur,nous,entamerons,16,reviewed,
FR,entamer,Indicatif,Futur,vous,entamerez,16,reviewed,
FR,entamer,Indicatif,Futur,ils (elles),entameront,16,reviewed,
FR,entamer,Indicatif,Passé composé,je,ai entamé,16,reviewed,
FR,entamer,Indicatif,Passé composé,tu,as entamé,16,reviewed,
FR,entamer,Indicatif,Passé composé,"il (elle, on)",a entamé,16,reviewed,
FR,entamer,Indicatif,Passé composé,nous,avons entamé,16,reviewed,
FR,entamer,Indicatif,Passé composé,vous,avez entamé,16,reviewed,
FR,entamer,Indicatif,Passé composé,ils (elles),ont entamé,16,reviewed,
FR,entamer,Indicatif,Imparfait,je,entamais,16,reviewed,
FR,entamer,Indicatif,Imparfait,tu,entamais,16,reviewed,
FR,entamer,Indicatif,Imparfait,"il (elle, on)",entamait,16,reviewed,
FR,entamer,Indicatif,Imparfait,nous,entamions,16,reviewed,
FR,entamer,Indicatif,Imparfait,vous,entamiez,16,reviewed,
FR,entamer,Indicatif,Imparfait,ils (elles),entamaient,16,reviewed,
FR,entamer,Conditionnel,Conditionnel présent,je,entamerais,16,reviewed,
FR,entamer,Conditionnel,Conditionnel présent,tu,entamerais,16,reviewed,
FR,entamer,Conditionnel,Conditionnel présent,"il (elle, on)",entamerait,16,reviewed,
FR,entamer,Conditionnel,Conditionnel présent,nous,entamerions,16,reviewed,
FR,entamer,Conditionnel,Conditionnel présent,vous,entameriez,16,reviewed,
FR,entamer,Conditionnel,Conditionnel présent,ils (elles),entameraient,16,reviewed,
FR,entamer,Impératif,Impératif,je,-,16,reviewed,French imperative only uses tu / nous / vous; placeholder - used for unsupported slot
FR,entamer,Impératif,Impératif,tu,entame,16,reviewed,
FR,entamer,Impératif,Impératif,"il (elle, on)",-,16,reviewed,French imperative only uses tu / nous / vous; placeholder - used for unsupported slot
FR,entamer,Impératif,Impératif,nous,entamons,16,reviewed,
FR,entamer,Impératif,Impératif,vous,entamez,16,reviewed,
FR,entamer,Impératif,Impératif,ils (elles),-,16,reviewed,French imperative only uses tu / nous / vous; placeholder - used for unsupported slot
FR,entamer,Subjonctif,Subjonctif présent,je,entame,16,reviewed,
FR,entamer,Subjonctif,Subjonctif présent,tu,entames,16,reviewed,
FR,entamer,Subjonctif,Subjonctif présent,"il (elle, on)",entame,16,reviewed,
FR,entamer,Subjonctif,Subjonctif présent,nous,entamions,16,reviewed,
FR,entamer,Subjonctif,Subjonctif présent,vous,entamiez,16,reviewed,
FR,entamer,Subjonctif,Subjonctif présent,ils (elles),entament,16,reviewed,
FR,entamer,Indicatif,Passé Simple,je,entamai,16,reviewed,
FR,entamer,Indicatif,Passé Simple,tu,entamas,16,reviewed,
FR,entamer,Indicatif,Passé Simple,"il (elle, on)",entama,16,reviewed,
FR,entamer,Indicatif,Passé Simple,nous,entamâmes,16,reviewed,
FR,entamer,Indicatif,Passé Simple,vous,entamâtes,16,reviewed,
FR,entamer,Indicatif,Passé Simple,ils (elles),entamèrent,16,reviewed,
FR,entamer,Subjonctif,Subjonctif imparfait,je,entamasse,16,reviewed,
FR,entamer,Subjonctif,Subjonctif imparfait,tu,entamasses,16,reviewed,
FR,entamer,Subjonctif,Subjonctif imparfait,"il (elle, on)",entamât,16,reviewed,
FR,entamer,Subjonctif,Subjonctif imparfait,nous,entamassions,16,reviewed,
FR,entamer,Subjonctif,Subjonctif imparfait,vous,entamassiez,16,reviewed,
FR,entamer,Subjonctif,Subjonctif imparfait,ils (elles),entamassent,16,reviewed,
FR,balayer,Indicatif,Présent,je,balaie,16,reviewed,y/i alternation retained; QA recommended
FR,balayer,Indicatif,Présent,tu,balaies,16,reviewed,y/i alternation retained; QA recommended
FR,balayer,Indicatif,Présent,"il (elle, on)",balaie,16,reviewed,y/i alternation retained; QA recommended
FR,balayer,Indicatif,Présent,nous,balayons,16,reviewed,y/i alternation retained; QA recommended
FR,balayer,Indicatif,Présent,vous,balayez,16,reviewed,y/i alternation retained; QA recommended
FR,balayer,Indicatif,Présent,ils (elles),balaient,16,reviewed,y/i alternation retained; QA recommended
FR,balayer,Indicatif,Futur,je,balaierai,16,reviewed,y/i alternation retained; QA recommended
FR,balayer,Indicatif,Futur,tu,balaieras,16,reviewed,y/i alternation retained; QA recommended
FR,balayer,Indicatif,Futur,"il (elle, on)",balaiera,16,reviewed,y/i alternation retained; QA recommended
FR,balayer,Indicatif,Futur,nous,balaierons,16,reviewed,y/i alternation retained; QA recommended
FR,balayer,Indicatif,Futur,vous,balaierez,16,reviewed,y/i alternation retained; QA recommended
FR,balayer,Indicatif,Futur,ils (elles),balaieront,16,reviewed,y/i alternation retained; QA recommended
FR,balayer,Indicatif,Passé composé,je,ai balayé,16,reviewed,y/i alternation retained; QA recommended
FR,balayer,Indicatif,Passé composé,tu,as balayé,16,reviewed,y/i alternation retained; QA recommended
FR,balayer,Indicatif,Passé composé,"il (elle, on)",a balayé,16,reviewed,y/i alternation retained; QA recommended
FR,balayer,Indicatif,Passé composé,nous,avons balayé,16,reviewed,y/i alternation retained; QA recommended
FR,balayer,Indicatif,Passé composé,vous,avez balayé,16,reviewed,y/i alternation retained; QA recommended
FR,balayer,Indicatif,Passé composé,ils (elles),ont balayé,16,reviewed,y/i alternation retained; QA recommended
FR,balayer,Indicatif,Imparfait,je,balayais,16,reviewed,y/i alternation retained; QA recommended
FR,balayer,Indicatif,Imparfait,tu,balayais,16,reviewed,y/i alternation retained; QA recommended
FR,balayer,Indicatif,Imparfait,"il (elle, on)",balayait,16,reviewed,y/i alternation retained; QA recommended
FR,balayer,Indicatif,Imparfait,nous,balayions,16,reviewed,y/i alternation retained; QA recommended
FR,balayer,Indicatif,Imparfait,vous,balayiez,16,reviewed,y/i alternation retained; QA recommended
FR,balayer,Indicatif,Imparfait,ils (elles),balayaient,16,reviewed,y/i alternation retained; QA recommended
FR,balayer,Conditionnel,Conditionnel présent,je,balaierais,16,reviewed,y/i alternation retained; QA recommended
FR,balayer,Conditionnel,Conditionnel présent,tu,balaierais,16,reviewed,y/i alternation retained; QA recommended
FR,balayer,Conditionnel,Conditionnel présent,"il (elle, on)",balaierait,16,reviewed,y/i alternation retained; QA recommended
FR,balayer,Conditionnel,Conditionnel présent,nous,balaierions,16,reviewed,y/i alternation retained; QA recommended
FR,balayer,Conditionnel,Conditionnel présent,vous,balaieriez,16,reviewed,y/i alternation retained; QA recommended
FR,balayer,Conditionnel,Conditionnel présent,ils (elles),balaieraient,16,reviewed,y/i alternation retained; QA recommended
FR,balayer,Impératif,Impératif,je,-,16,reviewed,y/i alternation retained; QA recommended; French imperative only uses tu / nous / vous; placeholder - used for unsupported slot
FR,balayer,Impératif,Impératif,tu,balaie,16,reviewed,y/i alternation retained; QA recommended
FR,balayer,Impératif,Impératif,"il (elle, on)",-,16,reviewed,y/i alternation retained; QA recommended; French imperative only uses tu / nous / vous; placeholder - used for unsupported slot
FR,balayer,Impératif,Impératif,nous,balayons,16,reviewed,y/i alternation retained; QA recommended
FR,balayer,Impératif,Impératif,vous,balayez,16,reviewed,y/i alternation retained; QA recommended
FR,balayer,Impératif,Impératif,ils (elles),-,16,reviewed,y/i alternation retained; QA recommended; French imperative only uses tu / nous / vous; placeholder - used for unsupported slot
FR,balayer,Subjonctif,Subjonctif présent,je,balaie,16,reviewed,y/i alternation retained; QA recommended
FR,balayer,Subjonctif,Subjonctif présent,tu,balaies,16,reviewed,y/i alternation retained; QA recommended
FR,balayer,Subjonctif,Subjonctif présent,"il (elle, on)",balaie,16,reviewed,y/i alternation retained; QA recommended
FR,balayer,Subjonctif,Subjonctif présent,nous,balayions,16,reviewed,y/i alternation retained; QA recommended
FR,balayer,Subjonctif,Subjonctif présent,vous,balayiez,16,reviewed,y/i alternation retained; QA recommended
FR,balayer,Subjonctif,Subjonctif présent,ils (elles),balaient,16,reviewed,y/i alternation retained; QA recommended
FR,balayer,Indicatif,Passé Simple,je,balayai,16,reviewed,y/i alternation retained; QA recommended
FR,balayer,Indicatif,Passé Simple,tu,balayas,16,reviewed,y/i alternation retained; QA recommended
FR,balayer,Indicatif,Passé Simple,"il (elle, on)",balaya,16,reviewed,y/i alternation retained; QA recommended
FR,balayer,Indicatif,Passé Simple,nous,balayâmes,16,reviewed,y/i alternation retained; QA recommended
FR,balayer,Indicatif,Passé Simple,vous,balayâtes,16,reviewed,y/i alternation retained; QA recommended
FR,balayer,Indicatif,Passé Simple,ils (elles),balayèrent,16,reviewed,y/i alternation retained; QA recommended
FR,balayer,Subjonctif,Subjonctif imparfait,je,balayasse,16,reviewed,y/i alternation retained; QA recommended
FR,balayer,Subjonctif,Subjonctif imparfait,tu,balayasses,16,reviewed,y/i alternation retained; QA recommended
FR,balayer,Subjonctif,Subjonctif imparfait,"il (elle, on)",balayât,16,reviewed,y/i alternation retained; QA recommended
FR,balayer,Subjonctif,Subjonctif imparfait,nous,balayassions,16,reviewed,y/i alternation retained; QA recommended
FR,balayer,Subjonctif,Subjonctif imparfait,vous,balayassiez,16,reviewed,y/i alternation retained; QA recommended
FR,balayer,Subjonctif,Subjonctif imparfait,ils (elles),balayassent,16,reviewed,y/i alternation retained; QA recommended
FR,simplifier,Indicatif,Présent,je,simplifie,16,reviewed,
FR,simplifier,Indicatif,Présent,tu,simplifies,16,reviewed,
FR,simplifier,Indicatif,Présent,"il (elle, on)",simplifie,16,reviewed,
FR,simplifier,Indicatif,Présent,nous,simplifions,16,reviewed,
FR,simplifier,Indicatif,Présent,vous,simplifiez,16,reviewed,
FR,simplifier,Indicatif,Présent,ils (elles),simplifient,16,reviewed,
FR,simplifier,Indicatif,Futur,je,simplifierai,16,reviewed,
FR,simplifier,Indicatif,Futur,tu,simplifieras,16,reviewed,
FR,simplifier,Indicatif,Futur,"il (elle, on)",simplifiera,16,reviewed,
FR,simplifier,Indicatif,Futur,nous,simplifierons,16,reviewed,
FR,simplifier,Indicatif,Futur,vous,simplifierez,16,reviewed,
FR,simplifier,Indicatif,Futur,ils (elles),simplifieront,16,reviewed,
FR,simplifier,Indicatif,Passé composé,je,ai simplifié,16,reviewed,
FR,simplifier,Indicatif,Passé composé,tu,as simplifié,16,reviewed,
FR,simplifier,Indicatif,Passé composé,"il (elle, on)",a simplifié,16,reviewed,
FR,simplifier,Indicatif,Passé composé,nous,avons simplifié,16,reviewed,
FR,simplifier,Indicatif,Passé composé,vous,avez simplifié,16,reviewed,
FR,simplifier,Indicatif,Passé composé,ils (elles),ont simplifié,16,reviewed,
FR,simplifier,Indicatif,Imparfait,je,simplifiais,16,reviewed,
FR,simplifier,Indicatif,Imparfait,tu,simplifiais,16,reviewed,
FR,simplifier,Indicatif,Imparfait,"il (elle, on)",simplifiait,16,reviewed,
FR,simplifier,Indicatif,Imparfait,nous,simplifiions,16,reviewed,
FR,simplifier,Indicatif,Imparfait,vous,simplifiiez,16,reviewed,
FR,simplifier,Indicatif,Imparfait,ils (elles),simplifiaient,16,reviewed,
FR,simplifier,Conditionnel,Conditionnel présent,je,simplifierais,16,reviewed,
FR,simplifier,Conditionnel,Conditionnel présent,tu,simplifierais,16,reviewed,
FR,simplifier,Conditionnel,Conditionnel présent,"il (elle, on)",simplifierait,16,reviewed,
FR,simplifier,Conditionnel,Conditionnel présent,nous,simplifierions,16,reviewed,
FR,simplifier,Conditionnel,Conditionnel présent,vous,simplifieriez,16,reviewed,
FR,simplifier,Conditionnel,Conditionnel présent,ils (elles),simplifieraient,16,reviewed,
FR,simplifier,Impératif,Impératif,je,-,16,reviewed,French imperative only uses tu / nous / vous; placeholder - used for unsupported slot
FR,simplifier,Impératif,Impératif,tu,simplifie,16,reviewed,
FR,simplifier,Impératif,Impératif,"il (elle, on)",-,16,reviewed,French imperative only uses tu / nous / vous; placeholder - used for unsupported slot
FR,simplifier,Impératif,Impératif,nous,simplifions,16,reviewed,
FR,simplifier,Impératif,Impératif,vous,simplifiez,16,reviewed,
FR,simplifier,Impératif,Impératif,ils (elles),-,16,reviewed,French imperative only uses tu / nous / vous; placeholder - used for unsupported slot
FR,simplifier,Subjonctif,Subjonctif présent,je,simplifie,16,reviewed,
FR,simplifier,Subjonctif,Subjonctif présent,tu,simplifies,16,reviewed,
FR,simplifier,Subjonctif,Subjonctif présent,"il (elle, on)",simplifie,16,reviewed,
FR,simplifier,Subjonctif,Subjonctif présent,nous,simplifiions,16,reviewed,
FR,simplifier,Subjonctif,Subjonctif présent,vous,simplifiiez,16,reviewed,
FR,simplifier,Subjonctif,Subjonctif présent,ils (elles),simplifient,16,reviewed,
FR,simplifier,Indicatif,Passé Simple,je,simplifiai,16,reviewed,
FR,simplifier,Indicatif,Passé Simple,tu,simplifias,16,reviewed,
FR,simplifier,Indicatif,Passé Simple,"il (elle, on)",simplifia,16,reviewed,
FR,simplifier,Indicatif,Passé Simple,nous,simplifiâmes,16,reviewed,
FR,simplifier,Indicatif,Passé Simple,vous,simplifiâtes,16,reviewed,
FR,simplifier,Indicatif,Passé Simple,ils (elles),simplifièrent,16,reviewed,
FR,simplifier,Subjonctif,Subjonctif imparfait,je,simplifiasse,16,reviewed,
FR,simplifier,Subjonctif,Subjonctif imparfait,tu,simplifiasses,16,reviewed,
FR,simplifier,Subjonctif,Subjonctif imparfait,"il (elle, on)",simplifiât,16,reviewed,
FR,simplifier,Subjonctif,Subjonctif imparfait,nous,simplifiassions,16,reviewed,
FR,simplifier,Subjonctif,Subjonctif imparfait,vous,simplifiassiez,16,reviewed,
FR,simplifier,Subjonctif,Subjonctif imparfait,ils (elles),simplifiassent,16,reviewed,
FR,perfectionner,Indicatif,Présent,je,perfectionne,16,reviewed,
FR,perfectionner,Indicatif,Présent,tu,perfectionnes,16,reviewed,
FR,perfectionner,Indicatif,Présent,"il (elle, on)",perfectionne,16,reviewed,
FR,perfectionner,Indicatif,Présent,nous,perfectionnons,16,reviewed,
FR,perfectionner,Indicatif,Présent,vous,perfectionnez,16,reviewed,
FR,perfectionner,Indicatif,Présent,ils (elles),perfectionnent,16,reviewed,
FR,perfectionner,Indicatif,Futur,je,perfectionnerai,16,reviewed,
FR,perfectionner,Indicatif,Futur,tu,perfectionneras,16,reviewed,
FR,perfectionner,Indicatif,Futur,"il (elle, on)",perfectionnera,16,reviewed,
FR,perfectionner,Indicatif,Futur,nous,perfectionnerons,16,reviewed,
FR,perfectionner,Indicatif,Futur,vous,perfectionnerez,16,reviewed,
FR,perfectionner,Indicatif,Futur,ils (elles),perfectionneront,16,reviewed,
FR,perfectionner,Indicatif,Passé composé,je,ai perfectionné,16,reviewed,
FR,perfectionner,Indicatif,Passé composé,tu,as perfectionné,16,reviewed,
FR,perfectionner,Indicatif,Passé composé,"il (elle, on)",a perfectionné,16,reviewed,
FR,perfectionner,Indicatif,Passé composé,nous,avons perfectionné,16,reviewed,
FR,perfectionner,Indicatif,Passé composé,vous,avez perfectionné,16,reviewed,
FR,perfectionner,Indicatif,Passé composé,ils (elles),ont perfectionné,16,reviewed,
FR,perfectionner,Indicatif,Imparfait,je,perfectionnais,16,reviewed,
FR,perfectionner,Indicatif,Imparfait,tu,perfectionnais,16,reviewed,
FR,perfectionner,Indicatif,Imparfait,"il (elle, on)",perfectionnait,16,reviewed,
FR,perfectionner,Indicatif,Imparfait,nous,perfectionnions,16,reviewed,
FR,perfectionner,Indicatif,Imparfait,vous,perfectionniez,16,reviewed,
FR,perfectionner,Indicatif,Imparfait,ils (elles),perfectionnaient,16,reviewed,
FR,perfectionner,Conditionnel,Conditionnel présent,je,perfectionnerais,16,reviewed,
FR,perfectionner,Conditionnel,Conditionnel présent,tu,perfectionnerais,16,reviewed,
FR,perfectionner,Conditionnel,Conditionnel présent,"il (elle, on)",perfectionnerait,16,reviewed,
FR,perfectionner,Conditionnel,Conditionnel présent,nous,perfectionnerions,16,reviewed,
FR,perfectionner,Conditionnel,Conditionnel présent,vous,perfectionneriez,16,reviewed,
FR,perfectionner,Conditionnel,Conditionnel présent,ils (elles),perfectionneraient,16,reviewed,
FR,perfectionner,Impératif,Impératif,je,-,16,reviewed,French imperative only uses tu / nous / vous; placeholder - used for unsupported slot
FR,perfectionner,Impératif,Impératif,tu,perfectionne,16,reviewed,
FR,perfectionner,Impératif,Impératif,"il (elle, on)",-,16,reviewed,French imperative only uses tu / nous / vous; placeholder - used for unsupported slot
FR,perfectionner,Impératif,Impératif,nous,perfectionnons,16,reviewed,
FR,perfectionner,Impératif,Impératif,vous,perfectionnez,16,reviewed,
FR,perfectionner,Impératif,Impératif,ils (elles),-,16,reviewed,French imperative only uses tu / nous / vous; placeholder - used for unsupported slot
FR,perfectionner,Subjonctif,Subjonctif présent,je,perfectionne,16,reviewed,
FR,perfectionner,Subjonctif,Subjonctif présent,tu,perfectionnes,16,reviewed,
FR,perfectionner,Subjonctif,Subjonctif présent,"il (elle, on)",perfectionne,16,reviewed,
FR,perfectionner,Subjonctif,Subjonctif présent,nous,perfectionnions,16,reviewed,
FR,perfectionner,Subjonctif,Subjonctif présent,vous,perfectionniez,16,reviewed,
FR,perfectionner,Subjonctif,Subjonctif présent,ils (elles),perfectionnent,16,reviewed,
FR,perfectionner,Indicatif,Passé Simple,je,perfectionnai,16,reviewed,
FR,perfectionner,Indicatif,Passé Simple,tu,perfectionnas,16,reviewed,
FR,perfectionner,Indicatif,Passé Simple,"il (elle, on)",perfectionna,16,reviewed,
FR,perfectionner,Indicatif,Passé Simple,nous,perfectionnâmes,16,reviewed,
FR,perfectionner,Indicatif,Passé Simple,vous,perfectionnâtes,16,reviewed,
FR,perfectionner,Indicatif,Passé Simple,ils (elles),perfectionnèrent,16,reviewed,
FR,perfectionner,Subjonctif,Subjonctif imparfait,je,perfectionnasse,16,reviewed,
FR,perfectionner,Subjonctif,Subjonctif imparfait,tu,perfectionnasses,16,reviewed,
FR,perfectionner,Subjonctif,Subjonctif imparfait,"il (elle, on)",perfectionnât,16,reviewed,
FR,perfectionner,Subjonctif,Subjonctif imparfait,nous,perfectionnassions,16,reviewed,
FR,perfectionner,Subjonctif,Subjonctif imparfait,vous,perfectionnassiez,16,reviewed,
FR,perfectionner,Subjonctif,Subjonctif imparfait,ils (elles),perfectionnassent,16,reviewed,
FR,épuiser,Indicatif,Présent,je,épuise,16,reviewed,
FR,épuiser,Indicatif,Présent,tu,épuises,16,reviewed,
FR,épuiser,Indicatif,Présent,"il (elle, on)",épuise,16,reviewed,
FR,épuiser,Indicatif,Présent,nous,épuisons,16,reviewed,
FR,épuiser,Indicatif,Présent,vous,épuisez,16,reviewed,
FR,épuiser,Indicatif,Présent,ils (elles),épuisent,16,reviewed,
FR,épuiser,Indicatif,Futur,je,épuiserai,16,reviewed,
FR,épuiser,Indicatif,Futur,tu,épuiseras,16,reviewed,
FR,épuiser,Indicatif,Futur,"il (elle, on)",épuisera,16,reviewed,
FR,épuiser,Indicatif,Futur,nous,épuiserons,16,reviewed,
FR,épuiser,Indicatif,Futur,vous,épuiserez,16,reviewed,
FR,épuiser,Indicatif,Futur,ils (elles),épuiseront,16,reviewed,
FR,épuiser,Indicatif,Passé composé,je,ai épuisé,16,reviewed,
FR,épuiser,Indicatif,Passé composé,tu,as épuisé,16,reviewed,
FR,épuiser,Indicatif,Passé composé,"il (elle, on)",a épuisé,16,reviewed,
FR,épuiser,Indicatif,Passé composé,nous,avons épuisé,16,reviewed,
FR,épuiser,Indicatif,Passé composé,vous,avez épuisé,16,reviewed,
FR,épuiser,Indicatif,Passé composé,ils (elles),ont épuisé,16,reviewed,
FR,épuiser,Indicatif,Imparfait,je,épuisais,16,reviewed,
FR,épuiser,Indicatif,Imparfait,tu,épuisais,16,reviewed,
FR,épuiser,Indicatif,Imparfait,"il (elle, on)",épuisait,16,reviewed,
FR,épuiser,Indicatif,Imparfait,nous,épuisions,16,reviewed,
FR,épuiser,Indicatif,Imparfait,vous,épuisiez,16,reviewed,
FR,épuiser,Indicatif,Imparfait,ils (elles),épuisaient,16,reviewed,
FR,épuiser,Conditionnel,Conditionnel présent,je,épuiserais,16,reviewed,
FR,épuiser,Conditionnel,Conditionnel présent,tu,épuiserais,16,reviewed,
FR,épuiser,Conditionnel,Conditionnel présent,"il (elle, on)",épuiserait,16,reviewed,
FR,épuiser,Conditionnel,Conditionnel présent,nous,épuiserions,16,reviewed,
FR,épuiser,Conditionnel,Conditionnel présent,vous,épuiseriez,16,reviewed,
FR,épuiser,Conditionnel,Conditionnel présent,ils (elles),épuiseraient,16,reviewed,
FR,épuiser,Impératif,Impératif,je,-,16,reviewed,French imperative only uses tu / nous / vous; placeholder - used for unsupported slot
FR,épuiser,Impératif,Impératif,tu,épuise,16,reviewed,
FR,épuiser,Impératif,Impératif,"il (elle, on)",-,16,reviewed,French imperative only uses tu / nous / vous; placeholder - used for unsupported slot
FR,épuiser,Impératif,Impératif,nous,épuisons,16,reviewed,
FR,épuiser,Impératif,Impératif,vous,épuisez,16,reviewed,
FR,épuiser,Impératif,Impératif,ils (elles),-,16,reviewed,French imperative only uses tu / nous / vous; placeholder - used for unsupported slot
FR,épuiser,Subjonctif,Subjonctif présent,je,épuise,16,reviewed,
FR,épuiser,Subjonctif,Subjonctif présent,tu,épuises,16,reviewed,
FR,épuiser,Subjonctif,Subjonctif présent,"il (elle, on)",épuise,16,reviewed,
FR,épuiser,Subjonctif,Subjonctif présent,nous,épuisions,16,reviewed,
FR,épuiser,Subjonctif,Subjonctif présent,vous,épuisiez,16,reviewed,
FR,épuiser,Subjonctif,Subjonctif présent,ils (elles),épuisent,16,reviewed,
FR,épuiser,Indicatif,Passé Simple,je,épuisai,16,reviewed,
FR,épuiser,Indicatif,Passé Simple,tu,épuisas,16,reviewed,
FR,épuiser,Indicatif,Passé Simple,"il (elle, on)",épuisa,16,reviewed,
FR,épuiser,Indicatif,Passé Simple,nous,épuisâmes,16,reviewed,
FR,épuiser,Indicatif,Passé Simple,vous,épuisâtes,16,reviewed,
FR,épuiser,Indicatif,Passé Simple,ils (elles),épuisèrent,16,reviewed,
FR,épuiser,Subjonctif,Subjonctif imparfait,je,épuisasse,16,reviewed,
FR,épuiser,Subjonctif,Subjonctif imparfait,tu,épuisasses,16,reviewed,
FR,épuiser,Subjonctif,Subjonctif imparfait,"il (elle, on)",épuisât,16,reviewed,
FR,épuiser,Subjonctif,Subjonctif imparfait,nous,épuisassions,16,reviewed,
FR,épuiser,Subjonctif,Subjonctif imparfait,vous,épuisassiez,16,reviewed,
FR,épuiser,Subjonctif,Subjonctif imparfait,ils (elles),épuisassent,16,reviewed,
FR,épanouir,Indicatif,Présent,je,épanouis,16,reviewed,
FR,épanouir,Indicatif,Présent,tu,épanouis,16,reviewed,
FR,épanouir,Indicatif,Présent,"il (elle, on)",épanouit,16,reviewed,
FR,épanouir,Indicatif,Présent,nous,épanouissons,16,reviewed,
FR,épanouir,Indicatif,Présent,vous,épanouissez,16,reviewed,
FR,épanouir,Indicatif,Présent,ils (elles),épanouissent,16,reviewed,
FR,épanouir,Indicatif,Futur,je,épanouirai,16,reviewed,
FR,épanouir,Indicatif,Futur,tu,épanouiras,16,reviewed,
FR,épanouir,Indicatif,Futur,"il (elle, on)",épanouira,16,reviewed,
FR,épanouir,Indicatif,Futur,nous,épanouirons,16,reviewed,
FR,épanouir,Indicatif,Futur,vous,épanouirez,16,reviewed,
FR,épanouir,Indicatif,Futur,ils (elles),épanouiront,16,reviewed,
FR,épanouir,Indicatif,Passé composé,je,ai épanoui,16,reviewed,
FR,épanouir,Indicatif,Passé composé,tu,as épanoui,16,reviewed,
FR,épanouir,Indicatif,Passé composé,"il (elle, on)",a épanoui,16,reviewed,
FR,épanouir,Indicatif,Passé composé,nous,avons épanoui,16,reviewed,
FR,épanouir,Indicatif,Passé composé,vous,avez épanoui,16,reviewed,
FR,épanouir,Indicatif,Passé composé,ils (elles),ont épanoui,16,reviewed,
FR,épanouir,Indicatif,Imparfait,je,épanouissais,16,reviewed,
FR,épanouir,Indicatif,Imparfait,tu,épanouissais,16,reviewed,
FR,épanouir,Indicatif,Imparfait,"il (elle, on)",épanouissait,16,reviewed,
FR,épanouir,Indicatif,Imparfait,nous,épanouissions,16,reviewed,
FR,épanouir,Indicatif,Imparfait,vous,épanouissiez,16,reviewed,
FR,épanouir,Indicatif,Imparfait,ils (elles),épanouissaient,16,reviewed,
FR,épanouir,Conditionnel,Conditionnel présent,je,épanouirais,16,reviewed,
FR,épanouir,Conditionnel,Conditionnel présent,tu,épanouirais,16,reviewed,
FR,épanouir,Conditionnel,Conditionnel présent,"il (elle, on)",épanouirait,16,reviewed,
FR,épanouir,Conditionnel,Conditionnel présent,nous,épanouirions,16,reviewed,
FR,épanouir,Conditionnel,Conditionnel présent,vous,épanouiriez,16,reviewed,
FR,épanouir,Conditionnel,Conditionnel présent,ils (elles),épanouiraient,16,reviewed,
FR,épanouir,Impératif,Impératif,je,-,16,reviewed,French imperative only uses tu / nous / vous; placeholder - used for unsupported slot
FR,épanouir,Impératif,Impératif,tu,épanouis,16,reviewed,
FR,épanouir,Impératif,Impératif,"il (elle, on)",-,16,reviewed,French imperative only uses tu / nous / vous; placeholder - used for unsupported slot
FR,épanouir,Impératif,Impératif,nous,épanouissons,16,reviewed,
FR,épanouir,Impératif,Impératif,vous,épanouissez,16,reviewed,
FR,épanouir,Impératif,Impératif,ils (elles),-,16,reviewed,French imperative only uses tu / nous / vous; placeholder - used for unsupported slot
FR,épanouir,Subjonctif,Subjonctif présent,je,épanouisse,16,reviewed,
FR,épanouir,Subjonctif,Subjonctif présent,tu,épanouisses,16,reviewed,
FR,épanouir,Subjonctif,Subjonctif présent,"il (elle, on)",épanouisse,16,reviewed,
FR,épanouir,Subjonctif,Subjonctif présent,nous,épanouissions,16,reviewed,
FR,épanouir,Subjonctif,Subjonctif présent,vous,épanouissiez,16,reviewed,
FR,épanouir,Subjonctif,Subjonctif présent,ils (elles),épanouissent,16,reviewed,
FR,épanouir,Indicatif,Passé Simple,je,épanouis,16,reviewed,
FR,épanouir,Indicatif,Passé Simple,tu,épanouis,16,reviewed,
FR,épanouir,Indicatif,Passé Simple,"il (elle, on)",épanouit,16,reviewed,
FR,épanouir,Indicatif,Passé Simple,nous,épanouîmes,16,reviewed,
FR,épanouir,Indicatif,Passé Simple,vous,épanouîtes,16,reviewed,
FR,épanouir,Indicatif,Passé Simple,ils (elles),épanouirent,16,reviewed,
FR,épanouir,Subjonctif,Subjonctif imparfait,je,épanouisse,16,reviewed,
FR,épanouir,Subjonctif,Subjonctif imparfait,tu,épanouisses,16,reviewed,
FR,épanouir,Subjonctif,Subjonctif imparfait,"il (elle, on)",épanouît,16,reviewed,
FR,épanouir,Subjonctif,Subjonctif imparfait,nous,épanouissions,16,reviewed,
FR,épanouir,Subjonctif,Subjonctif imparfait,vous,épanouissiez,16,reviewed,
FR,épanouir,Subjonctif,Subjonctif imparfait,ils (elles),épanouissent,16,reviewed,
ES,resignar(se),Indicativo,Presente,yo,me resigno,16,reviewed,inventory infinitive includes optional se; pronominal finite forms used; QA recommended
ES,resignar(se),Indicativo,Presente,tú,te resignas,16,reviewed,inventory infinitive includes optional se; pronominal finite forms used; QA recommended
ES,resignar(se),Indicativo,Presente,él,se resigna,16,reviewed,inventory infinitive includes optional se; pronominal finite forms used; QA recommended
ES,resignar(se),Indicativo,Presente,nosotros,nos resignamos,16,reviewed,inventory infinitive includes optional se; pronominal finite forms used; QA recommended
ES,resignar(se),Indicativo,Presente,vosotros,os resignáis,16,reviewed,inventory infinitive includes optional se; pronominal finite forms used; QA recommended
ES,resignar(se),Indicativo,Presente,ellos,se resignan,16,reviewed,inventory infinitive includes optional se; pronominal finite forms used; QA recommended
ES,resignar(se),Indicativo,Futuro,yo,me resignaré,16,reviewed,inventory infinitive includes optional se; pronominal finite forms used; QA recommended
ES,resignar(se),Indicativo,Futuro,tú,te resignarás,16,reviewed,inventory infinitive includes optional se; pronominal finite forms used; QA recommended
ES,resignar(se),Indicativo,Futuro,él,se resignará,16,reviewed,inventory infinitive includes optional se; pronominal finite forms used; QA recommended
ES,resignar(se),Indicativo,Futuro,nosotros,nos resignaremos,16,reviewed,inventory infinitive includes optional se; pronominal finite forms used; QA recommended
ES,resignar(se),Indicativo,Futuro,vosotros,os resignaréis,16,reviewed,inventory infinitive includes optional se; pronominal finite forms used; QA recommended
ES,resignar(se),Indicativo,Futuro,ellos,se resignarán,16,reviewed,inventory infinitive includes optional se; pronominal finite forms used; QA recommended
ES,resignar(se),Indicativo,Pretérito perfecto compuesto,yo,me he resignado,16,reviewed,inventory infinitive includes optional se; pronominal finite forms used; QA recommended
ES,resignar(se),Indicativo,Pretérito perfecto compuesto,tú,te has resignado,16,reviewed,inventory infinitive includes optional se; pronominal finite forms used; QA recommended
ES,resignar(se),Indicativo,Pretérito perfecto compuesto,él,se ha resignado,16,reviewed,inventory infinitive includes optional se; pronominal finite forms used; QA recommended
ES,resignar(se),Indicativo,Pretérito perfecto compuesto,nosotros,nos hemos resignado,16,reviewed,inventory infinitive includes optional se; pronominal finite forms used; QA recommended
ES,resignar(se),Indicativo,Pretérito perfecto compuesto,vosotros,os habéis resignado,16,reviewed,inventory infinitive includes optional se; pronominal finite forms used; QA recommended
ES,resignar(se),Indicativo,Pretérito perfecto compuesto,ellos,se han resignado,16,reviewed,inventory infinitive includes optional se; pronominal finite forms used; QA recommended
ES,resignar(se),Indicativo,Pretérito imperfecto,yo,me resignaba,16,reviewed,inventory infinitive includes optional se; pronominal finite forms used; QA recommended
ES,resignar(se),Indicativo,Pretérito imperfecto,tú,te resignabas,16,reviewed,inventory infinitive includes optional se; pronominal finite forms used; QA recommended
ES,resignar(se),Indicativo,Pretérito imperfecto,él,se resignaba,16,reviewed,inventory infinitive includes optional se; pronominal finite forms used; QA recommended
ES,resignar(se),Indicativo,Pretérito imperfecto,nosotros,nos resignábamos,16,reviewed,inventory infinitive includes optional se; pronominal finite forms used; QA recommended
ES,resignar(se),Indicativo,Pretérito imperfecto,vosotros,os resignabais,16,reviewed,inventory infinitive includes optional se; pronominal finite forms used; QA recommended
ES,resignar(se),Indicativo,Pretérito imperfecto,ellos,se resignaban,16,reviewed,inventory infinitive includes optional se; pronominal finite forms used; QA recommended
ES,resignar(se),Condicional,Condicional,yo,me resignaría,16,reviewed,inventory infinitive includes optional se; pronominal finite forms used; QA recommended
ES,resignar(se),Condicional,Condicional,tú,te resignarías,16,reviewed,inventory infinitive includes optional se; pronominal finite forms used; QA recommended
ES,resignar(se),Condicional,Condicional,él,se resignaría,16,reviewed,inventory infinitive includes optional se; pronominal finite forms used; QA recommended
ES,resignar(se),Condicional,Condicional,nosotros,nos resignaríamos,16,reviewed,inventory infinitive includes optional se; pronominal finite forms used; QA recommended
ES,resignar(se),Condicional,Condicional,vosotros,os resignaríais,16,reviewed,inventory infinitive includes optional se; pronominal finite forms used; QA recommended
ES,resignar(se),Condicional,Condicional,ellos,se resignarían,16,reviewed,inventory infinitive includes optional se; pronominal finite forms used; QA recommended
ES,resignar(se),Imperativo,Imperativo,yo,-,16,reviewed,inventory infinitive includes optional se; pronominal finite forms used; QA recommended; Spanish has no standard first-person singular imperative; placeholder - used
ES,resignar(se),Imperativo,Imperativo,tú,resígnate,16,reviewed,inventory infinitive includes optional se; pronominal finite forms used; QA recommended
ES,resignar(se),Imperativo,Imperativo,él,resígnese,16,reviewed,inventory infinitive includes optional se; pronominal finite forms used; QA recommended
ES,resignar(se),Imperativo,Imperativo,nosotros,resignémonos,16,reviewed,inventory infinitive includes optional se; pronominal finite forms used; QA recommended
ES,resignar(se),Imperativo,Imperativo,vosotros,resignaos,16,reviewed,inventory infinitive includes optional se; pronominal finite forms used; QA recommended
ES,resignar(se),Imperativo,Imperativo,ellos,resígnense,16,reviewed,inventory infinitive includes optional se; pronominal finite forms used; QA recommended
ES,resignar(se),Indicativo,Futuro perfecto,yo,me habré resignado,16,reviewed,inventory infinitive includes optional se; pronominal finite forms used; QA recommended
ES,resignar(se),Indicativo,Futuro perfecto,tú,te habrás resignado,16,reviewed,inventory infinitive includes optional se; pronominal finite forms used; QA recommended
ES,resignar(se),Indicativo,Futuro perfecto,él,se habrá resignado,16,reviewed,inventory infinitive includes optional se; pronominal finite forms used; QA recommended
ES,resignar(se),Indicativo,Futuro perfecto,nosotros,nos habremos resignado,16,reviewed,inventory infinitive includes optional se; pronominal finite forms used; QA recommended
ES,resignar(se),Indicativo,Futuro perfecto,vosotros,os habréis resignado,16,reviewed,inventory infinitive includes optional se; pronominal finite forms used; QA recommended
ES,resignar(se),Indicativo,Futuro perfecto,ellos,se habrán resignado,16,reviewed,inventory infinitive includes optional se; pronominal finite forms used; QA recommended
ES,resignar(se),Subjuntivo,Subjuntivo presente,yo,me resigne,16,reviewed,inventory infinitive includes optional se; pronominal finite forms used; QA recommended
ES,resignar(se),Subjuntivo,Subjuntivo presente,tú,te resignes,16,reviewed,inventory infinitive includes optional se; pronominal finite forms used; QA recommended
ES,resignar(se),Subjuntivo,Subjuntivo presente,él,se resigne,16,reviewed,inventory infinitive includes optional se; pronominal finite forms used; QA recommended
ES,resignar(se),Subjuntivo,Subjuntivo presente,nosotros,nos resignemos,16,reviewed,inventory infinitive includes optional se; pronominal finite forms used; QA recommended
ES,resignar(se),Subjuntivo,Subjuntivo presente,vosotros,os resignéis,16,reviewed,inventory infinitive includes optional se; pronominal finite forms used; QA recommended
ES,resignar(se),Subjuntivo,Subjuntivo presente,ellos,se resignen,16,reviewed,inventory infinitive includes optional se; pronominal finite forms used; QA recommended
ES,resignar(se),Indicativo,Pretérito perfecto simple,yo,me resigné,16,reviewed,inventory infinitive includes optional se; pronominal finite forms used; QA recommended
ES,resignar(se),Indicativo,Pretérito perfecto simple,tú,te resignaste,16,reviewed,inventory infinitive includes optional se; pronominal finite forms used; QA recommended
ES,resignar(se),Indicativo,Pretérito perfecto simple,él,se resignó,16,reviewed,inventory infinitive includes optional se; pronominal finite forms used; QA recommended
ES,resignar(se),Indicativo,Pretérito perfecto simple,nosotros,nos resignamos,16,reviewed,inventory infinitive includes optional se; pronominal finite forms used; QA recommended
ES,resignar(se),Indicativo,Pretérito perfecto simple,vosotros,os resignasteis,16,reviewed,inventory infinitive includes optional se; pronominal finite forms used; QA recommended
ES,resignar(se),Indicativo,Pretérito perfecto simple,ellos,se resignaron,16,reviewed,inventory infinitive includes optional se; pronominal finite forms used; QA recommended
ES,resignar(se),Indicativo,Pretérito pluscuamperfecto,yo,me había resignado,16,reviewed,inventory infinitive includes optional se; pronominal finite forms used; QA recommended
ES,resignar(se),Indicativo,Pretérito pluscuamperfecto,tú,te habías resignado,16,reviewed,inventory infinitive includes optional se; pronominal finite forms used; QA recommended
ES,resignar(se),Indicativo,Pretérito pluscuamperfecto,él,se había resignado,16,reviewed,inventory infinitive includes optional se; pronominal finite forms used; QA recommended
ES,resignar(se),Indicativo,Pretérito pluscuamperfecto,nosotros,nos habíamos resignado,16,reviewed,inventory infinitive includes optional se; pronominal finite forms used; QA recommended
ES,resignar(se),Indicativo,Pretérito pluscuamperfecto,vosotros,os habíais resignado,16,reviewed,inventory infinitive includes optional se; pronominal finite forms used; QA recommended
ES,resignar(se),Indicativo,Pretérito pluscuamperfecto,ellos,se habían resignado,16,reviewed,inventory infinitive includes optional se; pronominal finite forms used; QA recommended
ES,apresurar,Indicativo,Presente,yo,apresuro,16,reviewed,
ES,apresurar,Indicativo,Presente,tú,apresuras,16,reviewed,
ES,apresurar,Indicativo,Presente,él,apresura,16,reviewed,
ES,apresurar,Indicativo,Presente,nosotros,apresuramos,16,reviewed,
ES,apresurar,Indicativo,Presente,vosotros,apresuráis,16,reviewed,
ES,apresurar,Indicativo,Presente,ellos,apresuran,16,reviewed,
ES,apresurar,Indicativo,Futuro,yo,apresuraré,16,reviewed,
ES,apresurar,Indicativo,Futuro,tú,apresurarás,16,reviewed,
ES,apresurar,Indicativo,Futuro,él,apresurará,16,reviewed,
ES,apresurar,Indicativo,Futuro,nosotros,apresuraremos,16,reviewed,
ES,apresurar,Indicativo,Futuro,vosotros,apresuraréis,16,reviewed,
ES,apresurar,Indicativo,Futuro,ellos,apresurarán,16,reviewed,
ES,apresurar,Indicativo,Pretérito perfecto compuesto,yo,he apresurado,16,reviewed,
ES,apresurar,Indicativo,Pretérito perfecto compuesto,tú,has apresurado,16,reviewed,
ES,apresurar,Indicativo,Pretérito perfecto compuesto,él,ha apresurado,16,reviewed,
ES,apresurar,Indicativo,Pretérito perfecto compuesto,nosotros,hemos apresurado,16,reviewed,
ES,apresurar,Indicativo,Pretérito perfecto compuesto,vosotros,habéis apresurado,16,reviewed,
ES,apresurar,Indicativo,Pretérito perfecto compuesto,ellos,han apresurado,16,reviewed,
ES,apresurar,Indicativo,Pretérito imperfecto,yo,apresuraba,16,reviewed,
ES,apresurar,Indicativo,Pretérito imperfecto,tú,apresurabas,16,reviewed,
ES,apresurar,Indicativo,Pretérito imperfecto,él,apresuraba,16,reviewed,
ES,apresurar,Indicativo,Pretérito imperfecto,nosotros,apresurábamos,16,reviewed,
ES,apresurar,Indicativo,Pretérito imperfecto,vosotros,apresurabais,16,reviewed,
ES,apresurar,Indicativo,Pretérito imperfecto,ellos,apresuraban,16,reviewed,
ES,apresurar,Condicional,Condicional,yo,apresuraría,16,reviewed,
ES,apresurar,Condicional,Condicional,tú,apresurarías,16,reviewed,
ES,apresurar,Condicional,Condicional,él,apresuraría,16,reviewed,
ES,apresurar,Condicional,Condicional,nosotros,apresuraríamos,16,reviewed,
ES,apresurar,Condicional,Condicional,vosotros,apresuraríais,16,reviewed,
ES,apresurar,Condicional,Condicional,ellos,apresurarían,16,reviewed,
ES,apresurar,Imperativo,Imperativo,yo,-,16,reviewed,Spanish has no standard first-person singular imperative; placeholder - used
ES,apresurar,Imperativo,Imperativo,tú,apresura,16,reviewed,
ES,apresurar,Imperativo,Imperativo,él,apresure,16,reviewed,
ES,apresurar,Imperativo,Imperativo,nosotros,apresuremos,16,reviewed,
ES,apresurar,Imperativo,Imperativo,vosotros,apresurad,16,reviewed,
ES,apresurar,Imperativo,Imperativo,ellos,apresuren,16,reviewed,
ES,apresurar,Indicativo,Futuro perfecto,yo,habré apresurado,16,reviewed,
ES,apresurar,Indicativo,Futuro perfecto,tú,habrás apresurado,16,reviewed,
ES,apresurar,Indicativo,Futuro perfecto,él,habrá apresurado,16,reviewed,
ES,apresurar,Indicativo,Futuro perfecto,nosotros,habremos apresurado,16,reviewed,
ES,apresurar,Indicativo,Futuro perfecto,vosotros,habréis apresurado,16,reviewed,
ES,apresurar,Indicativo,Futuro perfecto,ellos,habrán apresurado,16,reviewed,
ES,apresurar,Subjuntivo,Subjuntivo presente,yo,apresure,16,reviewed,
ES,apresurar,Subjuntivo,Subjuntivo presente,tú,apresures,16,reviewed,
ES,apresurar,Subjuntivo,Subjuntivo presente,él,apresure,16,reviewed,
ES,apresurar,Subjuntivo,Subjuntivo presente,nosotros,apresuremos,16,reviewed,
ES,apresurar,Subjuntivo,Subjuntivo presente,vosotros,apresuréis,16,reviewed,
ES,apresurar,Subjuntivo,Subjuntivo presente,ellos,apresuren,16,reviewed,
ES,apresurar,Indicativo,Pretérito perfecto simple,yo,apresuré,16,reviewed,
ES,apresurar,Indicativo,Pretérito perfecto simple,tú,apresuraste,16,reviewed,
ES,apresurar,Indicativo,Pretérito perfecto simple,él,apresuró,16,reviewed,
ES,apresurar,Indicativo,Pretérito perfecto simple,nosotros,apresuramos,16,reviewed,
ES,apresurar,Indicativo,Pretérito perfecto simple,vosotros,apresurasteis,16,reviewed,
ES,apresurar,Indicativo,Pretérito perfecto simple,ellos,apresuraron,16,reviewed,
ES,apresurar,Indicativo,Pretérito pluscuamperfecto,yo,había apresurado,16,reviewed,
ES,apresurar,Indicativo,Pretérito pluscuamperfecto,tú,habías apresurado,16,reviewed,
ES,apresurar,Indicativo,Pretérito pluscuamperfecto,él,había apresurado,16,reviewed,
ES,apresurar,Indicativo,Pretérito pluscuamperfecto,nosotros,habíamos apresurado,16,reviewed,
ES,apresurar,Indicativo,Pretérito pluscuamperfecto,vosotros,habíais apresurado,16,reviewed,
ES,apresurar,Indicativo,Pretérito pluscuamperfecto,ellos,habían apresurado,16,reviewed,
ES,acelerar,Indicativo,Presente,yo,acelero,16,reviewed,
ES,acelerar,Indicativo,Presente,tú,aceleras,16,reviewed,
ES,acelerar,Indicativo,Presente,él,acelera,16,reviewed,
ES,acelerar,Indicativo,Presente,nosotros,aceleramos,16,reviewed,
ES,acelerar,Indicativo,Presente,vosotros,aceleráis,16,reviewed,
ES,acelerar,Indicativo,Presente,ellos,aceleran,16,reviewed,
ES,acelerar,Indicativo,Futuro,yo,aceleraré,16,reviewed,
ES,acelerar,Indicativo,Futuro,tú,acelerarás,16,reviewed,
ES,acelerar,Indicativo,Futuro,él,acelerará,16,reviewed,
ES,acelerar,Indicativo,Futuro,nosotros,aceleraremos,16,reviewed,
ES,acelerar,Indicativo,Futuro,vosotros,aceleraréis,16,reviewed,
ES,acelerar,Indicativo,Futuro,ellos,acelerarán,16,reviewed,
ES,acelerar,Indicativo,Pretérito perfecto compuesto,yo,he acelerado,16,reviewed,
ES,acelerar,Indicativo,Pretérito perfecto compuesto,tú,has acelerado,16,reviewed,
ES,acelerar,Indicativo,Pretérito perfecto compuesto,él,ha acelerado,16,reviewed,
ES,acelerar,Indicativo,Pretérito perfecto compuesto,nosotros,hemos acelerado,16,reviewed,
ES,acelerar,Indicativo,Pretérito perfecto compuesto,vosotros,habéis acelerado,16,reviewed,
ES,acelerar,Indicativo,Pretérito perfecto compuesto,ellos,han acelerado,16,reviewed,
ES,acelerar,Indicativo,Pretérito imperfecto,yo,aceleraba,16,reviewed,
ES,acelerar,Indicativo,Pretérito imperfecto,tú,acelerabas,16,reviewed,
ES,acelerar,Indicativo,Pretérito imperfecto,él,aceleraba,16,reviewed,
ES,acelerar,Indicativo,Pretérito imperfecto,nosotros,acelerábamos,16,reviewed,
ES,acelerar,Indicativo,Pretérito imperfecto,vosotros,acelerabais,16,reviewed,
ES,acelerar,Indicativo,Pretérito imperfecto,ellos,aceleraban,16,reviewed,
ES,acelerar,Condicional,Condicional,yo,aceleraría,16,reviewed,
ES,acelerar,Condicional,Condicional,tú,acelerarías,16,reviewed,
ES,acelerar,Condicional,Condicional,él,aceleraría,16,reviewed,
ES,acelerar,Condicional,Condicional,nosotros,aceleraríamos,16,reviewed,
ES,acelerar,Condicional,Condicional,vosotros,aceleraríais,16,reviewed,
ES,acelerar,Condicional,Condicional,ellos,acelerarían,16,reviewed,
ES,acelerar,Imperativo,Imperativo,yo,-,16,reviewed,Spanish has no standard first-person singular imperative; placeholder - used
ES,acelerar,Imperativo,Imperativo,tú,acelera,16,reviewed,
ES,acelerar,Imperativo,Imperativo,él,acelere,16,reviewed,
ES,acelerar,Imperativo,Imperativo,nosotros,aceleremos,16,reviewed,
ES,acelerar,Imperativo,Imperativo,vosotros,acelerad,16,reviewed,
ES,acelerar,Imperativo,Imperativo,ellos,aceleren,16,reviewed,
ES,acelerar,Indicativo,Futuro perfecto,yo,habré acelerado,16,reviewed,
ES,acelerar,Indicativo,Futuro perfecto,tú,habrás acelerado,16,reviewed,
ES,acelerar,Indicativo,Futuro perfecto,él,habrá acelerado,16,reviewed,
ES,acelerar,Indicativo,Futuro perfecto,nosotros,habremos acelerado,16,reviewed,
ES,acelerar,Indicativo,Futuro perfecto,vosotros,habréis acelerado,16,reviewed,
ES,acelerar,Indicativo,Futuro perfecto,ellos,habrán acelerado,16,reviewed,
ES,acelerar,Subjuntivo,Subjuntivo presente,yo,acelere,16,reviewed,
ES,acelerar,Subjuntivo,Subjuntivo presente,tú,aceleres,16,reviewed,
ES,acelerar,Subjuntivo,Subjuntivo presente,él,acelere,16,reviewed,
ES,acelerar,Subjuntivo,Subjuntivo presente,nosotros,aceleremos,16,reviewed,
ES,acelerar,Subjuntivo,Subjuntivo presente,vosotros,aceleréis,16,reviewed,
ES,acelerar,Subjuntivo,Subjuntivo presente,ellos,aceleren,16,reviewed,
ES,acelerar,Indicativo,Pretérito perfecto simple,yo,aceleré,16,reviewed,
ES,acelerar,Indicativo,Pretérito perfecto simple,tú,aceleraste,16,reviewed,
ES,acelerar,Indicativo,Pretérito perfecto simple,él,aceleró,16,reviewed,
ES,acelerar,Indicativo,Pretérito perfecto simple,nosotros,aceleramos,16,reviewed,
ES,acelerar,Indicativo,Pretérito perfecto simple,vosotros,acelerasteis,16,reviewed,
ES,acelerar,Indicativo,Pretérito perfecto simple,ellos,aceleraron,16,reviewed,
ES,acelerar,Indicativo,Pretérito pluscuamperfecto,yo,había acelerado,16,reviewed,
ES,acelerar,Indicativo,Pretérito pluscuamperfecto,tú,habías acelerado,16,reviewed,
ES,acelerar,Indicativo,Pretérito pluscuamperfecto,él,había acelerado,16,reviewed,
ES,acelerar,Indicativo,Pretérito pluscuamperfecto,nosotros,habíamos acelerado,16,reviewed,
ES,acelerar,Indicativo,Pretérito pluscuamperfecto,vosotros,habíais acelerado,16,reviewed,
ES,acelerar,Indicativo,Pretérito pluscuamperfecto,ellos,habían acelerado,16,reviewed,
ES,impugnar,Indicativo,Presente,yo,impugno,16,reviewed,
ES,impugnar,Indicativo,Presente,tú,impugnas,16,reviewed,
ES,impugnar,Indicativo,Presente,él,impugna,16,reviewed,
ES,impugnar,Indicativo,Presente,nosotros,impugnamos,16,reviewed,
ES,impugnar,Indicativo,Presente,vosotros,impugnáis,16,reviewed,
ES,impugnar,Indicativo,Presente,ellos,impugnan,16,reviewed,
ES,impugnar,Indicativo,Futuro,yo,impugnaré,16,reviewed,
ES,impugnar,Indicativo,Futuro,tú,impugnarás,16,reviewed,
ES,impugnar,Indicativo,Futuro,él,impugnará,16,reviewed,
ES,impugnar,Indicativo,Futuro,nosotros,impugnaremos,16,reviewed,
ES,impugnar,Indicativo,Futuro,vosotros,impugnaréis,16,reviewed,
ES,impugnar,Indicativo,Futuro,ellos,impugnarán,16,reviewed,
ES,impugnar,Indicativo,Pretérito perfecto compuesto,yo,he impugnado,16,reviewed,
ES,impugnar,Indicativo,Pretérito perfecto compuesto,tú,has impugnado,16,reviewed,
ES,impugnar,Indicativo,Pretérito perfecto compuesto,él,ha impugnado,16,reviewed,
ES,impugnar,Indicativo,Pretérito perfecto compuesto,nosotros,hemos impugnado,16,reviewed,
ES,impugnar,Indicativo,Pretérito perfecto compuesto,vosotros,habéis impugnado,16,reviewed,
ES,impugnar,Indicativo,Pretérito perfecto compuesto,ellos,han impugnado,16,reviewed,
ES,impugnar,Indicativo,Pretérito imperfecto,yo,impugnaba,16,reviewed,
ES,impugnar,Indicativo,Pretérito imperfecto,tú,impugnabas,16,reviewed,
ES,impugnar,Indicativo,Pretérito imperfecto,él,impugnaba,16,reviewed,
ES,impugnar,Indicativo,Pretérito imperfecto,nosotros,impugnábamos,16,reviewed,
ES,impugnar,Indicativo,Pretérito imperfecto,vosotros,impugnabais,16,reviewed,
ES,impugnar,Indicativo,Pretérito imperfecto,ellos,impugnaban,16,reviewed,
ES,impugnar,Condicional,Condicional,yo,impugnaría,16,reviewed,
ES,impugnar,Condicional,Condicional,tú,impugnarías,16,reviewed,
ES,impugnar,Condicional,Condicional,él,impugnaría,16,reviewed,
ES,impugnar,Condicional,Condicional,nosotros,impugnaríamos,16,reviewed,
ES,impugnar,Condicional,Condicional,vosotros,impugnaríais,16,reviewed,
ES,impugnar,Condicional,Condicional,ellos,impugnarían,16,reviewed,
ES,impugnar,Imperativo,Imperativo,yo,-,16,reviewed,Spanish has no standard first-person singular imperative; placeholder - used
ES,impugnar,Imperativo,Imperativo,tú,impugna,16,reviewed,
ES,impugnar,Imperativo,Imperativo,él,impugne,16,reviewed,
ES,impugnar,Imperativo,Imperativo,nosotros,impugnemos,16,reviewed,
ES,impugnar,Imperativo,Imperativo,vosotros,impugnad,16,reviewed,
ES,impugnar,Imperativo,Imperativo,ellos,impugnen,16,reviewed,
ES,impugnar,Indicativo,Futuro perfecto,yo,habré impugnado,16,reviewed,
ES,impugnar,Indicativo,Futuro perfecto,tú,habrás impugnado,16,reviewed,
ES,impugnar,Indicativo,Futuro perfecto,él,habrá impugnado,16,reviewed,
ES,impugnar,Indicativo,Futuro perfecto,nosotros,habremos impugnado,16,reviewed,
ES,impugnar,Indicativo,Futuro perfecto,vosotros,habréis impugnado,16,reviewed,
ES,impugnar,Indicativo,Futuro perfecto,ellos,habrán impugnado,16,reviewed,
ES,impugnar,Subjuntivo,Subjuntivo presente,yo,impugne,16,reviewed,
ES,impugnar,Subjuntivo,Subjuntivo presente,tú,impugnes,16,reviewed,
ES,impugnar,Subjuntivo,Subjuntivo presente,él,impugne,16,reviewed,
ES,impugnar,Subjuntivo,Subjuntivo presente,nosotros,impugnemos,16,reviewed,
ES,impugnar,Subjuntivo,Subjuntivo presente,vosotros,impugnéis,16,reviewed,
ES,impugnar,Subjuntivo,Subjuntivo presente,ellos,impugnen,16,reviewed,
ES,impugnar,Indicativo,Pretérito perfecto simple,yo,impugné,16,reviewed,
ES,impugnar,Indicativo,Pretérito perfecto simple,tú,impugnaste,16,reviewed,
ES,impugnar,Indicativo,Pretérito perfecto simple,él,impugnó,16,reviewed,
ES,impugnar,Indicativo,Pretérito perfecto simple,nosotros,impugnamos,16,reviewed,
ES,impugnar,Indicativo,Pretérito perfecto simple,vosotros,impugnasteis,16,reviewed,
ES,impugnar,Indicativo,Pretérito perfecto simple,ellos,impugnaron,16,reviewed,
ES,impugnar,Indicativo,Pretérito pluscuamperfecto,yo,había impugnado,16,reviewed,
ES,impugnar,Indicativo,Pretérito pluscuamperfecto,tú,habías impugnado,16,reviewed,
ES,impugnar,Indicativo,Pretérito pluscuamperfecto,él,había impugnado,16,reviewed,
ES,impugnar,Indicativo,Pretérito pluscuamperfecto,nosotros,habíamos impugnado,16,reviewed,
ES,impugnar,Indicativo,Pretérito pluscuamperfecto,vosotros,habíais impugnado,16,reviewed,
ES,impugnar,Indicativo,Pretérito pluscuamperfecto,ellos,habían impugnado,16,reviewed,
ES,cuestionar,Indicativo,Presente,yo,cuestiono,16,reviewed,
ES,cuestionar,Indicativo,Presente,tú,cuestionas,16,reviewed,
ES,cuestionar,Indicativo,Presente,él,cuestiona,16,reviewed,
ES,cuestionar,Indicativo,Presente,nosotros,cuestionamos,16,reviewed,
ES,cuestionar,Indicativo,Presente,vosotros,cuestionáis,16,reviewed,
ES,cuestionar,Indicativo,Presente,ellos,cuestionan,16,reviewed,
ES,cuestionar,Indicativo,Futuro,yo,cuestionaré,16,reviewed,
ES,cuestionar,Indicativo,Futuro,tú,cuestionarás,16,reviewed,
ES,cuestionar,Indicativo,Futuro,él,cuestionará,16,reviewed,
ES,cuestionar,Indicativo,Futuro,nosotros,cuestionaremos,16,reviewed,
ES,cuestionar,Indicativo,Futuro,vosotros,cuestionaréis,16,reviewed,
ES,cuestionar,Indicativo,Futuro,ellos,cuestionarán,16,reviewed,
ES,cuestionar,Indicativo,Pretérito perfecto compuesto,yo,he cuestionado,16,reviewed,
ES,cuestionar,Indicativo,Pretérito perfecto compuesto,tú,has cuestionado,16,reviewed,
ES,cuestionar,Indicativo,Pretérito perfecto compuesto,él,ha cuestionado,16,reviewed,
ES,cuestionar,Indicativo,Pretérito perfecto compuesto,nosotros,hemos cuestionado,16,reviewed,
ES,cuestionar,Indicativo,Pretérito perfecto compuesto,vosotros,habéis cuestionado,16,reviewed,
ES,cuestionar,Indicativo,Pretérito perfecto compuesto,ellos,han cuestionado,16,reviewed,
ES,cuestionar,Indicativo,Pretérito imperfecto,yo,cuestionaba,16,reviewed,
ES,cuestionar,Indicativo,Pretérito imperfecto,tú,cuestionabas,16,reviewed,
ES,cuestionar,Indicativo,Pretérito imperfecto,él,cuestionaba,16,reviewed,
ES,cuestionar,Indicativo,Pretérito imperfecto,nosotros,cuestionábamos,16,reviewed,
ES,cuestionar,Indicativo,Pretérito imperfecto,vosotros,cuestionabais,16,reviewed,
ES,cuestionar,Indicativo,Pretérito imperfecto,ellos,cuestionaban,16,reviewed,
ES,cuestionar,Condicional,Condicional,yo,cuestionaría,16,reviewed,
ES,cuestionar,Condicional,Condicional,tú,cuestionarías,16,reviewed,
ES,cuestionar,Condicional,Condicional,él,cuestionaría,16,reviewed,
ES,cuestionar,Condicional,Condicional,nosotros,cuestionaríamos,16,reviewed,
ES,cuestionar,Condicional,Condicional,vosotros,cuestionaríais,16,reviewed,
ES,cuestionar,Condicional,Condicional,ellos,cuestionarían,16,reviewed,
ES,cuestionar,Imperativo,Imperativo,yo,-,16,reviewed,Spanish has no standard first-person singular imperative; placeholder - used
ES,cuestionar,Imperativo,Imperativo,tú,cuestiona,16,reviewed,
ES,cuestionar,Imperativo,Imperativo,él,cuestione,16,reviewed,
ES,cuestionar,Imperativo,Imperativo,nosotros,cuestionemos,16,reviewed,
ES,cuestionar,Imperativo,Imperativo,vosotros,cuestionad,16,reviewed,
ES,cuestionar,Imperativo,Imperativo,ellos,cuestionen,16,reviewed,
ES,cuestionar,Indicativo,Futuro perfecto,yo,habré cuestionado,16,reviewed,
ES,cuestionar,Indicativo,Futuro perfecto,tú,habrás cuestionado,16,reviewed,
ES,cuestionar,Indicativo,Futuro perfecto,él,habrá cuestionado,16,reviewed,
ES,cuestionar,Indicativo,Futuro perfecto,nosotros,habremos cuestionado,16,reviewed,
ES,cuestionar,Indicativo,Futuro perfecto,vosotros,habréis cuestionado,16,reviewed,
ES,cuestionar,Indicativo,Futuro perfecto,ellos,habrán cuestionado,16,reviewed,
ES,cuestionar,Subjuntivo,Subjuntivo presente,yo,cuestione,16,reviewed,
ES,cuestionar,Subjuntivo,Subjuntivo presente,tú,cuestiones,16,reviewed,
ES,cuestionar,Subjuntivo,Subjuntivo presente,él,cuestione,16,reviewed,
ES,cuestionar,Subjuntivo,Subjuntivo presente,nosotros,cuestionemos,16,reviewed,
ES,cuestionar,Subjuntivo,Subjuntivo presente,vosotros,cuestionéis,16,reviewed,
ES,cuestionar,Subjuntivo,Subjuntivo presente,ellos,cuestionen,16,reviewed,
ES,cuestionar,Indicativo,Pretérito perfecto simple,yo,cuestioné,16,reviewed,
ES,cuestionar,Indicativo,Pretérito perfecto simple,tú,cuestionaste,16,reviewed,
ES,cuestionar,Indicativo,Pretérito perfecto simple,él,cuestionó,16,reviewed,
ES,cuestionar,Indicativo,Pretérito perfecto simple,nosotros,cuestionamos,16,reviewed,
ES,cuestionar,Indicativo,Pretérito perfecto simple,vosotros,cuestionasteis,16,reviewed,
ES,cuestionar,Indicativo,Pretérito perfecto simple,ellos,cuestionaron,16,reviewed,
ES,cuestionar,Indicativo,Pretérito pluscuamperfecto,yo,había cuestionado,16,reviewed,
ES,cuestionar,Indicativo,Pretérito pluscuamperfecto,tú,habías cuestionado,16,reviewed,
ES,cuestionar,Indicativo,Pretérito pluscuamperfecto,él,había cuestionado,16,reviewed,
ES,cuestionar,Indicativo,Pretérito pluscuamperfecto,nosotros,habíamos cuestionado,16,reviewed,
ES,cuestionar,Indicativo,Pretérito pluscuamperfecto,vosotros,habíais cuestionado,16,reviewed,
ES,cuestionar,Indicativo,Pretérito pluscuamperfecto,ellos,habían cuestionado,16,reviewed,
ES,alabar,Indicativo,Presente,yo,alabo,16,reviewed,
ES,alabar,Indicativo,Presente,tú,alabas,16,reviewed,
ES,alabar,Indicativo,Presente,él,alaba,16,reviewed,
ES,alabar,Indicativo,Presente,nosotros,alabamos,16,reviewed,
ES,alabar,Indicativo,Presente,vosotros,alabáis,16,reviewed,
ES,alabar,Indicativo,Presente,ellos,alaban,16,reviewed,
ES,alabar,Indicativo,Futuro,yo,alabaré,16,reviewed,
ES,alabar,Indicativo,Futuro,tú,alabarás,16,reviewed,
ES,alabar,Indicativo,Futuro,él,alabará,16,reviewed,
ES,alabar,Indicativo,Futuro,nosotros,alabaremos,16,reviewed,
ES,alabar,Indicativo,Futuro,vosotros,alabaréis,16,reviewed,
ES,alabar,Indicativo,Futuro,ellos,alabarán,16,reviewed,
ES,alabar,Indicativo,Pretérito perfecto compuesto,yo,he alabado,16,reviewed,
ES,alabar,Indicativo,Pretérito perfecto compuesto,tú,has alabado,16,reviewed,
ES,alabar,Indicativo,Pretérito perfecto compuesto,él,ha alabado,16,reviewed,
ES,alabar,Indicativo,Pretérito perfecto compuesto,nosotros,hemos alabado,16,reviewed,
ES,alabar,Indicativo,Pretérito perfecto compuesto,vosotros,habéis alabado,16,reviewed,
ES,alabar,Indicativo,Pretérito perfecto compuesto,ellos,han alabado,16,reviewed,
ES,alabar,Indicativo,Pretérito imperfecto,yo,alababa,16,reviewed,
ES,alabar,Indicativo,Pretérito imperfecto,tú,alababas,16,reviewed,
ES,alabar,Indicativo,Pretérito imperfecto,él,alababa,16,reviewed,
ES,alabar,Indicativo,Pretérito imperfecto,nosotros,alabábamos,16,reviewed,
ES,alabar,Indicativo,Pretérito imperfecto,vosotros,alababais,16,reviewed,
ES,alabar,Indicativo,Pretérito imperfecto,ellos,alababan,16,reviewed,
ES,alabar,Condicional,Condicional,yo,alabaría,16,reviewed,
ES,alabar,Condicional,Condicional,tú,alabarías,16,reviewed,
ES,alabar,Condicional,Condicional,él,alabaría,16,reviewed,
ES,alabar,Condicional,Condicional,nosotros,alabaríamos,16,reviewed,
ES,alabar,Condicional,Condicional,vosotros,alabaríais,16,reviewed,
ES,alabar,Condicional,Condicional,ellos,alabarían,16,reviewed,
ES,alabar,Imperativo,Imperativo,yo,-,16,reviewed,Spanish has no standard first-person singular imperative; placeholder - used
ES,alabar,Imperativo,Imperativo,tú,alaba,16,reviewed,
ES,alabar,Imperativo,Imperativo,él,alabe,16,reviewed,
ES,alabar,Imperativo,Imperativo,nosotros,alabemos,16,reviewed,
ES,alabar,Imperativo,Imperativo,vosotros,alabad,16,reviewed,
ES,alabar,Imperativo,Imperativo,ellos,alaben,16,reviewed,
ES,alabar,Indicativo,Futuro perfecto,yo,habré alabado,16,reviewed,
ES,alabar,Indicativo,Futuro perfecto,tú,habrás alabado,16,reviewed,
ES,alabar,Indicativo,Futuro perfecto,él,habrá alabado,16,reviewed,
ES,alabar,Indicativo,Futuro perfecto,nosotros,habremos alabado,16,reviewed,
ES,alabar,Indicativo,Futuro perfecto,vosotros,habréis alabado,16,reviewed,
ES,alabar,Indicativo,Futuro perfecto,ellos,habrán alabado,16,reviewed,
ES,alabar,Subjuntivo,Subjuntivo presente,yo,alabe,16,reviewed,
ES,alabar,Subjuntivo,Subjuntivo presente,tú,alabes,16,reviewed,
ES,alabar,Subjuntivo,Subjuntivo presente,él,alabe,16,reviewed,
ES,alabar,Subjuntivo,Subjuntivo presente,nosotros,alabemos,16,reviewed,
ES,alabar,Subjuntivo,Subjuntivo presente,vosotros,alabéis,16,reviewed,
ES,alabar,Subjuntivo,Subjuntivo presente,ellos,alaben,16,reviewed,
ES,alabar,Indicativo,Pretérito perfecto simple,yo,alabé,16,reviewed,
ES,alabar,Indicativo,Pretérito perfecto simple,tú,alabaste,16,reviewed,
ES,alabar,Indicativo,Pretérito perfecto simple,él,alabó,16,reviewed,
ES,alabar,Indicativo,Pretérito perfecto simple,nosotros,alabamos,16,reviewed,
ES,alabar,Indicativo,Pretérito perfecto simple,vosotros,alabasteis,16,reviewed,
ES,alabar,Indicativo,Pretérito perfecto simple,ellos,alabaron,16,reviewed,
ES,alabar,Indicativo,Pretérito pluscuamperfecto,yo,había alabado,16,reviewed,
ES,alabar,Indicativo,Pretérito pluscuamperfecto,tú,habías alabado,16,reviewed,
ES,alabar,Indicativo,Pretérito pluscuamperfecto,él,había alabado,16,reviewed,
ES,alabar,Indicativo,Pretérito pluscuamperfecto,nosotros,habíamos alabado,16,reviewed,
ES,alabar,Indicativo,Pretérito pluscuamperfecto,vosotros,habíais alabado,16,reviewed,
ES,alabar,Indicativo,Pretérito pluscuamperfecto,ellos,habían alabado,16,reviewed,
ES,presumir,Indicativo,Presente,yo,presumo,16,reviewed,
ES,presumir,Indicativo,Presente,tú,presumes,16,reviewed,
ES,presumir,Indicativo,Presente,él,presume,16,reviewed,
ES,presumir,Indicativo,Presente,nosotros,presumimos,16,reviewed,
ES,presumir,Indicativo,Presente,vosotros,presumís,16,reviewed,
ES,presumir,Indicativo,Presente,ellos,presumen,16,reviewed,
ES,presumir,Indicativo,Futuro,yo,presumiré,16,reviewed,
ES,presumir,Indicativo,Futuro,tú,presumirás,16,reviewed,
ES,presumir,Indicativo,Futuro,él,presumirá,16,reviewed,
ES,presumir,Indicativo,Futuro,nosotros,presumiremos,16,reviewed,
ES,presumir,Indicativo,Futuro,vosotros,presumiréis,16,reviewed,
ES,presumir,Indicativo,Futuro,ellos,presumirán,16,reviewed,
ES,presumir,Indicativo,Pretérito perfecto compuesto,yo,he presumido,16,reviewed,
ES,presumir,Indicativo,Pretérito perfecto compuesto,tú,has presumido,16,reviewed,
ES,presumir,Indicativo,Pretérito perfecto compuesto,él,ha presumido,16,reviewed,
ES,presumir,Indicativo,Pretérito perfecto compuesto,nosotros,hemos presumido,16,reviewed,
ES,presumir,Indicativo,Pretérito perfecto compuesto,vosotros,habéis presumido,16,reviewed,
ES,presumir,Indicativo,Pretérito perfecto compuesto,ellos,han presumido,16,reviewed,
ES,presumir,Indicativo,Pretérito imperfecto,yo,presumía,16,reviewed,
ES,presumir,Indicativo,Pretérito imperfecto,tú,presumías,16,reviewed,
ES,presumir,Indicativo,Pretérito imperfecto,él,presumía,16,reviewed,
ES,presumir,Indicativo,Pretérito imperfecto,nosotros,presumíamos,16,reviewed,
ES,presumir,Indicativo,Pretérito imperfecto,vosotros,presumíais,16,reviewed,
ES,presumir,Indicativo,Pretérito imperfecto,ellos,presumían,16,reviewed,
ES,presumir,Condicional,Condicional,yo,presumiría,16,reviewed,
ES,presumir,Condicional,Condicional,tú,presumirías,16,reviewed,
ES,presumir,Condicional,Condicional,él,presumiría,16,reviewed,
ES,presumir,Condicional,Condicional,nosotros,presumiríamos,16,reviewed,
ES,presumir,Condicional,Condicional,vosotros,presumiríais,16,reviewed,
ES,presumir,Condicional,Condicional,ellos,presumirían,16,reviewed,
ES,presumir,Imperativo,Imperativo,yo,-,16,reviewed,Spanish has no standard first-person singular imperative; placeholder - used
ES,presumir,Imperativo,Imperativo,tú,presume,16,reviewed,
ES,presumir,Imperativo,Imperativo,él,presuma,16,reviewed,
ES,presumir,Imperativo,Imperativo,nosotros,presumamos,16,reviewed,
ES,presumir,Imperativo,Imperativo,vosotros,presumid,16,reviewed,
ES,presumir,Imperativo,Imperativo,ellos,presuman,16,reviewed,
ES,presumir,Indicativo,Futuro perfecto,yo,habré presumido,16,reviewed,
ES,presumir,Indicativo,Futuro perfecto,tú,habrás presumido,16,reviewed,
ES,presumir,Indicativo,Futuro perfecto,él,habrá presumido,16,reviewed,
ES,presumir,Indicativo,Futuro perfecto,nosotros,habremos presumido,16,reviewed,
ES,presumir,Indicativo,Futuro perfecto,vosotros,habréis presumido,16,reviewed,
ES,presumir,Indicativo,Futuro perfecto,ellos,habrán presumido,16,reviewed,
ES,presumir,Subjuntivo,Subjuntivo presente,yo,presuma,16,reviewed,
ES,presumir,Subjuntivo,Subjuntivo presente,tú,presumas,16,reviewed,
ES,presumir,Subjuntivo,Subjuntivo presente,él,presuma,16,reviewed,
ES,presumir,Subjuntivo,Subjuntivo presente,nosotros,presumamos,16,reviewed,
ES,presumir,Subjuntivo,Subjuntivo presente,vosotros,presumáis,16,reviewed,
ES,presumir,Subjuntivo,Subjuntivo presente,ellos,presuman,16,reviewed,
ES,presumir,Indicativo,Pretérito perfecto simple,yo,presumí,16,reviewed,
ES,presumir,Indicativo,Pretérito perfecto simple,tú,presumiste,16,reviewed,
ES,presumir,Indicativo,Pretérito perfecto simple,él,presumió,16,reviewed,
ES,presumir,Indicativo,Pretérito perfecto simple,nosotros,presumimos,16,reviewed,
ES,presumir,Indicativo,Pretérito perfecto simple,vosotros,presumisteis,16,reviewed,
ES,presumir,Indicativo,Pretérito perfecto simple,ellos,presumieron,16,reviewed,
ES,presumir,Indicativo,Pretérito pluscuamperfecto,yo,había presumido,16,reviewed,
ES,presumir,Indicativo,Pretérito pluscuamperfecto,tú,habías presumido,16,reviewed,
ES,presumir,Indicativo,Pretérito pluscuamperfecto,él,había presumido,16,reviewed,
ES,presumir,Indicativo,Pretérito pluscuamperfecto,nosotros,habíamos presumido,16,reviewed,
ES,presumir,Indicativo,Pretérito pluscuamperfecto,vosotros,habíais presumido,16,reviewed,
ES,presumir,Indicativo,Pretérito pluscuamperfecto,ellos,habían presumido,16,reviewed,
ES,recubrir,Indicativo,Presente,yo,recubro,16,reviewed,irregular participle recubierto chosen for compound tenses; QA recommended
ES,recubrir,Indicativo,Presente,tú,recubres,16,reviewed,irregular participle recubierto chosen for compound tenses; QA recommended
ES,recubrir,Indicativo,Presente,él,recubre,16,reviewed,irregular participle recubierto chosen for compound tenses; QA recommended
ES,recubrir,Indicativo,Presente,nosotros,recubrimos,16,reviewed,irregular participle recubierto chosen for compound tenses; QA recommended
ES,recubrir,Indicativo,Presente,vosotros,recubrís,16,reviewed,irregular participle recubierto chosen for compound tenses; QA recommended
ES,recubrir,Indicativo,Presente,ellos,recubren,16,reviewed,irregular participle recubierto chosen for compound tenses; QA recommended
ES,recubrir,Indicativo,Futuro,yo,recubriré,16,reviewed,irregular participle recubierto chosen for compound tenses; QA recommended
ES,recubrir,Indicativo,Futuro,tú,recubrirás,16,reviewed,irregular participle recubierto chosen for compound tenses; QA recommended
ES,recubrir,Indicativo,Futuro,él,recubrirá,16,reviewed,irregular participle recubierto chosen for compound tenses; QA recommended
ES,recubrir,Indicativo,Futuro,nosotros,recubriremos,16,reviewed,irregular participle recubierto chosen for compound tenses; QA recommended
ES,recubrir,Indicativo,Futuro,vosotros,recubriréis,16,reviewed,irregular participle recubierto chosen for compound tenses; QA recommended
ES,recubrir,Indicativo,Futuro,ellos,recubrirán,16,reviewed,irregular participle recubierto chosen for compound tenses; QA recommended
ES,recubrir,Indicativo,Pretérito perfecto compuesto,yo,he recubierto,16,reviewed,irregular participle recubierto chosen for compound tenses; QA recommended
ES,recubrir,Indicativo,Pretérito perfecto compuesto,tú,has recubierto,16,reviewed,irregular participle recubierto chosen for compound tenses; QA recommended
ES,recubrir,Indicativo,Pretérito perfecto compuesto,él,ha recubierto,16,reviewed,irregular participle recubierto chosen for compound tenses; QA recommended
ES,recubrir,Indicativo,Pretérito perfecto compuesto,nosotros,hemos recubierto,16,reviewed,irregular participle recubierto chosen for compound tenses; QA recommended
ES,recubrir,Indicativo,Pretérito perfecto compuesto,vosotros,habéis recubierto,16,reviewed,irregular participle recubierto chosen for compound tenses; QA recommended
ES,recubrir,Indicativo,Pretérito perfecto compuesto,ellos,han recubierto,16,reviewed,irregular participle recubierto chosen for compound tenses; QA recommended
ES,recubrir,Indicativo,Pretérito imperfecto,yo,recubría,16,reviewed,irregular participle recubierto chosen for compound tenses; QA recommended
ES,recubrir,Indicativo,Pretérito imperfecto,tú,recubrías,16,reviewed,irregular participle recubierto chosen for compound tenses; QA recommended
ES,recubrir,Indicativo,Pretérito imperfecto,él,recubría,16,reviewed,irregular participle recubierto chosen for compound tenses; QA recommended
ES,recubrir,Indicativo,Pretérito imperfecto,nosotros,recubríamos,16,reviewed,irregular participle recubierto chosen for compound tenses; QA recommended
ES,recubrir,Indicativo,Pretérito imperfecto,vosotros,recubríais,16,reviewed,irregular participle recubierto chosen for compound tenses; QA recommended
ES,recubrir,Indicativo,Pretérito imperfecto,ellos,recubrían,16,reviewed,irregular participle recubierto chosen for compound tenses; QA recommended
ES,recubrir,Condicional,Condicional,yo,recubriría,16,reviewed,irregular participle recubierto chosen for compound tenses; QA recommended
ES,recubrir,Condicional,Condicional,tú,recubrirías,16,reviewed,irregular participle recubierto chosen for compound tenses; QA recommended
ES,recubrir,Condicional,Condicional,él,recubriría,16,reviewed,irregular participle recubierto chosen for compound tenses; QA recommended
ES,recubrir,Condicional,Condicional,nosotros,recubriríamos,16,reviewed,irregular participle recubierto chosen for compound tenses; QA recommended
ES,recubrir,Condicional,Condicional,vosotros,recubriríais,16,reviewed,irregular participle recubierto chosen for compound tenses; QA recommended
ES,recubrir,Condicional,Condicional,ellos,recubrirían,16,reviewed,irregular participle recubierto chosen for compound tenses; QA recommended
ES,recubrir,Imperativo,Imperativo,yo,-,16,reviewed,irregular participle recubierto chosen for compound tenses; QA recommended; Spanish has no standard first-person singular imperative; placeholder - used
ES,recubrir,Imperativo,Imperativo,tú,recubre,16,reviewed,irregular participle recubierto chosen for compound tenses; QA recommended
ES,recubrir,Imperativo,Imperativo,él,recubra,16,reviewed,irregular participle recubierto chosen for compound tenses; QA recommended
ES,recubrir,Imperativo,Imperativo,nosotros,recubramos,16,reviewed,irregular participle recubierto chosen for compound tenses; QA recommended
ES,recubrir,Imperativo,Imperativo,vosotros,recubrid,16,reviewed,irregular participle recubierto chosen for compound tenses; QA recommended
ES,recubrir,Imperativo,Imperativo,ellos,recubran,16,reviewed,irregular participle recubierto chosen for compound tenses; QA recommended
ES,recubrir,Indicativo,Futuro perfecto,yo,habré recubierto,16,reviewed,irregular participle recubierto chosen for compound tenses; QA recommended
ES,recubrir,Indicativo,Futuro perfecto,tú,habrás recubierto,16,reviewed,irregular participle recubierto chosen for compound tenses; QA recommended
ES,recubrir,Indicativo,Futuro perfecto,él,habrá recubierto,16,reviewed,irregular participle recubierto chosen for compound tenses; QA recommended
ES,recubrir,Indicativo,Futuro perfecto,nosotros,habremos recubierto,16,reviewed,irregular participle recubierto chosen for compound tenses; QA recommended
ES,recubrir,Indicativo,Futuro perfecto,vosotros,habréis recubierto,16,reviewed,irregular participle recubierto chosen for compound tenses; QA recommended
ES,recubrir,Indicativo,Futuro perfecto,ellos,habrán recubierto,16,reviewed,irregular participle recubierto chosen for compound tenses; QA recommended
ES,recubrir,Subjuntivo,Subjuntivo presente,yo,recubra,16,reviewed,irregular participle recubierto chosen for compound tenses; QA recommended
ES,recubrir,Subjuntivo,Subjuntivo presente,tú,recubras,16,reviewed,irregular participle recubierto chosen for compound tenses; QA recommended
ES,recubrir,Subjuntivo,Subjuntivo presente,él,recubra,16,reviewed,irregular participle recubierto chosen for compound tenses; QA recommended
ES,recubrir,Subjuntivo,Subjuntivo presente,nosotros,recubramos,16,reviewed,irregular participle recubierto chosen for compound tenses; QA recommended
ES,recubrir,Subjuntivo,Subjuntivo presente,vosotros,recubráis,16,reviewed,irregular participle recubierto chosen for compound tenses; QA recommended
ES,recubrir,Subjuntivo,Subjuntivo presente,ellos,recubran,16,reviewed,irregular participle recubierto chosen for compound tenses; QA recommended
ES,recubrir,Indicativo,Pretérito perfecto simple,yo,recubrí,16,reviewed,irregular participle recubierto chosen for compound tenses; QA recommended
ES,recubrir,Indicativo,Pretérito perfecto simple,tú,recubriste,16,reviewed,irregular participle recubierto chosen for compound tenses; QA recommended
ES,recubrir,Indicativo,Pretérito perfecto simple,él,recubrió,16,reviewed,irregular participle recubierto chosen for compound tenses; QA recommended
ES,recubrir,Indicativo,Pretérito perfecto simple,nosotros,recubrimos,16,reviewed,irregular participle recubierto chosen for compound tenses; QA recommended
ES,recubrir,Indicativo,Pretérito perfecto simple,vosotros,recubristeis,16,reviewed,irregular participle recubierto chosen for compound tenses; QA recommended
ES,recubrir,Indicativo,Pretérito perfecto simple,ellos,recubrieron,16,reviewed,irregular participle recubierto chosen for compound tenses; QA recommended
ES,recubrir,Indicativo,Pretérito pluscuamperfecto,yo,había recubierto,16,reviewed,irregular participle recubierto chosen for compound tenses; QA recommended
ES,recubrir,Indicativo,Pretérito pluscuamperfecto,tú,habías recubierto,16,reviewed,irregular participle recubierto chosen for compound tenses; QA recommended
ES,recubrir,Indicativo,Pretérito pluscuamperfecto,él,había recubierto,16,reviewed,irregular participle recubierto chosen for compound tenses; QA recommended
ES,recubrir,Indicativo,Pretérito pluscuamperfecto,nosotros,habíamos recubierto,16,reviewed,irregular participle recubierto chosen for compound tenses; QA recommended
ES,recubrir,Indicativo,Pretérito pluscuamperfecto,vosotros,habíais recubierto,16,reviewed,irregular participle recubierto chosen for compound tenses; QA recommended
ES,recubrir,Indicativo,Pretérito pluscuamperfecto,ellos,habían recubierto,16,reviewed,irregular participle recubierto chosen for compound tenses; QA recommended
ES,cubrir,Indicativo,Presente,yo,cubro,16,reviewed,irregular participle cubierto chosen for compound tenses; QA recommended
ES,cubrir,Indicativo,Presente,tú,cubres,16,reviewed,irregular participle cubierto chosen for compound tenses; QA recommended
ES,cubrir,Indicativo,Presente,él,cubre,16,reviewed,irregular participle cubierto chosen for compound tenses; QA recommended
ES,cubrir,Indicativo,Presente,nosotros,cubrimos,16,reviewed,irregular participle cubierto chosen for compound tenses; QA recommended
ES,cubrir,Indicativo,Presente,vosotros,cubrís,16,reviewed,irregular participle cubierto chosen for compound tenses; QA recommended
ES,cubrir,Indicativo,Presente,ellos,cubren,16,reviewed,irregular participle cubierto chosen for compound tenses; QA recommended
ES,cubrir,Indicativo,Futuro,yo,cubriré,16,reviewed,irregular participle cubierto chosen for compound tenses; QA recommended
ES,cubrir,Indicativo,Futuro,tú,cubrirás,16,reviewed,irregular participle cubierto chosen for compound tenses; QA recommended
ES,cubrir,Indicativo,Futuro,él,cubrirá,16,reviewed,irregular participle cubierto chosen for compound tenses; QA recommended
ES,cubrir,Indicativo,Futuro,nosotros,cubriremos,16,reviewed,irregular participle cubierto chosen for compound tenses; QA recommended
ES,cubrir,Indicativo,Futuro,vosotros,cubriréis,16,reviewed,irregular participle cubierto chosen for compound tenses; QA recommended
ES,cubrir,Indicativo,Futuro,ellos,cubrirán,16,reviewed,irregular participle cubierto chosen for compound tenses; QA recommended
ES,cubrir,Indicativo,Pretérito perfecto compuesto,yo,he cubierto,16,reviewed,irregular participle cubierto chosen for compound tenses; QA recommended
ES,cubrir,Indicativo,Pretérito perfecto compuesto,tú,has cubierto,16,reviewed,irregular participle cubierto chosen for compound tenses; QA recommended
ES,cubrir,Indicativo,Pretérito perfecto compuesto,él,ha cubierto,16,reviewed,irregular participle cubierto chosen for compound tenses; QA recommended
ES,cubrir,Indicativo,Pretérito perfecto compuesto,nosotros,hemos cubierto,16,reviewed,irregular participle cubierto chosen for compound tenses; QA recommended
ES,cubrir,Indicativo,Pretérito perfecto compuesto,vosotros,habéis cubierto,16,reviewed,irregular participle cubierto chosen for compound tenses; QA recommended
ES,cubrir,Indicativo,Pretérito perfecto compuesto,ellos,han cubierto,16,reviewed,irregular participle cubierto chosen for compound tenses; QA recommended
ES,cubrir,Indicativo,Pretérito imperfecto,yo,cubría,16,reviewed,irregular participle cubierto chosen for compound tenses; QA recommended
ES,cubrir,Indicativo,Pretérito imperfecto,tú,cubrías,16,reviewed,irregular participle cubierto chosen for compound tenses; QA recommended
ES,cubrir,Indicativo,Pretérito imperfecto,él,cubría,16,reviewed,irregular participle cubierto chosen for compound tenses; QA recommended
ES,cubrir,Indicativo,Pretérito imperfecto,nosotros,cubríamos,16,reviewed,irregular participle cubierto chosen for compound tenses; QA recommended
ES,cubrir,Indicativo,Pretérito imperfecto,vosotros,cubríais,16,reviewed,irregular participle cubierto chosen for compound tenses; QA recommended
ES,cubrir,Indicativo,Pretérito imperfecto,ellos,cubrían,16,reviewed,irregular participle cubierto chosen for compound tenses; QA recommended
ES,cubrir,Condicional,Condicional,yo,cubriría,16,reviewed,irregular participle cubierto chosen for compound tenses; QA recommended
ES,cubrir,Condicional,Condicional,tú,cubrirías,16,reviewed,irregular participle cubierto chosen for compound tenses; QA recommended
ES,cubrir,Condicional,Condicional,él,cubriría,16,reviewed,irregular participle cubierto chosen for compound tenses; QA recommended
ES,cubrir,Condicional,Condicional,nosotros,cubriríamos,16,reviewed,irregular participle cubierto chosen for compound tenses; QA recommended
ES,cubrir,Condicional,Condicional,vosotros,cubriríais,16,reviewed,irregular participle cubierto chosen for compound tenses; QA recommended
ES,cubrir,Condicional,Condicional,ellos,cubrirían,16,reviewed,irregular participle cubierto chosen for compound tenses; QA recommended
ES,cubrir,Imperativo,Imperativo,yo,-,16,reviewed,irregular participle cubierto chosen for compound tenses; QA recommended; Spanish has no standard first-person singular imperative; placeholder - used
ES,cubrir,Imperativo,Imperativo,tú,cubre,16,reviewed,irregular participle cubierto chosen for compound tenses; QA recommended
ES,cubrir,Imperativo,Imperativo,él,cubra,16,reviewed,irregular participle cubierto chosen for compound tenses; QA recommended
ES,cubrir,Imperativo,Imperativo,nosotros,cubramos,16,reviewed,irregular participle cubierto chosen for compound tenses; QA recommended
ES,cubrir,Imperativo,Imperativo,vosotros,cubrid,16,reviewed,irregular participle cubierto chosen for compound tenses; QA recommended
ES,cubrir,Imperativo,Imperativo,ellos,cubran,16,reviewed,irregular participle cubierto chosen for compound tenses; QA recommended
ES,cubrir,Indicativo,Futuro perfecto,yo,habré cubierto,16,reviewed,irregular participle cubierto chosen for compound tenses; QA recommended
ES,cubrir,Indicativo,Futuro perfecto,tú,habrás cubierto,16,reviewed,irregular participle cubierto chosen for compound tenses; QA recommended
ES,cubrir,Indicativo,Futuro perfecto,él,habrá cubierto,16,reviewed,irregular participle cubierto chosen for compound tenses; QA recommended
ES,cubrir,Indicativo,Futuro perfecto,nosotros,habremos cubierto,16,reviewed,irregular participle cubierto chosen for compound tenses; QA recommended
ES,cubrir,Indicativo,Futuro perfecto,vosotros,habréis cubierto,16,reviewed,irregular participle cubierto chosen for compound tenses; QA recommended
ES,cubrir,Indicativo,Futuro perfecto,ellos,habrán cubierto,16,reviewed,irregular participle cubierto chosen for compound tenses; QA recommended
ES,cubrir,Subjuntivo,Subjuntivo presente,yo,cubra,16,reviewed,irregular participle cubierto chosen for compound tenses; QA recommended
ES,cubrir,Subjuntivo,Subjuntivo presente,tú,cubras,16,reviewed,irregular participle cubierto chosen for compound tenses; QA recommended
ES,cubrir,Subjuntivo,Subjuntivo presente,él,cubra,16,reviewed,irregular participle cubierto chosen for compound tenses; QA recommended
ES,cubrir,Subjuntivo,Subjuntivo presente,nosotros,cubramos,16,reviewed,irregular participle cubierto chosen for compound tenses; QA recommended
ES,cubrir,Subjuntivo,Subjuntivo presente,vosotros,cubráis,16,reviewed,irregular participle cubierto chosen for compound tenses; QA recommended
ES,cubrir,Subjuntivo,Subjuntivo presente,ellos,cubran,16,reviewed,irregular participle cubierto chosen for compound tenses; QA recommended
ES,cubrir,Indicativo,Pretérito perfecto simple,yo,cubrí,16,reviewed,irregular participle cubierto chosen for compound tenses; QA recommended
ES,cubrir,Indicativo,Pretérito perfecto simple,tú,cubriste,16,reviewed,irregular participle cubierto chosen for compound tenses; QA recommended
ES,cubrir,Indicativo,Pretérito perfecto simple,él,cubrió,16,reviewed,irregular participle cubierto chosen for compound tenses; QA recommended
ES,cubrir,Indicativo,Pretérito perfecto simple,nosotros,cubrimos,16,reviewed,irregular participle cubierto chosen for compound tenses; QA recommended
ES,cubrir,Indicativo,Pretérito perfecto simple,vosotros,cubristeis,16,reviewed,irregular participle cubierto chosen for compound tenses; QA recommended
ES,cubrir,Indicativo,Pretérito perfecto simple,ellos,cubrieron,16,reviewed,irregular participle cubierto chosen for compound tenses; QA recommended
ES,cubrir,Indicativo,Pretérito pluscuamperfecto,yo,había cubierto,16,reviewed,irregular participle cubierto chosen for compound tenses; QA recommended
ES,cubrir,Indicativo,Pretérito pluscuamperfecto,tú,habías cubierto,16,reviewed,irregular participle cubierto chosen for compound tenses; QA recommended
ES,cubrir,Indicativo,Pretérito pluscuamperfecto,él,había cubierto,16,reviewed,irregular participle cubierto chosen for compound tenses; QA recommended
ES,cubrir,Indicativo,Pretérito pluscuamperfecto,nosotros,habíamos cubierto,16,reviewed,irregular participle cubierto chosen for compound tenses; QA recommended
ES,cubrir,Indicativo,Pretérito pluscuamperfecto,vosotros,habíais cubierto,16,reviewed,irregular participle cubierto chosen for compound tenses; QA recommended
ES,cubrir,Indicativo,Pretérito pluscuamperfecto,ellos,habían cubierto,16,reviewed,irregular participle cubierto chosen for compound tenses; QA recommended
ES,criticar,Indicativo,Presente,yo,critico,16,reviewed,
ES,criticar,Indicativo,Presente,tú,criticas,16,reviewed,
ES,criticar,Indicativo,Presente,él,critica,16,reviewed,
ES,criticar,Indicativo,Presente,nosotros,criticamos,16,reviewed,
ES,criticar,Indicativo,Presente,vosotros,criticáis,16,reviewed,
ES,criticar,Indicativo,Presente,ellos,critican,16,reviewed,
ES,criticar,Indicativo,Futuro,yo,criticaré,16,reviewed,
ES,criticar,Indicativo,Futuro,tú,criticarás,16,reviewed,
ES,criticar,Indicativo,Futuro,él,criticará,16,reviewed,
ES,criticar,Indicativo,Futuro,nosotros,criticaremos,16,reviewed,
ES,criticar,Indicativo,Futuro,vosotros,criticaréis,16,reviewed,
ES,criticar,Indicativo,Futuro,ellos,criticarán,16,reviewed,
ES,criticar,Indicativo,Pretérito perfecto compuesto,yo,he criticado,16,reviewed,
ES,criticar,Indicativo,Pretérito perfecto compuesto,tú,has criticado,16,reviewed,
ES,criticar,Indicativo,Pretérito perfecto compuesto,él,ha criticado,16,reviewed,
ES,criticar,Indicativo,Pretérito perfecto compuesto,nosotros,hemos criticado,16,reviewed,
ES,criticar,Indicativo,Pretérito perfecto compuesto,vosotros,habéis criticado,16,reviewed,
ES,criticar,Indicativo,Pretérito perfecto compuesto,ellos,han criticado,16,reviewed,
ES,criticar,Indicativo,Pretérito imperfecto,yo,criticaba,16,reviewed,
ES,criticar,Indicativo,Pretérito imperfecto,tú,criticabas,16,reviewed,
ES,criticar,Indicativo,Pretérito imperfecto,él,criticaba,16,reviewed,
ES,criticar,Indicativo,Pretérito imperfecto,nosotros,criticábamos,16,reviewed,
ES,criticar,Indicativo,Pretérito imperfecto,vosotros,criticabais,16,reviewed,
ES,criticar,Indicativo,Pretérito imperfecto,ellos,criticaban,16,reviewed,
ES,criticar,Condicional,Condicional,yo,criticaría,16,reviewed,
ES,criticar,Condicional,Condicional,tú,criticarías,16,reviewed,
ES,criticar,Condicional,Condicional,él,criticaría,16,reviewed,
ES,criticar,Condicional,Condicional,nosotros,criticaríamos,16,reviewed,
ES,criticar,Condicional,Condicional,vosotros,criticaríais,16,reviewed,
ES,criticar,Condicional,Condicional,ellos,criticarían,16,reviewed,
ES,criticar,Imperativo,Imperativo,yo,-,16,reviewed,Spanish has no standard first-person singular imperative; placeholder - used
ES,criticar,Imperativo,Imperativo,tú,critica,16,reviewed,
ES,criticar,Imperativo,Imperativo,él,critique,16,reviewed,
ES,criticar,Imperativo,Imperativo,nosotros,critiquemos,16,reviewed,
ES,criticar,Imperativo,Imperativo,vosotros,criticad,16,reviewed,
ES,criticar,Imperativo,Imperativo,ellos,critiquen,16,reviewed,
ES,criticar,Indicativo,Futuro perfecto,yo,habré criticado,16,reviewed,
ES,criticar,Indicativo,Futuro perfecto,tú,habrás criticado,16,reviewed,
ES,criticar,Indicativo,Futuro perfecto,él,habrá criticado,16,reviewed,
ES,criticar,Indicativo,Futuro perfecto,nosotros,habremos criticado,16,reviewed,
ES,criticar,Indicativo,Futuro perfecto,vosotros,habréis criticado,16,reviewed,
ES,criticar,Indicativo,Futuro perfecto,ellos,habrán criticado,16,reviewed,
ES,criticar,Subjuntivo,Subjuntivo presente,yo,critique,16,reviewed,
ES,criticar,Subjuntivo,Subjuntivo presente,tú,critiques,16,reviewed,
ES,criticar,Subjuntivo,Subjuntivo presente,él,critique,16,reviewed,
ES,criticar,Subjuntivo,Subjuntivo presente,nosotros,critiquemos,16,reviewed,
ES,criticar,Subjuntivo,Subjuntivo presente,vosotros,critiquéis,16,reviewed,
ES,criticar,Subjuntivo,Subjuntivo presente,ellos,critiquen,16,reviewed,
ES,criticar,Indicativo,Pretérito perfecto simple,yo,critiqué,16,reviewed,
ES,criticar,Indicativo,Pretérito perfecto simple,tú,criticaste,16,reviewed,
ES,criticar,Indicativo,Pretérito perfecto simple,él,criticó,16,reviewed,
ES,criticar,Indicativo,Pretérito perfecto simple,nosotros,criticamos,16,reviewed,
ES,criticar,Indicativo,Pretérito perfecto simple,vosotros,criticasteis,16,reviewed,
ES,criticar,Indicativo,Pretérito perfecto simple,ellos,criticaron,16,reviewed,
ES,criticar,Indicativo,Pretérito pluscuamperfecto,yo,había criticado,16,reviewed,
ES,criticar,Indicativo,Pretérito pluscuamperfecto,tú,habías criticado,16,reviewed,
ES,criticar,Indicativo,Pretérito pluscuamperfecto,él,había criticado,16,reviewed,
ES,criticar,Indicativo,Pretérito pluscuamperfecto,nosotros,habíamos criticado,16,reviewed,
ES,criticar,Indicativo,Pretérito pluscuamperfecto,vosotros,habíais criticado,16,reviewed,
ES,criticar,Indicativo,Pretérito pluscuamperfecto,ellos,habían criticado,16,reviewed,
ES,cruzar,Indicativo,Presente,yo,cruzo,16,reviewed,
ES,cruzar,Indicativo,Presente,tú,cruzas,16,reviewed,
ES,cruzar,Indicativo,Presente,él,cruza,16,reviewed,
ES,cruzar,Indicativo,Presente,nosotros,cruzamos,16,reviewed,
ES,cruzar,Indicativo,Presente,vosotros,cruzáis,16,reviewed,
ES,cruzar,Indicativo,Presente,ellos,cruzan,16,reviewed,
ES,cruzar,Indicativo,Futuro,yo,cruzaré,16,reviewed,
ES,cruzar,Indicativo,Futuro,tú,cruzarás,16,reviewed,
ES,cruzar,Indicativo,Futuro,él,cruzará,16,reviewed,
ES,cruzar,Indicativo,Futuro,nosotros,cruzaremos,16,reviewed,
ES,cruzar,Indicativo,Futuro,vosotros,cruzaréis,16,reviewed,
ES,cruzar,Indicativo,Futuro,ellos,cruzarán,16,reviewed,
ES,cruzar,Indicativo,Pretérito perfecto compuesto,yo,he cruzado,16,reviewed,
ES,cruzar,Indicativo,Pretérito perfecto compuesto,tú,has cruzado,16,reviewed,
ES,cruzar,Indicativo,Pretérito perfecto compuesto,él,ha cruzado,16,reviewed,
ES,cruzar,Indicativo,Pretérito perfecto compuesto,nosotros,hemos cruzado,16,reviewed,
ES,cruzar,Indicativo,Pretérito perfecto compuesto,vosotros,habéis cruzado,16,reviewed,
ES,cruzar,Indicativo,Pretérito perfecto compuesto,ellos,han cruzado,16,reviewed,
ES,cruzar,Indicativo,Pretérito imperfecto,yo,cruzaba,16,reviewed,
ES,cruzar,Indicativo,Pretérito imperfecto,tú,cruzabas,16,reviewed,
ES,cruzar,Indicativo,Pretérito imperfecto,él,cruzaba,16,reviewed,
ES,cruzar,Indicativo,Pretérito imperfecto,nosotros,cruzábamos,16,reviewed,
ES,cruzar,Indicativo,Pretérito imperfecto,vosotros,cruzabais,16,reviewed,
ES,cruzar,Indicativo,Pretérito imperfecto,ellos,cruzaban,16,reviewed,
ES,cruzar,Condicional,Condicional,yo,cruzaría,16,reviewed,
ES,cruzar,Condicional,Condicional,tú,cruzarías,16,reviewed,
ES,cruzar,Condicional,Condicional,él,cruzaría,16,reviewed,
ES,cruzar,Condicional,Condicional,nosotros,cruzaríamos,16,reviewed,
ES,cruzar,Condicional,Condicional,vosotros,cruzaríais,16,reviewed,
ES,cruzar,Condicional,Condicional,ellos,cruzarían,16,reviewed,
ES,cruzar,Imperativo,Imperativo,yo,-,16,reviewed,Spanish has no standard first-person singular imperative; placeholder - used
ES,cruzar,Imperativo,Imperativo,tú,cruza,16,reviewed,
ES,cruzar,Imperativo,Imperativo,él,cruce,16,reviewed,
ES,cruzar,Imperativo,Imperativo,nosotros,crucemos,16,reviewed,
ES,cruzar,Imperativo,Imperativo,vosotros,cruzad,16,reviewed,
ES,cruzar,Imperativo,Imperativo,ellos,crucen,16,reviewed,
ES,cruzar,Indicativo,Futuro perfecto,yo,habré cruzado,16,reviewed,
ES,cruzar,Indicativo,Futuro perfecto,tú,habrás cruzado,16,reviewed,
ES,cruzar,Indicativo,Futuro perfecto,él,habrá cruzado,16,reviewed,
ES,cruzar,Indicativo,Futuro perfecto,nosotros,habremos cruzado,16,reviewed,
ES,cruzar,Indicativo,Futuro perfecto,vosotros,habréis cruzado,16,reviewed,
ES,cruzar,Indicativo,Futuro perfecto,ellos,habrán cruzado,16,reviewed,
ES,cruzar,Subjuntivo,Subjuntivo presente,yo,cruce,16,reviewed,
ES,cruzar,Subjuntivo,Subjuntivo presente,tú,cruces,16,reviewed,
ES,cruzar,Subjuntivo,Subjuntivo presente,él,cruce,16,reviewed,
ES,cruzar,Subjuntivo,Subjuntivo presente,nosotros,crucemos,16,reviewed,
ES,cruzar,Subjuntivo,Subjuntivo presente,vosotros,crucéis,16,reviewed,
ES,cruzar,Subjuntivo,Subjuntivo presente,ellos,crucen,16,reviewed,
ES,cruzar,Indicativo,Pretérito perfecto simple,yo,crucé,16,reviewed,
ES,cruzar,Indicativo,Pretérito perfecto simple,tú,cruzaste,16,reviewed,
ES,cruzar,Indicativo,Pretérito perfecto simple,él,cruzó,16,reviewed,
ES,cruzar,Indicativo,Pretérito perfecto simple,nosotros,cruzamos,16,reviewed,
ES,cruzar,Indicativo,Pretérito perfecto simple,vosotros,cruzasteis,16,reviewed,
ES,cruzar,Indicativo,Pretérito perfecto simple,ellos,cruzaron,16,reviewed,
ES,cruzar,Indicativo,Pretérito pluscuamperfecto,yo,había cruzado,16,reviewed,
ES,cruzar,Indicativo,Pretérito pluscuamperfecto,tú,habías cruzado,16,reviewed,
ES,cruzar,Indicativo,Pretérito pluscuamperfecto,él,había cruzado,16,reviewed,
ES,cruzar,Indicativo,Pretérito pluscuamperfecto,nosotros,habíamos cruzado,16,reviewed,
ES,cruzar,Indicativo,Pretérito pluscuamperfecto,vosotros,habíais cruzado,16,reviewed,
ES,cruzar,Indicativo,Pretérito pluscuamperfecto,ellos,habían cruzado,16,reviewed,
ES,doblar,Indicativo,Presente,yo,doblo,16,reviewed,
ES,doblar,Indicativo,Presente,tú,doblas,16,reviewed,
ES,doblar,Indicativo,Presente,él,dobla,16,reviewed,
ES,doblar,Indicativo,Presente,nosotros,doblamos,16,reviewed,
ES,doblar,Indicativo,Presente,vosotros,dobláis,16,reviewed,
ES,doblar,Indicativo,Presente,ellos,doblan,16,reviewed,
ES,doblar,Indicativo,Futuro,yo,doblaré,16,reviewed,
ES,doblar,Indicativo,Futuro,tú,doblarás,16,reviewed,
ES,doblar,Indicativo,Futuro,él,doblará,16,reviewed,
ES,doblar,Indicativo,Futuro,nosotros,doblaremos,16,reviewed,
ES,doblar,Indicativo,Futuro,vosotros,doblaréis,16,reviewed,
ES,doblar,Indicativo,Futuro,ellos,doblarán,16,reviewed,
ES,doblar,Indicativo,Pretérito perfecto compuesto,yo,he doblado,16,reviewed,
ES,doblar,Indicativo,Pretérito perfecto compuesto,tú,has doblado,16,reviewed,
ES,doblar,Indicativo,Pretérito perfecto compuesto,él,ha doblado,16,reviewed,
ES,doblar,Indicativo,Pretérito perfecto compuesto,nosotros,hemos doblado,16,reviewed,
ES,doblar,Indicativo,Pretérito perfecto compuesto,vosotros,habéis doblado,16,reviewed,
ES,doblar,Indicativo,Pretérito perfecto compuesto,ellos,han doblado,16,reviewed,
ES,doblar,Indicativo,Pretérito imperfecto,yo,doblaba,16,reviewed,
ES,doblar,Indicativo,Pretérito imperfecto,tú,doblabas,16,reviewed,
ES,doblar,Indicativo,Pretérito imperfecto,él,doblaba,16,reviewed,
ES,doblar,Indicativo,Pretérito imperfecto,nosotros,doblábamos,16,reviewed,
ES,doblar,Indicativo,Pretérito imperfecto,vosotros,doblabais,16,reviewed,
ES,doblar,Indicativo,Pretérito imperfecto,ellos,doblaban,16,reviewed,
ES,doblar,Condicional,Condicional,yo,doblaría,16,reviewed,
ES,doblar,Condicional,Condicional,tú,doblarías,16,reviewed,
ES,doblar,Condicional,Condicional,él,doblaría,16,reviewed,
ES,doblar,Condicional,Condicional,nosotros,doblaríamos,16,reviewed,
ES,doblar,Condicional,Condicional,vosotros,doblaríais,16,reviewed,
ES,doblar,Condicional,Condicional,ellos,doblarían,16,reviewed,
ES,doblar,Imperativo,Imperativo,yo,-,16,reviewed,Spanish has no standard first-person singular imperative; placeholder - used
ES,doblar,Imperativo,Imperativo,tú,dobla,16,reviewed,
ES,doblar,Imperativo,Imperativo,él,doble,16,reviewed,
ES,doblar,Imperativo,Imperativo,nosotros,doblemos,16,reviewed,
ES,doblar,Imperativo,Imperativo,vosotros,doblad,16,reviewed,
ES,doblar,Imperativo,Imperativo,ellos,doblen,16,reviewed,
ES,doblar,Indicativo,Futuro perfecto,yo,habré doblado,16,reviewed,
ES,doblar,Indicativo,Futuro perfecto,tú,habrás doblado,16,reviewed,
ES,doblar,Indicativo,Futuro perfecto,él,habrá doblado,16,reviewed,
ES,doblar,Indicativo,Futuro perfecto,nosotros,habremos doblado,16,reviewed,
ES,doblar,Indicativo,Futuro perfecto,vosotros,habréis doblado,16,reviewed,
ES,doblar,Indicativo,Futuro perfecto,ellos,habrán doblado,16,reviewed,
ES,doblar,Subjuntivo,Subjuntivo presente,yo,doble,16,reviewed,
ES,doblar,Subjuntivo,Subjuntivo presente,tú,dobles,16,reviewed,
ES,doblar,Subjuntivo,Subjuntivo presente,él,doble,16,reviewed,
ES,doblar,Subjuntivo,Subjuntivo presente,nosotros,doblemos,16,reviewed,
ES,doblar,Subjuntivo,Subjuntivo presente,vosotros,dobléis,16,reviewed,
ES,doblar,Subjuntivo,Subjuntivo presente,ellos,doblen,16,reviewed,
ES,doblar,Indicativo,Pretérito perfecto simple,yo,doblé,16,reviewed,
ES,doblar,Indicativo,Pretérito perfecto simple,tú,doblaste,16,reviewed,
ES,doblar,Indicativo,Pretérito perfecto simple,él,dobló,16,reviewed,
ES,doblar,Indicativo,Pretérito perfecto simple,nosotros,doblamos,16,reviewed,
ES,doblar,Indicativo,Pretérito perfecto simple,vosotros,doblasteis,16,reviewed,
ES,doblar,Indicativo,Pretérito perfecto simple,ellos,doblaron,16,reviewed,
ES,doblar,Indicativo,Pretérito pluscuamperfecto,yo,había doblado,16,reviewed,
ES,doblar,Indicativo,Pretérito pluscuamperfecto,tú,habías doblado,16,reviewed,
ES,doblar,Indicativo,Pretérito pluscuamperfecto,él,había doblado,16,reviewed,
ES,doblar,Indicativo,Pretérito pluscuamperfecto,nosotros,habíamos doblado,16,reviewed,
ES,doblar,Indicativo,Pretérito pluscuamperfecto,vosotros,habíais doblado,16,reviewed,
ES,doblar,Indicativo,Pretérito pluscuamperfecto,ellos,habían doblado,16,reviewed,
ES,adelantar,Indicativo,Presente,yo,adelanto,16,reviewed,
ES,adelantar,Indicativo,Presente,tú,adelantas,16,reviewed,
ES,adelantar,Indicativo,Presente,él,adelanta,16,reviewed,
ES,adelantar,Indicativo,Presente,nosotros,adelantamos,16,reviewed,
ES,adelantar,Indicativo,Presente,vosotros,adelantáis,16,reviewed,
ES,adelantar,Indicativo,Presente,ellos,adelantan,16,reviewed,
ES,adelantar,Indicativo,Futuro,yo,adelantaré,16,reviewed,
ES,adelantar,Indicativo,Futuro,tú,adelantarás,16,reviewed,
ES,adelantar,Indicativo,Futuro,él,adelantará,16,reviewed,
ES,adelantar,Indicativo,Futuro,nosotros,adelantaremos,16,reviewed,
ES,adelantar,Indicativo,Futuro,vosotros,adelantaréis,16,reviewed,
ES,adelantar,Indicativo,Futuro,ellos,adelantarán,16,reviewed,
ES,adelantar,Indicativo,Pretérito perfecto compuesto,yo,he adelantado,16,reviewed,
ES,adelantar,Indicativo,Pretérito perfecto compuesto,tú,has adelantado,16,reviewed,
ES,adelantar,Indicativo,Pretérito perfecto compuesto,él,ha adelantado,16,reviewed,
ES,adelantar,Indicativo,Pretérito perfecto compuesto,nosotros,hemos adelantado,16,reviewed,
ES,adelantar,Indicativo,Pretérito perfecto compuesto,vosotros,habéis adelantado,16,reviewed,
ES,adelantar,Indicativo,Pretérito perfecto compuesto,ellos,han adelantado,16,reviewed,
ES,adelantar,Indicativo,Pretérito imperfecto,yo,adelantaba,16,reviewed,
ES,adelantar,Indicativo,Pretérito imperfecto,tú,adelantabas,16,reviewed,
ES,adelantar,Indicativo,Pretérito imperfecto,él,adelantaba,16,reviewed,
ES,adelantar,Indicativo,Pretérito imperfecto,nosotros,adelantábamos,16,reviewed,
ES,adelantar,Indicativo,Pretérito imperfecto,vosotros,adelantabais,16,reviewed,
ES,adelantar,Indicativo,Pretérito imperfecto,ellos,adelantaban,16,reviewed,
ES,adelantar,Condicional,Condicional,yo,adelantaría,16,reviewed,
ES,adelantar,Condicional,Condicional,tú,adelantarías,16,reviewed,
ES,adelantar,Condicional,Condicional,él,adelantaría,16,reviewed,
ES,adelantar,Condicional,Condicional,nosotros,adelantaríamos,16,reviewed,
ES,adelantar,Condicional,Condicional,vosotros,adelantaríais,16,reviewed,
ES,adelantar,Condicional,Condicional,ellos,adelantarían,16,reviewed,
ES,adelantar,Imperativo,Imperativo,yo,-,16,reviewed,Spanish has no standard first-person singular imperative; placeholder - used
ES,adelantar,Imperativo,Imperativo,tú,adelanta,16,reviewed,
ES,adelantar,Imperativo,Imperativo,él,adelante,16,reviewed,
ES,adelantar,Imperativo,Imperativo,nosotros,adelantemos,16,reviewed,
ES,adelantar,Imperativo,Imperativo,vosotros,adelantad,16,reviewed,
ES,adelantar,Imperativo,Imperativo,ellos,adelanten,16,reviewed,
ES,adelantar,Indicativo,Futuro perfecto,yo,habré adelantado,16,reviewed,
ES,adelantar,Indicativo,Futuro perfecto,tú,habrás adelantado,16,reviewed,
ES,adelantar,Indicativo,Futuro perfecto,él,habrá adelantado,16,reviewed,
ES,adelantar,Indicativo,Futuro perfecto,nosotros,habremos adelantado,16,reviewed,
ES,adelantar,Indicativo,Futuro perfecto,vosotros,habréis adelantado,16,reviewed,
ES,adelantar,Indicativo,Futuro perfecto,ellos,habrán adelantado,16,reviewed,
ES,adelantar,Subjuntivo,Subjuntivo presente,yo,adelante,16,reviewed,
ES,adelantar,Subjuntivo,Subjuntivo presente,tú,adelantes,16,reviewed,
ES,adelantar,Subjuntivo,Subjuntivo presente,él,adelante,16,reviewed,
ES,adelantar,Subjuntivo,Subjuntivo presente,nosotros,adelantemos,16,reviewed,
ES,adelantar,Subjuntivo,Subjuntivo presente,vosotros,adelantéis,16,reviewed,
ES,adelantar,Subjuntivo,Subjuntivo presente,ellos,adelanten,16,reviewed,
ES,adelantar,Indicativo,Pretérito perfecto simple,yo,adelanté,16,reviewed,
ES,adelantar,Indicativo,Pretérito perfecto simple,tú,adelantaste,16,reviewed,
ES,adelantar,Indicativo,Pretérito perfecto simple,él,adelantó,16,reviewed,
ES,adelantar,Indicativo,Pretérito perfecto simple,nosotros,adelantamos,16,reviewed,
ES,adelantar,Indicativo,Pretérito perfecto simple,vosotros,adelantasteis,16,reviewed,
ES,adelantar,Indicativo,Pretérito perfecto simple,ellos,adelantaron,16,reviewed,
ES,adelantar,Indicativo,Pretérito pluscuamperfecto,yo,había adelantado,16,reviewed,
ES,adelantar,Indicativo,Pretérito pluscuamperfecto,tú,habías adelantado,16,reviewed,
ES,adelantar,Indicativo,Pretérito pluscuamperfecto,él,había adelantado,16,reviewed,
ES,adelantar,Indicativo,Pretérito pluscuamperfecto,nosotros,habíamos adelantado,16,reviewed,
ES,adelantar,Indicativo,Pretérito pluscuamperfecto,vosotros,habíais adelantado,16,reviewed,
ES,adelantar,Indicativo,Pretérito pluscuamperfecto,ellos,habían adelantado,16,reviewed,
ES,conferir,Indicativo,Presente,yo,confiero,16,reviewed,stem-changing -ir paradigm; QA recommended
ES,conferir,Indicativo,Presente,tú,confieres,16,reviewed,stem-changing -ir paradigm; QA recommended
ES,conferir,Indicativo,Presente,él,confiere,16,reviewed,stem-changing -ir paradigm; QA recommended
ES,conferir,Indicativo,Presente,nosotros,conferimos,16,reviewed,stem-changing -ir paradigm; QA recommended
ES,conferir,Indicativo,Presente,vosotros,conferís,16,reviewed,stem-changing -ir paradigm; QA recommended
ES,conferir,Indicativo,Presente,ellos,confieren,16,reviewed,stem-changing -ir paradigm; QA recommended
ES,conferir,Indicativo,Futuro,yo,conferiré,16,reviewed,stem-changing -ir paradigm; QA recommended
ES,conferir,Indicativo,Futuro,tú,conferirás,16,reviewed,stem-changing -ir paradigm; QA recommended
ES,conferir,Indicativo,Futuro,él,conferirá,16,reviewed,stem-changing -ir paradigm; QA recommended
ES,conferir,Indicativo,Futuro,nosotros,conferiremos,16,reviewed,stem-changing -ir paradigm; QA recommended
ES,conferir,Indicativo,Futuro,vosotros,conferiréis,16,reviewed,stem-changing -ir paradigm; QA recommended
ES,conferir,Indicativo,Futuro,ellos,conferirán,16,reviewed,stem-changing -ir paradigm; QA recommended
ES,conferir,Indicativo,Pretérito perfecto compuesto,yo,he conferido,16,reviewed,stem-changing -ir paradigm; QA recommended
ES,conferir,Indicativo,Pretérito perfecto compuesto,tú,has conferido,16,reviewed,stem-changing -ir paradigm; QA recommended
ES,conferir,Indicativo,Pretérito perfecto compuesto,él,ha conferido,16,reviewed,stem-changing -ir paradigm; QA recommended
ES,conferir,Indicativo,Pretérito perfecto compuesto,nosotros,hemos conferido,16,reviewed,stem-changing -ir paradigm; QA recommended
ES,conferir,Indicativo,Pretérito perfecto compuesto,vosotros,habéis conferido,16,reviewed,stem-changing -ir paradigm; QA recommended
ES,conferir,Indicativo,Pretérito perfecto compuesto,ellos,han conferido,16,reviewed,stem-changing -ir paradigm; QA recommended
ES,conferir,Indicativo,Pretérito imperfecto,yo,confería,16,reviewed,stem-changing -ir paradigm; QA recommended
ES,conferir,Indicativo,Pretérito imperfecto,tú,conferías,16,reviewed,stem-changing -ir paradigm; QA recommended
ES,conferir,Indicativo,Pretérito imperfecto,él,confería,16,reviewed,stem-changing -ir paradigm; QA recommended
ES,conferir,Indicativo,Pretérito imperfecto,nosotros,conferíamos,16,reviewed,stem-changing -ir paradigm; QA recommended
ES,conferir,Indicativo,Pretérito imperfecto,vosotros,conferíais,16,reviewed,stem-changing -ir paradigm; QA recommended
ES,conferir,Indicativo,Pretérito imperfecto,ellos,conferían,16,reviewed,stem-changing -ir paradigm; QA recommended
ES,conferir,Condicional,Condicional,yo,conferiría,16,reviewed,stem-changing -ir paradigm; QA recommended
ES,conferir,Condicional,Condicional,tú,conferirías,16,reviewed,stem-changing -ir paradigm; QA recommended
ES,conferir,Condicional,Condicional,él,conferiría,16,reviewed,stem-changing -ir paradigm; QA recommended
ES,conferir,Condicional,Condicional,nosotros,conferiríamos,16,reviewed,stem-changing -ir paradigm; QA recommended
ES,conferir,Condicional,Condicional,vosotros,conferiríais,16,reviewed,stem-changing -ir paradigm; QA recommended
ES,conferir,Condicional,Condicional,ellos,conferirían,16,reviewed,stem-changing -ir paradigm; QA recommended
ES,conferir,Imperativo,Imperativo,yo,-,16,reviewed,stem-changing -ir paradigm; QA recommended; Spanish has no standard first-person singular imperative; placeholder - used
ES,conferir,Imperativo,Imperativo,tú,confiere,16,reviewed,stem-changing -ir paradigm; QA recommended
ES,conferir,Imperativo,Imperativo,él,confiera,16,reviewed,stem-changing -ir paradigm; QA recommended
ES,conferir,Imperativo,Imperativo,nosotros,confiramos,16,reviewed,stem-changing -ir paradigm; QA recommended
ES,conferir,Imperativo,Imperativo,vosotros,conferid,16,reviewed,stem-changing -ir paradigm; QA recommended
ES,conferir,Imperativo,Imperativo,ellos,confieran,16,reviewed,stem-changing -ir paradigm; QA recommended
ES,conferir,Indicativo,Futuro perfecto,yo,habré conferido,16,reviewed,stem-changing -ir paradigm; QA recommended
ES,conferir,Indicativo,Futuro perfecto,tú,habrás conferido,16,reviewed,stem-changing -ir paradigm; QA recommended
ES,conferir,Indicativo,Futuro perfecto,él,habrá conferido,16,reviewed,stem-changing -ir paradigm; QA recommended
ES,conferir,Indicativo,Futuro perfecto,nosotros,habremos conferido,16,reviewed,stem-changing -ir paradigm; QA recommended
ES,conferir,Indicativo,Futuro perfecto,vosotros,habréis conferido,16,reviewed,stem-changing -ir paradigm; QA recommended
ES,conferir,Indicativo,Futuro perfecto,ellos,habrán conferido,16,reviewed,stem-changing -ir paradigm; QA recommended
ES,conferir,Subjuntivo,Subjuntivo presente,yo,confiera,16,reviewed,stem-changing -ir paradigm; QA recommended
ES,conferir,Subjuntivo,Subjuntivo presente,tú,confieras,16,reviewed,stem-changing -ir paradigm; QA recommended
ES,conferir,Subjuntivo,Subjuntivo presente,él,confiera,16,reviewed,stem-changing -ir paradigm; QA recommended
ES,conferir,Subjuntivo,Subjuntivo presente,nosotros,confiramos,16,reviewed,stem-changing -ir paradigm; QA recommended
ES,conferir,Subjuntivo,Subjuntivo presente,vosotros,confiráis,16,reviewed,stem-changing -ir paradigm; QA recommended
ES,conferir,Subjuntivo,Subjuntivo presente,ellos,confieran,16,reviewed,stem-changing -ir paradigm; QA recommended
ES,conferir,Indicativo,Pretérito perfecto simple,yo,conferí,16,reviewed,stem-changing -ir paradigm; QA recommended
ES,conferir,Indicativo,Pretérito perfecto simple,tú,conferiste,16,reviewed,stem-changing -ir paradigm; QA recommended
ES,conferir,Indicativo,Pretérito perfecto simple,él,confirió,16,reviewed,stem-changing -ir paradigm; QA recommended
ES,conferir,Indicativo,Pretérito perfecto simple,nosotros,conferimos,16,reviewed,stem-changing -ir paradigm; QA recommended
ES,conferir,Indicativo,Pretérito perfecto simple,vosotros,conferisteis,16,reviewed,stem-changing -ir paradigm; QA recommended
ES,conferir,Indicativo,Pretérito perfecto simple,ellos,confirieron,16,reviewed,stem-changing -ir paradigm; QA recommended
ES,conferir,Indicativo,Pretérito pluscuamperfecto,yo,había conferido,16,reviewed,stem-changing -ir paradigm; QA recommended
ES,conferir,Indicativo,Pretérito pluscuamperfecto,tú,habías conferido,16,reviewed,stem-changing -ir paradigm; QA recommended
ES,conferir,Indicativo,Pretérito pluscuamperfecto,él,había conferido,16,reviewed,stem-changing -ir paradigm; QA recommended
ES,conferir,Indicativo,Pretérito pluscuamperfecto,nosotros,habíamos conferido,16,reviewed,stem-changing -ir paradigm; QA recommended
ES,conferir,Indicativo,Pretérito pluscuamperfecto,vosotros,habíais conferido,16,reviewed,stem-changing -ir paradigm; QA recommended
ES,conferir,Indicativo,Pretérito pluscuamperfecto,ellos,habían conferido,16,reviewed,stem-changing -ir paradigm; QA recommended
ES,recitar,Indicativo,Presente,yo,recito,16,reviewed,
ES,recitar,Indicativo,Presente,tú,recitas,16,reviewed,
ES,recitar,Indicativo,Presente,él,recita,16,reviewed,
ES,recitar,Indicativo,Presente,nosotros,recitamos,16,reviewed,
ES,recitar,Indicativo,Presente,vosotros,recitáis,16,reviewed,
ES,recitar,Indicativo,Presente,ellos,recitan,16,reviewed,
ES,recitar,Indicativo,Futuro,yo,recitaré,16,reviewed,
ES,recitar,Indicativo,Futuro,tú,recitarás,16,reviewed,
ES,recitar,Indicativo,Futuro,él,recitará,16,reviewed,
ES,recitar,Indicativo,Futuro,nosotros,recitaremos,16,reviewed,
ES,recitar,Indicativo,Futuro,vosotros,recitaréis,16,reviewed,
ES,recitar,Indicativo,Futuro,ellos,recitarán,16,reviewed,
ES,recitar,Indicativo,Pretérito perfecto compuesto,yo,he recitado,16,reviewed,
ES,recitar,Indicativo,Pretérito perfecto compuesto,tú,has recitado,16,reviewed,
ES,recitar,Indicativo,Pretérito perfecto compuesto,él,ha recitado,16,reviewed,
ES,recitar,Indicativo,Pretérito perfecto compuesto,nosotros,hemos recitado,16,reviewed,
ES,recitar,Indicativo,Pretérito perfecto compuesto,vosotros,habéis recitado,16,reviewed,
ES,recitar,Indicativo,Pretérito perfecto compuesto,ellos,han recitado,16,reviewed,
ES,recitar,Indicativo,Pretérito imperfecto,yo,recitaba,16,reviewed,
ES,recitar,Indicativo,Pretérito imperfecto,tú,recitabas,16,reviewed,
ES,recitar,Indicativo,Pretérito imperfecto,él,recitaba,16,reviewed,
ES,recitar,Indicativo,Pretérito imperfecto,nosotros,recitábamos,16,reviewed,
ES,recitar,Indicativo,Pretérito imperfecto,vosotros,recitabais,16,reviewed,
ES,recitar,Indicativo,Pretérito imperfecto,ellos,recitaban,16,reviewed,
ES,recitar,Condicional,Condicional,yo,recitaría,16,reviewed,
ES,recitar,Condicional,Condicional,tú,recitarías,16,reviewed,
ES,recitar,Condicional,Condicional,él,recitaría,16,reviewed,
ES,recitar,Condicional,Condicional,nosotros,recitaríamos,16,reviewed,
ES,recitar,Condicional,Condicional,vosotros,recitaríais,16,reviewed,
ES,recitar,Condicional,Condicional,ellos,recitarían,16,reviewed,
ES,recitar,Imperativo,Imperativo,yo,-,16,reviewed,Spanish has no standard first-person singular imperative; placeholder - used
ES,recitar,Imperativo,Imperativo,tú,recita,16,reviewed,
ES,recitar,Imperativo,Imperativo,él,recite,16,reviewed,
ES,recitar,Imperativo,Imperativo,nosotros,recitemos,16,reviewed,
ES,recitar,Imperativo,Imperativo,vosotros,recitad,16,reviewed,
ES,recitar,Imperativo,Imperativo,ellos,reciten,16,reviewed,
ES,recitar,Indicativo,Futuro perfecto,yo,habré recitado,16,reviewed,
ES,recitar,Indicativo,Futuro perfecto,tú,habrás recitado,16,reviewed,
ES,recitar,Indicativo,Futuro perfecto,él,habrá recitado,16,reviewed,
ES,recitar,Indicativo,Futuro perfecto,nosotros,habremos recitado,16,reviewed,
ES,recitar,Indicativo,Futuro perfecto,vosotros,habréis recitado,16,reviewed,
ES,recitar,Indicativo,Futuro perfecto,ellos,habrán recitado,16,reviewed,
ES,recitar,Subjuntivo,Subjuntivo presente,yo,recite,16,reviewed,
ES,recitar,Subjuntivo,Subjuntivo presente,tú,recites,16,reviewed,
ES,recitar,Subjuntivo,Subjuntivo presente,él,recite,16,reviewed,
ES,recitar,Subjuntivo,Subjuntivo presente,nosotros,recitemos,16,reviewed,
ES,recitar,Subjuntivo,Subjuntivo presente,vosotros,recitéis,16,reviewed,
ES,recitar,Subjuntivo,Subjuntivo presente,ellos,reciten,16,reviewed,
ES,recitar,Indicativo,Pretérito perfecto simple,yo,recité,16,reviewed,
ES,recitar,Indicativo,Pretérito perfecto simple,tú,recitaste,16,reviewed,
ES,recitar,Indicativo,Pretérito perfecto simple,él,recitó,16,reviewed,
ES,recitar,Indicativo,Pretérito perfecto simple,nosotros,recitamos,16,reviewed,
ES,recitar,Indicativo,Pretérito perfecto simple,vosotros,recitasteis,16,reviewed,
ES,recitar,Indicativo,Pretérito perfecto simple,ellos,recitaron,16,reviewed,
ES,recitar,Indicativo,Pretérito pluscuamperfecto,yo,había recitado,16,reviewed,
ES,recitar,Indicativo,Pretérito pluscuamperfecto,tú,habías recitado,16,reviewed,
ES,recitar,Indicativo,Pretérito pluscuamperfecto,él,había recitado,16,reviewed,
ES,recitar,Indicativo,Pretérito pluscuamperfecto,nosotros,habíamos recitado,16,reviewed,
ES,recitar,Indicativo,Pretérito pluscuamperfecto,vosotros,habíais recitado,16,reviewed,
ES,recitar,Indicativo,Pretérito pluscuamperfecto,ellos,habían recitado,16,reviewed,
ES,restaurar,Indicativo,Presente,yo,restauro,16,reviewed,
ES,restaurar,Indicativo,Presente,tú,restauras,16,reviewed,
ES,restaurar,Indicativo,Presente,él,restaura,16,reviewed,
ES,restaurar,Indicativo,Presente,nosotros,restauramos,16,reviewed,
ES,restaurar,Indicativo,Presente,vosotros,restauráis,16,reviewed,
ES,restaurar,Indicativo,Presente,ellos,restauran,16,reviewed,
ES,restaurar,Indicativo,Futuro,yo,restauraré,16,reviewed,
ES,restaurar,Indicativo,Futuro,tú,restaurarás,16,reviewed,
ES,restaurar,Indicativo,Futuro,él,restaurará,16,reviewed,
ES,restaurar,Indicativo,Futuro,nosotros,restauraremos,16,reviewed,
ES,restaurar,Indicativo,Futuro,vosotros,restauraréis,16,reviewed,
ES,restaurar,Indicativo,Futuro,ellos,restaurarán,16,reviewed,
ES,restaurar,Indicativo,Pretérito perfecto compuesto,yo,he restaurado,16,reviewed,
ES,restaurar,Indicativo,Pretérito perfecto compuesto,tú,has restaurado,16,reviewed,
ES,restaurar,Indicativo,Pretérito perfecto compuesto,él,ha restaurado,16,reviewed,
ES,restaurar,Indicativo,Pretérito perfecto compuesto,nosotros,hemos restaurado,16,reviewed,
ES,restaurar,Indicativo,Pretérito perfecto compuesto,vosotros,habéis restaurado,16,reviewed,
ES,restaurar,Indicativo,Pretérito perfecto compuesto,ellos,han restaurado,16,reviewed,
ES,restaurar,Indicativo,Pretérito imperfecto,yo,restauraba,16,reviewed,
ES,restaurar,Indicativo,Pretérito imperfecto,tú,restaurabas,16,reviewed,
ES,restaurar,Indicativo,Pretérito imperfecto,él,restauraba,16,reviewed,
ES,restaurar,Indicativo,Pretérito imperfecto,nosotros,restaurábamos,16,reviewed,
ES,restaurar,Indicativo,Pretérito imperfecto,vosotros,restaurabais,16,reviewed,
ES,restaurar,Indicativo,Pretérito imperfecto,ellos,restauraban,16,reviewed,
ES,restaurar,Condicional,Condicional,yo,restauraría,16,reviewed,
ES,restaurar,Condicional,Condicional,tú,restaurarías,16,reviewed,
ES,restaurar,Condicional,Condicional,él,restauraría,16,reviewed,
ES,restaurar,Condicional,Condicional,nosotros,restauraríamos,16,reviewed,
ES,restaurar,Condicional,Condicional,vosotros,restauraríais,16,reviewed,
ES,restaurar,Condicional,Condicional,ellos,restaurarían,16,reviewed,
ES,restaurar,Imperativo,Imperativo,yo,-,16,reviewed,Spanish has no standard first-person singular imperative; placeholder - used
ES,restaurar,Imperativo,Imperativo,tú,restaura,16,reviewed,
ES,restaurar,Imperativo,Imperativo,él,restaure,16,reviewed,
ES,restaurar,Imperativo,Imperativo,nosotros,restauremos,16,reviewed,
ES,restaurar,Imperativo,Imperativo,vosotros,restaurad,16,reviewed,
ES,restaurar,Imperativo,Imperativo,ellos,restauren,16,reviewed,
ES,restaurar,Indicativo,Futuro perfecto,yo,habré restaurado,16,reviewed,
ES,restaurar,Indicativo,Futuro perfecto,tú,habrás restaurado,16,reviewed,
ES,restaurar,Indicativo,Futuro perfecto,él,habrá restaurado,16,reviewed,
ES,restaurar,Indicativo,Futuro perfecto,nosotros,habremos restaurado,16,reviewed,
ES,restaurar,Indicativo,Futuro perfecto,vosotros,habréis restaurado,16,reviewed,
ES,restaurar,Indicativo,Futuro perfecto,ellos,habrán restaurado,16,reviewed,
ES,restaurar,Subjuntivo,Subjuntivo presente,yo,restaure,16,reviewed,
ES,restaurar,Subjuntivo,Subjuntivo presente,tú,restaures,16,reviewed,
ES,restaurar,Subjuntivo,Subjuntivo presente,él,restaure,16,reviewed,
ES,restaurar,Subjuntivo,Subjuntivo presente,nosotros,restauremos,16,reviewed,
ES,restaurar,Subjuntivo,Subjuntivo presente,vosotros,restauréis,16,reviewed,
ES,restaurar,Subjuntivo,Subjuntivo presente,ellos,restauren,16,reviewed,
ES,restaurar,Indicativo,Pretérito perfecto simple,yo,restauré,16,reviewed,
ES,restaurar,Indicativo,Pretérito perfecto simple,tú,restauraste,16,reviewed,
ES,restaurar,Indicativo,Pretérito perfecto simple,él,restauró,16,reviewed,
ES,restaurar,Indicativo,Pretérito perfecto simple,nosotros,restauramos,16,reviewed,
ES,restaurar,Indicativo,Pretérito perfecto simple,vosotros,restaurasteis,16,reviewed,
ES,restaurar,Indicativo,Pretérito perfecto simple,ellos,restauraron,16,reviewed,
ES,restaurar,Indicativo,Pretérito pluscuamperfecto,yo,había restaurado,16,reviewed,
ES,restaurar,Indicativo,Pretérito pluscuamperfecto,tú,habías restaurado,16,reviewed,
ES,restaurar,Indicativo,Pretérito pluscuamperfecto,él,había restaurado,16,reviewed,
ES,restaurar,Indicativo,Pretérito pluscuamperfecto,nosotros,habíamos restaurado,16,reviewed,
ES,restaurar,Indicativo,Pretérito pluscuamperfecto,vosotros,habíais restaurado,16,reviewed,
ES,restaurar,Indicativo,Pretérito pluscuamperfecto,ellos,habían restaurado,16,reviewed,
ES,resultar,Indicativo,Presente,yo,resulto,16,reviewed,
ES,resultar,Indicativo,Presente,tú,resultas,16,reviewed,
ES,resultar,Indicativo,Presente,él,resulta,16,reviewed,
ES,resultar,Indicativo,Presente,nosotros,resultamos,16,reviewed,
ES,resultar,Indicativo,Presente,vosotros,resultáis,16,reviewed,
ES,resultar,Indicativo,Presente,ellos,resultan,16,reviewed,
ES,resultar,Indicativo,Futuro,yo,resultaré,16,reviewed,
ES,resultar,Indicativo,Futuro,tú,resultarás,16,reviewed,
ES,resultar,Indicativo,Futuro,él,resultará,16,reviewed,
ES,resultar,Indicativo,Futuro,nosotros,resultaremos,16,reviewed,
ES,resultar,Indicativo,Futuro,vosotros,resultaréis,16,reviewed,
ES,resultar,Indicativo,Futuro,ellos,resultarán,16,reviewed,
ES,resultar,Indicativo,Pretérito perfecto compuesto,yo,he resultado,16,reviewed,
ES,resultar,Indicativo,Pretérito perfecto compuesto,tú,has resultado,16,reviewed,
ES,resultar,Indicativo,Pretérito perfecto compuesto,él,ha resultado,16,reviewed,
ES,resultar,Indicativo,Pretérito perfecto compuesto,nosotros,hemos resultado,16,reviewed,
ES,resultar,Indicativo,Pretérito perfecto compuesto,vosotros,habéis resultado,16,reviewed,
ES,resultar,Indicativo,Pretérito perfecto compuesto,ellos,han resultado,16,reviewed,
ES,resultar,Indicativo,Pretérito imperfecto,yo,resultaba,16,reviewed,
ES,resultar,Indicativo,Pretérito imperfecto,tú,resultabas,16,reviewed,
ES,resultar,Indicativo,Pretérito imperfecto,él,resultaba,16,reviewed,
ES,resultar,Indicativo,Pretérito imperfecto,nosotros,resultábamos,16,reviewed,
ES,resultar,Indicativo,Pretérito imperfecto,vosotros,resultabais,16,reviewed,
ES,resultar,Indicativo,Pretérito imperfecto,ellos,resultaban,16,reviewed,
ES,resultar,Condicional,Condicional,yo,resultaría,16,reviewed,
ES,resultar,Condicional,Condicional,tú,resultarías,16,reviewed,
ES,resultar,Condicional,Condicional,él,resultaría,16,reviewed,
ES,resultar,Condicional,Condicional,nosotros,resultaríamos,16,reviewed,
ES,resultar,Condicional,Condicional,vosotros,resultaríais,16,reviewed,
ES,resultar,Condicional,Condicional,ellos,resultarían,16,reviewed,
ES,resultar,Imperativo,Imperativo,yo,-,16,reviewed,Spanish has no standard first-person singular imperative; placeholder - used
ES,resultar,Imperativo,Imperativo,tú,resulta,16,reviewed,
ES,resultar,Imperativo,Imperativo,él,resulte,16,reviewed,
ES,resultar,Imperativo,Imperativo,nosotros,resultemos,16,reviewed,
ES,resultar,Imperativo,Imperativo,vosotros,resultad,16,reviewed,
ES,resultar,Imperativo,Imperativo,ellos,resulten,16,reviewed,
ES,resultar,Indicativo,Futuro perfecto,yo,habré resultado,16,reviewed,
ES,resultar,Indicativo,Futuro perfecto,tú,habrás resultado,16,reviewed,
ES,resultar,Indicativo,Futuro perfecto,él,habrá resultado,16,reviewed,
ES,resultar,Indicativo,Futuro perfecto,nosotros,habremos resultado,16,reviewed,
ES,resultar,Indicativo,Futuro perfecto,vosotros,habréis resultado,16,reviewed,
ES,resultar,Indicativo,Futuro perfecto,ellos,habrán resultado,16,reviewed,
ES,resultar,Subjuntivo,Subjuntivo presente,yo,resulte,16,reviewed,
ES,resultar,Subjuntivo,Subjuntivo presente,tú,resultes,16,reviewed,
ES,resultar,Subjuntivo,Subjuntivo presente,él,resulte,16,reviewed,
ES,resultar,Subjuntivo,Subjuntivo presente,nosotros,resultemos,16,reviewed,
ES,resultar,Subjuntivo,Subjuntivo presente,vosotros,resultéis,16,reviewed,
ES,resultar,Subjuntivo,Subjuntivo presente,ellos,resulten,16,reviewed,
ES,resultar,Indicativo,Pretérito perfecto simple,yo,resulté,16,reviewed,
ES,resultar,Indicativo,Pretérito perfecto simple,tú,resultaste,16,reviewed,
ES,resultar,Indicativo,Pretérito perfecto simple,él,resultó,16,reviewed,
ES,resultar,Indicativo,Pretérito perfecto simple,nosotros,resultamos,16,reviewed,
ES,resultar,Indicativo,Pretérito perfecto simple,vosotros,resultasteis,16,reviewed,
ES,resultar,Indicativo,Pretérito perfecto simple,ellos,resultaron,16,reviewed,
ES,resultar,Indicativo,Pretérito pluscuamperfecto,yo,había resultado,16,reviewed,
ES,resultar,Indicativo,Pretérito pluscuamperfecto,tú,habías resultado,16,reviewed,
ES,resultar,Indicativo,Pretérito pluscuamperfecto,él,había resultado,16,reviewed,
ES,resultar,Indicativo,Pretérito pluscuamperfecto,nosotros,habíamos resultado,16,reviewed,
ES,resultar,Indicativo,Pretérito pluscuamperfecto,vosotros,habíais resultado,16,reviewed,
ES,resultar,Indicativo,Pretérito pluscuamperfecto,ellos,habían resultado,16,reviewed,
ES,desarrollarse,Indicativo,Presente,yo,me desarrollo,16,reviewed,pronominal paradigm with accent-sensitive imperative forms; QA recommended
ES,desarrollarse,Indicativo,Presente,tú,te desarrollas,16,reviewed,pronominal paradigm with accent-sensitive imperative forms; QA recommended
ES,desarrollarse,Indicativo,Presente,él,se desarrolla,16,reviewed,pronominal paradigm with accent-sensitive imperative forms; QA recommended
ES,desarrollarse,Indicativo,Presente,nosotros,nos desarrollamos,16,reviewed,pronominal paradigm with accent-sensitive imperative forms; QA recommended
ES,desarrollarse,Indicativo,Presente,vosotros,os desarrolláis,16,reviewed,pronominal paradigm with accent-sensitive imperative forms; QA recommended
ES,desarrollarse,Indicativo,Presente,ellos,se desarrollan,16,reviewed,pronominal paradigm with accent-sensitive imperative forms; QA recommended
ES,desarrollarse,Indicativo,Futuro,yo,me desarrollaré,16,reviewed,pronominal paradigm with accent-sensitive imperative forms; QA recommended
ES,desarrollarse,Indicativo,Futuro,tú,te desarrollarás,16,reviewed,pronominal paradigm with accent-sensitive imperative forms; QA recommended
ES,desarrollarse,Indicativo,Futuro,él,se desarrollará,16,reviewed,pronominal paradigm with accent-sensitive imperative forms; QA recommended
ES,desarrollarse,Indicativo,Futuro,nosotros,nos desarrollaremos,16,reviewed,pronominal paradigm with accent-sensitive imperative forms; QA recommended
ES,desarrollarse,Indicativo,Futuro,vosotros,os desarrollaréis,16,reviewed,pronominal paradigm with accent-sensitive imperative forms; QA recommended
ES,desarrollarse,Indicativo,Futuro,ellos,se desarrollarán,16,reviewed,pronominal paradigm with accent-sensitive imperative forms; QA recommended
ES,desarrollarse,Indicativo,Pretérito perfecto compuesto,yo,me he desarrollado,16,reviewed,pronominal paradigm with accent-sensitive imperative forms; QA recommended
ES,desarrollarse,Indicativo,Pretérito perfecto compuesto,tú,te has desarrollado,16,reviewed,pronominal paradigm with accent-sensitive imperative forms; QA recommended
ES,desarrollarse,Indicativo,Pretérito perfecto compuesto,él,se ha desarrollado,16,reviewed,pronominal paradigm with accent-sensitive imperative forms; QA recommended
ES,desarrollarse,Indicativo,Pretérito perfecto compuesto,nosotros,nos hemos desarrollado,16,reviewed,pronominal paradigm with accent-sensitive imperative forms; QA recommended
ES,desarrollarse,Indicativo,Pretérito perfecto compuesto,vosotros,os habéis desarrollado,16,reviewed,pronominal paradigm with accent-sensitive imperative forms; QA recommended
ES,desarrollarse,Indicativo,Pretérito perfecto compuesto,ellos,se han desarrollado,16,reviewed,pronominal paradigm with accent-sensitive imperative forms; QA recommended
ES,desarrollarse,Indicativo,Pretérito imperfecto,yo,me desarrollaba,16,reviewed,pronominal paradigm with accent-sensitive imperative forms; QA recommended
ES,desarrollarse,Indicativo,Pretérito imperfecto,tú,te desarrollabas,16,reviewed,pronominal paradigm with accent-sensitive imperative forms; QA recommended
ES,desarrollarse,Indicativo,Pretérito imperfecto,él,se desarrollaba,16,reviewed,pronominal paradigm with accent-sensitive imperative forms; QA recommended
ES,desarrollarse,Indicativo,Pretérito imperfecto,nosotros,nos desarrollábamos,16,reviewed,pronominal paradigm with accent-sensitive imperative forms; QA recommended
ES,desarrollarse,Indicativo,Pretérito imperfecto,vosotros,os desarrollabais,16,reviewed,pronominal paradigm with accent-sensitive imperative forms; QA recommended
ES,desarrollarse,Indicativo,Pretérito imperfecto,ellos,se desarrollaban,16,reviewed,pronominal paradigm with accent-sensitive imperative forms; QA recommended
ES,desarrollarse,Condicional,Condicional,yo,me desarrollaría,16,reviewed,pronominal paradigm with accent-sensitive imperative forms; QA recommended
ES,desarrollarse,Condicional,Condicional,tú,te desarrollarías,16,reviewed,pronominal paradigm with accent-sensitive imperative forms; QA recommended
ES,desarrollarse,Condicional,Condicional,él,se desarrollaría,16,reviewed,pronominal paradigm with accent-sensitive imperative forms; QA recommended
ES,desarrollarse,Condicional,Condicional,nosotros,nos desarrollaríamos,16,reviewed,pronominal paradigm with accent-sensitive imperative forms; QA recommended
ES,desarrollarse,Condicional,Condicional,vosotros,os desarrollaríais,16,reviewed,pronominal paradigm with accent-sensitive imperative forms; QA recommended
ES,desarrollarse,Condicional,Condicional,ellos,se desarrollarían,16,reviewed,pronominal paradigm with accent-sensitive imperative forms; QA recommended
ES,desarrollarse,Imperativo,Imperativo,yo,-,16,reviewed,pronominal paradigm with accent-sensitive imperative forms; QA recommended; Spanish has no standard first-person singular imperative; placeholder - used
ES,desarrollarse,Imperativo,Imperativo,tú,desarróllate,16,reviewed,pronominal paradigm with accent-sensitive imperative forms; QA recommended
ES,desarrollarse,Imperativo,Imperativo,él,desarróllese,16,reviewed,pronominal paradigm with accent-sensitive imperative forms; QA recommended
ES,desarrollarse,Imperativo,Imperativo,nosotros,desarrollémonos,16,reviewed,pronominal paradigm with accent-sensitive imperative forms; QA recommended
ES,desarrollarse,Imperativo,Imperativo,vosotros,desarrollaos,16,reviewed,pronominal paradigm with accent-sensitive imperative forms; QA recommended
ES,desarrollarse,Imperativo,Imperativo,ellos,desarróllense,16,reviewed,pronominal paradigm with accent-sensitive imperative forms; QA recommended
ES,desarrollarse,Indicativo,Futuro perfecto,yo,me habré desarrollado,16,reviewed,pronominal paradigm with accent-sensitive imperative forms; QA recommended
ES,desarrollarse,Indicativo,Futuro perfecto,tú,te habrás desarrollado,16,reviewed,pronominal paradigm with accent-sensitive imperative forms; QA recommended
ES,desarrollarse,Indicativo,Futuro perfecto,él,se habrá desarrollado,16,reviewed,pronominal paradigm with accent-sensitive imperative forms; QA recommended
ES,desarrollarse,Indicativo,Futuro perfecto,nosotros,nos habremos desarrollado,16,reviewed,pronominal paradigm with accent-sensitive imperative forms; QA recommended
ES,desarrollarse,Indicativo,Futuro perfecto,vosotros,os habréis desarrollado,16,reviewed,pronominal paradigm with accent-sensitive imperative forms; QA recommended
ES,desarrollarse,Indicativo,Futuro perfecto,ellos,se habrán desarrollado,16,reviewed,pronominal paradigm with accent-sensitive imperative forms; QA recommended
ES,desarrollarse,Subjuntivo,Subjuntivo presente,yo,me desarrolle,16,reviewed,pronominal paradigm with accent-sensitive imperative forms; QA recommended
ES,desarrollarse,Subjuntivo,Subjuntivo presente,tú,te desarrolles,16,reviewed,pronominal paradigm with accent-sensitive imperative forms; QA recommended
ES,desarrollarse,Subjuntivo,Subjuntivo presente,él,se desarrolle,16,reviewed,pronominal paradigm with accent-sensitive imperative forms; QA recommended
ES,desarrollarse,Subjuntivo,Subjuntivo presente,nosotros,nos desarrollemos,16,reviewed,pronominal paradigm with accent-sensitive imperative forms; QA recommended
ES,desarrollarse,Subjuntivo,Subjuntivo presente,vosotros,os desarrolléis,16,reviewed,pronominal paradigm with accent-sensitive imperative forms; QA recommended
ES,desarrollarse,Subjuntivo,Subjuntivo presente,ellos,se desarrollen,16,reviewed,pronominal paradigm with accent-sensitive imperative forms; QA recommended
ES,desarrollarse,Indicativo,Pretérito perfecto simple,yo,me desarrollé,16,reviewed,pronominal paradigm with accent-sensitive imperative forms; QA recommended
ES,desarrollarse,Indicativo,Pretérito perfecto simple,tú,te desarrollaste,16,reviewed,pronominal paradigm with accent-sensitive imperative forms; QA recommended
ES,desarrollarse,Indicativo,Pretérito perfecto simple,él,se desarrolló,16,reviewed,pronominal paradigm with accent-sensitive imperative forms; QA recommended
ES,desarrollarse,Indicativo,Pretérito perfecto simple,nosotros,nos desarrollamos,16,reviewed,pronominal paradigm with accent-sensitive imperative forms; QA recommended
ES,desarrollarse,Indicativo,Pretérito perfecto simple,vosotros,os desarrollasteis,16,reviewed,pronominal paradigm with accent-sensitive imperative forms; QA recommended
ES,desarrollarse,Indicativo,Pretérito perfecto simple,ellos,se desarrollaron,16,reviewed,pronominal paradigm with accent-sensitive imperative forms; QA recommended
ES,desarrollarse,Indicativo,Pretérito pluscuamperfecto,yo,me había desarrollado,16,reviewed,pronominal paradigm with accent-sensitive imperative forms; QA recommended
ES,desarrollarse,Indicativo,Pretérito pluscuamperfecto,tú,te habías desarrollado,16,reviewed,pronominal paradigm with accent-sensitive imperative forms; QA recommended
ES,desarrollarse,Indicativo,Pretérito pluscuamperfecto,él,se había desarrollado,16,reviewed,pronominal paradigm with accent-sensitive imperative forms; QA recommended
ES,desarrollarse,Indicativo,Pretérito pluscuamperfecto,nosotros,nos habíamos desarrollado,16,reviewed,pronominal paradigm with accent-sensitive imperative forms; QA recommended
ES,desarrollarse,Indicativo,Pretérito pluscuamperfecto,vosotros,os habíais desarrollado,16,reviewed,pronominal paradigm with accent-sensitive imperative forms; QA recommended
ES,desarrollarse,Indicativo,Pretérito pluscuamperfecto,ellos,se habían desarrollado,16,reviewed,pronominal paradigm with accent-sensitive imperative forms; QA recommended
ES,calificar,Indicativo,Presente,yo,califico,16,reviewed,
ES,calificar,Indicativo,Presente,tú,calificas,16,reviewed,
ES,calificar,Indicativo,Presente,él,califica,16,reviewed,
ES,calificar,Indicativo,Presente,nosotros,calificamos,16,reviewed,
ES,calificar,Indicativo,Presente,vosotros,calificáis,16,reviewed,
ES,calificar,Indicativo,Presente,ellos,califican,16,reviewed,
ES,calificar,Indicativo,Futuro,yo,calificaré,16,reviewed,
ES,calificar,Indicativo,Futuro,tú,calificarás,16,reviewed,
ES,calificar,Indicativo,Futuro,él,calificará,16,reviewed,
ES,calificar,Indicativo,Futuro,nosotros,calificaremos,16,reviewed,
ES,calificar,Indicativo,Futuro,vosotros,calificaréis,16,reviewed,
ES,calificar,Indicativo,Futuro,ellos,calificarán,16,reviewed,
ES,calificar,Indicativo,Pretérito perfecto compuesto,yo,he calificado,16,reviewed,
ES,calificar,Indicativo,Pretérito perfecto compuesto,tú,has calificado,16,reviewed,
ES,calificar,Indicativo,Pretérito perfecto compuesto,él,ha calificado,16,reviewed,
ES,calificar,Indicativo,Pretérito perfecto compuesto,nosotros,hemos calificado,16,reviewed,
ES,calificar,Indicativo,Pretérito perfecto compuesto,vosotros,habéis calificado,16,reviewed,
ES,calificar,Indicativo,Pretérito perfecto compuesto,ellos,han calificado,16,reviewed,
ES,calificar,Indicativo,Pretérito imperfecto,yo,calificaba,16,reviewed,
ES,calificar,Indicativo,Pretérito imperfecto,tú,calificabas,16,reviewed,
ES,calificar,Indicativo,Pretérito imperfecto,él,calificaba,16,reviewed,
ES,calificar,Indicativo,Pretérito imperfecto,nosotros,calificábamos,16,reviewed,
ES,calificar,Indicativo,Pretérito imperfecto,vosotros,calificabais,16,reviewed,
ES,calificar,Indicativo,Pretérito imperfecto,ellos,calificaban,16,reviewed,
ES,calificar,Condicional,Condicional,yo,calificaría,16,reviewed,
ES,calificar,Condicional,Condicional,tú,calificarías,16,reviewed,
ES,calificar,Condicional,Condicional,él,calificaría,16,reviewed,
ES,calificar,Condicional,Condicional,nosotros,calificaríamos,16,reviewed,
ES,calificar,Condicional,Condicional,vosotros,calificaríais,16,reviewed,
ES,calificar,Condicional,Condicional,ellos,calificarían,16,reviewed,
ES,calificar,Imperativo,Imperativo,yo,-,16,reviewed,Spanish has no standard first-person singular imperative; placeholder - used
ES,calificar,Imperativo,Imperativo,tú,califica,16,reviewed,
ES,calificar,Imperativo,Imperativo,él,califique,16,reviewed,
ES,calificar,Imperativo,Imperativo,nosotros,califiquemos,16,reviewed,
ES,calificar,Imperativo,Imperativo,vosotros,calificad,16,reviewed,
ES,calificar,Imperativo,Imperativo,ellos,califiquen,16,reviewed,
ES,calificar,Indicativo,Futuro perfecto,yo,habré calificado,16,reviewed,
ES,calificar,Indicativo,Futuro perfecto,tú,habrás calificado,16,reviewed,
ES,calificar,Indicativo,Futuro perfecto,él,habrá calificado,16,reviewed,
ES,calificar,Indicativo,Futuro perfecto,nosotros,habremos calificado,16,reviewed,
ES,calificar,Indicativo,Futuro perfecto,vosotros,habréis calificado,16,reviewed,
ES,calificar,Indicativo,Futuro perfecto,ellos,habrán calificado,16,reviewed,
ES,calificar,Subjuntivo,Subjuntivo presente,yo,califique,16,reviewed,
ES,calificar,Subjuntivo,Subjuntivo presente,tú,califiques,16,reviewed,
ES,calificar,Subjuntivo,Subjuntivo presente,él,califique,16,reviewed,
ES,calificar,Subjuntivo,Subjuntivo presente,nosotros,califiquemos,16,reviewed,
ES,calificar,Subjuntivo,Subjuntivo presente,vosotros,califiquéis,16,reviewed,
ES,calificar,Subjuntivo,Subjuntivo presente,ellos,califiquen,16,reviewed,
ES,calificar,Indicativo,Pretérito perfecto simple,yo,califiqué,16,reviewed,
ES,calificar,Indicativo,Pretérito perfecto simple,tú,calificaste,16,reviewed,
ES,calificar,Indicativo,Pretérito perfecto simple,él,calificó,16,reviewed,
ES,calificar,Indicativo,Pretérito perfecto simple,nosotros,calificamos,16,reviewed,
ES,calificar,Indicativo,Pretérito perfecto simple,vosotros,calificasteis,16,reviewed,
ES,calificar,Indicativo,Pretérito perfecto simple,ellos,calificaron,16,reviewed,
ES,calificar,Indicativo,Pretérito pluscuamperfecto,yo,había calificado,16,reviewed,
ES,calificar,Indicativo,Pretérito pluscuamperfecto,tú,habías calificado,16,reviewed,
ES,calificar,Indicativo,Pretérito pluscuamperfecto,él,había calificado,16,reviewed,
ES,calificar,Indicativo,Pretérito pluscuamperfecto,nosotros,habíamos calificado,16,reviewed,
ES,calificar,Indicativo,Pretérito pluscuamperfecto,vosotros,habíais calificado,16,reviewed,
ES,calificar,Indicativo,Pretérito pluscuamperfecto,ellos,habían calificado,16,reviewed,
ES,promover,Indicativo,Presente,yo,promovo,16,reviewed,
ES,promover,Indicativo,Presente,tú,promoves,16,reviewed,
ES,promover,Indicativo,Presente,él,promove,16,reviewed,
ES,promover,Indicativo,Presente,nosotros,promovemos,16,reviewed,
ES,promover,Indicativo,Presente,vosotros,promovéis,16,reviewed,
ES,promover,Indicativo,Presente,ellos,promoven,16,reviewed,
ES,promover,Indicativo,Futuro,yo,promoveré,16,reviewed,
ES,promover,Indicativo,Futuro,tú,promoverás,16,reviewed,
ES,promover,Indicativo,Futuro,él,promoverá,16,reviewed,
ES,promover,Indicativo,Futuro,nosotros,promoveremos,16,reviewed,
ES,promover,Indicativo,Futuro,vosotros,promoveréis,16,reviewed,
ES,promover,Indicativo,Futuro,ellos,promoverán,16,reviewed,
ES,promover,Indicativo,Pretérito perfecto compuesto,yo,he promovido,16,reviewed,
ES,promover,Indicativo,Pretérito perfecto compuesto,tú,has promovido,16,reviewed,
ES,promover,Indicativo,Pretérito perfecto compuesto,él,ha promovido,16,reviewed,
ES,promover,Indicativo,Pretérito perfecto compuesto,nosotros,hemos promovido,16,reviewed,
ES,promover,Indicativo,Pretérito perfecto compuesto,vosotros,habéis promovido,16,reviewed,
ES,promover,Indicativo,Pretérito perfecto compuesto,ellos,han promovido,16,reviewed,
ES,promover,Indicativo,Pretérito imperfecto,yo,promovía,16,reviewed,
ES,promover,Indicativo,Pretérito imperfecto,tú,promovías,16,reviewed,
ES,promover,Indicativo,Pretérito imperfecto,él,promovía,16,reviewed,
ES,promover,Indicativo,Pretérito imperfecto,nosotros,promovíamos,16,reviewed,
ES,promover,Indicativo,Pretérito imperfecto,vosotros,promovíais,16,reviewed,
ES,promover,Indicativo,Pretérito imperfecto,ellos,promovían,16,reviewed,
ES,promover,Condicional,Condicional,yo,promovería,16,reviewed,
ES,promover,Condicional,Condicional,tú,promoverías,16,reviewed,
ES,promover,Condicional,Condicional,él,promovería,16,reviewed,
ES,promover,Condicional,Condicional,nosotros,promoveríamos,16,reviewed,
ES,promover,Condicional,Condicional,vosotros,promoveríais,16,reviewed,
ES,promover,Condicional,Condicional,ellos,promoverían,16,reviewed,
ES,promover,Imperativo,Imperativo,yo,-,16,reviewed,Spanish has no standard first-person singular imperative; placeholder - used
ES,promover,Imperativo,Imperativo,tú,promove,16,reviewed,
ES,promover,Imperativo,Imperativo,él,promova,16,reviewed,
ES,promover,Imperativo,Imperativo,nosotros,promovamos,16,reviewed,
ES,promover,Imperativo,Imperativo,vosotros,promoved,16,reviewed,
ES,promover,Imperativo,Imperativo,ellos,promovan,16,reviewed,
ES,promover,Indicativo,Futuro perfecto,yo,habré promovido,16,reviewed,
ES,promover,Indicativo,Futuro perfecto,tú,habrás promovido,16,reviewed,
ES,promover,Indicativo,Futuro perfecto,él,habrá promovido,16,reviewed,
ES,promover,Indicativo,Futuro perfecto,nosotros,habremos promovido,16,reviewed,
ES,promover,Indicativo,Futuro perfecto,vosotros,habréis promovido,16,reviewed,
ES,promover,Indicativo,Futuro perfecto,ellos,habrán promovido,16,reviewed,
ES,promover,Subjuntivo,Subjuntivo presente,yo,promova,16,reviewed,
ES,promover,Subjuntivo,Subjuntivo presente,tú,promovas,16,reviewed,
ES,promover,Subjuntivo,Subjuntivo presente,él,promova,16,reviewed,
ES,promover,Subjuntivo,Subjuntivo presente,nosotros,promovamos,16,reviewed,
ES,promover,Subjuntivo,Subjuntivo presente,vosotros,promováis,16,reviewed,
ES,promover,Subjuntivo,Subjuntivo presente,ellos,promovan,16,reviewed,
ES,promover,Indicativo,Pretérito perfecto simple,yo,promoví,16,reviewed,
ES,promover,Indicativo,Pretérito perfecto simple,tú,promoviste,16,reviewed,
ES,promover,Indicativo,Pretérito perfecto simple,él,promovió,16,reviewed,
ES,promover,Indicativo,Pretérito perfecto simple,nosotros,promovimos,16,reviewed,
ES,promover,Indicativo,Pretérito perfecto simple,vosotros,promovisteis,16,reviewed,
ES,promover,Indicativo,Pretérito perfecto simple,ellos,promovieron,16,reviewed,
ES,promover,Indicativo,Pretérito pluscuamperfecto,yo,había promovido,16,reviewed,
ES,promover,Indicativo,Pretérito pluscuamperfecto,tú,habías promovido,16,reviewed,
ES,promover,Indicativo,Pretérito pluscuamperfecto,él,había promovido,16,reviewed,
ES,promover,Indicativo,Pretérito pluscuamperfecto,nosotros,habíamos promovido,16,reviewed,
ES,promover,Indicativo,Pretérito pluscuamperfecto,vosotros,habíais promovido,16,reviewed,
ES,promover,Indicativo,Pretérito pluscuamperfecto,ellos,habían promovido,16,reviewed,
ES,retrasar(se),Indicativo,Presente,yo,me retraso,16,reviewed,inventory infinitive includes optional se; pronominal finite forms used; QA recommended
ES,retrasar(se),Indicativo,Presente,tú,te retrasas,16,reviewed,inventory infinitive includes optional se; pronominal finite forms used; QA recommended
ES,retrasar(se),Indicativo,Presente,él,se retrasa,16,reviewed,inventory infinitive includes optional se; pronominal finite forms used; QA recommended
ES,retrasar(se),Indicativo,Presente,nosotros,nos retrasamos,16,reviewed,inventory infinitive includes optional se; pronominal finite forms used; QA recommended
ES,retrasar(se),Indicativo,Presente,vosotros,os retrasáis,16,reviewed,inventory infinitive includes optional se; pronominal finite forms used; QA recommended
ES,retrasar(se),Indicativo,Presente,ellos,se retrasan,16,reviewed,inventory infinitive includes optional se; pronominal finite forms used; QA recommended
ES,retrasar(se),Indicativo,Futuro,yo,me retrasaré,16,reviewed,inventory infinitive includes optional se; pronominal finite forms used; QA recommended
ES,retrasar(se),Indicativo,Futuro,tú,te retrasarás,16,reviewed,inventory infinitive includes optional se; pronominal finite forms used; QA recommended
ES,retrasar(se),Indicativo,Futuro,él,se retrasará,16,reviewed,inventory infinitive includes optional se; pronominal finite forms used; QA recommended
ES,retrasar(se),Indicativo,Futuro,nosotros,nos retrasaremos,16,reviewed,inventory infinitive includes optional se; pronominal finite forms used; QA recommended
ES,retrasar(se),Indicativo,Futuro,vosotros,os retrasaréis,16,reviewed,inventory infinitive includes optional se; pronominal finite forms used; QA recommended
ES,retrasar(se),Indicativo,Futuro,ellos,se retrasarán,16,reviewed,inventory infinitive includes optional se; pronominal finite forms used; QA recommended
ES,retrasar(se),Indicativo,Pretérito perfecto compuesto,yo,me he retrasado,16,reviewed,inventory infinitive includes optional se; pronominal finite forms used; QA recommended
ES,retrasar(se),Indicativo,Pretérito perfecto compuesto,tú,te has retrasado,16,reviewed,inventory infinitive includes optional se; pronominal finite forms used; QA recommended
ES,retrasar(se),Indicativo,Pretérito perfecto compuesto,él,se ha retrasado,16,reviewed,inventory infinitive includes optional se; pronominal finite forms used; QA recommended
ES,retrasar(se),Indicativo,Pretérito perfecto compuesto,nosotros,nos hemos retrasado,16,reviewed,inventory infinitive includes optional se; pronominal finite forms used; QA recommended
ES,retrasar(se),Indicativo,Pretérito perfecto compuesto,vosotros,os habéis retrasado,16,reviewed,inventory infinitive includes optional se; pronominal finite forms used; QA recommended
ES,retrasar(se),Indicativo,Pretérito perfecto compuesto,ellos,se han retrasado,16,reviewed,inventory infinitive includes optional se; pronominal finite forms used; QA recommended
ES,retrasar(se),Indicativo,Pretérito imperfecto,yo,me retrasaba,16,reviewed,inventory infinitive includes optional se; pronominal finite forms used; QA recommended
ES,retrasar(se),Indicativo,Pretérito imperfecto,tú,te retrasabas,16,reviewed,inventory infinitive includes optional se; pronominal finite forms used; QA recommended
ES,retrasar(se),Indicativo,Pretérito imperfecto,él,se retrasaba,16,reviewed,inventory infinitive includes optional se; pronominal finite forms used; QA recommended
ES,retrasar(se),Indicativo,Pretérito imperfecto,nosotros,nos retrasábamos,16,reviewed,inventory infinitive includes optional se; pronominal finite forms used; QA recommended
ES,retrasar(se),Indicativo,Pretérito imperfecto,vosotros,os retrasabais,16,reviewed,inventory infinitive includes optional se; pronominal finite forms used; QA recommended
ES,retrasar(se),Indicativo,Pretérito imperfecto,ellos,se retrasaban,16,reviewed,inventory infinitive includes optional se; pronominal finite forms used; QA recommended
ES,retrasar(se),Condicional,Condicional,yo,me retrasaría,16,reviewed,inventory infinitive includes optional se; pronominal finite forms used; QA recommended
ES,retrasar(se),Condicional,Condicional,tú,te retrasarías,16,reviewed,inventory infinitive includes optional se; pronominal finite forms used; QA recommended
ES,retrasar(se),Condicional,Condicional,él,se retrasaría,16,reviewed,inventory infinitive includes optional se; pronominal finite forms used; QA recommended
ES,retrasar(se),Condicional,Condicional,nosotros,nos retrasaríamos,16,reviewed,inventory infinitive includes optional se; pronominal finite forms used; QA recommended
ES,retrasar(se),Condicional,Condicional,vosotros,os retrasaríais,16,reviewed,inventory infinitive includes optional se; pronominal finite forms used; QA recommended
ES,retrasar(se),Condicional,Condicional,ellos,se retrasarían,16,reviewed,inventory infinitive includes optional se; pronominal finite forms used; QA recommended
ES,retrasar(se),Imperativo,Imperativo,yo,-,16,reviewed,inventory infinitive includes optional se; pronominal finite forms used; QA recommended; Spanish has no standard first-person singular imperative; placeholder - used
ES,retrasar(se),Imperativo,Imperativo,tú,retrásate,16,reviewed,inventory infinitive includes optional se; pronominal finite forms used; QA recommended
ES,retrasar(se),Imperativo,Imperativo,él,retrásese,16,reviewed,inventory infinitive includes optional se; pronominal finite forms used; QA recommended
ES,retrasar(se),Imperativo,Imperativo,nosotros,retrasémonos,16,reviewed,inventory infinitive includes optional se; pronominal finite forms used; QA recommended
ES,retrasar(se),Imperativo,Imperativo,vosotros,retrasaos,16,reviewed,inventory infinitive includes optional se; pronominal finite forms used; QA recommended
ES,retrasar(se),Imperativo,Imperativo,ellos,retrásense,16,reviewed,inventory infinitive includes optional se; pronominal finite forms used; QA recommended
ES,retrasar(se),Indicativo,Futuro perfecto,yo,me habré retrasado,16,reviewed,inventory infinitive includes optional se; pronominal finite forms used; QA recommended
ES,retrasar(se),Indicativo,Futuro perfecto,tú,te habrás retrasado,16,reviewed,inventory infinitive includes optional se; pronominal finite forms used; QA recommended
ES,retrasar(se),Indicativo,Futuro perfecto,él,se habrá retrasado,16,reviewed,inventory infinitive includes optional se; pronominal finite forms used; QA recommended
ES,retrasar(se),Indicativo,Futuro perfecto,nosotros,nos habremos retrasado,16,reviewed,inventory infinitive includes optional se; pronominal finite forms used; QA recommended
ES,retrasar(se),Indicativo,Futuro perfecto,vosotros,os habréis retrasado,16,reviewed,inventory infinitive includes optional se; pronominal finite forms used; QA recommended
ES,retrasar(se),Indicativo,Futuro perfecto,ellos,se habrán retrasado,16,reviewed,inventory infinitive includes optional se; pronominal finite forms used; QA recommended
ES,retrasar(se),Subjuntivo,Subjuntivo presente,yo,me retrase,16,reviewed,inventory infinitive includes optional se; pronominal finite forms used; QA recommended
ES,retrasar(se),Subjuntivo,Subjuntivo presente,tú,te retrases,16,reviewed,inventory infinitive includes optional se; pronominal finite forms used; QA recommended
ES,retrasar(se),Subjuntivo,Subjuntivo presente,él,se retrase,16,reviewed,inventory infinitive includes optional se; pronominal finite forms used; QA recommended
ES,retrasar(se),Subjuntivo,Subjuntivo presente,nosotros,nos retrasemos,16,reviewed,inventory infinitive includes optional se; pronominal finite forms used; QA recommended
ES,retrasar(se),Subjuntivo,Subjuntivo presente,vosotros,os retraséis,16,reviewed,inventory infinitive includes optional se; pronominal finite forms used; QA recommended
ES,retrasar(se),Subjuntivo,Subjuntivo presente,ellos,se retrasen,16,reviewed,inventory infinitive includes optional se; pronominal finite forms used; QA recommended
ES,retrasar(se),Indicativo,Pretérito perfecto simple,yo,me retrasé,16,reviewed,inventory infinitive includes optional se; pronominal finite forms used; QA recommended
ES,retrasar(se),Indicativo,Pretérito perfecto simple,tú,te retrasaste,16,reviewed,inventory infinitive includes optional se; pronominal finite forms used; QA recommended
ES,retrasar(se),Indicativo,Pretérito perfecto simple,él,se retrasó,16,reviewed,inventory infinitive includes optional se; pronominal finite forms used; QA recommended
ES,retrasar(se),Indicativo,Pretérito perfecto simple,nosotros,nos retrasamos,16,reviewed,inventory infinitive includes optional se; pronominal finite forms used; QA recommended
ES,retrasar(se),Indicativo,Pretérito perfecto simple,vosotros,os retrasasteis,16,reviewed,inventory infinitive includes optional se; pronominal finite forms used; QA recommended
ES,retrasar(se),Indicativo,Pretérito perfecto simple,ellos,se retrasaron,16,reviewed,inventory infinitive includes optional se; pronominal finite forms used; QA recommended
ES,retrasar(se),Indicativo,Pretérito pluscuamperfecto,yo,me había retrasado,16,reviewed,inventory infinitive includes optional se; pronominal finite forms used; QA recommended
ES,retrasar(se),Indicativo,Pretérito pluscuamperfecto,tú,te habías retrasado,16,reviewed,inventory infinitive includes optional se; pronominal finite forms used; QA recommended
ES,retrasar(se),Indicativo,Pretérito pluscuamperfecto,él,se había retrasado,16,reviewed,inventory infinitive includes optional se; pronominal finite forms used; QA recommended
ES,retrasar(se),Indicativo,Pretérito pluscuamperfecto,nosotros,nos habíamos retrasado,16,reviewed,inventory infinitive includes optional se; pronominal finite forms used; QA recommended
ES,retrasar(se),Indicativo,Pretérito pluscuamperfecto,vosotros,os habíais retrasado,16,reviewed,inventory infinitive includes optional se; pronominal finite forms used; QA recommended
ES,retrasar(se),Indicativo,Pretérito pluscuamperfecto,ellos,se habían retrasado,16,reviewed,inventory infinitive includes optional se; pronominal finite forms used; QA recommended
ES,gemir,Indicativo,Presente,yo,gimo,16,reviewed,stem-changing -ir paradigm; QA recommended
ES,gemir,Indicativo,Presente,tú,gimes,16,reviewed,stem-changing -ir paradigm; QA recommended
ES,gemir,Indicativo,Presente,él,gime,16,reviewed,stem-changing -ir paradigm; QA recommended
ES,gemir,Indicativo,Presente,nosotros,gemimos,16,reviewed,stem-changing -ir paradigm; QA recommended
ES,gemir,Indicativo,Presente,vosotros,gemís,16,reviewed,stem-changing -ir paradigm; QA recommended
ES,gemir,Indicativo,Presente,ellos,gimen,16,reviewed,stem-changing -ir paradigm; QA recommended
ES,gemir,Indicativo,Futuro,yo,gemiré,16,reviewed,stem-changing -ir paradigm; QA recommended
ES,gemir,Indicativo,Futuro,tú,gemirás,16,reviewed,stem-changing -ir paradigm; QA recommended
ES,gemir,Indicativo,Futuro,él,gemirá,16,reviewed,stem-changing -ir paradigm; QA recommended
ES,gemir,Indicativo,Futuro,nosotros,gemiremos,16,reviewed,stem-changing -ir paradigm; QA recommended
ES,gemir,Indicativo,Futuro,vosotros,gemiréis,16,reviewed,stem-changing -ir paradigm; QA recommended
ES,gemir,Indicativo,Futuro,ellos,gemirán,16,reviewed,stem-changing -ir paradigm; QA recommended
ES,gemir,Indicativo,Pretérito perfecto compuesto,yo,he gemido,16,reviewed,stem-changing -ir paradigm; QA recommended
ES,gemir,Indicativo,Pretérito perfecto compuesto,tú,has gemido,16,reviewed,stem-changing -ir paradigm; QA recommended
ES,gemir,Indicativo,Pretérito perfecto compuesto,él,ha gemido,16,reviewed,stem-changing -ir paradigm; QA recommended
ES,gemir,Indicativo,Pretérito perfecto compuesto,nosotros,hemos gemido,16,reviewed,stem-changing -ir paradigm; QA recommended
ES,gemir,Indicativo,Pretérito perfecto compuesto,vosotros,habéis gemido,16,reviewed,stem-changing -ir paradigm; QA recommended
ES,gemir,Indicativo,Pretérito perfecto compuesto,ellos,han gemido,16,reviewed,stem-changing -ir paradigm; QA recommended
ES,gemir,Indicativo,Pretérito imperfecto,yo,gemía,16,reviewed,stem-changing -ir paradigm; QA recommended
ES,gemir,Indicativo,Pretérito imperfecto,tú,gemías,16,reviewed,stem-changing -ir paradigm; QA recommended
ES,gemir,Indicativo,Pretérito imperfecto,él,gemía,16,reviewed,stem-changing -ir paradigm; QA recommended
ES,gemir,Indicativo,Pretérito imperfecto,nosotros,gemíamos,16,reviewed,stem-changing -ir paradigm; QA recommended
ES,gemir,Indicativo,Pretérito imperfecto,vosotros,gemíais,16,reviewed,stem-changing -ir paradigm; QA recommended
ES,gemir,Indicativo,Pretérito imperfecto,ellos,gemían,16,reviewed,stem-changing -ir paradigm; QA recommended
ES,gemir,Condicional,Condicional,yo,gemiría,16,reviewed,stem-changing -ir paradigm; QA recommended
ES,gemir,Condicional,Condicional,tú,gemirías,16,reviewed,stem-changing -ir paradigm; QA recommended
ES,gemir,Condicional,Condicional,él,gemiría,16,reviewed,stem-changing -ir paradigm; QA recommended
ES,gemir,Condicional,Condicional,nosotros,gemiríamos,16,reviewed,stem-changing -ir paradigm; QA recommended
ES,gemir,Condicional,Condicional,vosotros,gemiríais,16,reviewed,stem-changing -ir paradigm; QA recommended
ES,gemir,Condicional,Condicional,ellos,gemirían,16,reviewed,stem-changing -ir paradigm; QA recommended
ES,gemir,Imperativo,Imperativo,yo,-,16,reviewed,stem-changing -ir paradigm; QA recommended; Spanish has no standard first-person singular imperative; placeholder - used
ES,gemir,Imperativo,Imperativo,tú,gime,16,reviewed,stem-changing -ir paradigm; QA recommended
ES,gemir,Imperativo,Imperativo,él,gima,16,reviewed,stem-changing -ir paradigm; QA recommended
ES,gemir,Imperativo,Imperativo,nosotros,gimamos,16,reviewed,stem-changing -ir paradigm; QA recommended
ES,gemir,Imperativo,Imperativo,vosotros,gemid,16,reviewed,stem-changing -ir paradigm; QA recommended
ES,gemir,Imperativo,Imperativo,ellos,giman,16,reviewed,stem-changing -ir paradigm; QA recommended
ES,gemir,Indicativo,Futuro perfecto,yo,habré gemido,16,reviewed,stem-changing -ir paradigm; QA recommended
ES,gemir,Indicativo,Futuro perfecto,tú,habrás gemido,16,reviewed,stem-changing -ir paradigm; QA recommended
ES,gemir,Indicativo,Futuro perfecto,él,habrá gemido,16,reviewed,stem-changing -ir paradigm; QA recommended
ES,gemir,Indicativo,Futuro perfecto,nosotros,habremos gemido,16,reviewed,stem-changing -ir paradigm; QA recommended
ES,gemir,Indicativo,Futuro perfecto,vosotros,habréis gemido,16,reviewed,stem-changing -ir paradigm; QA recommended
ES,gemir,Indicativo,Futuro perfecto,ellos,habrán gemido,16,reviewed,stem-changing -ir paradigm; QA recommended
ES,gemir,Subjuntivo,Subjuntivo presente,yo,gima,16,reviewed,stem-changing -ir paradigm; QA recommended
ES,gemir,Subjuntivo,Subjuntivo presente,tú,gimas,16,reviewed,stem-changing -ir paradigm; QA recommended
ES,gemir,Subjuntivo,Subjuntivo presente,él,gima,16,reviewed,stem-changing -ir paradigm; QA recommended
ES,gemir,Subjuntivo,Subjuntivo presente,nosotros,gimamos,16,reviewed,stem-changing -ir paradigm; QA recommended
ES,gemir,Subjuntivo,Subjuntivo presente,vosotros,gimáis,16,reviewed,stem-changing -ir paradigm; QA recommended
ES,gemir,Subjuntivo,Subjuntivo presente,ellos,giman,16,reviewed,stem-changing -ir paradigm; QA recommended
ES,gemir,Indicativo,Pretérito perfecto simple,yo,gemí,16,reviewed,stem-changing -ir paradigm; QA recommended
ES,gemir,Indicativo,Pretérito perfecto simple,tú,gemiste,16,reviewed,stem-changing -ir paradigm; QA recommended
ES,gemir,Indicativo,Pretérito perfecto simple,él,gimió,16,reviewed,stem-changing -ir paradigm; QA recommended
ES,gemir,Indicativo,Pretérito perfecto simple,nosotros,gemimos,16,reviewed,stem-changing -ir paradigm; QA recommended
ES,gemir,Indicativo,Pretérito perfecto simple,vosotros,gemisteis,16,reviewed,stem-changing -ir paradigm; QA recommended
ES,gemir,Indicativo,Pretérito perfecto simple,ellos,gimieron,16,reviewed,stem-changing -ir paradigm; QA recommended
ES,gemir,Indicativo,Pretérito pluscuamperfecto,yo,había gemido,16,reviewed,stem-changing -ir paradigm; QA recommended
ES,gemir,Indicativo,Pretérito pluscuamperfecto,tú,habías gemido,16,reviewed,stem-changing -ir paradigm; QA recommended
ES,gemir,Indicativo,Pretérito pluscuamperfecto,él,había gemido,16,reviewed,stem-changing -ir paradigm; QA recommended
ES,gemir,Indicativo,Pretérito pluscuamperfecto,nosotros,habíamos gemido,16,reviewed,stem-changing -ir paradigm; QA recommended
ES,gemir,Indicativo,Pretérito pluscuamperfecto,vosotros,habíais gemido,16,reviewed,stem-changing -ir paradigm; QA recommended
ES,gemir,Indicativo,Pretérito pluscuamperfecto,ellos,habían gemido,16,reviewed,stem-changing -ir paradigm; QA recommended
ES,estudiar mucho,Indicativo,Presente,yo,estudio mucho,16,reviewed,multiword entry; only estudiar is conjugated
ES,estudiar mucho,Indicativo,Presente,tú,estudias mucho,16,reviewed,multiword entry; only estudiar is conjugated
ES,estudiar mucho,Indicativo,Presente,él,estudia mucho,16,reviewed,multiword entry; only estudiar is conjugated
ES,estudiar mucho,Indicativo,Presente,nosotros,estudiamos mucho,16,reviewed,multiword entry; only estudiar is conjugated
ES,estudiar mucho,Indicativo,Presente,vosotros,estudiáis mucho,16,reviewed,multiword entry; only estudiar is conjugated
ES,estudiar mucho,Indicativo,Presente,ellos,estudian mucho,16,reviewed,multiword entry; only estudiar is conjugated
ES,estudiar mucho,Indicativo,Futuro,yo,estudiaré mucho,16,reviewed,multiword entry; only estudiar is conjugated
ES,estudiar mucho,Indicativo,Futuro,tú,estudiarás mucho,16,reviewed,multiword entry; only estudiar is conjugated
ES,estudiar mucho,Indicativo,Futuro,él,estudiará mucho,16,reviewed,multiword entry; only estudiar is conjugated
ES,estudiar mucho,Indicativo,Futuro,nosotros,estudiaremos mucho,16,reviewed,multiword entry; only estudiar is conjugated
ES,estudiar mucho,Indicativo,Futuro,vosotros,estudiaréis mucho,16,reviewed,multiword entry; only estudiar is conjugated
ES,estudiar mucho,Indicativo,Futuro,ellos,estudiarán mucho,16,reviewed,multiword entry; only estudiar is conjugated
ES,estudiar mucho,Indicativo,Pretérito perfecto compuesto,yo,he estudiado mucho,16,reviewed,multiword entry; only estudiar is conjugated
ES,estudiar mucho,Indicativo,Pretérito perfecto compuesto,tú,has estudiado mucho,16,reviewed,multiword entry; only estudiar is conjugated
ES,estudiar mucho,Indicativo,Pretérito perfecto compuesto,él,ha estudiado mucho,16,reviewed,multiword entry; only estudiar is conjugated
ES,estudiar mucho,Indicativo,Pretérito perfecto compuesto,nosotros,hemos estudiado mucho,16,reviewed,multiword entry; only estudiar is conjugated
ES,estudiar mucho,Indicativo,Pretérito perfecto compuesto,vosotros,habéis estudiado mucho,16,reviewed,multiword entry; only estudiar is conjugated
ES,estudiar mucho,Indicativo,Pretérito perfecto compuesto,ellos,han estudiado mucho,16,reviewed,multiword entry; only estudiar is conjugated
ES,estudiar mucho,Indicativo,Pretérito imperfecto,yo,estudiaba mucho,16,reviewed,multiword entry; only estudiar is conjugated
ES,estudiar mucho,Indicativo,Pretérito imperfecto,tú,estudiabas mucho,16,reviewed,multiword entry; only estudiar is conjugated
ES,estudiar mucho,Indicativo,Pretérito imperfecto,él,estudiaba mucho,16,reviewed,multiword entry; only estudiar is conjugated
ES,estudiar mucho,Indicativo,Pretérito imperfecto,nosotros,estudiábamos mucho,16,reviewed,multiword entry; only estudiar is conjugated
ES,estudiar mucho,Indicativo,Pretérito imperfecto,vosotros,estudiabais mucho,16,reviewed,multiword entry; only estudiar is conjugated
ES,estudiar mucho,Indicativo,Pretérito imperfecto,ellos,estudiaban mucho,16,reviewed,multiword entry; only estudiar is conjugated
ES,estudiar mucho,Condicional,Condicional,yo,estudiaría mucho,16,reviewed,multiword entry; only estudiar is conjugated
ES,estudiar mucho,Condicional,Condicional,tú,estudiarías mucho,16,reviewed,multiword entry; only estudiar is conjugated
ES,estudiar mucho,Condicional,Condicional,él,estudiaría mucho,16,reviewed,multiword entry; only estudiar is conjugated
ES,estudiar mucho,Condicional,Condicional,nosotros,estudiaríamos mucho,16,reviewed,multiword entry; only estudiar is conjugated
ES,estudiar mucho,Condicional,Condicional,vosotros,estudiaríais mucho,16,reviewed,multiword entry; only estudiar is conjugated
ES,estudiar mucho,Condicional,Condicional,ellos,estudiarían mucho,16,reviewed,multiword entry; only estudiar is conjugated
ES,estudiar mucho,Imperativo,Imperativo,yo,-,16,reviewed,multiword entry; only estudiar is conjugated; Spanish has no standard first-person singular imperative; placeholder - used
ES,estudiar mucho,Imperativo,Imperativo,tú,estudia mucho,16,reviewed,multiword entry; only estudiar is conjugated
ES,estudiar mucho,Imperativo,Imperativo,él,estudie mucho,16,reviewed,multiword entry; only estudiar is conjugated
ES,estudiar mucho,Imperativo,Imperativo,nosotros,estudiemos mucho,16,reviewed,multiword entry; only estudiar is conjugated
ES,estudiar mucho,Imperativo,Imperativo,vosotros,estudiad mucho,16,reviewed,multiword entry; only estudiar is conjugated
ES,estudiar mucho,Imperativo,Imperativo,ellos,estudien mucho,16,reviewed,multiword entry; only estudiar is conjugated
ES,estudiar mucho,Indicativo,Futuro perfecto,yo,habré estudiado mucho,16,reviewed,multiword entry; only estudiar is conjugated
ES,estudiar mucho,Indicativo,Futuro perfecto,tú,habrás estudiado mucho,16,reviewed,multiword entry; only estudiar is conjugated
ES,estudiar mucho,Indicativo,Futuro perfecto,él,habrá estudiado mucho,16,reviewed,multiword entry; only estudiar is conjugated
ES,estudiar mucho,Indicativo,Futuro perfecto,nosotros,habremos estudiado mucho,16,reviewed,multiword entry; only estudiar is conjugated
ES,estudiar mucho,Indicativo,Futuro perfecto,vosotros,habréis estudiado mucho,16,reviewed,multiword entry; only estudiar is conjugated
ES,estudiar mucho,Indicativo,Futuro perfecto,ellos,habrán estudiado mucho,16,reviewed,multiword entry; only estudiar is conjugated
ES,estudiar mucho,Subjuntivo,Subjuntivo presente,yo,estudie mucho,16,reviewed,multiword entry; only estudiar is conjugated
ES,estudiar mucho,Subjuntivo,Subjuntivo presente,tú,estudies mucho,16,reviewed,multiword entry; only estudiar is conjugated
ES,estudiar mucho,Subjuntivo,Subjuntivo presente,él,estudie mucho,16,reviewed,multiword entry; only estudiar is conjugated
ES,estudiar mucho,Subjuntivo,Subjuntivo presente,nosotros,estudiemos mucho,16,reviewed,multiword entry; only estudiar is conjugated
ES,estudiar mucho,Subjuntivo,Subjuntivo presente,vosotros,estudiéis mucho,16,reviewed,multiword entry; only estudiar is conjugated
ES,estudiar mucho,Subjuntivo,Subjuntivo presente,ellos,estudien mucho,16,reviewed,multiword entry; only estudiar is conjugated
ES,estudiar mucho,Indicativo,Pretérito perfecto simple,yo,estudié mucho,16,reviewed,multiword entry; only estudiar is conjugated
ES,estudiar mucho,Indicativo,Pretérito perfecto simple,tú,estudiaste mucho,16,reviewed,multiword entry; only estudiar is conjugated
ES,estudiar mucho,Indicativo,Pretérito perfecto simple,él,estudió mucho,16,reviewed,multiword entry; only estudiar is conjugated
ES,estudiar mucho,Indicativo,Pretérito perfecto simple,nosotros,estudiamos mucho,16,reviewed,multiword entry; only estudiar is conjugated
ES,estudiar mucho,Indicativo,Pretérito perfecto simple,vosotros,estudiasteis mucho,16,reviewed,multiword entry; only estudiar is conjugated
ES,estudiar mucho,Indicativo,Pretérito perfecto simple,ellos,estudiaron mucho,16,reviewed,multiword entry; only estudiar is conjugated
ES,estudiar mucho,Indicativo,Pretérito pluscuamperfecto,yo,había estudiado mucho,16,reviewed,multiword entry; only estudiar is conjugated
ES,estudiar mucho,Indicativo,Pretérito pluscuamperfecto,tú,habías estudiado mucho,16,reviewed,multiword entry; only estudiar is conjugated
ES,estudiar mucho,Indicativo,Pretérito pluscuamperfecto,él,había estudiado mucho,16,reviewed,multiword entry; only estudiar is conjugated
ES,estudiar mucho,Indicativo,Pretérito pluscuamperfecto,nosotros,habíamos estudiado mucho,16,reviewed,multiword entry; only estudiar is conjugated
ES,estudiar mucho,Indicativo,Pretérito pluscuamperfecto,vosotros,habíais estudiado mucho,16,reviewed,multiword entry; only estudiar is conjugated
ES,estudiar mucho,Indicativo,Pretérito pluscuamperfecto,ellos,habían estudiado mucho,16,reviewed,multiword entry; only estudiar is conjugated
ES,empollar,Indicativo,Presente,yo,empollo,16,reviewed,
ES,empollar,Indicativo,Presente,tú,empollas,16,reviewed,
ES,empollar,Indicativo,Presente,él,empolla,16,reviewed,
ES,empollar,Indicativo,Presente,nosotros,empollamos,16,reviewed,
ES,empollar,Indicativo,Presente,vosotros,empolláis,16,reviewed,
ES,empollar,Indicativo,Presente,ellos,empollan,16,reviewed,
ES,empollar,Indicativo,Futuro,yo,empollaré,16,reviewed,
ES,empollar,Indicativo,Futuro,tú,empollarás,16,reviewed,
ES,empollar,Indicativo,Futuro,él,empollará,16,reviewed,
ES,empollar,Indicativo,Futuro,nosotros,empollaremos,16,reviewed,
ES,empollar,Indicativo,Futuro,vosotros,empollaréis,16,reviewed,
ES,empollar,Indicativo,Futuro,ellos,empollarán,16,reviewed,
ES,empollar,Indicativo,Pretérito perfecto compuesto,yo,he empollado,16,reviewed,
ES,empollar,Indicativo,Pretérito perfecto compuesto,tú,has empollado,16,reviewed,
ES,empollar,Indicativo,Pretérito perfecto compuesto,él,ha empollado,16,reviewed,
ES,empollar,Indicativo,Pretérito perfecto compuesto,nosotros,hemos empollado,16,reviewed,
ES,empollar,Indicativo,Pretérito perfecto compuesto,vosotros,habéis empollado,16,reviewed,
ES,empollar,Indicativo,Pretérito perfecto compuesto,ellos,han empollado,16,reviewed,
ES,empollar,Indicativo,Pretérito imperfecto,yo,empollaba,16,reviewed,
ES,empollar,Indicativo,Pretérito imperfecto,tú,empollabas,16,reviewed,
ES,empollar,Indicativo,Pretérito imperfecto,él,empollaba,16,reviewed,
ES,empollar,Indicativo,Pretérito imperfecto,nosotros,empollábamos,16,reviewed,
ES,empollar,Indicativo,Pretérito imperfecto,vosotros,empollabais,16,reviewed,
ES,empollar,Indicativo,Pretérito imperfecto,ellos,empollaban,16,reviewed,
ES,empollar,Condicional,Condicional,yo,empollaría,16,reviewed,
ES,empollar,Condicional,Condicional,tú,empollarías,16,reviewed,
ES,empollar,Condicional,Condicional,él,empollaría,16,reviewed,
ES,empollar,Condicional,Condicional,nosotros,empollaríamos,16,reviewed,
ES,empollar,Condicional,Condicional,vosotros,empollaríais,16,reviewed,
ES,empollar,Condicional,Condicional,ellos,empollarían,16,reviewed,
ES,empollar,Imperativo,Imperativo,yo,-,16,reviewed,Spanish has no standard first-person singular imperative; placeholder - used
ES,empollar,Imperativo,Imperativo,tú,empolla,16,reviewed,
ES,empollar,Imperativo,Imperativo,él,empolle,16,reviewed,
ES,empollar,Imperativo,Imperativo,nosotros,empollemos,16,reviewed,
ES,empollar,Imperativo,Imperativo,vosotros,empollad,16,reviewed,
ES,empollar,Imperativo,Imperativo,ellos,empollen,16,reviewed,
ES,empollar,Indicativo,Futuro perfecto,yo,habré empollado,16,reviewed,
ES,empollar,Indicativo,Futuro perfecto,tú,habrás empollado,16,reviewed,
ES,empollar,Indicativo,Futuro perfecto,él,habrá empollado,16,reviewed,
ES,empollar,Indicativo,Futuro perfecto,nosotros,habremos empollado,16,reviewed,
ES,empollar,Indicativo,Futuro perfecto,vosotros,habréis empollado,16,reviewed,
ES,empollar,Indicativo,Futuro perfecto,ellos,habrán empollado,16,reviewed,
ES,empollar,Subjuntivo,Subjuntivo presente,yo,empolle,16,reviewed,
ES,empollar,Subjuntivo,Subjuntivo presente,tú,empolles,16,reviewed,
ES,empollar,Subjuntivo,Subjuntivo presente,él,empolle,16,reviewed,
ES,empollar,Subjuntivo,Subjuntivo presente,nosotros,empollemos,16,reviewed,
ES,empollar,Subjuntivo,Subjuntivo presente,vosotros,empolléis,16,reviewed,
ES,empollar,Subjuntivo,Subjuntivo presente,ellos,empollen,16,reviewed,
ES,empollar,Indicativo,Pretérito perfecto simple,yo,empollé,16,reviewed,
ES,empollar,Indicativo,Pretérito perfecto simple,tú,empollaste,16,reviewed,
ES,empollar,Indicativo,Pretérito perfecto simple,él,empolló,16,reviewed,
ES,empollar,Indicativo,Pretérito perfecto simple,nosotros,empollamos,16,reviewed,
ES,empollar,Indicativo,Pretérito perfecto simple,vosotros,empollasteis,16,reviewed,
ES,empollar,Indicativo,Pretérito perfecto simple,ellos,empollaron,16,reviewed,
ES,empollar,Indicativo,Pretérito pluscuamperfecto,yo,había empollado,16,reviewed,
ES,empollar,Indicativo,Pretérito pluscuamperfecto,tú,habías empollado,16,reviewed,
ES,empollar,Indicativo,Pretérito pluscuamperfecto,él,había empollado,16,reviewed,
ES,empollar,Indicativo,Pretérito pluscuamperfecto,nosotros,habíamos empollado,16,reviewed,
ES,empollar,Indicativo,Pretérito pluscuamperfecto,vosotros,habíais empollado,16,reviewed,
ES,empollar,Indicativo,Pretérito pluscuamperfecto,ellos,habían empollado,16,reviewed,
ES,combinar,Indicativo,Presente,yo,combino,16,reviewed,
ES,combinar,Indicativo,Presente,tú,combinas,16,reviewed,
ES,combinar,Indicativo,Presente,él,combina,16,reviewed,
ES,combinar,Indicativo,Presente,nosotros,combinamos,16,reviewed,
ES,combinar,Indicativo,Presente,vosotros,combináis,16,reviewed,
ES,combinar,Indicativo,Presente,ellos,combinan,16,reviewed,
ES,combinar,Indicativo,Futuro,yo,combinaré,16,reviewed,
ES,combinar,Indicativo,Futuro,tú,combinarás,16,reviewed,
ES,combinar,Indicativo,Futuro,él,combinará,16,reviewed,
ES,combinar,Indicativo,Futuro,nosotros,combinaremos,16,reviewed,
ES,combinar,Indicativo,Futuro,vosotros,combinaréis,16,reviewed,
ES,combinar,Indicativo,Futuro,ellos,combinarán,16,reviewed,
ES,combinar,Indicativo,Pretérito perfecto compuesto,yo,he combinado,16,reviewed,
ES,combinar,Indicativo,Pretérito perfecto compuesto,tú,has combinado,16,reviewed,
ES,combinar,Indicativo,Pretérito perfecto compuesto,él,ha combinado,16,reviewed,
ES,combinar,Indicativo,Pretérito perfecto compuesto,nosotros,hemos combinado,16,reviewed,
ES,combinar,Indicativo,Pretérito perfecto compuesto,vosotros,habéis combinado,16,reviewed,
ES,combinar,Indicativo,Pretérito perfecto compuesto,ellos,han combinado,16,reviewed,
ES,combinar,Indicativo,Pretérito imperfecto,yo,combinaba,16,reviewed,
ES,combinar,Indicativo,Pretérito imperfecto,tú,combinabas,16,reviewed,
ES,combinar,Indicativo,Pretérito imperfecto,él,combinaba,16,reviewed,
ES,combinar,Indicativo,Pretérito imperfecto,nosotros,combinábamos,16,reviewed,
ES,combinar,Indicativo,Pretérito imperfecto,vosotros,combinabais,16,reviewed,
ES,combinar,Indicativo,Pretérito imperfecto,ellos,combinaban,16,reviewed,
ES,combinar,Condicional,Condicional,yo,combinaría,16,reviewed,
ES,combinar,Condicional,Condicional,tú,combinarías,16,reviewed,
ES,combinar,Condicional,Condicional,él,combinaría,16,reviewed,
ES,combinar,Condicional,Condicional,nosotros,combinaríamos,16,reviewed,
ES,combinar,Condicional,Condicional,vosotros,combinaríais,16,reviewed,
ES,combinar,Condicional,Condicional,ellos,combinarían,16,reviewed,
ES,combinar,Imperativo,Imperativo,yo,-,16,reviewed,Spanish has no standard first-person singular imperative; placeholder - used
ES,combinar,Imperativo,Imperativo,tú,combina,16,reviewed,
ES,combinar,Imperativo,Imperativo,él,combine,16,reviewed,
ES,combinar,Imperativo,Imperativo,nosotros,combinemos,16,reviewed,
ES,combinar,Imperativo,Imperativo,vosotros,combinad,16,reviewed,
ES,combinar,Imperativo,Imperativo,ellos,combinen,16,reviewed,
ES,combinar,Indicativo,Futuro perfecto,yo,habré combinado,16,reviewed,
ES,combinar,Indicativo,Futuro perfecto,tú,habrás combinado,16,reviewed,
ES,combinar,Indicativo,Futuro perfecto,él,habrá combinado,16,reviewed,
ES,combinar,Indicativo,Futuro perfecto,nosotros,habremos combinado,16,reviewed,
ES,combinar,Indicativo,Futuro perfecto,vosotros,habréis combinado,16,reviewed,
ES,combinar,Indicativo,Futuro perfecto,ellos,habrán combinado,16,reviewed,
ES,combinar,Subjuntivo,Subjuntivo presente,yo,combine,16,reviewed,
ES,combinar,Subjuntivo,Subjuntivo presente,tú,combines,16,reviewed,
ES,combinar,Subjuntivo,Subjuntivo presente,él,combine,16,reviewed,
ES,combinar,Subjuntivo,Subjuntivo presente,nosotros,combinemos,16,reviewed,
ES,combinar,Subjuntivo,Subjuntivo presente,vosotros,combinéis,16,reviewed,
ES,combinar,Subjuntivo,Subjuntivo presente,ellos,combinen,16,reviewed,
ES,combinar,Indicativo,Pretérito perfecto simple,yo,combiné,16,reviewed,
ES,combinar,Indicativo,Pretérito perfecto simple,tú,combinaste,16,reviewed,
ES,combinar,Indicativo,Pretérito perfecto simple,él,combinó,16,reviewed,
ES,combinar,Indicativo,Pretérito perfecto simple,nosotros,combinamos,16,reviewed,
ES,combinar,Indicativo,Pretérito perfecto simple,vosotros,combinasteis,16,reviewed,
ES,combinar,Indicativo,Pretérito perfecto simple,ellos,combinaron,16,reviewed,
ES,combinar,Indicativo,Pretérito pluscuamperfecto,yo,había combinado,16,reviewed,
ES,combinar,Indicativo,Pretérito pluscuamperfecto,tú,habías combinado,16,reviewed,
ES,combinar,Indicativo,Pretérito pluscuamperfecto,él,había combinado,16,reviewed,
ES,combinar,Indicativo,Pretérito pluscuamperfecto,nosotros,habíamos combinado,16,reviewed,
ES,combinar,Indicativo,Pretérito pluscuamperfecto,vosotros,habíais combinado,16,reviewed,
ES,combinar,Indicativo,Pretérito pluscuamperfecto,ellos,habían combinado,16,reviewed,
ES,profundizar,Indicativo,Presente,yo,profundizo,16,reviewed,
ES,profundizar,Indicativo,Presente,tú,profundizas,16,reviewed,
ES,profundizar,Indicativo,Presente,él,profundiza,16,reviewed,
ES,profundizar,Indicativo,Presente,nosotros,profundizamos,16,reviewed,
ES,profundizar,Indicativo,Presente,vosotros,profundizáis,16,reviewed,
ES,profundizar,Indicativo,Presente,ellos,profundizan,16,reviewed,
ES,profundizar,Indicativo,Futuro,yo,profundizaré,16,reviewed,
ES,profundizar,Indicativo,Futuro,tú,profundizarás,16,reviewed,
ES,profundizar,Indicativo,Futuro,él,profundizará,16,reviewed,
ES,profundizar,Indicativo,Futuro,nosotros,profundizaremos,16,reviewed,
ES,profundizar,Indicativo,Futuro,vosotros,profundizaréis,16,reviewed,
ES,profundizar,Indicativo,Futuro,ellos,profundizarán,16,reviewed,
ES,profundizar,Indicativo,Pretérito perfecto compuesto,yo,he profundizado,16,reviewed,
ES,profundizar,Indicativo,Pretérito perfecto compuesto,tú,has profundizado,16,reviewed,
ES,profundizar,Indicativo,Pretérito perfecto compuesto,él,ha profundizado,16,reviewed,
ES,profundizar,Indicativo,Pretérito perfecto compuesto,nosotros,hemos profundizado,16,reviewed,
ES,profundizar,Indicativo,Pretérito perfecto compuesto,vosotros,habéis profundizado,16,reviewed,
ES,profundizar,Indicativo,Pretérito perfecto compuesto,ellos,han profundizado,16,reviewed,
ES,profundizar,Indicativo,Pretérito imperfecto,yo,profundizaba,16,reviewed,
ES,profundizar,Indicativo,Pretérito imperfecto,tú,profundizabas,16,reviewed,
ES,profundizar,Indicativo,Pretérito imperfecto,él,profundizaba,16,reviewed,
ES,profundizar,Indicativo,Pretérito imperfecto,nosotros,profundizábamos,16,reviewed,
ES,profundizar,Indicativo,Pretérito imperfecto,vosotros,profundizabais,16,reviewed,
ES,profundizar,Indicativo,Pretérito imperfecto,ellos,profundizaban,16,reviewed,
ES,profundizar,Condicional,Condicional,yo,profundizaría,16,reviewed,
ES,profundizar,Condicional,Condicional,tú,profundizarías,16,reviewed,
ES,profundizar,Condicional,Condicional,él,profundizaría,16,reviewed,
ES,profundizar,Condicional,Condicional,nosotros,profundizaríamos,16,reviewed,
ES,profundizar,Condicional,Condicional,vosotros,profundizaríais,16,reviewed,
ES,profundizar,Condicional,Condicional,ellos,profundizarían,16,reviewed,
ES,profundizar,Imperativo,Imperativo,yo,-,16,reviewed,Spanish has no standard first-person singular imperative; placeholder - used
ES,profundizar,Imperativo,Imperativo,tú,profundiza,16,reviewed,
ES,profundizar,Imperativo,Imperativo,él,profundice,16,reviewed,
ES,profundizar,Imperativo,Imperativo,nosotros,profundicemos,16,reviewed,
ES,profundizar,Imperativo,Imperativo,vosotros,profundizad,16,reviewed,
ES,profundizar,Imperativo,Imperativo,ellos,profundicen,16,reviewed,
ES,profundizar,Indicativo,Futuro perfecto,yo,habré profundizado,16,reviewed,
ES,profundizar,Indicativo,Futuro perfecto,tú,habrás profundizado,16,reviewed,
ES,profundizar,Indicativo,Futuro perfecto,él,habrá profundizado,16,reviewed,
ES,profundizar,Indicativo,Futuro perfecto,nosotros,habremos profundizado,16,reviewed,
ES,profundizar,Indicativo,Futuro perfecto,vosotros,habréis profundizado,16,reviewed,
ES,profundizar,Indicativo,Futuro perfecto,ellos,habrán profundizado,16,reviewed,
ES,profundizar,Subjuntivo,Subjuntivo presente,yo,profundice,16,reviewed,
ES,profundizar,Subjuntivo,Subjuntivo presente,tú,profundices,16,reviewed,
ES,profundizar,Subjuntivo,Subjuntivo presente,él,profundice,16,reviewed,
ES,profundizar,Subjuntivo,Subjuntivo presente,nosotros,profundicemos,16,reviewed,
ES,profundizar,Subjuntivo,Subjuntivo presente,vosotros,profundicéis,16,reviewed,
ES,profundizar,Subjuntivo,Subjuntivo presente,ellos,profundicen,16,reviewed,
ES,profundizar,Indicativo,Pretérito perfecto simple,yo,profundicé,16,reviewed,
ES,profundizar,Indicativo,Pretérito perfecto simple,tú,profundizaste,16,reviewed,
ES,profundizar,Indicativo,Pretérito perfecto simple,él,profundizó,16,reviewed,
ES,profundizar,Indicativo,Pretérito perfecto simple,nosotros,profundizamos,16,reviewed,
ES,profundizar,Indicativo,Pretérito perfecto simple,vosotros,profundizasteis,16,reviewed,
ES,profundizar,Indicativo,Pretérito perfecto simple,ellos,profundizaron,16,reviewed,
ES,profundizar,Indicativo,Pretérito pluscuamperfecto,yo,había profundizado,16,reviewed,
ES,profundizar,Indicativo,Pretérito pluscuamperfecto,tú,habías profundizado,16,reviewed,
ES,profundizar,Indicativo,Pretérito pluscuamperfecto,él,había profundizado,16,reviewed,
ES,profundizar,Indicativo,Pretérito pluscuamperfecto,nosotros,habíamos profundizado,16,reviewed,
ES,profundizar,Indicativo,Pretérito pluscuamperfecto,vosotros,habíais profundizado,16,reviewed,
ES,profundizar,Indicativo,Pretérito pluscuamperfecto,ellos,habían profundizado,16,reviewed,
ES,suceder,Indicativo,Presente,yo,sucedo,16,reviewed,
ES,suceder,Indicativo,Presente,tú,sucedes,16,reviewed,
ES,suceder,Indicativo,Presente,él,sucede,16,reviewed,
ES,suceder,Indicativo,Presente,nosotros,sucedemos,16,reviewed,
ES,suceder,Indicativo,Presente,vosotros,sucedéis,16,reviewed,
ES,suceder,Indicativo,Presente,ellos,suceden,16,reviewed,
ES,suceder,Indicativo,Futuro,yo,sucederé,16,reviewed,
ES,suceder,Indicativo,Futuro,tú,sucederás,16,reviewed,
ES,suceder,Indicativo,Futuro,él,sucederá,16,reviewed,
ES,suceder,Indicativo,Futuro,nosotros,sucederemos,16,reviewed,
ES,suceder,Indicativo,Futuro,vosotros,sucederéis,16,reviewed,
ES,suceder,Indicativo,Futuro,ellos,sucederán,16,reviewed,
ES,suceder,Indicativo,Pretérito perfecto compuesto,yo,he sucedido,16,reviewed,
ES,suceder,Indicativo,Pretérito perfecto compuesto,tú,has sucedido,16,reviewed,
ES,suceder,Indicativo,Pretérito perfecto compuesto,él,ha sucedido,16,reviewed,
ES,suceder,Indicativo,Pretérito perfecto compuesto,nosotros,hemos sucedido,16,reviewed,
ES,suceder,Indicativo,Pretérito perfecto compuesto,vosotros,habéis sucedido,16,reviewed,
ES,suceder,Indicativo,Pretérito perfecto compuesto,ellos,han sucedido,16,reviewed,
ES,suceder,Indicativo,Pretérito imperfecto,yo,sucedía,16,reviewed,
ES,suceder,Indicativo,Pretérito imperfecto,tú,sucedías,16,reviewed,
ES,suceder,Indicativo,Pretérito imperfecto,él,sucedía,16,reviewed,
ES,suceder,Indicativo,Pretérito imperfecto,nosotros,sucedíamos,16,reviewed,
ES,suceder,Indicativo,Pretérito imperfecto,vosotros,sucedíais,16,reviewed,
ES,suceder,Indicativo,Pretérito imperfecto,ellos,sucedían,16,reviewed,
ES,suceder,Condicional,Condicional,yo,sucedería,16,reviewed,
ES,suceder,Condicional,Condicional,tú,sucederías,16,reviewed,
ES,suceder,Condicional,Condicional,él,sucedería,16,reviewed,
ES,suceder,Condicional,Condicional,nosotros,sucederíamos,16,reviewed,
ES,suceder,Condicional,Condicional,vosotros,sucederíais,16,reviewed,
ES,suceder,Condicional,Condicional,ellos,sucederían,16,reviewed,
ES,suceder,Imperativo,Imperativo,yo,-,16,reviewed,Spanish has no standard first-person singular imperative; placeholder - used
ES,suceder,Imperativo,Imperativo,tú,sucede,16,reviewed,
ES,suceder,Imperativo,Imperativo,él,suceda,16,reviewed,
ES,suceder,Imperativo,Imperativo,nosotros,sucedamos,16,reviewed,
ES,suceder,Imperativo,Imperativo,vosotros,suceded,16,reviewed,
ES,suceder,Imperativo,Imperativo,ellos,sucedan,16,reviewed,
ES,suceder,Indicativo,Futuro perfecto,yo,habré sucedido,16,reviewed,
ES,suceder,Indicativo,Futuro perfecto,tú,habrás sucedido,16,reviewed,
ES,suceder,Indicativo,Futuro perfecto,él,habrá sucedido,16,reviewed,
ES,suceder,Indicativo,Futuro perfecto,nosotros,habremos sucedido,16,reviewed,
ES,suceder,Indicativo,Futuro perfecto,vosotros,habréis sucedido,16,reviewed,
ES,suceder,Indicativo,Futuro perfecto,ellos,habrán sucedido,16,reviewed,
ES,suceder,Subjuntivo,Subjuntivo presente,yo,suceda,16,reviewed,
ES,suceder,Subjuntivo,Subjuntivo presente,tú,sucedas,16,reviewed,
ES,suceder,Subjuntivo,Subjuntivo presente,él,suceda,16,reviewed,
ES,suceder,Subjuntivo,Subjuntivo presente,nosotros,sucedamos,16,reviewed,
ES,suceder,Subjuntivo,Subjuntivo presente,vosotros,sucedáis,16,reviewed,
ES,suceder,Subjuntivo,Subjuntivo presente,ellos,sucedan,16,reviewed,
ES,suceder,Indicativo,Pretérito perfecto simple,yo,sucedí,16,reviewed,
ES,suceder,Indicativo,Pretérito perfecto simple,tú,sucediste,16,reviewed,
ES,suceder,Indicativo,Pretérito perfecto simple,él,sucedió,16,reviewed,
ES,suceder,Indicativo,Pretérito perfecto simple,nosotros,sucedimos,16,reviewed,
ES,suceder,Indicativo,Pretérito perfecto simple,vosotros,sucedisteis,16,reviewed,
ES,suceder,Indicativo,Pretérito perfecto simple,ellos,sucedieron,16,reviewed,
ES,suceder,Indicativo,Pretérito pluscuamperfecto,yo,había sucedido,16,reviewed,
ES,suceder,Indicativo,Pretérito pluscuamperfecto,tú,habías sucedido,16,reviewed,
ES,suceder,Indicativo,Pretérito pluscuamperfecto,él,había sucedido,16,reviewed,
ES,suceder,Indicativo,Pretérito pluscuamperfecto,nosotros,habíamos sucedido,16,reviewed,
ES,suceder,Indicativo,Pretérito pluscuamperfecto,vosotros,habíais sucedido,16,reviewed,
ES,suceder,Indicativo,Pretérito pluscuamperfecto,ellos,habían sucedido,16,reviewed,
ES,seguir,Indicativo,Presente,yo,sigo,16,reviewed,seguir-family irregular paradigm; QA recommended
ES,seguir,Indicativo,Presente,tú,sigues,16,reviewed,seguir-family irregular paradigm; QA recommended
ES,seguir,Indicativo,Presente,él,sigue,16,reviewed,seguir-family irregular paradigm; QA recommended
ES,seguir,Indicativo,Presente,nosotros,seguimos,16,reviewed,seguir-family irregular paradigm; QA recommended
ES,seguir,Indicativo,Presente,vosotros,seguís,16,reviewed,seguir-family irregular paradigm; QA recommended
ES,seguir,Indicativo,Presente,ellos,siguen,16,reviewed,seguir-family irregular paradigm; QA recommended
ES,seguir,Indicativo,Futuro,yo,seguiré,16,reviewed,seguir-family irregular paradigm; QA recommended
ES,seguir,Indicativo,Futuro,tú,seguirás,16,reviewed,seguir-family irregular paradigm; QA recommended
ES,seguir,Indicativo,Futuro,él,seguirá,16,reviewed,seguir-family irregular paradigm; QA recommended
ES,seguir,Indicativo,Futuro,nosotros,seguiremos,16,reviewed,seguir-family irregular paradigm; QA recommended
ES,seguir,Indicativo,Futuro,vosotros,seguiréis,16,reviewed,seguir-family irregular paradigm; QA recommended
ES,seguir,Indicativo,Futuro,ellos,seguirán,16,reviewed,seguir-family irregular paradigm; QA recommended
ES,seguir,Indicativo,Pretérito perfecto compuesto,yo,he seguido,16,reviewed,seguir-family irregular paradigm; QA recommended
ES,seguir,Indicativo,Pretérito perfecto compuesto,tú,has seguido,16,reviewed,seguir-family irregular paradigm; QA recommended
ES,seguir,Indicativo,Pretérito perfecto compuesto,él,ha seguido,16,reviewed,seguir-family irregular paradigm; QA recommended
ES,seguir,Indicativo,Pretérito perfecto compuesto,nosotros,hemos seguido,16,reviewed,seguir-family irregular paradigm; QA recommended
ES,seguir,Indicativo,Pretérito perfecto compuesto,vosotros,habéis seguido,16,reviewed,seguir-family irregular paradigm; QA recommended
ES,seguir,Indicativo,Pretérito perfecto compuesto,ellos,han seguido,16,reviewed,seguir-family irregular paradigm; QA recommended
ES,seguir,Indicativo,Pretérito imperfecto,yo,seguía,16,reviewed,seguir-family irregular paradigm; QA recommended
ES,seguir,Indicativo,Pretérito imperfecto,tú,seguías,16,reviewed,seguir-family irregular paradigm; QA recommended
ES,seguir,Indicativo,Pretérito imperfecto,él,seguía,16,reviewed,seguir-family irregular paradigm; QA recommended
ES,seguir,Indicativo,Pretérito imperfecto,nosotros,seguíamos,16,reviewed,seguir-family irregular paradigm; QA recommended
ES,seguir,Indicativo,Pretérito imperfecto,vosotros,seguíais,16,reviewed,seguir-family irregular paradigm; QA recommended
ES,seguir,Indicativo,Pretérito imperfecto,ellos,seguían,16,reviewed,seguir-family irregular paradigm; QA recommended
ES,seguir,Condicional,Condicional,yo,seguiría,16,reviewed,seguir-family irregular paradigm; QA recommended
ES,seguir,Condicional,Condicional,tú,seguirías,16,reviewed,seguir-family irregular paradigm; QA recommended
ES,seguir,Condicional,Condicional,él,seguiría,16,reviewed,seguir-family irregular paradigm; QA recommended
ES,seguir,Condicional,Condicional,nosotros,seguiríamos,16,reviewed,seguir-family irregular paradigm; QA recommended
ES,seguir,Condicional,Condicional,vosotros,seguiríais,16,reviewed,seguir-family irregular paradigm; QA recommended
ES,seguir,Condicional,Condicional,ellos,seguirían,16,reviewed,seguir-family irregular paradigm; QA recommended
ES,seguir,Imperativo,Imperativo,yo,-,16,reviewed,seguir-family irregular paradigm; QA recommended; Spanish has no standard first-person singular imperative; placeholder - used
ES,seguir,Imperativo,Imperativo,tú,sigue,16,reviewed,seguir-family irregular paradigm; QA recommended
ES,seguir,Imperativo,Imperativo,él,siga,16,reviewed,seguir-family irregular paradigm; QA recommended
ES,seguir,Imperativo,Imperativo,nosotros,sigamos,16,reviewed,seguir-family irregular paradigm; QA recommended
ES,seguir,Imperativo,Imperativo,vosotros,seguid,16,reviewed,seguir-family irregular paradigm; QA recommended
ES,seguir,Imperativo,Imperativo,ellos,sigan,16,reviewed,seguir-family irregular paradigm; QA recommended
ES,seguir,Indicativo,Futuro perfecto,yo,habré seguido,16,reviewed,seguir-family irregular paradigm; QA recommended
ES,seguir,Indicativo,Futuro perfecto,tú,habrás seguido,16,reviewed,seguir-family irregular paradigm; QA recommended
ES,seguir,Indicativo,Futuro perfecto,él,habrá seguido,16,reviewed,seguir-family irregular paradigm; QA recommended
ES,seguir,Indicativo,Futuro perfecto,nosotros,habremos seguido,16,reviewed,seguir-family irregular paradigm; QA recommended
ES,seguir,Indicativo,Futuro perfecto,vosotros,habréis seguido,16,reviewed,seguir-family irregular paradigm; QA recommended
ES,seguir,Indicativo,Futuro perfecto,ellos,habrán seguido,16,reviewed,seguir-family irregular paradigm; QA recommended
ES,seguir,Subjuntivo,Subjuntivo presente,yo,siga,16,reviewed,seguir-family irregular paradigm; QA recommended
ES,seguir,Subjuntivo,Subjuntivo presente,tú,sigas,16,reviewed,seguir-family irregular paradigm; QA recommended
ES,seguir,Subjuntivo,Subjuntivo presente,él,siga,16,reviewed,seguir-family irregular paradigm; QA recommended
ES,seguir,Subjuntivo,Subjuntivo presente,nosotros,sigamos,16,reviewed,seguir-family irregular paradigm; QA recommended
ES,seguir,Subjuntivo,Subjuntivo presente,vosotros,sigáis,16,reviewed,seguir-family irregular paradigm; QA recommended
ES,seguir,Subjuntivo,Subjuntivo presente,ellos,sigan,16,reviewed,seguir-family irregular paradigm; QA recommended
ES,seguir,Indicativo,Pretérito perfecto simple,yo,seguí,16,reviewed,seguir-family irregular paradigm; QA recommended
ES,seguir,Indicativo,Pretérito perfecto simple,tú,seguiste,16,reviewed,seguir-family irregular paradigm; QA recommended
ES,seguir,Indicativo,Pretérito perfecto simple,él,siguió,16,reviewed,seguir-family irregular paradigm; QA recommended
ES,seguir,Indicativo,Pretérito perfecto simple,nosotros,seguimos,16,reviewed,seguir-family irregular paradigm; QA recommended
ES,seguir,Indicativo,Pretérito perfecto simple,vosotros,seguisteis,16,reviewed,seguir-family irregular paradigm; QA recommended
ES,seguir,Indicativo,Pretérito perfecto simple,ellos,siguieron,16,reviewed,seguir-family irregular paradigm; QA recommended
ES,seguir,Indicativo,Pretérito pluscuamperfecto,yo,había seguido,16,reviewed,seguir-family irregular paradigm; QA recommended
ES,seguir,Indicativo,Pretérito pluscuamperfecto,tú,habías seguido,16,reviewed,seguir-family irregular paradigm; QA recommended
ES,seguir,Indicativo,Pretérito pluscuamperfecto,él,había seguido,16,reviewed,seguir-family irregular paradigm; QA recommended
ES,seguir,Indicativo,Pretérito pluscuamperfecto,nosotros,habíamos seguido,16,reviewed,seguir-family irregular paradigm; QA recommended
ES,seguir,Indicativo,Pretérito pluscuamperfecto,vosotros,habíais seguido,16,reviewed,seguir-family irregular paradigm; QA recommended
ES,seguir,Indicativo,Pretérito pluscuamperfecto,ellos,habían seguido,16,reviewed,seguir-family irregular paradigm; QA recommended
ES,coordinar,Indicativo,Presente,yo,coordino,16,reviewed,
ES,coordinar,Indicativo,Presente,tú,coordinas,16,reviewed,
ES,coordinar,Indicativo,Presente,él,coordina,16,reviewed,
ES,coordinar,Indicativo,Presente,nosotros,coordinamos,16,reviewed,
ES,coordinar,Indicativo,Presente,vosotros,coordináis,16,reviewed,
ES,coordinar,Indicativo,Presente,ellos,coordinan,16,reviewed,
ES,coordinar,Indicativo,Futuro,yo,coordinaré,16,reviewed,
ES,coordinar,Indicativo,Futuro,tú,coordinarás,16,reviewed,
ES,coordinar,Indicativo,Futuro,él,coordinará,16,reviewed,
ES,coordinar,Indicativo,Futuro,nosotros,coordinaremos,16,reviewed,
ES,coordinar,Indicativo,Futuro,vosotros,coordinaréis,16,reviewed,
ES,coordinar,Indicativo,Futuro,ellos,coordinarán,16,reviewed,
ES,coordinar,Indicativo,Pretérito perfecto compuesto,yo,he coordinado,16,reviewed,
ES,coordinar,Indicativo,Pretérito perfecto compuesto,tú,has coordinado,16,reviewed,
ES,coordinar,Indicativo,Pretérito perfecto compuesto,él,ha coordinado,16,reviewed,
ES,coordinar,Indicativo,Pretérito perfecto compuesto,nosotros,hemos coordinado,16,reviewed,
ES,coordinar,Indicativo,Pretérito perfecto compuesto,vosotros,habéis coordinado,16,reviewed,
ES,coordinar,Indicativo,Pretérito perfecto compuesto,ellos,han coordinado,16,reviewed,
ES,coordinar,Indicativo,Pretérito imperfecto,yo,coordinaba,16,reviewed,
ES,coordinar,Indicativo,Pretérito imperfecto,tú,coordinabas,16,reviewed,
ES,coordinar,Indicativo,Pretérito imperfecto,él,coordinaba,16,reviewed,
ES,coordinar,Indicativo,Pretérito imperfecto,nosotros,coordinábamos,16,reviewed,
ES,coordinar,Indicativo,Pretérito imperfecto,vosotros,coordinabais,16,reviewed,
ES,coordinar,Indicativo,Pretérito imperfecto,ellos,coordinaban,16,reviewed,
ES,coordinar,Condicional,Condicional,yo,coordinaría,16,reviewed,
ES,coordinar,Condicional,Condicional,tú,coordinarías,16,reviewed,
ES,coordinar,Condicional,Condicional,él,coordinaría,16,reviewed,
ES,coordinar,Condicional,Condicional,nosotros,coordinaríamos,16,reviewed,
ES,coordinar,Condicional,Condicional,vosotros,coordinaríais,16,reviewed,
ES,coordinar,Condicional,Condicional,ellos,coordinarían,16,reviewed,
ES,coordinar,Imperativo,Imperativo,yo,-,16,reviewed,Spanish has no standard first-person singular imperative; placeholder - used
ES,coordinar,Imperativo,Imperativo,tú,coordina,16,reviewed,
ES,coordinar,Imperativo,Imperativo,él,coordine,16,reviewed,
ES,coordinar,Imperativo,Imperativo,nosotros,coordinemos,16,reviewed,
ES,coordinar,Imperativo,Imperativo,vosotros,coordinad,16,reviewed,
ES,coordinar,Imperativo,Imperativo,ellos,coordinen,16,reviewed,
ES,coordinar,Indicativo,Futuro perfecto,yo,habré coordinado,16,reviewed,
ES,coordinar,Indicativo,Futuro perfecto,tú,habrás coordinado,16,reviewed,
ES,coordinar,Indicativo,Futuro perfecto,él,habrá coordinado,16,reviewed,
ES,coordinar,Indicativo,Futuro perfecto,nosotros,habremos coordinado,16,reviewed,
ES,coordinar,Indicativo,Futuro perfecto,vosotros,habréis coordinado,16,reviewed,
ES,coordinar,Indicativo,Futuro perfecto,ellos,habrán coordinado,16,reviewed,
ES,coordinar,Subjuntivo,Subjuntivo presente,yo,coordine,16,reviewed,
ES,coordinar,Subjuntivo,Subjuntivo presente,tú,coordines,16,reviewed,
ES,coordinar,Subjuntivo,Subjuntivo presente,él,coordine,16,reviewed,
ES,coordinar,Subjuntivo,Subjuntivo presente,nosotros,coordinemos,16,reviewed,
ES,coordinar,Subjuntivo,Subjuntivo presente,vosotros,coordinéis,16,reviewed,
ES,coordinar,Subjuntivo,Subjuntivo presente,ellos,coordinen,16,reviewed,
ES,coordinar,Indicativo,Pretérito perfecto simple,yo,coordiné,16,reviewed,
ES,coordinar,Indicativo,Pretérito perfecto simple,tú,coordinaste,16,reviewed,
ES,coordinar,Indicativo,Pretérito perfecto simple,él,coordinó,16,reviewed,
ES,coordinar,Indicativo,Pretérito perfecto simple,nosotros,coordinamos,16,reviewed,
ES,coordinar,Indicativo,Pretérito perfecto simple,vosotros,coordinasteis,16,reviewed,
ES,coordinar,Indicativo,Pretérito perfecto simple,ellos,coordinaron,16,reviewed,
ES,coordinar,Indicativo,Pretérito pluscuamperfecto,yo,había coordinado,16,reviewed,
ES,coordinar,Indicativo,Pretérito pluscuamperfecto,tú,habías coordinado,16,reviewed,
ES,coordinar,Indicativo,Pretérito pluscuamperfecto,él,había coordinado,16,reviewed,
ES,coordinar,Indicativo,Pretérito pluscuamperfecto,nosotros,habíamos coordinado,16,reviewed,
ES,coordinar,Indicativo,Pretérito pluscuamperfecto,vosotros,habíais coordinado,16,reviewed,
ES,coordinar,Indicativo,Pretérito pluscuamperfecto,ellos,habían coordinado,16,reviewed,
ES,bajar,Indicativo,Presente,yo,bajo,16,reviewed,
ES,bajar,Indicativo,Presente,tú,bajas,16,reviewed,
ES,bajar,Indicativo,Presente,él,baja,16,reviewed,
ES,bajar,Indicativo,Presente,nosotros,bajamos,16,reviewed,
ES,bajar,Indicativo,Presente,vosotros,bajáis,16,reviewed,
ES,bajar,Indicativo,Presente,ellos,bajan,16,reviewed,
ES,bajar,Indicativo,Futuro,yo,bajaré,16,reviewed,
ES,bajar,Indicativo,Futuro,tú,bajarás,16,reviewed,
ES,bajar,Indicativo,Futuro,él,bajará,16,reviewed,
ES,bajar,Indicativo,Futuro,nosotros,bajaremos,16,reviewed,
ES,bajar,Indicativo,Futuro,vosotros,bajaréis,16,reviewed,
ES,bajar,Indicativo,Futuro,ellos,bajarán,16,reviewed,
ES,bajar,Indicativo,Pretérito perfecto compuesto,yo,he bajado,16,reviewed,
ES,bajar,Indicativo,Pretérito perfecto compuesto,tú,has bajado,16,reviewed,
ES,bajar,Indicativo,Pretérito perfecto compuesto,él,ha bajado,16,reviewed,
ES,bajar,Indicativo,Pretérito perfecto compuesto,nosotros,hemos bajado,16,reviewed,
ES,bajar,Indicativo,Pretérito perfecto compuesto,vosotros,habéis bajado,16,reviewed,
ES,bajar,Indicativo,Pretérito perfecto compuesto,ellos,han bajado,16,reviewed,
ES,bajar,Indicativo,Pretérito imperfecto,yo,bajaba,16,reviewed,
ES,bajar,Indicativo,Pretérito imperfecto,tú,bajabas,16,reviewed,
ES,bajar,Indicativo,Pretérito imperfecto,él,bajaba,16,reviewed,
ES,bajar,Indicativo,Pretérito imperfecto,nosotros,bajábamos,16,reviewed,
ES,bajar,Indicativo,Pretérito imperfecto,vosotros,bajabais,16,reviewed,
ES,bajar,Indicativo,Pretérito imperfecto,ellos,bajaban,16,reviewed,
ES,bajar,Condicional,Condicional,yo,bajaría,16,reviewed,
ES,bajar,Condicional,Condicional,tú,bajarías,16,reviewed,
ES,bajar,Condicional,Condicional,él,bajaría,16,reviewed,
ES,bajar,Condicional,Condicional,nosotros,bajaríamos,16,reviewed,
ES,bajar,Condicional,Condicional,vosotros,bajaríais,16,reviewed,
ES,bajar,Condicional,Condicional,ellos,bajarían,16,reviewed,
ES,bajar,Imperativo,Imperativo,yo,-,16,reviewed,Spanish has no standard first-person singular imperative; placeholder - used
ES,bajar,Imperativo,Imperativo,tú,baja,16,reviewed,
ES,bajar,Imperativo,Imperativo,él,baje,16,reviewed,
ES,bajar,Imperativo,Imperativo,nosotros,bajemos,16,reviewed,
ES,bajar,Imperativo,Imperativo,vosotros,bajad,16,reviewed,
ES,bajar,Imperativo,Imperativo,ellos,bajen,16,reviewed,
ES,bajar,Indicativo,Futuro perfecto,yo,habré bajado,16,reviewed,
ES,bajar,Indicativo,Futuro perfecto,tú,habrás bajado,16,reviewed,
ES,bajar,Indicativo,Futuro perfecto,él,habrá bajado,16,reviewed,
ES,bajar,Indicativo,Futuro perfecto,nosotros,habremos bajado,16,reviewed,
ES,bajar,Indicativo,Futuro perfecto,vosotros,habréis bajado,16,reviewed,
ES,bajar,Indicativo,Futuro perfecto,ellos,habrán bajado,16,reviewed,
ES,bajar,Subjuntivo,Subjuntivo presente,yo,baje,16,reviewed,
ES,bajar,Subjuntivo,Subjuntivo presente,tú,bajes,16,reviewed,
ES,bajar,Subjuntivo,Subjuntivo presente,él,baje,16,reviewed,
ES,bajar,Subjuntivo,Subjuntivo presente,nosotros,bajemos,16,reviewed,
ES,bajar,Subjuntivo,Subjuntivo presente,vosotros,bajéis,16,reviewed,
ES,bajar,Subjuntivo,Subjuntivo presente,ellos,bajen,16,reviewed,
ES,bajar,Indicativo,Pretérito perfecto simple,yo,bajé,16,reviewed,
ES,bajar,Indicativo,Pretérito perfecto simple,tú,bajaste,16,reviewed,
ES,bajar,Indicativo,Pretérito perfecto simple,él,bajó,16,reviewed,
ES,bajar,Indicativo,Pretérito perfecto simple,nosotros,bajamos,16,reviewed,
ES,bajar,Indicativo,Pretérito perfecto simple,vosotros,bajasteis,16,reviewed,
ES,bajar,Indicativo,Pretérito perfecto simple,ellos,bajaron,16,reviewed,
ES,bajar,Indicativo,Pretérito pluscuamperfecto,yo,había bajado,16,reviewed,
ES,bajar,Indicativo,Pretérito pluscuamperfecto,tú,habías bajado,16,reviewed,
ES,bajar,Indicativo,Pretérito pluscuamperfecto,él,había bajado,16,reviewed,
ES,bajar,Indicativo,Pretérito pluscuamperfecto,nosotros,habíamos bajado,16,reviewed,
ES,bajar,Indicativo,Pretérito pluscuamperfecto,vosotros,habíais bajado,16,reviewed,
ES,bajar,Indicativo,Pretérito pluscuamperfecto,ellos,habían bajado,16,reviewed,
ES,disminuir,Indicativo,Presente,yo,disminuyo,16,reviewed,-uir paradigm with y-forms; QA recommended
ES,disminuir,Indicativo,Presente,tú,disminuyes,16,reviewed,-uir paradigm with y-forms; QA recommended
ES,disminuir,Indicativo,Presente,él,disminuye,16,reviewed,-uir paradigm with y-forms; QA recommended
ES,disminuir,Indicativo,Presente,nosotros,disminuimos,16,reviewed,-uir paradigm with y-forms; QA recommended
ES,disminuir,Indicativo,Presente,vosotros,disminuís,16,reviewed,-uir paradigm with y-forms; QA recommended
ES,disminuir,Indicativo,Presente,ellos,disminuyen,16,reviewed,-uir paradigm with y-forms; QA recommended
ES,disminuir,Indicativo,Futuro,yo,disminuiré,16,reviewed,-uir paradigm with y-forms; QA recommended
ES,disminuir,Indicativo,Futuro,tú,disminuirás,16,reviewed,-uir paradigm with y-forms; QA recommended
ES,disminuir,Indicativo,Futuro,él,disminuirá,16,reviewed,-uir paradigm with y-forms; QA recommended
ES,disminuir,Indicativo,Futuro,nosotros,disminuiremos,16,reviewed,-uir paradigm with y-forms; QA recommended
ES,disminuir,Indicativo,Futuro,vosotros,disminuiréis,16,reviewed,-uir paradigm with y-forms; QA recommended
ES,disminuir,Indicativo,Futuro,ellos,disminuirán,16,reviewed,-uir paradigm with y-forms; QA recommended
ES,disminuir,Indicativo,Pretérito perfecto compuesto,yo,he disminuido,16,reviewed,-uir paradigm with y-forms; QA recommended
ES,disminuir,Indicativo,Pretérito perfecto compuesto,tú,has disminuido,16,reviewed,-uir paradigm with y-forms; QA recommended
ES,disminuir,Indicativo,Pretérito perfecto compuesto,él,ha disminuido,16,reviewed,-uir paradigm with y-forms; QA recommended
ES,disminuir,Indicativo,Pretérito perfecto compuesto,nosotros,hemos disminuido,16,reviewed,-uir paradigm with y-forms; QA recommended
ES,disminuir,Indicativo,Pretérito perfecto compuesto,vosotros,habéis disminuido,16,reviewed,-uir paradigm with y-forms; QA recommended
ES,disminuir,Indicativo,Pretérito perfecto compuesto,ellos,han disminuido,16,reviewed,-uir paradigm with y-forms; QA recommended
ES,disminuir,Indicativo,Pretérito imperfecto,yo,disminuía,16,reviewed,-uir paradigm with y-forms; QA recommended
ES,disminuir,Indicativo,Pretérito imperfecto,tú,disminuías,16,reviewed,-uir paradigm with y-forms; QA recommended
ES,disminuir,Indicativo,Pretérito imperfecto,él,disminuía,16,reviewed,-uir paradigm with y-forms; QA recommended
ES,disminuir,Indicativo,Pretérito imperfecto,nosotros,disminuíamos,16,reviewed,-uir paradigm with y-forms; QA recommended
ES,disminuir,Indicativo,Pretérito imperfecto,vosotros,disminuíais,16,reviewed,-uir paradigm with y-forms; QA recommended
ES,disminuir,Indicativo,Pretérito imperfecto,ellos,disminuían,16,reviewed,-uir paradigm with y-forms; QA recommended
ES,disminuir,Condicional,Condicional,yo,disminuiría,16,reviewed,-uir paradigm with y-forms; QA recommended
ES,disminuir,Condicional,Condicional,tú,disminuirías,16,reviewed,-uir paradigm with y-forms; QA recommended
ES,disminuir,Condicional,Condicional,él,disminuiría,16,reviewed,-uir paradigm with y-forms; QA recommended
ES,disminuir,Condicional,Condicional,nosotros,disminuiríamos,16,reviewed,-uir paradigm with y-forms; QA recommended
ES,disminuir,Condicional,Condicional,vosotros,disminuiríais,16,reviewed,-uir paradigm with y-forms; QA recommended
ES,disminuir,Condicional,Condicional,ellos,disminuirían,16,reviewed,-uir paradigm with y-forms; QA recommended
ES,disminuir,Imperativo,Imperativo,yo,-,16,reviewed,-uir paradigm with y-forms; QA recommended; Spanish has no standard first-person singular imperative; placeholder - used
ES,disminuir,Imperativo,Imperativo,tú,disminuye,16,reviewed,-uir paradigm with y-forms; QA recommended
ES,disminuir,Imperativo,Imperativo,él,disminuya,16,reviewed,-uir paradigm with y-forms; QA recommended
ES,disminuir,Imperativo,Imperativo,nosotros,disminuyamos,16,reviewed,-uir paradigm with y-forms; QA recommended
ES,disminuir,Imperativo,Imperativo,vosotros,disminuid,16,reviewed,-uir paradigm with y-forms; QA recommended
ES,disminuir,Imperativo,Imperativo,ellos,disminuyan,16,reviewed,-uir paradigm with y-forms; QA recommended
ES,disminuir,Indicativo,Futuro perfecto,yo,habré disminuido,16,reviewed,-uir paradigm with y-forms; QA recommended
ES,disminuir,Indicativo,Futuro perfecto,tú,habrás disminuido,16,reviewed,-uir paradigm with y-forms; QA recommended
ES,disminuir,Indicativo,Futuro perfecto,él,habrá disminuido,16,reviewed,-uir paradigm with y-forms; QA recommended
ES,disminuir,Indicativo,Futuro perfecto,nosotros,habremos disminuido,16,reviewed,-uir paradigm with y-forms; QA recommended
ES,disminuir,Indicativo,Futuro perfecto,vosotros,habréis disminuido,16,reviewed,-uir paradigm with y-forms; QA recommended
ES,disminuir,Indicativo,Futuro perfecto,ellos,habrán disminuido,16,reviewed,-uir paradigm with y-forms; QA recommended
ES,disminuir,Subjuntivo,Subjuntivo presente,yo,disminuya,16,reviewed,-uir paradigm with y-forms; QA recommended
ES,disminuir,Subjuntivo,Subjuntivo presente,tú,disminuyas,16,reviewed,-uir paradigm with y-forms; QA recommended
ES,disminuir,Subjuntivo,Subjuntivo presente,él,disminuya,16,reviewed,-uir paradigm with y-forms; QA recommended
ES,disminuir,Subjuntivo,Subjuntivo presente,nosotros,disminuyamos,16,reviewed,-uir paradigm with y-forms; QA recommended
ES,disminuir,Subjuntivo,Subjuntivo presente,vosotros,disminuyáis,16,reviewed,-uir paradigm with y-forms; QA recommended
ES,disminuir,Subjuntivo,Subjuntivo presente,ellos,disminuyan,16,reviewed,-uir paradigm with y-forms; QA recommended
ES,disminuir,Indicativo,Pretérito perfecto simple,yo,disminuí,16,reviewed,-uir paradigm with y-forms; QA recommended
ES,disminuir,Indicativo,Pretérito perfecto simple,tú,disminuiste,16,reviewed,-uir paradigm with y-forms; QA recommended
ES,disminuir,Indicativo,Pretérito perfecto simple,él,disminuyó,16,reviewed,-uir paradigm with y-forms; QA recommended
ES,disminuir,Indicativo,Pretérito perfecto simple,nosotros,disminuimos,16,reviewed,-uir paradigm with y-forms; QA recommended
ES,disminuir,Indicativo,Pretérito perfecto simple,vosotros,disminuisteis,16,reviewed,-uir paradigm with y-forms; QA recommended
ES,disminuir,Indicativo,Pretérito perfecto simple,ellos,disminuyeron,16,reviewed,-uir paradigm with y-forms; QA recommended
ES,disminuir,Indicativo,Pretérito pluscuamperfecto,yo,había disminuido,16,reviewed,-uir paradigm with y-forms; QA recommended
ES,disminuir,Indicativo,Pretérito pluscuamperfecto,tú,habías disminuido,16,reviewed,-uir paradigm with y-forms; QA recommended
ES,disminuir,Indicativo,Pretérito pluscuamperfecto,él,había disminuido,16,reviewed,-uir paradigm with y-forms; QA recommended
ES,disminuir,Indicativo,Pretérito pluscuamperfecto,nosotros,habíamos disminuido,16,reviewed,-uir paradigm with y-forms; QA recommended
ES,disminuir,Indicativo,Pretérito pluscuamperfecto,vosotros,habíais disminuido,16,reviewed,-uir paradigm with y-forms; QA recommended
ES,disminuir,Indicativo,Pretérito pluscuamperfecto,ellos,habían disminuido,16,reviewed,-uir paradigm with y-forms; QA recommended
ES,golpear,Indicativo,Presente,yo,golpeo,16,reviewed,
ES,golpear,Indicativo,Presente,tú,golpeas,16,reviewed,
ES,golpear,Indicativo,Presente,él,golpea,16,reviewed,
ES,golpear,Indicativo,Presente,nosotros,golpeamos,16,reviewed,
ES,golpear,Indicativo,Presente,vosotros,golpeáis,16,reviewed,
ES,golpear,Indicativo,Presente,ellos,golpean,16,reviewed,
ES,golpear,Indicativo,Futuro,yo,golpearé,16,reviewed,
ES,golpear,Indicativo,Futuro,tú,golpearás,16,reviewed,
ES,golpear,Indicativo,Futuro,él,golpeará,16,reviewed,
ES,golpear,Indicativo,Futuro,nosotros,golpearemos,16,reviewed,
ES,golpear,Indicativo,Futuro,vosotros,golpearéis,16,reviewed,
ES,golpear,Indicativo,Futuro,ellos,golpearán,16,reviewed,
ES,golpear,Indicativo,Pretérito perfecto compuesto,yo,he golpeado,16,reviewed,
ES,golpear,Indicativo,Pretérito perfecto compuesto,tú,has golpeado,16,reviewed,
ES,golpear,Indicativo,Pretérito perfecto compuesto,él,ha golpeado,16,reviewed,
ES,golpear,Indicativo,Pretérito perfecto compuesto,nosotros,hemos golpeado,16,reviewed,
ES,golpear,Indicativo,Pretérito perfecto compuesto,vosotros,habéis golpeado,16,reviewed,
ES,golpear,Indicativo,Pretérito perfecto compuesto,ellos,han golpeado,16,reviewed,
ES,golpear,Indicativo,Pretérito imperfecto,yo,golpeaba,16,reviewed,
ES,golpear,Indicativo,Pretérito imperfecto,tú,golpeabas,16,reviewed,
ES,golpear,Indicativo,Pretérito imperfecto,él,golpeaba,16,reviewed,
ES,golpear,Indicativo,Pretérito imperfecto,nosotros,golpeábamos,16,reviewed,
ES,golpear,Indicativo,Pretérito imperfecto,vosotros,golpeabais,16,reviewed,
ES,golpear,Indicativo,Pretérito imperfecto,ellos,golpeaban,16,reviewed,
ES,golpear,Condicional,Condicional,yo,golpearía,16,reviewed,
ES,golpear,Condicional,Condicional,tú,golpearías,16,reviewed,
ES,golpear,Condicional,Condicional,él,golpearía,16,reviewed,
ES,golpear,Condicional,Condicional,nosotros,golpearíamos,16,reviewed,
ES,golpear,Condicional,Condicional,vosotros,golpearíais,16,reviewed,
ES,golpear,Condicional,Condicional,ellos,golpearían,16,reviewed,
ES,golpear,Imperativo,Imperativo,yo,-,16,reviewed,Spanish has no standard first-person singular imperative; placeholder - used
ES,golpear,Imperativo,Imperativo,tú,golpea,16,reviewed,
ES,golpear,Imperativo,Imperativo,él,golpee,16,reviewed,
ES,golpear,Imperativo,Imperativo,nosotros,golpeemos,16,reviewed,
ES,golpear,Imperativo,Imperativo,vosotros,golpead,16,reviewed,
ES,golpear,Imperativo,Imperativo,ellos,golpeen,16,reviewed,
ES,golpear,Indicativo,Futuro perfecto,yo,habré golpeado,16,reviewed,
ES,golpear,Indicativo,Futuro perfecto,tú,habrás golpeado,16,reviewed,
ES,golpear,Indicativo,Futuro perfecto,él,habrá golpeado,16,reviewed,
ES,golpear,Indicativo,Futuro perfecto,nosotros,habremos golpeado,16,reviewed,
ES,golpear,Indicativo,Futuro perfecto,vosotros,habréis golpeado,16,reviewed,
ES,golpear,Indicativo,Futuro perfecto,ellos,habrán golpeado,16,reviewed,
ES,golpear,Subjuntivo,Subjuntivo presente,yo,golpee,16,reviewed,
ES,golpear,Subjuntivo,Subjuntivo presente,tú,golpees,16,reviewed,
ES,golpear,Subjuntivo,Subjuntivo presente,él,golpee,16,reviewed,
ES,golpear,Subjuntivo,Subjuntivo presente,nosotros,golpeemos,16,reviewed,
ES,golpear,Subjuntivo,Subjuntivo presente,vosotros,golpeéis,16,reviewed,
ES,golpear,Subjuntivo,Subjuntivo presente,ellos,golpeen,16,reviewed,
ES,golpear,Indicativo,Pretérito perfecto simple,yo,golpeé,16,reviewed,
ES,golpear,Indicativo,Pretérito perfecto simple,tú,golpeaste,16,reviewed,
ES,golpear,Indicativo,Pretérito perfecto simple,él,golpeó,16,reviewed,
ES,golpear,Indicativo,Pretérito perfecto simple,nosotros,golpeamos,16,reviewed,
ES,golpear,Indicativo,Pretérito perfecto simple,vosotros,golpeasteis,16,reviewed,
ES,golpear,Indicativo,Pretérito perfecto simple,ellos,golpearon,16,reviewed,
ES,golpear,Indicativo,Pretérito pluscuamperfecto,yo,había golpeado,16,reviewed,
ES,golpear,Indicativo,Pretérito pluscuamperfecto,tú,habías golpeado,16,reviewed,
ES,golpear,Indicativo,Pretérito pluscuamperfecto,él,había golpeado,16,reviewed,
ES,golpear,Indicativo,Pretérito pluscuamperfecto,nosotros,habíamos golpeado,16,reviewed,
ES,golpear,Indicativo,Pretérito pluscuamperfecto,vosotros,habíais golpeado,16,reviewed,
ES,golpear,Indicativo,Pretérito pluscuamperfecto,ellos,habían golpeado,16,reviewed,
ES,imprimir,Indicativo,Presente,yo,imprimo,16,reviewed,compound tenses use impreso; imprimido also exists; QA recommended
ES,imprimir,Indicativo,Presente,tú,imprimes,16,reviewed,compound tenses use impreso; imprimido also exists; QA recommended
ES,imprimir,Indicativo,Presente,él,imprime,16,reviewed,compound tenses use impreso; imprimido also exists; QA recommended
ES,imprimir,Indicativo,Presente,nosotros,imprimimos,16,reviewed,compound tenses use impreso; imprimido also exists; QA recommended
ES,imprimir,Indicativo,Presente,vosotros,imprimís,16,reviewed,compound tenses use impreso; imprimido also exists; QA recommended
ES,imprimir,Indicativo,Presente,ellos,imprimen,16,reviewed,compound tenses use impreso; imprimido also exists; QA recommended
ES,imprimir,Indicativo,Futuro,yo,imprimiré,16,reviewed,compound tenses use impreso; imprimido also exists; QA recommended
ES,imprimir,Indicativo,Futuro,tú,imprimirás,16,reviewed,compound tenses use impreso; imprimido also exists; QA recommended
ES,imprimir,Indicativo,Futuro,él,imprimirá,16,reviewed,compound tenses use impreso; imprimido also exists; QA recommended
ES,imprimir,Indicativo,Futuro,nosotros,imprimiremos,16,reviewed,compound tenses use impreso; imprimido also exists; QA recommended
ES,imprimir,Indicativo,Futuro,vosotros,imprimiréis,16,reviewed,compound tenses use impreso; imprimido also exists; QA recommended
ES,imprimir,Indicativo,Futuro,ellos,imprimirán,16,reviewed,compound tenses use impreso; imprimido also exists; QA recommended
ES,imprimir,Indicativo,Pretérito perfecto compuesto,yo,he impreso,16,reviewed,compound tenses use impreso; imprimido also exists; QA recommended
ES,imprimir,Indicativo,Pretérito perfecto compuesto,tú,has impreso,16,reviewed,compound tenses use impreso; imprimido also exists; QA recommended
ES,imprimir,Indicativo,Pretérito perfecto compuesto,él,ha impreso,16,reviewed,compound tenses use impreso; imprimido also exists; QA recommended
ES,imprimir,Indicativo,Pretérito perfecto compuesto,nosotros,hemos impreso,16,reviewed,compound tenses use impreso; imprimido also exists; QA recommended
ES,imprimir,Indicativo,Pretérito perfecto compuesto,vosotros,habéis impreso,16,reviewed,compound tenses use impreso; imprimido also exists; QA recommended
ES,imprimir,Indicativo,Pretérito perfecto compuesto,ellos,han impreso,16,reviewed,compound tenses use impreso; imprimido also exists; QA recommended
ES,imprimir,Indicativo,Pretérito imperfecto,yo,imprimía,16,reviewed,compound tenses use impreso; imprimido also exists; QA recommended
ES,imprimir,Indicativo,Pretérito imperfecto,tú,imprimías,16,reviewed,compound tenses use impreso; imprimido also exists; QA recommended
ES,imprimir,Indicativo,Pretérito imperfecto,él,imprimía,16,reviewed,compound tenses use impreso; imprimido also exists; QA recommended
ES,imprimir,Indicativo,Pretérito imperfecto,nosotros,imprimíamos,16,reviewed,compound tenses use impreso; imprimido also exists; QA recommended
ES,imprimir,Indicativo,Pretérito imperfecto,vosotros,imprimíais,16,reviewed,compound tenses use impreso; imprimido also exists; QA recommended
ES,imprimir,Indicativo,Pretérito imperfecto,ellos,imprimían,16,reviewed,compound tenses use impreso; imprimido also exists; QA recommended
ES,imprimir,Condicional,Condicional,yo,imprimiría,16,reviewed,compound tenses use impreso; imprimido also exists; QA recommended
ES,imprimir,Condicional,Condicional,tú,imprimirías,16,reviewed,compound tenses use impreso; imprimido also exists; QA recommended
ES,imprimir,Condicional,Condicional,él,imprimiría,16,reviewed,compound tenses use impreso; imprimido also exists; QA recommended
ES,imprimir,Condicional,Condicional,nosotros,imprimiríamos,16,reviewed,compound tenses use impreso; imprimido also exists; QA recommended
ES,imprimir,Condicional,Condicional,vosotros,imprimiríais,16,reviewed,compound tenses use impreso; imprimido also exists; QA recommended
ES,imprimir,Condicional,Condicional,ellos,imprimirían,16,reviewed,compound tenses use impreso; imprimido also exists; QA recommended
ES,imprimir,Imperativo,Imperativo,yo,-,16,reviewed,compound tenses use impreso; imprimido also exists; QA recommended; Spanish has no standard first-person singular imperative; placeholder - used
ES,imprimir,Imperativo,Imperativo,tú,imprime,16,reviewed,compound tenses use impreso; imprimido also exists; QA recommended
ES,imprimir,Imperativo,Imperativo,él,imprima,16,reviewed,compound tenses use impreso; imprimido also exists; QA recommended
ES,imprimir,Imperativo,Imperativo,nosotros,imprimamos,16,reviewed,compound tenses use impreso; imprimido also exists; QA recommended
ES,imprimir,Imperativo,Imperativo,vosotros,imprimid,16,reviewed,compound tenses use impreso; imprimido also exists; QA recommended
ES,imprimir,Imperativo,Imperativo,ellos,impriman,16,reviewed,compound tenses use impreso; imprimido also exists; QA recommended
ES,imprimir,Indicativo,Futuro perfecto,yo,habré impreso,16,reviewed,compound tenses use impreso; imprimido also exists; QA recommended
ES,imprimir,Indicativo,Futuro perfecto,tú,habrás impreso,16,reviewed,compound tenses use impreso; imprimido also exists; QA recommended
ES,imprimir,Indicativo,Futuro perfecto,él,habrá impreso,16,reviewed,compound tenses use impreso; imprimido also exists; QA recommended
ES,imprimir,Indicativo,Futuro perfecto,nosotros,habremos impreso,16,reviewed,compound tenses use impreso; imprimido also exists; QA recommended
ES,imprimir,Indicativo,Futuro perfecto,vosotros,habréis impreso,16,reviewed,compound tenses use impreso; imprimido also exists; QA recommended
ES,imprimir,Indicativo,Futuro perfecto,ellos,habrán impreso,16,reviewed,compound tenses use impreso; imprimido also exists; QA recommended
ES,imprimir,Subjuntivo,Subjuntivo presente,yo,imprima,16,reviewed,compound tenses use impreso; imprimido also exists; QA recommended
ES,imprimir,Subjuntivo,Subjuntivo presente,tú,imprimas,16,reviewed,compound tenses use impreso; imprimido also exists; QA recommended
ES,imprimir,Subjuntivo,Subjuntivo presente,él,imprima,16,reviewed,compound tenses use impreso; imprimido also exists; QA recommended
ES,imprimir,Subjuntivo,Subjuntivo presente,nosotros,imprimamos,16,reviewed,compound tenses use impreso; imprimido also exists; QA recommended
ES,imprimir,Subjuntivo,Subjuntivo presente,vosotros,imprimáis,16,reviewed,compound tenses use impreso; imprimido also exists; QA recommended
ES,imprimir,Subjuntivo,Subjuntivo presente,ellos,impriman,16,reviewed,compound tenses use impreso; imprimido also exists; QA recommended
ES,imprimir,Indicativo,Pretérito perfecto simple,yo,imprimí,16,reviewed,compound tenses use impreso; imprimido also exists; QA recommended
ES,imprimir,Indicativo,Pretérito perfecto simple,tú,imprimiste,16,reviewed,compound tenses use impreso; imprimido also exists; QA recommended
ES,imprimir,Indicativo,Pretérito perfecto simple,él,imprimió,16,reviewed,compound tenses use impreso; imprimido also exists; QA recommended
ES,imprimir,Indicativo,Pretérito perfecto simple,nosotros,imprimimos,16,reviewed,compound tenses use impreso; imprimido also exists; QA recommended
ES,imprimir,Indicativo,Pretérito perfecto simple,vosotros,imprimisteis,16,reviewed,compound tenses use impreso; imprimido also exists; QA recommended
ES,imprimir,Indicativo,Pretérito perfecto simple,ellos,imprimieron,16,reviewed,compound tenses use impreso; imprimido also exists; QA recommended
ES,imprimir,Indicativo,Pretérito pluscuamperfecto,yo,había impreso,16,reviewed,compound tenses use impreso; imprimido also exists; QA recommended
ES,imprimir,Indicativo,Pretérito pluscuamperfecto,tú,habías impreso,16,reviewed,compound tenses use impreso; imprimido also exists; QA recommended
ES,imprimir,Indicativo,Pretérito pluscuamperfecto,él,había impreso,16,reviewed,compound tenses use impreso; imprimido also exists; QA recommended
ES,imprimir,Indicativo,Pretérito pluscuamperfecto,nosotros,habíamos impreso,16,reviewed,compound tenses use impreso; imprimido also exists; QA recommended
ES,imprimir,Indicativo,Pretérito pluscuamperfecto,vosotros,habíais impreso,16,reviewed,compound tenses use impreso; imprimido also exists; QA recommended
ES,imprimir,Indicativo,Pretérito pluscuamperfecto,ellos,habían impreso,16,reviewed,compound tenses use impreso; imprimido also exists; QA recommended
ES,jurar,Indicativo,Presente,yo,juro,16,reviewed,
ES,jurar,Indicativo,Presente,tú,juras,16,reviewed,
ES,jurar,Indicativo,Presente,él,jura,16,reviewed,
ES,jurar,Indicativo,Presente,nosotros,juramos,16,reviewed,
ES,jurar,Indicativo,Presente,vosotros,juráis,16,reviewed,
ES,jurar,Indicativo,Presente,ellos,juran,16,reviewed,
ES,jurar,Indicativo,Futuro,yo,juraré,16,reviewed,
ES,jurar,Indicativo,Futuro,tú,jurarás,16,reviewed,
ES,jurar,Indicativo,Futuro,él,jurará,16,reviewed,
ES,jurar,Indicativo,Futuro,nosotros,juraremos,16,reviewed,
ES,jurar,Indicativo,Futuro,vosotros,juraréis,16,reviewed,
ES,jurar,Indicativo,Futuro,ellos,jurarán,16,reviewed,
ES,jurar,Indicativo,Pretérito perfecto compuesto,yo,he jurado,16,reviewed,
ES,jurar,Indicativo,Pretérito perfecto compuesto,tú,has jurado,16,reviewed,
ES,jurar,Indicativo,Pretérito perfecto compuesto,él,ha jurado,16,reviewed,
ES,jurar,Indicativo,Pretérito perfecto compuesto,nosotros,hemos jurado,16,reviewed,
ES,jurar,Indicativo,Pretérito perfecto compuesto,vosotros,habéis jurado,16,reviewed,
ES,jurar,Indicativo,Pretérito perfecto compuesto,ellos,han jurado,16,reviewed,
ES,jurar,Indicativo,Pretérito imperfecto,yo,juraba,16,reviewed,
ES,jurar,Indicativo,Pretérito imperfecto,tú,jurabas,16,reviewed,
ES,jurar,Indicativo,Pretérito imperfecto,él,juraba,16,reviewed,
ES,jurar,Indicativo,Pretérito imperfecto,nosotros,jurábamos,16,reviewed,
ES,jurar,Indicativo,Pretérito imperfecto,vosotros,jurabais,16,reviewed,
ES,jurar,Indicativo,Pretérito imperfecto,ellos,juraban,16,reviewed,
ES,jurar,Condicional,Condicional,yo,juraría,16,reviewed,
ES,jurar,Condicional,Condicional,tú,jurarías,16,reviewed,
ES,jurar,Condicional,Condicional,él,juraría,16,reviewed,
ES,jurar,Condicional,Condicional,nosotros,juraríamos,16,reviewed,
ES,jurar,Condicional,Condicional,vosotros,juraríais,16,reviewed,
ES,jurar,Condicional,Condicional,ellos,jurarían,16,reviewed,
ES,jurar,Imperativo,Imperativo,yo,-,16,reviewed,Spanish has no standard first-person singular imperative; placeholder - used
ES,jurar,Imperativo,Imperativo,tú,jura,16,reviewed,
ES,jurar,Imperativo,Imperativo,él,jure,16,reviewed,
ES,jurar,Imperativo,Imperativo,nosotros,juremos,16,reviewed,
ES,jurar,Imperativo,Imperativo,vosotros,jurad,16,reviewed,
ES,jurar,Imperativo,Imperativo,ellos,juren,16,reviewed,
ES,jurar,Indicativo,Futuro perfecto,yo,habré jurado,16,reviewed,
ES,jurar,Indicativo,Futuro perfecto,tú,habrás jurado,16,reviewed,
ES,jurar,Indicativo,Futuro perfecto,él,habrá jurado,16,reviewed,
ES,jurar,Indicativo,Futuro perfecto,nosotros,habremos jurado,16,reviewed,
ES,jurar,Indicativo,Futuro perfecto,vosotros,habréis jurado,16,reviewed,
ES,jurar,Indicativo,Futuro perfecto,ellos,habrán jurado,16,reviewed,
ES,jurar,Subjuntivo,Subjuntivo presente,yo,jure,16,reviewed,
ES,jurar,Subjuntivo,Subjuntivo presente,tú,jures,16,reviewed,
ES,jurar,Subjuntivo,Subjuntivo presente,él,jure,16,reviewed,
ES,jurar,Subjuntivo,Subjuntivo presente,nosotros,juremos,16,reviewed,
ES,jurar,Subjuntivo,Subjuntivo presente,vosotros,juréis,16,reviewed,
ES,jurar,Subjuntivo,Subjuntivo presente,ellos,juren,16,reviewed,
ES,jurar,Indicativo,Pretérito perfecto simple,yo,juré,16,reviewed,
ES,jurar,Indicativo,Pretérito perfecto simple,tú,juraste,16,reviewed,
ES,jurar,Indicativo,Pretérito perfecto simple,él,juró,16,reviewed,
ES,jurar,Indicativo,Pretérito perfecto simple,nosotros,juramos,16,reviewed,
ES,jurar,Indicativo,Pretérito perfecto simple,vosotros,jurasteis,16,reviewed,
ES,jurar,Indicativo,Pretérito perfecto simple,ellos,juraron,16,reviewed,
ES,jurar,Indicativo,Pretérito pluscuamperfecto,yo,había jurado,16,reviewed,
ES,jurar,Indicativo,Pretérito pluscuamperfecto,tú,habías jurado,16,reviewed,
ES,jurar,Indicativo,Pretérito pluscuamperfecto,él,había jurado,16,reviewed,
ES,jurar,Indicativo,Pretérito pluscuamperfecto,nosotros,habíamos jurado,16,reviewed,
ES,jurar,Indicativo,Pretérito pluscuamperfecto,vosotros,habíais jurado,16,reviewed,
ES,jurar,Indicativo,Pretérito pluscuamperfecto,ellos,habían jurado,16,reviewed,
ES,maldecir,Indicativo,Presente,yo,maldigo,16,reviewed,decir-family irregular paradigm; QA recommended
ES,maldecir,Indicativo,Presente,tú,maldices,16,reviewed,decir-family irregular paradigm; QA recommended
ES,maldecir,Indicativo,Presente,él,maldice,16,reviewed,decir-family irregular paradigm; QA recommended
ES,maldecir,Indicativo,Presente,nosotros,maldecimos,16,reviewed,decir-family irregular paradigm; QA recommended
ES,maldecir,Indicativo,Presente,vosotros,maldecís,16,reviewed,decir-family irregular paradigm; QA recommended
ES,maldecir,Indicativo,Presente,ellos,maldicen,16,reviewed,decir-family irregular paradigm; QA recommended
ES,maldecir,Indicativo,Futuro,yo,maldeciré,16,reviewed,decir-family irregular paradigm; QA recommended
ES,maldecir,Indicativo,Futuro,tú,maldecirás,16,reviewed,decir-family irregular paradigm; QA recommended
ES,maldecir,Indicativo,Futuro,él,maldecirá,16,reviewed,decir-family irregular paradigm; QA recommended
ES,maldecir,Indicativo,Futuro,nosotros,maldeciremos,16,reviewed,decir-family irregular paradigm; QA recommended
ES,maldecir,Indicativo,Futuro,vosotros,maldeciréis,16,reviewed,decir-family irregular paradigm; QA recommended
ES,maldecir,Indicativo,Futuro,ellos,maldecirán,16,reviewed,decir-family irregular paradigm; QA recommended
ES,maldecir,Indicativo,Pretérito perfecto compuesto,yo,he maldecido,16,reviewed,decir-family irregular paradigm; QA recommended
ES,maldecir,Indicativo,Pretérito perfecto compuesto,tú,has maldecido,16,reviewed,decir-family irregular paradigm; QA recommended
ES,maldecir,Indicativo,Pretérito perfecto compuesto,él,ha maldecido,16,reviewed,decir-family irregular paradigm; QA recommended
ES,maldecir,Indicativo,Pretérito perfecto compuesto,nosotros,hemos maldecido,16,reviewed,decir-family irregular paradigm; QA recommended
ES,maldecir,Indicativo,Pretérito perfecto compuesto,vosotros,habéis maldecido,16,reviewed,decir-family irregular paradigm; QA recommended
ES,maldecir,Indicativo,Pretérito perfecto compuesto,ellos,han maldecido,16,reviewed,decir-family irregular paradigm; QA recommended
ES,maldecir,Indicativo,Pretérito imperfecto,yo,maldecía,16,reviewed,decir-family irregular paradigm; QA recommended
ES,maldecir,Indicativo,Pretérito imperfecto,tú,maldecías,16,reviewed,decir-family irregular paradigm; QA recommended
ES,maldecir,Indicativo,Pretérito imperfecto,él,maldecía,16,reviewed,decir-family irregular paradigm; QA recommended
ES,maldecir,Indicativo,Pretérito imperfecto,nosotros,maldecíamos,16,reviewed,decir-family irregular paradigm; QA recommended
ES,maldecir,Indicativo,Pretérito imperfecto,vosotros,maldecíais,16,reviewed,decir-family irregular paradigm; QA recommended
ES,maldecir,Indicativo,Pretérito imperfecto,ellos,maldecían,16,reviewed,decir-family irregular paradigm; QA recommended
ES,maldecir,Condicional,Condicional,yo,maldeciría,16,reviewed,decir-family irregular paradigm; QA recommended
ES,maldecir,Condicional,Condicional,tú,maldecirías,16,reviewed,decir-family irregular paradigm; QA recommended
ES,maldecir,Condicional,Condicional,él,maldeciría,16,reviewed,decir-family irregular paradigm; QA recommended
ES,maldecir,Condicional,Condicional,nosotros,maldeciríamos,16,reviewed,decir-family irregular paradigm; QA recommended
ES,maldecir,Condicional,Condicional,vosotros,maldeciríais,16,reviewed,decir-family irregular paradigm; QA recommended
ES,maldecir,Condicional,Condicional,ellos,maldecirían,16,reviewed,decir-family irregular paradigm; QA recommended
ES,maldecir,Imperativo,Imperativo,yo,-,16,reviewed,decir-family irregular paradigm; QA recommended; Spanish has no standard first-person singular imperative; placeholder - used
ES,maldecir,Imperativo,Imperativo,tú,maldice,16,reviewed,decir-family irregular paradigm; QA recommended
ES,maldecir,Imperativo,Imperativo,él,maldiga,16,reviewed,decir-family irregular paradigm; QA recommended
ES,maldecir,Imperativo,Imperativo,nosotros,maldigamos,16,reviewed,decir-family irregular paradigm; QA recommended
ES,maldecir,Imperativo,Imperativo,vosotros,maldecid,16,reviewed,decir-family irregular paradigm; QA recommended
ES,maldecir,Imperativo,Imperativo,ellos,maldigan,16,reviewed,decir-family irregular paradigm; QA recommended
ES,maldecir,Indicativo,Futuro perfecto,yo,habré maldecido,16,reviewed,decir-family irregular paradigm; QA recommended
ES,maldecir,Indicativo,Futuro perfecto,tú,habrás maldecido,16,reviewed,decir-family irregular paradigm; QA recommended
ES,maldecir,Indicativo,Futuro perfecto,él,habrá maldecido,16,reviewed,decir-family irregular paradigm; QA recommended
ES,maldecir,Indicativo,Futuro perfecto,nosotros,habremos maldecido,16,reviewed,decir-family irregular paradigm; QA recommended
ES,maldecir,Indicativo,Futuro perfecto,vosotros,habréis maldecido,16,reviewed,decir-family irregular paradigm; QA recommended
ES,maldecir,Indicativo,Futuro perfecto,ellos,habrán maldecido,16,reviewed,decir-family irregular paradigm; QA recommended
ES,maldecir,Subjuntivo,Subjuntivo presente,yo,maldiga,16,reviewed,decir-family irregular paradigm; QA recommended
ES,maldecir,Subjuntivo,Subjuntivo presente,tú,maldigas,16,reviewed,decir-family irregular paradigm; QA recommended
ES,maldecir,Subjuntivo,Subjuntivo presente,él,maldiga,16,reviewed,decir-family irregular paradigm; QA recommended
ES,maldecir,Subjuntivo,Subjuntivo presente,nosotros,maldigamos,16,reviewed,decir-family irregular paradigm; QA recommended
ES,maldecir,Subjuntivo,Subjuntivo presente,vosotros,maldigáis,16,reviewed,decir-family irregular paradigm; QA recommended
ES,maldecir,Subjuntivo,Subjuntivo presente,ellos,maldigan,16,reviewed,decir-family irregular paradigm; QA recommended
ES,maldecir,Indicativo,Pretérito perfecto simple,yo,maldije,16,reviewed,decir-family irregular paradigm; QA recommended
ES,maldecir,Indicativo,Pretérito perfecto simple,tú,maldijiste,16,reviewed,decir-family irregular paradigm; QA recommended
ES,maldecir,Indicativo,Pretérito perfecto simple,él,maldijo,16,reviewed,decir-family irregular paradigm; QA recommended
ES,maldecir,Indicativo,Pretérito perfecto simple,nosotros,maldijimos,16,reviewed,decir-family irregular paradigm; QA recommended
ES,maldecir,Indicativo,Pretérito perfecto simple,vosotros,maldijisteis,16,reviewed,decir-family irregular paradigm; QA recommended
ES,maldecir,Indicativo,Pretérito perfecto simple,ellos,maldijeron,16,reviewed,decir-family irregular paradigm; QA recommended
ES,maldecir,Indicativo,Pretérito pluscuamperfecto,yo,había maldecido,16,reviewed,decir-family irregular paradigm; QA recommended
ES,maldecir,Indicativo,Pretérito pluscuamperfecto,tú,habías maldecido,16,reviewed,decir-family irregular paradigm; QA recommended
ES,maldecir,Indicativo,Pretérito pluscuamperfecto,él,había maldecido,16,reviewed,decir-family irregular paradigm; QA recommended
ES,maldecir,Indicativo,Pretérito pluscuamperfecto,nosotros,habíamos maldecido,16,reviewed,decir-family irregular paradigm; QA recommended
ES,maldecir,Indicativo,Pretérito pluscuamperfecto,vosotros,habíais maldecido,16,reviewed,decir-family irregular paradigm; QA recommended
ES,maldecir,Indicativo,Pretérito pluscuamperfecto,ellos,habían maldecido,16,reviewed,decir-family irregular paradigm; QA recommended
ES,obligar,Indicativo,Presente,yo,obligo,16,reviewed,
ES,obligar,Indicativo,Presente,tú,obligas,16,reviewed,
ES,obligar,Indicativo,Presente,él,obliga,16,reviewed,
ES,obligar,Indicativo,Presente,nosotros,obligamos,16,reviewed,
ES,obligar,Indicativo,Presente,vosotros,obligáis,16,reviewed,
ES,obligar,Indicativo,Presente,ellos,obligan,16,reviewed,
ES,obligar,Indicativo,Futuro,yo,obligaré,16,reviewed,
ES,obligar,Indicativo,Futuro,tú,obligarás,16,reviewed,
ES,obligar,Indicativo,Futuro,él,obligará,16,reviewed,
ES,obligar,Indicativo,Futuro,nosotros,obligaremos,16,reviewed,
ES,obligar,Indicativo,Futuro,vosotros,obligaréis,16,reviewed,
ES,obligar,Indicativo,Futuro,ellos,obligarán,16,reviewed,
ES,obligar,Indicativo,Pretérito perfecto compuesto,yo,he obligado,16,reviewed,
ES,obligar,Indicativo,Pretérito perfecto compuesto,tú,has obligado,16,reviewed,
ES,obligar,Indicativo,Pretérito perfecto compuesto,él,ha obligado,16,reviewed,
ES,obligar,Indicativo,Pretérito perfecto compuesto,nosotros,hemos obligado,16,reviewed,
ES,obligar,Indicativo,Pretérito perfecto compuesto,vosotros,habéis obligado,16,reviewed,
ES,obligar,Indicativo,Pretérito perfecto compuesto,ellos,han obligado,16,reviewed,
ES,obligar,Indicativo,Pretérito imperfecto,yo,obligaba,16,reviewed,
ES,obligar,Indicativo,Pretérito imperfecto,tú,obligabas,16,reviewed,
ES,obligar,Indicativo,Pretérito imperfecto,él,obligaba,16,reviewed,
ES,obligar,Indicativo,Pretérito imperfecto,nosotros,obligábamos,16,reviewed,
ES,obligar,Indicativo,Pretérito imperfecto,vosotros,obligabais,16,reviewed,
ES,obligar,Indicativo,Pretérito imperfecto,ellos,obligaban,16,reviewed,
ES,obligar,Condicional,Condicional,yo,obligaría,16,reviewed,
ES,obligar,Condicional,Condicional,tú,obligarías,16,reviewed,
ES,obligar,Condicional,Condicional,él,obligaría,16,reviewed,
ES,obligar,Condicional,Condicional,nosotros,obligaríamos,16,reviewed,
ES,obligar,Condicional,Condicional,vosotros,obligaríais,16,reviewed,
ES,obligar,Condicional,Condicional,ellos,obligarían,16,reviewed,
ES,obligar,Imperativo,Imperativo,yo,-,16,reviewed,Spanish has no standard first-person singular imperative; placeholder - used
ES,obligar,Imperativo,Imperativo,tú,obliga,16,reviewed,
ES,obligar,Imperativo,Imperativo,él,obligue,16,reviewed,
ES,obligar,Imperativo,Imperativo,nosotros,obliguemos,16,reviewed,
ES,obligar,Imperativo,Imperativo,vosotros,obligad,16,reviewed,
ES,obligar,Imperativo,Imperativo,ellos,obliguen,16,reviewed,
ES,obligar,Indicativo,Futuro perfecto,yo,habré obligado,16,reviewed,
ES,obligar,Indicativo,Futuro perfecto,tú,habrás obligado,16,reviewed,
ES,obligar,Indicativo,Futuro perfecto,él,habrá obligado,16,reviewed,
ES,obligar,Indicativo,Futuro perfecto,nosotros,habremos obligado,16,reviewed,
ES,obligar,Indicativo,Futuro perfecto,vosotros,habréis obligado,16,reviewed,
ES,obligar,Indicativo,Futuro perfecto,ellos,habrán obligado,16,reviewed,
ES,obligar,Subjuntivo,Subjuntivo presente,yo,obligue,16,reviewed,
ES,obligar,Subjuntivo,Subjuntivo presente,tú,obligues,16,reviewed,
ES,obligar,Subjuntivo,Subjuntivo presente,él,obligue,16,reviewed,
ES,obligar,Subjuntivo,Subjuntivo presente,nosotros,obliguemos,16,reviewed,
ES,obligar,Subjuntivo,Subjuntivo presente,vosotros,obliguéis,16,reviewed,
ES,obligar,Subjuntivo,Subjuntivo presente,ellos,obliguen,16,reviewed,
ES,obligar,Indicativo,Pretérito perfecto simple,yo,obligué,16,reviewed,
ES,obligar,Indicativo,Pretérito perfecto simple,tú,obligaste,16,reviewed,
ES,obligar,Indicativo,Pretérito perfecto simple,él,obligó,16,reviewed,
ES,obligar,Indicativo,Pretérito perfecto simple,nosotros,obligamos,16,reviewed,
ES,obligar,Indicativo,Pretérito perfecto simple,vosotros,obligasteis,16,reviewed,
ES,obligar,Indicativo,Pretérito perfecto simple,ellos,obligaron,16,reviewed,
ES,obligar,Indicativo,Pretérito pluscuamperfecto,yo,había obligado,16,reviewed,
ES,obligar,Indicativo,Pretérito pluscuamperfecto,tú,habías obligado,16,reviewed,
ES,obligar,Indicativo,Pretérito pluscuamperfecto,él,había obligado,16,reviewed,
ES,obligar,Indicativo,Pretérito pluscuamperfecto,nosotros,habíamos obligado,16,reviewed,
ES,obligar,Indicativo,Pretérito pluscuamperfecto,vosotros,habíais obligado,16,reviewed,
ES,obligar,Indicativo,Pretérito pluscuamperfecto,ellos,habían obligado,16,reviewed,
ES,coaccionar,Indicativo,Presente,yo,coacciono,16,reviewed,
ES,coaccionar,Indicativo,Presente,tú,coaccionas,16,reviewed,
ES,coaccionar,Indicativo,Presente,él,coacciona,16,reviewed,
ES,coaccionar,Indicativo,Presente,nosotros,coaccionamos,16,reviewed,
ES,coaccionar,Indicativo,Presente,vosotros,coaccionáis,16,reviewed,
ES,coaccionar,Indicativo,Presente,ellos,coaccionan,16,reviewed,
ES,coaccionar,Indicativo,Futuro,yo,coaccionaré,16,reviewed,
ES,coaccionar,Indicativo,Futuro,tú,coaccionarás,16,reviewed,
ES,coaccionar,Indicativo,Futuro,él,coaccionará,16,reviewed,
ES,coaccionar,Indicativo,Futuro,nosotros,coaccionaremos,16,reviewed,
ES,coaccionar,Indicativo,Futuro,vosotros,coaccionaréis,16,reviewed,
ES,coaccionar,Indicativo,Futuro,ellos,coaccionarán,16,reviewed,
ES,coaccionar,Indicativo,Pretérito perfecto compuesto,yo,he coaccionado,16,reviewed,
ES,coaccionar,Indicativo,Pretérito perfecto compuesto,tú,has coaccionado,16,reviewed,
ES,coaccionar,Indicativo,Pretérito perfecto compuesto,él,ha coaccionado,16,reviewed,
ES,coaccionar,Indicativo,Pretérito perfecto compuesto,nosotros,hemos coaccionado,16,reviewed,
ES,coaccionar,Indicativo,Pretérito perfecto compuesto,vosotros,habéis coaccionado,16,reviewed,
ES,coaccionar,Indicativo,Pretérito perfecto compuesto,ellos,han coaccionado,16,reviewed,
ES,coaccionar,Indicativo,Pretérito imperfecto,yo,coaccionaba,16,reviewed,
ES,coaccionar,Indicativo,Pretérito imperfecto,tú,coaccionabas,16,reviewed,
ES,coaccionar,Indicativo,Pretérito imperfecto,él,coaccionaba,16,reviewed,
ES,coaccionar,Indicativo,Pretérito imperfecto,nosotros,coaccionábamos,16,reviewed,
ES,coaccionar,Indicativo,Pretérito imperfecto,vosotros,coaccionabais,16,reviewed,
ES,coaccionar,Indicativo,Pretérito imperfecto,ellos,coaccionaban,16,reviewed,
ES,coaccionar,Condicional,Condicional,yo,coaccionaría,16,reviewed,
ES,coaccionar,Condicional,Condicional,tú,coaccionarías,16,reviewed,
ES,coaccionar,Condicional,Condicional,él,coaccionaría,16,reviewed,
ES,coaccionar,Condicional,Condicional,nosotros,coaccionaríamos,16,reviewed,
ES,coaccionar,Condicional,Condicional,vosotros,coaccionaríais,16,reviewed,
ES,coaccionar,Condicional,Condicional,ellos,coaccionarían,16,reviewed,
ES,coaccionar,Imperativo,Imperativo,yo,-,16,reviewed,Spanish has no standard first-person singular imperative; placeholder - used
ES,coaccionar,Imperativo,Imperativo,tú,coacciona,16,reviewed,
ES,coaccionar,Imperativo,Imperativo,él,coaccione,16,reviewed,
ES,coaccionar,Imperativo,Imperativo,nosotros,coaccionemos,16,reviewed,
ES,coaccionar,Imperativo,Imperativo,vosotros,coaccionad,16,reviewed,
ES,coaccionar,Imperativo,Imperativo,ellos,coaccionen,16,reviewed,
ES,coaccionar,Indicativo,Futuro perfecto,yo,habré coaccionado,16,reviewed,
ES,coaccionar,Indicativo,Futuro perfecto,tú,habrás coaccionado,16,reviewed,
ES,coaccionar,Indicativo,Futuro perfecto,él,habrá coaccionado,16,reviewed,
ES,coaccionar,Indicativo,Futuro perfecto,nosotros,habremos coaccionado,16,reviewed,
ES,coaccionar,Indicativo,Futuro perfecto,vosotros,habréis coaccionado,16,reviewed,
ES,coaccionar,Indicativo,Futuro perfecto,ellos,habrán coaccionado,16,reviewed,
ES,coaccionar,Subjuntivo,Subjuntivo presente,yo,coaccione,16,reviewed,
ES,coaccionar,Subjuntivo,Subjuntivo presente,tú,coacciones,16,reviewed,
ES,coaccionar,Subjuntivo,Subjuntivo presente,él,coaccione,16,reviewed,
ES,coaccionar,Subjuntivo,Subjuntivo presente,nosotros,coaccionemos,16,reviewed,
ES,coaccionar,Subjuntivo,Subjuntivo presente,vosotros,coaccionéis,16,reviewed,
ES,coaccionar,Subjuntivo,Subjuntivo presente,ellos,coaccionen,16,reviewed,
ES,coaccionar,Indicativo,Pretérito perfecto simple,yo,coaccioné,16,reviewed,
ES,coaccionar,Indicativo,Pretérito perfecto simple,tú,coaccionaste,16,reviewed,
ES,coaccionar,Indicativo,Pretérito perfecto simple,él,coaccionó,16,reviewed,
ES,coaccionar,Indicativo,Pretérito perfecto simple,nosotros,coaccionamos,16,reviewed,
ES,coaccionar,Indicativo,Pretérito perfecto simple,vosotros,coaccionasteis,16,reviewed,
ES,coaccionar,Indicativo,Pretérito perfecto simple,ellos,coaccionaron,16,reviewed,
ES,coaccionar,Indicativo,Pretérito pluscuamperfecto,yo,había coaccionado,16,reviewed,
ES,coaccionar,Indicativo,Pretérito pluscuamperfecto,tú,habías coaccionado,16,reviewed,
ES,coaccionar,Indicativo,Pretérito pluscuamperfecto,él,había coaccionado,16,reviewed,
ES,coaccionar,Indicativo,Pretérito pluscuamperfecto,nosotros,habíamos coaccionado,16,reviewed,
ES,coaccionar,Indicativo,Pretérito pluscuamperfecto,vosotros,habíais coaccionado,16,reviewed,
ES,coaccionar,Indicativo,Pretérito pluscuamperfecto,ellos,habían coaccionado,16,reviewed,
ES,mojar,Indicativo,Presente,yo,mojo,16,reviewed,
ES,mojar,Indicativo,Presente,tú,mojas,16,reviewed,
ES,mojar,Indicativo,Presente,él,moja,16,reviewed,
ES,mojar,Indicativo,Presente,nosotros,mojamos,16,reviewed,
ES,mojar,Indicativo,Presente,vosotros,mojáis,16,reviewed,
ES,mojar,Indicativo,Presente,ellos,mojan,16,reviewed,
ES,mojar,Indicativo,Futuro,yo,mojaré,16,reviewed,
ES,mojar,Indicativo,Futuro,tú,mojarás,16,reviewed,
ES,mojar,Indicativo,Futuro,él,mojará,16,reviewed,
ES,mojar,Indicativo,Futuro,nosotros,mojaremos,16,reviewed,
ES,mojar,Indicativo,Futuro,vosotros,mojaréis,16,reviewed,
ES,mojar,Indicativo,Futuro,ellos,mojarán,16,reviewed,
ES,mojar,Indicativo,Pretérito perfecto compuesto,yo,he mojado,16,reviewed,
ES,mojar,Indicativo,Pretérito perfecto compuesto,tú,has mojado,16,reviewed,
ES,mojar,Indicativo,Pretérito perfecto compuesto,él,ha mojado,16,reviewed,
ES,mojar,Indicativo,Pretérito perfecto compuesto,nosotros,hemos mojado,16,reviewed,
ES,mojar,Indicativo,Pretérito perfecto compuesto,vosotros,habéis mojado,16,reviewed,
ES,mojar,Indicativo,Pretérito perfecto compuesto,ellos,han mojado,16,reviewed,
ES,mojar,Indicativo,Pretérito imperfecto,yo,mojaba,16,reviewed,
ES,mojar,Indicativo,Pretérito imperfecto,tú,mojabas,16,reviewed,
ES,mojar,Indicativo,Pretérito imperfecto,él,mojaba,16,reviewed,
ES,mojar,Indicativo,Pretérito imperfecto,nosotros,mojábamos,16,reviewed,
ES,mojar,Indicativo,Pretérito imperfecto,vosotros,mojabais,16,reviewed,
ES,mojar,Indicativo,Pretérito imperfecto,ellos,mojaban,16,reviewed,
ES,mojar,Condicional,Condicional,yo,mojaría,16,reviewed,
ES,mojar,Condicional,Condicional,tú,mojarías,16,reviewed,
ES,mojar,Condicional,Condicional,él,mojaría,16,reviewed,
ES,mojar,Condicional,Condicional,nosotros,mojaríamos,16,reviewed,
ES,mojar,Condicional,Condicional,vosotros,mojaríais,16,reviewed,
ES,mojar,Condicional,Condicional,ellos,mojarían,16,reviewed,
ES,mojar,Imperativo,Imperativo,yo,-,16,reviewed,Spanish has no standard first-person singular imperative; placeholder - used
ES,mojar,Imperativo,Imperativo,tú,moja,16,reviewed,
ES,mojar,Imperativo,Imperativo,él,moje,16,reviewed,
ES,mojar,Imperativo,Imperativo,nosotros,mojemos,16,reviewed,
ES,mojar,Imperativo,Imperativo,vosotros,mojad,16,reviewed,
ES,mojar,Imperativo,Imperativo,ellos,mojen,16,reviewed,
ES,mojar,Indicativo,Futuro perfecto,yo,habré mojado,16,reviewed,
ES,mojar,Indicativo,Futuro perfecto,tú,habrás mojado,16,reviewed,
ES,mojar,Indicativo,Futuro perfecto,él,habrá mojado,16,reviewed,
ES,mojar,Indicativo,Futuro perfecto,nosotros,habremos mojado,16,reviewed,
ES,mojar,Indicativo,Futuro perfecto,vosotros,habréis mojado,16,reviewed,
ES,mojar,Indicativo,Futuro perfecto,ellos,habrán mojado,16,reviewed,
ES,mojar,Subjuntivo,Subjuntivo presente,yo,moje,16,reviewed,
ES,mojar,Subjuntivo,Subjuntivo presente,tú,mojes,16,reviewed,
ES,mojar,Subjuntivo,Subjuntivo presente,él,moje,16,reviewed,
ES,mojar,Subjuntivo,Subjuntivo presente,nosotros,mojemos,16,reviewed,
ES,mojar,Subjuntivo,Subjuntivo presente,vosotros,mojéis,16,reviewed,
ES,mojar,Subjuntivo,Subjuntivo presente,ellos,mojen,16,reviewed,
ES,mojar,Indicativo,Pretérito perfecto simple,yo,mojé,16,reviewed,
ES,mojar,Indicativo,Pretérito perfecto simple,tú,mojaste,16,reviewed,
ES,mojar,Indicativo,Pretérito perfecto simple,él,mojó,16,reviewed,
ES,mojar,Indicativo,Pretérito perfecto simple,nosotros,mojamos,16,reviewed,
ES,mojar,Indicativo,Pretérito perfecto simple,vosotros,mojasteis,16,reviewed,
ES,mojar,Indicativo,Pretérito perfecto simple,ellos,mojaron,16,reviewed,
ES,mojar,Indicativo,Pretérito pluscuamperfecto,yo,había mojado,16,reviewed,
ES,mojar,Indicativo,Pretérito pluscuamperfecto,tú,habías mojado,16,reviewed,
ES,mojar,Indicativo,Pretérito pluscuamperfecto,él,había mojado,16,reviewed,
ES,mojar,Indicativo,Pretérito pluscuamperfecto,nosotros,habíamos mojado,16,reviewed,
ES,mojar,Indicativo,Pretérito pluscuamperfecto,vosotros,habíais mojado,16,reviewed,
ES,mojar,Indicativo,Pretérito pluscuamperfecto,ellos,habían mojado,16,reviewed,
ES,desvestir,Indicativo,Presente,yo,desvisto,16,reviewed,stem-changing -ir paradigm; QA recommended
ES,desvestir,Indicativo,Presente,tú,desvistes,16,reviewed,stem-changing -ir paradigm; QA recommended
ES,desvestir,Indicativo,Presente,él,desviste,16,reviewed,stem-changing -ir paradigm; QA recommended
ES,desvestir,Indicativo,Presente,nosotros,desvestimos,16,reviewed,stem-changing -ir paradigm; QA recommended
ES,desvestir,Indicativo,Presente,vosotros,desvestís,16,reviewed,stem-changing -ir paradigm; QA recommended
ES,desvestir,Indicativo,Presente,ellos,desvisten,16,reviewed,stem-changing -ir paradigm; QA recommended
ES,desvestir,Indicativo,Futuro,yo,desvestiré,16,reviewed,stem-changing -ir paradigm; QA recommended
ES,desvestir,Indicativo,Futuro,tú,desvestirás,16,reviewed,stem-changing -ir paradigm; QA recommended
ES,desvestir,Indicativo,Futuro,él,desvestirá,16,reviewed,stem-changing -ir paradigm; QA recommended
ES,desvestir,Indicativo,Futuro,nosotros,desvestiremos,16,reviewed,stem-changing -ir paradigm; QA recommended
ES,desvestir,Indicativo,Futuro,vosotros,desvestiréis,16,reviewed,stem-changing -ir paradigm; QA recommended
ES,desvestir,Indicativo,Futuro,ellos,desvestirán,16,reviewed,stem-changing -ir paradigm; QA recommended
ES,desvestir,Indicativo,Pretérito perfecto compuesto,yo,he desvestido,16,reviewed,stem-changing -ir paradigm; QA recommended
ES,desvestir,Indicativo,Pretérito perfecto compuesto,tú,has desvestido,16,reviewed,stem-changing -ir paradigm; QA recommended
ES,desvestir,Indicativo,Pretérito perfecto compuesto,él,ha desvestido,16,reviewed,stem-changing -ir paradigm; QA recommended
ES,desvestir,Indicativo,Pretérito perfecto compuesto,nosotros,hemos desvestido,16,reviewed,stem-changing -ir paradigm; QA recommended
ES,desvestir,Indicativo,Pretérito perfecto compuesto,vosotros,habéis desvestido,16,reviewed,stem-changing -ir paradigm; QA recommended
ES,desvestir,Indicativo,Pretérito perfecto compuesto,ellos,han desvestido,16,reviewed,stem-changing -ir paradigm; QA recommended
ES,desvestir,Indicativo,Pretérito imperfecto,yo,desvestía,16,reviewed,stem-changing -ir paradigm; QA recommended
ES,desvestir,Indicativo,Pretérito imperfecto,tú,desvestías,16,reviewed,stem-changing -ir paradigm; QA recommended
ES,desvestir,Indicativo,Pretérito imperfecto,él,desvestía,16,reviewed,stem-changing -ir paradigm; QA recommended
ES,desvestir,Indicativo,Pretérito imperfecto,nosotros,desvestíamos,16,reviewed,stem-changing -ir paradigm; QA recommended
ES,desvestir,Indicativo,Pretérito imperfecto,vosotros,desvestíais,16,reviewed,stem-changing -ir paradigm; QA recommended
ES,desvestir,Indicativo,Pretérito imperfecto,ellos,desvestían,16,reviewed,stem-changing -ir paradigm; QA recommended
ES,desvestir,Condicional,Condicional,yo,desvestiría,16,reviewed,stem-changing -ir paradigm; QA recommended
ES,desvestir,Condicional,Condicional,tú,desvestirías,16,reviewed,stem-changing -ir paradigm; QA recommended
ES,desvestir,Condicional,Condicional,él,desvestiría,16,reviewed,stem-changing -ir paradigm; QA recommended
ES,desvestir,Condicional,Condicional,nosotros,desvestiríamos,16,reviewed,stem-changing -ir paradigm; QA recommended
ES,desvestir,Condicional,Condicional,vosotros,desvestiríais,16,reviewed,stem-changing -ir paradigm; QA recommended
ES,desvestir,Condicional,Condicional,ellos,desvestirían,16,reviewed,stem-changing -ir paradigm; QA recommended
ES,desvestir,Imperativo,Imperativo,yo,-,16,reviewed,stem-changing -ir paradigm; QA recommended; Spanish has no standard first-person singular imperative; placeholder - used
ES,desvestir,Imperativo,Imperativo,tú,desviste,16,reviewed,stem-changing -ir paradigm; QA recommended
ES,desvestir,Imperativo,Imperativo,él,desvista,16,reviewed,stem-changing -ir paradigm; QA recommended
ES,desvestir,Imperativo,Imperativo,nosotros,desvistamos,16,reviewed,stem-changing -ir paradigm; QA recommended
ES,desvestir,Imperativo,Imperativo,vosotros,desvestid,16,reviewed,stem-changing -ir paradigm; QA recommended
ES,desvestir,Imperativo,Imperativo,ellos,desvistan,16,reviewed,stem-changing -ir paradigm; QA recommended
ES,desvestir,Indicativo,Futuro perfecto,yo,habré desvestido,16,reviewed,stem-changing -ir paradigm; QA recommended
ES,desvestir,Indicativo,Futuro perfecto,tú,habrás desvestido,16,reviewed,stem-changing -ir paradigm; QA recommended
ES,desvestir,Indicativo,Futuro perfecto,él,habrá desvestido,16,reviewed,stem-changing -ir paradigm; QA recommended
ES,desvestir,Indicativo,Futuro perfecto,nosotros,habremos desvestido,16,reviewed,stem-changing -ir paradigm; QA recommended
ES,desvestir,Indicativo,Futuro perfecto,vosotros,habréis desvestido,16,reviewed,stem-changing -ir paradigm; QA recommended
ES,desvestir,Indicativo,Futuro perfecto,ellos,habrán desvestido,16,reviewed,stem-changing -ir paradigm; QA recommended
ES,desvestir,Subjuntivo,Subjuntivo presente,yo,desvista,16,reviewed,stem-changing -ir paradigm; QA recommended
ES,desvestir,Subjuntivo,Subjuntivo presente,tú,desvistas,16,reviewed,stem-changing -ir paradigm; QA recommended
ES,desvestir,Subjuntivo,Subjuntivo presente,él,desvista,16,reviewed,stem-changing -ir paradigm; QA recommended
ES,desvestir,Subjuntivo,Subjuntivo presente,nosotros,desvistamos,16,reviewed,stem-changing -ir paradigm; QA recommended
ES,desvestir,Subjuntivo,Subjuntivo presente,vosotros,desvistáis,16,reviewed,stem-changing -ir paradigm; QA recommended
ES,desvestir,Subjuntivo,Subjuntivo presente,ellos,desvistan,16,reviewed,stem-changing -ir paradigm; QA recommended
ES,desvestir,Indicativo,Pretérito perfecto simple,yo,desvestí,16,reviewed,stem-changing -ir paradigm; QA recommended
ES,desvestir,Indicativo,Pretérito perfecto simple,tú,desvestiste,16,reviewed,stem-changing -ir paradigm; QA recommended
ES,desvestir,Indicativo,Pretérito perfecto simple,él,desvistió,16,reviewed,stem-changing -ir paradigm; QA recommended
ES,desvestir,Indicativo,Pretérito perfecto simple,nosotros,desvestimos,16,reviewed,stem-changing -ir paradigm; QA recommended
ES,desvestir,Indicativo,Pretérito perfecto simple,vosotros,desvestisteis,16,reviewed,stem-changing -ir paradigm; QA recommended
ES,desvestir,Indicativo,Pretérito perfecto simple,ellos,desvistieron,16,reviewed,stem-changing -ir paradigm; QA recommended
ES,desvestir,Indicativo,Pretérito pluscuamperfecto,yo,había desvestido,16,reviewed,stem-changing -ir paradigm; QA recommended
ES,desvestir,Indicativo,Pretérito pluscuamperfecto,tú,habías desvestido,16,reviewed,stem-changing -ir paradigm; QA recommended
ES,desvestir,Indicativo,Pretérito pluscuamperfecto,él,había desvestido,16,reviewed,stem-changing -ir paradigm; QA recommended
ES,desvestir,Indicativo,Pretérito pluscuamperfecto,nosotros,habíamos desvestido,16,reviewed,stem-changing -ir paradigm; QA recommended
ES,desvestir,Indicativo,Pretérito pluscuamperfecto,vosotros,habíais desvestido,16,reviewed,stem-changing -ir paradigm; QA recommended
ES,desvestir,Indicativo,Pretérito pluscuamperfecto,ellos,habían desvestido,16,reviewed,stem-changing -ir paradigm; QA recommended
ES,desnudar,Indicativo,Presente,yo,desnudo,16,reviewed,
ES,desnudar,Indicativo,Presente,tú,desnudas,16,reviewed,
ES,desnudar,Indicativo,Presente,él,desnuda,16,reviewed,
ES,desnudar,Indicativo,Presente,nosotros,desnudamos,16,reviewed,
ES,desnudar,Indicativo,Presente,vosotros,desnudáis,16,reviewed,
ES,desnudar,Indicativo,Presente,ellos,desnudan,16,reviewed,
ES,desnudar,Indicativo,Futuro,yo,desnudaré,16,reviewed,
ES,desnudar,Indicativo,Futuro,tú,desnudarás,16,reviewed,
ES,desnudar,Indicativo,Futuro,él,desnudará,16,reviewed,
ES,desnudar,Indicativo,Futuro,nosotros,desnudaremos,16,reviewed,
ES,desnudar,Indicativo,Futuro,vosotros,desnudaréis,16,reviewed,
ES,desnudar,Indicativo,Futuro,ellos,desnudarán,16,reviewed,
ES,desnudar,Indicativo,Pretérito perfecto compuesto,yo,he desnudado,16,reviewed,
ES,desnudar,Indicativo,Pretérito perfecto compuesto,tú,has desnudado,16,reviewed,
ES,desnudar,Indicativo,Pretérito perfecto compuesto,él,ha desnudado,16,reviewed,
ES,desnudar,Indicativo,Pretérito perfecto compuesto,nosotros,hemos desnudado,16,reviewed,
ES,desnudar,Indicativo,Pretérito perfecto compuesto,vosotros,habéis desnudado,16,reviewed,
ES,desnudar,Indicativo,Pretérito perfecto compuesto,ellos,han desnudado,16,reviewed,
ES,desnudar,Indicativo,Pretérito imperfecto,yo,desnudaba,16,reviewed,
ES,desnudar,Indicativo,Pretérito imperfecto,tú,desnudabas,16,reviewed,
ES,desnudar,Indicativo,Pretérito imperfecto,él,desnudaba,16,reviewed,
ES,desnudar,Indicativo,Pretérito imperfecto,nosotros,desnudábamos,16,reviewed,
ES,desnudar,Indicativo,Pretérito imperfecto,vosotros,desnudabais,16,reviewed,
ES,desnudar,Indicativo,Pretérito imperfecto,ellos,desnudaban,16,reviewed,
ES,desnudar,Condicional,Condicional,yo,desnudaría,16,reviewed,
ES,desnudar,Condicional,Condicional,tú,desnudarías,16,reviewed,
ES,desnudar,Condicional,Condicional,él,desnudaría,16,reviewed,
ES,desnudar,Condicional,Condicional,nosotros,desnudaríamos,16,reviewed,
ES,desnudar,Condicional,Condicional,vosotros,desnudaríais,16,reviewed,
ES,desnudar,Condicional,Condicional,ellos,desnudarían,16,reviewed,
ES,desnudar,Imperativo,Imperativo,yo,-,16,reviewed,Spanish has no standard first-person singular imperative; placeholder - used
ES,desnudar,Imperativo,Imperativo,tú,desnuda,16,reviewed,
ES,desnudar,Imperativo,Imperativo,él,desnude,16,reviewed,
ES,desnudar,Imperativo,Imperativo,nosotros,desnudemos,16,reviewed,
ES,desnudar,Imperativo,Imperativo,vosotros,desnudad,16,reviewed,
ES,desnudar,Imperativo,Imperativo,ellos,desnuden,16,reviewed,
ES,desnudar,Indicativo,Futuro perfecto,yo,habré desnudado,16,reviewed,
ES,desnudar,Indicativo,Futuro perfecto,tú,habrás desnudado,16,reviewed,
ES,desnudar,Indicativo,Futuro perfecto,él,habrá desnudado,16,reviewed,
ES,desnudar,Indicativo,Futuro perfecto,nosotros,habremos desnudado,16,reviewed,
ES,desnudar,Indicativo,Futuro perfecto,vosotros,habréis desnudado,16,reviewed,
ES,desnudar,Indicativo,Futuro perfecto,ellos,habrán desnudado,16,reviewed,
ES,desnudar,Subjuntivo,Subjuntivo presente,yo,desnude,16,reviewed,
ES,desnudar,Subjuntivo,Subjuntivo presente,tú,desnudes,16,reviewed,
ES,desnudar,Subjuntivo,Subjuntivo presente,él,desnude,16,reviewed,
ES,desnudar,Subjuntivo,Subjuntivo presente,nosotros,desnudemos,16,reviewed,
ES,desnudar,Subjuntivo,Subjuntivo presente,vosotros,desnudéis,16,reviewed,
ES,desnudar,Subjuntivo,Subjuntivo presente,ellos,desnuden,16,reviewed,
ES,desnudar,Indicativo,Pretérito perfecto simple,yo,desnudé,16,reviewed,
ES,desnudar,Indicativo,Pretérito perfecto simple,tú,desnudaste,16,reviewed,
ES,desnudar,Indicativo,Pretérito perfecto simple,él,desnudó,16,reviewed,
ES,desnudar,Indicativo,Pretérito perfecto simple,nosotros,desnudamos,16,reviewed,
ES,desnudar,Indicativo,Pretérito perfecto simple,vosotros,desnudasteis,16,reviewed,
ES,desnudar,Indicativo,Pretérito perfecto simple,ellos,desnudaron,16,reviewed,
ES,desnudar,Indicativo,Pretérito pluscuamperfecto,yo,había desnudado,16,reviewed,
ES,desnudar,Indicativo,Pretérito pluscuamperfecto,tú,habías desnudado,16,reviewed,
ES,desnudar,Indicativo,Pretérito pluscuamperfecto,él,había desnudado,16,reviewed,
ES,desnudar,Indicativo,Pretérito pluscuamperfecto,nosotros,habíamos desnudado,16,reviewed,
ES,desnudar,Indicativo,Pretérito pluscuamperfecto,vosotros,habíais desnudado,16,reviewed,
ES,desnudar,Indicativo,Pretérito pluscuamperfecto,ellos,habían desnudado,16,reviewed,
ES,invocar,Indicativo,Presente,yo,invoco,16,reviewed,
ES,invocar,Indicativo,Presente,tú,invocas,16,reviewed,
ES,invocar,Indicativo,Presente,él,invoca,16,reviewed,
ES,invocar,Indicativo,Presente,nosotros,invocamos,16,reviewed,
ES,invocar,Indicativo,Presente,vosotros,invocáis,16,reviewed,
ES,invocar,Indicativo,Presente,ellos,invocan,16,reviewed,
ES,invocar,Indicativo,Futuro,yo,invocaré,16,reviewed,
ES,invocar,Indicativo,Futuro,tú,invocarás,16,reviewed,
ES,invocar,Indicativo,Futuro,él,invocará,16,reviewed,
ES,invocar,Indicativo,Futuro,nosotros,invocaremos,16,reviewed,
ES,invocar,Indicativo,Futuro,vosotros,invocaréis,16,reviewed,
ES,invocar,Indicativo,Futuro,ellos,invocarán,16,reviewed,
ES,invocar,Indicativo,Pretérito perfecto compuesto,yo,he invocado,16,reviewed,
ES,invocar,Indicativo,Pretérito perfecto compuesto,tú,has invocado,16,reviewed,
ES,invocar,Indicativo,Pretérito perfecto compuesto,él,ha invocado,16,reviewed,
ES,invocar,Indicativo,Pretérito perfecto compuesto,nosotros,hemos invocado,16,reviewed,
ES,invocar,Indicativo,Pretérito perfecto compuesto,vosotros,habéis invocado,16,reviewed,
ES,invocar,Indicativo,Pretérito perfecto compuesto,ellos,han invocado,16,reviewed,
ES,invocar,Indicativo,Pretérito imperfecto,yo,invocaba,16,reviewed,
ES,invocar,Indicativo,Pretérito imperfecto,tú,invocabas,16,reviewed,
ES,invocar,Indicativo,Pretérito imperfecto,él,invocaba,16,reviewed,
ES,invocar,Indicativo,Pretérito imperfecto,nosotros,invocábamos,16,reviewed,
ES,invocar,Indicativo,Pretérito imperfecto,vosotros,invocabais,16,reviewed,
ES,invocar,Indicativo,Pretérito imperfecto,ellos,invocaban,16,reviewed,
ES,invocar,Condicional,Condicional,yo,invocaría,16,reviewed,
ES,invocar,Condicional,Condicional,tú,invocarías,16,reviewed,
ES,invocar,Condicional,Condicional,él,invocaría,16,reviewed,
ES,invocar,Condicional,Condicional,nosotros,invocaríamos,16,reviewed,
ES,invocar,Condicional,Condicional,vosotros,invocaríais,16,reviewed,
ES,invocar,Condicional,Condicional,ellos,invocarían,16,reviewed,
ES,invocar,Imperativo,Imperativo,yo,-,16,reviewed,Spanish has no standard first-person singular imperative; placeholder - used
ES,invocar,Imperativo,Imperativo,tú,invoca,16,reviewed,
ES,invocar,Imperativo,Imperativo,él,invoque,16,reviewed,
ES,invocar,Imperativo,Imperativo,nosotros,invoquemos,16,reviewed,
ES,invocar,Imperativo,Imperativo,vosotros,invocad,16,reviewed,
ES,invocar,Imperativo,Imperativo,ellos,invoquen,16,reviewed,
ES,invocar,Indicativo,Futuro perfecto,yo,habré invocado,16,reviewed,
ES,invocar,Indicativo,Futuro perfecto,tú,habrás invocado,16,reviewed,
ES,invocar,Indicativo,Futuro perfecto,él,habrá invocado,16,reviewed,
ES,invocar,Indicativo,Futuro perfecto,nosotros,habremos invocado,16,reviewed,
ES,invocar,Indicativo,Futuro perfecto,vosotros,habréis invocado,16,reviewed,
ES,invocar,Indicativo,Futuro perfecto,ellos,habrán invocado,16,reviewed,
ES,invocar,Subjuntivo,Subjuntivo presente,yo,invoque,16,reviewed,
ES,invocar,Subjuntivo,Subjuntivo presente,tú,invoques,16,reviewed,
ES,invocar,Subjuntivo,Subjuntivo presente,él,invoque,16,reviewed,
ES,invocar,Subjuntivo,Subjuntivo presente,nosotros,invoquemos,16,reviewed,
ES,invocar,Subjuntivo,Subjuntivo presente,vosotros,invoquéis,16,reviewed,
ES,invocar,Subjuntivo,Subjuntivo presente,ellos,invoquen,16,reviewed,
ES,invocar,Indicativo,Pretérito perfecto simple,yo,invoqué,16,reviewed,
ES,invocar,Indicativo,Pretérito perfecto simple,tú,invocaste,16,reviewed,
ES,invocar,Indicativo,Pretérito perfecto simple,él,invocó,16,reviewed,
ES,invocar,Indicativo,Pretérito perfecto simple,nosotros,invocamos,16,reviewed,
ES,invocar,Indicativo,Pretérito perfecto simple,vosotros,invocasteis,16,reviewed,
ES,invocar,Indicativo,Pretérito perfecto simple,ellos,invocaron,16,reviewed,
ES,invocar,Indicativo,Pretérito pluscuamperfecto,yo,había invocado,16,reviewed,
ES,invocar,Indicativo,Pretérito pluscuamperfecto,tú,habías invocado,16,reviewed,
ES,invocar,Indicativo,Pretérito pluscuamperfecto,él,había invocado,16,reviewed,
ES,invocar,Indicativo,Pretérito pluscuamperfecto,nosotros,habíamos invocado,16,reviewed,
ES,invocar,Indicativo,Pretérito pluscuamperfecto,vosotros,habíais invocado,16,reviewed,
ES,invocar,Indicativo,Pretérito pluscuamperfecto,ellos,habían invocado,16,reviewed,
ES,ralentizar,Indicativo,Presente,yo,ralentizo,16,reviewed,
ES,ralentizar,Indicativo,Presente,tú,ralentizas,16,reviewed,
ES,ralentizar,Indicativo,Presente,él,ralentiza,16,reviewed,
ES,ralentizar,Indicativo,Presente,nosotros,ralentizamos,16,reviewed,
ES,ralentizar,Indicativo,Presente,vosotros,ralentizáis,16,reviewed,
ES,ralentizar,Indicativo,Presente,ellos,ralentizan,16,reviewed,
ES,ralentizar,Indicativo,Futuro,yo,ralentizaré,16,reviewed,
ES,ralentizar,Indicativo,Futuro,tú,ralentizarás,16,reviewed,
ES,ralentizar,Indicativo,Futuro,él,ralentizará,16,reviewed,
ES,ralentizar,Indicativo,Futuro,nosotros,ralentizaremos,16,reviewed,
ES,ralentizar,Indicativo,Futuro,vosotros,ralentizaréis,16,reviewed,
ES,ralentizar,Indicativo,Futuro,ellos,ralentizarán,16,reviewed,
ES,ralentizar,Indicativo,Pretérito perfecto compuesto,yo,he ralentizado,16,reviewed,
ES,ralentizar,Indicativo,Pretérito perfecto compuesto,tú,has ralentizado,16,reviewed,
ES,ralentizar,Indicativo,Pretérito perfecto compuesto,él,ha ralentizado,16,reviewed,
ES,ralentizar,Indicativo,Pretérito perfecto compuesto,nosotros,hemos ralentizado,16,reviewed,
ES,ralentizar,Indicativo,Pretérito perfecto compuesto,vosotros,habéis ralentizado,16,reviewed,
ES,ralentizar,Indicativo,Pretérito perfecto compuesto,ellos,han ralentizado,16,reviewed,
ES,ralentizar,Indicativo,Pretérito imperfecto,yo,ralentizaba,16,reviewed,
ES,ralentizar,Indicativo,Pretérito imperfecto,tú,ralentizabas,16,reviewed,
ES,ralentizar,Indicativo,Pretérito imperfecto,él,ralentizaba,16,reviewed,
ES,ralentizar,Indicativo,Pretérito imperfecto,nosotros,ralentizábamos,16,reviewed,
ES,ralentizar,Indicativo,Pretérito imperfecto,vosotros,ralentizabais,16,reviewed,
ES,ralentizar,Indicativo,Pretérito imperfecto,ellos,ralentizaban,16,reviewed,
ES,ralentizar,Condicional,Condicional,yo,ralentizaría,16,reviewed,
ES,ralentizar,Condicional,Condicional,tú,ralentizarías,16,reviewed,
ES,ralentizar,Condicional,Condicional,él,ralentizaría,16,reviewed,
ES,ralentizar,Condicional,Condicional,nosotros,ralentizaríamos,16,reviewed,
ES,ralentizar,Condicional,Condicional,vosotros,ralentizaríais,16,reviewed,
ES,ralentizar,Condicional,Condicional,ellos,ralentizarían,16,reviewed,
ES,ralentizar,Imperativo,Imperativo,yo,-,16,reviewed,Spanish has no standard first-person singular imperative; placeholder - used
ES,ralentizar,Imperativo,Imperativo,tú,ralentiza,16,reviewed,
ES,ralentizar,Imperativo,Imperativo,él,ralentice,16,reviewed,
ES,ralentizar,Imperativo,Imperativo,nosotros,ralenticemos,16,reviewed,
ES,ralentizar,Imperativo,Imperativo,vosotros,ralentizad,16,reviewed,
ES,ralentizar,Imperativo,Imperativo,ellos,ralenticen,16,reviewed,
ES,ralentizar,Indicativo,Futuro perfecto,yo,habré ralentizado,16,reviewed,
ES,ralentizar,Indicativo,Futuro perfecto,tú,habrás ralentizado,16,reviewed,
ES,ralentizar,Indicativo,Futuro perfecto,él,habrá ralentizado,16,reviewed,
ES,ralentizar,Indicativo,Futuro perfecto,nosotros,habremos ralentizado,16,reviewed,
ES,ralentizar,Indicativo,Futuro perfecto,vosotros,habréis ralentizado,16,reviewed,
ES,ralentizar,Indicativo,Futuro perfecto,ellos,habrán ralentizado,16,reviewed,
ES,ralentizar,Subjuntivo,Subjuntivo presente,yo,ralentice,16,reviewed,
ES,ralentizar,Subjuntivo,Subjuntivo presente,tú,ralentices,16,reviewed,
ES,ralentizar,Subjuntivo,Subjuntivo presente,él,ralentice,16,reviewed,
ES,ralentizar,Subjuntivo,Subjuntivo presente,nosotros,ralenticemos,16,reviewed,
ES,ralentizar,Subjuntivo,Subjuntivo presente,vosotros,ralenticéis,16,reviewed,
ES,ralentizar,Subjuntivo,Subjuntivo presente,ellos,ralenticen,16,reviewed,
ES,ralentizar,Indicativo,Pretérito perfecto simple,yo,ralenticé,16,reviewed,
ES,ralentizar,Indicativo,Pretérito perfecto simple,tú,ralentizaste,16,reviewed,
ES,ralentizar,Indicativo,Pretérito perfecto simple,él,ralentizó,16,reviewed,
ES,ralentizar,Indicativo,Pretérito perfecto simple,nosotros,ralentizamos,16,reviewed,
ES,ralentizar,Indicativo,Pretérito perfecto simple,vosotros,ralentizasteis,16,reviewed,
ES,ralentizar,Indicativo,Pretérito perfecto simple,ellos,ralentizaron,16,reviewed,
ES,ralentizar,Indicativo,Pretérito pluscuamperfecto,yo,había ralentizado,16,reviewed,
ES,ralentizar,Indicativo,Pretérito pluscuamperfecto,tú,habías ralentizado,16,reviewed,
ES,ralentizar,Indicativo,Pretérito pluscuamperfecto,él,había ralentizado,16,reviewed,
ES,ralentizar,Indicativo,Pretérito pluscuamperfecto,nosotros,habíamos ralentizado,16,reviewed,
ES,ralentizar,Indicativo,Pretérito pluscuamperfecto,vosotros,habíais ralentizado,16,reviewed,
ES,ralentizar,Indicativo,Pretérito pluscuamperfecto,ellos,habían ralentizado,16,reviewed,
ES,disminuir la velocidad,Indicativo,Presente,yo,disminuyo la velocidad,16,reviewed,multiword entry; only disminuir is conjugated
ES,disminuir la velocidad,Indicativo,Presente,tú,disminuyes la velocidad,16,reviewed,multiword entry; only disminuir is conjugated
ES,disminuir la velocidad,Indicativo,Presente,él,disminuye la velocidad,16,reviewed,multiword entry; only disminuir is conjugated
ES,disminuir la velocidad,Indicativo,Presente,nosotros,disminuimos la velocidad,16,reviewed,multiword entry; only disminuir is conjugated
ES,disminuir la velocidad,Indicativo,Presente,vosotros,disminuís la velocidad,16,reviewed,multiword entry; only disminuir is conjugated
ES,disminuir la velocidad,Indicativo,Presente,ellos,disminuyen la velocidad,16,reviewed,multiword entry; only disminuir is conjugated
ES,disminuir la velocidad,Indicativo,Futuro,yo,disminuiré la velocidad,16,reviewed,multiword entry; only disminuir is conjugated
ES,disminuir la velocidad,Indicativo,Futuro,tú,disminuirás la velocidad,16,reviewed,multiword entry; only disminuir is conjugated
ES,disminuir la velocidad,Indicativo,Futuro,él,disminuirá la velocidad,16,reviewed,multiword entry; only disminuir is conjugated
ES,disminuir la velocidad,Indicativo,Futuro,nosotros,disminuiremos la velocidad,16,reviewed,multiword entry; only disminuir is conjugated
ES,disminuir la velocidad,Indicativo,Futuro,vosotros,disminuiréis la velocidad,16,reviewed,multiword entry; only disminuir is conjugated
ES,disminuir la velocidad,Indicativo,Futuro,ellos,disminuirán la velocidad,16,reviewed,multiword entry; only disminuir is conjugated
ES,disminuir la velocidad,Indicativo,Pretérito perfecto compuesto,yo,he disminuido la velocidad,16,reviewed,multiword entry; only disminuir is conjugated
ES,disminuir la velocidad,Indicativo,Pretérito perfecto compuesto,tú,has disminuido la velocidad,16,reviewed,multiword entry; only disminuir is conjugated
ES,disminuir la velocidad,Indicativo,Pretérito perfecto compuesto,él,ha disminuido la velocidad,16,reviewed,multiword entry; only disminuir is conjugated
ES,disminuir la velocidad,Indicativo,Pretérito perfecto compuesto,nosotros,hemos disminuido la velocidad,16,reviewed,multiword entry; only disminuir is conjugated
ES,disminuir la velocidad,Indicativo,Pretérito perfecto compuesto,vosotros,habéis disminuido la velocidad,16,reviewed,multiword entry; only disminuir is conjugated
ES,disminuir la velocidad,Indicativo,Pretérito perfecto compuesto,ellos,han disminuido la velocidad,16,reviewed,multiword entry; only disminuir is conjugated
ES,disminuir la velocidad,Indicativo,Pretérito imperfecto,yo,disminuía la velocidad,16,reviewed,multiword entry; only disminuir is conjugated
ES,disminuir la velocidad,Indicativo,Pretérito imperfecto,tú,disminuías la velocidad,16,reviewed,multiword entry; only disminuir is conjugated
ES,disminuir la velocidad,Indicativo,Pretérito imperfecto,él,disminuía la velocidad,16,reviewed,multiword entry; only disminuir is conjugated
ES,disminuir la velocidad,Indicativo,Pretérito imperfecto,nosotros,disminuíamos la velocidad,16,reviewed,multiword entry; only disminuir is conjugated
ES,disminuir la velocidad,Indicativo,Pretérito imperfecto,vosotros,disminuíais la velocidad,16,reviewed,multiword entry; only disminuir is conjugated
ES,disminuir la velocidad,Indicativo,Pretérito imperfecto,ellos,disminuían la velocidad,16,reviewed,multiword entry; only disminuir is conjugated
ES,disminuir la velocidad,Condicional,Condicional,yo,disminuiría la velocidad,16,reviewed,multiword entry; only disminuir is conjugated
ES,disminuir la velocidad,Condicional,Condicional,tú,disminuirías la velocidad,16,reviewed,multiword entry; only disminuir is conjugated
ES,disminuir la velocidad,Condicional,Condicional,él,disminuiría la velocidad,16,reviewed,multiword entry; only disminuir is conjugated
ES,disminuir la velocidad,Condicional,Condicional,nosotros,disminuiríamos la velocidad,16,reviewed,multiword entry; only disminuir is conjugated
ES,disminuir la velocidad,Condicional,Condicional,vosotros,disminuiríais la velocidad,16,reviewed,multiword entry; only disminuir is conjugated
ES,disminuir la velocidad,Condicional,Condicional,ellos,disminuirían la velocidad,16,reviewed,multiword entry; only disminuir is conjugated
ES,disminuir la velocidad,Imperativo,Imperativo,yo,-,16,reviewed,multiword entry; only disminuir is conjugated; Spanish has no standard first-person singular imperative; placeholder - used
ES,disminuir la velocidad,Imperativo,Imperativo,tú,disminuye la velocidad,16,reviewed,multiword entry; only disminuir is conjugated
ES,disminuir la velocidad,Imperativo,Imperativo,él,disminuya la velocidad,16,reviewed,multiword entry; only disminuir is conjugated
ES,disminuir la velocidad,Imperativo,Imperativo,nosotros,disminuyamos la velocidad,16,reviewed,multiword entry; only disminuir is conjugated
ES,disminuir la velocidad,Imperativo,Imperativo,vosotros,disminuid la velocidad,16,reviewed,multiword entry; only disminuir is conjugated
ES,disminuir la velocidad,Imperativo,Imperativo,ellos,disminuyan la velocidad,16,reviewed,multiword entry; only disminuir is conjugated
ES,disminuir la velocidad,Indicativo,Futuro perfecto,yo,habré disminuido la velocidad,16,reviewed,multiword entry; only disminuir is conjugated
ES,disminuir la velocidad,Indicativo,Futuro perfecto,tú,habrás disminuido la velocidad,16,reviewed,multiword entry; only disminuir is conjugated
ES,disminuir la velocidad,Indicativo,Futuro perfecto,él,habrá disminuido la velocidad,16,reviewed,multiword entry; only disminuir is conjugated
ES,disminuir la velocidad,Indicativo,Futuro perfecto,nosotros,habremos disminuido la velocidad,16,reviewed,multiword entry; only disminuir is conjugated
ES,disminuir la velocidad,Indicativo,Futuro perfecto,vosotros,habréis disminuido la velocidad,16,reviewed,multiword entry; only disminuir is conjugated
ES,disminuir la velocidad,Indicativo,Futuro perfecto,ellos,habrán disminuido la velocidad,16,reviewed,multiword entry; only disminuir is conjugated
ES,disminuir la velocidad,Subjuntivo,Subjuntivo presente,yo,disminuya la velocidad,16,reviewed,multiword entry; only disminuir is conjugated
ES,disminuir la velocidad,Subjuntivo,Subjuntivo presente,tú,disminuyas la velocidad,16,reviewed,multiword entry; only disminuir is conjugated
ES,disminuir la velocidad,Subjuntivo,Subjuntivo presente,él,disminuya la velocidad,16,reviewed,multiword entry; only disminuir is conjugated
ES,disminuir la velocidad,Subjuntivo,Subjuntivo presente,nosotros,disminuyamos la velocidad,16,reviewed,multiword entry; only disminuir is conjugated
ES,disminuir la velocidad,Subjuntivo,Subjuntivo presente,vosotros,disminuyáis la velocidad,16,reviewed,multiword entry; only disminuir is conjugated
ES,disminuir la velocidad,Subjuntivo,Subjuntivo presente,ellos,disminuyan la velocidad,16,reviewed,multiword entry; only disminuir is conjugated
ES,disminuir la velocidad,Indicativo,Pretérito perfecto simple,yo,disminuí la velocidad,16,reviewed,multiword entry; only disminuir is conjugated
ES,disminuir la velocidad,Indicativo,Pretérito perfecto simple,tú,disminuiste la velocidad,16,reviewed,multiword entry; only disminuir is conjugated
ES,disminuir la velocidad,Indicativo,Pretérito perfecto simple,él,disminuyó la velocidad,16,reviewed,multiword entry; only disminuir is conjugated
ES,disminuir la velocidad,Indicativo,Pretérito perfecto simple,nosotros,disminuimos la velocidad,16,reviewed,multiword entry; only disminuir is conjugated
ES,disminuir la velocidad,Indicativo,Pretérito perfecto simple,vosotros,disminuisteis la velocidad,16,reviewed,multiword entry; only disminuir is conjugated
ES,disminuir la velocidad,Indicativo,Pretérito perfecto simple,ellos,disminuyeron la velocidad,16,reviewed,multiword entry; only disminuir is conjugated
ES,disminuir la velocidad,Indicativo,Pretérito pluscuamperfecto,yo,había disminuido la velocidad,16,reviewed,multiword entry; only disminuir is conjugated
ES,disminuir la velocidad,Indicativo,Pretérito pluscuamperfecto,tú,habías disminuido la velocidad,16,reviewed,multiword entry; only disminuir is conjugated
ES,disminuir la velocidad,Indicativo,Pretérito pluscuamperfecto,él,había disminuido la velocidad,16,reviewed,multiword entry; only disminuir is conjugated
ES,disminuir la velocidad,Indicativo,Pretérito pluscuamperfecto,nosotros,habíamos disminuido la velocidad,16,reviewed,multiword entry; only disminuir is conjugated
ES,disminuir la velocidad,Indicativo,Pretérito pluscuamperfecto,vosotros,habíais disminuido la velocidad,16,reviewed,multiword entry; only disminuir is conjugated
ES,disminuir la velocidad,Indicativo,Pretérito pluscuamperfecto,ellos,habían disminuido la velocidad,16,reviewed,multiword entry; only disminuir is conjugated
ES,preocupar,Indicativo,Presente,yo,preocupo,16,reviewed,
ES,preocupar,Indicativo,Presente,tú,preocupas,16,reviewed,
ES,preocupar,Indicativo,Presente,él,preocupa,16,reviewed,
ES,preocupar,Indicativo,Presente,nosotros,preocupamos,16,reviewed,
ES,preocupar,Indicativo,Presente,vosotros,preocupáis,16,reviewed,
ES,preocupar,Indicativo,Presente,ellos,preocupan,16,reviewed,
ES,preocupar,Indicativo,Futuro,yo,preocuparé,16,reviewed,
ES,preocupar,Indicativo,Futuro,tú,preocuparás,16,reviewed,
ES,preocupar,Indicativo,Futuro,él,preocupará,16,reviewed,
ES,preocupar,Indicativo,Futuro,nosotros,preocuparemos,16,reviewed,
ES,preocupar,Indicativo,Futuro,vosotros,preocuparéis,16,reviewed,
ES,preocupar,Indicativo,Futuro,ellos,preocuparán,16,reviewed,
ES,preocupar,Indicativo,Pretérito perfecto compuesto,yo,he preocupado,16,reviewed,
ES,preocupar,Indicativo,Pretérito perfecto compuesto,tú,has preocupado,16,reviewed,
ES,preocupar,Indicativo,Pretérito perfecto compuesto,él,ha preocupado,16,reviewed,
ES,preocupar,Indicativo,Pretérito perfecto compuesto,nosotros,hemos preocupado,16,reviewed,
ES,preocupar,Indicativo,Pretérito perfecto compuesto,vosotros,habéis preocupado,16,reviewed,
ES,preocupar,Indicativo,Pretérito perfecto compuesto,ellos,han preocupado,16,reviewed,
ES,preocupar,Indicativo,Pretérito imperfecto,yo,preocupaba,16,reviewed,
ES,preocupar,Indicativo,Pretérito imperfecto,tú,preocupabas,16,reviewed,
ES,preocupar,Indicativo,Pretérito imperfecto,él,preocupaba,16,reviewed,
ES,preocupar,Indicativo,Pretérito imperfecto,nosotros,preocupábamos,16,reviewed,
ES,preocupar,Indicativo,Pretérito imperfecto,vosotros,preocupabais,16,reviewed,
ES,preocupar,Indicativo,Pretérito imperfecto,ellos,preocupaban,16,reviewed,
ES,preocupar,Condicional,Condicional,yo,preocuparía,16,reviewed,
ES,preocupar,Condicional,Condicional,tú,preocuparías,16,reviewed,
ES,preocupar,Condicional,Condicional,él,preocuparía,16,reviewed,
ES,preocupar,Condicional,Condicional,nosotros,preocuparíamos,16,reviewed,
ES,preocupar,Condicional,Condicional,vosotros,preocuparíais,16,reviewed,
ES,preocupar,Condicional,Condicional,ellos,preocuparían,16,reviewed,
ES,preocupar,Imperativo,Imperativo,yo,-,16,reviewed,Spanish has no standard first-person singular imperative; placeholder - used
ES,preocupar,Imperativo,Imperativo,tú,preocupa,16,reviewed,
ES,preocupar,Imperativo,Imperativo,él,preocupe,16,reviewed,
ES,preocupar,Imperativo,Imperativo,nosotros,preocupemos,16,reviewed,
ES,preocupar,Imperativo,Imperativo,vosotros,preocupad,16,reviewed,
ES,preocupar,Imperativo,Imperativo,ellos,preocupen,16,reviewed,
ES,preocupar,Indicativo,Futuro perfecto,yo,habré preocupado,16,reviewed,
ES,preocupar,Indicativo,Futuro perfecto,tú,habrás preocupado,16,reviewed,
ES,preocupar,Indicativo,Futuro perfecto,él,habrá preocupado,16,reviewed,
ES,preocupar,Indicativo,Futuro perfecto,nosotros,habremos preocupado,16,reviewed,
ES,preocupar,Indicativo,Futuro perfecto,vosotros,habréis preocupado,16,reviewed,
ES,preocupar,Indicativo,Futuro perfecto,ellos,habrán preocupado,16,reviewed,
ES,preocupar,Subjuntivo,Subjuntivo presente,yo,preocupe,16,reviewed,
ES,preocupar,Subjuntivo,Subjuntivo presente,tú,preocupes,16,reviewed,
ES,preocupar,Subjuntivo,Subjuntivo presente,él,preocupe,16,reviewed,
ES,preocupar,Subjuntivo,Subjuntivo presente,nosotros,preocupemos,16,reviewed,
ES,preocupar,Subjuntivo,Subjuntivo presente,vosotros,preocupéis,16,reviewed,
ES,preocupar,Subjuntivo,Subjuntivo presente,ellos,preocupen,16,reviewed,
ES,preocupar,Indicativo,Pretérito perfecto simple,yo,preocupé,16,reviewed,
ES,preocupar,Indicativo,Pretérito perfecto simple,tú,preocupaste,16,reviewed,
ES,preocupar,Indicativo,Pretérito perfecto simple,él,preocupó,16,reviewed,
ES,preocupar,Indicativo,Pretérito perfecto simple,nosotros,preocupamos,16,reviewed,
ES,preocupar,Indicativo,Pretérito perfecto simple,vosotros,preocupasteis,16,reviewed,
ES,preocupar,Indicativo,Pretérito perfecto simple,ellos,preocuparon,16,reviewed,
ES,preocupar,Indicativo,Pretérito pluscuamperfecto,yo,había preocupado,16,reviewed,
ES,preocupar,Indicativo,Pretérito pluscuamperfecto,tú,habías preocupado,16,reviewed,
ES,preocupar,Indicativo,Pretérito pluscuamperfecto,él,había preocupado,16,reviewed,
ES,preocupar,Indicativo,Pretérito pluscuamperfecto,nosotros,habíamos preocupado,16,reviewed,
ES,preocupar,Indicativo,Pretérito pluscuamperfecto,vosotros,habíais preocupado,16,reviewed,
ES,preocupar,Indicativo,Pretérito pluscuamperfecto,ellos,habían preocupado,16,reviewed,
ES,gastar,Indicativo,Presente,yo,gasto,16,reviewed,
ES,gastar,Indicativo,Presente,tú,gastas,16,reviewed,
ES,gastar,Indicativo,Presente,él,gasta,16,reviewed,
ES,gastar,Indicativo,Presente,nosotros,gastamos,16,reviewed,
ES,gastar,Indicativo,Presente,vosotros,gastáis,16,reviewed,
ES,gastar,Indicativo,Presente,ellos,gastan,16,reviewed,
ES,gastar,Indicativo,Futuro,yo,gastaré,16,reviewed,
ES,gastar,Indicativo,Futuro,tú,gastarás,16,reviewed,
ES,gastar,Indicativo,Futuro,él,gastará,16,reviewed,
ES,gastar,Indicativo,Futuro,nosotros,gastaremos,16,reviewed,
ES,gastar,Indicativo,Futuro,vosotros,gastaréis,16,reviewed,
ES,gastar,Indicativo,Futuro,ellos,gastarán,16,reviewed,
ES,gastar,Indicativo,Pretérito perfecto compuesto,yo,he gastado,16,reviewed,
ES,gastar,Indicativo,Pretérito perfecto compuesto,tú,has gastado,16,reviewed,
ES,gastar,Indicativo,Pretérito perfecto compuesto,él,ha gastado,16,reviewed,
ES,gastar,Indicativo,Pretérito perfecto compuesto,nosotros,hemos gastado,16,reviewed,
ES,gastar,Indicativo,Pretérito perfecto compuesto,vosotros,habéis gastado,16,reviewed,
ES,gastar,Indicativo,Pretérito perfecto compuesto,ellos,han gastado,16,reviewed,
ES,gastar,Indicativo,Pretérito imperfecto,yo,gastaba,16,reviewed,
ES,gastar,Indicativo,Pretérito imperfecto,tú,gastabas,16,reviewed,
ES,gastar,Indicativo,Pretérito imperfecto,él,gastaba,16,reviewed,
ES,gastar,Indicativo,Pretérito imperfecto,nosotros,gastábamos,16,reviewed,
ES,gastar,Indicativo,Pretérito imperfecto,vosotros,gastabais,16,reviewed,
ES,gastar,Indicativo,Pretérito imperfecto,ellos,gastaban,16,reviewed,
ES,gastar,Condicional,Condicional,yo,gastaría,16,reviewed,
ES,gastar,Condicional,Condicional,tú,gastarías,16,reviewed,
ES,gastar,Condicional,Condicional,él,gastaría,16,reviewed,
ES,gastar,Condicional,Condicional,nosotros,gastaríamos,16,reviewed,
ES,gastar,Condicional,Condicional,vosotros,gastaríais,16,reviewed,
ES,gastar,Condicional,Condicional,ellos,gastarían,16,reviewed,
ES,gastar,Imperativo,Imperativo,yo,-,16,reviewed,Spanish has no standard first-person singular imperative; placeholder - used
ES,gastar,Imperativo,Imperativo,tú,gasta,16,reviewed,
ES,gastar,Imperativo,Imperativo,él,gaste,16,reviewed,
ES,gastar,Imperativo,Imperativo,nosotros,gastemos,16,reviewed,
ES,gastar,Imperativo,Imperativo,vosotros,gastad,16,reviewed,
ES,gastar,Imperativo,Imperativo,ellos,gasten,16,reviewed,
ES,gastar,Indicativo,Futuro perfecto,yo,habré gastado,16,reviewed,
ES,gastar,Indicativo,Futuro perfecto,tú,habrás gastado,16,reviewed,
ES,gastar,Indicativo,Futuro perfecto,él,habrá gastado,16,reviewed,
ES,gastar,Indicativo,Futuro perfecto,nosotros,habremos gastado,16,reviewed,
ES,gastar,Indicativo,Futuro perfecto,vosotros,habréis gastado,16,reviewed,
ES,gastar,Indicativo,Futuro perfecto,ellos,habrán gastado,16,reviewed,
ES,gastar,Subjuntivo,Subjuntivo presente,yo,gaste,16,reviewed,
ES,gastar,Subjuntivo,Subjuntivo presente,tú,gastes,16,reviewed,
ES,gastar,Subjuntivo,Subjuntivo presente,él,gaste,16,reviewed,
ES,gastar,Subjuntivo,Subjuntivo presente,nosotros,gastemos,16,reviewed,
ES,gastar,Subjuntivo,Subjuntivo presente,vosotros,gastéis,16,reviewed,
ES,gastar,Subjuntivo,Subjuntivo presente,ellos,gasten,16,reviewed,
ES,gastar,Indicativo,Pretérito perfecto simple,yo,gasté,16,reviewed,
ES,gastar,Indicativo,Pretérito perfecto simple,tú,gastaste,16,reviewed,
ES,gastar,Indicativo,Pretérito perfecto simple,él,gastó,16,reviewed,
ES,gastar,Indicativo,Pretérito perfecto simple,nosotros,gastamos,16,reviewed,
ES,gastar,Indicativo,Pretérito perfecto simple,vosotros,gastasteis,16,reviewed,
ES,gastar,Indicativo,Pretérito perfecto simple,ellos,gastaron,16,reviewed,
ES,gastar,Indicativo,Pretérito pluscuamperfecto,yo,había gastado,16,reviewed,
ES,gastar,Indicativo,Pretérito pluscuamperfecto,tú,habías gastado,16,reviewed,
ES,gastar,Indicativo,Pretérito pluscuamperfecto,él,había gastado,16,reviewed,
ES,gastar,Indicativo,Pretérito pluscuamperfecto,nosotros,habíamos gastado,16,reviewed,
ES,gastar,Indicativo,Pretérito pluscuamperfecto,vosotros,habíais gastado,16,reviewed,
ES,gastar,Indicativo,Pretérito pluscuamperfecto,ellos,habían gastado,16,reviewed,
ES,destapar,Indicativo,Presente,yo,destapo,16,reviewed,
ES,destapar,Indicativo,Presente,tú,destapas,16,reviewed,
ES,destapar,Indicativo,Presente,él,destapa,16,reviewed,
ES,destapar,Indicativo,Presente,nosotros,destapamos,16,reviewed,
ES,destapar,Indicativo,Presente,vosotros,destapáis,16,reviewed,
ES,destapar,Indicativo,Presente,ellos,destapan,16,reviewed,
ES,destapar,Indicativo,Futuro,yo,destaparé,16,reviewed,
ES,destapar,Indicativo,Futuro,tú,destaparás,16,reviewed,
ES,destapar,Indicativo,Futuro,él,destapará,16,reviewed,
ES,destapar,Indicativo,Futuro,nosotros,destaparemos,16,reviewed,
ES,destapar,Indicativo,Futuro,vosotros,destaparéis,16,reviewed,
ES,destapar,Indicativo,Futuro,ellos,destaparán,16,reviewed,
ES,destapar,Indicativo,Pretérito perfecto compuesto,yo,he destapado,16,reviewed,
ES,destapar,Indicativo,Pretérito perfecto compuesto,tú,has destapado,16,reviewed,
ES,destapar,Indicativo,Pretérito perfecto compuesto,él,ha destapado,16,reviewed,
ES,destapar,Indicativo,Pretérito perfecto compuesto,nosotros,hemos destapado,16,reviewed,
ES,destapar,Indicativo,Pretérito perfecto compuesto,vosotros,habéis destapado,16,reviewed,
ES,destapar,Indicativo,Pretérito perfecto compuesto,ellos,han destapado,16,reviewed,
ES,destapar,Indicativo,Pretérito imperfecto,yo,destapaba,16,reviewed,
ES,destapar,Indicativo,Pretérito imperfecto,tú,destapabas,16,reviewed,
ES,destapar,Indicativo,Pretérito imperfecto,él,destapaba,16,reviewed,
ES,destapar,Indicativo,Pretérito imperfecto,nosotros,destapábamos,16,reviewed,
ES,destapar,Indicativo,Pretérito imperfecto,vosotros,destapabais,16,reviewed,
ES,destapar,Indicativo,Pretérito imperfecto,ellos,destapaban,16,reviewed,
ES,destapar,Condicional,Condicional,yo,destaparía,16,reviewed,
ES,destapar,Condicional,Condicional,tú,destaparías,16,reviewed,
ES,destapar,Condicional,Condicional,él,destaparía,16,reviewed,
ES,destapar,Condicional,Condicional,nosotros,destaparíamos,16,reviewed,
ES,destapar,Condicional,Condicional,vosotros,destaparíais,16,reviewed,
ES,destapar,Condicional,Condicional,ellos,destaparían,16,reviewed,
ES,destapar,Imperativo,Imperativo,yo,-,16,reviewed,Spanish has no standard first-person singular imperative; placeholder - used
ES,destapar,Imperativo,Imperativo,tú,destapa,16,reviewed,
ES,destapar,Imperativo,Imperativo,él,destape,16,reviewed,
ES,destapar,Imperativo,Imperativo,nosotros,destapemos,16,reviewed,
ES,destapar,Imperativo,Imperativo,vosotros,destapad,16,reviewed,
ES,destapar,Imperativo,Imperativo,ellos,destapen,16,reviewed,
ES,destapar,Indicativo,Futuro perfecto,yo,habré destapado,16,reviewed,
ES,destapar,Indicativo,Futuro perfecto,tú,habrás destapado,16,reviewed,
ES,destapar,Indicativo,Futuro perfecto,él,habrá destapado,16,reviewed,
ES,destapar,Indicativo,Futuro perfecto,nosotros,habremos destapado,16,reviewed,
ES,destapar,Indicativo,Futuro perfecto,vosotros,habréis destapado,16,reviewed,
ES,destapar,Indicativo,Futuro perfecto,ellos,habrán destapado,16,reviewed,
ES,destapar,Subjuntivo,Subjuntivo presente,yo,destape,16,reviewed,
ES,destapar,Subjuntivo,Subjuntivo presente,tú,destapes,16,reviewed,
ES,destapar,Subjuntivo,Subjuntivo presente,él,destape,16,reviewed,
ES,destapar,Subjuntivo,Subjuntivo presente,nosotros,destapemos,16,reviewed,
ES,destapar,Subjuntivo,Subjuntivo presente,vosotros,destapéis,16,reviewed,
ES,destapar,Subjuntivo,Subjuntivo presente,ellos,destapen,16,reviewed,
ES,destapar,Indicativo,Pretérito perfecto simple,yo,destapé,16,reviewed,
ES,destapar,Indicativo,Pretérito perfecto simple,tú,destapaste,16,reviewed,
ES,destapar,Indicativo,Pretérito perfecto simple,él,destapó,16,reviewed,
ES,destapar,Indicativo,Pretérito perfecto simple,nosotros,destapamos,16,reviewed,
ES,destapar,Indicativo,Pretérito perfecto simple,vosotros,destapasteis,16,reviewed,
ES,destapar,Indicativo,Pretérito perfecto simple,ellos,destaparon,16,reviewed,
ES,destapar,Indicativo,Pretérito pluscuamperfecto,yo,había destapado,16,reviewed,
ES,destapar,Indicativo,Pretérito pluscuamperfecto,tú,habías destapado,16,reviewed,
ES,destapar,Indicativo,Pretérito pluscuamperfecto,él,había destapado,16,reviewed,
ES,destapar,Indicativo,Pretérito pluscuamperfecto,nosotros,habíamos destapado,16,reviewed,
ES,destapar,Indicativo,Pretérito pluscuamperfecto,vosotros,habíais destapado,16,reviewed,
ES,destapar,Indicativo,Pretérito pluscuamperfecto,ellos,habían destapado,16,reviewed,
ES,desembocar,Indicativo,Presente,yo,desemboco,16,reviewed,
ES,desembocar,Indicativo,Presente,tú,desembocas,16,reviewed,
ES,desembocar,Indicativo,Presente,él,desemboca,16,reviewed,
ES,desembocar,Indicativo,Presente,nosotros,desembocamos,16,reviewed,
ES,desembocar,Indicativo,Presente,vosotros,desembocáis,16,reviewed,
ES,desembocar,Indicativo,Presente,ellos,desembocan,16,reviewed,
ES,desembocar,Indicativo,Futuro,yo,desembocaré,16,reviewed,
ES,desembocar,Indicativo,Futuro,tú,desembocarás,16,reviewed,
ES,desembocar,Indicativo,Futuro,él,desembocará,16,reviewed,
ES,desembocar,Indicativo,Futuro,nosotros,desembocaremos,16,reviewed,
ES,desembocar,Indicativo,Futuro,vosotros,desembocaréis,16,reviewed,
ES,desembocar,Indicativo,Futuro,ellos,desembocarán,16,reviewed,
ES,desembocar,Indicativo,Pretérito perfecto compuesto,yo,he desembocado,16,reviewed,
ES,desembocar,Indicativo,Pretérito perfecto compuesto,tú,has desembocado,16,reviewed,
ES,desembocar,Indicativo,Pretérito perfecto compuesto,él,ha desembocado,16,reviewed,
ES,desembocar,Indicativo,Pretérito perfecto compuesto,nosotros,hemos desembocado,16,reviewed,
ES,desembocar,Indicativo,Pretérito perfecto compuesto,vosotros,habéis desembocado,16,reviewed,
ES,desembocar,Indicativo,Pretérito perfecto compuesto,ellos,han desembocado,16,reviewed,
ES,desembocar,Indicativo,Pretérito imperfecto,yo,desembocaba,16,reviewed,
ES,desembocar,Indicativo,Pretérito imperfecto,tú,desembocabas,16,reviewed,
ES,desembocar,Indicativo,Pretérito imperfecto,él,desembocaba,16,reviewed,
ES,desembocar,Indicativo,Pretérito imperfecto,nosotros,desembocábamos,16,reviewed,
ES,desembocar,Indicativo,Pretérito imperfecto,vosotros,desembocabais,16,reviewed,
ES,desembocar,Indicativo,Pretérito imperfecto,ellos,desembocaban,16,reviewed,
ES,desembocar,Condicional,Condicional,yo,desembocaría,16,reviewed,
ES,desembocar,Condicional,Condicional,tú,desembocarías,16,reviewed,
ES,desembocar,Condicional,Condicional,él,desembocaría,16,reviewed,
ES,desembocar,Condicional,Condicional,nosotros,desembocaríamos,16,reviewed,
ES,desembocar,Condicional,Condicional,vosotros,desembocaríais,16,reviewed,
ES,desembocar,Condicional,Condicional,ellos,desembocarían,16,reviewed,
ES,desembocar,Imperativo,Imperativo,yo,-,16,reviewed,Spanish has no standard first-person singular imperative; placeholder - used
ES,desembocar,Imperativo,Imperativo,tú,desemboca,16,reviewed,
ES,desembocar,Imperativo,Imperativo,él,desemboque,16,reviewed,
ES,desembocar,Imperativo,Imperativo,nosotros,desemboquemos,16,reviewed,
ES,desembocar,Imperativo,Imperativo,vosotros,desembocad,16,reviewed,
ES,desembocar,Imperativo,Imperativo,ellos,desemboquen,16,reviewed,
ES,desembocar,Indicativo,Futuro perfecto,yo,habré desembocado,16,reviewed,
ES,desembocar,Indicativo,Futuro perfecto,tú,habrás desembocado,16,reviewed,
ES,desembocar,Indicativo,Futuro perfecto,él,habrá desembocado,16,reviewed,
ES,desembocar,Indicativo,Futuro perfecto,nosotros,habremos desembocado,16,reviewed,
ES,desembocar,Indicativo,Futuro perfecto,vosotros,habréis desembocado,16,reviewed,
ES,desembocar,Indicativo,Futuro perfecto,ellos,habrán desembocado,16,reviewed,
ES,desembocar,Subjuntivo,Subjuntivo presente,yo,desemboque,16,reviewed,
ES,desembocar,Subjuntivo,Subjuntivo presente,tú,desemboques,16,reviewed,
ES,desembocar,Subjuntivo,Subjuntivo presente,él,desemboque,16,reviewed,
ES,desembocar,Subjuntivo,Subjuntivo presente,nosotros,desemboquemos,16,reviewed,
ES,desembocar,Subjuntivo,Subjuntivo presente,vosotros,desemboquéis,16,reviewed,
ES,desembocar,Subjuntivo,Subjuntivo presente,ellos,desemboquen,16,reviewed,
ES,desembocar,Indicativo,Pretérito perfecto simple,yo,desemboqué,16,reviewed,
ES,desembocar,Indicativo,Pretérito perfecto simple,tú,desembocaste,16,reviewed,
ES,desembocar,Indicativo,Pretérito perfecto simple,él,desembocó,16,reviewed,
ES,desembocar,Indicativo,Pretérito perfecto simple,nosotros,desembocamos,16,reviewed,
ES,desembocar,Indicativo,Pretérito perfecto simple,vosotros,desembocasteis,16,reviewed,
ES,desembocar,Indicativo,Pretérito perfecto simple,ellos,desembocaron,16,reviewed,
ES,desembocar,Indicativo,Pretérito pluscuamperfecto,yo,había desembocado,16,reviewed,
ES,desembocar,Indicativo,Pretérito pluscuamperfecto,tú,habías desembocado,16,reviewed,
ES,desembocar,Indicativo,Pretérito pluscuamperfecto,él,había desembocado,16,reviewed,
ES,desembocar,Indicativo,Pretérito pluscuamperfecto,nosotros,habíamos desembocado,16,reviewed,
ES,desembocar,Indicativo,Pretérito pluscuamperfecto,vosotros,habíais desembocado,16,reviewed,
ES,desembocar,Indicativo,Pretérito pluscuamperfecto,ellos,habían desembocado,16,reviewed,
ES,silbar,Indicativo,Presente,yo,silbo,16,reviewed,
ES,silbar,Indicativo,Presente,tú,silbas,16,reviewed,
ES,silbar,Indicativo,Presente,él,silba,16,reviewed,
ES,silbar,Indicativo,Presente,nosotros,silbamos,16,reviewed,
ES,silbar,Indicativo,Presente,vosotros,silbáis,16,reviewed,
ES,silbar,Indicativo,Presente,ellos,silban,16,reviewed,
ES,silbar,Indicativo,Futuro,yo,silbaré,16,reviewed,
ES,silbar,Indicativo,Futuro,tú,silbarás,16,reviewed,
ES,silbar,Indicativo,Futuro,él,silbará,16,reviewed,
ES,silbar,Indicativo,Futuro,nosotros,silbaremos,16,reviewed,
ES,silbar,Indicativo,Futuro,vosotros,silbaréis,16,reviewed,
ES,silbar,Indicativo,Futuro,ellos,silbarán,16,reviewed,
ES,silbar,Indicativo,Pretérito perfecto compuesto,yo,he silbado,16,reviewed,
ES,silbar,Indicativo,Pretérito perfecto compuesto,tú,has silbado,16,reviewed,
ES,silbar,Indicativo,Pretérito perfecto compuesto,él,ha silbado,16,reviewed,
ES,silbar,Indicativo,Pretérito perfecto compuesto,nosotros,hemos silbado,16,reviewed,
ES,silbar,Indicativo,Pretérito perfecto compuesto,vosotros,habéis silbado,16,reviewed,
ES,silbar,Indicativo,Pretérito perfecto compuesto,ellos,han silbado,16,reviewed,
ES,silbar,Indicativo,Pretérito imperfecto,yo,silbaba,16,reviewed,
ES,silbar,Indicativo,Pretérito imperfecto,tú,silbabas,16,reviewed,
ES,silbar,Indicativo,Pretérito imperfecto,él,silbaba,16,reviewed,
ES,silbar,Indicativo,Pretérito imperfecto,nosotros,silbábamos,16,reviewed,
ES,silbar,Indicativo,Pretérito imperfecto,vosotros,silbabais,16,reviewed,
ES,silbar,Indicativo,Pretérito imperfecto,ellos,silbaban,16,reviewed,
ES,silbar,Condicional,Condicional,yo,silbaría,16,reviewed,
ES,silbar,Condicional,Condicional,tú,silbarías,16,reviewed,
ES,silbar,Condicional,Condicional,él,silbaría,16,reviewed,
ES,silbar,Condicional,Condicional,nosotros,silbaríamos,16,reviewed,
ES,silbar,Condicional,Condicional,vosotros,silbaríais,16,reviewed,
ES,silbar,Condicional,Condicional,ellos,silbarían,16,reviewed,
ES,silbar,Imperativo,Imperativo,yo,-,16,reviewed,Spanish has no standard first-person singular imperative; placeholder - used
ES,silbar,Imperativo,Imperativo,tú,silba,16,reviewed,
ES,silbar,Imperativo,Imperativo,él,silbe,16,reviewed,
ES,silbar,Imperativo,Imperativo,nosotros,silbemos,16,reviewed,
ES,silbar,Imperativo,Imperativo,vosotros,silbad,16,reviewed,
ES,silbar,Imperativo,Imperativo,ellos,silben,16,reviewed,
ES,silbar,Indicativo,Futuro perfecto,yo,habré silbado,16,reviewed,
ES,silbar,Indicativo,Futuro perfecto,tú,habrás silbado,16,reviewed,
ES,silbar,Indicativo,Futuro perfecto,él,habrá silbado,16,reviewed,
ES,silbar,Indicativo,Futuro perfecto,nosotros,habremos silbado,16,reviewed,
ES,silbar,Indicativo,Futuro perfecto,vosotros,habréis silbado,16,reviewed,
ES,silbar,Indicativo,Futuro perfecto,ellos,habrán silbado,16,reviewed,
ES,silbar,Subjuntivo,Subjuntivo presente,yo,silbe,16,reviewed,
ES,silbar,Subjuntivo,Subjuntivo presente,tú,silbes,16,reviewed,
ES,silbar,Subjuntivo,Subjuntivo presente,él,silbe,16,reviewed,
ES,silbar,Subjuntivo,Subjuntivo presente,nosotros,silbemos,16,reviewed,
ES,silbar,Subjuntivo,Subjuntivo presente,vosotros,silbéis,16,reviewed,
ES,silbar,Subjuntivo,Subjuntivo presente,ellos,silben,16,reviewed,
ES,silbar,Indicativo,Pretérito perfecto simple,yo,silbé,16,reviewed,
ES,silbar,Indicativo,Pretérito perfecto simple,tú,silbaste,16,reviewed,
ES,silbar,Indicativo,Pretérito perfecto simple,él,silbó,16,reviewed,
ES,silbar,Indicativo,Pretérito perfecto simple,nosotros,silbamos,16,reviewed,
ES,silbar,Indicativo,Pretérito perfecto simple,vosotros,silbasteis,16,reviewed,
ES,silbar,Indicativo,Pretérito perfecto simple,ellos,silbaron,16,reviewed,
ES,silbar,Indicativo,Pretérito pluscuamperfecto,yo,había silbado,16,reviewed,
ES,silbar,Indicativo,Pretérito pluscuamperfecto,tú,habías silbado,16,reviewed,
ES,silbar,Indicativo,Pretérito pluscuamperfecto,él,había silbado,16,reviewed,
ES,silbar,Indicativo,Pretérito pluscuamperfecto,nosotros,habíamos silbado,16,reviewed,
ES,silbar,Indicativo,Pretérito pluscuamperfecto,vosotros,habíais silbado,16,reviewed,
ES,silbar,Indicativo,Pretérito pluscuamperfecto,ellos,habían silbado,16,reviewed,
ES,acumular,Indicativo,Presente,yo,acumulo,16,reviewed,
ES,acumular,Indicativo,Presente,tú,acumulas,16,reviewed,
ES,acumular,Indicativo,Presente,él,acumula,16,reviewed,
ES,acumular,Indicativo,Presente,nosotros,acumulamos,16,reviewed,
ES,acumular,Indicativo,Presente,vosotros,acumuláis,16,reviewed,
ES,acumular,Indicativo,Presente,ellos,acumulan,16,reviewed,
ES,acumular,Indicativo,Futuro,yo,acumularé,16,reviewed,
ES,acumular,Indicativo,Futuro,tú,acumularás,16,reviewed,
ES,acumular,Indicativo,Futuro,él,acumulará,16,reviewed,
ES,acumular,Indicativo,Futuro,nosotros,acumularemos,16,reviewed,
ES,acumular,Indicativo,Futuro,vosotros,acumularéis,16,reviewed,
ES,acumular,Indicativo,Futuro,ellos,acumularán,16,reviewed,
ES,acumular,Indicativo,Pretérito perfecto compuesto,yo,he acumulado,16,reviewed,
ES,acumular,Indicativo,Pretérito perfecto compuesto,tú,has acumulado,16,reviewed,
ES,acumular,Indicativo,Pretérito perfecto compuesto,él,ha acumulado,16,reviewed,
ES,acumular,Indicativo,Pretérito perfecto compuesto,nosotros,hemos acumulado,16,reviewed,
ES,acumular,Indicativo,Pretérito perfecto compuesto,vosotros,habéis acumulado,16,reviewed,
ES,acumular,Indicativo,Pretérito perfecto compuesto,ellos,han acumulado,16,reviewed,
ES,acumular,Indicativo,Pretérito imperfecto,yo,acumulaba,16,reviewed,
ES,acumular,Indicativo,Pretérito imperfecto,tú,acumulabas,16,reviewed,
ES,acumular,Indicativo,Pretérito imperfecto,él,acumulaba,16,reviewed,
ES,acumular,Indicativo,Pretérito imperfecto,nosotros,acumulábamos,16,reviewed,
ES,acumular,Indicativo,Pretérito imperfecto,vosotros,acumulabais,16,reviewed,
ES,acumular,Indicativo,Pretérito imperfecto,ellos,acumulaban,16,reviewed,
ES,acumular,Condicional,Condicional,yo,acumularía,16,reviewed,
ES,acumular,Condicional,Condicional,tú,acumularías,16,reviewed,
ES,acumular,Condicional,Condicional,él,acumularía,16,reviewed,
ES,acumular,Condicional,Condicional,nosotros,acumularíamos,16,reviewed,
ES,acumular,Condicional,Condicional,vosotros,acumularíais,16,reviewed,
ES,acumular,Condicional,Condicional,ellos,acumularían,16,reviewed,
ES,acumular,Imperativo,Imperativo,yo,-,16,reviewed,Spanish has no standard first-person singular imperative; placeholder - used
ES,acumular,Imperativo,Imperativo,tú,acumula,16,reviewed,
ES,acumular,Imperativo,Imperativo,él,acumule,16,reviewed,
ES,acumular,Imperativo,Imperativo,nosotros,acumulemos,16,reviewed,
ES,acumular,Imperativo,Imperativo,vosotros,acumulad,16,reviewed,
ES,acumular,Imperativo,Imperativo,ellos,acumulen,16,reviewed,
ES,acumular,Indicativo,Futuro perfecto,yo,habré acumulado,16,reviewed,
ES,acumular,Indicativo,Futuro perfecto,tú,habrás acumulado,16,reviewed,
ES,acumular,Indicativo,Futuro perfecto,él,habrá acumulado,16,reviewed,
ES,acumular,Indicativo,Futuro perfecto,nosotros,habremos acumulado,16,reviewed,
ES,acumular,Indicativo,Futuro perfecto,vosotros,habréis acumulado,16,reviewed,
ES,acumular,Indicativo,Futuro perfecto,ellos,habrán acumulado,16,reviewed,
ES,acumular,Subjuntivo,Subjuntivo presente,yo,acumule,16,reviewed,
ES,acumular,Subjuntivo,Subjuntivo presente,tú,acumules,16,reviewed,
ES,acumular,Subjuntivo,Subjuntivo presente,él,acumule,16,reviewed,
ES,acumular,Subjuntivo,Subjuntivo presente,nosotros,acumulemos,16,reviewed,
ES,acumular,Subjuntivo,Subjuntivo presente,vosotros,acumuléis,16,reviewed,
ES,acumular,Subjuntivo,Subjuntivo presente,ellos,acumulen,16,reviewed,
ES,acumular,Indicativo,Pretérito perfecto simple,yo,acumulé,16,reviewed,
ES,acumular,Indicativo,Pretérito perfecto simple,tú,acumulaste,16,reviewed,
ES,acumular,Indicativo,Pretérito perfecto simple,él,acumuló,16,reviewed,
ES,acumular,Indicativo,Pretérito perfecto simple,nosotros,acumulamos,16,reviewed,
ES,acumular,Indicativo,Pretérito perfecto simple,vosotros,acumulasteis,16,reviewed,
ES,acumular,Indicativo,Pretérito perfecto simple,ellos,acumularon,16,reviewed,
ES,acumular,Indicativo,Pretérito pluscuamperfecto,yo,había acumulado,16,reviewed,
ES,acumular,Indicativo,Pretérito pluscuamperfecto,tú,habías acumulado,16,reviewed,
ES,acumular,Indicativo,Pretérito pluscuamperfecto,él,había acumulado,16,reviewed,
ES,acumular,Indicativo,Pretérito pluscuamperfecto,nosotros,habíamos acumulado,16,reviewed,
ES,acumular,Indicativo,Pretérito pluscuamperfecto,vosotros,habíais acumulado,16,reviewed,
ES,acumular,Indicativo,Pretérito pluscuamperfecto,ellos,habían acumulado,16,reviewed,
ES,restituir,Indicativo,Presente,yo,restituyo,16,reviewed,-uir paradigm with y-forms; QA recommended
ES,restituir,Indicativo,Presente,tú,restituyes,16,reviewed,-uir paradigm with y-forms; QA recommended
ES,restituir,Indicativo,Presente,él,restituye,16,reviewed,-uir paradigm with y-forms; QA recommended
ES,restituir,Indicativo,Presente,nosotros,restituimos,16,reviewed,-uir paradigm with y-forms; QA recommended
ES,restituir,Indicativo,Presente,vosotros,restituís,16,reviewed,-uir paradigm with y-forms; QA recommended
ES,restituir,Indicativo,Presente,ellos,restituyen,16,reviewed,-uir paradigm with y-forms; QA recommended
ES,restituir,Indicativo,Futuro,yo,restituiré,16,reviewed,-uir paradigm with y-forms; QA recommended
ES,restituir,Indicativo,Futuro,tú,restituirás,16,reviewed,-uir paradigm with y-forms; QA recommended
ES,restituir,Indicativo,Futuro,él,restituirá,16,reviewed,-uir paradigm with y-forms; QA recommended
ES,restituir,Indicativo,Futuro,nosotros,restituiremos,16,reviewed,-uir paradigm with y-forms; QA recommended
ES,restituir,Indicativo,Futuro,vosotros,restituiréis,16,reviewed,-uir paradigm with y-forms; QA recommended
ES,restituir,Indicativo,Futuro,ellos,restituirán,16,reviewed,-uir paradigm with y-forms; QA recommended
ES,restituir,Indicativo,Pretérito perfecto compuesto,yo,he restituido,16,reviewed,-uir paradigm with y-forms; QA recommended
ES,restituir,Indicativo,Pretérito perfecto compuesto,tú,has restituido,16,reviewed,-uir paradigm with y-forms; QA recommended
ES,restituir,Indicativo,Pretérito perfecto compuesto,él,ha restituido,16,reviewed,-uir paradigm with y-forms; QA recommended
ES,restituir,Indicativo,Pretérito perfecto compuesto,nosotros,hemos restituido,16,reviewed,-uir paradigm with y-forms; QA recommended
ES,restituir,Indicativo,Pretérito perfecto compuesto,vosotros,habéis restituido,16,reviewed,-uir paradigm with y-forms; QA recommended
ES,restituir,Indicativo,Pretérito perfecto compuesto,ellos,han restituido,16,reviewed,-uir paradigm with y-forms; QA recommended
ES,restituir,Indicativo,Pretérito imperfecto,yo,restituía,16,reviewed,-uir paradigm with y-forms; QA recommended
ES,restituir,Indicativo,Pretérito imperfecto,tú,restituías,16,reviewed,-uir paradigm with y-forms; QA recommended
ES,restituir,Indicativo,Pretérito imperfecto,él,restituía,16,reviewed,-uir paradigm with y-forms; QA recommended
ES,restituir,Indicativo,Pretérito imperfecto,nosotros,restituíamos,16,reviewed,-uir paradigm with y-forms; QA recommended
ES,restituir,Indicativo,Pretérito imperfecto,vosotros,restituíais,16,reviewed,-uir paradigm with y-forms; QA recommended
ES,restituir,Indicativo,Pretérito imperfecto,ellos,restituían,16,reviewed,-uir paradigm with y-forms; QA recommended
ES,restituir,Condicional,Condicional,yo,restituiría,16,reviewed,-uir paradigm with y-forms; QA recommended
ES,restituir,Condicional,Condicional,tú,restituirías,16,reviewed,-uir paradigm with y-forms; QA recommended
ES,restituir,Condicional,Condicional,él,restituiría,16,reviewed,-uir paradigm with y-forms; QA recommended
ES,restituir,Condicional,Condicional,nosotros,restituiríamos,16,reviewed,-uir paradigm with y-forms; QA recommended
ES,restituir,Condicional,Condicional,vosotros,restituiríais,16,reviewed,-uir paradigm with y-forms; QA recommended
ES,restituir,Condicional,Condicional,ellos,restituirían,16,reviewed,-uir paradigm with y-forms; QA recommended
ES,restituir,Imperativo,Imperativo,yo,-,16,reviewed,-uir paradigm with y-forms; QA recommended; Spanish has no standard first-person singular imperative; placeholder - used
ES,restituir,Imperativo,Imperativo,tú,restituye,16,reviewed,-uir paradigm with y-forms; QA recommended
ES,restituir,Imperativo,Imperativo,él,restituya,16,reviewed,-uir paradigm with y-forms; QA recommended
ES,restituir,Imperativo,Imperativo,nosotros,restituyamos,16,reviewed,-uir paradigm with y-forms; QA recommended
ES,restituir,Imperativo,Imperativo,vosotros,restituid,16,reviewed,-uir paradigm with y-forms; QA recommended
ES,restituir,Imperativo,Imperativo,ellos,restituyan,16,reviewed,-uir paradigm with y-forms; QA recommended
ES,restituir,Indicativo,Futuro perfecto,yo,habré restituido,16,reviewed,-uir paradigm with y-forms; QA recommended
ES,restituir,Indicativo,Futuro perfecto,tú,habrás restituido,16,reviewed,-uir paradigm with y-forms; QA recommended
ES,restituir,Indicativo,Futuro perfecto,él,habrá restituido,16,reviewed,-uir paradigm with y-forms; QA recommended
ES,restituir,Indicativo,Futuro perfecto,nosotros,habremos restituido,16,reviewed,-uir paradigm with y-forms; QA recommended
ES,restituir,Indicativo,Futuro perfecto,vosotros,habréis restituido,16,reviewed,-uir paradigm with y-forms; QA recommended
ES,restituir,Indicativo,Futuro perfecto,ellos,habrán restituido,16,reviewed,-uir paradigm with y-forms; QA recommended
ES,restituir,Subjuntivo,Subjuntivo presente,yo,restituya,16,reviewed,-uir paradigm with y-forms; QA recommended
ES,restituir,Subjuntivo,Subjuntivo presente,tú,restituyas,16,reviewed,-uir paradigm with y-forms; QA recommended
ES,restituir,Subjuntivo,Subjuntivo presente,él,restituya,16,reviewed,-uir paradigm with y-forms; QA recommended
ES,restituir,Subjuntivo,Subjuntivo presente,nosotros,restituyamos,16,reviewed,-uir paradigm with y-forms; QA recommended
ES,restituir,Subjuntivo,Subjuntivo presente,vosotros,restituyáis,16,reviewed,-uir paradigm with y-forms; QA recommended
ES,restituir,Subjuntivo,Subjuntivo presente,ellos,restituyan,16,reviewed,-uir paradigm with y-forms; QA recommended
ES,restituir,Indicativo,Pretérito perfecto simple,yo,restituí,16,reviewed,-uir paradigm with y-forms; QA recommended
ES,restituir,Indicativo,Pretérito perfecto simple,tú,restituiste,16,reviewed,-uir paradigm with y-forms; QA recommended
ES,restituir,Indicativo,Pretérito perfecto simple,él,restituyó,16,reviewed,-uir paradigm with y-forms; QA recommended
ES,restituir,Indicativo,Pretérito perfecto simple,nosotros,restituimos,16,reviewed,-uir paradigm with y-forms; QA recommended
ES,restituir,Indicativo,Pretérito perfecto simple,vosotros,restituisteis,16,reviewed,-uir paradigm with y-forms; QA recommended
ES,restituir,Indicativo,Pretérito perfecto simple,ellos,restituyeron,16,reviewed,-uir paradigm with y-forms; QA recommended
ES,restituir,Indicativo,Pretérito pluscuamperfecto,yo,había restituido,16,reviewed,-uir paradigm with y-forms; QA recommended
ES,restituir,Indicativo,Pretérito pluscuamperfecto,tú,habías restituido,16,reviewed,-uir paradigm with y-forms; QA recommended
ES,restituir,Indicativo,Pretérito pluscuamperfecto,él,había restituido,16,reviewed,-uir paradigm with y-forms; QA recommended
ES,restituir,Indicativo,Pretérito pluscuamperfecto,nosotros,habíamos restituido,16,reviewed,-uir paradigm with y-forms; QA recommended
ES,restituir,Indicativo,Pretérito pluscuamperfecto,vosotros,habíais restituido,16,reviewed,-uir paradigm with y-forms; QA recommended
ES,restituir,Indicativo,Pretérito pluscuamperfecto,ellos,habían restituido,16,reviewed,-uir paradigm with y-forms; QA recommended
ES,devolver,Indicativo,Presente,yo,devuelvo,16,reviewed,irregular participle devuelto; QA recommended
ES,devolver,Indicativo,Presente,tú,devuelves,16,reviewed,irregular participle devuelto; QA recommended
ES,devolver,Indicativo,Presente,él,devuelve,16,reviewed,irregular participle devuelto; QA recommended
ES,devolver,Indicativo,Presente,nosotros,devolvemos,16,reviewed,irregular participle devuelto; QA recommended
ES,devolver,Indicativo,Presente,vosotros,devolvéis,16,reviewed,irregular participle devuelto; QA recommended
ES,devolver,Indicativo,Presente,ellos,devuelven,16,reviewed,irregular participle devuelto; QA recommended
ES,devolver,Indicativo,Futuro,yo,devolveré,16,reviewed,irregular participle devuelto; QA recommended
ES,devolver,Indicativo,Futuro,tú,devolverás,16,reviewed,irregular participle devuelto; QA recommended
ES,devolver,Indicativo,Futuro,él,devolverá,16,reviewed,irregular participle devuelto; QA recommended
ES,devolver,Indicativo,Futuro,nosotros,devolveremos,16,reviewed,irregular participle devuelto; QA recommended
ES,devolver,Indicativo,Futuro,vosotros,devolveréis,16,reviewed,irregular participle devuelto; QA recommended
ES,devolver,Indicativo,Futuro,ellos,devolverán,16,reviewed,irregular participle devuelto; QA recommended
ES,devolver,Indicativo,Pretérito perfecto compuesto,yo,he devuelto,16,reviewed,irregular participle devuelto; QA recommended
ES,devolver,Indicativo,Pretérito perfecto compuesto,tú,has devuelto,16,reviewed,irregular participle devuelto; QA recommended
ES,devolver,Indicativo,Pretérito perfecto compuesto,él,ha devuelto,16,reviewed,irregular participle devuelto; QA recommended
ES,devolver,Indicativo,Pretérito perfecto compuesto,nosotros,hemos devuelto,16,reviewed,irregular participle devuelto; QA recommended
ES,devolver,Indicativo,Pretérito perfecto compuesto,vosotros,habéis devuelto,16,reviewed,irregular participle devuelto; QA recommended
ES,devolver,Indicativo,Pretérito perfecto compuesto,ellos,han devuelto,16,reviewed,irregular participle devuelto; QA recommended
ES,devolver,Indicativo,Pretérito imperfecto,yo,devolvía,16,reviewed,irregular participle devuelto; QA recommended
ES,devolver,Indicativo,Pretérito imperfecto,tú,devolvías,16,reviewed,irregular participle devuelto; QA recommended
ES,devolver,Indicativo,Pretérito imperfecto,él,devolvía,16,reviewed,irregular participle devuelto; QA recommended
ES,devolver,Indicativo,Pretérito imperfecto,nosotros,devolvíamos,16,reviewed,irregular participle devuelto; QA recommended
ES,devolver,Indicativo,Pretérito imperfecto,vosotros,devolvíais,16,reviewed,irregular participle devuelto; QA recommended
ES,devolver,Indicativo,Pretérito imperfecto,ellos,devolvían,16,reviewed,irregular participle devuelto; QA recommended
ES,devolver,Condicional,Condicional,yo,devolvería,16,reviewed,irregular participle devuelto; QA recommended
ES,devolver,Condicional,Condicional,tú,devolverías,16,reviewed,irregular participle devuelto; QA recommended
ES,devolver,Condicional,Condicional,él,devolvería,16,reviewed,irregular participle devuelto; QA recommended
ES,devolver,Condicional,Condicional,nosotros,devolveríamos,16,reviewed,irregular participle devuelto; QA recommended
ES,devolver,Condicional,Condicional,vosotros,devolveríais,16,reviewed,irregular participle devuelto; QA recommended
ES,devolver,Condicional,Condicional,ellos,devolverían,16,reviewed,irregular participle devuelto; QA recommended
ES,devolver,Imperativo,Imperativo,yo,-,16,reviewed,irregular participle devuelto; QA recommended; Spanish has no standard first-person singular imperative; placeholder - used
ES,devolver,Imperativo,Imperativo,tú,devuelve,16,reviewed,irregular participle devuelto; QA recommended
ES,devolver,Imperativo,Imperativo,él,devuelva,16,reviewed,irregular participle devuelto; QA recommended
ES,devolver,Imperativo,Imperativo,nosotros,devolvamos,16,reviewed,irregular participle devuelto; QA recommended
ES,devolver,Imperativo,Imperativo,vosotros,devolved,16,reviewed,irregular participle devuelto; QA recommended
ES,devolver,Imperativo,Imperativo,ellos,devuelvan,16,reviewed,irregular participle devuelto; QA recommended
ES,devolver,Indicativo,Futuro perfecto,yo,habré devuelto,16,reviewed,irregular participle devuelto; QA recommended
ES,devolver,Indicativo,Futuro perfecto,tú,habrás devuelto,16,reviewed,irregular participle devuelto; QA recommended
ES,devolver,Indicativo,Futuro perfecto,él,habrá devuelto,16,reviewed,irregular participle devuelto; QA recommended
ES,devolver,Indicativo,Futuro perfecto,nosotros,habremos devuelto,16,reviewed,irregular participle devuelto; QA recommended
ES,devolver,Indicativo,Futuro perfecto,vosotros,habréis devuelto,16,reviewed,irregular participle devuelto; QA recommended
ES,devolver,Indicativo,Futuro perfecto,ellos,habrán devuelto,16,reviewed,irregular participle devuelto; QA recommended
ES,devolver,Subjuntivo,Subjuntivo presente,yo,devuelva,16,reviewed,irregular participle devuelto; QA recommended
ES,devolver,Subjuntivo,Subjuntivo presente,tú,devuelvas,16,reviewed,irregular participle devuelto; QA recommended
ES,devolver,Subjuntivo,Subjuntivo presente,él,devuelva,16,reviewed,irregular participle devuelto; QA recommended
ES,devolver,Subjuntivo,Subjuntivo presente,nosotros,devolvamos,16,reviewed,irregular participle devuelto; QA recommended
ES,devolver,Subjuntivo,Subjuntivo presente,vosotros,devolváis,16,reviewed,irregular participle devuelto; QA recommended
ES,devolver,Subjuntivo,Subjuntivo presente,ellos,devuelvan,16,reviewed,irregular participle devuelto; QA recommended
ES,devolver,Indicativo,Pretérito perfecto simple,yo,devolví,16,reviewed,irregular participle devuelto; QA recommended
ES,devolver,Indicativo,Pretérito perfecto simple,tú,devolviste,16,reviewed,irregular participle devuelto; QA recommended
ES,devolver,Indicativo,Pretérito perfecto simple,él,devolvió,16,reviewed,irregular participle devuelto; QA recommended
ES,devolver,Indicativo,Pretérito perfecto simple,nosotros,devolvimos,16,reviewed,irregular participle devuelto; QA recommended
ES,devolver,Indicativo,Pretérito perfecto simple,vosotros,devolvisteis,16,reviewed,irregular participle devuelto; QA recommended
ES,devolver,Indicativo,Pretérito perfecto simple,ellos,devolvieron,16,reviewed,irregular participle devuelto; QA recommended
ES,devolver,Indicativo,Pretérito pluscuamperfecto,yo,había devuelto,16,reviewed,irregular participle devuelto; QA recommended
ES,devolver,Indicativo,Pretérito pluscuamperfecto,tú,habías devuelto,16,reviewed,irregular participle devuelto; QA recommended
ES,devolver,Indicativo,Pretérito pluscuamperfecto,él,había devuelto,16,reviewed,irregular participle devuelto; QA recommended
ES,devolver,Indicativo,Pretérito pluscuamperfecto,nosotros,habíamos devuelto,16,reviewed,irregular participle devuelto; QA recommended
ES,devolver,Indicativo,Pretérito pluscuamperfecto,vosotros,habíais devuelto,16,reviewed,irregular participle devuelto; QA recommended
ES,devolver,Indicativo,Pretérito pluscuamperfecto,ellos,habían devuelto,16,reviewed,irregular participle devuelto; QA recommended
ES,retrasar,Indicativo,Presente,yo,retraso,16,reviewed,
ES,retrasar,Indicativo,Presente,tú,retrasas,16,reviewed,
ES,retrasar,Indicativo,Presente,él,retrasa,16,reviewed,
ES,retrasar,Indicativo,Presente,nosotros,retrasamos,16,reviewed,
ES,retrasar,Indicativo,Presente,vosotros,retrasáis,16,reviewed,
ES,retrasar,Indicativo,Presente,ellos,retrasan,16,reviewed,
ES,retrasar,Indicativo,Futuro,yo,retrasaré,16,reviewed,
ES,retrasar,Indicativo,Futuro,tú,retrasarás,16,reviewed,
ES,retrasar,Indicativo,Futuro,él,retrasará,16,reviewed,
ES,retrasar,Indicativo,Futuro,nosotros,retrasaremos,16,reviewed,
ES,retrasar,Indicativo,Futuro,vosotros,retrasaréis,16,reviewed,
ES,retrasar,Indicativo,Futuro,ellos,retrasarán,16,reviewed,
ES,retrasar,Indicativo,Pretérito perfecto compuesto,yo,he retrasado,16,reviewed,
ES,retrasar,Indicativo,Pretérito perfecto compuesto,tú,has retrasado,16,reviewed,
ES,retrasar,Indicativo,Pretérito perfecto compuesto,él,ha retrasado,16,reviewed,
ES,retrasar,Indicativo,Pretérito perfecto compuesto,nosotros,hemos retrasado,16,reviewed,
ES,retrasar,Indicativo,Pretérito perfecto compuesto,vosotros,habéis retrasado,16,reviewed,
ES,retrasar,Indicativo,Pretérito perfecto compuesto,ellos,han retrasado,16,reviewed,
ES,retrasar,Indicativo,Pretérito imperfecto,yo,retrasaba,16,reviewed,
ES,retrasar,Indicativo,Pretérito imperfecto,tú,retrasabas,16,reviewed,
ES,retrasar,Indicativo,Pretérito imperfecto,él,retrasaba,16,reviewed,
ES,retrasar,Indicativo,Pretérito imperfecto,nosotros,retrasábamos,16,reviewed,
ES,retrasar,Indicativo,Pretérito imperfecto,vosotros,retrasabais,16,reviewed,
ES,retrasar,Indicativo,Pretérito imperfecto,ellos,retrasaban,16,reviewed,
ES,retrasar,Condicional,Condicional,yo,retrasaría,16,reviewed,
ES,retrasar,Condicional,Condicional,tú,retrasarías,16,reviewed,
ES,retrasar,Condicional,Condicional,él,retrasaría,16,reviewed,
ES,retrasar,Condicional,Condicional,nosotros,retrasaríamos,16,reviewed,
ES,retrasar,Condicional,Condicional,vosotros,retrasaríais,16,reviewed,
ES,retrasar,Condicional,Condicional,ellos,retrasarían,16,reviewed,
ES,retrasar,Imperativo,Imperativo,yo,-,16,reviewed,Spanish has no standard first-person singular imperative; placeholder - used
ES,retrasar,Imperativo,Imperativo,tú,retrasa,16,reviewed,
ES,retrasar,Imperativo,Imperativo,él,retrase,16,reviewed,
ES,retrasar,Imperativo,Imperativo,nosotros,retrasemos,16,reviewed,
ES,retrasar,Imperativo,Imperativo,vosotros,retrasad,16,reviewed,
ES,retrasar,Imperativo,Imperativo,ellos,retrasen,16,reviewed,
ES,retrasar,Indicativo,Futuro perfecto,yo,habré retrasado,16,reviewed,
ES,retrasar,Indicativo,Futuro perfecto,tú,habrás retrasado,16,reviewed,
ES,retrasar,Indicativo,Futuro perfecto,él,habrá retrasado,16,reviewed,
ES,retrasar,Indicativo,Futuro perfecto,nosotros,habremos retrasado,16,reviewed,
ES,retrasar,Indicativo,Futuro perfecto,vosotros,habréis retrasado,16,reviewed,
ES,retrasar,Indicativo,Futuro perfecto,ellos,habrán retrasado,16,reviewed,
ES,retrasar,Subjuntivo,Subjuntivo presente,yo,retrase,16,reviewed,
ES,retrasar,Subjuntivo,Subjuntivo presente,tú,retrases,16,reviewed,
ES,retrasar,Subjuntivo,Subjuntivo presente,él,retrase,16,reviewed,
ES,retrasar,Subjuntivo,Subjuntivo presente,nosotros,retrasemos,16,reviewed,
ES,retrasar,Subjuntivo,Subjuntivo presente,vosotros,retraséis,16,reviewed,
ES,retrasar,Subjuntivo,Subjuntivo presente,ellos,retrasen,16,reviewed,
ES,retrasar,Indicativo,Pretérito perfecto simple,yo,retrasé,16,reviewed,
ES,retrasar,Indicativo,Pretérito perfecto simple,tú,retrasaste,16,reviewed,
ES,retrasar,Indicativo,Pretérito perfecto simple,él,retrasó,16,reviewed,
ES,retrasar,Indicativo,Pretérito perfecto simple,nosotros,retrasamos,16,reviewed,
ES,retrasar,Indicativo,Pretérito perfecto simple,vosotros,retrasasteis,16,reviewed,
ES,retrasar,Indicativo,Pretérito perfecto simple,ellos,retrasaron,16,reviewed,
ES,retrasar,Indicativo,Pretérito pluscuamperfecto,yo,había retrasado,16,reviewed,
ES,retrasar,Indicativo,Pretérito pluscuamperfecto,tú,habías retrasado,16,reviewed,
ES,retrasar,Indicativo,Pretérito pluscuamperfecto,él,había retrasado,16,reviewed,
ES,retrasar,Indicativo,Pretérito pluscuamperfecto,nosotros,habíamos retrasado,16,reviewed,
ES,retrasar,Indicativo,Pretérito pluscuamperfecto,vosotros,habíais retrasado,16,reviewed,
ES,retrasar,Indicativo,Pretérito pluscuamperfecto,ellos,habían retrasado,16,reviewed,
ES,descolgar,Indicativo,Presente,yo,descuelgo,16,reviewed,stem-changing plus orthographic paradigm; QA recommended
ES,descolgar,Indicativo,Presente,tú,descuelgas,16,reviewed,stem-changing plus orthographic paradigm; QA recommended
ES,descolgar,Indicativo,Presente,él,descuelga,16,reviewed,stem-changing plus orthographic paradigm; QA recommended
ES,descolgar,Indicativo,Presente,nosotros,descolgamos,16,reviewed,stem-changing plus orthographic paradigm; QA recommended
ES,descolgar,Indicativo,Presente,vosotros,descolgáis,16,reviewed,stem-changing plus orthographic paradigm; QA recommended
ES,descolgar,Indicativo,Presente,ellos,descuelgan,16,reviewed,stem-changing plus orthographic paradigm; QA recommended
ES,descolgar,Indicativo,Futuro,yo,descolgaré,16,reviewed,stem-changing plus orthographic paradigm; QA recommended
ES,descolgar,Indicativo,Futuro,tú,descolgarás,16,reviewed,stem-changing plus orthographic paradigm; QA recommended
ES,descolgar,Indicativo,Futuro,él,descolgará,16,reviewed,stem-changing plus orthographic paradigm; QA recommended
ES,descolgar,Indicativo,Futuro,nosotros,descolgaremos,16,reviewed,stem-changing plus orthographic paradigm; QA recommended
ES,descolgar,Indicativo,Futuro,vosotros,descolgaréis,16,reviewed,stem-changing plus orthographic paradigm; QA recommended
ES,descolgar,Indicativo,Futuro,ellos,descolgarán,16,reviewed,stem-changing plus orthographic paradigm; QA recommended
ES,descolgar,Indicativo,Pretérito perfecto compuesto,yo,he descolgado,16,reviewed,stem-changing plus orthographic paradigm; QA recommended
ES,descolgar,Indicativo,Pretérito perfecto compuesto,tú,has descolgado,16,reviewed,stem-changing plus orthographic paradigm; QA recommended
ES,descolgar,Indicativo,Pretérito perfecto compuesto,él,ha descolgado,16,reviewed,stem-changing plus orthographic paradigm; QA recommended
ES,descolgar,Indicativo,Pretérito perfecto compuesto,nosotros,hemos descolgado,16,reviewed,stem-changing plus orthographic paradigm; QA recommended
ES,descolgar,Indicativo,Pretérito perfecto compuesto,vosotros,habéis descolgado,16,reviewed,stem-changing plus orthographic paradigm; QA recommended
ES,descolgar,Indicativo,Pretérito perfecto compuesto,ellos,han descolgado,16,reviewed,stem-changing plus orthographic paradigm; QA recommended
ES,descolgar,Indicativo,Pretérito imperfecto,yo,descolgaba,16,reviewed,stem-changing plus orthographic paradigm; QA recommended
ES,descolgar,Indicativo,Pretérito imperfecto,tú,descolgabas,16,reviewed,stem-changing plus orthographic paradigm; QA recommended
ES,descolgar,Indicativo,Pretérito imperfecto,él,descolgaba,16,reviewed,stem-changing plus orthographic paradigm; QA recommended
ES,descolgar,Indicativo,Pretérito imperfecto,nosotros,descolgábamos,16,reviewed,stem-changing plus orthographic paradigm; QA recommended
ES,descolgar,Indicativo,Pretérito imperfecto,vosotros,descolgabais,16,reviewed,stem-changing plus orthographic paradigm; QA recommended
ES,descolgar,Indicativo,Pretérito imperfecto,ellos,descolgaban,16,reviewed,stem-changing plus orthographic paradigm; QA recommended
ES,descolgar,Condicional,Condicional,yo,descolgaría,16,reviewed,stem-changing plus orthographic paradigm; QA recommended
ES,descolgar,Condicional,Condicional,tú,descolgarías,16,reviewed,stem-changing plus orthographic paradigm; QA recommended
ES,descolgar,Condicional,Condicional,él,descolgaría,16,reviewed,stem-changing plus orthographic paradigm; QA recommended
ES,descolgar,Condicional,Condicional,nosotros,descolgaríamos,16,reviewed,stem-changing plus orthographic paradigm; QA recommended
ES,descolgar,Condicional,Condicional,vosotros,descolgaríais,16,reviewed,stem-changing plus orthographic paradigm; QA recommended
ES,descolgar,Condicional,Condicional,ellos,descolgarían,16,reviewed,stem-changing plus orthographic paradigm; QA recommended
ES,descolgar,Imperativo,Imperativo,yo,-,16,reviewed,stem-changing plus orthographic paradigm; QA recommended; Spanish has no standard first-person singular imperative; placeholder - used
ES,descolgar,Imperativo,Imperativo,tú,descuelga,16,reviewed,stem-changing plus orthographic paradigm; QA recommended
ES,descolgar,Imperativo,Imperativo,él,descuelge,16,reviewed,stem-changing plus orthographic paradigm; QA recommended
ES,descolgar,Imperativo,Imperativo,nosotros,descolguemos,16,reviewed,stem-changing plus orthographic paradigm; QA recommended
ES,descolgar,Imperativo,Imperativo,vosotros,descolgad,16,reviewed,stem-changing plus orthographic paradigm; QA recommended
ES,descolgar,Imperativo,Imperativo,ellos,descuelgen,16,reviewed,stem-changing plus orthographic paradigm; QA recommended
ES,descolgar,Indicativo,Futuro perfecto,yo,habré descolgado,16,reviewed,stem-changing plus orthographic paradigm; QA recommended
ES,descolgar,Indicativo,Futuro perfecto,tú,habrás descolgado,16,reviewed,stem-changing plus orthographic paradigm; QA recommended
ES,descolgar,Indicativo,Futuro perfecto,él,habrá descolgado,16,reviewed,stem-changing plus orthographic paradigm; QA recommended
ES,descolgar,Indicativo,Futuro perfecto,nosotros,habremos descolgado,16,reviewed,stem-changing plus orthographic paradigm; QA recommended
ES,descolgar,Indicativo,Futuro perfecto,vosotros,habréis descolgado,16,reviewed,stem-changing plus orthographic paradigm; QA recommended
ES,descolgar,Indicativo,Futuro perfecto,ellos,habrán descolgado,16,reviewed,stem-changing plus orthographic paradigm; QA recommended
ES,descolgar,Subjuntivo,Subjuntivo presente,yo,descuelge,16,reviewed,stem-changing plus orthographic paradigm; QA recommended
ES,descolgar,Subjuntivo,Subjuntivo presente,tú,descuelges,16,reviewed,stem-changing plus orthographic paradigm; QA recommended
ES,descolgar,Subjuntivo,Subjuntivo presente,él,descuelge,16,reviewed,stem-changing plus orthographic paradigm; QA recommended
ES,descolgar,Subjuntivo,Subjuntivo presente,nosotros,descolguemos,16,reviewed,stem-changing plus orthographic paradigm; QA recommended
ES,descolgar,Subjuntivo,Subjuntivo presente,vosotros,descolguéis,16,reviewed,stem-changing plus orthographic paradigm; QA recommended
ES,descolgar,Subjuntivo,Subjuntivo presente,ellos,descuelgen,16,reviewed,stem-changing plus orthographic paradigm; QA recommended
ES,descolgar,Indicativo,Pretérito perfecto simple,yo,descolgué,16,reviewed,stem-changing plus orthographic paradigm; QA recommended
ES,descolgar,Indicativo,Pretérito perfecto simple,tú,descolgaste,16,reviewed,stem-changing plus orthographic paradigm; QA recommended
ES,descolgar,Indicativo,Pretérito perfecto simple,él,descolgó,16,reviewed,stem-changing plus orthographic paradigm; QA recommended
ES,descolgar,Indicativo,Pretérito perfecto simple,nosotros,descolgamos,16,reviewed,stem-changing plus orthographic paradigm; QA recommended
ES,descolgar,Indicativo,Pretérito perfecto simple,vosotros,descolgasteis,16,reviewed,stem-changing plus orthographic paradigm; QA recommended
ES,descolgar,Indicativo,Pretérito perfecto simple,ellos,descolgaron,16,reviewed,stem-changing plus orthographic paradigm; QA recommended
ES,descolgar,Indicativo,Pretérito pluscuamperfecto,yo,había descolgado,16,reviewed,stem-changing plus orthographic paradigm; QA recommended
ES,descolgar,Indicativo,Pretérito pluscuamperfecto,tú,habías descolgado,16,reviewed,stem-changing plus orthographic paradigm; QA recommended
ES,descolgar,Indicativo,Pretérito pluscuamperfecto,él,había descolgado,16,reviewed,stem-changing plus orthographic paradigm; QA recommended
ES,descolgar,Indicativo,Pretérito pluscuamperfecto,nosotros,habíamos descolgado,16,reviewed,stem-changing plus orthographic paradigm; QA recommended
ES,descolgar,Indicativo,Pretérito pluscuamperfecto,vosotros,habíais descolgado,16,reviewed,stem-changing plus orthographic paradigm; QA recommended
ES,descolgar,Indicativo,Pretérito pluscuamperfecto,ellos,habían descolgado,16,reviewed,stem-changing plus orthographic paradigm; QA recommended
ES,conseguir (coloquial),Indicativo,Presente,yo,consigo,16,reviewed,register label retained from inventory; conseguir-family paradigm; QA recommended
ES,conseguir (coloquial),Indicativo,Presente,tú,consigues,16,reviewed,register label retained from inventory; conseguir-family paradigm; QA recommended
ES,conseguir (coloquial),Indicativo,Presente,él,consigue,16,reviewed,register label retained from inventory; conseguir-family paradigm; QA recommended
ES,conseguir (coloquial),Indicativo,Presente,nosotros,conseguimos,16,reviewed,register label retained from inventory; conseguir-family paradigm; QA recommended
ES,conseguir (coloquial),Indicativo,Presente,vosotros,conseguís,16,reviewed,register label retained from inventory; conseguir-family paradigm; QA recommended
ES,conseguir (coloquial),Indicativo,Presente,ellos,consiguen,16,reviewed,register label retained from inventory; conseguir-family paradigm; QA recommended
ES,conseguir (coloquial),Indicativo,Futuro,yo,conseguiré,16,reviewed,register label retained from inventory; conseguir-family paradigm; QA recommended
ES,conseguir (coloquial),Indicativo,Futuro,tú,conseguirás,16,reviewed,register label retained from inventory; conseguir-family paradigm; QA recommended
ES,conseguir (coloquial),Indicativo,Futuro,él,conseguirá,16,reviewed,register label retained from inventory; conseguir-family paradigm; QA recommended
ES,conseguir (coloquial),Indicativo,Futuro,nosotros,conseguiremos,16,reviewed,register label retained from inventory; conseguir-family paradigm; QA recommended
ES,conseguir (coloquial),Indicativo,Futuro,vosotros,conseguiréis,16,reviewed,register label retained from inventory; conseguir-family paradigm; QA recommended
ES,conseguir (coloquial),Indicativo,Futuro,ellos,conseguirán,16,reviewed,register label retained from inventory; conseguir-family paradigm; QA recommended
ES,conseguir (coloquial),Indicativo,Pretérito perfecto compuesto,yo,he conseguido,16,reviewed,register label retained from inventory; conseguir-family paradigm; QA recommended
ES,conseguir (coloquial),Indicativo,Pretérito perfecto compuesto,tú,has conseguido,16,reviewed,register label retained from inventory; conseguir-family paradigm; QA recommended
ES,conseguir (coloquial),Indicativo,Pretérito perfecto compuesto,él,ha conseguido,16,reviewed,register label retained from inventory; conseguir-family paradigm; QA recommended
ES,conseguir (coloquial),Indicativo,Pretérito perfecto compuesto,nosotros,hemos conseguido,16,reviewed,register label retained from inventory; conseguir-family paradigm; QA recommended
ES,conseguir (coloquial),Indicativo,Pretérito perfecto compuesto,vosotros,habéis conseguido,16,reviewed,register label retained from inventory; conseguir-family paradigm; QA recommended
ES,conseguir (coloquial),Indicativo,Pretérito perfecto compuesto,ellos,han conseguido,16,reviewed,register label retained from inventory; conseguir-family paradigm; QA recommended
ES,conseguir (coloquial),Indicativo,Pretérito imperfecto,yo,conseguía,16,reviewed,register label retained from inventory; conseguir-family paradigm; QA recommended
ES,conseguir (coloquial),Indicativo,Pretérito imperfecto,tú,conseguías,16,reviewed,register label retained from inventory; conseguir-family paradigm; QA recommended
ES,conseguir (coloquial),Indicativo,Pretérito imperfecto,él,conseguía,16,reviewed,register label retained from inventory; conseguir-family paradigm; QA recommended
ES,conseguir (coloquial),Indicativo,Pretérito imperfecto,nosotros,conseguíamos,16,reviewed,register label retained from inventory; conseguir-family paradigm; QA recommended
ES,conseguir (coloquial),Indicativo,Pretérito imperfecto,vosotros,conseguíais,16,reviewed,register label retained from inventory; conseguir-family paradigm; QA recommended
ES,conseguir (coloquial),Indicativo,Pretérito imperfecto,ellos,conseguían,16,reviewed,register label retained from inventory; conseguir-family paradigm; QA recommended
ES,conseguir (coloquial),Condicional,Condicional,yo,conseguiría,16,reviewed,register label retained from inventory; conseguir-family paradigm; QA recommended
ES,conseguir (coloquial),Condicional,Condicional,tú,conseguirías,16,reviewed,register label retained from inventory; conseguir-family paradigm; QA recommended
ES,conseguir (coloquial),Condicional,Condicional,él,conseguiría,16,reviewed,register label retained from inventory; conseguir-family paradigm; QA recommended
ES,conseguir (coloquial),Condicional,Condicional,nosotros,conseguiríamos,16,reviewed,register label retained from inventory; conseguir-family paradigm; QA recommended
ES,conseguir (coloquial),Condicional,Condicional,vosotros,conseguiríais,16,reviewed,register label retained from inventory; conseguir-family paradigm; QA recommended
ES,conseguir (coloquial),Condicional,Condicional,ellos,conseguirían,16,reviewed,register label retained from inventory; conseguir-family paradigm; QA recommended
ES,conseguir (coloquial),Imperativo,Imperativo,yo,-,16,reviewed,register label retained from inventory; conseguir-family paradigm; QA recommended; Spanish has no standard first-person singular imperative; placeholder - used
ES,conseguir (coloquial),Imperativo,Imperativo,tú,consigue,16,reviewed,register label retained from inventory; conseguir-family paradigm; QA recommended
ES,conseguir (coloquial),Imperativo,Imperativo,él,consiga,16,reviewed,register label retained from inventory; conseguir-family paradigm; QA recommended
ES,conseguir (coloquial),Imperativo,Imperativo,nosotros,consigamos,16,reviewed,register label retained from inventory; conseguir-family paradigm; QA recommended
ES,conseguir (coloquial),Imperativo,Imperativo,vosotros,conseguid,16,reviewed,register label retained from inventory; conseguir-family paradigm; QA recommended
ES,conseguir (coloquial),Imperativo,Imperativo,ellos,consigan,16,reviewed,register label retained from inventory; conseguir-family paradigm; QA recommended
ES,conseguir (coloquial),Indicativo,Futuro perfecto,yo,habré conseguido,16,reviewed,register label retained from inventory; conseguir-family paradigm; QA recommended
ES,conseguir (coloquial),Indicativo,Futuro perfecto,tú,habrás conseguido,16,reviewed,register label retained from inventory; conseguir-family paradigm; QA recommended
ES,conseguir (coloquial),Indicativo,Futuro perfecto,él,habrá conseguido,16,reviewed,register label retained from inventory; conseguir-family paradigm; QA recommended
ES,conseguir (coloquial),Indicativo,Futuro perfecto,nosotros,habremos conseguido,16,reviewed,register label retained from inventory; conseguir-family paradigm; QA recommended
ES,conseguir (coloquial),Indicativo,Futuro perfecto,vosotros,habréis conseguido,16,reviewed,register label retained from inventory; conseguir-family paradigm; QA recommended
ES,conseguir (coloquial),Indicativo,Futuro perfecto,ellos,habrán conseguido,16,reviewed,register label retained from inventory; conseguir-family paradigm; QA recommended
ES,conseguir (coloquial),Subjuntivo,Subjuntivo presente,yo,consiga,16,reviewed,register label retained from inventory; conseguir-family paradigm; QA recommended
ES,conseguir (coloquial),Subjuntivo,Subjuntivo presente,tú,consigas,16,reviewed,register label retained from inventory; conseguir-family paradigm; QA recommended
ES,conseguir (coloquial),Subjuntivo,Subjuntivo presente,él,consiga,16,reviewed,register label retained from inventory; conseguir-family paradigm; QA recommended
ES,conseguir (coloquial),Subjuntivo,Subjuntivo presente,nosotros,consigamos,16,reviewed,register label retained from inventory; conseguir-family paradigm; QA recommended
ES,conseguir (coloquial),Subjuntivo,Subjuntivo presente,vosotros,consigáis,16,reviewed,register label retained from inventory; conseguir-family paradigm; QA recommended
ES,conseguir (coloquial),Subjuntivo,Subjuntivo presente,ellos,consigan,16,reviewed,register label retained from inventory; conseguir-family paradigm; QA recommended
ES,conseguir (coloquial),Indicativo,Pretérito perfecto simple,yo,conseguí,16,reviewed,register label retained from inventory; conseguir-family paradigm; QA recommended
ES,conseguir (coloquial),Indicativo,Pretérito perfecto simple,tú,conseguiste,16,reviewed,register label retained from inventory; conseguir-family paradigm; QA recommended
ES,conseguir (coloquial),Indicativo,Pretérito perfecto simple,él,consiguió,16,reviewed,register label retained from inventory; conseguir-family paradigm; QA recommended
ES,conseguir (coloquial),Indicativo,Pretérito perfecto simple,nosotros,conseguimos,16,reviewed,register label retained from inventory; conseguir-family paradigm; QA recommended
ES,conseguir (coloquial),Indicativo,Pretérito perfecto simple,vosotros,conseguisteis,16,reviewed,register label retained from inventory; conseguir-family paradigm; QA recommended
ES,conseguir (coloquial),Indicativo,Pretérito perfecto simple,ellos,consiguieron,16,reviewed,register label retained from inventory; conseguir-family paradigm; QA recommended
ES,conseguir (coloquial),Indicativo,Pretérito pluscuamperfecto,yo,había conseguido,16,reviewed,register label retained from inventory; conseguir-family paradigm; QA recommended
ES,conseguir (coloquial),Indicativo,Pretérito pluscuamperfecto,tú,habías conseguido,16,reviewed,register label retained from inventory; conseguir-family paradigm; QA recommended
ES,conseguir (coloquial),Indicativo,Pretérito pluscuamperfecto,él,había conseguido,16,reviewed,register label retained from inventory; conseguir-family paradigm; QA recommended
ES,conseguir (coloquial),Indicativo,Pretérito pluscuamperfecto,nosotros,habíamos conseguido,16,reviewed,register label retained from inventory; conseguir-family paradigm; QA recommended
ES,conseguir (coloquial),Indicativo,Pretérito pluscuamperfecto,vosotros,habíais conseguido,16,reviewed,register label retained from inventory; conseguir-family paradigm; QA recommended
ES,conseguir (coloquial),Indicativo,Pretérito pluscuamperfecto,ellos,habían conseguido,16,reviewed,register label retained from inventory; conseguir-family paradigm; QA recommended
ES,temer,Indicativo,Presente,yo,temo,16,reviewed,
ES,temer,Indicativo,Presente,tú,temes,16,reviewed,
ES,temer,Indicativo,Presente,él,teme,16,reviewed,
ES,temer,Indicativo,Presente,nosotros,tememos,16,reviewed,
ES,temer,Indicativo,Presente,vosotros,teméis,16,reviewed,
ES,temer,Indicativo,Presente,ellos,temen,16,reviewed,
ES,temer,Indicativo,Futuro,yo,temeré,16,reviewed,
ES,temer,Indicativo,Futuro,tú,temerás,16,reviewed,
ES,temer,Indicativo,Futuro,él,temerá,16,reviewed,
ES,temer,Indicativo,Futuro,nosotros,temeremos,16,reviewed,
ES,temer,Indicativo,Futuro,vosotros,temeréis,16,reviewed,
ES,temer,Indicativo,Futuro,ellos,temerán,16,reviewed,
ES,temer,Indicativo,Pretérito perfecto compuesto,yo,he temido,16,reviewed,
ES,temer,Indicativo,Pretérito perfecto compuesto,tú,has temido,16,reviewed,
ES,temer,Indicativo,Pretérito perfecto compuesto,él,ha temido,16,reviewed,
ES,temer,Indicativo,Pretérito perfecto compuesto,nosotros,hemos temido,16,reviewed,
ES,temer,Indicativo,Pretérito perfecto compuesto,vosotros,habéis temido,16,reviewed,
ES,temer,Indicativo,Pretérito perfecto compuesto,ellos,han temido,16,reviewed,
ES,temer,Indicativo,Pretérito imperfecto,yo,temía,16,reviewed,
ES,temer,Indicativo,Pretérito imperfecto,tú,temías,16,reviewed,
ES,temer,Indicativo,Pretérito imperfecto,él,temía,16,reviewed,
ES,temer,Indicativo,Pretérito imperfecto,nosotros,temíamos,16,reviewed,
ES,temer,Indicativo,Pretérito imperfecto,vosotros,temíais,16,reviewed,
ES,temer,Indicativo,Pretérito imperfecto,ellos,temían,16,reviewed,
ES,temer,Condicional,Condicional,yo,temería,16,reviewed,
ES,temer,Condicional,Condicional,tú,temerías,16,reviewed,
ES,temer,Condicional,Condicional,él,temería,16,reviewed,
ES,temer,Condicional,Condicional,nosotros,temeríamos,16,reviewed,
ES,temer,Condicional,Condicional,vosotros,temeríais,16,reviewed,
ES,temer,Condicional,Condicional,ellos,temerían,16,reviewed,
ES,temer,Imperativo,Imperativo,yo,-,16,reviewed,Spanish has no standard first-person singular imperative; placeholder - used
ES,temer,Imperativo,Imperativo,tú,teme,16,reviewed,
ES,temer,Imperativo,Imperativo,él,tema,16,reviewed,
ES,temer,Imperativo,Imperativo,nosotros,temamos,16,reviewed,
ES,temer,Imperativo,Imperativo,vosotros,temed,16,reviewed,
ES,temer,Imperativo,Imperativo,ellos,teman,16,reviewed,
ES,temer,Indicativo,Futuro perfecto,yo,habré temido,16,reviewed,
ES,temer,Indicativo,Futuro perfecto,tú,habrás temido,16,reviewed,
ES,temer,Indicativo,Futuro perfecto,él,habrá temido,16,reviewed,
ES,temer,Indicativo,Futuro perfecto,nosotros,habremos temido,16,reviewed,
ES,temer,Indicativo,Futuro perfecto,vosotros,habréis temido,16,reviewed,
ES,temer,Indicativo,Futuro perfecto,ellos,habrán temido,16,reviewed,
ES,temer,Subjuntivo,Subjuntivo presente,yo,tema,16,reviewed,
ES,temer,Subjuntivo,Subjuntivo presente,tú,temas,16,reviewed,
ES,temer,Subjuntivo,Subjuntivo presente,él,tema,16,reviewed,
ES,temer,Subjuntivo,Subjuntivo presente,nosotros,temamos,16,reviewed,
ES,temer,Subjuntivo,Subjuntivo presente,vosotros,temáis,16,reviewed,
ES,temer,Subjuntivo,Subjuntivo presente,ellos,teman,16,reviewed,
ES,temer,Indicativo,Pretérito perfecto simple,yo,temí,16,reviewed,
ES,temer,Indicativo,Pretérito perfecto simple,tú,temiste,16,reviewed,
ES,temer,Indicativo,Pretérito perfecto simple,él,temió,16,reviewed,
ES,temer,Indicativo,Pretérito perfecto simple,nosotros,temimos,16,reviewed,
ES,temer,Indicativo,Pretérito perfecto simple,vosotros,temisteis,16,reviewed,
ES,temer,Indicativo,Pretérito perfecto simple,ellos,temieron,16,reviewed,
ES,temer,Indicativo,Pretérito pluscuamperfecto,yo,había temido,16,reviewed,
ES,temer,Indicativo,Pretérito pluscuamperfecto,tú,habías temido,16,reviewed,
ES,temer,Indicativo,Pretérito pluscuamperfecto,él,había temido,16,reviewed,
ES,temer,Indicativo,Pretérito pluscuamperfecto,nosotros,habíamos temido,16,reviewed,
ES,temer,Indicativo,Pretérito pluscuamperfecto,vosotros,habíais temido,16,reviewed,
ES,temer,Indicativo,Pretérito pluscuamperfecto,ellos,habían temido,16,reviewed,
ES,demorarse,Indicativo,Presente,yo,me demoro,16,reviewed,pronominal paradigm with accent-sensitive imperative forms; QA recommended
ES,demorarse,Indicativo,Presente,tú,te demoras,16,reviewed,pronominal paradigm with accent-sensitive imperative forms; QA recommended
ES,demorarse,Indicativo,Presente,él,se demora,16,reviewed,pronominal paradigm with accent-sensitive imperative forms; QA recommended
ES,demorarse,Indicativo,Presente,nosotros,nos demoramos,16,reviewed,pronominal paradigm with accent-sensitive imperative forms; QA recommended
ES,demorarse,Indicativo,Presente,vosotros,os demoráis,16,reviewed,pronominal paradigm with accent-sensitive imperative forms; QA recommended
ES,demorarse,Indicativo,Presente,ellos,se demoran,16,reviewed,pronominal paradigm with accent-sensitive imperative forms; QA recommended
ES,demorarse,Indicativo,Futuro,yo,me demoraré,16,reviewed,pronominal paradigm with accent-sensitive imperative forms; QA recommended
ES,demorarse,Indicativo,Futuro,tú,te demorarás,16,reviewed,pronominal paradigm with accent-sensitive imperative forms; QA recommended
ES,demorarse,Indicativo,Futuro,él,se demorará,16,reviewed,pronominal paradigm with accent-sensitive imperative forms; QA recommended
ES,demorarse,Indicativo,Futuro,nosotros,nos demoraremos,16,reviewed,pronominal paradigm with accent-sensitive imperative forms; QA recommended
ES,demorarse,Indicativo,Futuro,vosotros,os demoraréis,16,reviewed,pronominal paradigm with accent-sensitive imperative forms; QA recommended
ES,demorarse,Indicativo,Futuro,ellos,se demorarán,16,reviewed,pronominal paradigm with accent-sensitive imperative forms; QA recommended
ES,demorarse,Indicativo,Pretérito perfecto compuesto,yo,me he demorado,16,reviewed,pronominal paradigm with accent-sensitive imperative forms; QA recommended
ES,demorarse,Indicativo,Pretérito perfecto compuesto,tú,te has demorado,16,reviewed,pronominal paradigm with accent-sensitive imperative forms; QA recommended
ES,demorarse,Indicativo,Pretérito perfecto compuesto,él,se ha demorado,16,reviewed,pronominal paradigm with accent-sensitive imperative forms; QA recommended
ES,demorarse,Indicativo,Pretérito perfecto compuesto,nosotros,nos hemos demorado,16,reviewed,pronominal paradigm with accent-sensitive imperative forms; QA recommended
ES,demorarse,Indicativo,Pretérito perfecto compuesto,vosotros,os habéis demorado,16,reviewed,pronominal paradigm with accent-sensitive imperative forms; QA recommended
ES,demorarse,Indicativo,Pretérito perfecto compuesto,ellos,se han demorado,16,reviewed,pronominal paradigm with accent-sensitive imperative forms; QA recommended
ES,demorarse,Indicativo,Pretérito imperfecto,yo,me demoraba,16,reviewed,pronominal paradigm with accent-sensitive imperative forms; QA recommended
ES,demorarse,Indicativo,Pretérito imperfecto,tú,te demorabas,16,reviewed,pronominal paradigm with accent-sensitive imperative forms; QA recommended
ES,demorarse,Indicativo,Pretérito imperfecto,él,se demoraba,16,reviewed,pronominal paradigm with accent-sensitive imperative forms; QA recommended
ES,demorarse,Indicativo,Pretérito imperfecto,nosotros,nos demorábamos,16,reviewed,pronominal paradigm with accent-sensitive imperative forms; QA recommended
ES,demorarse,Indicativo,Pretérito imperfecto,vosotros,os demorabais,16,reviewed,pronominal paradigm with accent-sensitive imperative forms; QA recommended
ES,demorarse,Indicativo,Pretérito imperfecto,ellos,se demoraban,16,reviewed,pronominal paradigm with accent-sensitive imperative forms; QA recommended
ES,demorarse,Condicional,Condicional,yo,me demoraría,16,reviewed,pronominal paradigm with accent-sensitive imperative forms; QA recommended
ES,demorarse,Condicional,Condicional,tú,te demorarías,16,reviewed,pronominal paradigm with accent-sensitive imperative forms; QA recommended
ES,demorarse,Condicional,Condicional,él,se demoraría,16,reviewed,pronominal paradigm with accent-sensitive imperative forms; QA recommended
ES,demorarse,Condicional,Condicional,nosotros,nos demoraríamos,16,reviewed,pronominal paradigm with accent-sensitive imperative forms; QA recommended
ES,demorarse,Condicional,Condicional,vosotros,os demoraríais,16,reviewed,pronominal paradigm with accent-sensitive imperative forms; QA recommended
ES,demorarse,Condicional,Condicional,ellos,se demorarían,16,reviewed,pronominal paradigm with accent-sensitive imperative forms; QA recommended
ES,demorarse,Imperativo,Imperativo,yo,-,16,reviewed,pronominal paradigm with accent-sensitive imperative forms; QA recommended; Spanish has no standard first-person singular imperative; placeholder - used
ES,demorarse,Imperativo,Imperativo,tú,demórate,16,reviewed,pronominal paradigm with accent-sensitive imperative forms; QA recommended
ES,demorarse,Imperativo,Imperativo,él,demórese,16,reviewed,pronominal paradigm with accent-sensitive imperative forms; QA recommended
ES,demorarse,Imperativo,Imperativo,nosotros,demorémonos,16,reviewed,pronominal paradigm with accent-sensitive imperative forms; QA recommended
ES,demorarse,Imperativo,Imperativo,vosotros,demoraos,16,reviewed,pronominal paradigm with accent-sensitive imperative forms; QA recommended
ES,demorarse,Imperativo,Imperativo,ellos,demórense,16,reviewed,pronominal paradigm with accent-sensitive imperative forms; QA recommended
ES,demorarse,Indicativo,Futuro perfecto,yo,me habré demorado,16,reviewed,pronominal paradigm with accent-sensitive imperative forms; QA recommended
ES,demorarse,Indicativo,Futuro perfecto,tú,te habrás demorado,16,reviewed,pronominal paradigm with accent-sensitive imperative forms; QA recommended
ES,demorarse,Indicativo,Futuro perfecto,él,se habrá demorado,16,reviewed,pronominal paradigm with accent-sensitive imperative forms; QA recommended
ES,demorarse,Indicativo,Futuro perfecto,nosotros,nos habremos demorado,16,reviewed,pronominal paradigm with accent-sensitive imperative forms; QA recommended
ES,demorarse,Indicativo,Futuro perfecto,vosotros,os habréis demorado,16,reviewed,pronominal paradigm with accent-sensitive imperative forms; QA recommended
ES,demorarse,Indicativo,Futuro perfecto,ellos,se habrán demorado,16,reviewed,pronominal paradigm with accent-sensitive imperative forms; QA recommended
ES,demorarse,Subjuntivo,Subjuntivo presente,yo,me demore,16,reviewed,pronominal paradigm with accent-sensitive imperative forms; QA recommended
ES,demorarse,Subjuntivo,Subjuntivo presente,tú,te demores,16,reviewed,pronominal paradigm with accent-sensitive imperative forms; QA recommended
ES,demorarse,Subjuntivo,Subjuntivo presente,él,se demore,16,reviewed,pronominal paradigm with accent-sensitive imperative forms; QA recommended
ES,demorarse,Subjuntivo,Subjuntivo presente,nosotros,nos demoremos,16,reviewed,pronominal paradigm with accent-sensitive imperative forms; QA recommended
ES,demorarse,Subjuntivo,Subjuntivo presente,vosotros,os demoréis,16,reviewed,pronominal paradigm with accent-sensitive imperative forms; QA recommended
ES,demorarse,Subjuntivo,Subjuntivo presente,ellos,se demoren,16,reviewed,pronominal paradigm with accent-sensitive imperative forms; QA recommended
ES,demorarse,Indicativo,Pretérito perfecto simple,yo,me demoré,16,reviewed,pronominal paradigm with accent-sensitive imperative forms; QA recommended
ES,demorarse,Indicativo,Pretérito perfecto simple,tú,te demoraste,16,reviewed,pronominal paradigm with accent-sensitive imperative forms; QA recommended
ES,demorarse,Indicativo,Pretérito perfecto simple,él,se demoró,16,reviewed,pronominal paradigm with accent-sensitive imperative forms; QA recommended
ES,demorarse,Indicativo,Pretérito perfecto simple,nosotros,nos demoramos,16,reviewed,pronominal paradigm with accent-sensitive imperative forms; QA recommended
ES,demorarse,Indicativo,Pretérito perfecto simple,vosotros,os demorasteis,16,reviewed,pronominal paradigm with accent-sensitive imperative forms; QA recommended
ES,demorarse,Indicativo,Pretérito perfecto simple,ellos,se demoraron,16,reviewed,pronominal paradigm with accent-sensitive imperative forms; QA recommended
ES,demorarse,Indicativo,Pretérito pluscuamperfecto,yo,me había demorado,16,reviewed,pronominal paradigm with accent-sensitive imperative forms; QA recommended
ES,demorarse,Indicativo,Pretérito pluscuamperfecto,tú,te habías demorado,16,reviewed,pronominal paradigm with accent-sensitive imperative forms; QA recommended
ES,demorarse,Indicativo,Pretérito pluscuamperfecto,él,se había demorado,16,reviewed,pronominal paradigm with accent-sensitive imperative forms; QA recommended
ES,demorarse,Indicativo,Pretérito pluscuamperfecto,nosotros,nos habíamos demorado,16,reviewed,pronominal paradigm with accent-sensitive imperative forms; QA recommended
ES,demorarse,Indicativo,Pretérito pluscuamperfecto,vosotros,os habíais demorado,16,reviewed,pronominal paradigm with accent-sensitive imperative forms; QA recommended
ES,demorarse,Indicativo,Pretérito pluscuamperfecto,ellos,se habían demorado,16,reviewed,pronominal paradigm with accent-sensitive imperative forms; QA recommended
ES,influenciar,Indicativo,Presente,yo,influencio,16,reviewed,
ES,influenciar,Indicativo,Presente,tú,influencias,16,reviewed,
ES,influenciar,Indicativo,Presente,él,influencia,16,reviewed,
ES,influenciar,Indicativo,Presente,nosotros,influenciamos,16,reviewed,
ES,influenciar,Indicativo,Presente,vosotros,influenciáis,16,reviewed,
ES,influenciar,Indicativo,Presente,ellos,influencian,16,reviewed,
ES,influenciar,Indicativo,Futuro,yo,influenciaré,16,reviewed,
ES,influenciar,Indicativo,Futuro,tú,influenciarás,16,reviewed,
ES,influenciar,Indicativo,Futuro,él,influenciará,16,reviewed,
ES,influenciar,Indicativo,Futuro,nosotros,influenciaremos,16,reviewed,
ES,influenciar,Indicativo,Futuro,vosotros,influenciaréis,16,reviewed,
ES,influenciar,Indicativo,Futuro,ellos,influenciarán,16,reviewed,
ES,influenciar,Indicativo,Pretérito perfecto compuesto,yo,he influenciado,16,reviewed,
ES,influenciar,Indicativo,Pretérito perfecto compuesto,tú,has influenciado,16,reviewed,
ES,influenciar,Indicativo,Pretérito perfecto compuesto,él,ha influenciado,16,reviewed,
ES,influenciar,Indicativo,Pretérito perfecto compuesto,nosotros,hemos influenciado,16,reviewed,
ES,influenciar,Indicativo,Pretérito perfecto compuesto,vosotros,habéis influenciado,16,reviewed,
ES,influenciar,Indicativo,Pretérito perfecto compuesto,ellos,han influenciado,16,reviewed,
ES,influenciar,Indicativo,Pretérito imperfecto,yo,influenciaba,16,reviewed,
ES,influenciar,Indicativo,Pretérito imperfecto,tú,influenciabas,16,reviewed,
ES,influenciar,Indicativo,Pretérito imperfecto,él,influenciaba,16,reviewed,
ES,influenciar,Indicativo,Pretérito imperfecto,nosotros,influenciábamos,16,reviewed,
ES,influenciar,Indicativo,Pretérito imperfecto,vosotros,influenciabais,16,reviewed,
ES,influenciar,Indicativo,Pretérito imperfecto,ellos,influenciaban,16,reviewed,
ES,influenciar,Condicional,Condicional,yo,influenciaría,16,reviewed,
ES,influenciar,Condicional,Condicional,tú,influenciarías,16,reviewed,
ES,influenciar,Condicional,Condicional,él,influenciaría,16,reviewed,
ES,influenciar,Condicional,Condicional,nosotros,influenciaríamos,16,reviewed,
ES,influenciar,Condicional,Condicional,vosotros,influenciaríais,16,reviewed,
ES,influenciar,Condicional,Condicional,ellos,influenciarían,16,reviewed,
ES,influenciar,Imperativo,Imperativo,yo,-,16,reviewed,Spanish has no standard first-person singular imperative; placeholder - used
ES,influenciar,Imperativo,Imperativo,tú,influencia,16,reviewed,
ES,influenciar,Imperativo,Imperativo,él,influencie,16,reviewed,
ES,influenciar,Imperativo,Imperativo,nosotros,influenciemos,16,reviewed,
ES,influenciar,Imperativo,Imperativo,vosotros,influenciad,16,reviewed,
ES,influenciar,Imperativo,Imperativo,ellos,influencien,16,reviewed,
ES,influenciar,Indicativo,Futuro perfecto,yo,habré influenciado,16,reviewed,
ES,influenciar,Indicativo,Futuro perfecto,tú,habrás influenciado,16,reviewed,
ES,influenciar,Indicativo,Futuro perfecto,él,habrá influenciado,16,reviewed,
ES,influenciar,Indicativo,Futuro perfecto,nosotros,habremos influenciado,16,reviewed,
ES,influenciar,Indicativo,Futuro perfecto,vosotros,habréis influenciado,16,reviewed,
ES,influenciar,Indicativo,Futuro perfecto,ellos,habrán influenciado,16,reviewed,
ES,influenciar,Subjuntivo,Subjuntivo presente,yo,influencie,16,reviewed,
ES,influenciar,Subjuntivo,Subjuntivo presente,tú,influencies,16,reviewed,
ES,influenciar,Subjuntivo,Subjuntivo presente,él,influencie,16,reviewed,
ES,influenciar,Subjuntivo,Subjuntivo presente,nosotros,influenciemos,16,reviewed,
ES,influenciar,Subjuntivo,Subjuntivo presente,vosotros,influenciéis,16,reviewed,
ES,influenciar,Subjuntivo,Subjuntivo presente,ellos,influencien,16,reviewed,
ES,influenciar,Indicativo,Pretérito perfecto simple,yo,influencié,16,reviewed,
ES,influenciar,Indicativo,Pretérito perfecto simple,tú,influenciaste,16,reviewed,
ES,influenciar,Indicativo,Pretérito perfecto simple,él,influenció,16,reviewed,
ES,influenciar,Indicativo,Pretérito perfecto simple,nosotros,influenciamos,16,reviewed,
ES,influenciar,Indicativo,Pretérito perfecto simple,vosotros,influenciasteis,16,reviewed,
ES,influenciar,Indicativo,Pretérito perfecto simple,ellos,influenciaron,16,reviewed,
ES,influenciar,Indicativo,Pretérito pluscuamperfecto,yo,había influenciado,16,reviewed,
ES,influenciar,Indicativo,Pretérito pluscuamperfecto,tú,habías influenciado,16,reviewed,
ES,influenciar,Indicativo,Pretérito pluscuamperfecto,él,había influenciado,16,reviewed,
ES,influenciar,Indicativo,Pretérito pluscuamperfecto,nosotros,habíamos influenciado,16,reviewed,
ES,influenciar,Indicativo,Pretérito pluscuamperfecto,vosotros,habíais influenciado,16,reviewed,
ES,influenciar,Indicativo,Pretérito pluscuamperfecto,ellos,habían influenciado,16,reviewed,
ES,generalizar,Indicativo,Presente,yo,generalizo,16,reviewed,
ES,generalizar,Indicativo,Presente,tú,generalizas,16,reviewed,
ES,generalizar,Indicativo,Presente,él,generaliza,16,reviewed,
ES,generalizar,Indicativo,Presente,nosotros,generalizamos,16,reviewed,
ES,generalizar,Indicativo,Presente,vosotros,generalizáis,16,reviewed,
ES,generalizar,Indicativo,Presente,ellos,generalizan,16,reviewed,
ES,generalizar,Indicativo,Futuro,yo,generalizaré,16,reviewed,
ES,generalizar,Indicativo,Futuro,tú,generalizarás,16,reviewed,
ES,generalizar,Indicativo,Futuro,él,generalizará,16,reviewed,
ES,generalizar,Indicativo,Futuro,nosotros,generalizaremos,16,reviewed,
ES,generalizar,Indicativo,Futuro,vosotros,generalizaréis,16,reviewed,
ES,generalizar,Indicativo,Futuro,ellos,generalizarán,16,reviewed,
ES,generalizar,Indicativo,Pretérito perfecto compuesto,yo,he generalizado,16,reviewed,
ES,generalizar,Indicativo,Pretérito perfecto compuesto,tú,has generalizado,16,reviewed,
ES,generalizar,Indicativo,Pretérito perfecto compuesto,él,ha generalizado,16,reviewed,
ES,generalizar,Indicativo,Pretérito perfecto compuesto,nosotros,hemos generalizado,16,reviewed,
ES,generalizar,Indicativo,Pretérito perfecto compuesto,vosotros,habéis generalizado,16,reviewed,
ES,generalizar,Indicativo,Pretérito perfecto compuesto,ellos,han generalizado,16,reviewed,
ES,generalizar,Indicativo,Pretérito imperfecto,yo,generalizaba,16,reviewed,
ES,generalizar,Indicativo,Pretérito imperfecto,tú,generalizabas,16,reviewed,
ES,generalizar,Indicativo,Pretérito imperfecto,él,generalizaba,16,reviewed,
ES,generalizar,Indicativo,Pretérito imperfecto,nosotros,generalizábamos,16,reviewed,
ES,generalizar,Indicativo,Pretérito imperfecto,vosotros,generalizabais,16,reviewed,
ES,generalizar,Indicativo,Pretérito imperfecto,ellos,generalizaban,16,reviewed,
ES,generalizar,Condicional,Condicional,yo,generalizaría,16,reviewed,
ES,generalizar,Condicional,Condicional,tú,generalizarías,16,reviewed,
ES,generalizar,Condicional,Condicional,él,generalizaría,16,reviewed,
ES,generalizar,Condicional,Condicional,nosotros,generalizaríamos,16,reviewed,
ES,generalizar,Condicional,Condicional,vosotros,generalizaríais,16,reviewed,
ES,generalizar,Condicional,Condicional,ellos,generalizarían,16,reviewed,
ES,generalizar,Imperativo,Imperativo,yo,-,16,reviewed,Spanish has no standard first-person singular imperative; placeholder - used
ES,generalizar,Imperativo,Imperativo,tú,generaliza,16,reviewed,
ES,generalizar,Imperativo,Imperativo,él,generalice,16,reviewed,
ES,generalizar,Imperativo,Imperativo,nosotros,generalicemos,16,reviewed,
ES,generalizar,Imperativo,Imperativo,vosotros,generalizad,16,reviewed,
ES,generalizar,Imperativo,Imperativo,ellos,generalicen,16,reviewed,
ES,generalizar,Indicativo,Futuro perfecto,yo,habré generalizado,16,reviewed,
ES,generalizar,Indicativo,Futuro perfecto,tú,habrás generalizado,16,reviewed,
ES,generalizar,Indicativo,Futuro perfecto,él,habrá generalizado,16,reviewed,
ES,generalizar,Indicativo,Futuro perfecto,nosotros,habremos generalizado,16,reviewed,
ES,generalizar,Indicativo,Futuro perfecto,vosotros,habréis generalizado,16,reviewed,
ES,generalizar,Indicativo,Futuro perfecto,ellos,habrán generalizado,16,reviewed,
ES,generalizar,Subjuntivo,Subjuntivo presente,yo,generalice,16,reviewed,
ES,generalizar,Subjuntivo,Subjuntivo presente,tú,generalices,16,reviewed,
ES,generalizar,Subjuntivo,Subjuntivo presente,él,generalice,16,reviewed,
ES,generalizar,Subjuntivo,Subjuntivo presente,nosotros,generalicemos,16,reviewed,
ES,generalizar,Subjuntivo,Subjuntivo presente,vosotros,generalicéis,16,reviewed,
ES,generalizar,Subjuntivo,Subjuntivo presente,ellos,generalicen,16,reviewed,
ES,generalizar,Indicativo,Pretérito perfecto simple,yo,generalicé,16,reviewed,
ES,generalizar,Indicativo,Pretérito perfecto simple,tú,generalizaste,16,reviewed,
ES,generalizar,Indicativo,Pretérito perfecto simple,él,generalizó,16,reviewed,
ES,generalizar,Indicativo,Pretérito perfecto simple,nosotros,generalizamos,16,reviewed,
ES,generalizar,Indicativo,Pretérito perfecto simple,vosotros,generalizasteis,16,reviewed,
ES,generalizar,Indicativo,Pretérito perfecto simple,ellos,generalizaron,16,reviewed,
ES,generalizar,Indicativo,Pretérito pluscuamperfecto,yo,había generalizado,16,reviewed,
ES,generalizar,Indicativo,Pretérito pluscuamperfecto,tú,habías generalizado,16,reviewed,
ES,generalizar,Indicativo,Pretérito pluscuamperfecto,él,había generalizado,16,reviewed,
ES,generalizar,Indicativo,Pretérito pluscuamperfecto,nosotros,habíamos generalizado,16,reviewed,
ES,generalizar,Indicativo,Pretérito pluscuamperfecto,vosotros,habíais generalizado,16,reviewed,
ES,generalizar,Indicativo,Pretérito pluscuamperfecto,ellos,habían generalizado,16,reviewed,
ES,empezar,Indicativo,Presente,yo,empiezo,16,reviewed,
ES,empezar,Indicativo,Presente,tú,empiezas,16,reviewed,
ES,empezar,Indicativo,Presente,él,empieza,16,reviewed,
ES,empezar,Indicativo,Presente,nosotros,empezamos,16,reviewed,
ES,empezar,Indicativo,Presente,vosotros,empezáis,16,reviewed,
ES,empezar,Indicativo,Presente,ellos,empiezan,16,reviewed,
ES,empezar,Indicativo,Futuro,yo,empezaré,16,reviewed,
ES,empezar,Indicativo,Futuro,tú,empezarás,16,reviewed,
ES,empezar,Indicativo,Futuro,él,empezará,16,reviewed,
ES,empezar,Indicativo,Futuro,nosotros,empezaremos,16,reviewed,
ES,empezar,Indicativo,Futuro,vosotros,empezaréis,16,reviewed,
ES,empezar,Indicativo,Futuro,ellos,empezarán,16,reviewed,
ES,empezar,Indicativo,Pretérito perfecto compuesto,yo,he empezado,16,reviewed,
ES,empezar,Indicativo,Pretérito perfecto compuesto,tú,has empezado,16,reviewed,
ES,empezar,Indicativo,Pretérito perfecto compuesto,él,ha empezado,16,reviewed,
ES,empezar,Indicativo,Pretérito perfecto compuesto,nosotros,hemos empezado,16,reviewed,
ES,empezar,Indicativo,Pretérito perfecto compuesto,vosotros,habéis empezado,16,reviewed,
ES,empezar,Indicativo,Pretérito perfecto compuesto,ellos,han empezado,16,reviewed,
ES,empezar,Indicativo,Pretérito imperfecto,yo,empezaba,16,reviewed,
ES,empezar,Indicativo,Pretérito imperfecto,tú,empezabas,16,reviewed,
ES,empezar,Indicativo,Pretérito imperfecto,él,empezaba,16,reviewed,
ES,empezar,Indicativo,Pretérito imperfecto,nosotros,empezábamos,16,reviewed,
ES,empezar,Indicativo,Pretérito imperfecto,vosotros,empezabais,16,reviewed,
ES,empezar,Indicativo,Pretérito imperfecto,ellos,empezaban,16,reviewed,
ES,empezar,Condicional,Condicional,yo,empezaría,16,reviewed,
ES,empezar,Condicional,Condicional,tú,empezarías,16,reviewed,
ES,empezar,Condicional,Condicional,él,empezaría,16,reviewed,
ES,empezar,Condicional,Condicional,nosotros,empezaríamos,16,reviewed,
ES,empezar,Condicional,Condicional,vosotros,empezaríais,16,reviewed,
ES,empezar,Condicional,Condicional,ellos,empezarían,16,reviewed,
ES,empezar,Imperativo,Imperativo,yo,-,16,reviewed,Spanish has no standard first-person singular imperative; placeholder - used
ES,empezar,Imperativo,Imperativo,tú,empieza,16,reviewed,
ES,empezar,Imperativo,Imperativo,él,empieze,16,reviewed,
ES,empezar,Imperativo,Imperativo,nosotros,empecemos,16,reviewed,
ES,empezar,Imperativo,Imperativo,vosotros,empezad,16,reviewed,
ES,empezar,Imperativo,Imperativo,ellos,empiezen,16,reviewed,
ES,empezar,Indicativo,Futuro perfecto,yo,habré empezado,16,reviewed,
ES,empezar,Indicativo,Futuro perfecto,tú,habrás empezado,16,reviewed,
ES,empezar,Indicativo,Futuro perfecto,él,habrá empezado,16,reviewed,
ES,empezar,Indicativo,Futuro perfecto,nosotros,habremos empezado,16,reviewed,
ES,empezar,Indicativo,Futuro perfecto,vosotros,habréis empezado,16,reviewed,
ES,empezar,Indicativo,Futuro perfecto,ellos,habrán empezado,16,reviewed,
ES,empezar,Subjuntivo,Subjuntivo presente,yo,empieze,16,reviewed,
ES,empezar,Subjuntivo,Subjuntivo presente,tú,empiezes,16,reviewed,
ES,empezar,Subjuntivo,Subjuntivo presente,él,empieze,16,reviewed,
ES,empezar,Subjuntivo,Subjuntivo presente,nosotros,empecemos,16,reviewed,
ES,empezar,Subjuntivo,Subjuntivo presente,vosotros,empecéis,16,reviewed,
ES,empezar,Subjuntivo,Subjuntivo presente,ellos,empiezen,16,reviewed,
ES,empezar,Indicativo,Pretérito perfecto simple,yo,empecé,16,reviewed,
ES,empezar,Indicativo,Pretérito perfecto simple,tú,empezaste,16,reviewed,
ES,empezar,Indicativo,Pretérito perfecto simple,él,empezó,16,reviewed,
ES,empezar,Indicativo,Pretérito perfecto simple,nosotros,empezamos,16,reviewed,
ES,empezar,Indicativo,Pretérito perfecto simple,vosotros,empezasteis,16,reviewed,
ES,empezar,Indicativo,Pretérito perfecto simple,ellos,empezaron,16,reviewed,
ES,empezar,Indicativo,Pretérito pluscuamperfecto,yo,había empezado,16,reviewed,
ES,empezar,Indicativo,Pretérito pluscuamperfecto,tú,habías empezado,16,reviewed,
ES,empezar,Indicativo,Pretérito pluscuamperfecto,él,había empezado,16,reviewed,
ES,empezar,Indicativo,Pretérito pluscuamperfecto,nosotros,habíamos empezado,16,reviewed,
ES,empezar,Indicativo,Pretérito pluscuamperfecto,vosotros,habíais empezado,16,reviewed,
ES,empezar,Indicativo,Pretérito pluscuamperfecto,ellos,habían empezado,16,reviewed,
ES,iniciar,Indicativo,Presente,yo,inicio,16,reviewed,
ES,iniciar,Indicativo,Presente,tú,inicias,16,reviewed,
ES,iniciar,Indicativo,Presente,él,inicia,16,reviewed,
ES,iniciar,Indicativo,Presente,nosotros,iniciamos,16,reviewed,
ES,iniciar,Indicativo,Presente,vosotros,iniciáis,16,reviewed,
ES,iniciar,Indicativo,Presente,ellos,inician,16,reviewed,
ES,iniciar,Indicativo,Futuro,yo,iniciaré,16,reviewed,
ES,iniciar,Indicativo,Futuro,tú,iniciarás,16,reviewed,
ES,iniciar,Indicativo,Futuro,él,iniciará,16,reviewed,
ES,iniciar,Indicativo,Futuro,nosotros,iniciaremos,16,reviewed,
ES,iniciar,Indicativo,Futuro,vosotros,iniciaréis,16,reviewed,
ES,iniciar,Indicativo,Futuro,ellos,iniciarán,16,reviewed,
ES,iniciar,Indicativo,Pretérito perfecto compuesto,yo,he iniciado,16,reviewed,
ES,iniciar,Indicativo,Pretérito perfecto compuesto,tú,has iniciado,16,reviewed,
ES,iniciar,Indicativo,Pretérito perfecto compuesto,él,ha iniciado,16,reviewed,
ES,iniciar,Indicativo,Pretérito perfecto compuesto,nosotros,hemos iniciado,16,reviewed,
ES,iniciar,Indicativo,Pretérito perfecto compuesto,vosotros,habéis iniciado,16,reviewed,
ES,iniciar,Indicativo,Pretérito perfecto compuesto,ellos,han iniciado,16,reviewed,
ES,iniciar,Indicativo,Pretérito imperfecto,yo,iniciaba,16,reviewed,
ES,iniciar,Indicativo,Pretérito imperfecto,tú,iniciabas,16,reviewed,
ES,iniciar,Indicativo,Pretérito imperfecto,él,iniciaba,16,reviewed,
ES,iniciar,Indicativo,Pretérito imperfecto,nosotros,iniciábamos,16,reviewed,
ES,iniciar,Indicativo,Pretérito imperfecto,vosotros,iniciabais,16,reviewed,
ES,iniciar,Indicativo,Pretérito imperfecto,ellos,iniciaban,16,reviewed,
ES,iniciar,Condicional,Condicional,yo,iniciaría,16,reviewed,
ES,iniciar,Condicional,Condicional,tú,iniciarías,16,reviewed,
ES,iniciar,Condicional,Condicional,él,iniciaría,16,reviewed,
ES,iniciar,Condicional,Condicional,nosotros,iniciaríamos,16,reviewed,
ES,iniciar,Condicional,Condicional,vosotros,iniciaríais,16,reviewed,
ES,iniciar,Condicional,Condicional,ellos,iniciarían,16,reviewed,
ES,iniciar,Imperativo,Imperativo,yo,-,16,reviewed,Spanish has no standard first-person singular imperative; placeholder - used
ES,iniciar,Imperativo,Imperativo,tú,inicia,16,reviewed,
ES,iniciar,Imperativo,Imperativo,él,inicie,16,reviewed,
ES,iniciar,Imperativo,Imperativo,nosotros,iniciemos,16,reviewed,
ES,iniciar,Imperativo,Imperativo,vosotros,iniciad,16,reviewed,
ES,iniciar,Imperativo,Imperativo,ellos,inicien,16,reviewed,
ES,iniciar,Indicativo,Futuro perfecto,yo,habré iniciado,16,reviewed,
ES,iniciar,Indicativo,Futuro perfecto,tú,habrás iniciado,16,reviewed,
ES,iniciar,Indicativo,Futuro perfecto,él,habrá iniciado,16,reviewed,
ES,iniciar,Indicativo,Futuro perfecto,nosotros,habremos iniciado,16,reviewed,
ES,iniciar,Indicativo,Futuro perfecto,vosotros,habréis iniciado,16,reviewed,
ES,iniciar,Indicativo,Futuro perfecto,ellos,habrán iniciado,16,reviewed,
ES,iniciar,Subjuntivo,Subjuntivo presente,yo,inicie,16,reviewed,
ES,iniciar,Subjuntivo,Subjuntivo presente,tú,inicies,16,reviewed,
ES,iniciar,Subjuntivo,Subjuntivo presente,él,inicie,16,reviewed,
ES,iniciar,Subjuntivo,Subjuntivo presente,nosotros,iniciemos,16,reviewed,
ES,iniciar,Subjuntivo,Subjuntivo presente,vosotros,iniciéis,16,reviewed,
ES,iniciar,Subjuntivo,Subjuntivo presente,ellos,inicien,16,reviewed,
ES,iniciar,Indicativo,Pretérito perfecto simple,yo,inicié,16,reviewed,
ES,iniciar,Indicativo,Pretérito perfecto simple,tú,iniciaste,16,reviewed,
ES,iniciar,Indicativo,Pretérito perfecto simple,él,inició,16,reviewed,
ES,iniciar,Indicativo,Pretérito perfecto simple,nosotros,iniciamos,16,reviewed,
ES,iniciar,Indicativo,Pretérito perfecto simple,vosotros,iniciasteis,16,reviewed,
ES,iniciar,Indicativo,Pretérito perfecto simple,ellos,iniciaron,16,reviewed,
ES,iniciar,Indicativo,Pretérito pluscuamperfecto,yo,había iniciado,16,reviewed,
ES,iniciar,Indicativo,Pretérito pluscuamperfecto,tú,habías iniciado,16,reviewed,
ES,iniciar,Indicativo,Pretérito pluscuamperfecto,él,había iniciado,16,reviewed,
ES,iniciar,Indicativo,Pretérito pluscuamperfecto,nosotros,habíamos iniciado,16,reviewed,
ES,iniciar,Indicativo,Pretérito pluscuamperfecto,vosotros,habíais iniciado,16,reviewed,
ES,iniciar,Indicativo,Pretérito pluscuamperfecto,ellos,habían iniciado,16,reviewed,
ES,barrer,Indicativo,Presente,yo,barro,16,reviewed,
ES,barrer,Indicativo,Presente,tú,barres,16,reviewed,
ES,barrer,Indicativo,Presente,él,barre,16,reviewed,
ES,barrer,Indicativo,Presente,nosotros,barremos,16,reviewed,
ES,barrer,Indicativo,Presente,vosotros,barréis,16,reviewed,
ES,barrer,Indicativo,Presente,ellos,barren,16,reviewed,
ES,barrer,Indicativo,Futuro,yo,barreré,16,reviewed,
ES,barrer,Indicativo,Futuro,tú,barrerás,16,reviewed,
ES,barrer,Indicativo,Futuro,él,barrerá,16,reviewed,
ES,barrer,Indicativo,Futuro,nosotros,barreremos,16,reviewed,
ES,barrer,Indicativo,Futuro,vosotros,barreréis,16,reviewed,
ES,barrer,Indicativo,Futuro,ellos,barrerán,16,reviewed,
ES,barrer,Indicativo,Pretérito perfecto compuesto,yo,he barrido,16,reviewed,
ES,barrer,Indicativo,Pretérito perfecto compuesto,tú,has barrido,16,reviewed,
ES,barrer,Indicativo,Pretérito perfecto compuesto,él,ha barrido,16,reviewed,
ES,barrer,Indicativo,Pretérito perfecto compuesto,nosotros,hemos barrido,16,reviewed,
ES,barrer,Indicativo,Pretérito perfecto compuesto,vosotros,habéis barrido,16,reviewed,
ES,barrer,Indicativo,Pretérito perfecto compuesto,ellos,han barrido,16,reviewed,
ES,barrer,Indicativo,Pretérito imperfecto,yo,barría,16,reviewed,
ES,barrer,Indicativo,Pretérito imperfecto,tú,barrías,16,reviewed,
ES,barrer,Indicativo,Pretérito imperfecto,él,barría,16,reviewed,
ES,barrer,Indicativo,Pretérito imperfecto,nosotros,barríamos,16,reviewed,
ES,barrer,Indicativo,Pretérito imperfecto,vosotros,barríais,16,reviewed,
ES,barrer,Indicativo,Pretérito imperfecto,ellos,barrían,16,reviewed,
ES,barrer,Condicional,Condicional,yo,barrería,16,reviewed,
ES,barrer,Condicional,Condicional,tú,barrerías,16,reviewed,
ES,barrer,Condicional,Condicional,él,barrería,16,reviewed,
ES,barrer,Condicional,Condicional,nosotros,barreríamos,16,reviewed,
ES,barrer,Condicional,Condicional,vosotros,barreríais,16,reviewed,
ES,barrer,Condicional,Condicional,ellos,barrerían,16,reviewed,
ES,barrer,Imperativo,Imperativo,yo,-,16,reviewed,Spanish has no standard first-person singular imperative; placeholder - used
ES,barrer,Imperativo,Imperativo,tú,barre,16,reviewed,
ES,barrer,Imperativo,Imperativo,él,barra,16,reviewed,
ES,barrer,Imperativo,Imperativo,nosotros,barramos,16,reviewed,
ES,barrer,Imperativo,Imperativo,vosotros,barred,16,reviewed,
ES,barrer,Imperativo,Imperativo,ellos,barran,16,reviewed,
ES,barrer,Indicativo,Futuro perfecto,yo,habré barrido,16,reviewed,
ES,barrer,Indicativo,Futuro perfecto,tú,habrás barrido,16,reviewed,
ES,barrer,Indicativo,Futuro perfecto,él,habrá barrido,16,reviewed,
ES,barrer,Indicativo,Futuro perfecto,nosotros,habremos barrido,16,reviewed,
ES,barrer,Indicativo,Futuro perfecto,vosotros,habréis barrido,16,reviewed,
ES,barrer,Indicativo,Futuro perfecto,ellos,habrán barrido,16,reviewed,
ES,barrer,Subjuntivo,Subjuntivo presente,yo,barra,16,reviewed,
ES,barrer,Subjuntivo,Subjuntivo presente,tú,barras,16,reviewed,
ES,barrer,Subjuntivo,Subjuntivo presente,él,barra,16,reviewed,
ES,barrer,Subjuntivo,Subjuntivo presente,nosotros,barramos,16,reviewed,
ES,barrer,Subjuntivo,Subjuntivo presente,vosotros,barráis,16,reviewed,
ES,barrer,Subjuntivo,Subjuntivo presente,ellos,barran,16,reviewed,
ES,barrer,Indicativo,Pretérito perfecto simple,yo,barrí,16,reviewed,
ES,barrer,Indicativo,Pretérito perfecto simple,tú,barriste,16,reviewed,
ES,barrer,Indicativo,Pretérito perfecto simple,él,barrió,16,reviewed,
ES,barrer,Indicativo,Pretérito perfecto simple,nosotros,barrimos,16,reviewed,
ES,barrer,Indicativo,Pretérito perfecto simple,vosotros,barristeis,16,reviewed,
ES,barrer,Indicativo,Pretérito perfecto simple,ellos,barrieron,16,reviewed,
ES,barrer,Indicativo,Pretérito pluscuamperfecto,yo,había barrido,16,reviewed,
ES,barrer,Indicativo,Pretérito pluscuamperfecto,tú,habías barrido,16,reviewed,
ES,barrer,Indicativo,Pretérito pluscuamperfecto,él,había barrido,16,reviewed,
ES,barrer,Indicativo,Pretérito pluscuamperfecto,nosotros,habíamos barrido,16,reviewed,
ES,barrer,Indicativo,Pretérito pluscuamperfecto,vosotros,habíais barrido,16,reviewed,
ES,barrer,Indicativo,Pretérito pluscuamperfecto,ellos,habían barrido,16,reviewed,
ES,simplificar,Indicativo,Presente,yo,simplifico,16,reviewed,
ES,simplificar,Indicativo,Presente,tú,simplificas,16,reviewed,
ES,simplificar,Indicativo,Presente,él,simplifica,16,reviewed,
ES,simplificar,Indicativo,Presente,nosotros,simplificamos,16,reviewed,
ES,simplificar,Indicativo,Presente,vosotros,simplificáis,16,reviewed,
ES,simplificar,Indicativo,Presente,ellos,simplifican,16,reviewed,
ES,simplificar,Indicativo,Futuro,yo,simplificaré,16,reviewed,
ES,simplificar,Indicativo,Futuro,tú,simplificarás,16,reviewed,
ES,simplificar,Indicativo,Futuro,él,simplificará,16,reviewed,
ES,simplificar,Indicativo,Futuro,nosotros,simplificaremos,16,reviewed,
ES,simplificar,Indicativo,Futuro,vosotros,simplificaréis,16,reviewed,
ES,simplificar,Indicativo,Futuro,ellos,simplificarán,16,reviewed,
ES,simplificar,Indicativo,Pretérito perfecto compuesto,yo,he simplificado,16,reviewed,
ES,simplificar,Indicativo,Pretérito perfecto compuesto,tú,has simplificado,16,reviewed,
ES,simplificar,Indicativo,Pretérito perfecto compuesto,él,ha simplificado,16,reviewed,
ES,simplificar,Indicativo,Pretérito perfecto compuesto,nosotros,hemos simplificado,16,reviewed,
ES,simplificar,Indicativo,Pretérito perfecto compuesto,vosotros,habéis simplificado,16,reviewed,
ES,simplificar,Indicativo,Pretérito perfecto compuesto,ellos,han simplificado,16,reviewed,
ES,simplificar,Indicativo,Pretérito imperfecto,yo,simplificaba,16,reviewed,
ES,simplificar,Indicativo,Pretérito imperfecto,tú,simplificabas,16,reviewed,
ES,simplificar,Indicativo,Pretérito imperfecto,él,simplificaba,16,reviewed,
ES,simplificar,Indicativo,Pretérito imperfecto,nosotros,simplificábamos,16,reviewed,
ES,simplificar,Indicativo,Pretérito imperfecto,vosotros,simplificabais,16,reviewed,
ES,simplificar,Indicativo,Pretérito imperfecto,ellos,simplificaban,16,reviewed,
ES,simplificar,Condicional,Condicional,yo,simplificaría,16,reviewed,
ES,simplificar,Condicional,Condicional,tú,simplificarías,16,reviewed,
ES,simplificar,Condicional,Condicional,él,simplificaría,16,reviewed,
ES,simplificar,Condicional,Condicional,nosotros,simplificaríamos,16,reviewed,
ES,simplificar,Condicional,Condicional,vosotros,simplificaríais,16,reviewed,
ES,simplificar,Condicional,Condicional,ellos,simplificarían,16,reviewed,
ES,simplificar,Imperativo,Imperativo,yo,-,16,reviewed,Spanish has no standard first-person singular imperative; placeholder - used
ES,simplificar,Imperativo,Imperativo,tú,simplifica,16,reviewed,
ES,simplificar,Imperativo,Imperativo,él,simplifique,16,reviewed,
ES,simplificar,Imperativo,Imperativo,nosotros,simplifiquemos,16,reviewed,
ES,simplificar,Imperativo,Imperativo,vosotros,simplificad,16,reviewed,
ES,simplificar,Imperativo,Imperativo,ellos,simplifiquen,16,reviewed,
ES,simplificar,Indicativo,Futuro perfecto,yo,habré simplificado,16,reviewed,
ES,simplificar,Indicativo,Futuro perfecto,tú,habrás simplificado,16,reviewed,
ES,simplificar,Indicativo,Futuro perfecto,él,habrá simplificado,16,reviewed,
ES,simplificar,Indicativo,Futuro perfecto,nosotros,habremos simplificado,16,reviewed,
ES,simplificar,Indicativo,Futuro perfecto,vosotros,habréis simplificado,16,reviewed,
ES,simplificar,Indicativo,Futuro perfecto,ellos,habrán simplificado,16,reviewed,
ES,simplificar,Subjuntivo,Subjuntivo presente,yo,simplifique,16,reviewed,
ES,simplificar,Subjuntivo,Subjuntivo presente,tú,simplifiques,16,reviewed,
ES,simplificar,Subjuntivo,Subjuntivo presente,él,simplifique,16,reviewed,
ES,simplificar,Subjuntivo,Subjuntivo presente,nosotros,simplifiquemos,16,reviewed,
ES,simplificar,Subjuntivo,Subjuntivo presente,vosotros,simplifiquéis,16,reviewed,
ES,simplificar,Subjuntivo,Subjuntivo presente,ellos,simplifiquen,16,reviewed,
ES,simplificar,Indicativo,Pretérito perfecto simple,yo,simplifiqué,16,reviewed,
ES,simplificar,Indicativo,Pretérito perfecto simple,tú,simplificaste,16,reviewed,
ES,simplificar,Indicativo,Pretérito perfecto simple,él,simplificó,16,reviewed,
ES,simplificar,Indicativo,Pretérito perfecto simple,nosotros,simplificamos,16,reviewed,
ES,simplificar,Indicativo,Pretérito perfecto simple,vosotros,simplificasteis,16,reviewed,
ES,simplificar,Indicativo,Pretérito perfecto simple,ellos,simplificaron,16,reviewed,
ES,simplificar,Indicativo,Pretérito pluscuamperfecto,yo,había simplificado,16,reviewed,
ES,simplificar,Indicativo,Pretérito pluscuamperfecto,tú,habías simplificado,16,reviewed,
ES,simplificar,Indicativo,Pretérito pluscuamperfecto,él,había simplificado,16,reviewed,
ES,simplificar,Indicativo,Pretérito pluscuamperfecto,nosotros,habíamos simplificado,16,reviewed,
ES,simplificar,Indicativo,Pretérito pluscuamperfecto,vosotros,habíais simplificado,16,reviewed,
ES,simplificar,Indicativo,Pretérito pluscuamperfecto,ellos,habían simplificado,16,reviewed,
ES,perfeccionar,Indicativo,Presente,yo,perfecciono,16,reviewed,
ES,perfeccionar,Indicativo,Presente,tú,perfeccionas,16,reviewed,
ES,perfeccionar,Indicativo,Presente,él,perfecciona,16,reviewed,
ES,perfeccionar,Indicativo,Presente,nosotros,perfeccionamos,16,reviewed,
ES,perfeccionar,Indicativo,Presente,vosotros,perfeccionáis,16,reviewed,
ES,perfeccionar,Indicativo,Presente,ellos,perfeccionan,16,reviewed,
ES,perfeccionar,Indicativo,Futuro,yo,perfeccionaré,16,reviewed,
ES,perfeccionar,Indicativo,Futuro,tú,perfeccionarás,16,reviewed,
ES,perfeccionar,Indicativo,Futuro,él,perfeccionará,16,reviewed,
ES,perfeccionar,Indicativo,Futuro,nosotros,perfeccionaremos,16,reviewed,
ES,perfeccionar,Indicativo,Futuro,vosotros,perfeccionaréis,16,reviewed,
ES,perfeccionar,Indicativo,Futuro,ellos,perfeccionarán,16,reviewed,
ES,perfeccionar,Indicativo,Pretérito perfecto compuesto,yo,he perfeccionado,16,reviewed,
ES,perfeccionar,Indicativo,Pretérito perfecto compuesto,tú,has perfeccionado,16,reviewed,
ES,perfeccionar,Indicativo,Pretérito perfecto compuesto,él,ha perfeccionado,16,reviewed,
ES,perfeccionar,Indicativo,Pretérito perfecto compuesto,nosotros,hemos perfeccionado,16,reviewed,
ES,perfeccionar,Indicativo,Pretérito perfecto compuesto,vosotros,habéis perfeccionado,16,reviewed,
ES,perfeccionar,Indicativo,Pretérito perfecto compuesto,ellos,han perfeccionado,16,reviewed,
ES,perfeccionar,Indicativo,Pretérito imperfecto,yo,perfeccionaba,16,reviewed,
ES,perfeccionar,Indicativo,Pretérito imperfecto,tú,perfeccionabas,16,reviewed,
ES,perfeccionar,Indicativo,Pretérito imperfecto,él,perfeccionaba,16,reviewed,
ES,perfeccionar,Indicativo,Pretérito imperfecto,nosotros,perfeccionábamos,16,reviewed,
ES,perfeccionar,Indicativo,Pretérito imperfecto,vosotros,perfeccionabais,16,reviewed,
ES,perfeccionar,Indicativo,Pretérito imperfecto,ellos,perfeccionaban,16,reviewed,
ES,perfeccionar,Condicional,Condicional,yo,perfeccionaría,16,reviewed,
ES,perfeccionar,Condicional,Condicional,tú,perfeccionarías,16,reviewed,
ES,perfeccionar,Condicional,Condicional,él,perfeccionaría,16,reviewed,
ES,perfeccionar,Condicional,Condicional,nosotros,perfeccionaríamos,16,reviewed,
ES,perfeccionar,Condicional,Condicional,vosotros,perfeccionaríais,16,reviewed,
ES,perfeccionar,Condicional,Condicional,ellos,perfeccionarían,16,reviewed,
ES,perfeccionar,Imperativo,Imperativo,yo,-,16,reviewed,Spanish has no standard first-person singular imperative; placeholder - used
ES,perfeccionar,Imperativo,Imperativo,tú,perfecciona,16,reviewed,
ES,perfeccionar,Imperativo,Imperativo,él,perfeccione,16,reviewed,
ES,perfeccionar,Imperativo,Imperativo,nosotros,perfeccionemos,16,reviewed,
ES,perfeccionar,Imperativo,Imperativo,vosotros,perfeccionad,16,reviewed,
ES,perfeccionar,Imperativo,Imperativo,ellos,perfeccionen,16,reviewed,
ES,perfeccionar,Indicativo,Futuro perfecto,yo,habré perfeccionado,16,reviewed,
ES,perfeccionar,Indicativo,Futuro perfecto,tú,habrás perfeccionado,16,reviewed,
ES,perfeccionar,Indicativo,Futuro perfecto,él,habrá perfeccionado,16,reviewed,
ES,perfeccionar,Indicativo,Futuro perfecto,nosotros,habremos perfeccionado,16,reviewed,
ES,perfeccionar,Indicativo,Futuro perfecto,vosotros,habréis perfeccionado,16,reviewed,
ES,perfeccionar,Indicativo,Futuro perfecto,ellos,habrán perfeccionado,16,reviewed,
ES,perfeccionar,Subjuntivo,Subjuntivo presente,yo,perfeccione,16,reviewed,
ES,perfeccionar,Subjuntivo,Subjuntivo presente,tú,perfecciones,16,reviewed,
ES,perfeccionar,Subjuntivo,Subjuntivo presente,él,perfeccione,16,reviewed,
ES,perfeccionar,Subjuntivo,Subjuntivo presente,nosotros,perfeccionemos,16,reviewed,
ES,perfeccionar,Subjuntivo,Subjuntivo presente,vosotros,perfeccionéis,16,reviewed,
ES,perfeccionar,Subjuntivo,Subjuntivo presente,ellos,perfeccionen,16,reviewed,
ES,perfeccionar,Indicativo,Pretérito perfecto simple,yo,perfeccioné,16,reviewed,
ES,perfeccionar,Indicativo,Pretérito perfecto simple,tú,perfeccionaste,16,reviewed,
ES,perfeccionar,Indicativo,Pretérito perfecto simple,él,perfeccionó,16,reviewed,
ES,perfeccionar,Indicativo,Pretérito perfecto simple,nosotros,perfeccionamos,16,reviewed,
ES,perfeccionar,Indicativo,Pretérito perfecto simple,vosotros,perfeccionasteis,16,reviewed,
ES,perfeccionar,Indicativo,Pretérito perfecto simple,ellos,perfeccionaron,16,reviewed,
ES,perfeccionar,Indicativo,Pretérito pluscuamperfecto,yo,había perfeccionado,16,reviewed,
ES,perfeccionar,Indicativo,Pretérito pluscuamperfecto,tú,habías perfeccionado,16,reviewed,
ES,perfeccionar,Indicativo,Pretérito pluscuamperfecto,él,había perfeccionado,16,reviewed,
ES,perfeccionar,Indicativo,Pretérito pluscuamperfecto,nosotros,habíamos perfeccionado,16,reviewed,
ES,perfeccionar,Indicativo,Pretérito pluscuamperfecto,vosotros,habíais perfeccionado,16,reviewed,
ES,perfeccionar,Indicativo,Pretérito pluscuamperfecto,ellos,habían perfeccionado,16,reviewed,
ES,agotar,Indicativo,Presente,yo,agoto,16,reviewed,
ES,agotar,Indicativo,Presente,tú,agotas,16,reviewed,
ES,agotar,Indicativo,Presente,él,agota,16,reviewed,
ES,agotar,Indicativo,Presente,nosotros,agotamos,16,reviewed,
ES,agotar,Indicativo,Presente,vosotros,agotáis,16,reviewed,
ES,agotar,Indicativo,Presente,ellos,agotan,16,reviewed,
ES,agotar,Indicativo,Futuro,yo,agotaré,16,reviewed,
ES,agotar,Indicativo,Futuro,tú,agotarás,16,reviewed,
ES,agotar,Indicativo,Futuro,él,agotará,16,reviewed,
ES,agotar,Indicativo,Futuro,nosotros,agotaremos,16,reviewed,
ES,agotar,Indicativo,Futuro,vosotros,agotaréis,16,reviewed,
ES,agotar,Indicativo,Futuro,ellos,agotarán,16,reviewed,
ES,agotar,Indicativo,Pretérito perfecto compuesto,yo,he agotado,16,reviewed,
ES,agotar,Indicativo,Pretérito perfecto compuesto,tú,has agotado,16,reviewed,
ES,agotar,Indicativo,Pretérito perfecto compuesto,él,ha agotado,16,reviewed,
ES,agotar,Indicativo,Pretérito perfecto compuesto,nosotros,hemos agotado,16,reviewed,
ES,agotar,Indicativo,Pretérito perfecto compuesto,vosotros,habéis agotado,16,reviewed,
ES,agotar,Indicativo,Pretérito perfecto compuesto,ellos,han agotado,16,reviewed,
ES,agotar,Indicativo,Pretérito imperfecto,yo,agotaba,16,reviewed,
ES,agotar,Indicativo,Pretérito imperfecto,tú,agotabas,16,reviewed,
ES,agotar,Indicativo,Pretérito imperfecto,él,agotaba,16,reviewed,
ES,agotar,Indicativo,Pretérito imperfecto,nosotros,agotábamos,16,reviewed,
ES,agotar,Indicativo,Pretérito imperfecto,vosotros,agotabais,16,reviewed,
ES,agotar,Indicativo,Pretérito imperfecto,ellos,agotaban,16,reviewed,
ES,agotar,Condicional,Condicional,yo,agotaría,16,reviewed,
ES,agotar,Condicional,Condicional,tú,agotarías,16,reviewed,
ES,agotar,Condicional,Condicional,él,agotaría,16,reviewed,
ES,agotar,Condicional,Condicional,nosotros,agotaríamos,16,reviewed,
ES,agotar,Condicional,Condicional,vosotros,agotaríais,16,reviewed,
ES,agotar,Condicional,Condicional,ellos,agotarían,16,reviewed,
ES,agotar,Imperativo,Imperativo,yo,-,16,reviewed,Spanish has no standard first-person singular imperative; placeholder - used
ES,agotar,Imperativo,Imperativo,tú,agota,16,reviewed,
ES,agotar,Imperativo,Imperativo,él,agote,16,reviewed,
ES,agotar,Imperativo,Imperativo,nosotros,agotemos,16,reviewed,
ES,agotar,Imperativo,Imperativo,vosotros,agotad,16,reviewed,
ES,agotar,Imperativo,Imperativo,ellos,agoten,16,reviewed,
ES,agotar,Indicativo,Futuro perfecto,yo,habré agotado,16,reviewed,
ES,agotar,Indicativo,Futuro perfecto,tú,habrás agotado,16,reviewed,
ES,agotar,Indicativo,Futuro perfecto,él,habrá agotado,16,reviewed,
ES,agotar,Indicativo,Futuro perfecto,nosotros,habremos agotado,16,reviewed,
ES,agotar,Indicativo,Futuro perfecto,vosotros,habréis agotado,16,reviewed,
ES,agotar,Indicativo,Futuro perfecto,ellos,habrán agotado,16,reviewed,
ES,agotar,Subjuntivo,Subjuntivo presente,yo,agote,16,reviewed,
ES,agotar,Subjuntivo,Subjuntivo presente,tú,agotes,16,reviewed,
ES,agotar,Subjuntivo,Subjuntivo presente,él,agote,16,reviewed,
ES,agotar,Subjuntivo,Subjuntivo presente,nosotros,agotemos,16,reviewed,
ES,agotar,Subjuntivo,Subjuntivo presente,vosotros,agotéis,16,reviewed,
ES,agotar,Subjuntivo,Subjuntivo presente,ellos,agoten,16,reviewed,
ES,agotar,Indicativo,Pretérito perfecto simple,yo,agoté,16,reviewed,
ES,agotar,Indicativo,Pretérito perfecto simple,tú,agotaste,16,reviewed,
ES,agotar,Indicativo,Pretérito perfecto simple,él,agotó,16,reviewed,
ES,agotar,Indicativo,Pretérito perfecto simple,nosotros,agotamos,16,reviewed,
ES,agotar,Indicativo,Pretérito perfecto simple,vosotros,agotasteis,16,reviewed,
ES,agotar,Indicativo,Pretérito perfecto simple,ellos,agotaron,16,reviewed,
ES,agotar,Indicativo,Pretérito pluscuamperfecto,yo,había agotado,16,reviewed,
ES,agotar,Indicativo,Pretérito pluscuamperfecto,tú,habías agotado,16,reviewed,
ES,agotar,Indicativo,Pretérito pluscuamperfecto,él,había agotado,16,reviewed,
ES,agotar,Indicativo,Pretérito pluscuamperfecto,nosotros,habíamos agotado,16,reviewed,
ES,agotar,Indicativo,Pretérito pluscuamperfecto,vosotros,habíais agotado,16,reviewed,
ES,agotar,Indicativo,Pretérito pluscuamperfecto,ellos,habían agotado,16,reviewed,
ES,florecer,Indicativo,Presente,yo,florezco,16,reviewed,first-person singular florezco; QA recommended
ES,florecer,Indicativo,Presente,tú,floreces,16,reviewed,first-person singular florezco; QA recommended
ES,florecer,Indicativo,Presente,él,florece,16,reviewed,first-person singular florezco; QA recommended
ES,florecer,Indicativo,Presente,nosotros,florecemos,16,reviewed,first-person singular florezco; QA recommended
ES,florecer,Indicativo,Presente,vosotros,florecéis,16,reviewed,first-person singular florezco; QA recommended
ES,florecer,Indicativo,Presente,ellos,florecen,16,reviewed,first-person singular florezco; QA recommended
ES,florecer,Indicativo,Futuro,yo,floreceré,16,reviewed,first-person singular florezco; QA recommended
ES,florecer,Indicativo,Futuro,tú,florecerás,16,reviewed,first-person singular florezco; QA recommended
ES,florecer,Indicativo,Futuro,él,florecerá,16,reviewed,first-person singular florezco; QA recommended
ES,florecer,Indicativo,Futuro,nosotros,floreceremos,16,reviewed,first-person singular florezco; QA recommended
ES,florecer,Indicativo,Futuro,vosotros,floreceréis,16,reviewed,first-person singular florezco; QA recommended
ES,florecer,Indicativo,Futuro,ellos,florecerán,16,reviewed,first-person singular florezco; QA recommended
ES,florecer,Indicativo,Pretérito perfecto compuesto,yo,he florecido,16,reviewed,first-person singular florezco; QA recommended
ES,florecer,Indicativo,Pretérito perfecto compuesto,tú,has florecido,16,reviewed,first-person singular florezco; QA recommended
ES,florecer,Indicativo,Pretérito perfecto compuesto,él,ha florecido,16,reviewed,first-person singular florezco; QA recommended
ES,florecer,Indicativo,Pretérito perfecto compuesto,nosotros,hemos florecido,16,reviewed,first-person singular florezco; QA recommended
ES,florecer,Indicativo,Pretérito perfecto compuesto,vosotros,habéis florecido,16,reviewed,first-person singular florezco; QA recommended
ES,florecer,Indicativo,Pretérito perfecto compuesto,ellos,han florecido,16,reviewed,first-person singular florezco; QA recommended
ES,florecer,Indicativo,Pretérito imperfecto,yo,florecía,16,reviewed,first-person singular florezco; QA recommended
ES,florecer,Indicativo,Pretérito imperfecto,tú,florecías,16,reviewed,first-person singular florezco; QA recommended
ES,florecer,Indicativo,Pretérito imperfecto,él,florecía,16,reviewed,first-person singular florezco; QA recommended
ES,florecer,Indicativo,Pretérito imperfecto,nosotros,florecíamos,16,reviewed,first-person singular florezco; QA recommended
ES,florecer,Indicativo,Pretérito imperfecto,vosotros,florecíais,16,reviewed,first-person singular florezco; QA recommended
ES,florecer,Indicativo,Pretérito imperfecto,ellos,florecían,16,reviewed,first-person singular florezco; QA recommended
ES,florecer,Condicional,Condicional,yo,florecería,16,reviewed,first-person singular florezco; QA recommended
ES,florecer,Condicional,Condicional,tú,florecerías,16,reviewed,first-person singular florezco; QA recommended
ES,florecer,Condicional,Condicional,él,florecería,16,reviewed,first-person singular florezco; QA recommended
ES,florecer,Condicional,Condicional,nosotros,floreceríamos,16,reviewed,first-person singular florezco; QA recommended
ES,florecer,Condicional,Condicional,vosotros,floreceríais,16,reviewed,first-person singular florezco; QA recommended
ES,florecer,Condicional,Condicional,ellos,florecerían,16,reviewed,first-person singular florezco; QA recommended
ES,florecer,Imperativo,Imperativo,yo,-,16,reviewed,first-person singular florezco; QA recommended; Spanish has no standard first-person singular imperative; placeholder - used
ES,florecer,Imperativo,Imperativo,tú,florece,16,reviewed,first-person singular florezco; QA recommended
ES,florecer,Imperativo,Imperativo,él,florezca,16,reviewed,first-person singular florezco; QA recommended
ES,florecer,Imperativo,Imperativo,nosotros,florezcamos,16,reviewed,first-person singular florezco; QA recommended
ES,florecer,Imperativo,Imperativo,vosotros,floreced,16,reviewed,first-person singular florezco; QA recommended
ES,florecer,Imperativo,Imperativo,ellos,florezcan,16,reviewed,first-person singular florezco; QA recommended
ES,florecer,Indicativo,Futuro perfecto,yo,habré florecido,16,reviewed,first-person singular florezco; QA recommended
ES,florecer,Indicativo,Futuro perfecto,tú,habrás florecido,16,reviewed,first-person singular florezco; QA recommended
ES,florecer,Indicativo,Futuro perfecto,él,habrá florecido,16,reviewed,first-person singular florezco; QA recommended
ES,florecer,Indicativo,Futuro perfecto,nosotros,habremos florecido,16,reviewed,first-person singular florezco; QA recommended
ES,florecer,Indicativo,Futuro perfecto,vosotros,habréis florecido,16,reviewed,first-person singular florezco; QA recommended
ES,florecer,Indicativo,Futuro perfecto,ellos,habrán florecido,16,reviewed,first-person singular florezco; QA recommended
ES,florecer,Subjuntivo,Subjuntivo presente,yo,florezca,16,reviewed,first-person singular florezco; QA recommended
ES,florecer,Subjuntivo,Subjuntivo presente,tú,florezcas,16,reviewed,first-person singular florezco; QA recommended
ES,florecer,Subjuntivo,Subjuntivo presente,él,florezca,16,reviewed,first-person singular florezco; QA recommended
ES,florecer,Subjuntivo,Subjuntivo presente,nosotros,florezcamos,16,reviewed,first-person singular florezco; QA recommended
ES,florecer,Subjuntivo,Subjuntivo presente,vosotros,florezcáis,16,reviewed,first-person singular florezco; QA recommended
ES,florecer,Subjuntivo,Subjuntivo presente,ellos,florezcan,16,reviewed,first-person singular florezco; QA recommended
ES,florecer,Indicativo,Pretérito perfecto simple,yo,florecí,16,reviewed,first-person singular florezco; QA recommended
ES,florecer,Indicativo,Pretérito perfecto simple,tú,floreciste,16,reviewed,first-person singular florezco; QA recommended
ES,florecer,Indicativo,Pretérito perfecto simple,él,floreció,16,reviewed,first-person singular florezco; QA recommended
ES,florecer,Indicativo,Pretérito perfecto simple,nosotros,florecimos,16,reviewed,first-person singular florezco; QA recommended
ES,florecer,Indicativo,Pretérito perfecto simple,vosotros,florecisteis,16,reviewed,first-person singular florezco; QA recommended
ES,florecer,Indicativo,Pretérito perfecto simple,ellos,florecieron,16,reviewed,first-person singular florezco; QA recommended
ES,florecer,Indicativo,Pretérito pluscuamperfecto,yo,había florecido,16,reviewed,first-person singular florezco; QA recommended
ES,florecer,Indicativo,Pretérito pluscuamperfecto,tú,habías florecido,16,reviewed,first-person singular florezco; QA recommended
ES,florecer,Indicativo,Pretérito pluscuamperfecto,él,había florecido,16,reviewed,first-person singular florezco; QA recommended
ES,florecer,Indicativo,Pretérito pluscuamperfecto,nosotros,habíamos florecido,16,reviewed,first-person singular florezco; QA recommended
ES,florecer,Indicativo,Pretérito pluscuamperfecto,vosotros,habíais florecido,16,reviewed,first-person singular florezco; QA recommended
ES,florecer,Indicativo,Pretérito pluscuamperfecto,ellos,habían florecido,16,reviewed,first-person singular florezco; QA recommended
ES,prosperar,Indicativo,Presente,yo,prospero,16,reviewed,
ES,prosperar,Indicativo,Presente,tú,prosperas,16,reviewed,
ES,prosperar,Indicativo,Presente,él,prospera,16,reviewed,
ES,prosperar,Indicativo,Presente,nosotros,prosperamos,16,reviewed,
ES,prosperar,Indicativo,Presente,vosotros,prosperáis,16,reviewed,
ES,prosperar,Indicativo,Presente,ellos,prosperan,16,reviewed,
ES,prosperar,Indicativo,Futuro,yo,prosperaré,16,reviewed,
ES,prosperar,Indicativo,Futuro,tú,prosperarás,16,reviewed,
ES,prosperar,Indicativo,Futuro,él,prosperará,16,reviewed,
ES,prosperar,Indicativo,Futuro,nosotros,prosperaremos,16,reviewed,
ES,prosperar,Indicativo,Futuro,vosotros,prosperaréis,16,reviewed,
ES,prosperar,Indicativo,Futuro,ellos,prosperarán,16,reviewed,
ES,prosperar,Indicativo,Pretérito perfecto compuesto,yo,he prosperado,16,reviewed,
ES,prosperar,Indicativo,Pretérito perfecto compuesto,tú,has prosperado,16,reviewed,
ES,prosperar,Indicativo,Pretérito perfecto compuesto,él,ha prosperado,16,reviewed,
ES,prosperar,Indicativo,Pretérito perfecto compuesto,nosotros,hemos prosperado,16,reviewed,
ES,prosperar,Indicativo,Pretérito perfecto compuesto,vosotros,habéis prosperado,16,reviewed,
ES,prosperar,Indicativo,Pretérito perfecto compuesto,ellos,han prosperado,16,reviewed,
ES,prosperar,Indicativo,Pretérito imperfecto,yo,prosperaba,16,reviewed,
ES,prosperar,Indicativo,Pretérito imperfecto,tú,prosperabas,16,reviewed,
ES,prosperar,Indicativo,Pretérito imperfecto,él,prosperaba,16,reviewed,
ES,prosperar,Indicativo,Pretérito imperfecto,nosotros,prosperábamos,16,reviewed,
ES,prosperar,Indicativo,Pretérito imperfecto,vosotros,prosperabais,16,reviewed,
ES,prosperar,Indicativo,Pretérito imperfecto,ellos,prosperaban,16,reviewed,
ES,prosperar,Condicional,Condicional,yo,prosperaría,16,reviewed,
ES,prosperar,Condicional,Condicional,tú,prosperarías,16,reviewed,
ES,prosperar,Condicional,Condicional,él,prosperaría,16,reviewed,
ES,prosperar,Condicional,Condicional,nosotros,prosperaríamos,16,reviewed,
ES,prosperar,Condicional,Condicional,vosotros,prosperaríais,16,reviewed,
ES,prosperar,Condicional,Condicional,ellos,prosperarían,16,reviewed,
ES,prosperar,Imperativo,Imperativo,yo,-,16,reviewed,Spanish has no standard first-person singular imperative; placeholder - used
ES,prosperar,Imperativo,Imperativo,tú,prospera,16,reviewed,
ES,prosperar,Imperativo,Imperativo,él,prospere,16,reviewed,
ES,prosperar,Imperativo,Imperativo,nosotros,prosperemos,16,reviewed,
ES,prosperar,Imperativo,Imperativo,vosotros,prosperad,16,reviewed,
ES,prosperar,Imperativo,Imperativo,ellos,prosperen,16,reviewed,
ES,prosperar,Indicativo,Futuro perfecto,yo,habré prosperado,16,reviewed,
ES,prosperar,Indicativo,Futuro perfecto,tú,habrás prosperado,16,reviewed,
ES,prosperar,Indicativo,Futuro perfecto,él,habrá prosperado,16,reviewed,
ES,prosperar,Indicativo,Futuro perfecto,nosotros,habremos prosperado,16,reviewed,
ES,prosperar,Indicativo,Futuro perfecto,vosotros,habréis prosperado,16,reviewed,
ES,prosperar,Indicativo,Futuro perfecto,ellos,habrán prosperado,16,reviewed,
ES,prosperar,Subjuntivo,Subjuntivo presente,yo,prospere,16,reviewed,
ES,prosperar,Subjuntivo,Subjuntivo presente,tú,prosperes,16,reviewed,
ES,prosperar,Subjuntivo,Subjuntivo presente,él,prospere,16,reviewed,
ES,prosperar,Subjuntivo,Subjuntivo presente,nosotros,prosperemos,16,reviewed,
ES,prosperar,Subjuntivo,Subjuntivo presente,vosotros,prosperéis,16,reviewed,
ES,prosperar,Subjuntivo,Subjuntivo presente,ellos,prosperen,16,reviewed,
ES,prosperar,Indicativo,Pretérito perfecto simple,yo,prosperé,16,reviewed,
ES,prosperar,Indicativo,Pretérito perfecto simple,tú,prosperaste,16,reviewed,
ES,prosperar,Indicativo,Pretérito perfecto simple,él,prosperó,16,reviewed,
ES,prosperar,Indicativo,Pretérito perfecto simple,nosotros,prosperamos,16,reviewed,
ES,prosperar,Indicativo,Pretérito perfecto simple,vosotros,prosperasteis,16,reviewed,
ES,prosperar,Indicativo,Pretérito perfecto simple,ellos,prosperaron,16,reviewed,
ES,prosperar,Indicativo,Pretérito pluscuamperfecto,yo,había prosperado,16,reviewed,
ES,prosperar,Indicativo,Pretérito pluscuamperfecto,tú,habías prosperado,16,reviewed,
ES,prosperar,Indicativo,Pretérito pluscuamperfecto,él,había prosperado,16,reviewed,
ES,prosperar,Indicativo,Pretérito pluscuamperfecto,nosotros,habíamos prosperado,16,reviewed,
ES,prosperar,Indicativo,Pretérito pluscuamperfecto,vosotros,habíais prosperado,16,reviewed,
ES,prosperar,Indicativo,Pretérito pluscuamperfecto,ellos,habían prosperado,16,reviewed,
EN,resign,Indicative,Present,I,resign,16,reviewed,hand-curated English batches 6-20; no conjugation library; English infinitive mapped from French rank 751
EN,resign,Indicative,Present,you,resign,16,reviewed,hand-curated English batches 6-20; no conjugation library; English infinitive mapped from French rank 751
EN,resign,Indicative,Present,"he (she, it)",resigns,16,reviewed,hand-curated English batches 6-20; no conjugation library; English infinitive mapped from French rank 751
EN,resign,Indicative,Present,we,resign,16,reviewed,hand-curated English batches 6-20; no conjugation library; English infinitive mapped from French rank 751
EN,resign,Indicative,Present,you (pl.),resign,16,reviewed,hand-curated English batches 6-20; no conjugation library; English infinitive mapped from French rank 751
EN,resign,Indicative,Present,they,resign,16,reviewed,hand-curated English batches 6-20; no conjugation library; English infinitive mapped from French rank 751
EN,resign,Indicative,Past,I,resigned,16,reviewed,hand-curated English batches 6-20; no conjugation library; English infinitive mapped from French rank 751
EN,resign,Indicative,Past,you,resigned,16,reviewed,hand-curated English batches 6-20; no conjugation library; English infinitive mapped from French rank 751
EN,resign,Indicative,Past,"he (she, it)",resigned,16,reviewed,hand-curated English batches 6-20; no conjugation library; English infinitive mapped from French rank 751
EN,resign,Indicative,Past,we,resigned,16,reviewed,hand-curated English batches 6-20; no conjugation library; English infinitive mapped from French rank 751
EN,resign,Indicative,Past,you (pl.),resigned,16,reviewed,hand-curated English batches 6-20; no conjugation library; English infinitive mapped from French rank 751
EN,resign,Indicative,Past,they,resigned,16,reviewed,hand-curated English batches 6-20; no conjugation library; English infinitive mapped from French rank 751
EN,resign,Indicative,Future,I,will resign,16,reviewed,hand-curated English batches 6-20; no conjugation library; English infinitive mapped from French rank 751
EN,resign,Indicative,Future,you,will resign,16,reviewed,hand-curated English batches 6-20; no conjugation library; English infinitive mapped from French rank 751
EN,resign,Indicative,Future,"he (she, it)",will resign,16,reviewed,hand-curated English batches 6-20; no conjugation library; English infinitive mapped from French rank 751
EN,resign,Indicative,Future,we,will resign,16,reviewed,hand-curated English batches 6-20; no conjugation library; English infinitive mapped from French rank 751
EN,resign,Indicative,Future,you (pl.),will resign,16,reviewed,hand-curated English batches 6-20; no conjugation library; English infinitive mapped from French rank 751
EN,resign,Indicative,Future,they,will resign,16,reviewed,hand-curated English batches 6-20; no conjugation library; English infinitive mapped from French rank 751
EN,hasten,Indicative,Present,I,hasten,16,reviewed,hand-curated English batches 6-20; no conjugation library; English infinitive mapped from French rank 752
EN,hasten,Indicative,Present,you,hasten,16,reviewed,hand-curated English batches 6-20; no conjugation library; English infinitive mapped from French rank 752
EN,hasten,Indicative,Present,"he (she, it)",hastens,16,reviewed,hand-curated English batches 6-20; no conjugation library; English infinitive mapped from French rank 752
EN,hasten,Indicative,Present,we,hasten,16,reviewed,hand-curated English batches 6-20; no conjugation library; English infinitive mapped from French rank 752
EN,hasten,Indicative,Present,you (pl.),hasten,16,reviewed,hand-curated English batches 6-20; no conjugation library; English infinitive mapped from French rank 752
EN,hasten,Indicative,Present,they,hasten,16,reviewed,hand-curated English batches 6-20; no conjugation library; English infinitive mapped from French rank 752
EN,hasten,Indicative,Past,I,hastened,16,reviewed,hand-curated English batches 6-20; no conjugation library; English infinitive mapped from French rank 752
EN,hasten,Indicative,Past,you,hastened,16,reviewed,hand-curated English batches 6-20; no conjugation library; English infinitive mapped from French rank 752
EN,hasten,Indicative,Past,"he (she, it)",hastened,16,reviewed,hand-curated English batches 6-20; no conjugation library; English infinitive mapped from French rank 752
EN,hasten,Indicative,Past,we,hastened,16,reviewed,hand-curated English batches 6-20; no conjugation library; English infinitive mapped from French rank 752
EN,hasten,Indicative,Past,you (pl.),hastened,16,reviewed,hand-curated English batches 6-20; no conjugation library; English infinitive mapped from French rank 752
EN,hasten,Indicative,Past,they,hastened,16,reviewed,hand-curated English batches 6-20; no conjugation library; English infinitive mapped from French rank 752
EN,hasten,Indicative,Future,I,will hasten,16,reviewed,hand-curated English batches 6-20; no conjugation library; English infinitive mapped from French rank 752
EN,hasten,Indicative,Future,you,will hasten,16,reviewed,hand-curated English batches 6-20; no conjugation library; English infinitive mapped from French rank 752
EN,hasten,Indicative,Future,"he (she, it)",will hasten,16,reviewed,hand-curated English batches 6-20; no conjugation library; English infinitive mapped from French rank 752
EN,hasten,Indicative,Future,we,will hasten,16,reviewed,hand-curated English batches 6-20; no conjugation library; English infinitive mapped from French rank 752
EN,hasten,Indicative,Future,you (pl.),will hasten,16,reviewed,hand-curated English batches 6-20; no conjugation library; English infinitive mapped from French rank 752
EN,hasten,Indicative,Future,they,will hasten,16,reviewed,hand-curated English batches 6-20; no conjugation library; English infinitive mapped from French rank 752
EN,challenge,Indicative,Present,I,challenge,16,reviewed,hand-curated English batches 6-20; no conjugation library; English infinitive mapped from French rank 753
EN,challenge,Indicative,Present,you,challenge,16,reviewed,hand-curated English batches 6-20; no conjugation library; English infinitive mapped from French rank 753
EN,challenge,Indicative,Present,"he (she, it)",challenges,16,reviewed,hand-curated English batches 6-20; no conjugation library; English infinitive mapped from French rank 753
EN,challenge,Indicative,Present,we,challenge,16,reviewed,hand-curated English batches 6-20; no conjugation library; English infinitive mapped from French rank 753
EN,challenge,Indicative,Present,you (pl.),challenge,16,reviewed,hand-curated English batches 6-20; no conjugation library; English infinitive mapped from French rank 753
EN,challenge,Indicative,Present,they,challenge,16,reviewed,hand-curated English batches 6-20; no conjugation library; English infinitive mapped from French rank 753
EN,challenge,Indicative,Past,I,challenged,16,reviewed,hand-curated English batches 6-20; no conjugation library; English infinitive mapped from French rank 753
EN,challenge,Indicative,Past,you,challenged,16,reviewed,hand-curated English batches 6-20; no conjugation library; English infinitive mapped from French rank 753
EN,challenge,Indicative,Past,"he (she, it)",challenged,16,reviewed,hand-curated English batches 6-20; no conjugation library; English infinitive mapped from French rank 753
EN,challenge,Indicative,Past,we,challenged,16,reviewed,hand-curated English batches 6-20; no conjugation library; English infinitive mapped from French rank 753
EN,challenge,Indicative,Past,you (pl.),challenged,16,reviewed,hand-curated English batches 6-20; no conjugation library; English infinitive mapped from French rank 753
EN,challenge,Indicative,Past,they,challenged,16,reviewed,hand-curated English batches 6-20; no conjugation library; English infinitive mapped from French rank 753
EN,challenge,Indicative,Future,I,will challenge,16,reviewed,hand-curated English batches 6-20; no conjugation library; English infinitive mapped from French rank 753
EN,challenge,Indicative,Future,you,will challenge,16,reviewed,hand-curated English batches 6-20; no conjugation library; English infinitive mapped from French rank 753
EN,challenge,Indicative,Future,"he (she, it)",will challenge,16,reviewed,hand-curated English batches 6-20; no conjugation library; English infinitive mapped from French rank 753
EN,challenge,Indicative,Future,we,will challenge,16,reviewed,hand-curated English batches 6-20; no conjugation library; English infinitive mapped from French rank 753
EN,challenge,Indicative,Future,you (pl.),will challenge,16,reviewed,hand-curated English batches 6-20; no conjugation library; English infinitive mapped from French rank 753
EN,challenge,Indicative,Future,they,will challenge,16,reviewed,hand-curated English batches 6-20; no conjugation library; English infinitive mapped from French rank 753
EN,praise,Indicative,Present,I,praise,16,reviewed,hand-curated English batches 6-20; no conjugation library; English infinitive mapped from French rank 754
EN,praise,Indicative,Present,you,praise,16,reviewed,hand-curated English batches 6-20; no conjugation library; English infinitive mapped from French rank 754
EN,praise,Indicative,Present,"he (she, it)",praises,16,reviewed,hand-curated English batches 6-20; no conjugation library; English infinitive mapped from French rank 754
EN,praise,Indicative,Present,we,praise,16,reviewed,hand-curated English batches 6-20; no conjugation library; English infinitive mapped from French rank 754
EN,praise,Indicative,Present,you (pl.),praise,16,reviewed,hand-curated English batches 6-20; no conjugation library; English infinitive mapped from French rank 754
EN,praise,Indicative,Present,they,praise,16,reviewed,hand-curated English batches 6-20; no conjugation library; English infinitive mapped from French rank 754
EN,praise,Indicative,Past,I,praised,16,reviewed,hand-curated English batches 6-20; no conjugation library; English infinitive mapped from French rank 754
EN,praise,Indicative,Past,you,praised,16,reviewed,hand-curated English batches 6-20; no conjugation library; English infinitive mapped from French rank 754
EN,praise,Indicative,Past,"he (she, it)",praised,16,reviewed,hand-curated English batches 6-20; no conjugation library; English infinitive mapped from French rank 754
EN,praise,Indicative,Past,we,praised,16,reviewed,hand-curated English batches 6-20; no conjugation library; English infinitive mapped from French rank 754
EN,praise,Indicative,Past,you (pl.),praised,16,reviewed,hand-curated English batches 6-20; no conjugation library; English infinitive mapped from French rank 754
EN,praise,Indicative,Past,they,praised,16,reviewed,hand-curated English batches 6-20; no conjugation library; English infinitive mapped from French rank 754
EN,praise,Indicative,Future,I,will praise,16,reviewed,hand-curated English batches 6-20; no conjugation library; English infinitive mapped from French rank 754
EN,praise,Indicative,Future,you,will praise,16,reviewed,hand-curated English batches 6-20; no conjugation library; English infinitive mapped from French rank 754
EN,praise,Indicative,Future,"he (she, it)",will praise,16,reviewed,hand-curated English batches 6-20; no conjugation library; English infinitive mapped from French rank 754
EN,praise,Indicative,Future,we,will praise,16,reviewed,hand-curated English batches 6-20; no conjugation library; English infinitive mapped from French rank 754
EN,praise,Indicative,Future,you (pl.),will praise,16,reviewed,hand-curated English batches 6-20; no conjugation library; English infinitive mapped from French rank 754
EN,praise,Indicative,Future,they,will praise,16,reviewed,hand-curated English batches 6-20; no conjugation library; English infinitive mapped from French rank 754
EN,cover again,Indicative,Present,I,cover again,16,reviewed,hand-curated English batches 6-20; no conjugation library; English infinitive mapped from French rank 755
EN,cover again,Indicative,Present,you,cover again,16,reviewed,hand-curated English batches 6-20; no conjugation library; English infinitive mapped from French rank 755
EN,cover again,Indicative,Present,"he (she, it)",covers again,16,reviewed,hand-curated English batches 6-20; no conjugation library; English infinitive mapped from French rank 755
EN,cover again,Indicative,Present,we,cover again,16,reviewed,hand-curated English batches 6-20; no conjugation library; English infinitive mapped from French rank 755
EN,cover again,Indicative,Present,you (pl.),cover again,16,reviewed,hand-curated English batches 6-20; no conjugation library; English infinitive mapped from French rank 755
EN,cover again,Indicative,Present,they,cover again,16,reviewed,hand-curated English batches 6-20; no conjugation library; English infinitive mapped from French rank 755
EN,cover again,Indicative,Past,I,covered again,16,reviewed,hand-curated English batches 6-20; no conjugation library; English infinitive mapped from French rank 755
EN,cover again,Indicative,Past,you,covered again,16,reviewed,hand-curated English batches 6-20; no conjugation library; English infinitive mapped from French rank 755
EN,cover again,Indicative,Past,"he (she, it)",covered again,16,reviewed,hand-curated English batches 6-20; no conjugation library; English infinitive mapped from French rank 755
EN,cover again,Indicative,Past,we,covered again,16,reviewed,hand-curated English batches 6-20; no conjugation library; English infinitive mapped from French rank 755
EN,cover again,Indicative,Past,you (pl.),covered again,16,reviewed,hand-curated English batches 6-20; no conjugation library; English infinitive mapped from French rank 755
EN,cover again,Indicative,Past,they,covered again,16,reviewed,hand-curated English batches 6-20; no conjugation library; English infinitive mapped from French rank 755
EN,cover again,Indicative,Future,I,will cover again,16,reviewed,hand-curated English batches 6-20; no conjugation library; English infinitive mapped from French rank 755
EN,cover again,Indicative,Future,you,will cover again,16,reviewed,hand-curated English batches 6-20; no conjugation library; English infinitive mapped from French rank 755
EN,cover again,Indicative,Future,"he (she, it)",will cover again,16,reviewed,hand-curated English batches 6-20; no conjugation library; English infinitive mapped from French rank 755
EN,cover again,Indicative,Future,we,will cover again,16,reviewed,hand-curated English batches 6-20; no conjugation library; English infinitive mapped from French rank 755
EN,cover again,Indicative,Future,you (pl.),will cover again,16,reviewed,hand-curated English batches 6-20; no conjugation library; English infinitive mapped from French rank 755
EN,cover again,Indicative,Future,they,will cover again,16,reviewed,hand-curated English batches 6-20; no conjugation library; English infinitive mapped from French rank 755
EN,criticize,Indicative,Present,I,criticize,16,reviewed,hand-curated English batches 6-20; no conjugation library; English infinitive mapped from French rank 756
EN,criticize,Indicative,Present,you,criticize,16,reviewed,hand-curated English batches 6-20; no conjugation library; English infinitive mapped from French rank 756
EN,criticize,Indicative,Present,"he (she, it)",criticizes,16,reviewed,hand-curated English batches 6-20; no conjugation library; English infinitive mapped from French rank 756
EN,criticize,Indicative,Present,we,criticize,16,reviewed,hand-curated English batches 6-20; no conjugation library; English infinitive mapped from French rank 756
EN,criticize,Indicative,Present,you (pl.),criticize,16,reviewed,hand-curated English batches 6-20; no conjugation library; English infinitive mapped from French rank 756
EN,criticize,Indicative,Present,they,criticize,16,reviewed,hand-curated English batches 6-20; no conjugation library; English infinitive mapped from French rank 756
EN,criticize,Indicative,Past,I,criticized,16,reviewed,hand-curated English batches 6-20; no conjugation library; English infinitive mapped from French rank 756
EN,criticize,Indicative,Past,you,criticized,16,reviewed,hand-curated English batches 6-20; no conjugation library; English infinitive mapped from French rank 756
EN,criticize,Indicative,Past,"he (she, it)",criticized,16,reviewed,hand-curated English batches 6-20; no conjugation library; English infinitive mapped from French rank 756
EN,criticize,Indicative,Past,we,criticized,16,reviewed,hand-curated English batches 6-20; no conjugation library; English infinitive mapped from French rank 756
EN,criticize,Indicative,Past,you (pl.),criticized,16,reviewed,hand-curated English batches 6-20; no conjugation library; English infinitive mapped from French rank 756
EN,criticize,Indicative,Past,they,criticized,16,reviewed,hand-curated English batches 6-20; no conjugation library; English infinitive mapped from French rank 756
EN,criticize,Indicative,Future,I,will criticize,16,reviewed,hand-curated English batches 6-20; no conjugation library; English infinitive mapped from French rank 756
EN,criticize,Indicative,Future,you,will criticize,16,reviewed,hand-curated English batches 6-20; no conjugation library; English infinitive mapped from French rank 756
EN,criticize,Indicative,Future,"he (she, it)",will criticize,16,reviewed,hand-curated English batches 6-20; no conjugation library; English infinitive mapped from French rank 756
EN,criticize,Indicative,Future,we,will criticize,16,reviewed,hand-curated English batches 6-20; no conjugation library; English infinitive mapped from French rank 756
EN,criticize,Indicative,Future,you (pl.),will criticize,16,reviewed,hand-curated English batches 6-20; no conjugation library; English infinitive mapped from French rank 756
EN,criticize,Indicative,Future,they,will criticize,16,reviewed,hand-curated English batches 6-20; no conjugation library; English infinitive mapped from French rank 756
EN,cross,Indicative,Present,I,cross,16,reviewed,hand-curated English batches 6-20; no conjugation library; English infinitive mapped from French rank 757
EN,cross,Indicative,Present,you,cross,16,reviewed,hand-curated English batches 6-20; no conjugation library; English infinitive mapped from French rank 757
EN,cross,Indicative,Present,"he (she, it)",crosses,16,reviewed,hand-curated English batches 6-20; no conjugation library; English infinitive mapped from French rank 757
EN,cross,Indicative,Present,we,cross,16,reviewed,hand-curated English batches 6-20; no conjugation library; English infinitive mapped from French rank 757
EN,cross,Indicative,Present,you (pl.),cross,16,reviewed,hand-curated English batches 6-20; no conjugation library; English infinitive mapped from French rank 757
EN,cross,Indicative,Present,they,cross,16,reviewed,hand-curated English batches 6-20; no conjugation library; English infinitive mapped from French rank 757
EN,cross,Indicative,Past,I,crossed,16,reviewed,hand-curated English batches 6-20; no conjugation library; English infinitive mapped from French rank 757
EN,cross,Indicative,Past,you,crossed,16,reviewed,hand-curated English batches 6-20; no conjugation library; English infinitive mapped from French rank 757
EN,cross,Indicative,Past,"he (she, it)",crossed,16,reviewed,hand-curated English batches 6-20; no conjugation library; English infinitive mapped from French rank 757
EN,cross,Indicative,Past,we,crossed,16,reviewed,hand-curated English batches 6-20; no conjugation library; English infinitive mapped from French rank 757
EN,cross,Indicative,Past,you (pl.),crossed,16,reviewed,hand-curated English batches 6-20; no conjugation library; English infinitive mapped from French rank 757
EN,cross,Indicative,Past,they,crossed,16,reviewed,hand-curated English batches 6-20; no conjugation library; English infinitive mapped from French rank 757
EN,cross,Indicative,Future,I,will cross,16,reviewed,hand-curated English batches 6-20; no conjugation library; English infinitive mapped from French rank 757
EN,cross,Indicative,Future,you,will cross,16,reviewed,hand-curated English batches 6-20; no conjugation library; English infinitive mapped from French rank 757
EN,cross,Indicative,Future,"he (she, it)",will cross,16,reviewed,hand-curated English batches 6-20; no conjugation library; English infinitive mapped from French rank 757
EN,cross,Indicative,Future,we,will cross,16,reviewed,hand-curated English batches 6-20; no conjugation library; English infinitive mapped from French rank 757
EN,cross,Indicative,Future,you (pl.),will cross,16,reviewed,hand-curated English batches 6-20; no conjugation library; English infinitive mapped from French rank 757
EN,cross,Indicative,Future,they,will cross,16,reviewed,hand-curated English batches 6-20; no conjugation library; English infinitive mapped from French rank 757
EN,double,Indicative,Present,I,double,16,reviewed,hand-curated English batches 6-20; no conjugation library; English infinitive mapped from French rank 758
EN,double,Indicative,Present,you,double,16,reviewed,hand-curated English batches 6-20; no conjugation library; English infinitive mapped from French rank 758
EN,double,Indicative,Present,"he (she, it)",doubles,16,reviewed,hand-curated English batches 6-20; no conjugation library; English infinitive mapped from French rank 758
EN,double,Indicative,Present,we,double,16,reviewed,hand-curated English batches 6-20; no conjugation library; English infinitive mapped from French rank 758
EN,double,Indicative,Present,you (pl.),double,16,reviewed,hand-curated English batches 6-20; no conjugation library; English infinitive mapped from French rank 758
EN,double,Indicative,Present,they,double,16,reviewed,hand-curated English batches 6-20; no conjugation library; English infinitive mapped from French rank 758
EN,double,Indicative,Past,I,doubled,16,reviewed,hand-curated English batches 6-20; no conjugation library; English infinitive mapped from French rank 758
EN,double,Indicative,Past,you,doubled,16,reviewed,hand-curated English batches 6-20; no conjugation library; English infinitive mapped from French rank 758
EN,double,Indicative,Past,"he (she, it)",doubled,16,reviewed,hand-curated English batches 6-20; no conjugation library; English infinitive mapped from French rank 758
EN,double,Indicative,Past,we,doubled,16,reviewed,hand-curated English batches 6-20; no conjugation library; English infinitive mapped from French rank 758
EN,double,Indicative,Past,you (pl.),doubled,16,reviewed,hand-curated English batches 6-20; no conjugation library; English infinitive mapped from French rank 758
EN,double,Indicative,Past,they,doubled,16,reviewed,hand-curated English batches 6-20; no conjugation library; English infinitive mapped from French rank 758
EN,double,Indicative,Future,I,will double,16,reviewed,hand-curated English batches 6-20; no conjugation library; English infinitive mapped from French rank 758
EN,double,Indicative,Future,you,will double,16,reviewed,hand-curated English batches 6-20; no conjugation library; English infinitive mapped from French rank 758
EN,double,Indicative,Future,"he (she, it)",will double,16,reviewed,hand-curated English batches 6-20; no conjugation library; English infinitive mapped from French rank 758
EN,double,Indicative,Future,we,will double,16,reviewed,hand-curated English batches 6-20; no conjugation library; English infinitive mapped from French rank 758
EN,double,Indicative,Future,you (pl.),will double,16,reviewed,hand-curated English batches 6-20; no conjugation library; English infinitive mapped from French rank 758
EN,double,Indicative,Future,they,will double,16,reviewed,hand-curated English batches 6-20; no conjugation library; English infinitive mapped from French rank 758
EN,confer,Indicative,Present,I,confer,16,reviewed,hand-curated English batches 6-20; no conjugation library; English infinitive mapped from French rank 759
EN,confer,Indicative,Present,you,confer,16,reviewed,hand-curated English batches 6-20; no conjugation library; English infinitive mapped from French rank 759
EN,confer,Indicative,Present,"he (she, it)",confers,16,reviewed,hand-curated English batches 6-20; no conjugation library; English infinitive mapped from French rank 759
EN,confer,Indicative,Present,we,confer,16,reviewed,hand-curated English batches 6-20; no conjugation library; English infinitive mapped from French rank 759
EN,confer,Indicative,Present,you (pl.),confer,16,reviewed,hand-curated English batches 6-20; no conjugation library; English infinitive mapped from French rank 759
EN,confer,Indicative,Present,they,confer,16,reviewed,hand-curated English batches 6-20; no conjugation library; English infinitive mapped from French rank 759
EN,confer,Indicative,Past,I,conferred,16,reviewed,hand-curated English batches 6-20; no conjugation library; English infinitive mapped from French rank 759
EN,confer,Indicative,Past,you,conferred,16,reviewed,hand-curated English batches 6-20; no conjugation library; English infinitive mapped from French rank 759
EN,confer,Indicative,Past,"he (she, it)",conferred,16,reviewed,hand-curated English batches 6-20; no conjugation library; English infinitive mapped from French rank 759
EN,confer,Indicative,Past,we,conferred,16,reviewed,hand-curated English batches 6-20; no conjugation library; English infinitive mapped from French rank 759
EN,confer,Indicative,Past,you (pl.),conferred,16,reviewed,hand-curated English batches 6-20; no conjugation library; English infinitive mapped from French rank 759
EN,confer,Indicative,Past,they,conferred,16,reviewed,hand-curated English batches 6-20; no conjugation library; English infinitive mapped from French rank 759
EN,confer,Indicative,Future,I,will confer,16,reviewed,hand-curated English batches 6-20; no conjugation library; English infinitive mapped from French rank 759
EN,confer,Indicative,Future,you,will confer,16,reviewed,hand-curated English batches 6-20; no conjugation library; English infinitive mapped from French rank 759
EN,confer,Indicative,Future,"he (she, it)",will confer,16,reviewed,hand-curated English batches 6-20; no conjugation library; English infinitive mapped from French rank 759
EN,confer,Indicative,Future,we,will confer,16,reviewed,hand-curated English batches 6-20; no conjugation library; English infinitive mapped from French rank 759
EN,confer,Indicative,Future,you (pl.),will confer,16,reviewed,hand-curated English batches 6-20; no conjugation library; English infinitive mapped from French rank 759
EN,confer,Indicative,Future,they,will confer,16,reviewed,hand-curated English batches 6-20; no conjugation library; English infinitive mapped from French rank 759
EN,recite,Indicative,Present,I,recite,16,reviewed,hand-curated English batches 6-20; no conjugation library; English infinitive mapped from French rank 760
EN,recite,Indicative,Present,you,recite,16,reviewed,hand-curated English batches 6-20; no conjugation library; English infinitive mapped from French rank 760
EN,recite,Indicative,Present,"he (she, it)",recites,16,reviewed,hand-curated English batches 6-20; no conjugation library; English infinitive mapped from French rank 760
EN,recite,Indicative,Present,we,recite,16,reviewed,hand-curated English batches 6-20; no conjugation library; English infinitive mapped from French rank 760
EN,recite,Indicative,Present,you (pl.),recite,16,reviewed,hand-curated English batches 6-20; no conjugation library; English infinitive mapped from French rank 760
EN,recite,Indicative,Present,they,recite,16,reviewed,hand-curated English batches 6-20; no conjugation library; English infinitive mapped from French rank 760
EN,recite,Indicative,Past,I,recited,16,reviewed,hand-curated English batches 6-20; no conjugation library; English infinitive mapped from French rank 760
EN,recite,Indicative,Past,you,recited,16,reviewed,hand-curated English batches 6-20; no conjugation library; English infinitive mapped from French rank 760
EN,recite,Indicative,Past,"he (she, it)",recited,16,reviewed,hand-curated English batches 6-20; no conjugation library; English infinitive mapped from French rank 760
EN,recite,Indicative,Past,we,recited,16,reviewed,hand-curated English batches 6-20; no conjugation library; English infinitive mapped from French rank 760
EN,recite,Indicative,Past,you (pl.),recited,16,reviewed,hand-curated English batches 6-20; no conjugation library; English infinitive mapped from French rank 760
EN,recite,Indicative,Past,they,recited,16,reviewed,hand-curated English batches 6-20; no conjugation library; English infinitive mapped from French rank 760
EN,recite,Indicative,Future,I,will recite,16,reviewed,hand-curated English batches 6-20; no conjugation library; English infinitive mapped from French rank 760
EN,recite,Indicative,Future,you,will recite,16,reviewed,hand-curated English batches 6-20; no conjugation library; English infinitive mapped from French rank 760
EN,recite,Indicative,Future,"he (she, it)",will recite,16,reviewed,hand-curated English batches 6-20; no conjugation library; English infinitive mapped from French rank 760
EN,recite,Indicative,Future,we,will recite,16,reviewed,hand-curated English batches 6-20; no conjugation library; English infinitive mapped from French rank 760
EN,recite,Indicative,Future,you (pl.),will recite,16,reviewed,hand-curated English batches 6-20; no conjugation library; English infinitive mapped from French rank 760
EN,recite,Indicative,Future,they,will recite,16,reviewed,hand-curated English batches 6-20; no conjugation library; English infinitive mapped from French rank 760
EN,restore,Indicative,Present,I,restore,16,reviewed,hand-curated English batches 6-20; no conjugation library; English infinitive mapped from French rank 761
EN,restore,Indicative,Present,you,restore,16,reviewed,hand-curated English batches 6-20; no conjugation library; English infinitive mapped from French rank 761
EN,restore,Indicative,Present,"he (she, it)",restores,16,reviewed,hand-curated English batches 6-20; no conjugation library; English infinitive mapped from French rank 761
EN,restore,Indicative,Present,we,restore,16,reviewed,hand-curated English batches 6-20; no conjugation library; English infinitive mapped from French rank 761
EN,restore,Indicative,Present,you (pl.),restore,16,reviewed,hand-curated English batches 6-20; no conjugation library; English infinitive mapped from French rank 761
EN,restore,Indicative,Present,they,restore,16,reviewed,hand-curated English batches 6-20; no conjugation library; English infinitive mapped from French rank 761
EN,restore,Indicative,Past,I,restored,16,reviewed,hand-curated English batches 6-20; no conjugation library; English infinitive mapped from French rank 761
EN,restore,Indicative,Past,you,restored,16,reviewed,hand-curated English batches 6-20; no conjugation library; English infinitive mapped from French rank 761
EN,restore,Indicative,Past,"he (she, it)",restored,16,reviewed,hand-curated English batches 6-20; no conjugation library; English infinitive mapped from French rank 761
EN,restore,Indicative,Past,we,restored,16,reviewed,hand-curated English batches 6-20; no conjugation library; English infinitive mapped from French rank 761
EN,restore,Indicative,Past,you (pl.),restored,16,reviewed,hand-curated English batches 6-20; no conjugation library; English infinitive mapped from French rank 761
EN,restore,Indicative,Past,they,restored,16,reviewed,hand-curated English batches 6-20; no conjugation library; English infinitive mapped from French rank 761
EN,restore,Indicative,Future,I,will restore,16,reviewed,hand-curated English batches 6-20; no conjugation library; English infinitive mapped from French rank 761
EN,restore,Indicative,Future,you,will restore,16,reviewed,hand-curated English batches 6-20; no conjugation library; English infinitive mapped from French rank 761
EN,restore,Indicative,Future,"he (she, it)",will restore,16,reviewed,hand-curated English batches 6-20; no conjugation library; English infinitive mapped from French rank 761
EN,restore,Indicative,Future,we,will restore,16,reviewed,hand-curated English batches 6-20; no conjugation library; English infinitive mapped from French rank 761
EN,restore,Indicative,Future,you (pl.),will restore,16,reviewed,hand-curated English batches 6-20; no conjugation library; English infinitive mapped from French rank 761
EN,restore,Indicative,Future,they,will restore,16,reviewed,hand-curated English batches 6-20; no conjugation library; English infinitive mapped from French rank 761
EN,result,Indicative,Present,I,result,16,reviewed,hand-curated English batches 6-20; no conjugation library; English infinitive mapped from French rank 762
EN,result,Indicative,Present,you,result,16,reviewed,hand-curated English batches 6-20; no conjugation library; English infinitive mapped from French rank 762
EN,result,Indicative,Present,"he (she, it)",results,16,reviewed,hand-curated English batches 6-20; no conjugation library; English infinitive mapped from French rank 762
EN,result,Indicative,Present,we,result,16,reviewed,hand-curated English batches 6-20; no conjugation library; English infinitive mapped from French rank 762
EN,result,Indicative,Present,you (pl.),result,16,reviewed,hand-curated English batches 6-20; no conjugation library; English infinitive mapped from French rank 762
EN,result,Indicative,Present,they,result,16,reviewed,hand-curated English batches 6-20; no conjugation library; English infinitive mapped from French rank 762
EN,result,Indicative,Past,I,resulted,16,reviewed,hand-curated English batches 6-20; no conjugation library; English infinitive mapped from French rank 762
EN,result,Indicative,Past,you,resulted,16,reviewed,hand-curated English batches 6-20; no conjugation library; English infinitive mapped from French rank 762
EN,result,Indicative,Past,"he (she, it)",resulted,16,reviewed,hand-curated English batches 6-20; no conjugation library; English infinitive mapped from French rank 762
EN,result,Indicative,Past,we,resulted,16,reviewed,hand-curated English batches 6-20; no conjugation library; English infinitive mapped from French rank 762
EN,result,Indicative,Past,you (pl.),resulted,16,reviewed,hand-curated English batches 6-20; no conjugation library; English infinitive mapped from French rank 762
EN,result,Indicative,Past,they,resulted,16,reviewed,hand-curated English batches 6-20; no conjugation library; English infinitive mapped from French rank 762
EN,result,Indicative,Future,I,will result,16,reviewed,hand-curated English batches 6-20; no conjugation library; English infinitive mapped from French rank 762
EN,result,Indicative,Future,you,will result,16,reviewed,hand-curated English batches 6-20; no conjugation library; English infinitive mapped from French rank 762
EN,result,Indicative,Future,"he (she, it)",will result,16,reviewed,hand-curated English batches 6-20; no conjugation library; English infinitive mapped from French rank 762
EN,result,Indicative,Future,we,will result,16,reviewed,hand-curated English batches 6-20; no conjugation library; English infinitive mapped from French rank 762
EN,result,Indicative,Future,you (pl.),will result,16,reviewed,hand-curated English batches 6-20; no conjugation library; English infinitive mapped from French rank 762
EN,result,Indicative,Future,they,will result,16,reviewed,hand-curated English batches 6-20; no conjugation library; English infinitive mapped from French rank 762
EN,unfold,Indicative,Present,I,unfold,16,reviewed,hand-curated English batches 6-20; no conjugation library; English infinitive mapped from French rank 763
EN,unfold,Indicative,Present,you,unfold,16,reviewed,hand-curated English batches 6-20; no conjugation library; English infinitive mapped from French rank 763
EN,unfold,Indicative,Present,"he (she, it)",unfolds,16,reviewed,hand-curated English batches 6-20; no conjugation library; English infinitive mapped from French rank 763
EN,unfold,Indicative,Present,we,unfold,16,reviewed,hand-curated English batches 6-20; no conjugation library; English infinitive mapped from French rank 763
EN,unfold,Indicative,Present,you (pl.),unfold,16,reviewed,hand-curated English batches 6-20; no conjugation library; English infinitive mapped from French rank 763
EN,unfold,Indicative,Present,they,unfold,16,reviewed,hand-curated English batches 6-20; no conjugation library; English infinitive mapped from French rank 763
EN,unfold,Indicative,Past,I,unfolded,16,reviewed,hand-curated English batches 6-20; no conjugation library; English infinitive mapped from French rank 763
EN,unfold,Indicative,Past,you,unfolded,16,reviewed,hand-curated English batches 6-20; no conjugation library; English infinitive mapped from French rank 763
EN,unfold,Indicative,Past,"he (she, it)",unfolded,16,reviewed,hand-curated English batches 6-20; no conjugation library; English infinitive mapped from French rank 763
EN,unfold,Indicative,Past,we,unfolded,16,reviewed,hand-curated English batches 6-20; no conjugation library; English infinitive mapped from French rank 763
EN,unfold,Indicative,Past,you (pl.),unfolded,16,reviewed,hand-curated English batches 6-20; no conjugation library; English infinitive mapped from French rank 763
EN,unfold,Indicative,Past,they,unfolded,16,reviewed,hand-curated English batches 6-20; no conjugation library; English infinitive mapped from French rank 763
EN,unfold,Indicative,Future,I,will unfold,16,reviewed,hand-curated English batches 6-20; no conjugation library; English infinitive mapped from French rank 763
EN,unfold,Indicative,Future,you,will unfold,16,reviewed,hand-curated English batches 6-20; no conjugation library; English infinitive mapped from French rank 763
EN,unfold,Indicative,Future,"he (she, it)",will unfold,16,reviewed,hand-curated English batches 6-20; no conjugation library; English infinitive mapped from French rank 763
EN,unfold,Indicative,Future,we,will unfold,16,reviewed,hand-curated English batches 6-20; no conjugation library; English infinitive mapped from French rank 763
EN,unfold,Indicative,Future,you (pl.),will unfold,16,reviewed,hand-curated English batches 6-20; no conjugation library; English infinitive mapped from French rank 763
EN,unfold,Indicative,Future,they,will unfold,16,reviewed,hand-curated English batches 6-20; no conjugation library; English infinitive mapped from French rank 763
EN,qualify,Indicative,Present,I,qualify,16,reviewed,hand-curated English batches 6-20; no conjugation library; English infinitive mapped from French rank 764
EN,qualify,Indicative,Present,you,qualify,16,reviewed,hand-curated English batches 6-20; no conjugation library; English infinitive mapped from French rank 764
EN,qualify,Indicative,Present,"he (she, it)",qualifies,16,reviewed,hand-curated English batches 6-20; no conjugation library; English infinitive mapped from French rank 764
EN,qualify,Indicative,Present,we,qualify,16,reviewed,hand-curated English batches 6-20; no conjugation library; English infinitive mapped from French rank 764
EN,qualify,Indicative,Present,you (pl.),qualify,16,reviewed,hand-curated English batches 6-20; no conjugation library; English infinitive mapped from French rank 764
EN,qualify,Indicative,Present,they,qualify,16,reviewed,hand-curated English batches 6-20; no conjugation library; English infinitive mapped from French rank 764
EN,qualify,Indicative,Past,I,qualified,16,reviewed,hand-curated English batches 6-20; no conjugation library; English infinitive mapped from French rank 764
EN,qualify,Indicative,Past,you,qualified,16,reviewed,hand-curated English batches 6-20; no conjugation library; English infinitive mapped from French rank 764
EN,qualify,Indicative,Past,"he (she, it)",qualified,16,reviewed,hand-curated English batches 6-20; no conjugation library; English infinitive mapped from French rank 764
EN,qualify,Indicative,Past,we,qualified,16,reviewed,hand-curated English batches 6-20; no conjugation library; English infinitive mapped from French rank 764
EN,qualify,Indicative,Past,you (pl.),qualified,16,reviewed,hand-curated English batches 6-20; no conjugation library; English infinitive mapped from French rank 764
EN,qualify,Indicative,Past,they,qualified,16,reviewed,hand-curated English batches 6-20; no conjugation library; English infinitive mapped from French rank 764
EN,qualify,Indicative,Future,I,will qualify,16,reviewed,hand-curated English batches 6-20; no conjugation library; English infinitive mapped from French rank 764
EN,qualify,Indicative,Future,you,will qualify,16,reviewed,hand-curated English batches 6-20; no conjugation library; English infinitive mapped from French rank 764
EN,qualify,Indicative,Future,"he (she, it)",will qualify,16,reviewed,hand-curated English batches 6-20; no conjugation library; English infinitive mapped from French rank 764
EN,qualify,Indicative,Future,we,will qualify,16,reviewed,hand-curated English batches 6-20; no conjugation library; English infinitive mapped from French rank 764
EN,qualify,Indicative,Future,you (pl.),will qualify,16,reviewed,hand-curated English batches 6-20; no conjugation library; English infinitive mapped from French rank 764
EN,qualify,Indicative,Future,they,will qualify,16,reviewed,hand-curated English batches 6-20; no conjugation library; English infinitive mapped from French rank 764
EN,promote,Indicative,Present,I,promote,16,reviewed,hand-curated English batches 6-20; no conjugation library; English infinitive mapped from French rank 765
EN,promote,Indicative,Present,you,promote,16,reviewed,hand-curated English batches 6-20; no conjugation library; English infinitive mapped from French rank 765
EN,promote,Indicative,Present,"he (she, it)",promotes,16,reviewed,hand-curated English batches 6-20; no conjugation library; English infinitive mapped from French rank 765
EN,promote,Indicative,Present,we,promote,16,reviewed,hand-curated English batches 6-20; no conjugation library; English infinitive mapped from French rank 765
EN,promote,Indicative,Present,you (pl.),promote,16,reviewed,hand-curated English batches 6-20; no conjugation library; English infinitive mapped from French rank 765
EN,promote,Indicative,Present,they,promote,16,reviewed,hand-curated English batches 6-20; no conjugation library; English infinitive mapped from French rank 765
EN,promote,Indicative,Past,I,promoted,16,reviewed,hand-curated English batches 6-20; no conjugation library; English infinitive mapped from French rank 765
EN,promote,Indicative,Past,you,promoted,16,reviewed,hand-curated English batches 6-20; no conjugation library; English infinitive mapped from French rank 765
EN,promote,Indicative,Past,"he (she, it)",promoted,16,reviewed,hand-curated English batches 6-20; no conjugation library; English infinitive mapped from French rank 765
EN,promote,Indicative,Past,we,promoted,16,reviewed,hand-curated English batches 6-20; no conjugation library; English infinitive mapped from French rank 765
EN,promote,Indicative,Past,you (pl.),promoted,16,reviewed,hand-curated English batches 6-20; no conjugation library; English infinitive mapped from French rank 765
EN,promote,Indicative,Past,they,promoted,16,reviewed,hand-curated English batches 6-20; no conjugation library; English infinitive mapped from French rank 765
EN,promote,Indicative,Future,I,will promote,16,reviewed,hand-curated English batches 6-20; no conjugation library; English infinitive mapped from French rank 765
EN,promote,Indicative,Future,you,will promote,16,reviewed,hand-curated English batches 6-20; no conjugation library; English infinitive mapped from French rank 765
EN,promote,Indicative,Future,"he (she, it)",will promote,16,reviewed,hand-curated English batches 6-20; no conjugation library; English infinitive mapped from French rank 765
EN,promote,Indicative,Future,we,will promote,16,reviewed,hand-curated English batches 6-20; no conjugation library; English infinitive mapped from French rank 765
EN,promote,Indicative,Future,you (pl.),will promote,16,reviewed,hand-curated English batches 6-20; no conjugation library; English infinitive mapped from French rank 765
EN,promote,Indicative,Future,they,will promote,16,reviewed,hand-curated English batches 6-20; no conjugation library; English infinitive mapped from French rank 765
EN,hold up,Indicative,Present,I,hold up,16,reviewed,hand-curated English batches 6-20; no conjugation library; English infinitive mapped from French rank 766
EN,hold up,Indicative,Present,you,hold up,16,reviewed,hand-curated English batches 6-20; no conjugation library; English infinitive mapped from French rank 766
EN,hold up,Indicative,Present,"he (she, it)",holds up,16,reviewed,hand-curated English batches 6-20; no conjugation library; English infinitive mapped from French rank 766
EN,hold up,Indicative,Present,we,hold up,16,reviewed,hand-curated English batches 6-20; no conjugation library; English infinitive mapped from French rank 766
EN,hold up,Indicative,Present,you (pl.),hold up,16,reviewed,hand-curated English batches 6-20; no conjugation library; English infinitive mapped from French rank 766
EN,hold up,Indicative,Present,they,hold up,16,reviewed,hand-curated English batches 6-20; no conjugation library; English infinitive mapped from French rank 766
EN,hold up,Indicative,Past,I,held up,16,reviewed,hand-curated English batches 6-20; no conjugation library; English infinitive mapped from French rank 766
EN,hold up,Indicative,Past,you,held up,16,reviewed,hand-curated English batches 6-20; no conjugation library; English infinitive mapped from French rank 766
EN,hold up,Indicative,Past,"he (she, it)",held up,16,reviewed,hand-curated English batches 6-20; no conjugation library; English infinitive mapped from French rank 766
EN,hold up,Indicative,Past,we,held up,16,reviewed,hand-curated English batches 6-20; no conjugation library; English infinitive mapped from French rank 766
EN,hold up,Indicative,Past,you (pl.),held up,16,reviewed,hand-curated English batches 6-20; no conjugation library; English infinitive mapped from French rank 766
EN,hold up,Indicative,Past,they,held up,16,reviewed,hand-curated English batches 6-20; no conjugation library; English infinitive mapped from French rank 766
EN,hold up,Indicative,Future,I,will hold up,16,reviewed,hand-curated English batches 6-20; no conjugation library; English infinitive mapped from French rank 766
EN,hold up,Indicative,Future,you,will hold up,16,reviewed,hand-curated English batches 6-20; no conjugation library; English infinitive mapped from French rank 766
EN,hold up,Indicative,Future,"he (she, it)",will hold up,16,reviewed,hand-curated English batches 6-20; no conjugation library; English infinitive mapped from French rank 766
EN,hold up,Indicative,Future,we,will hold up,16,reviewed,hand-curated English batches 6-20; no conjugation library; English infinitive mapped from French rank 766
EN,hold up,Indicative,Future,you (pl.),will hold up,16,reviewed,hand-curated English batches 6-20; no conjugation library; English infinitive mapped from French rank 766
EN,hold up,Indicative,Future,they,will hold up,16,reviewed,hand-curated English batches 6-20; no conjugation library; English infinitive mapped from French rank 766
EN,moan,Indicative,Present,I,moan,16,reviewed,hand-curated English batches 6-20; no conjugation library; English infinitive mapped from French rank 767
EN,moan,Indicative,Present,you,moan,16,reviewed,hand-curated English batches 6-20; no conjugation library; English infinitive mapped from French rank 767
EN,moan,Indicative,Present,"he (she, it)",moans,16,reviewed,hand-curated English batches 6-20; no conjugation library; English infinitive mapped from French rank 767
EN,moan,Indicative,Present,we,moan,16,reviewed,hand-curated English batches 6-20; no conjugation library; English infinitive mapped from French rank 767
EN,moan,Indicative,Present,you (pl.),moan,16,reviewed,hand-curated English batches 6-20; no conjugation library; English infinitive mapped from French rank 767
EN,moan,Indicative,Present,they,moan,16,reviewed,hand-curated English batches 6-20; no conjugation library; English infinitive mapped from French rank 767
EN,moan,Indicative,Past,I,moaned,16,reviewed,hand-curated English batches 6-20; no conjugation library; English infinitive mapped from French rank 767
EN,moan,Indicative,Past,you,moaned,16,reviewed,hand-curated English batches 6-20; no conjugation library; English infinitive mapped from French rank 767
EN,moan,Indicative,Past,"he (she, it)",moaned,16,reviewed,hand-curated English batches 6-20; no conjugation library; English infinitive mapped from French rank 767
EN,moan,Indicative,Past,we,moaned,16,reviewed,hand-curated English batches 6-20; no conjugation library; English infinitive mapped from French rank 767
EN,moan,Indicative,Past,you (pl.),moaned,16,reviewed,hand-curated English batches 6-20; no conjugation library; English infinitive mapped from French rank 767
EN,moan,Indicative,Past,they,moaned,16,reviewed,hand-curated English batches 6-20; no conjugation library; English infinitive mapped from French rank 767
EN,moan,Indicative,Future,I,will moan,16,reviewed,hand-curated English batches 6-20; no conjugation library; English infinitive mapped from French rank 767
EN,moan,Indicative,Future,you,will moan,16,reviewed,hand-curated English batches 6-20; no conjugation library; English infinitive mapped from French rank 767
EN,moan,Indicative,Future,"he (she, it)",will moan,16,reviewed,hand-curated English batches 6-20; no conjugation library; English infinitive mapped from French rank 767
EN,moan,Indicative,Future,we,will moan,16,reviewed,hand-curated English batches 6-20; no conjugation library; English infinitive mapped from French rank 767
EN,moan,Indicative,Future,you (pl.),will moan,16,reviewed,hand-curated English batches 6-20; no conjugation library; English infinitive mapped from French rank 767
EN,moan,Indicative,Future,they,will moan,16,reviewed,hand-curated English batches 6-20; no conjugation library; English infinitive mapped from French rank 767
EN,cram,Indicative,Present,I,cram,16,reviewed,hand-curated English batches 6-20; no conjugation library; English infinitive mapped from French rank 768
EN,cram,Indicative,Present,you,cram,16,reviewed,hand-curated English batches 6-20; no conjugation library; English infinitive mapped from French rank 768
EN,cram,Indicative,Present,"he (she, it)",crams,16,reviewed,hand-curated English batches 6-20; no conjugation library; English infinitive mapped from French rank 768
EN,cram,Indicative,Present,we,cram,16,reviewed,hand-curated English batches 6-20; no conjugation library; English infinitive mapped from French rank 768
EN,cram,Indicative,Present,you (pl.),cram,16,reviewed,hand-curated English batches 6-20; no conjugation library; English infinitive mapped from French rank 768
EN,cram,Indicative,Present,they,cram,16,reviewed,hand-curated English batches 6-20; no conjugation library; English infinitive mapped from French rank 768
EN,cram,Indicative,Past,I,crammed,16,reviewed,hand-curated English batches 6-20; no conjugation library; English infinitive mapped from French rank 768
EN,cram,Indicative,Past,you,crammed,16,reviewed,hand-curated English batches 6-20; no conjugation library; English infinitive mapped from French rank 768
EN,cram,Indicative,Past,"he (she, it)",crammed,16,reviewed,hand-curated English batches 6-20; no conjugation library; English infinitive mapped from French rank 768
EN,cram,Indicative,Past,we,crammed,16,reviewed,hand-curated English batches 6-20; no conjugation library; English infinitive mapped from French rank 768
EN,cram,Indicative,Past,you (pl.),crammed,16,reviewed,hand-curated English batches 6-20; no conjugation library; English infinitive mapped from French rank 768
EN,cram,Indicative,Past,they,crammed,16,reviewed,hand-curated English batches 6-20; no conjugation library; English infinitive mapped from French rank 768
EN,cram,Indicative,Future,I,will cram,16,reviewed,hand-curated English batches 6-20; no conjugation library; English infinitive mapped from French rank 768
EN,cram,Indicative,Future,you,will cram,16,reviewed,hand-curated English batches 6-20; no conjugation library; English infinitive mapped from French rank 768
EN,cram,Indicative,Future,"he (she, it)",will cram,16,reviewed,hand-curated English batches 6-20; no conjugation library; English infinitive mapped from French rank 768
EN,cram,Indicative,Future,we,will cram,16,reviewed,hand-curated English batches 6-20; no conjugation library; English infinitive mapped from French rank 768
EN,cram,Indicative,Future,you (pl.),will cram,16,reviewed,hand-curated English batches 6-20; no conjugation library; English infinitive mapped from French rank 768
EN,cram,Indicative,Future,they,will cram,16,reviewed,hand-curated English batches 6-20; no conjugation library; English infinitive mapped from French rank 768
EN,combine,Indicative,Present,I,combine,16,reviewed,hand-curated English batches 6-20; no conjugation library; English infinitive mapped from French rank 769
EN,combine,Indicative,Present,you,combine,16,reviewed,hand-curated English batches 6-20; no conjugation library; English infinitive mapped from French rank 769
EN,combine,Indicative,Present,"he (she, it)",combines,16,reviewed,hand-curated English batches 6-20; no conjugation library; English infinitive mapped from French rank 769
EN,combine,Indicative,Present,we,combine,16,reviewed,hand-curated English batches 6-20; no conjugation library; English infinitive mapped from French rank 769
EN,combine,Indicative,Present,you (pl.),combine,16,reviewed,hand-curated English batches 6-20; no conjugation library; English infinitive mapped from French rank 769
EN,combine,Indicative,Present,they,combine,16,reviewed,hand-curated English batches 6-20; no conjugation library; English infinitive mapped from French rank 769
EN,combine,Indicative,Past,I,combined,16,reviewed,hand-curated English batches 6-20; no conjugation library; English infinitive mapped from French rank 769
EN,combine,Indicative,Past,you,combined,16,reviewed,hand-curated English batches 6-20; no conjugation library; English infinitive mapped from French rank 769
EN,combine,Indicative,Past,"he (she, it)",combined,16,reviewed,hand-curated English batches 6-20; no conjugation library; English infinitive mapped from French rank 769
EN,combine,Indicative,Past,we,combined,16,reviewed,hand-curated English batches 6-20; no conjugation library; English infinitive mapped from French rank 769
EN,combine,Indicative,Past,you (pl.),combined,16,reviewed,hand-curated English batches 6-20; no conjugation library; English infinitive mapped from French rank 769
EN,combine,Indicative,Past,they,combined,16,reviewed,hand-curated English batches 6-20; no conjugation library; English infinitive mapped from French rank 769
EN,combine,Indicative,Future,I,will combine,16,reviewed,hand-curated English batches 6-20; no conjugation library; English infinitive mapped from French rank 769
EN,combine,Indicative,Future,you,will combine,16,reviewed,hand-curated English batches 6-20; no conjugation library; English infinitive mapped from French rank 769
EN,combine,Indicative,Future,"he (she, it)",will combine,16,reviewed,hand-curated English batches 6-20; no conjugation library; English infinitive mapped from French rank 769
EN,combine,Indicative,Future,we,will combine,16,reviewed,hand-curated English batches 6-20; no conjugation library; English infinitive mapped from French rank 769
EN,combine,Indicative,Future,you (pl.),will combine,16,reviewed,hand-curated English batches 6-20; no conjugation library; English infinitive mapped from French rank 769
EN,combine,Indicative,Future,they,will combine,16,reviewed,hand-curated English batches 6-20; no conjugation library; English infinitive mapped from French rank 769
EN,deepen,Indicative,Present,I,deepen,16,reviewed,hand-curated English batches 6-20; no conjugation library; English infinitive mapped from French rank 770
EN,deepen,Indicative,Present,you,deepen,16,reviewed,hand-curated English batches 6-20; no conjugation library; English infinitive mapped from French rank 770
EN,deepen,Indicative,Present,"he (she, it)",deepens,16,reviewed,hand-curated English batches 6-20; no conjugation library; English infinitive mapped from French rank 770
EN,deepen,Indicative,Present,we,deepen,16,reviewed,hand-curated English batches 6-20; no conjugation library; English infinitive mapped from French rank 770
EN,deepen,Indicative,Present,you (pl.),deepen,16,reviewed,hand-curated English batches 6-20; no conjugation library; English infinitive mapped from French rank 770
EN,deepen,Indicative,Present,they,deepen,16,reviewed,hand-curated English batches 6-20; no conjugation library; English infinitive mapped from French rank 770
EN,deepen,Indicative,Past,I,deepened,16,reviewed,hand-curated English batches 6-20; no conjugation library; English infinitive mapped from French rank 770
EN,deepen,Indicative,Past,you,deepened,16,reviewed,hand-curated English batches 6-20; no conjugation library; English infinitive mapped from French rank 770
EN,deepen,Indicative,Past,"he (she, it)",deepened,16,reviewed,hand-curated English batches 6-20; no conjugation library; English infinitive mapped from French rank 770
EN,deepen,Indicative,Past,we,deepened,16,reviewed,hand-curated English batches 6-20; no conjugation library; English infinitive mapped from French rank 770
EN,deepen,Indicative,Past,you (pl.),deepened,16,reviewed,hand-curated English batches 6-20; no conjugation library; English infinitive mapped from French rank 770
EN,deepen,Indicative,Past,they,deepened,16,reviewed,hand-curated English batches 6-20; no conjugation library; English infinitive mapped from French rank 770
EN,deepen,Indicative,Future,I,will deepen,16,reviewed,hand-curated English batches 6-20; no conjugation library; English infinitive mapped from French rank 770
EN,deepen,Indicative,Future,you,will deepen,16,reviewed,hand-curated English batches 6-20; no conjugation library; English infinitive mapped from French rank 770
EN,deepen,Indicative,Future,"he (she, it)",will deepen,16,reviewed,hand-curated English batches 6-20; no conjugation library; English infinitive mapped from French rank 770
EN,deepen,Indicative,Future,we,will deepen,16,reviewed,hand-curated English batches 6-20; no conjugation library; English infinitive mapped from French rank 770
EN,deepen,Indicative,Future,you (pl.),will deepen,16,reviewed,hand-curated English batches 6-20; no conjugation library; English infinitive mapped from French rank 770
EN,deepen,Indicative,Future,they,will deepen,16,reviewed,hand-curated English batches 6-20; no conjugation library; English infinitive mapped from French rank 770
EN,follow,Indicative,Present,I,follow,16,reviewed,hand-curated English batches 6-20 QC; no conjugation library; succeder rendered as follow to avoid false friend with reussir
EN,follow,Indicative,Present,you,follow,16,reviewed,hand-curated English batches 6-20 QC; no conjugation library; succeder rendered as follow to avoid false friend with reussir
EN,follow,Indicative,Present,"he (she, it)",follows,16,reviewed,hand-curated English batches 6-20 QC; no conjugation library; succeder rendered as follow to avoid false friend with reussir
EN,follow,Indicative,Present,we,follow,16,reviewed,hand-curated English batches 6-20 QC; no conjugation library; succeder rendered as follow to avoid false friend with reussir
EN,follow,Indicative,Present,you (pl.),follow,16,reviewed,hand-curated English batches 6-20 QC; no conjugation library; succeder rendered as follow to avoid false friend with reussir
EN,follow,Indicative,Present,they,follow,16,reviewed,hand-curated English batches 6-20 QC; no conjugation library; succeder rendered as follow to avoid false friend with reussir
EN,follow,Indicative,Past,I,followed,16,reviewed,hand-curated English batches 6-20 QC; no conjugation library; succeder rendered as follow to avoid false friend with reussir
EN,follow,Indicative,Past,you,followed,16,reviewed,hand-curated English batches 6-20 QC; no conjugation library; succeder rendered as follow to avoid false friend with reussir
EN,follow,Indicative,Past,"he (she, it)",followed,16,reviewed,hand-curated English batches 6-20 QC; no conjugation library; succeder rendered as follow to avoid false friend with reussir
EN,follow,Indicative,Past,we,followed,16,reviewed,hand-curated English batches 6-20 QC; no conjugation library; succeder rendered as follow to avoid false friend with reussir
EN,follow,Indicative,Past,you (pl.),followed,16,reviewed,hand-curated English batches 6-20 QC; no conjugation library; succeder rendered as follow to avoid false friend with reussir
EN,follow,Indicative,Past,they,followed,16,reviewed,hand-curated English batches 6-20 QC; no conjugation library; succeder rendered as follow to avoid false friend with reussir
EN,follow,Indicative,Future,I,will follow,16,reviewed,hand-curated English batches 6-20 QC; no conjugation library; succeder rendered as follow to avoid false friend with reussir
EN,follow,Indicative,Future,you,will follow,16,reviewed,hand-curated English batches 6-20 QC; no conjugation library; succeder rendered as follow to avoid false friend with reussir
EN,follow,Indicative,Future,"he (she, it)",will follow,16,reviewed,hand-curated English batches 6-20 QC; no conjugation library; succeder rendered as follow to avoid false friend with reussir
EN,follow,Indicative,Future,we,will follow,16,reviewed,hand-curated English batches 6-20 QC; no conjugation library; succeder rendered as follow to avoid false friend with reussir
EN,follow,Indicative,Future,you (pl.),will follow,16,reviewed,hand-curated English batches 6-20 QC; no conjugation library; succeder rendered as follow to avoid false friend with reussir
EN,follow,Indicative,Future,they,will follow,16,reviewed,hand-curated English batches 6-20 QC; no conjugation library; succeder rendered as follow to avoid false friend with reussir
EN,coordinate,Indicative,Present,I,coordinate,16,reviewed,hand-curated English batches 6-20; no conjugation library; English infinitive mapped from French rank 772
EN,coordinate,Indicative,Present,you,coordinate,16,reviewed,hand-curated English batches 6-20; no conjugation library; English infinitive mapped from French rank 772
EN,coordinate,Indicative,Present,"he (she, it)",coordinates,16,reviewed,hand-curated English batches 6-20; no conjugation library; English infinitive mapped from French rank 772
EN,coordinate,Indicative,Present,we,coordinate,16,reviewed,hand-curated English batches 6-20; no conjugation library; English infinitive mapped from French rank 772
EN,coordinate,Indicative,Present,you (pl.),coordinate,16,reviewed,hand-curated English batches 6-20; no conjugation library; English infinitive mapped from French rank 772
EN,coordinate,Indicative,Present,they,coordinate,16,reviewed,hand-curated English batches 6-20; no conjugation library; English infinitive mapped from French rank 772
EN,coordinate,Indicative,Past,I,coordinated,16,reviewed,hand-curated English batches 6-20; no conjugation library; English infinitive mapped from French rank 772
EN,coordinate,Indicative,Past,you,coordinated,16,reviewed,hand-curated English batches 6-20; no conjugation library; English infinitive mapped from French rank 772
EN,coordinate,Indicative,Past,"he (she, it)",coordinated,16,reviewed,hand-curated English batches 6-20; no conjugation library; English infinitive mapped from French rank 772
EN,coordinate,Indicative,Past,we,coordinated,16,reviewed,hand-curated English batches 6-20; no conjugation library; English infinitive mapped from French rank 772
EN,coordinate,Indicative,Past,you (pl.),coordinated,16,reviewed,hand-curated English batches 6-20; no conjugation library; English infinitive mapped from French rank 772
EN,coordinate,Indicative,Past,they,coordinated,16,reviewed,hand-curated English batches 6-20; no conjugation library; English infinitive mapped from French rank 772
EN,coordinate,Indicative,Future,I,will coordinate,16,reviewed,hand-curated English batches 6-20; no conjugation library; English infinitive mapped from French rank 772
EN,coordinate,Indicative,Future,you,will coordinate,16,reviewed,hand-curated English batches 6-20; no conjugation library; English infinitive mapped from French rank 772
EN,coordinate,Indicative,Future,"he (she, it)",will coordinate,16,reviewed,hand-curated English batches 6-20; no conjugation library; English infinitive mapped from French rank 772
EN,coordinate,Indicative,Future,we,will coordinate,16,reviewed,hand-curated English batches 6-20; no conjugation library; English infinitive mapped from French rank 772
EN,coordinate,Indicative,Future,you (pl.),will coordinate,16,reviewed,hand-curated English batches 6-20; no conjugation library; English infinitive mapped from French rank 772
EN,coordinate,Indicative,Future,they,will coordinate,16,reviewed,hand-curated English batches 6-20; no conjugation library; English infinitive mapped from French rank 772
EN,lower,Indicative,Present,I,lower,16,reviewed,hand-curated English batches 6-20; no conjugation library; English infinitive mapped from French rank 773
EN,lower,Indicative,Present,you,lower,16,reviewed,hand-curated English batches 6-20; no conjugation library; English infinitive mapped from French rank 773
EN,lower,Indicative,Present,"he (she, it)",lowers,16,reviewed,hand-curated English batches 6-20; no conjugation library; English infinitive mapped from French rank 773
EN,lower,Indicative,Present,we,lower,16,reviewed,hand-curated English batches 6-20; no conjugation library; English infinitive mapped from French rank 773
EN,lower,Indicative,Present,you (pl.),lower,16,reviewed,hand-curated English batches 6-20; no conjugation library; English infinitive mapped from French rank 773
EN,lower,Indicative,Present,they,lower,16,reviewed,hand-curated English batches 6-20; no conjugation library; English infinitive mapped from French rank 773
EN,lower,Indicative,Past,I,lowered,16,reviewed,hand-curated English batches 6-20; no conjugation library; English infinitive mapped from French rank 773
EN,lower,Indicative,Past,you,lowered,16,reviewed,hand-curated English batches 6-20; no conjugation library; English infinitive mapped from French rank 773
EN,lower,Indicative,Past,"he (she, it)",lowered,16,reviewed,hand-curated English batches 6-20; no conjugation library; English infinitive mapped from French rank 773
EN,lower,Indicative,Past,we,lowered,16,reviewed,hand-curated English batches 6-20; no conjugation library; English infinitive mapped from French rank 773
EN,lower,Indicative,Past,you (pl.),lowered,16,reviewed,hand-curated English batches 6-20; no conjugation library; English infinitive mapped from French rank 773
EN,lower,Indicative,Past,they,lowered,16,reviewed,hand-curated English batches 6-20; no conjugation library; English infinitive mapped from French rank 773
EN,lower,Indicative,Future,I,will lower,16,reviewed,hand-curated English batches 6-20; no conjugation library; English infinitive mapped from French rank 773
EN,lower,Indicative,Future,you,will lower,16,reviewed,hand-curated English batches 6-20; no conjugation library; English infinitive mapped from French rank 773
EN,lower,Indicative,Future,"he (she, it)",will lower,16,reviewed,hand-curated English batches 6-20; no conjugation library; English infinitive mapped from French rank 773
EN,lower,Indicative,Future,we,will lower,16,reviewed,hand-curated English batches 6-20; no conjugation library; English infinitive mapped from French rank 773
EN,lower,Indicative,Future,you (pl.),will lower,16,reviewed,hand-curated English batches 6-20; no conjugation library; English infinitive mapped from French rank 773
EN,lower,Indicative,Future,they,will lower,16,reviewed,hand-curated English batches 6-20; no conjugation library; English infinitive mapped from French rank 773
EN,knock,Indicative,Present,I,knock,16,reviewed,hand-curated English batches 6-20; no conjugation library; English infinitive mapped from French rank 774
EN,knock,Indicative,Present,you,knock,16,reviewed,hand-curated English batches 6-20; no conjugation library; English infinitive mapped from French rank 774
EN,knock,Indicative,Present,"he (she, it)",knocks,16,reviewed,hand-curated English batches 6-20; no conjugation library; English infinitive mapped from French rank 774
EN,knock,Indicative,Present,we,knock,16,reviewed,hand-curated English batches 6-20; no conjugation library; English infinitive mapped from French rank 774
EN,knock,Indicative,Present,you (pl.),knock,16,reviewed,hand-curated English batches 6-20; no conjugation library; English infinitive mapped from French rank 774
EN,knock,Indicative,Present,they,knock,16,reviewed,hand-curated English batches 6-20; no conjugation library; English infinitive mapped from French rank 774
EN,knock,Indicative,Past,I,knocked,16,reviewed,hand-curated English batches 6-20; no conjugation library; English infinitive mapped from French rank 774
EN,knock,Indicative,Past,you,knocked,16,reviewed,hand-curated English batches 6-20; no conjugation library; English infinitive mapped from French rank 774
EN,knock,Indicative,Past,"he (she, it)",knocked,16,reviewed,hand-curated English batches 6-20; no conjugation library; English infinitive mapped from French rank 774
EN,knock,Indicative,Past,we,knocked,16,reviewed,hand-curated English batches 6-20; no conjugation library; English infinitive mapped from French rank 774
EN,knock,Indicative,Past,you (pl.),knocked,16,reviewed,hand-curated English batches 6-20; no conjugation library; English infinitive mapped from French rank 774
EN,knock,Indicative,Past,they,knocked,16,reviewed,hand-curated English batches 6-20; no conjugation library; English infinitive mapped from French rank 774
EN,knock,Indicative,Future,I,will knock,16,reviewed,hand-curated English batches 6-20; no conjugation library; English infinitive mapped from French rank 774
EN,knock,Indicative,Future,you,will knock,16,reviewed,hand-curated English batches 6-20; no conjugation library; English infinitive mapped from French rank 774
EN,knock,Indicative,Future,"he (she, it)",will knock,16,reviewed,hand-curated English batches 6-20; no conjugation library; English infinitive mapped from French rank 774
EN,knock,Indicative,Future,we,will knock,16,reviewed,hand-curated English batches 6-20; no conjugation library; English infinitive mapped from French rank 774
EN,knock,Indicative,Future,you (pl.),will knock,16,reviewed,hand-curated English batches 6-20; no conjugation library; English infinitive mapped from French rank 774
EN,knock,Indicative,Future,they,will knock,16,reviewed,hand-curated English batches 6-20; no conjugation library; English infinitive mapped from French rank 774
EN,print,Indicative,Present,I,print,16,reviewed,hand-curated English batches 6-20; no conjugation library; English infinitive mapped from French rank 775
EN,print,Indicative,Present,you,print,16,reviewed,hand-curated English batches 6-20; no conjugation library; English infinitive mapped from French rank 775
EN,print,Indicative,Present,"he (she, it)",prints,16,reviewed,hand-curated English batches 6-20; no conjugation library; English infinitive mapped from French rank 775
EN,print,Indicative,Present,we,print,16,reviewed,hand-curated English batches 6-20; no conjugation library; English infinitive mapped from French rank 775
EN,print,Indicative,Present,you (pl.),print,16,reviewed,hand-curated English batches 6-20; no conjugation library; English infinitive mapped from French rank 775
EN,print,Indicative,Present,they,print,16,reviewed,hand-curated English batches 6-20; no conjugation library; English infinitive mapped from French rank 775
EN,print,Indicative,Past,I,printed,16,reviewed,hand-curated English batches 6-20; no conjugation library; English infinitive mapped from French rank 775
EN,print,Indicative,Past,you,printed,16,reviewed,hand-curated English batches 6-20; no conjugation library; English infinitive mapped from French rank 775
EN,print,Indicative,Past,"he (she, it)",printed,16,reviewed,hand-curated English batches 6-20; no conjugation library; English infinitive mapped from French rank 775
EN,print,Indicative,Past,we,printed,16,reviewed,hand-curated English batches 6-20; no conjugation library; English infinitive mapped from French rank 775
EN,print,Indicative,Past,you (pl.),printed,16,reviewed,hand-curated English batches 6-20; no conjugation library; English infinitive mapped from French rank 775
EN,print,Indicative,Past,they,printed,16,reviewed,hand-curated English batches 6-20; no conjugation library; English infinitive mapped from French rank 775
EN,print,Indicative,Future,I,will print,16,reviewed,hand-curated English batches 6-20; no conjugation library; English infinitive mapped from French rank 775
EN,print,Indicative,Future,you,will print,16,reviewed,hand-curated English batches 6-20; no conjugation library; English infinitive mapped from French rank 775
EN,print,Indicative,Future,"he (she, it)",will print,16,reviewed,hand-curated English batches 6-20; no conjugation library; English infinitive mapped from French rank 775
EN,print,Indicative,Future,we,will print,16,reviewed,hand-curated English batches 6-20; no conjugation library; English infinitive mapped from French rank 775
EN,print,Indicative,Future,you (pl.),will print,16,reviewed,hand-curated English batches 6-20; no conjugation library; English infinitive mapped from French rank 775
EN,print,Indicative,Future,they,will print,16,reviewed,hand-curated English batches 6-20; no conjugation library; English infinitive mapped from French rank 775
EN,accelerate,Indicative,Present,I,accelerate,16,reviewed,hand-curated English batches 6-20; no conjugation library; English infinitive mapped from French rank 776
EN,accelerate,Indicative,Present,you,accelerate,16,reviewed,hand-curated English batches 6-20; no conjugation library; English infinitive mapped from French rank 776
EN,accelerate,Indicative,Present,"he (she, it)",accelerates,16,reviewed,hand-curated English batches 6-20; no conjugation library; English infinitive mapped from French rank 776
EN,accelerate,Indicative,Present,we,accelerate,16,reviewed,hand-curated English batches 6-20; no conjugation library; English infinitive mapped from French rank 776
EN,accelerate,Indicative,Present,you (pl.),accelerate,16,reviewed,hand-curated English batches 6-20; no conjugation library; English infinitive mapped from French rank 776
EN,accelerate,Indicative,Present,they,accelerate,16,reviewed,hand-curated English batches 6-20; no conjugation library; English infinitive mapped from French rank 776
EN,accelerate,Indicative,Past,I,accelerated,16,reviewed,hand-curated English batches 6-20; no conjugation library; English infinitive mapped from French rank 776
EN,accelerate,Indicative,Past,you,accelerated,16,reviewed,hand-curated English batches 6-20; no conjugation library; English infinitive mapped from French rank 776
EN,accelerate,Indicative,Past,"he (she, it)",accelerated,16,reviewed,hand-curated English batches 6-20; no conjugation library; English infinitive mapped from French rank 776
EN,accelerate,Indicative,Past,we,accelerated,16,reviewed,hand-curated English batches 6-20; no conjugation library; English infinitive mapped from French rank 776
EN,accelerate,Indicative,Past,you (pl.),accelerated,16,reviewed,hand-curated English batches 6-20; no conjugation library; English infinitive mapped from French rank 776
EN,accelerate,Indicative,Past,they,accelerated,16,reviewed,hand-curated English batches 6-20; no conjugation library; English infinitive mapped from French rank 776
EN,accelerate,Indicative,Future,I,will accelerate,16,reviewed,hand-curated English batches 6-20; no conjugation library; English infinitive mapped from French rank 776
EN,accelerate,Indicative,Future,you,will accelerate,16,reviewed,hand-curated English batches 6-20; no conjugation library; English infinitive mapped from French rank 776
EN,accelerate,Indicative,Future,"he (she, it)",will accelerate,16,reviewed,hand-curated English batches 6-20; no conjugation library; English infinitive mapped from French rank 776
EN,accelerate,Indicative,Future,we,will accelerate,16,reviewed,hand-curated English batches 6-20; no conjugation library; English infinitive mapped from French rank 776
EN,accelerate,Indicative,Future,you (pl.),will accelerate,16,reviewed,hand-curated English batches 6-20; no conjugation library; English infinitive mapped from French rank 776
EN,accelerate,Indicative,Future,they,will accelerate,16,reviewed,hand-curated English batches 6-20; no conjugation library; English infinitive mapped from French rank 776
EN,swear,Indicative,Present,I,swear,16,reviewed,hand-curated English batches 6-20; no conjugation library; English infinitive mapped from French rank 777
EN,swear,Indicative,Present,you,swear,16,reviewed,hand-curated English batches 6-20; no conjugation library; English infinitive mapped from French rank 777
EN,swear,Indicative,Present,"he (she, it)",swears,16,reviewed,hand-curated English batches 6-20; no conjugation library; English infinitive mapped from French rank 777
EN,swear,Indicative,Present,we,swear,16,reviewed,hand-curated English batches 6-20; no conjugation library; English infinitive mapped from French rank 777
EN,swear,Indicative,Present,you (pl.),swear,16,reviewed,hand-curated English batches 6-20; no conjugation library; English infinitive mapped from French rank 777
EN,swear,Indicative,Present,they,swear,16,reviewed,hand-curated English batches 6-20; no conjugation library; English infinitive mapped from French rank 777
EN,swear,Indicative,Past,I,swore,16,reviewed,hand-curated English batches 6-20; no conjugation library; English infinitive mapped from French rank 777
EN,swear,Indicative,Past,you,swore,16,reviewed,hand-curated English batches 6-20; no conjugation library; English infinitive mapped from French rank 777
EN,swear,Indicative,Past,"he (she, it)",swore,16,reviewed,hand-curated English batches 6-20; no conjugation library; English infinitive mapped from French rank 777
EN,swear,Indicative,Past,we,swore,16,reviewed,hand-curated English batches 6-20; no conjugation library; English infinitive mapped from French rank 777
EN,swear,Indicative,Past,you (pl.),swore,16,reviewed,hand-curated English batches 6-20; no conjugation library; English infinitive mapped from French rank 777
EN,swear,Indicative,Past,they,swore,16,reviewed,hand-curated English batches 6-20; no conjugation library; English infinitive mapped from French rank 777
EN,swear,Indicative,Future,I,will swear,16,reviewed,hand-curated English batches 6-20; no conjugation library; English infinitive mapped from French rank 777
EN,swear,Indicative,Future,you,will swear,16,reviewed,hand-curated English batches 6-20; no conjugation library; English infinitive mapped from French rank 777
EN,swear,Indicative,Future,"he (she, it)",will swear,16,reviewed,hand-curated English batches 6-20; no conjugation library; English infinitive mapped from French rank 777
EN,swear,Indicative,Future,we,will swear,16,reviewed,hand-curated English batches 6-20; no conjugation library; English infinitive mapped from French rank 777
EN,swear,Indicative,Future,you (pl.),will swear,16,reviewed,hand-curated English batches 6-20; no conjugation library; English infinitive mapped from French rank 777
EN,swear,Indicative,Future,they,will swear,16,reviewed,hand-curated English batches 6-20; no conjugation library; English infinitive mapped from French rank 777
EN,constrain,Indicative,Present,I,constrain,16,reviewed,hand-curated English batches 6-20; no conjugation library; English infinitive mapped from French rank 778
EN,constrain,Indicative,Present,you,constrain,16,reviewed,hand-curated English batches 6-20; no conjugation library; English infinitive mapped from French rank 778
EN,constrain,Indicative,Present,"he (she, it)",constrains,16,reviewed,hand-curated English batches 6-20; no conjugation library; English infinitive mapped from French rank 778
EN,constrain,Indicative,Present,we,constrain,16,reviewed,hand-curated English batches 6-20; no conjugation library; English infinitive mapped from French rank 778
EN,constrain,Indicative,Present,you (pl.),constrain,16,reviewed,hand-curated English batches 6-20; no conjugation library; English infinitive mapped from French rank 778
EN,constrain,Indicative,Present,they,constrain,16,reviewed,hand-curated English batches 6-20; no conjugation library; English infinitive mapped from French rank 778
EN,constrain,Indicative,Past,I,constrained,16,reviewed,hand-curated English batches 6-20; no conjugation library; English infinitive mapped from French rank 778
EN,constrain,Indicative,Past,you,constrained,16,reviewed,hand-curated English batches 6-20; no conjugation library; English infinitive mapped from French rank 778
EN,constrain,Indicative,Past,"he (she, it)",constrained,16,reviewed,hand-curated English batches 6-20; no conjugation library; English infinitive mapped from French rank 778
EN,constrain,Indicative,Past,we,constrained,16,reviewed,hand-curated English batches 6-20; no conjugation library; English infinitive mapped from French rank 778
EN,constrain,Indicative,Past,you (pl.),constrained,16,reviewed,hand-curated English batches 6-20; no conjugation library; English infinitive mapped from French rank 778
EN,constrain,Indicative,Past,they,constrained,16,reviewed,hand-curated English batches 6-20; no conjugation library; English infinitive mapped from French rank 778
EN,constrain,Indicative,Future,I,will constrain,16,reviewed,hand-curated English batches 6-20; no conjugation library; English infinitive mapped from French rank 778
EN,constrain,Indicative,Future,you,will constrain,16,reviewed,hand-curated English batches 6-20; no conjugation library; English infinitive mapped from French rank 778
EN,constrain,Indicative,Future,"he (she, it)",will constrain,16,reviewed,hand-curated English batches 6-20; no conjugation library; English infinitive mapped from French rank 778
EN,constrain,Indicative,Future,we,will constrain,16,reviewed,hand-curated English batches 6-20; no conjugation library; English infinitive mapped from French rank 778
EN,constrain,Indicative,Future,you (pl.),will constrain,16,reviewed,hand-curated English batches 6-20; no conjugation library; English infinitive mapped from French rank 778
EN,constrain,Indicative,Future,they,will constrain,16,reviewed,hand-curated English batches 6-20; no conjugation library; English infinitive mapped from French rank 778
EN,wet,Indicative,Present,I,wet,16,reviewed,hand-curated English batches 6-20; no conjugation library; English infinitive mapped from French rank 779
EN,wet,Indicative,Present,you,wet,16,reviewed,hand-curated English batches 6-20; no conjugation library; English infinitive mapped from French rank 779
EN,wet,Indicative,Present,"he (she, it)",wets,16,reviewed,hand-curated English batches 6-20; no conjugation library; English infinitive mapped from French rank 779
EN,wet,Indicative,Present,we,wet,16,reviewed,hand-curated English batches 6-20; no conjugation library; English infinitive mapped from French rank 779
EN,wet,Indicative,Present,you (pl.),wet,16,reviewed,hand-curated English batches 6-20; no conjugation library; English infinitive mapped from French rank 779
EN,wet,Indicative,Present,they,wet,16,reviewed,hand-curated English batches 6-20; no conjugation library; English infinitive mapped from French rank 779
EN,wet,Indicative,Past,I,wet,16,reviewed,hand-curated English batches 6-20; no conjugation library; English infinitive mapped from French rank 779
EN,wet,Indicative,Past,you,wet,16,reviewed,hand-curated English batches 6-20; no conjugation library; English infinitive mapped from French rank 779
EN,wet,Indicative,Past,"he (she, it)",wet,16,reviewed,hand-curated English batches 6-20; no conjugation library; English infinitive mapped from French rank 779
EN,wet,Indicative,Past,we,wet,16,reviewed,hand-curated English batches 6-20; no conjugation library; English infinitive mapped from French rank 779
EN,wet,Indicative,Past,you (pl.),wet,16,reviewed,hand-curated English batches 6-20; no conjugation library; English infinitive mapped from French rank 779
EN,wet,Indicative,Past,they,wet,16,reviewed,hand-curated English batches 6-20; no conjugation library; English infinitive mapped from French rank 779
EN,wet,Indicative,Future,I,will wet,16,reviewed,hand-curated English batches 6-20; no conjugation library; English infinitive mapped from French rank 779
EN,wet,Indicative,Future,you,will wet,16,reviewed,hand-curated English batches 6-20; no conjugation library; English infinitive mapped from French rank 779
EN,wet,Indicative,Future,"he (she, it)",will wet,16,reviewed,hand-curated English batches 6-20; no conjugation library; English infinitive mapped from French rank 779
EN,wet,Indicative,Future,we,will wet,16,reviewed,hand-curated English batches 6-20; no conjugation library; English infinitive mapped from French rank 779
EN,wet,Indicative,Future,you (pl.),will wet,16,reviewed,hand-curated English batches 6-20; no conjugation library; English infinitive mapped from French rank 779
EN,wet,Indicative,Future,they,will wet,16,reviewed,hand-curated English batches 6-20; no conjugation library; English infinitive mapped from French rank 779
EN,undress,Indicative,Present,I,undress,16,reviewed,hand-curated English batches 6-20; no conjugation library; English infinitive mapped from French rank 780
EN,undress,Indicative,Present,you,undress,16,reviewed,hand-curated English batches 6-20; no conjugation library; English infinitive mapped from French rank 780
EN,undress,Indicative,Present,"he (she, it)",undresses,16,reviewed,hand-curated English batches 6-20; no conjugation library; English infinitive mapped from French rank 780
EN,undress,Indicative,Present,we,undress,16,reviewed,hand-curated English batches 6-20; no conjugation library; English infinitive mapped from French rank 780
EN,undress,Indicative,Present,you (pl.),undress,16,reviewed,hand-curated English batches 6-20; no conjugation library; English infinitive mapped from French rank 780
EN,undress,Indicative,Present,they,undress,16,reviewed,hand-curated English batches 6-20; no conjugation library; English infinitive mapped from French rank 780
EN,undress,Indicative,Past,I,undressed,16,reviewed,hand-curated English batches 6-20; no conjugation library; English infinitive mapped from French rank 780
EN,undress,Indicative,Past,you,undressed,16,reviewed,hand-curated English batches 6-20; no conjugation library; English infinitive mapped from French rank 780
EN,undress,Indicative,Past,"he (she, it)",undressed,16,reviewed,hand-curated English batches 6-20; no conjugation library; English infinitive mapped from French rank 780
EN,undress,Indicative,Past,we,undressed,16,reviewed,hand-curated English batches 6-20; no conjugation library; English infinitive mapped from French rank 780
EN,undress,Indicative,Past,you (pl.),undressed,16,reviewed,hand-curated English batches 6-20; no conjugation library; English infinitive mapped from French rank 780
EN,undress,Indicative,Past,they,undressed,16,reviewed,hand-curated English batches 6-20; no conjugation library; English infinitive mapped from French rank 780
EN,undress,Indicative,Future,I,will undress,16,reviewed,hand-curated English batches 6-20; no conjugation library; English infinitive mapped from French rank 780
EN,undress,Indicative,Future,you,will undress,16,reviewed,hand-curated English batches 6-20; no conjugation library; English infinitive mapped from French rank 780
EN,undress,Indicative,Future,"he (she, it)",will undress,16,reviewed,hand-curated English batches 6-20; no conjugation library; English infinitive mapped from French rank 780
EN,undress,Indicative,Future,we,will undress,16,reviewed,hand-curated English batches 6-20; no conjugation library; English infinitive mapped from French rank 780
EN,undress,Indicative,Future,you (pl.),will undress,16,reviewed,hand-curated English batches 6-20; no conjugation library; English infinitive mapped from French rank 780
EN,undress,Indicative,Future,they,will undress,16,reviewed,hand-curated English batches 6-20; no conjugation library; English infinitive mapped from French rank 780
EN,invoke,Indicative,Present,I,invoke,16,reviewed,hand-curated English batches 6-20; no conjugation library; English infinitive mapped from French rank 781
EN,invoke,Indicative,Present,you,invoke,16,reviewed,hand-curated English batches 6-20; no conjugation library; English infinitive mapped from French rank 781
EN,invoke,Indicative,Present,"he (she, it)",invokes,16,reviewed,hand-curated English batches 6-20; no conjugation library; English infinitive mapped from French rank 781
EN,invoke,Indicative,Present,we,invoke,16,reviewed,hand-curated English batches 6-20; no conjugation library; English infinitive mapped from French rank 781
EN,invoke,Indicative,Present,you (pl.),invoke,16,reviewed,hand-curated English batches 6-20; no conjugation library; English infinitive mapped from French rank 781
EN,invoke,Indicative,Present,they,invoke,16,reviewed,hand-curated English batches 6-20; no conjugation library; English infinitive mapped from French rank 781
EN,invoke,Indicative,Past,I,invoked,16,reviewed,hand-curated English batches 6-20; no conjugation library; English infinitive mapped from French rank 781
EN,invoke,Indicative,Past,you,invoked,16,reviewed,hand-curated English batches 6-20; no conjugation library; English infinitive mapped from French rank 781
EN,invoke,Indicative,Past,"he (she, it)",invoked,16,reviewed,hand-curated English batches 6-20; no conjugation library; English infinitive mapped from French rank 781
EN,invoke,Indicative,Past,we,invoked,16,reviewed,hand-curated English batches 6-20; no conjugation library; English infinitive mapped from French rank 781
EN,invoke,Indicative,Past,you (pl.),invoked,16,reviewed,hand-curated English batches 6-20; no conjugation library; English infinitive mapped from French rank 781
EN,invoke,Indicative,Past,they,invoked,16,reviewed,hand-curated English batches 6-20; no conjugation library; English infinitive mapped from French rank 781
EN,invoke,Indicative,Future,I,will invoke,16,reviewed,hand-curated English batches 6-20; no conjugation library; English infinitive mapped from French rank 781
EN,invoke,Indicative,Future,you,will invoke,16,reviewed,hand-curated English batches 6-20; no conjugation library; English infinitive mapped from French rank 781
EN,invoke,Indicative,Future,"he (she, it)",will invoke,16,reviewed,hand-curated English batches 6-20; no conjugation library; English infinitive mapped from French rank 781
EN,invoke,Indicative,Future,we,will invoke,16,reviewed,hand-curated English batches 6-20; no conjugation library; English infinitive mapped from French rank 781
EN,invoke,Indicative,Future,you (pl.),will invoke,16,reviewed,hand-curated English batches 6-20; no conjugation library; English infinitive mapped from French rank 781
EN,invoke,Indicative,Future,they,will invoke,16,reviewed,hand-curated English batches 6-20; no conjugation library; English infinitive mapped from French rank 781
EN,slow down,Indicative,Present,I,slow down,16,reviewed,hand-curated English batches 6-20; no conjugation library; English infinitive mapped from French rank 782
EN,slow down,Indicative,Present,you,slow down,16,reviewed,hand-curated English batches 6-20; no conjugation library; English infinitive mapped from French rank 782
EN,slow down,Indicative,Present,"he (she, it)",slows down,16,reviewed,hand-curated English batches 6-20; no conjugation library; English infinitive mapped from French rank 782
EN,slow down,Indicative,Present,we,slow down,16,reviewed,hand-curated English batches 6-20; no conjugation library; English infinitive mapped from French rank 782
EN,slow down,Indicative,Present,you (pl.),slow down,16,reviewed,hand-curated English batches 6-20; no conjugation library; English infinitive mapped from French rank 782
EN,slow down,Indicative,Present,they,slow down,16,reviewed,hand-curated English batches 6-20; no conjugation library; English infinitive mapped from French rank 782
EN,slow down,Indicative,Past,I,slowed down,16,reviewed,hand-curated English batches 6-20; no conjugation library; English infinitive mapped from French rank 782
EN,slow down,Indicative,Past,you,slowed down,16,reviewed,hand-curated English batches 6-20; no conjugation library; English infinitive mapped from French rank 782
EN,slow down,Indicative,Past,"he (she, it)",slowed down,16,reviewed,hand-curated English batches 6-20; no conjugation library; English infinitive mapped from French rank 782
EN,slow down,Indicative,Past,we,slowed down,16,reviewed,hand-curated English batches 6-20; no conjugation library; English infinitive mapped from French rank 782
EN,slow down,Indicative,Past,you (pl.),slowed down,16,reviewed,hand-curated English batches 6-20; no conjugation library; English infinitive mapped from French rank 782
EN,slow down,Indicative,Past,they,slowed down,16,reviewed,hand-curated English batches 6-20; no conjugation library; English infinitive mapped from French rank 782
EN,slow down,Indicative,Future,I,will slow down,16,reviewed,hand-curated English batches 6-20; no conjugation library; English infinitive mapped from French rank 782
EN,slow down,Indicative,Future,you,will slow down,16,reviewed,hand-curated English batches 6-20; no conjugation library; English infinitive mapped from French rank 782
EN,slow down,Indicative,Future,"he (she, it)",will slow down,16,reviewed,hand-curated English batches 6-20; no conjugation library; English infinitive mapped from French rank 782
EN,slow down,Indicative,Future,we,will slow down,16,reviewed,hand-curated English batches 6-20; no conjugation library; English infinitive mapped from French rank 782
EN,slow down,Indicative,Future,you (pl.),will slow down,16,reviewed,hand-curated English batches 6-20; no conjugation library; English infinitive mapped from French rank 782
EN,slow down,Indicative,Future,they,will slow down,16,reviewed,hand-curated English batches 6-20; no conjugation library; English infinitive mapped from French rank 782
EN,preoccupy,Indicative,Present,I,preoccupy,16,reviewed,hand-curated English batches 6-20; no conjugation library; English infinitive mapped from French rank 783
EN,preoccupy,Indicative,Present,you,preoccupy,16,reviewed,hand-curated English batches 6-20; no conjugation library; English infinitive mapped from French rank 783
EN,preoccupy,Indicative,Present,"he (she, it)",preoccupies,16,reviewed,hand-curated English batches 6-20; no conjugation library; English infinitive mapped from French rank 783
EN,preoccupy,Indicative,Present,we,preoccupy,16,reviewed,hand-curated English batches 6-20; no conjugation library; English infinitive mapped from French rank 783
EN,preoccupy,Indicative,Present,you (pl.),preoccupy,16,reviewed,hand-curated English batches 6-20; no conjugation library; English infinitive mapped from French rank 783
EN,preoccupy,Indicative,Present,they,preoccupy,16,reviewed,hand-curated English batches 6-20; no conjugation library; English infinitive mapped from French rank 783
EN,preoccupy,Indicative,Past,I,preoccupied,16,reviewed,hand-curated English batches 6-20; no conjugation library; English infinitive mapped from French rank 783
EN,preoccupy,Indicative,Past,you,preoccupied,16,reviewed,hand-curated English batches 6-20; no conjugation library; English infinitive mapped from French rank 783
EN,preoccupy,Indicative,Past,"he (she, it)",preoccupied,16,reviewed,hand-curated English batches 6-20; no conjugation library; English infinitive mapped from French rank 783
EN,preoccupy,Indicative,Past,we,preoccupied,16,reviewed,hand-curated English batches 6-20; no conjugation library; English infinitive mapped from French rank 783
EN,preoccupy,Indicative,Past,you (pl.),preoccupied,16,reviewed,hand-curated English batches 6-20; no conjugation library; English infinitive mapped from French rank 783
EN,preoccupy,Indicative,Past,they,preoccupied,16,reviewed,hand-curated English batches 6-20; no conjugation library; English infinitive mapped from French rank 783
EN,preoccupy,Indicative,Future,I,will preoccupy,16,reviewed,hand-curated English batches 6-20; no conjugation library; English infinitive mapped from French rank 783
EN,preoccupy,Indicative,Future,you,will preoccupy,16,reviewed,hand-curated English batches 6-20; no conjugation library; English infinitive mapped from French rank 783
EN,preoccupy,Indicative,Future,"he (she, it)",will preoccupy,16,reviewed,hand-curated English batches 6-20; no conjugation library; English infinitive mapped from French rank 783
EN,preoccupy,Indicative,Future,we,will preoccupy,16,reviewed,hand-curated English batches 6-20; no conjugation library; English infinitive mapped from French rank 783
EN,preoccupy,Indicative,Future,you (pl.),will preoccupy,16,reviewed,hand-curated English batches 6-20; no conjugation library; English infinitive mapped from French rank 783
EN,preoccupy,Indicative,Future,they,will preoccupy,16,reviewed,hand-curated English batches 6-20; no conjugation library; English infinitive mapped from French rank 783
EN,spend,Indicative,Present,I,spend,16,reviewed,hand-curated English batches 6-20; no conjugation library; English infinitive mapped from French rank 784
EN,spend,Indicative,Present,you,spend,16,reviewed,hand-curated English batches 6-20; no conjugation library; English infinitive mapped from French rank 784
EN,spend,Indicative,Present,"he (she, it)",spends,16,reviewed,hand-curated English batches 6-20; no conjugation library; English infinitive mapped from French rank 784
EN,spend,Indicative,Present,we,spend,16,reviewed,hand-curated English batches 6-20; no conjugation library; English infinitive mapped from French rank 784
EN,spend,Indicative,Present,you (pl.),spend,16,reviewed,hand-curated English batches 6-20; no conjugation library; English infinitive mapped from French rank 784
EN,spend,Indicative,Present,they,spend,16,reviewed,hand-curated English batches 6-20; no conjugation library; English infinitive mapped from French rank 784
EN,spend,Indicative,Past,I,spent,16,reviewed,hand-curated English batches 6-20; no conjugation library; English infinitive mapped from French rank 784
EN,spend,Indicative,Past,you,spent,16,reviewed,hand-curated English batches 6-20; no conjugation library; English infinitive mapped from French rank 784
EN,spend,Indicative,Past,"he (she, it)",spent,16,reviewed,hand-curated English batches 6-20; no conjugation library; English infinitive mapped from French rank 784
EN,spend,Indicative,Past,we,spent,16,reviewed,hand-curated English batches 6-20; no conjugation library; English infinitive mapped from French rank 784
EN,spend,Indicative,Past,you (pl.),spent,16,reviewed,hand-curated English batches 6-20; no conjugation library; English infinitive mapped from French rank 784
EN,spend,Indicative,Past,they,spent,16,reviewed,hand-curated English batches 6-20; no conjugation library; English infinitive mapped from French rank 784
EN,spend,Indicative,Future,I,will spend,16,reviewed,hand-curated English batches 6-20; no conjugation library; English infinitive mapped from French rank 784
EN,spend,Indicative,Future,you,will spend,16,reviewed,hand-curated English batches 6-20; no conjugation library; English infinitive mapped from French rank 784
EN,spend,Indicative,Future,"he (she, it)",will spend,16,reviewed,hand-curated English batches 6-20; no conjugation library; English infinitive mapped from French rank 784
EN,spend,Indicative,Future,we,will spend,16,reviewed,hand-curated English batches 6-20; no conjugation library; English infinitive mapped from French rank 784
EN,spend,Indicative,Future,you (pl.),will spend,16,reviewed,hand-curated English batches 6-20; no conjugation library; English infinitive mapped from French rank 784
EN,spend,Indicative,Future,they,will spend,16,reviewed,hand-curated English batches 6-20; no conjugation library; English infinitive mapped from French rank 784
EN,unblock,Indicative,Present,I,unblock,16,reviewed,hand-curated English batches 6-20; no conjugation library; English infinitive mapped from French rank 785
EN,unblock,Indicative,Present,you,unblock,16,reviewed,hand-curated English batches 6-20; no conjugation library; English infinitive mapped from French rank 785
EN,unblock,Indicative,Present,"he (she, it)",unblocks,16,reviewed,hand-curated English batches 6-20; no conjugation library; English infinitive mapped from French rank 785
EN,unblock,Indicative,Present,we,unblock,16,reviewed,hand-curated English batches 6-20; no conjugation library; English infinitive mapped from French rank 785
EN,unblock,Indicative,Present,you (pl.),unblock,16,reviewed,hand-curated English batches 6-20; no conjugation library; English infinitive mapped from French rank 785
EN,unblock,Indicative,Present,they,unblock,16,reviewed,hand-curated English batches 6-20; no conjugation library; English infinitive mapped from French rank 785
EN,unblock,Indicative,Past,I,unblocked,16,reviewed,hand-curated English batches 6-20; no conjugation library; English infinitive mapped from French rank 785
EN,unblock,Indicative,Past,you,unblocked,16,reviewed,hand-curated English batches 6-20; no conjugation library; English infinitive mapped from French rank 785
EN,unblock,Indicative,Past,"he (she, it)",unblocked,16,reviewed,hand-curated English batches 6-20; no conjugation library; English infinitive mapped from French rank 785
EN,unblock,Indicative,Past,we,unblocked,16,reviewed,hand-curated English batches 6-20; no conjugation library; English infinitive mapped from French rank 785
EN,unblock,Indicative,Past,you (pl.),unblocked,16,reviewed,hand-curated English batches 6-20; no conjugation library; English infinitive mapped from French rank 785
EN,unblock,Indicative,Past,they,unblocked,16,reviewed,hand-curated English batches 6-20; no conjugation library; English infinitive mapped from French rank 785
EN,unblock,Indicative,Future,I,will unblock,16,reviewed,hand-curated English batches 6-20; no conjugation library; English infinitive mapped from French rank 785
EN,unblock,Indicative,Future,you,will unblock,16,reviewed,hand-curated English batches 6-20; no conjugation library; English infinitive mapped from French rank 785
EN,unblock,Indicative,Future,"he (she, it)",will unblock,16,reviewed,hand-curated English batches 6-20; no conjugation library; English infinitive mapped from French rank 785
EN,unblock,Indicative,Future,we,will unblock,16,reviewed,hand-curated English batches 6-20; no conjugation library; English infinitive mapped from French rank 785
EN,unblock,Indicative,Future,you (pl.),will unblock,16,reviewed,hand-curated English batches 6-20; no conjugation library; English infinitive mapped from French rank 785
EN,unblock,Indicative,Future,they,will unblock,16,reviewed,hand-curated English batches 6-20; no conjugation library; English infinitive mapped from French rank 785
EN,whistle,Indicative,Present,I,whistle,16,reviewed,hand-curated English batches 6-20; no conjugation library; English infinitive mapped from French rank 786
EN,whistle,Indicative,Present,you,whistle,16,reviewed,hand-curated English batches 6-20; no conjugation library; English infinitive mapped from French rank 786
EN,whistle,Indicative,Present,"he (she, it)",whistles,16,reviewed,hand-curated English batches 6-20; no conjugation library; English infinitive mapped from French rank 786
EN,whistle,Indicative,Present,we,whistle,16,reviewed,hand-curated English batches 6-20; no conjugation library; English infinitive mapped from French rank 786
EN,whistle,Indicative,Present,you (pl.),whistle,16,reviewed,hand-curated English batches 6-20; no conjugation library; English infinitive mapped from French rank 786
EN,whistle,Indicative,Present,they,whistle,16,reviewed,hand-curated English batches 6-20; no conjugation library; English infinitive mapped from French rank 786
EN,whistle,Indicative,Past,I,whistled,16,reviewed,hand-curated English batches 6-20; no conjugation library; English infinitive mapped from French rank 786
EN,whistle,Indicative,Past,you,whistled,16,reviewed,hand-curated English batches 6-20; no conjugation library; English infinitive mapped from French rank 786
EN,whistle,Indicative,Past,"he (she, it)",whistled,16,reviewed,hand-curated English batches 6-20; no conjugation library; English infinitive mapped from French rank 786
EN,whistle,Indicative,Past,we,whistled,16,reviewed,hand-curated English batches 6-20; no conjugation library; English infinitive mapped from French rank 786
EN,whistle,Indicative,Past,you (pl.),whistled,16,reviewed,hand-curated English batches 6-20; no conjugation library; English infinitive mapped from French rank 786
EN,whistle,Indicative,Past,they,whistled,16,reviewed,hand-curated English batches 6-20; no conjugation library; English infinitive mapped from French rank 786
EN,whistle,Indicative,Future,I,will whistle,16,reviewed,hand-curated English batches 6-20; no conjugation library; English infinitive mapped from French rank 786
EN,whistle,Indicative,Future,you,will whistle,16,reviewed,hand-curated English batches 6-20; no conjugation library; English infinitive mapped from French rank 786
EN,whistle,Indicative,Future,"he (she, it)",will whistle,16,reviewed,hand-curated English batches 6-20; no conjugation library; English infinitive mapped from French rank 786
EN,whistle,Indicative,Future,we,will whistle,16,reviewed,hand-curated English batches 6-20; no conjugation library; English infinitive mapped from French rank 786
EN,whistle,Indicative,Future,you (pl.),will whistle,16,reviewed,hand-curated English batches 6-20; no conjugation library; English infinitive mapped from French rank 786
EN,whistle,Indicative,Future,they,will whistle,16,reviewed,hand-curated English batches 6-20; no conjugation library; English infinitive mapped from French rank 786
EN,accumulate,Indicative,Present,I,accumulate,16,reviewed,hand-curated English batches 6-20; no conjugation library; English infinitive mapped from French rank 787
EN,accumulate,Indicative,Present,you,accumulate,16,reviewed,hand-curated English batches 6-20; no conjugation library; English infinitive mapped from French rank 787
EN,accumulate,Indicative,Present,"he (she, it)",accumulates,16,reviewed,hand-curated English batches 6-20; no conjugation library; English infinitive mapped from French rank 787
EN,accumulate,Indicative,Present,we,accumulate,16,reviewed,hand-curated English batches 6-20; no conjugation library; English infinitive mapped from French rank 787
EN,accumulate,Indicative,Present,you (pl.),accumulate,16,reviewed,hand-curated English batches 6-20; no conjugation library; English infinitive mapped from French rank 787
EN,accumulate,Indicative,Present,they,accumulate,16,reviewed,hand-curated English batches 6-20; no conjugation library; English infinitive mapped from French rank 787
EN,accumulate,Indicative,Past,I,accumulated,16,reviewed,hand-curated English batches 6-20; no conjugation library; English infinitive mapped from French rank 787
EN,accumulate,Indicative,Past,you,accumulated,16,reviewed,hand-curated English batches 6-20; no conjugation library; English infinitive mapped from French rank 787
EN,accumulate,Indicative,Past,"he (she, it)",accumulated,16,reviewed,hand-curated English batches 6-20; no conjugation library; English infinitive mapped from French rank 787
EN,accumulate,Indicative,Past,we,accumulated,16,reviewed,hand-curated English batches 6-20; no conjugation library; English infinitive mapped from French rank 787
EN,accumulate,Indicative,Past,you (pl.),accumulated,16,reviewed,hand-curated English batches 6-20; no conjugation library; English infinitive mapped from French rank 787
EN,accumulate,Indicative,Past,they,accumulated,16,reviewed,hand-curated English batches 6-20; no conjugation library; English infinitive mapped from French rank 787
EN,accumulate,Indicative,Future,I,will accumulate,16,reviewed,hand-curated English batches 6-20; no conjugation library; English infinitive mapped from French rank 787
EN,accumulate,Indicative,Future,you,will accumulate,16,reviewed,hand-curated English batches 6-20; no conjugation library; English infinitive mapped from French rank 787
EN,accumulate,Indicative,Future,"he (she, it)",will accumulate,16,reviewed,hand-curated English batches 6-20; no conjugation library; English infinitive mapped from French rank 787
EN,accumulate,Indicative,Future,we,will accumulate,16,reviewed,hand-curated English batches 6-20; no conjugation library; English infinitive mapped from French rank 787
EN,accumulate,Indicative,Future,you (pl.),will accumulate,16,reviewed,hand-curated English batches 6-20; no conjugation library; English infinitive mapped from French rank 787
EN,accumulate,Indicative,Future,they,will accumulate,16,reviewed,hand-curated English batches 6-20; no conjugation library; English infinitive mapped from French rank 787
EN,return,Indicative,Present,I,return,16,reviewed,hand-curated English batches 6-20; no conjugation library; English infinitive mapped from French rank 788
EN,return,Indicative,Present,you,return,16,reviewed,hand-curated English batches 6-20; no conjugation library; English infinitive mapped from French rank 788
EN,return,Indicative,Present,"he (she, it)",returns,16,reviewed,hand-curated English batches 6-20; no conjugation library; English infinitive mapped from French rank 788
EN,return,Indicative,Present,we,return,16,reviewed,hand-curated English batches 6-20; no conjugation library; English infinitive mapped from French rank 788
EN,return,Indicative,Present,you (pl.),return,16,reviewed,hand-curated English batches 6-20; no conjugation library; English infinitive mapped from French rank 788
EN,return,Indicative,Present,they,return,16,reviewed,hand-curated English batches 6-20; no conjugation library; English infinitive mapped from French rank 788
EN,return,Indicative,Past,I,returned,16,reviewed,hand-curated English batches 6-20; no conjugation library; English infinitive mapped from French rank 788
EN,return,Indicative,Past,you,returned,16,reviewed,hand-curated English batches 6-20; no conjugation library; English infinitive mapped from French rank 788
EN,return,Indicative,Past,"he (she, it)",returned,16,reviewed,hand-curated English batches 6-20; no conjugation library; English infinitive mapped from French rank 788
EN,return,Indicative,Past,we,returned,16,reviewed,hand-curated English batches 6-20; no conjugation library; English infinitive mapped from French rank 788
EN,return,Indicative,Past,you (pl.),returned,16,reviewed,hand-curated English batches 6-20; no conjugation library; English infinitive mapped from French rank 788
EN,return,Indicative,Past,they,returned,16,reviewed,hand-curated English batches 6-20; no conjugation library; English infinitive mapped from French rank 788
EN,return,Indicative,Future,I,will return,16,reviewed,hand-curated English batches 6-20; no conjugation library; English infinitive mapped from French rank 788
EN,return,Indicative,Future,you,will return,16,reviewed,hand-curated English batches 6-20; no conjugation library; English infinitive mapped from French rank 788
EN,return,Indicative,Future,"he (she, it)",will return,16,reviewed,hand-curated English batches 6-20; no conjugation library; English infinitive mapped from French rank 788
EN,return,Indicative,Future,we,will return,16,reviewed,hand-curated English batches 6-20; no conjugation library; English infinitive mapped from French rank 788
EN,return,Indicative,Future,you (pl.),will return,16,reviewed,hand-curated English batches 6-20; no conjugation library; English infinitive mapped from French rank 788
EN,return,Indicative,Future,they,will return,16,reviewed,hand-curated English batches 6-20; no conjugation library; English infinitive mapped from French rank 788
EN,delay,Indicative,Present,I,delay,16,reviewed,hand-curated English batches 6-20; no conjugation library; English infinitive mapped from French rank 789
EN,delay,Indicative,Present,you,delay,16,reviewed,hand-curated English batches 6-20; no conjugation library; English infinitive mapped from French rank 789
EN,delay,Indicative,Present,"he (she, it)",delays,16,reviewed,hand-curated English batches 6-20; no conjugation library; English infinitive mapped from French rank 789
EN,delay,Indicative,Present,we,delay,16,reviewed,hand-curated English batches 6-20; no conjugation library; English infinitive mapped from French rank 789
EN,delay,Indicative,Present,you (pl.),delay,16,reviewed,hand-curated English batches 6-20; no conjugation library; English infinitive mapped from French rank 789
EN,delay,Indicative,Present,they,delay,16,reviewed,hand-curated English batches 6-20; no conjugation library; English infinitive mapped from French rank 789
EN,delay,Indicative,Past,I,delayed,16,reviewed,hand-curated English batches 6-20; no conjugation library; English infinitive mapped from French rank 789
EN,delay,Indicative,Past,you,delayed,16,reviewed,hand-curated English batches 6-20; no conjugation library; English infinitive mapped from French rank 789
EN,delay,Indicative,Past,"he (she, it)",delayed,16,reviewed,hand-curated English batches 6-20; no conjugation library; English infinitive mapped from French rank 789
EN,delay,Indicative,Past,we,delayed,16,reviewed,hand-curated English batches 6-20; no conjugation library; English infinitive mapped from French rank 789
EN,delay,Indicative,Past,you (pl.),delayed,16,reviewed,hand-curated English batches 6-20; no conjugation library; English infinitive mapped from French rank 789
EN,delay,Indicative,Past,they,delayed,16,reviewed,hand-curated English batches 6-20; no conjugation library; English infinitive mapped from French rank 789
EN,delay,Indicative,Future,I,will delay,16,reviewed,hand-curated English batches 6-20; no conjugation library; English infinitive mapped from French rank 789
EN,delay,Indicative,Future,you,will delay,16,reviewed,hand-curated English batches 6-20; no conjugation library; English infinitive mapped from French rank 789
EN,delay,Indicative,Future,"he (she, it)",will delay,16,reviewed,hand-curated English batches 6-20; no conjugation library; English infinitive mapped from French rank 789
EN,delay,Indicative,Future,we,will delay,16,reviewed,hand-curated English batches 6-20; no conjugation library; English infinitive mapped from French rank 789
EN,delay,Indicative,Future,you (pl.),will delay,16,reviewed,hand-curated English batches 6-20; no conjugation library; English infinitive mapped from French rank 789
EN,delay,Indicative,Future,they,will delay,16,reviewed,hand-curated English batches 6-20; no conjugation library; English infinitive mapped from French rank 789
EN,unhook,Indicative,Present,I,unhook,16,reviewed,hand-curated English batches 6-20; no conjugation library; English infinitive mapped from French rank 790
EN,unhook,Indicative,Present,you,unhook,16,reviewed,hand-curated English batches 6-20; no conjugation library; English infinitive mapped from French rank 790
EN,unhook,Indicative,Present,"he (she, it)",unhooks,16,reviewed,hand-curated English batches 6-20; no conjugation library; English infinitive mapped from French rank 790
EN,unhook,Indicative,Present,we,unhook,16,reviewed,hand-curated English batches 6-20; no conjugation library; English infinitive mapped from French rank 790
EN,unhook,Indicative,Present,you (pl.),unhook,16,reviewed,hand-curated English batches 6-20; no conjugation library; English infinitive mapped from French rank 790
EN,unhook,Indicative,Present,they,unhook,16,reviewed,hand-curated English batches 6-20; no conjugation library; English infinitive mapped from French rank 790
EN,unhook,Indicative,Past,I,unhooked,16,reviewed,hand-curated English batches 6-20; no conjugation library; English infinitive mapped from French rank 790
EN,unhook,Indicative,Past,you,unhooked,16,reviewed,hand-curated English batches 6-20; no conjugation library; English infinitive mapped from French rank 790
EN,unhook,Indicative,Past,"he (she, it)",unhooked,16,reviewed,hand-curated English batches 6-20; no conjugation library; English infinitive mapped from French rank 790
EN,unhook,Indicative,Past,we,unhooked,16,reviewed,hand-curated English batches 6-20; no conjugation library; English infinitive mapped from French rank 790
EN,unhook,Indicative,Past,you (pl.),unhooked,16,reviewed,hand-curated English batches 6-20; no conjugation library; English infinitive mapped from French rank 790
EN,unhook,Indicative,Past,they,unhooked,16,reviewed,hand-curated English batches 6-20; no conjugation library; English infinitive mapped from French rank 790
EN,unhook,Indicative,Future,I,will unhook,16,reviewed,hand-curated English batches 6-20; no conjugation library; English infinitive mapped from French rank 790
EN,unhook,Indicative,Future,you,will unhook,16,reviewed,hand-curated English batches 6-20; no conjugation library; English infinitive mapped from French rank 790
EN,unhook,Indicative,Future,"he (she, it)",will unhook,16,reviewed,hand-curated English batches 6-20; no conjugation library; English infinitive mapped from French rank 790
EN,unhook,Indicative,Future,we,will unhook,16,reviewed,hand-curated English batches 6-20; no conjugation library; English infinitive mapped from French rank 790
EN,unhook,Indicative,Future,you (pl.),will unhook,16,reviewed,hand-curated English batches 6-20; no conjugation library; English infinitive mapped from French rank 790
EN,unhook,Indicative,Future,they,will unhook,16,reviewed,hand-curated English batches 6-20; no conjugation library; English infinitive mapped from French rank 790
EN,fear,Indicative,Present,I,fear,16,reviewed,hand-curated English batches 6-20; no conjugation library; English infinitive mapped from French rank 791
EN,fear,Indicative,Present,you,fear,16,reviewed,hand-curated English batches 6-20; no conjugation library; English infinitive mapped from French rank 791
EN,fear,Indicative,Present,"he (she, it)",fears,16,reviewed,hand-curated English batches 6-20; no conjugation library; English infinitive mapped from French rank 791
EN,fear,Indicative,Present,we,fear,16,reviewed,hand-curated English batches 6-20; no conjugation library; English infinitive mapped from French rank 791
EN,fear,Indicative,Present,you (pl.),fear,16,reviewed,hand-curated English batches 6-20; no conjugation library; English infinitive mapped from French rank 791
EN,fear,Indicative,Present,they,fear,16,reviewed,hand-curated English batches 6-20; no conjugation library; English infinitive mapped from French rank 791
EN,fear,Indicative,Past,I,feared,16,reviewed,hand-curated English batches 6-20; no conjugation library; English infinitive mapped from French rank 791
EN,fear,Indicative,Past,you,feared,16,reviewed,hand-curated English batches 6-20; no conjugation library; English infinitive mapped from French rank 791
EN,fear,Indicative,Past,"he (she, it)",feared,16,reviewed,hand-curated English batches 6-20; no conjugation library; English infinitive mapped from French rank 791
EN,fear,Indicative,Past,we,feared,16,reviewed,hand-curated English batches 6-20; no conjugation library; English infinitive mapped from French rank 791
EN,fear,Indicative,Past,you (pl.),feared,16,reviewed,hand-curated English batches 6-20; no conjugation library; English infinitive mapped from French rank 791
EN,fear,Indicative,Past,they,feared,16,reviewed,hand-curated English batches 6-20; no conjugation library; English infinitive mapped from French rank 791
EN,fear,Indicative,Future,I,will fear,16,reviewed,hand-curated English batches 6-20; no conjugation library; English infinitive mapped from French rank 791
EN,fear,Indicative,Future,you,will fear,16,reviewed,hand-curated English batches 6-20; no conjugation library; English infinitive mapped from French rank 791
EN,fear,Indicative,Future,"he (she, it)",will fear,16,reviewed,hand-curated English batches 6-20; no conjugation library; English infinitive mapped from French rank 791
EN,fear,Indicative,Future,we,will fear,16,reviewed,hand-curated English batches 6-20; no conjugation library; English infinitive mapped from French rank 791
EN,fear,Indicative,Future,you (pl.),will fear,16,reviewed,hand-curated English batches 6-20; no conjugation library; English infinitive mapped from French rank 791
EN,fear,Indicative,Future,they,will fear,16,reviewed,hand-curated English batches 6-20; no conjugation library; English infinitive mapped from French rank 791
EN,linger,Indicative,Present,I,linger,16,reviewed,hand-curated English batches 6-20; no conjugation library; English infinitive mapped from French rank 792
EN,linger,Indicative,Present,you,linger,16,reviewed,hand-curated English batches 6-20; no conjugation library; English infinitive mapped from French rank 792
EN,linger,Indicative,Present,"he (she, it)",lingers,16,reviewed,hand-curated English batches 6-20; no conjugation library; English infinitive mapped from French rank 792
EN,linger,Indicative,Present,we,linger,16,reviewed,hand-curated English batches 6-20; no conjugation library; English infinitive mapped from French rank 792
EN,linger,Indicative,Present,you (pl.),linger,16,reviewed,hand-curated English batches 6-20; no conjugation library; English infinitive mapped from French rank 792
EN,linger,Indicative,Present,they,linger,16,reviewed,hand-curated English batches 6-20; no conjugation library; English infinitive mapped from French rank 792
EN,linger,Indicative,Past,I,lingered,16,reviewed,hand-curated English batches 6-20; no conjugation library; English infinitive mapped from French rank 792
EN,linger,Indicative,Past,you,lingered,16,reviewed,hand-curated English batches 6-20; no conjugation library; English infinitive mapped from French rank 792
EN,linger,Indicative,Past,"he (she, it)",lingered,16,reviewed,hand-curated English batches 6-20; no conjugation library; English infinitive mapped from French rank 792
EN,linger,Indicative,Past,we,lingered,16,reviewed,hand-curated English batches 6-20; no conjugation library; English infinitive mapped from French rank 792
EN,linger,Indicative,Past,you (pl.),lingered,16,reviewed,hand-curated English batches 6-20; no conjugation library; English infinitive mapped from French rank 792
EN,linger,Indicative,Past,they,lingered,16,reviewed,hand-curated English batches 6-20; no conjugation library; English infinitive mapped from French rank 792
EN,linger,Indicative,Future,I,will linger,16,reviewed,hand-curated English batches 6-20; no conjugation library; English infinitive mapped from French rank 792
EN,linger,Indicative,Future,you,will linger,16,reviewed,hand-curated English batches 6-20; no conjugation library; English infinitive mapped from French rank 792
EN,linger,Indicative,Future,"he (she, it)",will linger,16,reviewed,hand-curated English batches 6-20; no conjugation library; English infinitive mapped from French rank 792
EN,linger,Indicative,Future,we,will linger,16,reviewed,hand-curated English batches 6-20; no conjugation library; English infinitive mapped from French rank 792
EN,linger,Indicative,Future,you (pl.),will linger,16,reviewed,hand-curated English batches 6-20; no conjugation library; English infinitive mapped from French rank 792
EN,linger,Indicative,Future,they,will linger,16,reviewed,hand-curated English batches 6-20; no conjugation library; English infinitive mapped from French rank 792
EN,influence,Indicative,Present,I,influence,16,reviewed,hand-curated English batches 6-20; no conjugation library; English infinitive mapped from French rank 793
EN,influence,Indicative,Present,you,influence,16,reviewed,hand-curated English batches 6-20; no conjugation library; English infinitive mapped from French rank 793
EN,influence,Indicative,Present,"he (she, it)",influences,16,reviewed,hand-curated English batches 6-20; no conjugation library; English infinitive mapped from French rank 793
EN,influence,Indicative,Present,we,influence,16,reviewed,hand-curated English batches 6-20; no conjugation library; English infinitive mapped from French rank 793
EN,influence,Indicative,Present,you (pl.),influence,16,reviewed,hand-curated English batches 6-20; no conjugation library; English infinitive mapped from French rank 793
EN,influence,Indicative,Present,they,influence,16,reviewed,hand-curated English batches 6-20; no conjugation library; English infinitive mapped from French rank 793
EN,influence,Indicative,Past,I,influenced,16,reviewed,hand-curated English batches 6-20; no conjugation library; English infinitive mapped from French rank 793
EN,influence,Indicative,Past,you,influenced,16,reviewed,hand-curated English batches 6-20; no conjugation library; English infinitive mapped from French rank 793
EN,influence,Indicative,Past,"he (she, it)",influenced,16,reviewed,hand-curated English batches 6-20; no conjugation library; English infinitive mapped from French rank 793
EN,influence,Indicative,Past,we,influenced,16,reviewed,hand-curated English batches 6-20; no conjugation library; English infinitive mapped from French rank 793
EN,influence,Indicative,Past,you (pl.),influenced,16,reviewed,hand-curated English batches 6-20; no conjugation library; English infinitive mapped from French rank 793
EN,influence,Indicative,Past,they,influenced,16,reviewed,hand-curated English batches 6-20; no conjugation library; English infinitive mapped from French rank 793
EN,influence,Indicative,Future,I,will influence,16,reviewed,hand-curated English batches 6-20; no conjugation library; English infinitive mapped from French rank 793
EN,influence,Indicative,Future,you,will influence,16,reviewed,hand-curated English batches 6-20; no conjugation library; English infinitive mapped from French rank 793
EN,influence,Indicative,Future,"he (she, it)",will influence,16,reviewed,hand-curated English batches 6-20; no conjugation library; English infinitive mapped from French rank 793
EN,influence,Indicative,Future,we,will influence,16,reviewed,hand-curated English batches 6-20; no conjugation library; English infinitive mapped from French rank 793
EN,influence,Indicative,Future,you (pl.),will influence,16,reviewed,hand-curated English batches 6-20; no conjugation library; English infinitive mapped from French rank 793
EN,influence,Indicative,Future,they,will influence,16,reviewed,hand-curated English batches 6-20; no conjugation library; English infinitive mapped from French rank 793
EN,generalize,Indicative,Present,I,generalize,16,reviewed,hand-curated English batches 6-20; no conjugation library; English infinitive mapped from French rank 794
EN,generalize,Indicative,Present,you,generalize,16,reviewed,hand-curated English batches 6-20; no conjugation library; English infinitive mapped from French rank 794
EN,generalize,Indicative,Present,"he (she, it)",generalizes,16,reviewed,hand-curated English batches 6-20; no conjugation library; English infinitive mapped from French rank 794
EN,generalize,Indicative,Present,we,generalize,16,reviewed,hand-curated English batches 6-20; no conjugation library; English infinitive mapped from French rank 794
EN,generalize,Indicative,Present,you (pl.),generalize,16,reviewed,hand-curated English batches 6-20; no conjugation library; English infinitive mapped from French rank 794
EN,generalize,Indicative,Present,they,generalize,16,reviewed,hand-curated English batches 6-20; no conjugation library; English infinitive mapped from French rank 794
EN,generalize,Indicative,Past,I,generalized,16,reviewed,hand-curated English batches 6-20; no conjugation library; English infinitive mapped from French rank 794
EN,generalize,Indicative,Past,you,generalized,16,reviewed,hand-curated English batches 6-20; no conjugation library; English infinitive mapped from French rank 794
EN,generalize,Indicative,Past,"he (she, it)",generalized,16,reviewed,hand-curated English batches 6-20; no conjugation library; English infinitive mapped from French rank 794
EN,generalize,Indicative,Past,we,generalized,16,reviewed,hand-curated English batches 6-20; no conjugation library; English infinitive mapped from French rank 794
EN,generalize,Indicative,Past,you (pl.),generalized,16,reviewed,hand-curated English batches 6-20; no conjugation library; English infinitive mapped from French rank 794
EN,generalize,Indicative,Past,they,generalized,16,reviewed,hand-curated English batches 6-20; no conjugation library; English infinitive mapped from French rank 794
EN,generalize,Indicative,Future,I,will generalize,16,reviewed,hand-curated English batches 6-20; no conjugation library; English infinitive mapped from French rank 794
EN,generalize,Indicative,Future,you,will generalize,16,reviewed,hand-curated English batches 6-20; no conjugation library; English infinitive mapped from French rank 794
EN,generalize,Indicative,Future,"he (she, it)",will generalize,16,reviewed,hand-curated English batches 6-20; no conjugation library; English infinitive mapped from French rank 794
EN,generalize,Indicative,Future,we,will generalize,16,reviewed,hand-curated English batches 6-20; no conjugation library; English infinitive mapped from French rank 794
EN,generalize,Indicative,Future,you (pl.),will generalize,16,reviewed,hand-curated English batches 6-20; no conjugation library; English infinitive mapped from French rank 794
EN,generalize,Indicative,Future,they,will generalize,16,reviewed,hand-curated English batches 6-20; no conjugation library; English infinitive mapped from French rank 794
EN,begin,Indicative,Present,I,begin,16,reviewed,hand-curated English batches 6-20 QC; no conjugation library; corrected irregular past of begin
EN,begin,Indicative,Present,you,begin,16,reviewed,hand-curated English batches 6-20 QC; no conjugation library; corrected irregular past of begin
EN,begin,Indicative,Present,"he (she, it)",begins,16,reviewed,hand-curated English batches 6-20 QC; no conjugation library; corrected irregular past of begin
EN,begin,Indicative,Present,we,begin,16,reviewed,hand-curated English batches 6-20 QC; no conjugation library; corrected irregular past of begin
EN,begin,Indicative,Present,you (pl.),begin,16,reviewed,hand-curated English batches 6-20 QC; no conjugation library; corrected irregular past of begin
EN,begin,Indicative,Present,they,begin,16,reviewed,hand-curated English batches 6-20 QC; no conjugation library; corrected irregular past of begin
EN,begin,Indicative,Past,I,began,16,reviewed,hand-curated English batches 6-20 QC; no conjugation library; corrected irregular past of begin
EN,begin,Indicative,Past,you,began,16,reviewed,hand-curated English batches 6-20 QC; no conjugation library; corrected irregular past of begin
EN,begin,Indicative,Past,"he (she, it)",began,16,reviewed,hand-curated English batches 6-20 QC; no conjugation library; corrected irregular past of begin
EN,begin,Indicative,Past,we,began,16,reviewed,hand-curated English batches 6-20 QC; no conjugation library; corrected irregular past of begin
EN,begin,Indicative,Past,you (pl.),began,16,reviewed,hand-curated English batches 6-20 QC; no conjugation library; corrected irregular past of begin
EN,begin,Indicative,Past,they,began,16,reviewed,hand-curated English batches 6-20 QC; no conjugation library; corrected irregular past of begin
EN,begin,Indicative,Future,I,will begin,16,reviewed,hand-curated English batches 6-20 QC; no conjugation library; corrected irregular past of begin
EN,begin,Indicative,Future,you,will begin,16,reviewed,hand-curated English batches 6-20 QC; no conjugation library; corrected irregular past of begin
EN,begin,Indicative,Future,"he (she, it)",will begin,16,reviewed,hand-curated English batches 6-20 QC; no conjugation library; corrected irregular past of begin
EN,begin,Indicative,Future,we,will begin,16,reviewed,hand-curated English batches 6-20 QC; no conjugation library; corrected irregular past of begin
EN,begin,Indicative,Future,you (pl.),will begin,16,reviewed,hand-curated English batches 6-20 QC; no conjugation library; corrected irregular past of begin
EN,begin,Indicative,Future,they,will begin,16,reviewed,hand-curated English batches 6-20 QC; no conjugation library; corrected irregular past of begin
EN,sweep,Indicative,Present,I,sweep,16,reviewed,hand-curated English batches 6-20; no conjugation library; English infinitive mapped from French rank 796
EN,sweep,Indicative,Present,you,sweep,16,reviewed,hand-curated English batches 6-20; no conjugation library; English infinitive mapped from French rank 796
EN,sweep,Indicative,Present,"he (she, it)",sweeps,16,reviewed,hand-curated English batches 6-20; no conjugation library; English infinitive mapped from French rank 796
EN,sweep,Indicative,Present,we,sweep,16,reviewed,hand-curated English batches 6-20; no conjugation library; English infinitive mapped from French rank 796
EN,sweep,Indicative,Present,you (pl.),sweep,16,reviewed,hand-curated English batches 6-20; no conjugation library; English infinitive mapped from French rank 796
EN,sweep,Indicative,Present,they,sweep,16,reviewed,hand-curated English batches 6-20; no conjugation library; English infinitive mapped from French rank 796
EN,sweep,Indicative,Past,I,swept,16,reviewed,hand-curated English batches 6-20; no conjugation library; English infinitive mapped from French rank 796
EN,sweep,Indicative,Past,you,swept,16,reviewed,hand-curated English batches 6-20; no conjugation library; English infinitive mapped from French rank 796
EN,sweep,Indicative,Past,"he (she, it)",swept,16,reviewed,hand-curated English batches 6-20; no conjugation library; English infinitive mapped from French rank 796
EN,sweep,Indicative,Past,we,swept,16,reviewed,hand-curated English batches 6-20; no conjugation library; English infinitive mapped from French rank 796
EN,sweep,Indicative,Past,you (pl.),swept,16,reviewed,hand-curated English batches 6-20; no conjugation library; English infinitive mapped from French rank 796
EN,sweep,Indicative,Past,they,swept,16,reviewed,hand-curated English batches 6-20; no conjugation library; English infinitive mapped from French rank 796
EN,sweep,Indicative,Future,I,will sweep,16,reviewed,hand-curated English batches 6-20; no conjugation library; English infinitive mapped from French rank 796
EN,sweep,Indicative,Future,you,will sweep,16,reviewed,hand-curated English batches 6-20; no conjugation library; English infinitive mapped from French rank 796
EN,sweep,Indicative,Future,"he (she, it)",will sweep,16,reviewed,hand-curated English batches 6-20; no conjugation library; English infinitive mapped from French rank 796
EN,sweep,Indicative,Future,we,will sweep,16,reviewed,hand-curated English batches 6-20; no conjugation library; English infinitive mapped from French rank 796
EN,sweep,Indicative,Future,you (pl.),will sweep,16,reviewed,hand-curated English batches 6-20; no conjugation library; English infinitive mapped from French rank 796
EN,sweep,Indicative,Future,they,will sweep,16,reviewed,hand-curated English batches 6-20; no conjugation library; English infinitive mapped from French rank 796
EN,simplify,Indicative,Present,I,simplify,16,reviewed,hand-curated English batches 6-20; no conjugation library; English infinitive mapped from French rank 797
EN,simplify,Indicative,Present,you,simplify,16,reviewed,hand-curated English batches 6-20; no conjugation library; English infinitive mapped from French rank 797
EN,simplify,Indicative,Present,"he (she, it)",simplifies,16,reviewed,hand-curated English batches 6-20; no conjugation library; English infinitive mapped from French rank 797
EN,simplify,Indicative,Present,we,simplify,16,reviewed,hand-curated English batches 6-20; no conjugation library; English infinitive mapped from French rank 797
EN,simplify,Indicative,Present,you (pl.),simplify,16,reviewed,hand-curated English batches 6-20; no conjugation library; English infinitive mapped from French rank 797
EN,simplify,Indicative,Present,they,simplify,16,reviewed,hand-curated English batches 6-20; no conjugation library; English infinitive mapped from French rank 797
EN,simplify,Indicative,Past,I,simplified,16,reviewed,hand-curated English batches 6-20; no conjugation library; English infinitive mapped from French rank 797
EN,simplify,Indicative,Past,you,simplified,16,reviewed,hand-curated English batches 6-20; no conjugation library; English infinitive mapped from French rank 797
EN,simplify,Indicative,Past,"he (she, it)",simplified,16,reviewed,hand-curated English batches 6-20; no conjugation library; English infinitive mapped from French rank 797
EN,simplify,Indicative,Past,we,simplified,16,reviewed,hand-curated English batches 6-20; no conjugation library; English infinitive mapped from French rank 797
EN,simplify,Indicative,Past,you (pl.),simplified,16,reviewed,hand-curated English batches 6-20; no conjugation library; English infinitive mapped from French rank 797
EN,simplify,Indicative,Past,they,simplified,16,reviewed,hand-curated English batches 6-20; no conjugation library; English infinitive mapped from French rank 797
EN,simplify,Indicative,Future,I,will simplify,16,reviewed,hand-curated English batches 6-20; no conjugation library; English infinitive mapped from French rank 797
EN,simplify,Indicative,Future,you,will simplify,16,reviewed,hand-curated English batches 6-20; no conjugation library; English infinitive mapped from French rank 797
EN,simplify,Indicative,Future,"he (she, it)",will simplify,16,reviewed,hand-curated English batches 6-20; no conjugation library; English infinitive mapped from French rank 797
EN,simplify,Indicative,Future,we,will simplify,16,reviewed,hand-curated English batches 6-20; no conjugation library; English infinitive mapped from French rank 797
EN,simplify,Indicative,Future,you (pl.),will simplify,16,reviewed,hand-curated English batches 6-20; no conjugation library; English infinitive mapped from French rank 797
EN,simplify,Indicative,Future,they,will simplify,16,reviewed,hand-curated English batches 6-20; no conjugation library; English infinitive mapped from French rank 797
EN,perfect,Indicative,Present,I,perfect,16,reviewed,hand-curated English batches 6-20; no conjugation library; English infinitive mapped from French rank 798
EN,perfect,Indicative,Present,you,perfect,16,reviewed,hand-curated English batches 6-20; no conjugation library; English infinitive mapped from French rank 798
EN,perfect,Indicative,Present,"he (she, it)",perfects,16,reviewed,hand-curated English batches 6-20; no conjugation library; English infinitive mapped from French rank 798
EN,perfect,Indicative,Present,we,perfect,16,reviewed,hand-curated English batches 6-20; no conjugation library; English infinitive mapped from French rank 798
EN,perfect,Indicative,Present,you (pl.),perfect,16,reviewed,hand-curated English batches 6-20; no conjugation library; English infinitive mapped from French rank 798
EN,perfect,Indicative,Present,they,perfect,16,reviewed,hand-curated English batches 6-20; no conjugation library; English infinitive mapped from French rank 798
EN,perfect,Indicative,Past,I,perfected,16,reviewed,hand-curated English batches 6-20; no conjugation library; English infinitive mapped from French rank 798
EN,perfect,Indicative,Past,you,perfected,16,reviewed,hand-curated English batches 6-20; no conjugation library; English infinitive mapped from French rank 798
EN,perfect,Indicative,Past,"he (she, it)",perfected,16,reviewed,hand-curated English batches 6-20; no conjugation library; English infinitive mapped from French rank 798
EN,perfect,Indicative,Past,we,perfected,16,reviewed,hand-curated English batches 6-20; no conjugation library; English infinitive mapped from French rank 798
EN,perfect,Indicative,Past,you (pl.),perfected,16,reviewed,hand-curated English batches 6-20; no conjugation library; English infinitive mapped from French rank 798
EN,perfect,Indicative,Past,they,perfected,16,reviewed,hand-curated English batches 6-20; no conjugation library; English infinitive mapped from French rank 798
EN,perfect,Indicative,Future,I,will perfect,16,reviewed,hand-curated English batches 6-20; no conjugation library; English infinitive mapped from French rank 798
EN,perfect,Indicative,Future,you,will perfect,16,reviewed,hand-curated English batches 6-20; no conjugation library; English infinitive mapped from French rank 798
EN,perfect,Indicative,Future,"he (she, it)",will perfect,16,reviewed,hand-curated English batches 6-20; no conjugation library; English infinitive mapped from French rank 798
EN,perfect,Indicative,Future,we,will perfect,16,reviewed,hand-curated English batches 6-20; no conjugation library; English infinitive mapped from French rank 798
EN,perfect,Indicative,Future,you (pl.),will perfect,16,reviewed,hand-curated English batches 6-20; no conjugation library; English infinitive mapped from French rank 798
EN,perfect,Indicative,Future,they,will perfect,16,reviewed,hand-curated English batches 6-20; no conjugation library; English infinitive mapped from French rank 798
EN,exhaust,Indicative,Present,I,exhaust,16,reviewed,hand-curated English batches 6-20; no conjugation library; English infinitive mapped from French rank 799
EN,exhaust,Indicative,Present,you,exhaust,16,reviewed,hand-curated English batches 6-20; no conjugation library; English infinitive mapped from French rank 799
EN,exhaust,Indicative,Present,"he (she, it)",exhausts,16,reviewed,hand-curated English batches 6-20; no conjugation library; English infinitive mapped from French rank 799
EN,exhaust,Indicative,Present,we,exhaust,16,reviewed,hand-curated English batches 6-20; no conjugation library; English infinitive mapped from French rank 799
EN,exhaust,Indicative,Present,you (pl.),exhaust,16,reviewed,hand-curated English batches 6-20; no conjugation library; English infinitive mapped from French rank 799
EN,exhaust,Indicative,Present,they,exhaust,16,reviewed,hand-curated English batches 6-20; no conjugation library; English infinitive mapped from French rank 799
EN,exhaust,Indicative,Past,I,exhausted,16,reviewed,hand-curated English batches 6-20; no conjugation library; English infinitive mapped from French rank 799
EN,exhaust,Indicative,Past,you,exhausted,16,reviewed,hand-curated English batches 6-20; no conjugation library; English infinitive mapped from French rank 799
EN,exhaust,Indicative,Past,"he (she, it)",exhausted,16,reviewed,hand-curated English batches 6-20; no conjugation library; English infinitive mapped from French rank 799
EN,exhaust,Indicative,Past,we,exhausted,16,reviewed,hand-curated English batches 6-20; no conjugation library; English infinitive mapped from French rank 799
EN,exhaust,Indicative,Past,you (pl.),exhausted,16,reviewed,hand-curated English batches 6-20; no conjugation library; English infinitive mapped from French rank 799
EN,exhaust,Indicative,Past,they,exhausted,16,reviewed,hand-curated English batches 6-20; no conjugation library; English infinitive mapped from French rank 799
EN,exhaust,Indicative,Future,I,will exhaust,16,reviewed,hand-curated English batches 6-20; no conjugation library; English infinitive mapped from French rank 799
EN,exhaust,Indicative,Future,you,will exhaust,16,reviewed,hand-curated English batches 6-20; no conjugation library; English infinitive mapped from French rank 799
EN,exhaust,Indicative,Future,"he (she, it)",will exhaust,16,reviewed,hand-curated English batches 6-20; no conjugation library; English infinitive mapped from French rank 799
EN,exhaust,Indicative,Future,we,will exhaust,16,reviewed,hand-curated English batches 6-20; no conjugation library; English infinitive mapped from French rank 799
EN,exhaust,Indicative,Future,you (pl.),will exhaust,16,reviewed,hand-curated English batches 6-20; no conjugation library; English infinitive mapped from French rank 799
EN,exhaust,Indicative,Future,they,will exhaust,16,reviewed,hand-curated English batches 6-20; no conjugation library; English infinitive mapped from French rank 799
EN,blossom,Indicative,Present,I,blossom,16,reviewed,hand-curated English batches 6-20; no conjugation library; English infinitive mapped from French rank 800
EN,blossom,Indicative,Present,you,blossom,16,reviewed,hand-curated English batches 6-20; no conjugation library; English infinitive mapped from French rank 800
EN,blossom,Indicative,Present,"he (she, it)",blossoms,16,reviewed,hand-curated English batches 6-20; no conjugation library; English infinitive mapped from French rank 800
EN,blossom,Indicative,Present,we,blossom,16,reviewed,hand-curated English batches 6-20; no conjugation library; English infinitive mapped from French rank 800
EN,blossom,Indicative,Present,you (pl.),blossom,16,reviewed,hand-curated English batches 6-20; no conjugation library; English infinitive mapped from French rank 800
EN,blossom,Indicative,Present,they,blossom,16,reviewed,hand-curated English batches 6-20; no conjugation library; English infinitive mapped from French rank 800
EN,blossom,Indicative,Past,I,blossomed,16,reviewed,hand-curated English batches 6-20; no conjugation library; English infinitive mapped from French rank 800
EN,blossom,Indicative,Past,you,blossomed,16,reviewed,hand-curated English batches 6-20; no conjugation library; English infinitive mapped from French rank 800
EN,blossom,Indicative,Past,"he (she, it)",blossomed,16,reviewed,hand-curated English batches 6-20; no conjugation library; English infinitive mapped from French rank 800
EN,blossom,Indicative,Past,we,blossomed,16,reviewed,hand-curated English batches 6-20; no conjugation library; English infinitive mapped from French rank 800
EN,blossom,Indicative,Past,you (pl.),blossomed,16,reviewed,hand-curated English batches 6-20; no conjugation library; English infinitive mapped from French rank 800
EN,blossom,Indicative,Past,they,blossomed,16,reviewed,hand-curated English batches 6-20; no conjugation library; English infinitive mapped from French rank 800
EN,blossom,Indicative,Future,I,will blossom,16,reviewed,hand-curated English batches 6-20; no conjugation library; English infinitive mapped from French rank 800
EN,blossom,Indicative,Future,you,will blossom,16,reviewed,hand-curated English batches 6-20; no conjugation library; English infinitive mapped from French rank 800
EN,blossom,Indicative,Future,"he (she, it)",will blossom,16,reviewed,hand-curated English batches 6-20; no conjugation library; English infinitive mapped from French rank 800
EN,blossom,Indicative,Future,we,will blossom,16,reviewed,hand-curated English batches 6-20; no conjugation library; English infinitive mapped from French rank 800
EN,blossom,Indicative,Future,you (pl.),will blossom,16,reviewed,hand-curated English batches 6-20; no conjugation library; English infinitive mapped from French rank 800
EN,blossom,Indicative,Future,they,will blossom,16,reviewed,hand-curated English batches 6-20; no conjugation library; English infinitive mapped from French rank 800
RU,смиряться,Изъявительное наклонение,Настоящее время,я,смиряюсь,16,reviewed,hand-curated Russian batch 16; no conjugation library; imperfective base; singular past includes gender variants
RU,смиряться,Изъявительное наклонение,Настоящее время,ты,смиряешься,16,reviewed,hand-curated Russian batch 16; no conjugation library; imperfective base; singular past includes gender variants
RU,смиряться,Изъявительное наклонение,Настоящее время,"он (она, оно)",смиряется,16,reviewed,hand-curated Russian batch 16; no conjugation library; imperfective base; singular past includes gender variants
RU,смиряться,Изъявительное наклонение,Настоящее время,мы,смиряемся,16,reviewed,hand-curated Russian batch 16; no conjugation library; imperfective base; singular past includes gender variants
RU,смиряться,Изъявительное наклонение,Настоящее время,вы,смиряетесь,16,reviewed,hand-curated Russian batch 16; no conjugation library; imperfective base; singular past includes gender variants
RU,смиряться,Изъявительное наклонение,Настоящее время,они,смиряются,16,reviewed,hand-curated Russian batch 16; no conjugation library; imperfective base; singular past includes gender variants
RU,смиряться,Изъявительное наклонение,Прошедшее время,я,смирялся (смирялась),16,reviewed,hand-curated Russian batch 16; no conjugation library; imperfective base; singular past includes gender variants
RU,смиряться,Изъявительное наклонение,Прошедшее время,ты,смирялся (смирялась),16,reviewed,hand-curated Russian batch 16; no conjugation library; imperfective base; singular past includes gender variants
RU,смиряться,Изъявительное наклонение,Прошедшее время,"он (она, оно)","смирялся (смирялась, смирялось)",16,reviewed,hand-curated Russian batch 16; no conjugation library; imperfective base; singular past includes gender variants
RU,смиряться,Изъявительное наклонение,Прошедшее время,мы,смирялись,16,reviewed,hand-curated Russian batch 16; no conjugation library; imperfective base; singular past includes gender variants
RU,смиряться,Изъявительное наклонение,Прошедшее время,вы,смирялись,16,reviewed,hand-curated Russian batch 16; no conjugation library; imperfective base; singular past includes gender variants
RU,смиряться,Изъявительное наклонение,Прошедшее время,они,смирялись,16,reviewed,hand-curated Russian batch 16; no conjugation library; imperfective base; singular past includes gender variants
RU,смиряться,Изъявительное наклонение,Будущее время,я,буду смиряться,16,reviewed,hand-curated Russian batch 16; no conjugation library; imperfective base; singular past includes gender variants
RU,смиряться,Изъявительное наклонение,Будущее время,ты,будешь смиряться,16,reviewed,hand-curated Russian batch 16; no conjugation library; imperfective base; singular past includes gender variants
RU,смиряться,Изъявительное наклонение,Будущее время,"он (она, оно)",будет смиряться,16,reviewed,hand-curated Russian batch 16; no conjugation library; imperfective base; singular past includes gender variants
RU,смиряться,Изъявительное наклонение,Будущее время,мы,будем смиряться,16,reviewed,hand-curated Russian batch 16; no conjugation library; imperfective base; singular past includes gender variants
RU,смиряться,Изъявительное наклонение,Будущее время,вы,будете смиряться,16,reviewed,hand-curated Russian batch 16; no conjugation library; imperfective base; singular past includes gender variants
RU,смиряться,Изъявительное наклонение,Будущее время,они,будут смиряться,16,reviewed,hand-curated Russian batch 16; no conjugation library; imperfective base; singular past includes gender variants
RU,ускорять,Изъявительное наклонение,Настоящее время,я,ускоряю,16,reviewed,hand-curated Russian batch 16; no conjugation library; imperfective base; singular past includes gender variants
RU,ускорять,Изъявительное наклонение,Настоящее время,ты,ускоряешь,16,reviewed,hand-curated Russian batch 16; no conjugation library; imperfective base; singular past includes gender variants
RU,ускорять,Изъявительное наклонение,Настоящее время,"он (она, оно)",ускоряет,16,reviewed,hand-curated Russian batch 16; no conjugation library; imperfective base; singular past includes gender variants
RU,ускорять,Изъявительное наклонение,Настоящее время,мы,ускоряем,16,reviewed,hand-curated Russian batch 16; no conjugation library; imperfective base; singular past includes gender variants
RU,ускорять,Изъявительное наклонение,Настоящее время,вы,ускоряете,16,reviewed,hand-curated Russian batch 16; no conjugation library; imperfective base; singular past includes gender variants
RU,ускорять,Изъявительное наклонение,Настоящее время,они,ускоряют,16,reviewed,hand-curated Russian batch 16; no conjugation library; imperfective base; singular past includes gender variants
RU,ускорять,Изъявительное наклонение,Прошедшее время,я,ускорял (ускоряла),16,reviewed,hand-curated Russian batch 16; no conjugation library; imperfective base; singular past includes gender variants
RU,ускорять,Изъявительное наклонение,Прошедшее время,ты,ускорял (ускоряла),16,reviewed,hand-curated Russian batch 16; no conjugation library; imperfective base; singular past includes gender variants
RU,ускорять,Изъявительное наклонение,Прошедшее время,"он (она, оно)","ускорял (ускоряла, ускоряло)",16,reviewed,hand-curated Russian batch 16; no conjugation library; imperfective base; singular past includes gender variants
RU,ускорять,Изъявительное наклонение,Прошедшее время,мы,ускоряли,16,reviewed,hand-curated Russian batch 16; no conjugation library; imperfective base; singular past includes gender variants
RU,ускорять,Изъявительное наклонение,Прошедшее время,вы,ускоряли,16,reviewed,hand-curated Russian batch 16; no conjugation library; imperfective base; singular past includes gender variants
RU,ускорять,Изъявительное наклонение,Прошедшее время,они,ускоряли,16,reviewed,hand-curated Russian batch 16; no conjugation library; imperfective base; singular past includes gender variants
RU,ускорять,Изъявительное наклонение,Будущее время,я,буду ускорять,16,reviewed,hand-curated Russian batch 16; no conjugation library; imperfective base; singular past includes gender variants
RU,ускорять,Изъявительное наклонение,Будущее время,ты,будешь ускорять,16,reviewed,hand-curated Russian batch 16; no conjugation library; imperfective base; singular past includes gender variants
RU,ускорять,Изъявительное наклонение,Будущее время,"он (она, оно)",будет ускорять,16,reviewed,hand-curated Russian batch 16; no conjugation library; imperfective base; singular past includes gender variants
RU,ускорять,Изъявительное наклонение,Будущее время,мы,будем ускорять,16,reviewed,hand-curated Russian batch 16; no conjugation library; imperfective base; singular past includes gender variants
RU,ускорять,Изъявительное наклонение,Будущее время,вы,будете ускорять,16,reviewed,hand-curated Russian batch 16; no conjugation library; imperfective base; singular past includes gender variants
RU,ускорять,Изъявительное наклонение,Будущее время,они,будут ускорять,16,reviewed,hand-curated Russian batch 16; no conjugation library; imperfective base; singular past includes gender variants
RU,оспаривать,Изъявительное наклонение,Настоящее время,я,оспариваю,16,reviewed,hand-curated Russian batch 16; no conjugation library; imperfective base; singular past includes gender variants
RU,оспаривать,Изъявительное наклонение,Настоящее время,ты,оспариваешь,16,reviewed,hand-curated Russian batch 16; no conjugation library; imperfective base; singular past includes gender variants
RU,оспаривать,Изъявительное наклонение,Настоящее время,"он (она, оно)",оспаривает,16,reviewed,hand-curated Russian batch 16; no conjugation library; imperfective base; singular past includes gender variants
RU,оспаривать,Изъявительное наклонение,Настоящее время,мы,оспариваем,16,reviewed,hand-curated Russian batch 16; no conjugation library; imperfective base; singular past includes gender variants
RU,оспаривать,Изъявительное наклонение,Настоящее время,вы,оспариваете,16,reviewed,hand-curated Russian batch 16; no conjugation library; imperfective base; singular past includes gender variants
RU,оспаривать,Изъявительное наклонение,Настоящее время,они,оспаривают,16,reviewed,hand-curated Russian batch 16; no conjugation library; imperfective base; singular past includes gender variants
RU,оспаривать,Изъявительное наклонение,Прошедшее время,я,оспаривал (оспаривала),16,reviewed,hand-curated Russian batch 16; no conjugation library; imperfective base; singular past includes gender variants
RU,оспаривать,Изъявительное наклонение,Прошедшее время,ты,оспаривал (оспаривала),16,reviewed,hand-curated Russian batch 16; no conjugation library; imperfective base; singular past includes gender variants
RU,оспаривать,Изъявительное наклонение,Прошедшее время,"он (она, оно)","оспаривал (оспаривала, оспаривало)",16,reviewed,hand-curated Russian batch 16; no conjugation library; imperfective base; singular past includes gender variants
RU,оспаривать,Изъявительное наклонение,Прошедшее время,мы,оспаривали,16,reviewed,hand-curated Russian batch 16; no conjugation library; imperfective base; singular past includes gender variants
RU,оспаривать,Изъявительное наклонение,Прошедшее время,вы,оспаривали,16,reviewed,hand-curated Russian batch 16; no conjugation library; imperfective base; singular past includes gender variants
RU,оспаривать,Изъявительное наклонение,Прошедшее время,они,оспаривали,16,reviewed,hand-curated Russian batch 16; no conjugation library; imperfective base; singular past includes gender variants
RU,оспаривать,Изъявительное наклонение,Будущее время,я,буду оспаривать,16,reviewed,hand-curated Russian batch 16; no conjugation library; imperfective base; singular past includes gender variants
RU,оспаривать,Изъявительное наклонение,Будущее время,ты,будешь оспаривать,16,reviewed,hand-curated Russian batch 16; no conjugation library; imperfective base; singular past includes gender variants
RU,оспаривать,Изъявительное наклонение,Будущее время,"он (она, оно)",будет оспаривать,16,reviewed,hand-curated Russian batch 16; no conjugation library; imperfective base; singular past includes gender variants
RU,оспаривать,Изъявительное наклонение,Будущее время,мы,будем оспаривать,16,reviewed,hand-curated Russian batch 16; no conjugation library; imperfective base; singular past includes gender variants
RU,оспаривать,Изъявительное наклонение,Будущее время,вы,будете оспаривать,16,reviewed,hand-curated Russian batch 16; no conjugation library; imperfective base; singular past includes gender variants
RU,оспаривать,Изъявительное наклонение,Будущее время,они,будут оспаривать,16,reviewed,hand-curated Russian batch 16; no conjugation library; imperfective base; singular past includes gender variants
RU,хвалить,Изъявительное наклонение,Настоящее время,я,хвалю,16,reviewed,hand-curated Russian batch 16; no conjugation library; imperfective base; singular past includes gender variants
RU,хвалить,Изъявительное наклонение,Настоящее время,ты,хвалишь,16,reviewed,hand-curated Russian batch 16; no conjugation library; imperfective base; singular past includes gender variants
RU,хвалить,Изъявительное наклонение,Настоящее время,"он (она, оно)",хвалит,16,reviewed,hand-curated Russian batch 16; no conjugation library; imperfective base; singular past includes gender variants
RU,хвалить,Изъявительное наклонение,Настоящее время,мы,хвалим,16,reviewed,hand-curated Russian batch 16; no conjugation library; imperfective base; singular past includes gender variants
RU,хвалить,Изъявительное наклонение,Настоящее время,вы,хвалите,16,reviewed,hand-curated Russian batch 16; no conjugation library; imperfective base; singular past includes gender variants
RU,хвалить,Изъявительное наклонение,Настоящее время,они,хвалят,16,reviewed,hand-curated Russian batch 16; no conjugation library; imperfective base; singular past includes gender variants
RU,хвалить,Изъявительное наклонение,Прошедшее время,я,хвалил (хвалила),16,reviewed,hand-curated Russian batch 16; no conjugation library; imperfective base; singular past includes gender variants
RU,хвалить,Изъявительное наклонение,Прошедшее время,ты,хвалил (хвалила),16,reviewed,hand-curated Russian batch 16; no conjugation library; imperfective base; singular past includes gender variants
RU,хвалить,Изъявительное наклонение,Прошедшее время,"он (она, оно)","хвалил (хвалила, хвалило)",16,reviewed,hand-curated Russian batch 16; no conjugation library; imperfective base; singular past includes gender variants
RU,хвалить,Изъявительное наклонение,Прошедшее время,мы,хвалили,16,reviewed,hand-curated Russian batch 16; no conjugation library; imperfective base; singular past includes gender variants
RU,хвалить,Изъявительное наклонение,Прошедшее время,вы,хвалили,16,reviewed,hand-curated Russian batch 16; no conjugation library; imperfective base; singular past includes gender variants
RU,хвалить,Изъявительное наклонение,Прошедшее время,они,хвалили,16,reviewed,hand-curated Russian batch 16; no conjugation library; imperfective base; singular past includes gender variants
RU,хвалить,Изъявительное наклонение,Будущее время,я,буду хвалить,16,reviewed,hand-curated Russian batch 16; no conjugation library; imperfective base; singular past includes gender variants
RU,хвалить,Изъявительное наклонение,Будущее время,ты,будешь хвалить,16,reviewed,hand-curated Russian batch 16; no conjugation library; imperfective base; singular past includes gender variants
RU,хвалить,Изъявительное наклонение,Будущее время,"он (она, оно)",будет хвалить,16,reviewed,hand-curated Russian batch 16; no conjugation library; imperfective base; singular past includes gender variants
RU,хвалить,Изъявительное наклонение,Будущее время,мы,будем хвалить,16,reviewed,hand-curated Russian batch 16; no conjugation library; imperfective base; singular past includes gender variants
RU,хвалить,Изъявительное наклонение,Будущее время,вы,будете хвалить,16,reviewed,hand-curated Russian batch 16; no conjugation library; imperfective base; singular past includes gender variants
RU,хвалить,Изъявительное наклонение,Будущее время,они,будут хвалить,16,reviewed,hand-curated Russian batch 16; no conjugation library; imperfective base; singular past includes gender variants
RU,покрывать снова,Изъявительное наклонение,Настоящее время,я,покрываю снова,16,reviewed,hand-curated Russian batch 16; no conjugation library; imperfective base; singular past includes gender variants
RU,покрывать снова,Изъявительное наклонение,Настоящее время,ты,покрываешь снова,16,reviewed,hand-curated Russian batch 16; no conjugation library; imperfective base; singular past includes gender variants
RU,покрывать снова,Изъявительное наклонение,Настоящее время,"он (она, оно)",покрывает снова,16,reviewed,hand-curated Russian batch 16; no conjugation library; imperfective base; singular past includes gender variants
RU,покрывать снова,Изъявительное наклонение,Настоящее время,мы,покрываем снова,16,reviewed,hand-curated Russian batch 16; no conjugation library; imperfective base; singular past includes gender variants
RU,покрывать снова,Изъявительное наклонение,Настоящее время,вы,покрываете снова,16,reviewed,hand-curated Russian batch 16; no conjugation library; imperfective base; singular past includes gender variants
RU,покрывать снова,Изъявительное наклонение,Настоящее время,они,покрывают снова,16,reviewed,hand-curated Russian batch 16; no conjugation library; imperfective base; singular past includes gender variants
RU,покрывать снова,Изъявительное наклонение,Прошедшее время,я,покрывал (покрывала) снова,16,reviewed,hand-curated Russian batch 16; no conjugation library; imperfective base; singular past includes gender variants
RU,покрывать снова,Изъявительное наклонение,Прошедшее время,ты,покрывал (покрывала) снова,16,reviewed,hand-curated Russian batch 16; no conjugation library; imperfective base; singular past includes gender variants
RU,покрывать снова,Изъявительное наклонение,Прошедшее время,"он (она, оно)","покрывал (покрывала, покрывало) снова",16,reviewed,hand-curated Russian batch 16; no conjugation library; imperfective base; singular past includes gender variants
RU,покрывать снова,Изъявительное наклонение,Прошедшее время,мы,покрывали снова,16,reviewed,hand-curated Russian batch 16; no conjugation library; imperfective base; singular past includes gender variants
RU,покрывать снова,Изъявительное наклонение,Прошедшее время,вы,покрывали снова,16,reviewed,hand-curated Russian batch 16; no conjugation library; imperfective base; singular past includes gender variants
RU,покрывать снова,Изъявительное наклонение,Прошедшее время,они,покрывали снова,16,reviewed,hand-curated Russian batch 16; no conjugation library; imperfective base; singular past includes gender variants
RU,покрывать снова,Изъявительное наклонение,Будущее время,я,буду покрывать снова,16,reviewed,hand-curated Russian batch 16; no conjugation library; imperfective base; singular past includes gender variants
RU,покрывать снова,Изъявительное наклонение,Будущее время,ты,будешь покрывать снова,16,reviewed,hand-curated Russian batch 16; no conjugation library; imperfective base; singular past includes gender variants
RU,покрывать снова,Изъявительное наклонение,Будущее время,"он (она, оно)",будет покрывать снова,16,reviewed,hand-curated Russian batch 16; no conjugation library; imperfective base; singular past includes gender variants
RU,покрывать снова,Изъявительное наклонение,Будущее время,мы,будем покрывать снова,16,reviewed,hand-curated Russian batch 16; no conjugation library; imperfective base; singular past includes gender variants
RU,покрывать снова,Изъявительное наклонение,Будущее время,вы,будете покрывать снова,16,reviewed,hand-curated Russian batch 16; no conjugation library; imperfective base; singular past includes gender variants
RU,покрывать снова,Изъявительное наклонение,Будущее время,они,будут покрывать снова,16,reviewed,hand-curated Russian batch 16; no conjugation library; imperfective base; singular past includes gender variants
RU,критиковать,Изъявительное наклонение,Настоящее время,я,критикую,16,reviewed,hand-curated Russian batch 16; no conjugation library; imperfective base; singular past includes gender variants
RU,критиковать,Изъявительное наклонение,Настоящее время,ты,критикуешь,16,reviewed,hand-curated Russian batch 16; no conjugation library; imperfective base; singular past includes gender variants
RU,критиковать,Изъявительное наклонение,Настоящее время,"он (она, оно)",критикует,16,reviewed,hand-curated Russian batch 16; no conjugation library; imperfective base; singular past includes gender variants
RU,критиковать,Изъявительное наклонение,Настоящее время,мы,критикуем,16,reviewed,hand-curated Russian batch 16; no conjugation library; imperfective base; singular past includes gender variants
RU,критиковать,Изъявительное наклонение,Настоящее время,вы,критикуете,16,reviewed,hand-curated Russian batch 16; no conjugation library; imperfective base; singular past includes gender variants
RU,критиковать,Изъявительное наклонение,Настоящее время,они,критикуют,16,reviewed,hand-curated Russian batch 16; no conjugation library; imperfective base; singular past includes gender variants
RU,критиковать,Изъявительное наклонение,Прошедшее время,я,критиковал (критиковала),16,reviewed,hand-curated Russian batch 16; no conjugation library; imperfective base; singular past includes gender variants
RU,критиковать,Изъявительное наклонение,Прошедшее время,ты,критиковал (критиковала),16,reviewed,hand-curated Russian batch 16; no conjugation library; imperfective base; singular past includes gender variants
RU,критиковать,Изъявительное наклонение,Прошедшее время,"он (она, оно)","критиковал (критиковала, критиковало)",16,reviewed,hand-curated Russian batch 16; no conjugation library; imperfective base; singular past includes gender variants
RU,критиковать,Изъявительное наклонение,Прошедшее время,мы,критиковали,16,reviewed,hand-curated Russian batch 16; no conjugation library; imperfective base; singular past includes gender variants
RU,критиковать,Изъявительное наклонение,Прошедшее время,вы,критиковали,16,reviewed,hand-curated Russian batch 16; no conjugation library; imperfective base; singular past includes gender variants
RU,критиковать,Изъявительное наклонение,Прошедшее время,они,критиковали,16,reviewed,hand-curated Russian batch 16; no conjugation library; imperfective base; singular past includes gender variants
RU,критиковать,Изъявительное наклонение,Будущее время,я,буду критиковать,16,reviewed,hand-curated Russian batch 16; no conjugation library; imperfective base; singular past includes gender variants
RU,критиковать,Изъявительное наклонение,Будущее время,ты,будешь критиковать,16,reviewed,hand-curated Russian batch 16; no conjugation library; imperfective base; singular past includes gender variants
RU,критиковать,Изъявительное наклонение,Будущее время,"он (она, оно)",будет критиковать,16,reviewed,hand-curated Russian batch 16; no conjugation library; imperfective base; singular past includes gender variants
RU,критиковать,Изъявительное наклонение,Будущее время,мы,будем критиковать,16,reviewed,hand-curated Russian batch 16; no conjugation library; imperfective base; singular past includes gender variants
RU,критиковать,Изъявительное наклонение,Будущее время,вы,будете критиковать,16,reviewed,hand-curated Russian batch 16; no conjugation library; imperfective base; singular past includes gender variants
RU,критиковать,Изъявительное наклонение,Будущее время,они,будут критиковать,16,reviewed,hand-curated Russian batch 16; no conjugation library; imperfective base; singular past includes gender variants
RU,пересекать,Изъявительное наклонение,Настоящее время,я,пересекаю,16,reviewed,hand-curated Russian batch 16; no conjugation library; imperfective base; singular past includes gender variants
RU,пересекать,Изъявительное наклонение,Настоящее время,ты,пересекаешь,16,reviewed,hand-curated Russian batch 16; no conjugation library; imperfective base; singular past includes gender variants
RU,пересекать,Изъявительное наклонение,Настоящее время,"он (она, оно)",пересекает,16,reviewed,hand-curated Russian batch 16; no conjugation library; imperfective base; singular past includes gender variants
RU,пересекать,Изъявительное наклонение,Настоящее время,мы,пересекаем,16,reviewed,hand-curated Russian batch 16; no conjugation library; imperfective base; singular past includes gender variants
RU,пересекать,Изъявительное наклонение,Настоящее время,вы,пересекаете,16,reviewed,hand-curated Russian batch 16; no conjugation library; imperfective base; singular past includes gender variants
RU,пересекать,Изъявительное наклонение,Настоящее время,они,пересекают,16,reviewed,hand-curated Russian batch 16; no conjugation library; imperfective base; singular past includes gender variants
RU,пересекать,Изъявительное наклонение,Прошедшее время,я,пересекал (пересекала),16,reviewed,hand-curated Russian batch 16; no conjugation library; imperfective base; singular past includes gender variants
RU,пересекать,Изъявительное наклонение,Прошедшее время,ты,пересекал (пересекала),16,reviewed,hand-curated Russian batch 16; no conjugation library; imperfective base; singular past includes gender variants
RU,пересекать,Изъявительное наклонение,Прошедшее время,"он (она, оно)","пересекал (пересекала, пересекало)",16,reviewed,hand-curated Russian batch 16; no conjugation library; imperfective base; singular past includes gender variants
RU,пересекать,Изъявительное наклонение,Прошедшее время,мы,пересекали,16,reviewed,hand-curated Russian batch 16; no conjugation library; imperfective base; singular past includes gender variants
RU,пересекать,Изъявительное наклонение,Прошедшее время,вы,пересекали,16,reviewed,hand-curated Russian batch 16; no conjugation library; imperfective base; singular past includes gender variants
RU,пересекать,Изъявительное наклонение,Прошедшее время,они,пересекали,16,reviewed,hand-curated Russian batch 16; no conjugation library; imperfective base; singular past includes gender variants
RU,пересекать,Изъявительное наклонение,Будущее время,я,буду пересекать,16,reviewed,hand-curated Russian batch 16; no conjugation library; imperfective base; singular past includes gender variants
RU,пересекать,Изъявительное наклонение,Будущее время,ты,будешь пересекать,16,reviewed,hand-curated Russian batch 16; no conjugation library; imperfective base; singular past includes gender variants
RU,пересекать,Изъявительное наклонение,Будущее время,"он (она, оно)",будет пересекать,16,reviewed,hand-curated Russian batch 16; no conjugation library; imperfective base; singular past includes gender variants
RU,пересекать,Изъявительное наклонение,Будущее время,мы,будем пересекать,16,reviewed,hand-curated Russian batch 16; no conjugation library; imperfective base; singular past includes gender variants
RU,пересекать,Изъявительное наклонение,Будущее время,вы,будете пересекать,16,reviewed,hand-curated Russian batch 16; no conjugation library; imperfective base; singular past includes gender variants
RU,пересекать,Изъявительное наклонение,Будущее время,они,будут пересекать,16,reviewed,hand-curated Russian batch 16; no conjugation library; imperfective base; singular past includes gender variants
RU,удваивать,Изъявительное наклонение,Настоящее время,я,удваиваю,16,reviewed,hand-curated Russian batch 16; no conjugation library; imperfective base; singular past includes gender variants
RU,удваивать,Изъявительное наклонение,Настоящее время,ты,удваиваешь,16,reviewed,hand-curated Russian batch 16; no conjugation library; imperfective base; singular past includes gender variants
RU,удваивать,Изъявительное наклонение,Настоящее время,"он (она, оно)",удваивает,16,reviewed,hand-curated Russian batch 16; no conjugation library; imperfective base; singular past includes gender variants
RU,удваивать,Изъявительное наклонение,Настоящее время,мы,удваиваем,16,reviewed,hand-curated Russian batch 16; no conjugation library; imperfective base; singular past includes gender variants
RU,удваивать,Изъявительное наклонение,Настоящее время,вы,удваиваете,16,reviewed,hand-curated Russian batch 16; no conjugation library; imperfective base; singular past includes gender variants
RU,удваивать,Изъявительное наклонение,Настоящее время,они,удваивают,16,reviewed,hand-curated Russian batch 16; no conjugation library; imperfective base; singular past includes gender variants
RU,удваивать,Изъявительное наклонение,Прошедшее время,я,удваивал (удваивала),16,reviewed,hand-curated Russian batch 16; no conjugation library; imperfective base; singular past includes gender variants
RU,удваивать,Изъявительное наклонение,Прошедшее время,ты,удваивал (удваивала),16,reviewed,hand-curated Russian batch 16; no conjugation library; imperfective base; singular past includes gender variants
RU,удваивать,Изъявительное наклонение,Прошедшее время,"он (она, оно)","удваивал (удваивала, удваивало)",16,reviewed,hand-curated Russian batch 16; no conjugation library; imperfective base; singular past includes gender variants
RU,удваивать,Изъявительное наклонение,Прошедшее время,мы,удваивали,16,reviewed,hand-curated Russian batch 16; no conjugation library; imperfective base; singular past includes gender variants
RU,удваивать,Изъявительное наклонение,Прошедшее время,вы,удваивали,16,reviewed,hand-curated Russian batch 16; no conjugation library; imperfective base; singular past includes gender variants
RU,удваивать,Изъявительное наклонение,Прошедшее время,они,удваивали,16,reviewed,hand-curated Russian batch 16; no conjugation library; imperfective base; singular past includes gender variants
RU,удваивать,Изъявительное наклонение,Будущее время,я,буду удваивать,16,reviewed,hand-curated Russian batch 16; no conjugation library; imperfective base; singular past includes gender variants
RU,удваивать,Изъявительное наклонение,Будущее время,ты,будешь удваивать,16,reviewed,hand-curated Russian batch 16; no conjugation library; imperfective base; singular past includes gender variants
RU,удваивать,Изъявительное наклонение,Будущее время,"он (она, оно)",будет удваивать,16,reviewed,hand-curated Russian batch 16; no conjugation library; imperfective base; singular past includes gender variants
RU,удваивать,Изъявительное наклонение,Будущее время,мы,будем удваивать,16,reviewed,hand-curated Russian batch 16; no conjugation library; imperfective base; singular past includes gender variants
RU,удваивать,Изъявительное наклонение,Будущее время,вы,будете удваивать,16,reviewed,hand-curated Russian batch 16; no conjugation library; imperfective base; singular past includes gender variants
RU,удваивать,Изъявительное наклонение,Будущее время,они,будут удваивать,16,reviewed,hand-curated Russian batch 16; no conjugation library; imperfective base; singular past includes gender variants
RU,присуждать,Изъявительное наклонение,Настоящее время,я,присуждаю,16,reviewed,hand-curated Russian batch 16; no conjugation library; imperfective base; singular past includes gender variants
RU,присуждать,Изъявительное наклонение,Настоящее время,ты,присуждаешь,16,reviewed,hand-curated Russian batch 16; no conjugation library; imperfective base; singular past includes gender variants
RU,присуждать,Изъявительное наклонение,Настоящее время,"он (она, оно)",присуждает,16,reviewed,hand-curated Russian batch 16; no conjugation library; imperfective base; singular past includes gender variants
RU,присуждать,Изъявительное наклонение,Настоящее время,мы,присуждаем,16,reviewed,hand-curated Russian batch 16; no conjugation library; imperfective base; singular past includes gender variants
RU,присуждать,Изъявительное наклонение,Настоящее время,вы,присуждаете,16,reviewed,hand-curated Russian batch 16; no conjugation library; imperfective base; singular past includes gender variants
RU,присуждать,Изъявительное наклонение,Настоящее время,они,присуждают,16,reviewed,hand-curated Russian batch 16; no conjugation library; imperfective base; singular past includes gender variants
RU,присуждать,Изъявительное наклонение,Прошедшее время,я,присуждал (присуждала),16,reviewed,hand-curated Russian batch 16; no conjugation library; imperfective base; singular past includes gender variants
RU,присуждать,Изъявительное наклонение,Прошедшее время,ты,присуждал (присуждала),16,reviewed,hand-curated Russian batch 16; no conjugation library; imperfective base; singular past includes gender variants
RU,присуждать,Изъявительное наклонение,Прошедшее время,"он (она, оно)","присуждал (присуждала, присуждало)",16,reviewed,hand-curated Russian batch 16; no conjugation library; imperfective base; singular past includes gender variants
RU,присуждать,Изъявительное наклонение,Прошедшее время,мы,присуждали,16,reviewed,hand-curated Russian batch 16; no conjugation library; imperfective base; singular past includes gender variants
RU,присуждать,Изъявительное наклонение,Прошедшее время,вы,присуждали,16,reviewed,hand-curated Russian batch 16; no conjugation library; imperfective base; singular past includes gender variants
RU,присуждать,Изъявительное наклонение,Прошедшее время,они,присуждали,16,reviewed,hand-curated Russian batch 16; no conjugation library; imperfective base; singular past includes gender variants
RU,присуждать,Изъявительное наклонение,Будущее время,я,буду присуждать,16,reviewed,hand-curated Russian batch 16; no conjugation library; imperfective base; singular past includes gender variants
RU,присуждать,Изъявительное наклонение,Будущее время,ты,будешь присуждать,16,reviewed,hand-curated Russian batch 16; no conjugation library; imperfective base; singular past includes gender variants
RU,присуждать,Изъявительное наклонение,Будущее время,"он (она, оно)",будет присуждать,16,reviewed,hand-curated Russian batch 16; no conjugation library; imperfective base; singular past includes gender variants
RU,присуждать,Изъявительное наклонение,Будущее время,мы,будем присуждать,16,reviewed,hand-curated Russian batch 16; no conjugation library; imperfective base; singular past includes gender variants
RU,присуждать,Изъявительное наклонение,Будущее время,вы,будете присуждать,16,reviewed,hand-curated Russian batch 16; no conjugation library; imperfective base; singular past includes gender variants
RU,присуждать,Изъявительное наклонение,Будущее время,они,будут присуждать,16,reviewed,hand-curated Russian batch 16; no conjugation library; imperfective base; singular past includes gender variants
RU,декламировать,Изъявительное наклонение,Настоящее время,я,декламирую,16,reviewed,hand-curated Russian batch 16; no conjugation library; imperfective base; singular past includes gender variants
RU,декламировать,Изъявительное наклонение,Настоящее время,ты,декламируешь,16,reviewed,hand-curated Russian batch 16; no conjugation library; imperfective base; singular past includes gender variants
RU,декламировать,Изъявительное наклонение,Настоящее время,"он (она, оно)",декламирует,16,reviewed,hand-curated Russian batch 16; no conjugation library; imperfective base; singular past includes gender variants
RU,декламировать,Изъявительное наклонение,Настоящее время,мы,декламируем,16,reviewed,hand-curated Russian batch 16; no conjugation library; imperfective base; singular past includes gender variants
RU,декламировать,Изъявительное наклонение,Настоящее время,вы,декламируете,16,reviewed,hand-curated Russian batch 16; no conjugation library; imperfective base; singular past includes gender variants
RU,декламировать,Изъявительное наклонение,Настоящее время,они,декламируют,16,reviewed,hand-curated Russian batch 16; no conjugation library; imperfective base; singular past includes gender variants
RU,декламировать,Изъявительное наклонение,Прошедшее время,я,декламировал (декламировала),16,reviewed,hand-curated Russian batch 16; no conjugation library; imperfective base; singular past includes gender variants
RU,декламировать,Изъявительное наклонение,Прошедшее время,ты,декламировал (декламировала),16,reviewed,hand-curated Russian batch 16; no conjugation library; imperfective base; singular past includes gender variants
RU,декламировать,Изъявительное наклонение,Прошедшее время,"он (она, оно)","декламировал (декламировала, декламировало)",16,reviewed,hand-curated Russian batch 16; no conjugation library; imperfective base; singular past includes gender variants
RU,декламировать,Изъявительное наклонение,Прошедшее время,мы,декламировали,16,reviewed,hand-curated Russian batch 16; no conjugation library; imperfective base; singular past includes gender variants
RU,декламировать,Изъявительное наклонение,Прошедшее время,вы,декламировали,16,reviewed,hand-curated Russian batch 16; no conjugation library; imperfective base; singular past includes gender variants
RU,декламировать,Изъявительное наклонение,Прошедшее время,они,декламировали,16,reviewed,hand-curated Russian batch 16; no conjugation library; imperfective base; singular past includes gender variants
RU,декламировать,Изъявительное наклонение,Будущее время,я,буду декламировать,16,reviewed,hand-curated Russian batch 16; no conjugation library; imperfective base; singular past includes gender variants
RU,декламировать,Изъявительное наклонение,Будущее время,ты,будешь декламировать,16,reviewed,hand-curated Russian batch 16; no conjugation library; imperfective base; singular past includes gender variants
RU,декламировать,Изъявительное наклонение,Будущее время,"он (она, оно)",будет декламировать,16,reviewed,hand-curated Russian batch 16; no conjugation library; imperfective base; singular past includes gender variants
RU,декламировать,Изъявительное наклонение,Будущее время,мы,будем декламировать,16,reviewed,hand-curated Russian batch 16; no conjugation library; imperfective base; singular past includes gender variants
RU,декламировать,Изъявительное наклонение,Будущее время,вы,будете декламировать,16,reviewed,hand-curated Russian batch 16; no conjugation library; imperfective base; singular past includes gender variants
RU,декламировать,Изъявительное наклонение,Будущее время,они,будут декламировать,16,reviewed,hand-curated Russian batch 16; no conjugation library; imperfective base; singular past includes gender variants
RU,восстанавливать,Изъявительное наклонение,Настоящее время,я,восстанавливаю,16,reviewed,hand-curated Russian batch 16; no conjugation library; imperfective base; singular past includes gender variants
RU,восстанавливать,Изъявительное наклонение,Настоящее время,ты,восстанавливаешь,16,reviewed,hand-curated Russian batch 16; no conjugation library; imperfective base; singular past includes gender variants
RU,восстанавливать,Изъявительное наклонение,Настоящее время,"он (она, оно)",восстанавливает,16,reviewed,hand-curated Russian batch 16; no conjugation library; imperfective base; singular past includes gender variants
RU,восстанавливать,Изъявительное наклонение,Настоящее время,мы,восстанавливаем,16,reviewed,hand-curated Russian batch 16; no conjugation library; imperfective base; singular past includes gender variants
RU,восстанавливать,Изъявительное наклонение,Настоящее время,вы,восстанавливаете,16,reviewed,hand-curated Russian batch 16; no conjugation library; imperfective base; singular past includes gender variants
RU,восстанавливать,Изъявительное наклонение,Настоящее время,они,восстанавливают,16,reviewed,hand-curated Russian batch 16; no conjugation library; imperfective base; singular past includes gender variants
RU,восстанавливать,Изъявительное наклонение,Прошедшее время,я,восстанавливал (восстанавливала),16,reviewed,hand-curated Russian batch 16; no conjugation library; imperfective base; singular past includes gender variants
RU,восстанавливать,Изъявительное наклонение,Прошедшее время,ты,восстанавливал (восстанавливала),16,reviewed,hand-curated Russian batch 16; no conjugation library; imperfective base; singular past includes gender variants
RU,восстанавливать,Изъявительное наклонение,Прошедшее время,"он (она, оно)","восстанавливал (восстанавливала, восстанавливало)",16,reviewed,hand-curated Russian batch 16; no conjugation library; imperfective base; singular past includes gender variants
RU,восстанавливать,Изъявительное наклонение,Прошедшее время,мы,восстанавливали,16,reviewed,hand-curated Russian batch 16; no conjugation library; imperfective base; singular past includes gender variants
RU,восстанавливать,Изъявительное наклонение,Прошедшее время,вы,восстанавливали,16,reviewed,hand-curated Russian batch 16; no conjugation library; imperfective base; singular past includes gender variants
RU,восстанавливать,Изъявительное наклонение,Прошедшее время,они,восстанавливали,16,reviewed,hand-curated Russian batch 16; no conjugation library; imperfective base; singular past includes gender variants
RU,восстанавливать,Изъявительное наклонение,Будущее время,я,буду восстанавливать,16,reviewed,hand-curated Russian batch 16; no conjugation library; imperfective base; singular past includes gender variants
RU,восстанавливать,Изъявительное наклонение,Будущее время,ты,будешь восстанавливать,16,reviewed,hand-curated Russian batch 16; no conjugation library; imperfective base; singular past includes gender variants
RU,восстанавливать,Изъявительное наклонение,Будущее время,"он (она, оно)",будет восстанавливать,16,reviewed,hand-curated Russian batch 16; no conjugation library; imperfective base; singular past includes gender variants
RU,восстанавливать,Изъявительное наклонение,Будущее время,мы,будем восстанавливать,16,reviewed,hand-curated Russian batch 16; no conjugation library; imperfective base; singular past includes gender variants
RU,восстанавливать,Изъявительное наклонение,Будущее время,вы,будете восстанавливать,16,reviewed,hand-curated Russian batch 16; no conjugation library; imperfective base; singular past includes gender variants
RU,восстанавливать,Изъявительное наклонение,Будущее время,они,будут восстанавливать,16,reviewed,hand-curated Russian batch 16; no conjugation library; imperfective base; singular past includes gender variants
RU,следовать из,Изъявительное наклонение,Настоящее время,я,следую из,16,reviewed,hand-curated Russian batch 16; no conjugation library; imperfective base; singular past includes gender variants
RU,следовать из,Изъявительное наклонение,Настоящее время,ты,следуешь из,16,reviewed,hand-curated Russian batch 16; no conjugation library; imperfective base; singular past includes gender variants
RU,следовать из,Изъявительное наклонение,Настоящее время,"он (она, оно)",следует из,16,reviewed,hand-curated Russian batch 16; no conjugation library; imperfective base; singular past includes gender variants
RU,следовать из,Изъявительное наклонение,Настоящее время,мы,следуем из,16,reviewed,hand-curated Russian batch 16; no conjugation library; imperfective base; singular past includes gender variants
RU,следовать из,Изъявительное наклонение,Настоящее время,вы,следуете из,16,reviewed,hand-curated Russian batch 16; no conjugation library; imperfective base; singular past includes gender variants
RU,следовать из,Изъявительное наклонение,Настоящее время,они,следуют из,16,reviewed,hand-curated Russian batch 16; no conjugation library; imperfective base; singular past includes gender variants
RU,следовать из,Изъявительное наклонение,Прошедшее время,я,следовал (следовала) из,16,reviewed,hand-curated Russian batch 16; no conjugation library; imperfective base; singular past includes gender variants
RU,следовать из,Изъявительное наклонение,Прошедшее время,ты,следовал (следовала) из,16,reviewed,hand-curated Russian batch 16; no conjugation library; imperfective base; singular past includes gender variants
RU,следовать из,Изъявительное наклонение,Прошедшее время,"он (она, оно)","следовал (следовала, следовало) из",16,reviewed,hand-curated Russian batch 16; no conjugation library; imperfective base; singular past includes gender variants
RU,следовать из,Изъявительное наклонение,Прошедшее время,мы,следовали из,16,reviewed,hand-curated Russian batch 16; no conjugation library; imperfective base; singular past includes gender variants
RU,следовать из,Изъявительное наклонение,Прошедшее время,вы,следовали из,16,reviewed,hand-curated Russian batch 16; no conjugation library; imperfective base; singular past includes gender variants
RU,следовать из,Изъявительное наклонение,Прошедшее время,они,следовали из,16,reviewed,hand-curated Russian batch 16; no conjugation library; imperfective base; singular past includes gender variants
RU,следовать из,Изъявительное наклонение,Будущее время,я,буду следовать из,16,reviewed,hand-curated Russian batch 16; no conjugation library; imperfective base; singular past includes gender variants
RU,следовать из,Изъявительное наклонение,Будущее время,ты,будешь следовать из,16,reviewed,hand-curated Russian batch 16; no conjugation library; imperfective base; singular past includes gender variants
RU,следовать из,Изъявительное наклонение,Будущее время,"он (она, оно)",будет следовать из,16,reviewed,hand-curated Russian batch 16; no conjugation library; imperfective base; singular past includes gender variants
RU,следовать из,Изъявительное наклонение,Будущее время,мы,будем следовать из,16,reviewed,hand-curated Russian batch 16; no conjugation library; imperfective base; singular past includes gender variants
RU,следовать из,Изъявительное наклонение,Будущее время,вы,будете следовать из,16,reviewed,hand-curated Russian batch 16; no conjugation library; imperfective base; singular past includes gender variants
RU,следовать из,Изъявительное наклонение,Будущее время,они,будут следовать из,16,reviewed,hand-curated Russian batch 16; no conjugation library; imperfective base; singular past includes gender variants
RU,разворачиваться,Изъявительное наклонение,Настоящее время,я,разворачиваюсь,16,reviewed,hand-curated Russian batch 16; no conjugation library; imperfective base; singular past includes gender variants
RU,разворачиваться,Изъявительное наклонение,Настоящее время,ты,разворачиваешься,16,reviewed,hand-curated Russian batch 16; no conjugation library; imperfective base; singular past includes gender variants
RU,разворачиваться,Изъявительное наклонение,Настоящее время,"он (она, оно)",разворачивается,16,reviewed,hand-curated Russian batch 16; no conjugation library; imperfective base; singular past includes gender variants
RU,разворачиваться,Изъявительное наклонение,Настоящее время,мы,разворачиваемся,16,reviewed,hand-curated Russian batch 16; no conjugation library; imperfective base; singular past includes gender variants
RU,разворачиваться,Изъявительное наклонение,Настоящее время,вы,разворачиваетесь,16,reviewed,hand-curated Russian batch 16; no conjugation library; imperfective base; singular past includes gender variants
RU,разворачиваться,Изъявительное наклонение,Настоящее время,они,разворачиваются,16,reviewed,hand-curated Russian batch 16; no conjugation library; imperfective base; singular past includes gender variants
RU,разворачиваться,Изъявительное наклонение,Прошедшее время,я,разворачивался (разворачивалась),16,reviewed,hand-curated Russian batch 16; no conjugation library; imperfective base; singular past includes gender variants
RU,разворачиваться,Изъявительное наклонение,Прошедшее время,ты,разворачивался (разворачивалась),16,reviewed,hand-curated Russian batch 16; no conjugation library; imperfective base; singular past includes gender variants
RU,разворачиваться,Изъявительное наклонение,Прошедшее время,"он (она, оно)","разворачивался (разворачивалась, разворачивалось)",16,reviewed,hand-curated Russian batch 16; no conjugation library; imperfective base; singular past includes gender variants
RU,разворачиваться,Изъявительное наклонение,Прошедшее время,мы,разворачивались,16,reviewed,hand-curated Russian batch 16; no conjugation library; imperfective base; singular past includes gender variants
RU,разворачиваться,Изъявительное наклонение,Прошедшее время,вы,разворачивались,16,reviewed,hand-curated Russian batch 16; no conjugation library; imperfective base; singular past includes gender variants
RU,разворачиваться,Изъявительное наклонение,Прошедшее время,они,разворачивались,16,reviewed,hand-curated Russian batch 16; no conjugation library; imperfective base; singular past includes gender variants
RU,разворачиваться,Изъявительное наклонение,Будущее время,я,буду разворачиваться,16,reviewed,hand-curated Russian batch 16; no conjugation library; imperfective base; singular past includes gender variants
RU,разворачиваться,Изъявительное наклонение,Будущее время,ты,будешь разворачиваться,16,reviewed,hand-curated Russian batch 16; no conjugation library; imperfective base; singular past includes gender variants
RU,разворачиваться,Изъявительное наклонение,Будущее время,"он (она, оно)",будет разворачиваться,16,reviewed,hand-curated Russian batch 16; no conjugation library; imperfective base; singular past includes gender variants
RU,разворачиваться,Изъявительное наклонение,Будущее время,мы,будем разворачиваться,16,reviewed,hand-curated Russian batch 16; no conjugation library; imperfective base; singular past includes gender variants
RU,разворачиваться,Изъявительное наклонение,Будущее время,вы,будете разворачиваться,16,reviewed,hand-curated Russian batch 16; no conjugation library; imperfective base; singular past includes gender variants
RU,разворачиваться,Изъявительное наклонение,Будущее время,они,будут разворачиваться,16,reviewed,hand-curated Russian batch 16; no conjugation library; imperfective base; singular past includes gender variants
RU,характеризовать,Изъявительное наклонение,Настоящее время,я,характеризую,16,reviewed,hand-curated Russian batch 16; no conjugation library; imperfective base; singular past includes gender variants
RU,характеризовать,Изъявительное наклонение,Настоящее время,ты,характеризуешь,16,reviewed,hand-curated Russian batch 16; no conjugation library; imperfective base; singular past includes gender variants
RU,характеризовать,Изъявительное наклонение,Настоящее время,"он (она, оно)",характеризует,16,reviewed,hand-curated Russian batch 16; no conjugation library; imperfective base; singular past includes gender variants
RU,характеризовать,Изъявительное наклонение,Настоящее время,мы,характеризуем,16,reviewed,hand-curated Russian batch 16; no conjugation library; imperfective base; singular past includes gender variants
RU,характеризовать,Изъявительное наклонение,Настоящее время,вы,характеризуете,16,reviewed,hand-curated Russian batch 16; no conjugation library; imperfective base; singular past includes gender variants
RU,характеризовать,Изъявительное наклонение,Настоящее время,они,характеризуют,16,reviewed,hand-curated Russian batch 16; no conjugation library; imperfective base; singular past includes gender variants
RU,характеризовать,Изъявительное наклонение,Прошедшее время,я,характеризовал (характеризовала),16,reviewed,hand-curated Russian batch 16; no conjugation library; imperfective base; singular past includes gender variants
RU,характеризовать,Изъявительное наклонение,Прошедшее время,ты,характеризовал (характеризовала),16,reviewed,hand-curated Russian batch 16; no conjugation library; imperfective base; singular past includes gender variants
RU,характеризовать,Изъявительное наклонение,Прошедшее время,"он (она, оно)","характеризовал (характеризовала, характеризовало)",16,reviewed,hand-curated Russian batch 16; no conjugation library; imperfective base; singular past includes gender variants
RU,характеризовать,Изъявительное наклонение,Прошедшее время,мы,характеризовали,16,reviewed,hand-curated Russian batch 16; no conjugation library; imperfective base; singular past includes gender variants
RU,характеризовать,Изъявительное наклонение,Прошедшее время,вы,характеризовали,16,reviewed,hand-curated Russian batch 16; no conjugation library; imperfective base; singular past includes gender variants
RU,характеризовать,Изъявительное наклонение,Прошедшее время,они,характеризовали,16,reviewed,hand-curated Russian batch 16; no conjugation library; imperfective base; singular past includes gender variants
RU,характеризовать,Изъявительное наклонение,Будущее время,я,буду характеризовать,16,reviewed,hand-curated Russian batch 16; no conjugation library; imperfective base; singular past includes gender variants
RU,характеризовать,Изъявительное наклонение,Будущее время,ты,будешь характеризовать,16,reviewed,hand-curated Russian batch 16; no conjugation library; imperfective base; singular past includes gender variants
RU,характеризовать,Изъявительное наклонение,Будущее время,"он (она, оно)",будет характеризовать,16,reviewed,hand-curated Russian batch 16; no conjugation library; imperfective base; singular past includes gender variants
RU,характеризовать,Изъявительное наклонение,Будущее время,мы,будем характеризовать,16,reviewed,hand-curated Russian batch 16; no conjugation library; imperfective base; singular past includes gender variants
RU,характеризовать,Изъявительное наклонение,Будущее время,вы,будете характеризовать,16,reviewed,hand-curated Russian batch 16; no conjugation library; imperfective base; singular past includes gender variants
RU,характеризовать,Изъявительное наклонение,Будущее время,они,будут характеризовать,16,reviewed,hand-curated Russian batch 16; no conjugation library; imperfective base; singular past includes gender variants
RU,продвигать,Изъявительное наклонение,Настоящее время,я,продвигаю,16,reviewed,hand-curated Russian batch 16; no conjugation library; imperfective base; singular past includes gender variants
RU,продвигать,Изъявительное наклонение,Настоящее время,ты,продвигаешь,16,reviewed,hand-curated Russian batch 16; no conjugation library; imperfective base; singular past includes gender variants
RU,продвигать,Изъявительное наклонение,Настоящее время,"он (она, оно)",продвигает,16,reviewed,hand-curated Russian batch 16; no conjugation library; imperfective base; singular past includes gender variants
RU,продвигать,Изъявительное наклонение,Настоящее время,мы,продвигаем,16,reviewed,hand-curated Russian batch 16; no conjugation library; imperfective base; singular past includes gender variants
RU,продвигать,Изъявительное наклонение,Настоящее время,вы,продвигаете,16,reviewed,hand-curated Russian batch 16; no conjugation library; imperfective base; singular past includes gender variants
RU,продвигать,Изъявительное наклонение,Настоящее время,они,продвигают,16,reviewed,hand-curated Russian batch 16; no conjugation library; imperfective base; singular past includes gender variants
RU,продвигать,Изъявительное наклонение,Прошедшее время,я,продвигал (продвигала),16,reviewed,hand-curated Russian batch 16; no conjugation library; imperfective base; singular past includes gender variants
RU,продвигать,Изъявительное наклонение,Прошедшее время,ты,продвигал (продвигала),16,reviewed,hand-curated Russian batch 16; no conjugation library; imperfective base; singular past includes gender variants
RU,продвигать,Изъявительное наклонение,Прошедшее время,"он (она, оно)","продвигал (продвигала, продвигало)",16,reviewed,hand-curated Russian batch 16; no conjugation library; imperfective base; singular past includes gender variants
RU,продвигать,Изъявительное наклонение,Прошедшее время,мы,продвигали,16,reviewed,hand-curated Russian batch 16; no conjugation library; imperfective base; singular past includes gender variants
RU,продвигать,Изъявительное наклонение,Прошедшее время,вы,продвигали,16,reviewed,hand-curated Russian batch 16; no conjugation library; imperfective base; singular past includes gender variants
RU,продвигать,Изъявительное наклонение,Прошедшее время,они,продвигали,16,reviewed,hand-curated Russian batch 16; no conjugation library; imperfective base; singular past includes gender variants
RU,продвигать,Изъявительное наклонение,Будущее время,я,буду продвигать,16,reviewed,hand-curated Russian batch 16; no conjugation library; imperfective base; singular past includes gender variants
RU,продвигать,Изъявительное наклонение,Будущее время,ты,будешь продвигать,16,reviewed,hand-curated Russian batch 16; no conjugation library; imperfective base; singular past includes gender variants
RU,продвигать,Изъявительное наклонение,Будущее время,"он (она, оно)",будет продвигать,16,reviewed,hand-curated Russian batch 16; no conjugation library; imperfective base; singular past includes gender variants
RU,продвигать,Изъявительное наклонение,Будущее время,мы,будем продвигать,16,reviewed,hand-curated Russian batch 16; no conjugation library; imperfective base; singular past includes gender variants
RU,продвигать,Изъявительное наклонение,Будущее время,вы,будете продвигать,16,reviewed,hand-curated Russian batch 16; no conjugation library; imperfective base; singular past includes gender variants
RU,продвигать,Изъявительное наклонение,Будущее время,они,будут продвигать,16,reviewed,hand-curated Russian batch 16; no conjugation library; imperfective base; singular past includes gender variants
RU,задерживать,Изъявительное наклонение,Настоящее время,я,задерживаю,16,reviewed,hand-curated Russian batch 16; no conjugation library; imperfective base; singular past includes gender variants
RU,задерживать,Изъявительное наклонение,Настоящее время,ты,задерживаешь,16,reviewed,hand-curated Russian batch 16; no conjugation library; imperfective base; singular past includes gender variants
RU,задерживать,Изъявительное наклонение,Настоящее время,"он (она, оно)",задерживает,16,reviewed,hand-curated Russian batch 16; no conjugation library; imperfective base; singular past includes gender variants
RU,задерживать,Изъявительное наклонение,Настоящее время,мы,задерживаем,16,reviewed,hand-curated Russian batch 16; no conjugation library; imperfective base; singular past includes gender variants
RU,задерживать,Изъявительное наклонение,Настоящее время,вы,задерживаете,16,reviewed,hand-curated Russian batch 16; no conjugation library; imperfective base; singular past includes gender variants
RU,задерживать,Изъявительное наклонение,Настоящее время,они,задерживают,16,reviewed,hand-curated Russian batch 16; no conjugation library; imperfective base; singular past includes gender variants
RU,задерживать,Изъявительное наклонение,Прошедшее время,я,задерживал (задерживала),16,reviewed,hand-curated Russian batch 16; no conjugation library; imperfective base; singular past includes gender variants
RU,задерживать,Изъявительное наклонение,Прошедшее время,ты,задерживал (задерживала),16,reviewed,hand-curated Russian batch 16; no conjugation library; imperfective base; singular past includes gender variants
RU,задерживать,Изъявительное наклонение,Прошедшее время,"он (она, оно)","задерживал (задерживала, задерживало)",16,reviewed,hand-curated Russian batch 16; no conjugation library; imperfective base; singular past includes gender variants
RU,задерживать,Изъявительное наклонение,Прошедшее время,мы,задерживали,16,reviewed,hand-curated Russian batch 16; no conjugation library; imperfective base; singular past includes gender variants
RU,задерживать,Изъявительное наклонение,Прошедшее время,вы,задерживали,16,reviewed,hand-curated Russian batch 16; no conjugation library; imperfective base; singular past includes gender variants
RU,задерживать,Изъявительное наклонение,Прошедшее время,они,задерживали,16,reviewed,hand-curated Russian batch 16; no conjugation library; imperfective base; singular past includes gender variants
RU,задерживать,Изъявительное наклонение,Будущее время,я,буду задерживать,16,reviewed,hand-curated Russian batch 16; no conjugation library; imperfective base; singular past includes gender variants
RU,задерживать,Изъявительное наклонение,Будущее время,ты,будешь задерживать,16,reviewed,hand-curated Russian batch 16; no conjugation library; imperfective base; singular past includes gender variants
RU,задерживать,Изъявительное наклонение,Будущее время,"он (она, оно)",будет задерживать,16,reviewed,hand-curated Russian batch 16; no conjugation library; imperfective base; singular past includes gender variants
RU,задерживать,Изъявительное наклонение,Будущее время,мы,будем задерживать,16,reviewed,hand-curated Russian batch 16; no conjugation library; imperfective base; singular past includes gender variants
RU,задерживать,Изъявительное наклонение,Будущее время,вы,будете задерживать,16,reviewed,hand-curated Russian batch 16; no conjugation library; imperfective base; singular past includes gender variants
RU,задерживать,Изъявительное наклонение,Будущее время,они,будут задерживать,16,reviewed,hand-curated Russian batch 16; no conjugation library; imperfective base; singular past includes gender variants
RU,стонать,Изъявительное наклонение,Настоящее время,я,стону,16,reviewed,hand-curated Russian batch 16; no conjugation library; imperfective base; singular past includes gender variants
RU,стонать,Изъявительное наклонение,Настоящее время,ты,стонешь,16,reviewed,hand-curated Russian batch 16; no conjugation library; imperfective base; singular past includes gender variants
RU,стонать,Изъявительное наклонение,Настоящее время,"он (она, оно)",стонет,16,reviewed,hand-curated Russian batch 16; no conjugation library; imperfective base; singular past includes gender variants
RU,стонать,Изъявительное наклонение,Настоящее время,мы,стонем,16,reviewed,hand-curated Russian batch 16; no conjugation library; imperfective base; singular past includes gender variants
RU,стонать,Изъявительное наклонение,Настоящее время,вы,стонете,16,reviewed,hand-curated Russian batch 16; no conjugation library; imperfective base; singular past includes gender variants
RU,стонать,Изъявительное наклонение,Настоящее время,они,стонут,16,reviewed,hand-curated Russian batch 16; no conjugation library; imperfective base; singular past includes gender variants
RU,стонать,Изъявительное наклонение,Прошедшее время,я,стонал (стонала),16,reviewed,hand-curated Russian batch 16; no conjugation library; imperfective base; singular past includes gender variants
RU,стонать,Изъявительное наклонение,Прошедшее время,ты,стонал (стонала),16,reviewed,hand-curated Russian batch 16; no conjugation library; imperfective base; singular past includes gender variants
RU,стонать,Изъявительное наклонение,Прошедшее время,"он (она, оно)","стонал (стонала, стонало)",16,reviewed,hand-curated Russian batch 16; no conjugation library; imperfective base; singular past includes gender variants
RU,стонать,Изъявительное наклонение,Прошедшее время,мы,стонали,16,reviewed,hand-curated Russian batch 16; no conjugation library; imperfective base; singular past includes gender variants
RU,стонать,Изъявительное наклонение,Прошедшее время,вы,стонали,16,reviewed,hand-curated Russian batch 16; no conjugation library; imperfective base; singular past includes gender variants
RU,стонать,Изъявительное наклонение,Прошедшее время,они,стонали,16,reviewed,hand-curated Russian batch 16; no conjugation library; imperfective base; singular past includes gender variants
RU,стонать,Изъявительное наклонение,Будущее время,я,буду стонать,16,reviewed,hand-curated Russian batch 16; no conjugation library; imperfective base; singular past includes gender variants
RU,стонать,Изъявительное наклонение,Будущее время,ты,будешь стонать,16,reviewed,hand-curated Russian batch 16; no conjugation library; imperfective base; singular past includes gender variants
RU,стонать,Изъявительное наклонение,Будущее время,"он (она, оно)",будет стонать,16,reviewed,hand-curated Russian batch 16; no conjugation library; imperfective base; singular past includes gender variants
RU,стонать,Изъявительное наклонение,Будущее время,мы,будем стонать,16,reviewed,hand-curated Russian batch 16; no conjugation library; imperfective base; singular past includes gender variants
RU,стонать,Изъявительное наклонение,Будущее время,вы,будете стонать,16,reviewed,hand-curated Russian batch 16; no conjugation library; imperfective base; singular past includes gender variants
RU,стонать,Изъявительное наклонение,Будущее время,они,будут стонать,16,reviewed,hand-curated Russian batch 16; no conjugation library; imperfective base; singular past includes gender variants
RU,зубрить,Изъявительное наклонение,Настоящее время,я,зубрю,16,reviewed,hand-curated Russian batch 16; no conjugation library; imperfective base; singular past includes gender variants
RU,зубрить,Изъявительное наклонение,Настоящее время,ты,зубришь,16,reviewed,hand-curated Russian batch 16; no conjugation library; imperfective base; singular past includes gender variants
RU,зубрить,Изъявительное наклонение,Настоящее время,"он (она, оно)",зубрит,16,reviewed,hand-curated Russian batch 16; no conjugation library; imperfective base; singular past includes gender variants
RU,зубрить,Изъявительное наклонение,Настоящее время,мы,зубрим,16,reviewed,hand-curated Russian batch 16; no conjugation library; imperfective base; singular past includes gender variants
RU,зубрить,Изъявительное наклонение,Настоящее время,вы,зубрите,16,reviewed,hand-curated Russian batch 16; no conjugation library; imperfective base; singular past includes gender variants
RU,зубрить,Изъявительное наклонение,Настоящее время,они,зубрят,16,reviewed,hand-curated Russian batch 16; no conjugation library; imperfective base; singular past includes gender variants
RU,зубрить,Изъявительное наклонение,Прошедшее время,я,зубрил (зубрила),16,reviewed,hand-curated Russian batch 16; no conjugation library; imperfective base; singular past includes gender variants
RU,зубрить,Изъявительное наклонение,Прошедшее время,ты,зубрил (зубрила),16,reviewed,hand-curated Russian batch 16; no conjugation library; imperfective base; singular past includes gender variants
RU,зубрить,Изъявительное наклонение,Прошедшее время,"он (она, оно)","зубрил (зубрила, зубрило)",16,reviewed,hand-curated Russian batch 16; no conjugation library; imperfective base; singular past includes gender variants
RU,зубрить,Изъявительное наклонение,Прошедшее время,мы,зубрили,16,reviewed,hand-curated Russian batch 16; no conjugation library; imperfective base; singular past includes gender variants
RU,зубрить,Изъявительное наклонение,Прошедшее время,вы,зубрили,16,reviewed,hand-curated Russian batch 16; no conjugation library; imperfective base; singular past includes gender variants
RU,зубрить,Изъявительное наклонение,Прошедшее время,они,зубрили,16,reviewed,hand-curated Russian batch 16; no conjugation library; imperfective base; singular past includes gender variants
RU,зубрить,Изъявительное наклонение,Будущее время,я,буду зубрить,16,reviewed,hand-curated Russian batch 16; no conjugation library; imperfective base; singular past includes gender variants
RU,зубрить,Изъявительное наклонение,Будущее время,ты,будешь зубрить,16,reviewed,hand-curated Russian batch 16; no conjugation library; imperfective base; singular past includes gender variants
RU,зубрить,Изъявительное наклонение,Будущее время,"он (она, оно)",будет зубрить,16,reviewed,hand-curated Russian batch 16; no conjugation library; imperfective base; singular past includes gender variants
RU,зубрить,Изъявительное наклонение,Будущее время,мы,будем зубрить,16,reviewed,hand-curated Russian batch 16; no conjugation library; imperfective base; singular past includes gender variants
RU,зубрить,Изъявительное наклонение,Будущее время,вы,будете зубрить,16,reviewed,hand-curated Russian batch 16; no conjugation library; imperfective base; singular past includes gender variants
RU,зубрить,Изъявительное наклонение,Будущее время,они,будут зубрить,16,reviewed,hand-curated Russian batch 16; no conjugation library; imperfective base; singular past includes gender variants
RU,сочетать,Изъявительное наклонение,Настоящее время,я,сочетаю,16,reviewed,hand-curated Russian batch 16; no conjugation library; imperfective base; singular past includes gender variants
RU,сочетать,Изъявительное наклонение,Настоящее время,ты,сочетаешь,16,reviewed,hand-curated Russian batch 16; no conjugation library; imperfective base; singular past includes gender variants
RU,сочетать,Изъявительное наклонение,Настоящее время,"он (она, оно)",сочетает,16,reviewed,hand-curated Russian batch 16; no conjugation library; imperfective base; singular past includes gender variants
RU,сочетать,Изъявительное наклонение,Настоящее время,мы,сочетаем,16,reviewed,hand-curated Russian batch 16; no conjugation library; imperfective base; singular past includes gender variants
RU,сочетать,Изъявительное наклонение,Настоящее время,вы,сочетаете,16,reviewed,hand-curated Russian batch 16; no conjugation library; imperfective base; singular past includes gender variants
RU,сочетать,Изъявительное наклонение,Настоящее время,они,сочетают,16,reviewed,hand-curated Russian batch 16; no conjugation library; imperfective base; singular past includes gender variants
RU,сочетать,Изъявительное наклонение,Прошедшее время,я,сочетал (сочетала),16,reviewed,hand-curated Russian batch 16; no conjugation library; imperfective base; singular past includes gender variants
RU,сочетать,Изъявительное наклонение,Прошедшее время,ты,сочетал (сочетала),16,reviewed,hand-curated Russian batch 16; no conjugation library; imperfective base; singular past includes gender variants
RU,сочетать,Изъявительное наклонение,Прошедшее время,"он (она, оно)","сочетал (сочетала, сочетало)",16,reviewed,hand-curated Russian batch 16; no conjugation library; imperfective base; singular past includes gender variants
RU,сочетать,Изъявительное наклонение,Прошедшее время,мы,сочетали,16,reviewed,hand-curated Russian batch 16; no conjugation library; imperfective base; singular past includes gender variants
RU,сочетать,Изъявительное наклонение,Прошедшее время,вы,сочетали,16,reviewed,hand-curated Russian batch 16; no conjugation library; imperfective base; singular past includes gender variants
RU,сочетать,Изъявительное наклонение,Прошедшее время,они,сочетали,16,reviewed,hand-curated Russian batch 16; no conjugation library; imperfective base; singular past includes gender variants
RU,сочетать,Изъявительное наклонение,Будущее время,я,буду сочетать,16,reviewed,hand-curated Russian batch 16; no conjugation library; imperfective base; singular past includes gender variants
RU,сочетать,Изъявительное наклонение,Будущее время,ты,будешь сочетать,16,reviewed,hand-curated Russian batch 16; no conjugation library; imperfective base; singular past includes gender variants
RU,сочетать,Изъявительное наклонение,Будущее время,"он (она, оно)",будет сочетать,16,reviewed,hand-curated Russian batch 16; no conjugation library; imperfective base; singular past includes gender variants
RU,сочетать,Изъявительное наклонение,Будущее время,мы,будем сочетать,16,reviewed,hand-curated Russian batch 16; no conjugation library; imperfective base; singular past includes gender variants
RU,сочетать,Изъявительное наклонение,Будущее время,вы,будете сочетать,16,reviewed,hand-curated Russian batch 16; no conjugation library; imperfective base; singular past includes gender variants
RU,сочетать,Изъявительное наклонение,Будущее время,они,будут сочетать,16,reviewed,hand-curated Russian batch 16; no conjugation library; imperfective base; singular past includes gender variants
RU,углублять,Изъявительное наклонение,Настоящее время,я,углубляю,16,reviewed,hand-curated Russian batch 16; no conjugation library; imperfective base; singular past includes gender variants
RU,углублять,Изъявительное наклонение,Настоящее время,ты,углубляешь,16,reviewed,hand-curated Russian batch 16; no conjugation library; imperfective base; singular past includes gender variants
RU,углублять,Изъявительное наклонение,Настоящее время,"он (она, оно)",углубляет,16,reviewed,hand-curated Russian batch 16; no conjugation library; imperfective base; singular past includes gender variants
RU,углублять,Изъявительное наклонение,Настоящее время,мы,углубляем,16,reviewed,hand-curated Russian batch 16; no conjugation library; imperfective base; singular past includes gender variants
RU,углублять,Изъявительное наклонение,Настоящее время,вы,углубляете,16,reviewed,hand-curated Russian batch 16; no conjugation library; imperfective base; singular past includes gender variants
RU,углублять,Изъявительное наклонение,Настоящее время,они,углубляют,16,reviewed,hand-curated Russian batch 16; no conjugation library; imperfective base; singular past includes gender variants
RU,углублять,Изъявительное наклонение,Прошедшее время,я,углублял (углубляла),16,reviewed,hand-curated Russian batch 16; no conjugation library; imperfective base; singular past includes gender variants
RU,углублять,Изъявительное наклонение,Прошедшее время,ты,углублял (углубляла),16,reviewed,hand-curated Russian batch 16; no conjugation library; imperfective base; singular past includes gender variants
RU,углублять,Изъявительное наклонение,Прошедшее время,"он (она, оно)","углублял (углубляла, углубляло)",16,reviewed,hand-curated Russian batch 16; no conjugation library; imperfective base; singular past includes gender variants
RU,углублять,Изъявительное наклонение,Прошедшее время,мы,углубляли,16,reviewed,hand-curated Russian batch 16; no conjugation library; imperfective base; singular past includes gender variants
RU,углублять,Изъявительное наклонение,Прошедшее время,вы,углубляли,16,reviewed,hand-curated Russian batch 16; no conjugation library; imperfective base; singular past includes gender variants
RU,углублять,Изъявительное наклонение,Прошедшее время,они,углубляли,16,reviewed,hand-curated Russian batch 16; no conjugation library; imperfective base; singular past includes gender variants
RU,углублять,Изъявительное наклонение,Будущее время,я,буду углублять,16,reviewed,hand-curated Russian batch 16; no conjugation library; imperfective base; singular past includes gender variants
RU,углублять,Изъявительное наклонение,Будущее время,ты,будешь углублять,16,reviewed,hand-curated Russian batch 16; no conjugation library; imperfective base; singular past includes gender variants
RU,углублять,Изъявительное наклонение,Будущее время,"он (она, оно)",будет углублять,16,reviewed,hand-curated Russian batch 16; no conjugation library; imperfective base; singular past includes gender variants
RU,углублять,Изъявительное наклонение,Будущее время,мы,будем углублять,16,reviewed,hand-curated Russian batch 16; no conjugation library; imperfective base; singular past includes gender variants
RU,углублять,Изъявительное наклонение,Будущее время,вы,будете углублять,16,reviewed,hand-curated Russian batch 16; no conjugation library; imperfective base; singular past includes gender variants
RU,углублять,Изъявительное наклонение,Будущее время,они,будут углублять,16,reviewed,hand-curated Russian batch 16; no conjugation library; imperfective base; singular past includes gender variants
RU,следовать,Изъявительное наклонение,Настоящее время,я,следую,16,reviewed,hand-curated Russian batch 16; no conjugation library; imperfective base; singular past includes gender variants
RU,следовать,Изъявительное наклонение,Настоящее время,ты,следуешь,16,reviewed,hand-curated Russian batch 16; no conjugation library; imperfective base; singular past includes gender variants
RU,следовать,Изъявительное наклонение,Настоящее время,"он (она, оно)",следует,16,reviewed,hand-curated Russian batch 16; no conjugation library; imperfective base; singular past includes gender variants
RU,следовать,Изъявительное наклонение,Настоящее время,мы,следуем,16,reviewed,hand-curated Russian batch 16; no conjugation library; imperfective base; singular past includes gender variants
RU,следовать,Изъявительное наклонение,Настоящее время,вы,следуете,16,reviewed,hand-curated Russian batch 16; no conjugation library; imperfective base; singular past includes gender variants
RU,следовать,Изъявительное наклонение,Настоящее время,они,следуют,16,reviewed,hand-curated Russian batch 16; no conjugation library; imperfective base; singular past includes gender variants
RU,следовать,Изъявительное наклонение,Прошедшее время,я,следовал (следовала),16,reviewed,hand-curated Russian batch 16; no conjugation library; imperfective base; singular past includes gender variants
RU,следовать,Изъявительное наклонение,Прошедшее время,ты,следовал (следовала),16,reviewed,hand-curated Russian batch 16; no conjugation library; imperfective base; singular past includes gender variants
RU,следовать,Изъявительное наклонение,Прошедшее время,"он (она, оно)","следовал (следовала, следовало)",16,reviewed,hand-curated Russian batch 16; no conjugation library; imperfective base; singular past includes gender variants
RU,следовать,Изъявительное наклонение,Прошедшее время,мы,следовали,16,reviewed,hand-curated Russian batch 16; no conjugation library; imperfective base; singular past includes gender variants
RU,следовать,Изъявительное наклонение,Прошедшее время,вы,следовали,16,reviewed,hand-curated Russian batch 16; no conjugation library; imperfective base; singular past includes gender variants
RU,следовать,Изъявительное наклонение,Прошедшее время,они,следовали,16,reviewed,hand-curated Russian batch 16; no conjugation library; imperfective base; singular past includes gender variants
RU,следовать,Изъявительное наклонение,Будущее время,я,буду следовать,16,reviewed,hand-curated Russian batch 16; no conjugation library; imperfective base; singular past includes gender variants
RU,следовать,Изъявительное наклонение,Будущее время,ты,будешь следовать,16,reviewed,hand-curated Russian batch 16; no conjugation library; imperfective base; singular past includes gender variants
RU,следовать,Изъявительное наклонение,Будущее время,"он (она, оно)",будет следовать,16,reviewed,hand-curated Russian batch 16; no conjugation library; imperfective base; singular past includes gender variants
RU,следовать,Изъявительное наклонение,Будущее время,мы,будем следовать,16,reviewed,hand-curated Russian batch 16; no conjugation library; imperfective base; singular past includes gender variants
RU,следовать,Изъявительное наклонение,Будущее время,вы,будете следовать,16,reviewed,hand-curated Russian batch 16; no conjugation library; imperfective base; singular past includes gender variants
RU,следовать,Изъявительное наклонение,Будущее время,они,будут следовать,16,reviewed,hand-curated Russian batch 16; no conjugation library; imperfective base; singular past includes gender variants
RU,координировать,Изъявительное наклонение,Настоящее время,я,координирую,16,reviewed,hand-curated Russian batch 16; no conjugation library; imperfective base; singular past includes gender variants
RU,координировать,Изъявительное наклонение,Настоящее время,ты,координируешь,16,reviewed,hand-curated Russian batch 16; no conjugation library; imperfective base; singular past includes gender variants
RU,координировать,Изъявительное наклонение,Настоящее время,"он (она, оно)",координирует,16,reviewed,hand-curated Russian batch 16; no conjugation library; imperfective base; singular past includes gender variants
RU,координировать,Изъявительное наклонение,Настоящее время,мы,координируем,16,reviewed,hand-curated Russian batch 16; no conjugation library; imperfective base; singular past includes gender variants
RU,координировать,Изъявительное наклонение,Настоящее время,вы,координируете,16,reviewed,hand-curated Russian batch 16; no conjugation library; imperfective base; singular past includes gender variants
RU,координировать,Изъявительное наклонение,Настоящее время,они,координируют,16,reviewed,hand-curated Russian batch 16; no conjugation library; imperfective base; singular past includes gender variants
RU,координировать,Изъявительное наклонение,Прошедшее время,я,координировал (координировала),16,reviewed,hand-curated Russian batch 16; no conjugation library; imperfective base; singular past includes gender variants
RU,координировать,Изъявительное наклонение,Прошедшее время,ты,координировал (координировала),16,reviewed,hand-curated Russian batch 16; no conjugation library; imperfective base; singular past includes gender variants
RU,координировать,Изъявительное наклонение,Прошедшее время,"он (она, оно)","координировал (координировала, координировало)",16,reviewed,hand-curated Russian batch 16; no conjugation library; imperfective base; singular past includes gender variants
RU,координировать,Изъявительное наклонение,Прошедшее время,мы,координировали,16,reviewed,hand-curated Russian batch 16; no conjugation library; imperfective base; singular past includes gender variants
RU,координировать,Изъявительное наклонение,Прошедшее время,вы,координировали,16,reviewed,hand-curated Russian batch 16; no conjugation library; imperfective base; singular past includes gender variants
RU,координировать,Изъявительное наклонение,Прошедшее время,они,координировали,16,reviewed,hand-curated Russian batch 16; no conjugation library; imperfective base; singular past includes gender variants
RU,координировать,Изъявительное наклонение,Будущее время,я,буду координировать,16,reviewed,hand-curated Russian batch 16; no conjugation library; imperfective base; singular past includes gender variants
RU,координировать,Изъявительное наклонение,Будущее время,ты,будешь координировать,16,reviewed,hand-curated Russian batch 16; no conjugation library; imperfective base; singular past includes gender variants
RU,координировать,Изъявительное наклонение,Будущее время,"он (она, оно)",будет координировать,16,reviewed,hand-curated Russian batch 16; no conjugation library; imperfective base; singular past includes gender variants
RU,координировать,Изъявительное наклонение,Будущее время,мы,будем координировать,16,reviewed,hand-curated Russian batch 16; no conjugation library; imperfective base; singular past includes gender variants
RU,координировать,Изъявительное наклонение,Будущее время,вы,будете координировать,16,reviewed,hand-curated Russian batch 16; no conjugation library; imperfective base; singular past includes gender variants
RU,координировать,Изъявительное наклонение,Будущее время,они,будут координировать,16,reviewed,hand-curated Russian batch 16; no conjugation library; imperfective base; singular past includes gender variants
RU,опускать,Изъявительное наклонение,Настоящее время,я,опускаю,16,reviewed,hand-curated Russian batch 16; no conjugation library; imperfective base; singular past includes gender variants
RU,опускать,Изъявительное наклонение,Настоящее время,ты,опускаешь,16,reviewed,hand-curated Russian batch 16; no conjugation library; imperfective base; singular past includes gender variants
RU,опускать,Изъявительное наклонение,Настоящее время,"он (она, оно)",опускает,16,reviewed,hand-curated Russian batch 16; no conjugation library; imperfective base; singular past includes gender variants
RU,опускать,Изъявительное наклонение,Настоящее время,мы,опускаем,16,reviewed,hand-curated Russian batch 16; no conjugation library; imperfective base; singular past includes gender variants
RU,опускать,Изъявительное наклонение,Настоящее время,вы,опускаете,16,reviewed,hand-curated Russian batch 16; no conjugation library; imperfective base; singular past includes gender variants
RU,опускать,Изъявительное наклонение,Настоящее время,они,опускают,16,reviewed,hand-curated Russian batch 16; no conjugation library; imperfective base; singular past includes gender variants
RU,опускать,Изъявительное наклонение,Прошедшее время,я,опускал (опускала),16,reviewed,hand-curated Russian batch 16; no conjugation library; imperfective base; singular past includes gender variants
RU,опускать,Изъявительное наклонение,Прошедшее время,ты,опускал (опускала),16,reviewed,hand-curated Russian batch 16; no conjugation library; imperfective base; singular past includes gender variants
RU,опускать,Изъявительное наклонение,Прошедшее время,"он (она, оно)","опускал (опускала, опускало)",16,reviewed,hand-curated Russian batch 16; no conjugation library; imperfective base; singular past includes gender variants
RU,опускать,Изъявительное наклонение,Прошедшее время,мы,опускали,16,reviewed,hand-curated Russian batch 16; no conjugation library; imperfective base; singular past includes gender variants
RU,опускать,Изъявительное наклонение,Прошедшее время,вы,опускали,16,reviewed,hand-curated Russian batch 16; no conjugation library; imperfective base; singular past includes gender variants
RU,опускать,Изъявительное наклонение,Прошедшее время,они,опускали,16,reviewed,hand-curated Russian batch 16; no conjugation library; imperfective base; singular past includes gender variants
RU,опускать,Изъявительное наклонение,Будущее время,я,буду опускать,16,reviewed,hand-curated Russian batch 16; no conjugation library; imperfective base; singular past includes gender variants
RU,опускать,Изъявительное наклонение,Будущее время,ты,будешь опускать,16,reviewed,hand-curated Russian batch 16; no conjugation library; imperfective base; singular past includes gender variants
RU,опускать,Изъявительное наклонение,Будущее время,"он (она, оно)",будет опускать,16,reviewed,hand-curated Russian batch 16; no conjugation library; imperfective base; singular past includes gender variants
RU,опускать,Изъявительное наклонение,Будущее время,мы,будем опускать,16,reviewed,hand-curated Russian batch 16; no conjugation library; imperfective base; singular past includes gender variants
RU,опускать,Изъявительное наклонение,Будущее время,вы,будете опускать,16,reviewed,hand-curated Russian batch 16; no conjugation library; imperfective base; singular past includes gender variants
RU,опускать,Изъявительное наклонение,Будущее время,они,будут опускать,16,reviewed,hand-curated Russian batch 16; no conjugation library; imperfective base; singular past includes gender variants
RU,стучать,Изъявительное наклонение,Настоящее время,я,стучу,16,reviewed,hand-curated Russian batch 16; no conjugation library; imperfective base; singular past includes gender variants
RU,стучать,Изъявительное наклонение,Настоящее время,ты,стучишь,16,reviewed,hand-curated Russian batch 16; no conjugation library; imperfective base; singular past includes gender variants
RU,стучать,Изъявительное наклонение,Настоящее время,"он (она, оно)",стучит,16,reviewed,hand-curated Russian batch 16; no conjugation library; imperfective base; singular past includes gender variants
RU,стучать,Изъявительное наклонение,Настоящее время,мы,стучим,16,reviewed,hand-curated Russian batch 16; no conjugation library; imperfective base; singular past includes gender variants
RU,стучать,Изъявительное наклонение,Настоящее время,вы,стучите,16,reviewed,hand-curated Russian batch 16; no conjugation library; imperfective base; singular past includes gender variants
RU,стучать,Изъявительное наклонение,Настоящее время,они,стучат,16,reviewed,hand-curated Russian batch 16; no conjugation library; imperfective base; singular past includes gender variants
RU,стучать,Изъявительное наклонение,Прошедшее время,я,стучал (стучала),16,reviewed,hand-curated Russian batch 16; no conjugation library; imperfective base; singular past includes gender variants
RU,стучать,Изъявительное наклонение,Прошедшее время,ты,стучал (стучала),16,reviewed,hand-curated Russian batch 16; no conjugation library; imperfective base; singular past includes gender variants
RU,стучать,Изъявительное наклонение,Прошедшее время,"он (она, оно)","стучал (стучала, стучало)",16,reviewed,hand-curated Russian batch 16; no conjugation library; imperfective base; singular past includes gender variants
RU,стучать,Изъявительное наклонение,Прошедшее время,мы,стучали,16,reviewed,hand-curated Russian batch 16; no conjugation library; imperfective base; singular past includes gender variants
RU,стучать,Изъявительное наклонение,Прошедшее время,вы,стучали,16,reviewed,hand-curated Russian batch 16; no conjugation library; imperfective base; singular past includes gender variants
RU,стучать,Изъявительное наклонение,Прошедшее время,они,стучали,16,reviewed,hand-curated Russian batch 16; no conjugation library; imperfective base; singular past includes gender variants
RU,стучать,Изъявительное наклонение,Будущее время,я,буду стучать,16,reviewed,hand-curated Russian batch 16; no conjugation library; imperfective base; singular past includes gender variants
RU,стучать,Изъявительное наклонение,Будущее время,ты,будешь стучать,16,reviewed,hand-curated Russian batch 16; no conjugation library; imperfective base; singular past includes gender variants
RU,стучать,Изъявительное наклонение,Будущее время,"он (она, оно)",будет стучать,16,reviewed,hand-curated Russian batch 16; no conjugation library; imperfective base; singular past includes gender variants
RU,стучать,Изъявительное наклонение,Будущее время,мы,будем стучать,16,reviewed,hand-curated Russian batch 16; no conjugation library; imperfective base; singular past includes gender variants
RU,стучать,Изъявительное наклонение,Будущее время,вы,будете стучать,16,reviewed,hand-curated Russian batch 16; no conjugation library; imperfective base; singular past includes gender variants
RU,стучать,Изъявительное наклонение,Будущее время,они,будут стучать,16,reviewed,hand-curated Russian batch 16; no conjugation library; imperfective base; singular past includes gender variants
RU,печатать,Изъявительное наклонение,Настоящее время,я,печатаю,16,reviewed,hand-curated Russian batch 16; no conjugation library; imperfective base; singular past includes gender variants
RU,печатать,Изъявительное наклонение,Настоящее время,ты,печатаешь,16,reviewed,hand-curated Russian batch 16; no conjugation library; imperfective base; singular past includes gender variants
RU,печатать,Изъявительное наклонение,Настоящее время,"он (она, оно)",печатает,16,reviewed,hand-curated Russian batch 16; no conjugation library; imperfective base; singular past includes gender variants
RU,печатать,Изъявительное наклонение,Настоящее время,мы,печатаем,16,reviewed,hand-curated Russian batch 16; no conjugation library; imperfective base; singular past includes gender variants
RU,печатать,Изъявительное наклонение,Настоящее время,вы,печатаете,16,reviewed,hand-curated Russian batch 16; no conjugation library; imperfective base; singular past includes gender variants
RU,печатать,Изъявительное наклонение,Настоящее время,они,печатают,16,reviewed,hand-curated Russian batch 16; no conjugation library; imperfective base; singular past includes gender variants
RU,печатать,Изъявительное наклонение,Прошедшее время,я,печатал (печатала),16,reviewed,hand-curated Russian batch 16; no conjugation library; imperfective base; singular past includes gender variants
RU,печатать,Изъявительное наклонение,Прошедшее время,ты,печатал (печатала),16,reviewed,hand-curated Russian batch 16; no conjugation library; imperfective base; singular past includes gender variants
RU,печатать,Изъявительное наклонение,Прошедшее время,"он (она, оно)","печатал (печатала, печатало)",16,reviewed,hand-curated Russian batch 16; no conjugation library; imperfective base; singular past includes gender variants
RU,печатать,Изъявительное наклонение,Прошедшее время,мы,печатали,16,reviewed,hand-curated Russian batch 16; no conjugation library; imperfective base; singular past includes gender variants
RU,печатать,Изъявительное наклонение,Прошедшее время,вы,печатали,16,reviewed,hand-curated Russian batch 16; no conjugation library; imperfective base; singular past includes gender variants
RU,печатать,Изъявительное наклонение,Прошедшее время,они,печатали,16,reviewed,hand-curated Russian batch 16; no conjugation library; imperfective base; singular past includes gender variants
RU,печатать,Изъявительное наклонение,Будущее время,я,буду печатать,16,reviewed,hand-curated Russian batch 16; no conjugation library; imperfective base; singular past includes gender variants
RU,печатать,Изъявительное наклонение,Будущее время,ты,будешь печатать,16,reviewed,hand-curated Russian batch 16; no conjugation library; imperfective base; singular past includes gender variants
RU,печатать,Изъявительное наклонение,Будущее время,"он (она, оно)",будет печатать,16,reviewed,hand-curated Russian batch 16; no conjugation library; imperfective base; singular past includes gender variants
RU,печатать,Изъявительное наклонение,Будущее время,мы,будем печатать,16,reviewed,hand-curated Russian batch 16; no conjugation library; imperfective base; singular past includes gender variants
RU,печатать,Изъявительное наклонение,Будущее время,вы,будете печатать,16,reviewed,hand-curated Russian batch 16; no conjugation library; imperfective base; singular past includes gender variants
RU,печатать,Изъявительное наклонение,Будущее время,они,будут печатать,16,reviewed,hand-curated Russian batch 16; no conjugation library; imperfective base; singular past includes gender variants
RU,клясться,Изъявительное наклонение,Настоящее время,я,клянусь,16,reviewed,hand-curated Russian batch 16; no conjugation library; imperfective base; singular past includes gender variants
RU,клясться,Изъявительное наклонение,Настоящее время,ты,клянёшься,16,reviewed,hand-curated Russian batch 16; no conjugation library; imperfective base; singular past includes gender variants
RU,клясться,Изъявительное наклонение,Настоящее время,"он (она, оно)",клянётся,16,reviewed,hand-curated Russian batch 16; no conjugation library; imperfective base; singular past includes gender variants
RU,клясться,Изъявительное наклонение,Настоящее время,мы,клянёмся,16,reviewed,hand-curated Russian batch 16; no conjugation library; imperfective base; singular past includes gender variants
RU,клясться,Изъявительное наклонение,Настоящее время,вы,клянётесь,16,reviewed,hand-curated Russian batch 16; no conjugation library; imperfective base; singular past includes gender variants
RU,клясться,Изъявительное наклонение,Настоящее время,они,клянутся,16,reviewed,hand-curated Russian batch 16; no conjugation library; imperfective base; singular past includes gender variants
RU,клясться,Изъявительное наклонение,Прошедшее время,я,клялся (клялась),16,reviewed,hand-curated Russian batch 16; no conjugation library; imperfective base; singular past includes gender variants
RU,клясться,Изъявительное наклонение,Прошедшее время,ты,клялся (клялась),16,reviewed,hand-curated Russian batch 16; no conjugation library; imperfective base; singular past includes gender variants
RU,клясться,Изъявительное наклонение,Прошедшее время,"он (она, оно)","клялся (клялась, клялось)",16,reviewed,hand-curated Russian batch 16; no conjugation library; imperfective base; singular past includes gender variants
RU,клясться,Изъявительное наклонение,Прошедшее время,мы,клялись,16,reviewed,hand-curated Russian batch 16; no conjugation library; imperfective base; singular past includes gender variants
RU,клясться,Изъявительное наклонение,Прошедшее время,вы,клялись,16,reviewed,hand-curated Russian batch 16; no conjugation library; imperfective base; singular past includes gender variants
RU,клясться,Изъявительное наклонение,Прошедшее время,они,клялись,16,reviewed,hand-curated Russian batch 16; no conjugation library; imperfective base; singular past includes gender variants
RU,клясться,Изъявительное наклонение,Будущее время,я,буду клясться,16,reviewed,hand-curated Russian batch 16; no conjugation library; imperfective base; singular past includes gender variants
RU,клясться,Изъявительное наклонение,Будущее время,ты,будешь клясться,16,reviewed,hand-curated Russian batch 16; no conjugation library; imperfective base; singular past includes gender variants
RU,клясться,Изъявительное наклонение,Будущее время,"он (она, оно)",будет клясться,16,reviewed,hand-curated Russian batch 16; no conjugation library; imperfective base; singular past includes gender variants
RU,клясться,Изъявительное наклонение,Будущее время,мы,будем клясться,16,reviewed,hand-curated Russian batch 16; no conjugation library; imperfective base; singular past includes gender variants
RU,клясться,Изъявительное наклонение,Будущее время,вы,будете клясться,16,reviewed,hand-curated Russian batch 16; no conjugation library; imperfective base; singular past includes gender variants
RU,клясться,Изъявительное наклонение,Будущее время,они,будут клясться,16,reviewed,hand-curated Russian batch 16; no conjugation library; imperfective base; singular past includes gender variants
RU,ограничивать,Изъявительное наклонение,Настоящее время,я,ограничиваю,16,reviewed,hand-curated Russian batch 16; no conjugation library; imperfective base; singular past includes gender variants
RU,ограничивать,Изъявительное наклонение,Настоящее время,ты,ограничиваешь,16,reviewed,hand-curated Russian batch 16; no conjugation library; imperfective base; singular past includes gender variants
RU,ограничивать,Изъявительное наклонение,Настоящее время,"он (она, оно)",ограничивает,16,reviewed,hand-curated Russian batch 16; no conjugation library; imperfective base; singular past includes gender variants
RU,ограничивать,Изъявительное наклонение,Настоящее время,мы,ограничиваем,16,reviewed,hand-curated Russian batch 16; no conjugation library; imperfective base; singular past includes gender variants
RU,ограничивать,Изъявительное наклонение,Настоящее время,вы,ограничиваете,16,reviewed,hand-curated Russian batch 16; no conjugation library; imperfective base; singular past includes gender variants
RU,ограничивать,Изъявительное наклонение,Настоящее время,они,ограничивают,16,reviewed,hand-curated Russian batch 16; no conjugation library; imperfective base; singular past includes gender variants
RU,ограничивать,Изъявительное наклонение,Прошедшее время,я,ограничивал (ограничивала),16,reviewed,hand-curated Russian batch 16; no conjugation library; imperfective base; singular past includes gender variants
RU,ограничивать,Изъявительное наклонение,Прошедшее время,ты,ограничивал (ограничивала),16,reviewed,hand-curated Russian batch 16; no conjugation library; imperfective base; singular past includes gender variants
RU,ограничивать,Изъявительное наклонение,Прошедшее время,"он (она, оно)","ограничивал (ограничивала, ограничивало)",16,reviewed,hand-curated Russian batch 16; no conjugation library; imperfective base; singular past includes gender variants
RU,ограничивать,Изъявительное наклонение,Прошедшее время,мы,ограничивали,16,reviewed,hand-curated Russian batch 16; no conjugation library; imperfective base; singular past includes gender variants
RU,ограничивать,Изъявительное наклонение,Прошедшее время,вы,ограничивали,16,reviewed,hand-curated Russian batch 16; no conjugation library; imperfective base; singular past includes gender variants
RU,ограничивать,Изъявительное наклонение,Прошедшее время,они,ограничивали,16,reviewed,hand-curated Russian batch 16; no conjugation library; imperfective base; singular past includes gender variants
RU,ограничивать,Изъявительное наклонение,Будущее время,я,буду ограничивать,16,reviewed,hand-curated Russian batch 16; no conjugation library; imperfective base; singular past includes gender variants
RU,ограничивать,Изъявительное наклонение,Будущее время,ты,будешь ограничивать,16,reviewed,hand-curated Russian batch 16; no conjugation library; imperfective base; singular past includes gender variants
RU,ограничивать,Изъявительное наклонение,Будущее время,"он (она, оно)",будет ограничивать,16,reviewed,hand-curated Russian batch 16; no conjugation library; imperfective base; singular past includes gender variants
RU,ограничивать,Изъявительное наклонение,Будущее время,мы,будем ограничивать,16,reviewed,hand-curated Russian batch 16; no conjugation library; imperfective base; singular past includes gender variants
RU,ограничивать,Изъявительное наклонение,Будущее время,вы,будете ограничивать,16,reviewed,hand-curated Russian batch 16; no conjugation library; imperfective base; singular past includes gender variants
RU,ограничивать,Изъявительное наклонение,Будущее время,они,будут ограничивать,16,reviewed,hand-curated Russian batch 16; no conjugation library; imperfective base; singular past includes gender variants
RU,смачивать,Изъявительное наклонение,Настоящее время,я,смачиваю,16,reviewed,hand-curated Russian batch 16; no conjugation library; imperfective base; singular past includes gender variants
RU,смачивать,Изъявительное наклонение,Настоящее время,ты,смачиваешь,16,reviewed,hand-curated Russian batch 16; no conjugation library; imperfective base; singular past includes gender variants
RU,смачивать,Изъявительное наклонение,Настоящее время,"он (она, оно)",смачивает,16,reviewed,hand-curated Russian batch 16; no conjugation library; imperfective base; singular past includes gender variants
RU,смачивать,Изъявительное наклонение,Настоящее время,мы,смачиваем,16,reviewed,hand-curated Russian batch 16; no conjugation library; imperfective base; singular past includes gender variants
RU,смачивать,Изъявительное наклонение,Настоящее время,вы,смачиваете,16,reviewed,hand-curated Russian batch 16; no conjugation library; imperfective base; singular past includes gender variants
RU,смачивать,Изъявительное наклонение,Настоящее время,они,смачивают,16,reviewed,hand-curated Russian batch 16; no conjugation library; imperfective base; singular past includes gender variants
RU,смачивать,Изъявительное наклонение,Прошедшее время,я,смачивал (смачивала),16,reviewed,hand-curated Russian batch 16; no conjugation library; imperfective base; singular past includes gender variants
RU,смачивать,Изъявительное наклонение,Прошедшее время,ты,смачивал (смачивала),16,reviewed,hand-curated Russian batch 16; no conjugation library; imperfective base; singular past includes gender variants
RU,смачивать,Изъявительное наклонение,Прошедшее время,"он (она, оно)","смачивал (смачивала, смачивало)",16,reviewed,hand-curated Russian batch 16; no conjugation library; imperfective base; singular past includes gender variants
RU,смачивать,Изъявительное наклонение,Прошедшее время,мы,смачивали,16,reviewed,hand-curated Russian batch 16; no conjugation library; imperfective base; singular past includes gender variants
RU,смачивать,Изъявительное наклонение,Прошедшее время,вы,смачивали,16,reviewed,hand-curated Russian batch 16; no conjugation library; imperfective base; singular past includes gender variants
RU,смачивать,Изъявительное наклонение,Прошедшее время,они,смачивали,16,reviewed,hand-curated Russian batch 16; no conjugation library; imperfective base; singular past includes gender variants
RU,смачивать,Изъявительное наклонение,Будущее время,я,буду смачивать,16,reviewed,hand-curated Russian batch 16; no conjugation library; imperfective base; singular past includes gender variants
RU,смачивать,Изъявительное наклонение,Будущее время,ты,будешь смачивать,16,reviewed,hand-curated Russian batch 16; no conjugation library; imperfective base; singular past includes gender variants
RU,смачивать,Изъявительное наклонение,Будущее время,"он (она, оно)",будет смачивать,16,reviewed,hand-curated Russian batch 16; no conjugation library; imperfective base; singular past includes gender variants
RU,смачивать,Изъявительное наклонение,Будущее время,мы,будем смачивать,16,reviewed,hand-curated Russian batch 16; no conjugation library; imperfective base; singular past includes gender variants
RU,смачивать,Изъявительное наклонение,Будущее время,вы,будете смачивать,16,reviewed,hand-curated Russian batch 16; no conjugation library; imperfective base; singular past includes gender variants
RU,смачивать,Изъявительное наклонение,Будущее время,они,будут смачивать,16,reviewed,hand-curated Russian batch 16; no conjugation library; imperfective base; singular past includes gender variants
RU,раздевать,Изъявительное наклонение,Настоящее время,я,раздеваю,16,reviewed,hand-curated Russian batch 16; no conjugation library; imperfective base; singular past includes gender variants
RU,раздевать,Изъявительное наклонение,Настоящее время,ты,раздеваешь,16,reviewed,hand-curated Russian batch 16; no conjugation library; imperfective base; singular past includes gender variants
RU,раздевать,Изъявительное наклонение,Настоящее время,"он (она, оно)",раздевает,16,reviewed,hand-curated Russian batch 16; no conjugation library; imperfective base; singular past includes gender variants
RU,раздевать,Изъявительное наклонение,Настоящее время,мы,раздеваем,16,reviewed,hand-curated Russian batch 16; no conjugation library; imperfective base; singular past includes gender variants
RU,раздевать,Изъявительное наклонение,Настоящее время,вы,раздеваете,16,reviewed,hand-curated Russian batch 16; no conjugation library; imperfective base; singular past includes gender variants
RU,раздевать,Изъявительное наклонение,Настоящее время,они,раздевают,16,reviewed,hand-curated Russian batch 16; no conjugation library; imperfective base; singular past includes gender variants
RU,раздевать,Изъявительное наклонение,Прошедшее время,я,раздевал (раздевала),16,reviewed,hand-curated Russian batch 16; no conjugation library; imperfective base; singular past includes gender variants
RU,раздевать,Изъявительное наклонение,Прошедшее время,ты,раздевал (раздевала),16,reviewed,hand-curated Russian batch 16; no conjugation library; imperfective base; singular past includes gender variants
RU,раздевать,Изъявительное наклонение,Прошедшее время,"он (она, оно)","раздевал (раздевала, раздевало)",16,reviewed,hand-curated Russian batch 16; no conjugation library; imperfective base; singular past includes gender variants
RU,раздевать,Изъявительное наклонение,Прошедшее время,мы,раздевали,16,reviewed,hand-curated Russian batch 16; no conjugation library; imperfective base; singular past includes gender variants
RU,раздевать,Изъявительное наклонение,Прошедшее время,вы,раздевали,16,reviewed,hand-curated Russian batch 16; no conjugation library; imperfective base; singular past includes gender variants
RU,раздевать,Изъявительное наклонение,Прошедшее время,они,раздевали,16,reviewed,hand-curated Russian batch 16; no conjugation library; imperfective base; singular past includes gender variants
RU,раздевать,Изъявительное наклонение,Будущее время,я,буду раздевать,16,reviewed,hand-curated Russian batch 16; no conjugation library; imperfective base; singular past includes gender variants
RU,раздевать,Изъявительное наклонение,Будущее время,ты,будешь раздевать,16,reviewed,hand-curated Russian batch 16; no conjugation library; imperfective base; singular past includes gender variants
RU,раздевать,Изъявительное наклонение,Будущее время,"он (она, оно)",будет раздевать,16,reviewed,hand-curated Russian batch 16; no conjugation library; imperfective base; singular past includes gender variants
RU,раздевать,Изъявительное наклонение,Будущее время,мы,будем раздевать,16,reviewed,hand-curated Russian batch 16; no conjugation library; imperfective base; singular past includes gender variants
RU,раздевать,Изъявительное наклонение,Будущее время,вы,будете раздевать,16,reviewed,hand-curated Russian batch 16; no conjugation library; imperfective base; singular past includes gender variants
RU,раздевать,Изъявительное наклонение,Будущее время,они,будут раздевать,16,reviewed,hand-curated Russian batch 16; no conjugation library; imperfective base; singular past includes gender variants
RU,призывать,Изъявительное наклонение,Настоящее время,я,призываю,16,reviewed,hand-curated Russian batch 16; no conjugation library; imperfective base; singular past includes gender variants
RU,призывать,Изъявительное наклонение,Настоящее время,ты,призываешь,16,reviewed,hand-curated Russian batch 16; no conjugation library; imperfective base; singular past includes gender variants
RU,призывать,Изъявительное наклонение,Настоящее время,"он (она, оно)",призывает,16,reviewed,hand-curated Russian batch 16; no conjugation library; imperfective base; singular past includes gender variants
RU,призывать,Изъявительное наклонение,Настоящее время,мы,призываем,16,reviewed,hand-curated Russian batch 16; no conjugation library; imperfective base; singular past includes gender variants
RU,призывать,Изъявительное наклонение,Настоящее время,вы,призываете,16,reviewed,hand-curated Russian batch 16; no conjugation library; imperfective base; singular past includes gender variants
RU,призывать,Изъявительное наклонение,Настоящее время,они,призывают,16,reviewed,hand-curated Russian batch 16; no conjugation library; imperfective base; singular past includes gender variants
RU,призывать,Изъявительное наклонение,Прошедшее время,я,призывал (призывала),16,reviewed,hand-curated Russian batch 16; no conjugation library; imperfective base; singular past includes gender variants
RU,призывать,Изъявительное наклонение,Прошедшее время,ты,призывал (призывала),16,reviewed,hand-curated Russian batch 16; no conjugation library; imperfective base; singular past includes gender variants
RU,призывать,Изъявительное наклонение,Прошедшее время,"он (она, оно)","призывал (призывала, призывало)",16,reviewed,hand-curated Russian batch 16; no conjugation library; imperfective base; singular past includes gender variants
RU,призывать,Изъявительное наклонение,Прошедшее время,мы,призывали,16,reviewed,hand-curated Russian batch 16; no conjugation library; imperfective base; singular past includes gender variants
RU,призывать,Изъявительное наклонение,Прошедшее время,вы,призывали,16,reviewed,hand-curated Russian batch 16; no conjugation library; imperfective base; singular past includes gender variants
RU,призывать,Изъявительное наклонение,Прошедшее время,они,призывали,16,reviewed,hand-curated Russian batch 16; no conjugation library; imperfective base; singular past includes gender variants
RU,призывать,Изъявительное наклонение,Будущее время,я,буду призывать,16,reviewed,hand-curated Russian batch 16; no conjugation library; imperfective base; singular past includes gender variants
RU,призывать,Изъявительное наклонение,Будущее время,ты,будешь призывать,16,reviewed,hand-curated Russian batch 16; no conjugation library; imperfective base; singular past includes gender variants
RU,призывать,Изъявительное наклонение,Будущее время,"он (она, оно)",будет призывать,16,reviewed,hand-curated Russian batch 16; no conjugation library; imperfective base; singular past includes gender variants
RU,призывать,Изъявительное наклонение,Будущее время,мы,будем призывать,16,reviewed,hand-curated Russian batch 16; no conjugation library; imperfective base; singular past includes gender variants
RU,призывать,Изъявительное наклонение,Будущее время,вы,будете призывать,16,reviewed,hand-curated Russian batch 16; no conjugation library; imperfective base; singular past includes gender variants
RU,призывать,Изъявительное наклонение,Будущее время,они,будут призывать,16,reviewed,hand-curated Russian batch 16; no conjugation library; imperfective base; singular past includes gender variants
RU,замедлять,Изъявительное наклонение,Настоящее время,я,замедляю,16,reviewed,hand-curated Russian batch 16; no conjugation library; imperfective base; singular past includes gender variants
RU,замедлять,Изъявительное наклонение,Настоящее время,ты,замедляешь,16,reviewed,hand-curated Russian batch 16; no conjugation library; imperfective base; singular past includes gender variants
RU,замедлять,Изъявительное наклонение,Настоящее время,"он (она, оно)",замедляет,16,reviewed,hand-curated Russian batch 16; no conjugation library; imperfective base; singular past includes gender variants
RU,замедлять,Изъявительное наклонение,Настоящее время,мы,замедляем,16,reviewed,hand-curated Russian batch 16; no conjugation library; imperfective base; singular past includes gender variants
RU,замедлять,Изъявительное наклонение,Настоящее время,вы,замедляете,16,reviewed,hand-curated Russian batch 16; no conjugation library; imperfective base; singular past includes gender variants
RU,замедлять,Изъявительное наклонение,Настоящее время,они,замедляют,16,reviewed,hand-curated Russian batch 16; no conjugation library; imperfective base; singular past includes gender variants
RU,замедлять,Изъявительное наклонение,Прошедшее время,я,замедлял (замедляла),16,reviewed,hand-curated Russian batch 16; no conjugation library; imperfective base; singular past includes gender variants
RU,замедлять,Изъявительное наклонение,Прошедшее время,ты,замедлял (замедляла),16,reviewed,hand-curated Russian batch 16; no conjugation library; imperfective base; singular past includes gender variants
RU,замедлять,Изъявительное наклонение,Прошедшее время,"он (она, оно)","замедлял (замедляла, замедляло)",16,reviewed,hand-curated Russian batch 16; no conjugation library; imperfective base; singular past includes gender variants
RU,замедлять,Изъявительное наклонение,Прошедшее время,мы,замедляли,16,reviewed,hand-curated Russian batch 16; no conjugation library; imperfective base; singular past includes gender variants
RU,замедлять,Изъявительное наклонение,Прошедшее время,вы,замедляли,16,reviewed,hand-curated Russian batch 16; no conjugation library; imperfective base; singular past includes gender variants
RU,замедлять,Изъявительное наклонение,Прошедшее время,они,замедляли,16,reviewed,hand-curated Russian batch 16; no conjugation library; imperfective base; singular past includes gender variants
RU,замедлять,Изъявительное наклонение,Будущее время,я,буду замедлять,16,reviewed,hand-curated Russian batch 16; no conjugation library; imperfective base; singular past includes gender variants
RU,замедлять,Изъявительное наклонение,Будущее время,ты,будешь замедлять,16,reviewed,hand-curated Russian batch 16; no conjugation library; imperfective base; singular past includes gender variants
RU,замедлять,Изъявительное наклонение,Будущее время,"он (она, оно)",будет замедлять,16,reviewed,hand-curated Russian batch 16; no conjugation library; imperfective base; singular past includes gender variants
RU,замедлять,Изъявительное наклонение,Будущее время,мы,будем замедлять,16,reviewed,hand-curated Russian batch 16; no conjugation library; imperfective base; singular past includes gender variants
RU,замедлять,Изъявительное наклонение,Будущее время,вы,будете замедлять,16,reviewed,hand-curated Russian batch 16; no conjugation library; imperfective base; singular past includes gender variants
RU,замедлять,Изъявительное наклонение,Будущее время,они,будут замедлять,16,reviewed,hand-curated Russian batch 16; no conjugation library; imperfective base; singular past includes gender variants
RU,беспокоить,Изъявительное наклонение,Настоящее время,я,беспокою,16,reviewed,hand-curated Russian batch 16; no conjugation library; imperfective base; singular past includes gender variants
RU,беспокоить,Изъявительное наклонение,Настоящее время,ты,беспокоишь,16,reviewed,hand-curated Russian batch 16; no conjugation library; imperfective base; singular past includes gender variants
RU,беспокоить,Изъявительное наклонение,Настоящее время,"он (она, оно)",беспокоит,16,reviewed,hand-curated Russian batch 16; no conjugation library; imperfective base; singular past includes gender variants
RU,беспокоить,Изъявительное наклонение,Настоящее время,мы,беспокоим,16,reviewed,hand-curated Russian batch 16; no conjugation library; imperfective base; singular past includes gender variants
RU,беспокоить,Изъявительное наклонение,Настоящее время,вы,беспокоите,16,reviewed,hand-curated Russian batch 16; no conjugation library; imperfective base; singular past includes gender variants
RU,беспокоить,Изъявительное наклонение,Настоящее время,они,беспокоят,16,reviewed,hand-curated Russian batch 16; no conjugation library; imperfective base; singular past includes gender variants
RU,беспокоить,Изъявительное наклонение,Прошедшее время,я,беспокоил (беспокоила),16,reviewed,hand-curated Russian batch 16; no conjugation library; imperfective base; singular past includes gender variants
RU,беспокоить,Изъявительное наклонение,Прошедшее время,ты,беспокоил (беспокоила),16,reviewed,hand-curated Russian batch 16; no conjugation library; imperfective base; singular past includes gender variants
RU,беспокоить,Изъявительное наклонение,Прошедшее время,"он (она, оно)","беспокоил (беспокоила, беспокоило)",16,reviewed,hand-curated Russian batch 16; no conjugation library; imperfective base; singular past includes gender variants
RU,беспокоить,Изъявительное наклонение,Прошедшее время,мы,беспокоили,16,reviewed,hand-curated Russian batch 16; no conjugation library; imperfective base; singular past includes gender variants
RU,беспокоить,Изъявительное наклонение,Прошедшее время,вы,беспокоили,16,reviewed,hand-curated Russian batch 16; no conjugation library; imperfective base; singular past includes gender variants
RU,беспокоить,Изъявительное наклонение,Прошедшее время,они,беспокоили,16,reviewed,hand-curated Russian batch 16; no conjugation library; imperfective base; singular past includes gender variants
RU,беспокоить,Изъявительное наклонение,Будущее время,я,буду беспокоить,16,reviewed,hand-curated Russian batch 16; no conjugation library; imperfective base; singular past includes gender variants
RU,беспокоить,Изъявительное наклонение,Будущее время,ты,будешь беспокоить,16,reviewed,hand-curated Russian batch 16; no conjugation library; imperfective base; singular past includes gender variants
RU,беспокоить,Изъявительное наклонение,Будущее время,"он (она, оно)",будет беспокоить,16,reviewed,hand-curated Russian batch 16; no conjugation library; imperfective base; singular past includes gender variants
RU,беспокоить,Изъявительное наклонение,Будущее время,мы,будем беспокоить,16,reviewed,hand-curated Russian batch 16; no conjugation library; imperfective base; singular past includes gender variants
RU,беспокоить,Изъявительное наклонение,Будущее время,вы,будете беспокоить,16,reviewed,hand-curated Russian batch 16; no conjugation library; imperfective base; singular past includes gender variants
RU,беспокоить,Изъявительное наклонение,Будущее время,они,будут беспокоить,16,reviewed,hand-curated Russian batch 16; no conjugation library; imperfective base; singular past includes gender variants
RU,расходовать,Изъявительное наклонение,Настоящее время,я,расходую,16,reviewed,hand-curated Russian batch 16; no conjugation library; imperfective base; singular past includes gender variants
RU,расходовать,Изъявительное наклонение,Настоящее время,ты,расходуешь,16,reviewed,hand-curated Russian batch 16; no conjugation library; imperfective base; singular past includes gender variants
RU,расходовать,Изъявительное наклонение,Настоящее время,"он (она, оно)",расходует,16,reviewed,hand-curated Russian batch 16; no conjugation library; imperfective base; singular past includes gender variants
RU,расходовать,Изъявительное наклонение,Настоящее время,мы,расходуем,16,reviewed,hand-curated Russian batch 16; no conjugation library; imperfective base; singular past includes gender variants
RU,расходовать,Изъявительное наклонение,Настоящее время,вы,расходуете,16,reviewed,hand-curated Russian batch 16; no conjugation library; imperfective base; singular past includes gender variants
RU,расходовать,Изъявительное наклонение,Настоящее время,они,расходуют,16,reviewed,hand-curated Russian batch 16; no conjugation library; imperfective base; singular past includes gender variants
RU,расходовать,Изъявительное наклонение,Прошедшее время,я,расходовал (расходовала),16,reviewed,hand-curated Russian batch 16; no conjugation library; imperfective base; singular past includes gender variants
RU,расходовать,Изъявительное наклонение,Прошедшее время,ты,расходовал (расходовала),16,reviewed,hand-curated Russian batch 16; no conjugation library; imperfective base; singular past includes gender variants
RU,расходовать,Изъявительное наклонение,Прошедшее время,"он (она, оно)","расходовал (расходовала, расходовало)",16,reviewed,hand-curated Russian batch 16; no conjugation library; imperfective base; singular past includes gender variants
RU,расходовать,Изъявительное наклонение,Прошедшее время,мы,расходовали,16,reviewed,hand-curated Russian batch 16; no conjugation library; imperfective base; singular past includes gender variants
RU,расходовать,Изъявительное наклонение,Прошедшее время,вы,расходовали,16,reviewed,hand-curated Russian batch 16; no conjugation library; imperfective base; singular past includes gender variants
RU,расходовать,Изъявительное наклонение,Прошедшее время,они,расходовали,16,reviewed,hand-curated Russian batch 16; no conjugation library; imperfective base; singular past includes gender variants
RU,расходовать,Изъявительное наклонение,Будущее время,я,буду расходовать,16,reviewed,hand-curated Russian batch 16; no conjugation library; imperfective base; singular past includes gender variants
RU,расходовать,Изъявительное наклонение,Будущее время,ты,будешь расходовать,16,reviewed,hand-curated Russian batch 16; no conjugation library; imperfective base; singular past includes gender variants
RU,расходовать,Изъявительное наклонение,Будущее время,"он (она, оно)",будет расходовать,16,reviewed,hand-curated Russian batch 16; no conjugation library; imperfective base; singular past includes gender variants
RU,расходовать,Изъявительное наклонение,Будущее время,мы,будем расходовать,16,reviewed,hand-curated Russian batch 16; no conjugation library; imperfective base; singular past includes gender variants
RU,расходовать,Изъявительное наклонение,Будущее время,вы,будете расходовать,16,reviewed,hand-curated Russian batch 16; no conjugation library; imperfective base; singular past includes gender variants
RU,расходовать,Изъявительное наклонение,Будущее время,они,будут расходовать,16,reviewed,hand-curated Russian batch 16; no conjugation library; imperfective base; singular past includes gender variants
RU,прочищать,Изъявительное наклонение,Настоящее время,я,прочищаю,16,reviewed,hand-curated Russian batch 16; no conjugation library; imperfective base; singular past includes gender variants
RU,прочищать,Изъявительное наклонение,Настоящее время,ты,прочищаешь,16,reviewed,hand-curated Russian batch 16; no conjugation library; imperfective base; singular past includes gender variants
RU,прочищать,Изъявительное наклонение,Настоящее время,"он (она, оно)",прочищает,16,reviewed,hand-curated Russian batch 16; no conjugation library; imperfective base; singular past includes gender variants
RU,прочищать,Изъявительное наклонение,Настоящее время,мы,прочищаем,16,reviewed,hand-curated Russian batch 16; no conjugation library; imperfective base; singular past includes gender variants
RU,прочищать,Изъявительное наклонение,Настоящее время,вы,прочищаете,16,reviewed,hand-curated Russian batch 16; no conjugation library; imperfective base; singular past includes gender variants
RU,прочищать,Изъявительное наклонение,Настоящее время,они,прочищают,16,reviewed,hand-curated Russian batch 16; no conjugation library; imperfective base; singular past includes gender variants
RU,прочищать,Изъявительное наклонение,Прошедшее время,я,прочищал (прочищала),16,reviewed,hand-curated Russian batch 16; no conjugation library; imperfective base; singular past includes gender variants
RU,прочищать,Изъявительное наклонение,Прошедшее время,ты,прочищал (прочищала),16,reviewed,hand-curated Russian batch 16; no conjugation library; imperfective base; singular past includes gender variants
RU,прочищать,Изъявительное наклонение,Прошедшее время,"он (она, оно)","прочищал (прочищала, прочищало)",16,reviewed,hand-curated Russian batch 16; no conjugation library; imperfective base; singular past includes gender variants
RU,прочищать,Изъявительное наклонение,Прошедшее время,мы,прочищали,16,reviewed,hand-curated Russian batch 16; no conjugation library; imperfective base; singular past includes gender variants
RU,прочищать,Изъявительное наклонение,Прошедшее время,вы,прочищали,16,reviewed,hand-curated Russian batch 16; no conjugation library; imperfective base; singular past includes gender variants
RU,прочищать,Изъявительное наклонение,Прошедшее время,они,прочищали,16,reviewed,hand-curated Russian batch 16; no conjugation library; imperfective base; singular past includes gender variants
RU,прочищать,Изъявительное наклонение,Будущее время,я,буду прочищать,16,reviewed,hand-curated Russian batch 16; no conjugation library; imperfective base; singular past includes gender variants
RU,прочищать,Изъявительное наклонение,Будущее время,ты,будешь прочищать,16,reviewed,hand-curated Russian batch 16; no conjugation library; imperfective base; singular past includes gender variants
RU,прочищать,Изъявительное наклонение,Будущее время,"он (она, оно)",будет прочищать,16,reviewed,hand-curated Russian batch 16; no conjugation library; imperfective base; singular past includes gender variants
RU,прочищать,Изъявительное наклонение,Будущее время,мы,будем прочищать,16,reviewed,hand-curated Russian batch 16; no conjugation library; imperfective base; singular past includes gender variants
RU,прочищать,Изъявительное наклонение,Будущее время,вы,будете прочищать,16,reviewed,hand-curated Russian batch 16; no conjugation library; imperfective base; singular past includes gender variants
RU,прочищать,Изъявительное наклонение,Будущее время,они,будут прочищать,16,reviewed,hand-curated Russian batch 16; no conjugation library; imperfective base; singular past includes gender variants
RU,свистеть,Изъявительное наклонение,Настоящее время,я,свищу,16,reviewed,hand-curated Russian batch 16; no conjugation library; imperfective base; singular past includes gender variants
RU,свистеть,Изъявительное наклонение,Настоящее время,ты,свистишь,16,reviewed,hand-curated Russian batch 16; no conjugation library; imperfective base; singular past includes gender variants
RU,свистеть,Изъявительное наклонение,Настоящее время,"он (она, оно)",свистит,16,reviewed,hand-curated Russian batch 16; no conjugation library; imperfective base; singular past includes gender variants
RU,свистеть,Изъявительное наклонение,Настоящее время,мы,свистим,16,reviewed,hand-curated Russian batch 16; no conjugation library; imperfective base; singular past includes gender variants
RU,свистеть,Изъявительное наклонение,Настоящее время,вы,свистите,16,reviewed,hand-curated Russian batch 16; no conjugation library; imperfective base; singular past includes gender variants
RU,свистеть,Изъявительное наклонение,Настоящее время,они,свистят,16,reviewed,hand-curated Russian batch 16; no conjugation library; imperfective base; singular past includes gender variants
RU,свистеть,Изъявительное наклонение,Прошедшее время,я,свистел (свистела),16,reviewed,hand-curated Russian batch 16; no conjugation library; imperfective base; singular past includes gender variants
RU,свистеть,Изъявительное наклонение,Прошедшее время,ты,свистел (свистела),16,reviewed,hand-curated Russian batch 16; no conjugation library; imperfective base; singular past includes gender variants
RU,свистеть,Изъявительное наклонение,Прошедшее время,"он (она, оно)","свистел (свистела, свистело)",16,reviewed,hand-curated Russian batch 16; no conjugation library; imperfective base; singular past includes gender variants
RU,свистеть,Изъявительное наклонение,Прошедшее время,мы,свистели,16,reviewed,hand-curated Russian batch 16; no conjugation library; imperfective base; singular past includes gender variants
RU,свистеть,Изъявительное наклонение,Прошедшее время,вы,свистели,16,reviewed,hand-curated Russian batch 16; no conjugation library; imperfective base; singular past includes gender variants
RU,свистеть,Изъявительное наклонение,Прошедшее время,они,свистели,16,reviewed,hand-curated Russian batch 16; no conjugation library; imperfective base; singular past includes gender variants
RU,свистеть,Изъявительное наклонение,Будущее время,я,буду свистеть,16,reviewed,hand-curated Russian batch 16; no conjugation library; imperfective base; singular past includes gender variants
RU,свистеть,Изъявительное наклонение,Будущее время,ты,будешь свистеть,16,reviewed,hand-curated Russian batch 16; no conjugation library; imperfective base; singular past includes gender variants
RU,свистеть,Изъявительное наклонение,Будущее время,"он (она, оно)",будет свистеть,16,reviewed,hand-curated Russian batch 16; no conjugation library; imperfective base; singular past includes gender variants
RU,свистеть,Изъявительное наклонение,Будущее время,мы,будем свистеть,16,reviewed,hand-curated Russian batch 16; no conjugation library; imperfective base; singular past includes gender variants
RU,свистеть,Изъявительное наклонение,Будущее время,вы,будете свистеть,16,reviewed,hand-curated Russian batch 16; no conjugation library; imperfective base; singular past includes gender variants
RU,свистеть,Изъявительное наклонение,Будущее время,они,будут свистеть,16,reviewed,hand-curated Russian batch 16; no conjugation library; imperfective base; singular past includes gender variants
RU,накапливать,Изъявительное наклонение,Настоящее время,я,накапливаю,16,reviewed,hand-curated Russian batch 16; no conjugation library; imperfective base; singular past includes gender variants
RU,накапливать,Изъявительное наклонение,Настоящее время,ты,накапливаешь,16,reviewed,hand-curated Russian batch 16; no conjugation library; imperfective base; singular past includes gender variants
RU,накапливать,Изъявительное наклонение,Настоящее время,"он (она, оно)",накапливает,16,reviewed,hand-curated Russian batch 16; no conjugation library; imperfective base; singular past includes gender variants
RU,накапливать,Изъявительное наклонение,Настоящее время,мы,накапливаем,16,reviewed,hand-curated Russian batch 16; no conjugation library; imperfective base; singular past includes gender variants
RU,накапливать,Изъявительное наклонение,Настоящее время,вы,накапливаете,16,reviewed,hand-curated Russian batch 16; no conjugation library; imperfective base; singular past includes gender variants
RU,накапливать,Изъявительное наклонение,Настоящее время,они,накапливают,16,reviewed,hand-curated Russian batch 16; no conjugation library; imperfective base; singular past includes gender variants
RU,накапливать,Изъявительное наклонение,Прошедшее время,я,накапливал (накапливала),16,reviewed,hand-curated Russian batch 16; no conjugation library; imperfective base; singular past includes gender variants
RU,накапливать,Изъявительное наклонение,Прошедшее время,ты,накапливал (накапливала),16,reviewed,hand-curated Russian batch 16; no conjugation library; imperfective base; singular past includes gender variants
RU,накапливать,Изъявительное наклонение,Прошедшее время,"он (она, оно)","накапливал (накапливала, накапливало)",16,reviewed,hand-curated Russian batch 16; no conjugation library; imperfective base; singular past includes gender variants
RU,накапливать,Изъявительное наклонение,Прошедшее время,мы,накапливали,16,reviewed,hand-curated Russian batch 16; no conjugation library; imperfective base; singular past includes gender variants
RU,накапливать,Изъявительное наклонение,Прошедшее время,вы,накапливали,16,reviewed,hand-curated Russian batch 16; no conjugation library; imperfective base; singular past includes gender variants
RU,накапливать,Изъявительное наклонение,Прошедшее время,они,накапливали,16,reviewed,hand-curated Russian batch 16; no conjugation library; imperfective base; singular past includes gender variants
RU,накапливать,Изъявительное наклонение,Будущее время,я,буду накапливать,16,reviewed,hand-curated Russian batch 16; no conjugation library; imperfective base; singular past includes gender variants
RU,накапливать,Изъявительное наклонение,Будущее время,ты,будешь накапливать,16,reviewed,hand-curated Russian batch 16; no conjugation library; imperfective base; singular past includes gender variants
RU,накапливать,Изъявительное наклонение,Будущее время,"он (она, оно)",будет накапливать,16,reviewed,hand-curated Russian batch 16; no conjugation library; imperfective base; singular past includes gender variants
RU,накапливать,Изъявительное наклонение,Будущее время,мы,будем накапливать,16,reviewed,hand-curated Russian batch 16; no conjugation library; imperfective base; singular past includes gender variants
RU,накапливать,Изъявительное наклонение,Будущее время,вы,будете накапливать,16,reviewed,hand-curated Russian batch 16; no conjugation library; imperfective base; singular past includes gender variants
RU,накапливать,Изъявительное наклонение,Будущее время,они,будут накапливать,16,reviewed,hand-curated Russian batch 16; no conjugation library; imperfective base; singular past includes gender variants
RU,возвращать,Изъявительное наклонение,Настоящее время,я,возвращаю,16,reviewed,hand-curated Russian batch 16; no conjugation library; imperfective base; singular past includes gender variants
RU,возвращать,Изъявительное наклонение,Настоящее время,ты,возвращаешь,16,reviewed,hand-curated Russian batch 16; no conjugation library; imperfective base; singular past includes gender variants
RU,возвращать,Изъявительное наклонение,Настоящее время,"он (она, оно)",возвращает,16,reviewed,hand-curated Russian batch 16; no conjugation library; imperfective base; singular past includes gender variants
RU,возвращать,Изъявительное наклонение,Настоящее время,мы,возвращаем,16,reviewed,hand-curated Russian batch 16; no conjugation library; imperfective base; singular past includes gender variants
RU,возвращать,Изъявительное наклонение,Настоящее время,вы,возвращаете,16,reviewed,hand-curated Russian batch 16; no conjugation library; imperfective base; singular past includes gender variants
RU,возвращать,Изъявительное наклонение,Настоящее время,они,возвращают,16,reviewed,hand-curated Russian batch 16; no conjugation library; imperfective base; singular past includes gender variants
RU,возвращать,Изъявительное наклонение,Прошедшее время,я,возвращал (возвращала),16,reviewed,hand-curated Russian batch 16; no conjugation library; imperfective base; singular past includes gender variants
RU,возвращать,Изъявительное наклонение,Прошедшее время,ты,возвращал (возвращала),16,reviewed,hand-curated Russian batch 16; no conjugation library; imperfective base; singular past includes gender variants
RU,возвращать,Изъявительное наклонение,Прошедшее время,"он (она, оно)","возвращал (возвращала, возвращало)",16,reviewed,hand-curated Russian batch 16; no conjugation library; imperfective base; singular past includes gender variants
RU,возвращать,Изъявительное наклонение,Прошедшее время,мы,возвращали,16,reviewed,hand-curated Russian batch 16; no conjugation library; imperfective base; singular past includes gender variants
RU,возвращать,Изъявительное наклонение,Прошедшее время,вы,возвращали,16,reviewed,hand-curated Russian batch 16; no conjugation library; imperfective base; singular past includes gender variants
RU,возвращать,Изъявительное наклонение,Прошедшее время,они,возвращали,16,reviewed,hand-curated Russian batch 16; no conjugation library; imperfective base; singular past includes gender variants
RU,возвращать,Изъявительное наклонение,Будущее время,я,буду возвращать,16,reviewed,hand-curated Russian batch 16; no conjugation library; imperfective base; singular past includes gender variants
RU,возвращать,Изъявительное наклонение,Будущее время,ты,будешь возвращать,16,reviewed,hand-curated Russian batch 16; no conjugation library; imperfective base; singular past includes gender variants
RU,возвращать,Изъявительное наклонение,Будущее время,"он (она, оно)",будет возвращать,16,reviewed,hand-curated Russian batch 16; no conjugation library; imperfective base; singular past includes gender variants
RU,возвращать,Изъявительное наклонение,Будущее время,мы,будем возвращать,16,reviewed,hand-curated Russian batch 16; no conjugation library; imperfective base; singular past includes gender variants
RU,возвращать,Изъявительное наклонение,Будущее время,вы,будете возвращать,16,reviewed,hand-curated Russian batch 16; no conjugation library; imperfective base; singular past includes gender variants
RU,возвращать,Изъявительное наклонение,Будущее время,они,будут возвращать,16,reviewed,hand-curated Russian batch 16; no conjugation library; imperfective base; singular past includes gender variants
RU,отцеплять,Изъявительное наклонение,Настоящее время,я,отцепляю,16,reviewed,hand-curated Russian batch 16; no conjugation library; imperfective base; singular past includes gender variants
RU,отцеплять,Изъявительное наклонение,Настоящее время,ты,отцепляешь,16,reviewed,hand-curated Russian batch 16; no conjugation library; imperfective base; singular past includes gender variants
RU,отцеплять,Изъявительное наклонение,Настоящее время,"он (она, оно)",отцепляет,16,reviewed,hand-curated Russian batch 16; no conjugation library; imperfective base; singular past includes gender variants
RU,отцеплять,Изъявительное наклонение,Настоящее время,мы,отцепляем,16,reviewed,hand-curated Russian batch 16; no conjugation library; imperfective base; singular past includes gender variants
RU,отцеплять,Изъявительное наклонение,Настоящее время,вы,отцепляете,16,reviewed,hand-curated Russian batch 16; no conjugation library; imperfective base; singular past includes gender variants
RU,отцеплять,Изъявительное наклонение,Настоящее время,они,отцепляют,16,reviewed,hand-curated Russian batch 16; no conjugation library; imperfective base; singular past includes gender variants
RU,отцеплять,Изъявительное наклонение,Прошедшее время,я,отцеплял (отцепляла),16,reviewed,hand-curated Russian batch 16; no conjugation library; imperfective base; singular past includes gender variants
RU,отцеплять,Изъявительное наклонение,Прошедшее время,ты,отцеплял (отцепляла),16,reviewed,hand-curated Russian batch 16; no conjugation library; imperfective base; singular past includes gender variants
RU,отцеплять,Изъявительное наклонение,Прошедшее время,"он (она, оно)","отцеплял (отцепляла, отцепляло)",16,reviewed,hand-curated Russian batch 16; no conjugation library; imperfective base; singular past includes gender variants
RU,отцеплять,Изъявительное наклонение,Прошедшее время,мы,отцепляли,16,reviewed,hand-curated Russian batch 16; no conjugation library; imperfective base; singular past includes gender variants
RU,отцеплять,Изъявительное наклонение,Прошедшее время,вы,отцепляли,16,reviewed,hand-curated Russian batch 16; no conjugation library; imperfective base; singular past includes gender variants
RU,отцеплять,Изъявительное наклонение,Прошедшее время,они,отцепляли,16,reviewed,hand-curated Russian batch 16; no conjugation library; imperfective base; singular past includes gender variants
RU,отцеплять,Изъявительное наклонение,Будущее время,я,буду отцеплять,16,reviewed,hand-curated Russian batch 16; no conjugation library; imperfective base; singular past includes gender variants
RU,отцеплять,Изъявительное наклонение,Будущее время,ты,будешь отцеплять,16,reviewed,hand-curated Russian batch 16; no conjugation library; imperfective base; singular past includes gender variants
RU,отцеплять,Изъявительное наклонение,Будущее время,"он (она, оно)",будет отцеплять,16,reviewed,hand-curated Russian batch 16; no conjugation library; imperfective base; singular past includes gender variants
RU,отцеплять,Изъявительное наклонение,Будущее время,мы,будем отцеплять,16,reviewed,hand-curated Russian batch 16; no conjugation library; imperfective base; singular past includes gender variants
RU,отцеплять,Изъявительное наклонение,Будущее время,вы,будете отцеплять,16,reviewed,hand-curated Russian batch 16; no conjugation library; imperfective base; singular past includes gender variants
RU,отцеплять,Изъявительное наклонение,Будущее время,они,будут отцеплять,16,reviewed,hand-curated Russian batch 16; no conjugation library; imperfective base; singular past includes gender variants
RU,опасаться,Изъявительное наклонение,Настоящее время,я,опасаюсь,16,reviewed,hand-curated Russian batch 16; no conjugation library; imperfective base; singular past includes gender variants
RU,опасаться,Изъявительное наклонение,Настоящее время,ты,опасаешься,16,reviewed,hand-curated Russian batch 16; no conjugation library; imperfective base; singular past includes gender variants
RU,опасаться,Изъявительное наклонение,Настоящее время,"он (она, оно)",опасается,16,reviewed,hand-curated Russian batch 16; no conjugation library; imperfective base; singular past includes gender variants
RU,опасаться,Изъявительное наклонение,Настоящее время,мы,опасаемся,16,reviewed,hand-curated Russian batch 16; no conjugation library; imperfective base; singular past includes gender variants
RU,опасаться,Изъявительное наклонение,Настоящее время,вы,опасаетесь,16,reviewed,hand-curated Russian batch 16; no conjugation library; imperfective base; singular past includes gender variants
RU,опасаться,Изъявительное наклонение,Настоящее время,они,опасаются,16,reviewed,hand-curated Russian batch 16; no conjugation library; imperfective base; singular past includes gender variants
RU,опасаться,Изъявительное наклонение,Прошедшее время,я,опасался (опасалась),16,reviewed,hand-curated Russian batch 16; no conjugation library; imperfective base; singular past includes gender variants
RU,опасаться,Изъявительное наклонение,Прошедшее время,ты,опасался (опасалась),16,reviewed,hand-curated Russian batch 16; no conjugation library; imperfective base; singular past includes gender variants
RU,опасаться,Изъявительное наклонение,Прошедшее время,"он (она, оно)","опасался (опасалась, опасалось)",16,reviewed,hand-curated Russian batch 16; no conjugation library; imperfective base; singular past includes gender variants
RU,опасаться,Изъявительное наклонение,Прошедшее время,мы,опасались,16,reviewed,hand-curated Russian batch 16; no conjugation library; imperfective base; singular past includes gender variants
RU,опасаться,Изъявительное наклонение,Прошедшее время,вы,опасались,16,reviewed,hand-curated Russian batch 16; no conjugation library; imperfective base; singular past includes gender variants
RU,опасаться,Изъявительное наклонение,Прошедшее время,они,опасались,16,reviewed,hand-curated Russian batch 16; no conjugation library; imperfective base; singular past includes gender variants
RU,опасаться,Изъявительное наклонение,Будущее время,я,буду опасаться,16,reviewed,hand-curated Russian batch 16; no conjugation library; imperfective base; singular past includes gender variants
RU,опасаться,Изъявительное наклонение,Будущее время,ты,будешь опасаться,16,reviewed,hand-curated Russian batch 16; no conjugation library; imperfective base; singular past includes gender variants
RU,опасаться,Изъявительное наклонение,Будущее время,"он (она, оно)",будет опасаться,16,reviewed,hand-curated Russian batch 16; no conjugation library; imperfective base; singular past includes gender variants
RU,опасаться,Изъявительное наклонение,Будущее время,мы,будем опасаться,16,reviewed,hand-curated Russian batch 16; no conjugation library; imperfective base; singular past includes gender variants
RU,опасаться,Изъявительное наклонение,Будущее время,вы,будете опасаться,16,reviewed,hand-curated Russian batch 16; no conjugation library; imperfective base; singular past includes gender variants
RU,опасаться,Изъявительное наклонение,Будущее время,они,будут опасаться,16,reviewed,hand-curated Russian batch 16; no conjugation library; imperfective base; singular past includes gender variants
RU,задерживаться,Изъявительное наклонение,Настоящее время,я,задерживаюсь,16,reviewed,hand-curated Russian batch 16; no conjugation library; imperfective base; singular past includes gender variants
RU,задерживаться,Изъявительное наклонение,Настоящее время,ты,задерживаешься,16,reviewed,hand-curated Russian batch 16; no conjugation library; imperfective base; singular past includes gender variants
RU,задерживаться,Изъявительное наклонение,Настоящее время,"он (она, оно)",задерживается,16,reviewed,hand-curated Russian batch 16; no conjugation library; imperfective base; singular past includes gender variants
RU,задерживаться,Изъявительное наклонение,Настоящее время,мы,задерживаемся,16,reviewed,hand-curated Russian batch 16; no conjugation library; imperfective base; singular past includes gender variants
RU,задерживаться,Изъявительное наклонение,Настоящее время,вы,задерживаетесь,16,reviewed,hand-curated Russian batch 16; no conjugation library; imperfective base; singular past includes gender variants
RU,задерживаться,Изъявительное наклонение,Настоящее время,они,задерживаются,16,reviewed,hand-curated Russian batch 16; no conjugation library; imperfective base; singular past includes gender variants
RU,задерживаться,Изъявительное наклонение,Прошедшее время,я,задерживался (задерживалась),16,reviewed,hand-curated Russian batch 16; no conjugation library; imperfective base; singular past includes gender variants
RU,задерживаться,Изъявительное наклонение,Прошедшее время,ты,задерживался (задерживалась),16,reviewed,hand-curated Russian batch 16; no conjugation library; imperfective base; singular past includes gender variants
RU,задерживаться,Изъявительное наклонение,Прошедшее время,"он (она, оно)","задерживался (задерживалась, задерживалось)",16,reviewed,hand-curated Russian batch 16; no conjugation library; imperfective base; singular past includes gender variants
RU,задерживаться,Изъявительное наклонение,Прошедшее время,мы,задерживались,16,reviewed,hand-curated Russian batch 16; no conjugation library; imperfective base; singular past includes gender variants
RU,задерживаться,Изъявительное наклонение,Прошедшее время,вы,задерживались,16,reviewed,hand-curated Russian batch 16; no conjugation library; imperfective base; singular past includes gender variants
RU,задерживаться,Изъявительное наклонение,Прошедшее время,они,задерживались,16,reviewed,hand-curated Russian batch 16; no conjugation library; imperfective base; singular past includes gender variants
RU,задерживаться,Изъявительное наклонение,Будущее время,я,буду задерживаться,16,reviewed,hand-curated Russian batch 16; no conjugation library; imperfective base; singular past includes gender variants
RU,задерживаться,Изъявительное наклонение,Будущее время,ты,будешь задерживаться,16,reviewed,hand-curated Russian batch 16; no conjugation library; imperfective base; singular past includes gender variants
RU,задерживаться,Изъявительное наклонение,Будущее время,"он (она, оно)",будет задерживаться,16,reviewed,hand-curated Russian batch 16; no conjugation library; imperfective base; singular past includes gender variants
RU,задерживаться,Изъявительное наклонение,Будущее время,мы,будем задерживаться,16,reviewed,hand-curated Russian batch 16; no conjugation library; imperfective base; singular past includes gender variants
RU,задерживаться,Изъявительное наклонение,Будущее время,вы,будете задерживаться,16,reviewed,hand-curated Russian batch 16; no conjugation library; imperfective base; singular past includes gender variants
RU,задерживаться,Изъявительное наклонение,Будущее время,они,будут задерживаться,16,reviewed,hand-curated Russian batch 16; no conjugation library; imperfective base; singular past includes gender variants
RU,влиять,Изъявительное наклонение,Настоящее время,я,влияю,16,reviewed,hand-curated Russian batch 16; no conjugation library; imperfective base; singular past includes gender variants
RU,влиять,Изъявительное наклонение,Настоящее время,ты,влияешь,16,reviewed,hand-curated Russian batch 16; no conjugation library; imperfective base; singular past includes gender variants
RU,влиять,Изъявительное наклонение,Настоящее время,"он (она, оно)",влияет,16,reviewed,hand-curated Russian batch 16; no conjugation library; imperfective base; singular past includes gender variants
RU,влиять,Изъявительное наклонение,Настоящее время,мы,влияем,16,reviewed,hand-curated Russian batch 16; no conjugation library; imperfective base; singular past includes gender variants
RU,влиять,Изъявительное наклонение,Настоящее время,вы,влияете,16,reviewed,hand-curated Russian batch 16; no conjugation library; imperfective base; singular past includes gender variants
RU,влиять,Изъявительное наклонение,Настоящее время,они,влияют,16,reviewed,hand-curated Russian batch 16; no conjugation library; imperfective base; singular past includes gender variants
RU,влиять,Изъявительное наклонение,Прошедшее время,я,влиял (влияла),16,reviewed,hand-curated Russian batch 16; no conjugation library; imperfective base; singular past includes gender variants
RU,влиять,Изъявительное наклонение,Прошедшее время,ты,влиял (влияла),16,reviewed,hand-curated Russian batch 16; no conjugation library; imperfective base; singular past includes gender variants
RU,влиять,Изъявительное наклонение,Прошедшее время,"он (она, оно)","влиял (влияла, влияло)",16,reviewed,hand-curated Russian batch 16; no conjugation library; imperfective base; singular past includes gender variants
RU,влиять,Изъявительное наклонение,Прошедшее время,мы,влияли,16,reviewed,hand-curated Russian batch 16; no conjugation library; imperfective base; singular past includes gender variants
RU,влиять,Изъявительное наклонение,Прошедшее время,вы,влияли,16,reviewed,hand-curated Russian batch 16; no conjugation library; imperfective base; singular past includes gender variants
RU,влиять,Изъявительное наклонение,Прошедшее время,они,влияли,16,reviewed,hand-curated Russian batch 16; no conjugation library; imperfective base; singular past includes gender variants
RU,влиять,Изъявительное наклонение,Будущее время,я,буду влиять,16,reviewed,hand-curated Russian batch 16; no conjugation library; imperfective base; singular past includes gender variants
RU,влиять,Изъявительное наклонение,Будущее время,ты,будешь влиять,16,reviewed,hand-curated Russian batch 16; no conjugation library; imperfective base; singular past includes gender variants
RU,влиять,Изъявительное наклонение,Будущее время,"он (она, оно)",будет влиять,16,reviewed,hand-curated Russian batch 16; no conjugation library; imperfective base; singular past includes gender variants
RU,влиять,Изъявительное наклонение,Будущее время,мы,будем влиять,16,reviewed,hand-curated Russian batch 16; no conjugation library; imperfective base; singular past includes gender variants
RU,влиять,Изъявительное наклонение,Будущее время,вы,будете влиять,16,reviewed,hand-curated Russian batch 16; no conjugation library; imperfective base; singular past includes gender variants
RU,влиять,Изъявительное наклонение,Будущее время,они,будут влиять,16,reviewed,hand-curated Russian batch 16; no conjugation library; imperfective base; singular past includes gender variants
RU,обобщать,Изъявительное наклонение,Настоящее время,я,обобщаю,16,reviewed,hand-curated Russian batch 16; no conjugation library; imperfective base; singular past includes gender variants
RU,обобщать,Изъявительное наклонение,Настоящее время,ты,обобщаешь,16,reviewed,hand-curated Russian batch 16; no conjugation library; imperfective base; singular past includes gender variants
RU,обобщать,Изъявительное наклонение,Настоящее время,"он (она, оно)",обобщает,16,reviewed,hand-curated Russian batch 16; no conjugation library; imperfective base; singular past includes gender variants
RU,обобщать,Изъявительное наклонение,Настоящее время,мы,обобщаем,16,reviewed,hand-curated Russian batch 16; no conjugation library; imperfective base; singular past includes gender variants
RU,обобщать,Изъявительное наклонение,Настоящее время,вы,обобщаете,16,reviewed,hand-curated Russian batch 16; no conjugation library; imperfective base; singular past includes gender variants
RU,обобщать,Изъявительное наклонение,Настоящее время,они,обобщают,16,reviewed,hand-curated Russian batch 16; no conjugation library; imperfective base; singular past includes gender variants
RU,обобщать,Изъявительное наклонение,Прошедшее время,я,обобщал (обобщала),16,reviewed,hand-curated Russian batch 16; no conjugation library; imperfective base; singular past includes gender variants
RU,обобщать,Изъявительное наклонение,Прошедшее время,ты,обобщал (обобщала),16,reviewed,hand-curated Russian batch 16; no conjugation library; imperfective base; singular past includes gender variants
RU,обобщать,Изъявительное наклонение,Прошедшее время,"он (она, оно)","обобщал (обобщала, обобщало)",16,reviewed,hand-curated Russian batch 16; no conjugation library; imperfective base; singular past includes gender variants
RU,обобщать,Изъявительное наклонение,Прошедшее время,мы,обобщали,16,reviewed,hand-curated Russian batch 16; no conjugation library; imperfective base; singular past includes gender variants
RU,обобщать,Изъявительное наклонение,Прошедшее время,вы,обобщали,16,reviewed,hand-curated Russian batch 16; no conjugation library; imperfective base; singular past includes gender variants
RU,обобщать,Изъявительное наклонение,Прошедшее время,они,обобщали,16,reviewed,hand-curated Russian batch 16; no conjugation library; imperfective base; singular past includes gender variants
RU,обобщать,Изъявительное наклонение,Будущее время,я,буду обобщать,16,reviewed,hand-curated Russian batch 16; no conjugation library; imperfective base; singular past includes gender variants
RU,обобщать,Изъявительное наклонение,Будущее время,ты,будешь обобщать,16,reviewed,hand-curated Russian batch 16; no conjugation library; imperfective base; singular past includes gender variants
RU,обобщать,Изъявительное наклонение,Будущее время,"он (она, оно)",будет обобщать,16,reviewed,hand-curated Russian batch 16; no conjugation library; imperfective base; singular past includes gender variants
RU,обобщать,Изъявительное наклонение,Будущее время,мы,будем обобщать,16,reviewed,hand-curated Russian batch 16; no conjugation library; imperfective base; singular past includes gender variants
RU,обобщать,Изъявительное наклонение,Будущее время,вы,будете обобщать,16,reviewed,hand-curated Russian batch 16; no conjugation library; imperfective base; singular past includes gender variants
RU,обобщать,Изъявительное наклонение,Будущее время,они,будут обобщать,16,reviewed,hand-curated Russian batch 16; no conjugation library; imperfective base; singular past includes gender variants
RU,начинать,Изъявительное наклонение,Настоящее время,я,начинаю,16,reviewed,hand-curated Russian batch 16; no conjugation library; imperfective base; singular past includes gender variants
RU,начинать,Изъявительное наклонение,Настоящее время,ты,начинаешь,16,reviewed,hand-curated Russian batch 16; no conjugation library; imperfective base; singular past includes gender variants
RU,начинать,Изъявительное наклонение,Настоящее время,"он (она, оно)",начинает,16,reviewed,hand-curated Russian batch 16; no conjugation library; imperfective base; singular past includes gender variants
RU,начинать,Изъявительное наклонение,Настоящее время,мы,начинаем,16,reviewed,hand-curated Russian batch 16; no conjugation library; imperfective base; singular past includes gender variants
RU,начинать,Изъявительное наклонение,Настоящее время,вы,начинаете,16,reviewed,hand-curated Russian batch 16; no conjugation library; imperfective base; singular past includes gender variants
RU,начинать,Изъявительное наклонение,Настоящее время,они,начинают,16,reviewed,hand-curated Russian batch 16; no conjugation library; imperfective base; singular past includes gender variants
RU,начинать,Изъявительное наклонение,Прошедшее время,я,начинал (начинала),16,reviewed,hand-curated Russian batch 16; no conjugation library; imperfective base; singular past includes gender variants
RU,начинать,Изъявительное наклонение,Прошедшее время,ты,начинал (начинала),16,reviewed,hand-curated Russian batch 16; no conjugation library; imperfective base; singular past includes gender variants
RU,начинать,Изъявительное наклонение,Прошедшее время,"он (она, оно)","начинал (начинала, начинало)",16,reviewed,hand-curated Russian batch 16; no conjugation library; imperfective base; singular past includes gender variants
RU,начинать,Изъявительное наклонение,Прошедшее время,мы,начинали,16,reviewed,hand-curated Russian batch 16; no conjugation library; imperfective base; singular past includes gender variants
RU,начинать,Изъявительное наклонение,Прошедшее время,вы,начинали,16,reviewed,hand-curated Russian batch 16; no conjugation library; imperfective base; singular past includes gender variants
RU,начинать,Изъявительное наклонение,Прошедшее время,они,начинали,16,reviewed,hand-curated Russian batch 16; no conjugation library; imperfective base; singular past includes gender variants
RU,начинать,Изъявительное наклонение,Будущее время,я,буду начинать,16,reviewed,hand-curated Russian batch 16; no conjugation library; imperfective base; singular past includes gender variants
RU,начинать,Изъявительное наклонение,Будущее время,ты,будешь начинать,16,reviewed,hand-curated Russian batch 16; no conjugation library; imperfective base; singular past includes gender variants
RU,начинать,Изъявительное наклонение,Будущее время,"он (она, оно)",будет начинать,16,reviewed,hand-curated Russian batch 16; no conjugation library; imperfective base; singular past includes gender variants
RU,начинать,Изъявительное наклонение,Будущее время,мы,будем начинать,16,reviewed,hand-curated Russian batch 16; no conjugation library; imperfective base; singular past includes gender variants
RU,начинать,Изъявительное наклонение,Будущее время,вы,будете начинать,16,reviewed,hand-curated Russian batch 16; no conjugation library; imperfective base; singular past includes gender variants
RU,начинать,Изъявительное наклонение,Будущее время,они,будут начинать,16,reviewed,hand-curated Russian batch 16; no conjugation library; imperfective base; singular past includes gender variants
RU,подметать,Изъявительное наклонение,Настоящее время,я,подметаю,16,reviewed,hand-curated Russian batch 16; no conjugation library; imperfective base; singular past includes gender variants
RU,подметать,Изъявительное наклонение,Настоящее время,ты,подметаешь,16,reviewed,hand-curated Russian batch 16; no conjugation library; imperfective base; singular past includes gender variants
RU,подметать,Изъявительное наклонение,Настоящее время,"он (она, оно)",подметает,16,reviewed,hand-curated Russian batch 16; no conjugation library; imperfective base; singular past includes gender variants
RU,подметать,Изъявительное наклонение,Настоящее время,мы,подметаем,16,reviewed,hand-curated Russian batch 16; no conjugation library; imperfective base; singular past includes gender variants
RU,подметать,Изъявительное наклонение,Настоящее время,вы,подметаете,16,reviewed,hand-curated Russian batch 16; no conjugation library; imperfective base; singular past includes gender variants
RU,подметать,Изъявительное наклонение,Настоящее время,они,подметают,16,reviewed,hand-curated Russian batch 16; no conjugation library; imperfective base; singular past includes gender variants
RU,подметать,Изъявительное наклонение,Прошедшее время,я,подметал (подметала),16,reviewed,hand-curated Russian batch 16; no conjugation library; imperfective base; singular past includes gender variants
RU,подметать,Изъявительное наклонение,Прошедшее время,ты,подметал (подметала),16,reviewed,hand-curated Russian batch 16; no conjugation library; imperfective base; singular past includes gender variants
RU,подметать,Изъявительное наклонение,Прошедшее время,"он (она, оно)","подметал (подметала, подметало)",16,reviewed,hand-curated Russian batch 16; no conjugation library; imperfective base; singular past includes gender variants
RU,подметать,Изъявительное наклонение,Прошедшее время,мы,подметали,16,reviewed,hand-curated Russian batch 16; no conjugation library; imperfective base; singular past includes gender variants
RU,подметать,Изъявительное наклонение,Прошедшее время,вы,подметали,16,reviewed,hand-curated Russian batch 16; no conjugation library; imperfective base; singular past includes gender variants
RU,подметать,Изъявительное наклонение,Прошедшее время,они,подметали,16,reviewed,hand-curated Russian batch 16; no conjugation library; imperfective base; singular past includes gender variants
RU,подметать,Изъявительное наклонение,Будущее время,я,буду подметать,16,reviewed,hand-curated Russian batch 16; no conjugation library; imperfective base; singular past includes gender variants
RU,подметать,Изъявительное наклонение,Будущее время,ты,будешь подметать,16,reviewed,hand-curated Russian batch 16; no conjugation library; imperfective base; singular past includes gender variants
RU,подметать,Изъявительное наклонение,Будущее время,"он (она, оно)",будет подметать,16,reviewed,hand-curated Russian batch 16; no conjugation library; imperfective base; singular past includes gender variants
RU,подметать,Изъявительное наклонение,Будущее время,мы,будем подметать,16,reviewed,hand-curated Russian batch 16; no conjugation library; imperfective base; singular past includes gender variants
RU,подметать,Изъявительное наклонение,Будущее время,вы,будете подметать,16,reviewed,hand-curated Russian batch 16; no conjugation library; imperfective base; singular past includes gender variants
RU,подметать,Изъявительное наклонение,Будущее время,они,будут подметать,16,reviewed,hand-curated Russian batch 16; no conjugation library; imperfective base; singular past includes gender variants
RU,упрощать,Изъявительное наклонение,Настоящее время,я,упрощаю,16,reviewed,hand-curated Russian batch 16; no conjugation library; imperfective base; singular past includes gender variants
RU,упрощать,Изъявительное наклонение,Настоящее время,ты,упрощаешь,16,reviewed,hand-curated Russian batch 16; no conjugation library; imperfective base; singular past includes gender variants
RU,упрощать,Изъявительное наклонение,Настоящее время,"он (она, оно)",упрощает,16,reviewed,hand-curated Russian batch 16; no conjugation library; imperfective base; singular past includes gender variants
RU,упрощать,Изъявительное наклонение,Настоящее время,мы,упрощаем,16,reviewed,hand-curated Russian batch 16; no conjugation library; imperfective base; singular past includes gender variants
RU,упрощать,Изъявительное наклонение,Настоящее время,вы,упрощаете,16,reviewed,hand-curated Russian batch 16; no conjugation library; imperfective base; singular past includes gender variants
RU,упрощать,Изъявительное наклонение,Настоящее время,они,упрощают,16,reviewed,hand-curated Russian batch 16; no conjugation library; imperfective base; singular past includes gender variants
RU,упрощать,Изъявительное наклонение,Прошедшее время,я,упрощал (упрощала),16,reviewed,hand-curated Russian batch 16; no conjugation library; imperfective base; singular past includes gender variants
RU,упрощать,Изъявительное наклонение,Прошедшее время,ты,упрощал (упрощала),16,reviewed,hand-curated Russian batch 16; no conjugation library; imperfective base; singular past includes gender variants
RU,упрощать,Изъявительное наклонение,Прошедшее время,"он (она, оно)","упрощал (упрощала, упрощало)",16,reviewed,hand-curated Russian batch 16; no conjugation library; imperfective base; singular past includes gender variants
RU,упрощать,Изъявительное наклонение,Прошедшее время,мы,упрощали,16,reviewed,hand-curated Russian batch 16; no conjugation library; imperfective base; singular past includes gender variants
RU,упрощать,Изъявительное наклонение,Прошедшее время,вы,упрощали,16,reviewed,hand-curated Russian batch 16; no conjugation library; imperfective base; singular past includes gender variants
RU,упрощать,Изъявительное наклонение,Прошедшее время,они,упрощали,16,reviewed,hand-curated Russian batch 16; no conjugation library; imperfective base; singular past includes gender variants
RU,упрощать,Изъявительное наклонение,Будущее время,я,буду упрощать,16,reviewed,hand-curated Russian batch 16; no conjugation library; imperfective base; singular past includes gender variants
RU,упрощать,Изъявительное наклонение,Будущее время,ты,будешь упрощать,16,reviewed,hand-curated Russian batch 16; no conjugation library; imperfective base; singular past includes gender variants
RU,упрощать,Изъявительное наклонение,Будущее время,"он (она, оно)",будет упрощать,16,reviewed,hand-curated Russian batch 16; no conjugation library; imperfective base; singular past includes gender variants
RU,упрощать,Изъявительное наклонение,Будущее время,мы,будем упрощать,16,reviewed,hand-curated Russian batch 16; no conjugation library; imperfective base; singular past includes gender variants
RU,упрощать,Изъявительное наклонение,Будущее время,вы,будете упрощать,16,reviewed,hand-curated Russian batch 16; no conjugation library; imperfective base; singular past includes gender variants
RU,упрощать,Изъявительное наклонение,Будущее время,они,будут упрощать,16,reviewed,hand-curated Russian batch 16; no conjugation library; imperfective base; singular past includes gender variants
RU,совершенствовать,Изъявительное наклонение,Настоящее время,я,совершенствую,16,reviewed,hand-curated Russian batch 16; no conjugation library; imperfective base; singular past includes gender variants
RU,совершенствовать,Изъявительное наклонение,Настоящее время,ты,совершенствуешь,16,reviewed,hand-curated Russian batch 16; no conjugation library; imperfective base; singular past includes gender variants
RU,совершенствовать,Изъявительное наклонение,Настоящее время,"он (она, оно)",совершенствует,16,reviewed,hand-curated Russian batch 16; no conjugation library; imperfective base; singular past includes gender variants
RU,совершенствовать,Изъявительное наклонение,Настоящее время,мы,совершенствуем,16,reviewed,hand-curated Russian batch 16; no conjugation library; imperfective base; singular past includes gender variants
RU,совершенствовать,Изъявительное наклонение,Настоящее время,вы,совершенствуете,16,reviewed,hand-curated Russian batch 16; no conjugation library; imperfective base; singular past includes gender variants
RU,совершенствовать,Изъявительное наклонение,Настоящее время,они,совершенствуют,16,reviewed,hand-curated Russian batch 16; no conjugation library; imperfective base; singular past includes gender variants
RU,совершенствовать,Изъявительное наклонение,Прошедшее время,я,совершенствовал (совершенствовала),16,reviewed,hand-curated Russian batch 16; no conjugation library; imperfective base; singular past includes gender variants
RU,совершенствовать,Изъявительное наклонение,Прошедшее время,ты,совершенствовал (совершенствовала),16,reviewed,hand-curated Russian batch 16; no conjugation library; imperfective base; singular past includes gender variants
RU,совершенствовать,Изъявительное наклонение,Прошедшее время,"он (она, оно)","совершенствовал (совершенствовала, совершенствовало)",16,reviewed,hand-curated Russian batch 16; no conjugation library; imperfective base; singular past includes gender variants
RU,совершенствовать,Изъявительное наклонение,Прошедшее время,мы,совершенствовали,16,reviewed,hand-curated Russian batch 16; no conjugation library; imperfective base; singular past includes gender variants
RU,совершенствовать,Изъявительное наклонение,Прошедшее время,вы,совершенствовали,16,reviewed,hand-curated Russian batch 16; no conjugation library; imperfective base; singular past includes gender variants
RU,совершенствовать,Изъявительное наклонение,Прошедшее время,они,совершенствовали,16,reviewed,hand-curated Russian batch 16; no conjugation library; imperfective base; singular past includes gender variants
RU,совершенствовать,Изъявительное наклонение,Будущее время,я,буду совершенствовать,16,reviewed,hand-curated Russian batch 16; no conjugation library; imperfective base; singular past includes gender variants
RU,совершенствовать,Изъявительное наклонение,Будущее время,ты,будешь совершенствовать,16,reviewed,hand-curated Russian batch 16; no conjugation library; imperfective base; singular past includes gender variants
RU,совершенствовать,Изъявительное наклонение,Будущее время,"он (она, оно)",будет совершенствовать,16,reviewed,hand-curated Russian batch 16; no conjugation library; imperfective base; singular past includes gender variants
RU,совершенствовать,Изъявительное наклонение,Будущее время,мы,будем совершенствовать,16,reviewed,hand-curated Russian batch 16; no conjugation library; imperfective base; singular past includes gender variants
RU,совершенствовать,Изъявительное наклонение,Будущее время,вы,будете совершенствовать,16,reviewed,hand-curated Russian batch 16; no conjugation library; imperfective base; singular past includes gender variants
RU,совершенствовать,Изъявительное наклонение,Будущее время,они,будут совершенствовать,16,reviewed,hand-curated Russian batch 16; no conjugation library; imperfective base; singular past includes gender variants
RU,истощать,Изъявительное наклонение,Настоящее время,я,истощаю,16,reviewed,hand-curated Russian batch 16; no conjugation library; imperfective base; singular past includes gender variants
RU,истощать,Изъявительное наклонение,Настоящее время,ты,истощаешь,16,reviewed,hand-curated Russian batch 16; no conjugation library; imperfective base; singular past includes gender variants
RU,истощать,Изъявительное наклонение,Настоящее время,"он (она, оно)",истощает,16,reviewed,hand-curated Russian batch 16; no conjugation library; imperfective base; singular past includes gender variants
RU,истощать,Изъявительное наклонение,Настоящее время,мы,истощаем,16,reviewed,hand-curated Russian batch 16; no conjugation library; imperfective base; singular past includes gender variants
RU,истощать,Изъявительное наклонение,Настоящее время,вы,истощаете,16,reviewed,hand-curated Russian batch 16; no conjugation library; imperfective base; singular past includes gender variants
RU,истощать,Изъявительное наклонение,Настоящее время,они,истощают,16,reviewed,hand-curated Russian batch 16; no conjugation library; imperfective base; singular past includes gender variants
RU,истощать,Изъявительное наклонение,Прошедшее время,я,истощал (истощала),16,reviewed,hand-curated Russian batch 16; no conjugation library; imperfective base; singular past includes gender variants
RU,истощать,Изъявительное наклонение,Прошедшее время,ты,истощал (истощала),16,reviewed,hand-curated Russian batch 16; no conjugation library; imperfective base; singular past includes gender variants
RU,истощать,Изъявительное наклонение,Прошедшее время,"он (она, оно)","истощал (истощала, истощало)",16,reviewed,hand-curated Russian batch 16; no conjugation library; imperfective base; singular past includes gender variants
RU,истощать,Изъявительное наклонение,Прошедшее время,мы,истощали,16,reviewed,hand-curated Russian batch 16; no conjugation library; imperfective base; singular past includes gender variants
RU,истощать,Изъявительное наклонение,Прошедшее время,вы,истощали,16,reviewed,hand-curated Russian batch 16; no conjugation library; imperfective base; singular past includes gender variants
RU,истощать,Изъявительное наклонение,Прошедшее время,они,истощали,16,reviewed,hand-curated Russian batch 16; no conjugation library; imperfective base; singular past includes gender variants
RU,истощать,Изъявительное наклонение,Будущее время,я,буду истощать,16,reviewed,hand-curated Russian batch 16; no conjugation library; imperfective base; singular past includes gender variants
RU,истощать,Изъявительное наклонение,Будущее время,ты,будешь истощать,16,reviewed,hand-curated Russian batch 16; no conjugation library; imperfective base; singular past includes gender variants
RU,истощать,Изъявительное наклонение,Будущее время,"он (она, оно)",будет истощать,16,reviewed,hand-curated Russian batch 16; no conjugation library; imperfective base; singular past includes gender variants
RU,истощать,Изъявительное наклонение,Будущее время,мы,будем истощать,16,reviewed,hand-curated Russian batch 16; no conjugation library; imperfective base; singular past includes gender variants
RU,истощать,Изъявительное наклонение,Будущее время,вы,будете истощать,16,reviewed,hand-curated Russian batch 16; no conjugation library; imperfective base; singular past includes gender variants
RU,истощать,Изъявительное наклонение,Будущее время,они,будут истощать,16,reviewed,hand-curated Russian batch 16; no conjugation library; imperfective base; singular past includes gender variants
RU,расцветать,Изъявительное наклонение,Настоящее время,я,расцветаю,16,reviewed,hand-curated Russian batch 16; no conjugation library; imperfective base; singular past includes gender variants
RU,расцветать,Изъявительное наклонение,Настоящее время,ты,расцветаешь,16,reviewed,hand-curated Russian batch 16; no conjugation library; imperfective base; singular past includes gender variants
RU,расцветать,Изъявительное наклонение,Настоящее время,"он (она, оно)",расцветает,16,reviewed,hand-curated Russian batch 16; no conjugation library; imperfective base; singular past includes gender variants
RU,расцветать,Изъявительное наклонение,Настоящее время,мы,расцветаем,16,reviewed,hand-curated Russian batch 16; no conjugation library; imperfective base; singular past includes gender variants
RU,расцветать,Изъявительное наклонение,Настоящее время,вы,расцветаете,16,reviewed,hand-curated Russian batch 16; no conjugation library; imperfective base; singular past includes gender variants
RU,расцветать,Изъявительное наклонение,Настоящее время,они,расцветают,16,reviewed,hand-curated Russian batch 16; no conjugation library; imperfective base; singular past includes gender variants
RU,расцветать,Изъявительное наклонение,Прошедшее время,я,расцветал (расцветала),16,reviewed,hand-curated Russian batch 16; no conjugation library; imperfective base; singular past includes gender variants
RU,расцветать,Изъявительное наклонение,Прошедшее время,ты,расцветал (расцветала),16,reviewed,hand-curated Russian batch 16; no conjugation library; imperfective base; singular past includes gender variants
RU,расцветать,Изъявительное наклонение,Прошедшее время,"он (она, оно)","расцветал (расцветала, расцветало)",16,reviewed,hand-curated Russian batch 16; no conjugation library; imperfective base; singular past includes gender variants
RU,расцветать,Изъявительное наклонение,Прошедшее время,мы,расцветали,16,reviewed,hand-curated Russian batch 16; no conjugation library; imperfective base; singular past includes gender variants
RU,расцветать,Изъявительное наклонение,Прошедшее время,вы,расцветали,16,reviewed,hand-curated Russian batch 16; no conjugation library; imperfective base; singular past includes gender variants
RU,расцветать,Изъявительное наклонение,Прошедшее время,они,расцветали,16,reviewed,hand-curated Russian batch 16; no conjugation library; imperfective base; singular past includes gender variants
RU,расцветать,Изъявительное наклонение,Будущее время,я,буду расцветать,16,reviewed,hand-curated Russian batch 16; no conjugation library; imperfective base; singular past includes gender variants
RU,расцветать,Изъявительное наклонение,Будущее время,ты,будешь расцветать,16,reviewed,hand-curated Russian batch 16; no conjugation library; imperfective base; singular past includes gender variants
RU,расцветать,Изъявительное наклонение,Будущее время,"он (она, оно)",будет расцветать,16,reviewed,hand-curated Russian batch 16; no conjugation library; imperfective base; singular past includes gender variants
RU,расцветать,Изъявительное наклонение,Будущее время,мы,будем расцветать,16,reviewed,hand-curated Russian batch 16; no conjugation library; imperfective base; singular past includes gender variants
RU,расцветать,Изъявительное наклонение,Будущее время,вы,будете расцветать,16,reviewed,hand-curated Russian batch 16; no conjugation library; imperfective base; singular past includes gender variants
RU,расцветать,Изъявительное наклонение,Будущее время,они,будут расцветать,16,reviewed,hand-curated Russian batch 16; no conjugation library; imperfective base; singular past includes gender variants
EN,resign,Indicative,Past Participle,I,resigned,16,reviewed,hand-curated English batch 16 past participle; invariant across pronoun slots; no conjugation library
EN,resign,Indicative,Past Participle,you,resigned,16,reviewed,hand-curated English batch 16 past participle; invariant across pronoun slots; no conjugation library
EN,resign,Indicative,Past Participle,"he (she, it)",resigned,16,reviewed,hand-curated English batch 16 past participle; invariant across pronoun slots; no conjugation library
EN,resign,Indicative,Past Participle,we,resigned,16,reviewed,hand-curated English batch 16 past participle; invariant across pronoun slots; no conjugation library
EN,resign,Indicative,Past Participle,you (pl.),resigned,16,reviewed,hand-curated English batch 16 past participle; invariant across pronoun slots; no conjugation library
EN,resign,Indicative,Past Participle,they,resigned,16,reviewed,hand-curated English batch 16 past participle; invariant across pronoun slots; no conjugation library
EN,hasten,Indicative,Past Participle,I,hastened,16,reviewed,hand-curated English batch 16 past participle; invariant across pronoun slots; no conjugation library
EN,hasten,Indicative,Past Participle,you,hastened,16,reviewed,hand-curated English batch 16 past participle; invariant across pronoun slots; no conjugation library
EN,hasten,Indicative,Past Participle,"he (she, it)",hastened,16,reviewed,hand-curated English batch 16 past participle; invariant across pronoun slots; no conjugation library
EN,hasten,Indicative,Past Participle,we,hastened,16,reviewed,hand-curated English batch 16 past participle; invariant across pronoun slots; no conjugation library
EN,hasten,Indicative,Past Participle,you (pl.),hastened,16,reviewed,hand-curated English batch 16 past participle; invariant across pronoun slots; no conjugation library
EN,hasten,Indicative,Past Participle,they,hastened,16,reviewed,hand-curated English batch 16 past participle; invariant across pronoun slots; no conjugation library
EN,challenge,Indicative,Past Participle,I,challenged,16,reviewed,hand-curated English batch 16 past participle; invariant across pronoun slots; no conjugation library
EN,challenge,Indicative,Past Participle,you,challenged,16,reviewed,hand-curated English batch 16 past participle; invariant across pronoun slots; no conjugation library
EN,challenge,Indicative,Past Participle,"he (she, it)",challenged,16,reviewed,hand-curated English batch 16 past participle; invariant across pronoun slots; no conjugation library
EN,challenge,Indicative,Past Participle,we,challenged,16,reviewed,hand-curated English batch 16 past participle; invariant across pronoun slots; no conjugation library
EN,challenge,Indicative,Past Participle,you (pl.),challenged,16,reviewed,hand-curated English batch 16 past participle; invariant across pronoun slots; no conjugation library
EN,challenge,Indicative,Past Participle,they,challenged,16,reviewed,hand-curated English batch 16 past participle; invariant across pronoun slots; no conjugation library
EN,praise,Indicative,Past Participle,I,praised,16,reviewed,hand-curated English batch 16 past participle; invariant across pronoun slots; no conjugation library
EN,praise,Indicative,Past Participle,you,praised,16,reviewed,hand-curated English batch 16 past participle; invariant across pronoun slots; no conjugation library
EN,praise,Indicative,Past Participle,"he (she, it)",praised,16,reviewed,hand-curated English batch 16 past participle; invariant across pronoun slots; no conjugation library
EN,praise,Indicative,Past Participle,we,praised,16,reviewed,hand-curated English batch 16 past participle; invariant across pronoun slots; no conjugation library
EN,praise,Indicative,Past Participle,you (pl.),praised,16,reviewed,hand-curated English batch 16 past participle; invariant across pronoun slots; no conjugation library
EN,praise,Indicative,Past Participle,they,praised,16,reviewed,hand-curated English batch 16 past participle; invariant across pronoun slots; no conjugation library
EN,cover again,Indicative,Past Participle,I,covered again,16,reviewed,hand-curated English batch 16 past participle; invariant across pronoun slots; no conjugation library
EN,cover again,Indicative,Past Participle,you,covered again,16,reviewed,hand-curated English batch 16 past participle; invariant across pronoun slots; no conjugation library
EN,cover again,Indicative,Past Participle,"he (she, it)",covered again,16,reviewed,hand-curated English batch 16 past participle; invariant across pronoun slots; no conjugation library
EN,cover again,Indicative,Past Participle,we,covered again,16,reviewed,hand-curated English batch 16 past participle; invariant across pronoun slots; no conjugation library
EN,cover again,Indicative,Past Participle,you (pl.),covered again,16,reviewed,hand-curated English batch 16 past participle; invariant across pronoun slots; no conjugation library
EN,cover again,Indicative,Past Participle,they,covered again,16,reviewed,hand-curated English batch 16 past participle; invariant across pronoun slots; no conjugation library
EN,criticize,Indicative,Past Participle,I,criticized,16,reviewed,hand-curated English batch 16 past participle; invariant across pronoun slots; no conjugation library
EN,criticize,Indicative,Past Participle,you,criticized,16,reviewed,hand-curated English batch 16 past participle; invariant across pronoun slots; no conjugation library
EN,criticize,Indicative,Past Participle,"he (she, it)",criticized,16,reviewed,hand-curated English batch 16 past participle; invariant across pronoun slots; no conjugation library
EN,criticize,Indicative,Past Participle,we,criticized,16,reviewed,hand-curated English batch 16 past participle; invariant across pronoun slots; no conjugation library
EN,criticize,Indicative,Past Participle,you (pl.),criticized,16,reviewed,hand-curated English batch 16 past participle; invariant across pronoun slots; no conjugation library
EN,criticize,Indicative,Past Participle,they,criticized,16,reviewed,hand-curated English batch 16 past participle; invariant across pronoun slots; no conjugation library
EN,cross,Indicative,Past Participle,I,crossed,16,reviewed,hand-curated English batch 16 past participle; invariant across pronoun slots; no conjugation library
EN,cross,Indicative,Past Participle,you,crossed,16,reviewed,hand-curated English batch 16 past participle; invariant across pronoun slots; no conjugation library
EN,cross,Indicative,Past Participle,"he (she, it)",crossed,16,reviewed,hand-curated English batch 16 past participle; invariant across pronoun slots; no conjugation library
EN,cross,Indicative,Past Participle,we,crossed,16,reviewed,hand-curated English batch 16 past participle; invariant across pronoun slots; no conjugation library
EN,cross,Indicative,Past Participle,you (pl.),crossed,16,reviewed,hand-curated English batch 16 past participle; invariant across pronoun slots; no conjugation library
EN,cross,Indicative,Past Participle,they,crossed,16,reviewed,hand-curated English batch 16 past participle; invariant across pronoun slots; no conjugation library
EN,double,Indicative,Past Participle,I,doubled,16,reviewed,hand-curated English batch 16 past participle; invariant across pronoun slots; no conjugation library
EN,double,Indicative,Past Participle,you,doubled,16,reviewed,hand-curated English batch 16 past participle; invariant across pronoun slots; no conjugation library
EN,double,Indicative,Past Participle,"he (she, it)",doubled,16,reviewed,hand-curated English batch 16 past participle; invariant across pronoun slots; no conjugation library
EN,double,Indicative,Past Participle,we,doubled,16,reviewed,hand-curated English batch 16 past participle; invariant across pronoun slots; no conjugation library
EN,double,Indicative,Past Participle,you (pl.),doubled,16,reviewed,hand-curated English batch 16 past participle; invariant across pronoun slots; no conjugation library
EN,double,Indicative,Past Participle,they,doubled,16,reviewed,hand-curated English batch 16 past participle; invariant across pronoun slots; no conjugation library
EN,confer,Indicative,Past Participle,I,conferred,16,reviewed,hand-curated English batch 16 past participle; invariant across pronoun slots; no conjugation library
EN,confer,Indicative,Past Participle,you,conferred,16,reviewed,hand-curated English batch 16 past participle; invariant across pronoun slots; no conjugation library
EN,confer,Indicative,Past Participle,"he (she, it)",conferred,16,reviewed,hand-curated English batch 16 past participle; invariant across pronoun slots; no conjugation library
EN,confer,Indicative,Past Participle,we,conferred,16,reviewed,hand-curated English batch 16 past participle; invariant across pronoun slots; no conjugation library
EN,confer,Indicative,Past Participle,you (pl.),conferred,16,reviewed,hand-curated English batch 16 past participle; invariant across pronoun slots; no conjugation library
EN,confer,Indicative,Past Participle,they,conferred,16,reviewed,hand-curated English batch 16 past participle; invariant across pronoun slots; no conjugation library
EN,recite,Indicative,Past Participle,I,recited,16,reviewed,hand-curated English batch 16 past participle; invariant across pronoun slots; no conjugation library
EN,recite,Indicative,Past Participle,you,recited,16,reviewed,hand-curated English batch 16 past participle; invariant across pronoun slots; no conjugation library
EN,recite,Indicative,Past Participle,"he (she, it)",recited,16,reviewed,hand-curated English batch 16 past participle; invariant across pronoun slots; no conjugation library
EN,recite,Indicative,Past Participle,we,recited,16,reviewed,hand-curated English batch 16 past participle; invariant across pronoun slots; no conjugation library
EN,recite,Indicative,Past Participle,you (pl.),recited,16,reviewed,hand-curated English batch 16 past participle; invariant across pronoun slots; no conjugation library
EN,recite,Indicative,Past Participle,they,recited,16,reviewed,hand-curated English batch 16 past participle; invariant across pronoun slots; no conjugation library
EN,restore,Indicative,Past Participle,I,restored,16,reviewed,hand-curated English batch 16 past participle; invariant across pronoun slots; no conjugation library
EN,restore,Indicative,Past Participle,you,restored,16,reviewed,hand-curated English batch 16 past participle; invariant across pronoun slots; no conjugation library
EN,restore,Indicative,Past Participle,"he (she, it)",restored,16,reviewed,hand-curated English batch 16 past participle; invariant across pronoun slots; no conjugation library
EN,restore,Indicative,Past Participle,we,restored,16,reviewed,hand-curated English batch 16 past participle; invariant across pronoun slots; no conjugation library
EN,restore,Indicative,Past Participle,you (pl.),restored,16,reviewed,hand-curated English batch 16 past participle; invariant across pronoun slots; no conjugation library
EN,restore,Indicative,Past Participle,they,restored,16,reviewed,hand-curated English batch 16 past participle; invariant across pronoun slots; no conjugation library
EN,result,Indicative,Past Participle,I,resulted,16,reviewed,hand-curated English batch 16 past participle; invariant across pronoun slots; no conjugation library
EN,result,Indicative,Past Participle,you,resulted,16,reviewed,hand-curated English batch 16 past participle; invariant across pronoun slots; no conjugation library
EN,result,Indicative,Past Participle,"he (she, it)",resulted,16,reviewed,hand-curated English batch 16 past participle; invariant across pronoun slots; no conjugation library
EN,result,Indicative,Past Participle,we,resulted,16,reviewed,hand-curated English batch 16 past participle; invariant across pronoun slots; no conjugation library
EN,result,Indicative,Past Participle,you (pl.),resulted,16,reviewed,hand-curated English batch 16 past participle; invariant across pronoun slots; no conjugation library
EN,result,Indicative,Past Participle,they,resulted,16,reviewed,hand-curated English batch 16 past participle; invariant across pronoun slots; no conjugation library
EN,unfold,Indicative,Past Participle,I,unfolded,16,reviewed,hand-curated English batch 16 past participle; invariant across pronoun slots; no conjugation library
EN,unfold,Indicative,Past Participle,you,unfolded,16,reviewed,hand-curated English batch 16 past participle; invariant across pronoun slots; no conjugation library
EN,unfold,Indicative,Past Participle,"he (she, it)",unfolded,16,reviewed,hand-curated English batch 16 past participle; invariant across pronoun slots; no conjugation library
EN,unfold,Indicative,Past Participle,we,unfolded,16,reviewed,hand-curated English batch 16 past participle; invariant across pronoun slots; no conjugation library
EN,unfold,Indicative,Past Participle,you (pl.),unfolded,16,reviewed,hand-curated English batch 16 past participle; invariant across pronoun slots; no conjugation library
EN,unfold,Indicative,Past Participle,they,unfolded,16,reviewed,hand-curated English batch 16 past participle; invariant across pronoun slots; no conjugation library
EN,qualify,Indicative,Past Participle,I,qualified,16,reviewed,hand-curated English batch 16 past participle; invariant across pronoun slots; no conjugation library
EN,qualify,Indicative,Past Participle,you,qualified,16,reviewed,hand-curated English batch 16 past participle; invariant across pronoun slots; no conjugation library
EN,qualify,Indicative,Past Participle,"he (she, it)",qualified,16,reviewed,hand-curated English batch 16 past participle; invariant across pronoun slots; no conjugation library
EN,qualify,Indicative,Past Participle,we,qualified,16,reviewed,hand-curated English batch 16 past participle; invariant across pronoun slots; no conjugation library
EN,qualify,Indicative,Past Participle,you (pl.),qualified,16,reviewed,hand-curated English batch 16 past participle; invariant across pronoun slots; no conjugation library
EN,qualify,Indicative,Past Participle,they,qualified,16,reviewed,hand-curated English batch 16 past participle; invariant across pronoun slots; no conjugation library
EN,promote,Indicative,Past Participle,I,promoted,16,reviewed,hand-curated English batch 16 past participle; invariant across pronoun slots; no conjugation library
EN,promote,Indicative,Past Participle,you,promoted,16,reviewed,hand-curated English batch 16 past participle; invariant across pronoun slots; no conjugation library
EN,promote,Indicative,Past Participle,"he (she, it)",promoted,16,reviewed,hand-curated English batch 16 past participle; invariant across pronoun slots; no conjugation library
EN,promote,Indicative,Past Participle,we,promoted,16,reviewed,hand-curated English batch 16 past participle; invariant across pronoun slots; no conjugation library
EN,promote,Indicative,Past Participle,you (pl.),promoted,16,reviewed,hand-curated English batch 16 past participle; invariant across pronoun slots; no conjugation library
EN,promote,Indicative,Past Participle,they,promoted,16,reviewed,hand-curated English batch 16 past participle; invariant across pronoun slots; no conjugation library
EN,hold up,Indicative,Past Participle,I,held up,16,reviewed,hand-curated English batch 16 past participle; invariant across pronoun slots; no conjugation library
EN,hold up,Indicative,Past Participle,you,held up,16,reviewed,hand-curated English batch 16 past participle; invariant across pronoun slots; no conjugation library
EN,hold up,Indicative,Past Participle,"he (she, it)",held up,16,reviewed,hand-curated English batch 16 past participle; invariant across pronoun slots; no conjugation library
EN,hold up,Indicative,Past Participle,we,held up,16,reviewed,hand-curated English batch 16 past participle; invariant across pronoun slots; no conjugation library
EN,hold up,Indicative,Past Participle,you (pl.),held up,16,reviewed,hand-curated English batch 16 past participle; invariant across pronoun slots; no conjugation library
EN,hold up,Indicative,Past Participle,they,held up,16,reviewed,hand-curated English batch 16 past participle; invariant across pronoun slots; no conjugation library
EN,moan,Indicative,Past Participle,I,moaned,16,reviewed,hand-curated English batch 16 past participle; invariant across pronoun slots; no conjugation library
EN,moan,Indicative,Past Participle,you,moaned,16,reviewed,hand-curated English batch 16 past participle; invariant across pronoun slots; no conjugation library
EN,moan,Indicative,Past Participle,"he (she, it)",moaned,16,reviewed,hand-curated English batch 16 past participle; invariant across pronoun slots; no conjugation library
EN,moan,Indicative,Past Participle,we,moaned,16,reviewed,hand-curated English batch 16 past participle; invariant across pronoun slots; no conjugation library
EN,moan,Indicative,Past Participle,you (pl.),moaned,16,reviewed,hand-curated English batch 16 past participle; invariant across pronoun slots; no conjugation library
EN,moan,Indicative,Past Participle,they,moaned,16,reviewed,hand-curated English batch 16 past participle; invariant across pronoun slots; no conjugation library
EN,cram,Indicative,Past Participle,I,crammed,16,reviewed,hand-curated English batch 16 past participle; invariant across pronoun slots; no conjugation library
EN,cram,Indicative,Past Participle,you,crammed,16,reviewed,hand-curated English batch 16 past participle; invariant across pronoun slots; no conjugation library
EN,cram,Indicative,Past Participle,"he (she, it)",crammed,16,reviewed,hand-curated English batch 16 past participle; invariant across pronoun slots; no conjugation library
EN,cram,Indicative,Past Participle,we,crammed,16,reviewed,hand-curated English batch 16 past participle; invariant across pronoun slots; no conjugation library
EN,cram,Indicative,Past Participle,you (pl.),crammed,16,reviewed,hand-curated English batch 16 past participle; invariant across pronoun slots; no conjugation library
EN,cram,Indicative,Past Participle,they,crammed,16,reviewed,hand-curated English batch 16 past participle; invariant across pronoun slots; no conjugation library
EN,combine,Indicative,Past Participle,I,combined,16,reviewed,hand-curated English batch 16 past participle; invariant across pronoun slots; no conjugation library
EN,combine,Indicative,Past Participle,you,combined,16,reviewed,hand-curated English batch 16 past participle; invariant across pronoun slots; no conjugation library
EN,combine,Indicative,Past Participle,"he (she, it)",combined,16,reviewed,hand-curated English batch 16 past participle; invariant across pronoun slots; no conjugation library
EN,combine,Indicative,Past Participle,we,combined,16,reviewed,hand-curated English batch 16 past participle; invariant across pronoun slots; no conjugation library
EN,combine,Indicative,Past Participle,you (pl.),combined,16,reviewed,hand-curated English batch 16 past participle; invariant across pronoun slots; no conjugation library
EN,combine,Indicative,Past Participle,they,combined,16,reviewed,hand-curated English batch 16 past participle; invariant across pronoun slots; no conjugation library
EN,deepen,Indicative,Past Participle,I,deepened,16,reviewed,hand-curated English batch 16 past participle; invariant across pronoun slots; no conjugation library
EN,deepen,Indicative,Past Participle,you,deepened,16,reviewed,hand-curated English batch 16 past participle; invariant across pronoun slots; no conjugation library
EN,deepen,Indicative,Past Participle,"he (she, it)",deepened,16,reviewed,hand-curated English batch 16 past participle; invariant across pronoun slots; no conjugation library
EN,deepen,Indicative,Past Participle,we,deepened,16,reviewed,hand-curated English batch 16 past participle; invariant across pronoun slots; no conjugation library
EN,deepen,Indicative,Past Participle,you (pl.),deepened,16,reviewed,hand-curated English batch 16 past participle; invariant across pronoun slots; no conjugation library
EN,deepen,Indicative,Past Participle,they,deepened,16,reviewed,hand-curated English batch 16 past participle; invariant across pronoun slots; no conjugation library
EN,follow,Indicative,Past Participle,I,followed,16,reviewed,hand-curated English batch 16 past participle; invariant across pronoun slots; no conjugation library
EN,follow,Indicative,Past Participle,you,followed,16,reviewed,hand-curated English batch 16 past participle; invariant across pronoun slots; no conjugation library
EN,follow,Indicative,Past Participle,"he (she, it)",followed,16,reviewed,hand-curated English batch 16 past participle; invariant across pronoun slots; no conjugation library
EN,follow,Indicative,Past Participle,we,followed,16,reviewed,hand-curated English batch 16 past participle; invariant across pronoun slots; no conjugation library
EN,follow,Indicative,Past Participle,you (pl.),followed,16,reviewed,hand-curated English batch 16 past participle; invariant across pronoun slots; no conjugation library
EN,follow,Indicative,Past Participle,they,followed,16,reviewed,hand-curated English batch 16 past participle; invariant across pronoun slots; no conjugation library
EN,coordinate,Indicative,Past Participle,I,coordinated,16,reviewed,hand-curated English batch 16 past participle; invariant across pronoun slots; no conjugation library
EN,coordinate,Indicative,Past Participle,you,coordinated,16,reviewed,hand-curated English batch 16 past participle; invariant across pronoun slots; no conjugation library
EN,coordinate,Indicative,Past Participle,"he (she, it)",coordinated,16,reviewed,hand-curated English batch 16 past participle; invariant across pronoun slots; no conjugation library
EN,coordinate,Indicative,Past Participle,we,coordinated,16,reviewed,hand-curated English batch 16 past participle; invariant across pronoun slots; no conjugation library
EN,coordinate,Indicative,Past Participle,you (pl.),coordinated,16,reviewed,hand-curated English batch 16 past participle; invariant across pronoun slots; no conjugation library
EN,coordinate,Indicative,Past Participle,they,coordinated,16,reviewed,hand-curated English batch 16 past participle; invariant across pronoun slots; no conjugation library
EN,lower,Indicative,Past Participle,I,lowered,16,reviewed,hand-curated English batch 16 past participle; invariant across pronoun slots; no conjugation library
EN,lower,Indicative,Past Participle,you,lowered,16,reviewed,hand-curated English batch 16 past participle; invariant across pronoun slots; no conjugation library
EN,lower,Indicative,Past Participle,"he (she, it)",lowered,16,reviewed,hand-curated English batch 16 past participle; invariant across pronoun slots; no conjugation library
EN,lower,Indicative,Past Participle,we,lowered,16,reviewed,hand-curated English batch 16 past participle; invariant across pronoun slots; no conjugation library
EN,lower,Indicative,Past Participle,you (pl.),lowered,16,reviewed,hand-curated English batch 16 past participle; invariant across pronoun slots; no conjugation library
EN,lower,Indicative,Past Participle,they,lowered,16,reviewed,hand-curated English batch 16 past participle; invariant across pronoun slots; no conjugation library
EN,knock,Indicative,Past Participle,I,knocked,16,reviewed,hand-curated English batch 16 past participle; invariant across pronoun slots; no conjugation library
EN,knock,Indicative,Past Participle,you,knocked,16,reviewed,hand-curated English batch 16 past participle; invariant across pronoun slots; no conjugation library
EN,knock,Indicative,Past Participle,"he (she, it)",knocked,16,reviewed,hand-curated English batch 16 past participle; invariant across pronoun slots; no conjugation library
EN,knock,Indicative,Past Participle,we,knocked,16,reviewed,hand-curated English batch 16 past participle; invariant across pronoun slots; no conjugation library
EN,knock,Indicative,Past Participle,you (pl.),knocked,16,reviewed,hand-curated English batch 16 past participle; invariant across pronoun slots; no conjugation library
EN,knock,Indicative,Past Participle,they,knocked,16,reviewed,hand-curated English batch 16 past participle; invariant across pronoun slots; no conjugation library
EN,print,Indicative,Past Participle,I,printed,16,reviewed,hand-curated English batch 16 past participle; invariant across pronoun slots; no conjugation library
EN,print,Indicative,Past Participle,you,printed,16,reviewed,hand-curated English batch 16 past participle; invariant across pronoun slots; no conjugation library
EN,print,Indicative,Past Participle,"he (she, it)",printed,16,reviewed,hand-curated English batch 16 past participle; invariant across pronoun slots; no conjugation library
EN,print,Indicative,Past Participle,we,printed,16,reviewed,hand-curated English batch 16 past participle; invariant across pronoun slots; no conjugation library
EN,print,Indicative,Past Participle,you (pl.),printed,16,reviewed,hand-curated English batch 16 past participle; invariant across pronoun slots; no conjugation library
EN,print,Indicative,Past Participle,they,printed,16,reviewed,hand-curated English batch 16 past participle; invariant across pronoun slots; no conjugation library
EN,accelerate,Indicative,Past Participle,I,accelerated,16,reviewed,hand-curated English batch 16 past participle; invariant across pronoun slots; no conjugation library
EN,accelerate,Indicative,Past Participle,you,accelerated,16,reviewed,hand-curated English batch 16 past participle; invariant across pronoun slots; no conjugation library
EN,accelerate,Indicative,Past Participle,"he (she, it)",accelerated,16,reviewed,hand-curated English batch 16 past participle; invariant across pronoun slots; no conjugation library
EN,accelerate,Indicative,Past Participle,we,accelerated,16,reviewed,hand-curated English batch 16 past participle; invariant across pronoun slots; no conjugation library
EN,accelerate,Indicative,Past Participle,you (pl.),accelerated,16,reviewed,hand-curated English batch 16 past participle; invariant across pronoun slots; no conjugation library
EN,accelerate,Indicative,Past Participle,they,accelerated,16,reviewed,hand-curated English batch 16 past participle; invariant across pronoun slots; no conjugation library
EN,swear,Indicative,Past Participle,I,sworn,16,reviewed,sworn is the standard participle; swore is the past form
EN,swear,Indicative,Past Participle,you,sworn,16,reviewed,sworn is the standard participle; swore is the past form
EN,swear,Indicative,Past Participle,"he (she, it)",sworn,16,reviewed,sworn is the standard participle; swore is the past form
EN,swear,Indicative,Past Participle,we,sworn,16,reviewed,sworn is the standard participle; swore is the past form
EN,swear,Indicative,Past Participle,you (pl.),sworn,16,reviewed,sworn is the standard participle; swore is the past form
EN,swear,Indicative,Past Participle,they,sworn,16,reviewed,sworn is the standard participle; swore is the past form
EN,constrain,Indicative,Past Participle,I,constrained,16,reviewed,hand-curated English batch 16 past participle; invariant across pronoun slots; no conjugation library
EN,constrain,Indicative,Past Participle,you,constrained,16,reviewed,hand-curated English batch 16 past participle; invariant across pronoun slots; no conjugation library
EN,constrain,Indicative,Past Participle,"he (she, it)",constrained,16,reviewed,hand-curated English batch 16 past participle; invariant across pronoun slots; no conjugation library
EN,constrain,Indicative,Past Participle,we,constrained,16,reviewed,hand-curated English batch 16 past participle; invariant across pronoun slots; no conjugation library
EN,constrain,Indicative,Past Participle,you (pl.),constrained,16,reviewed,hand-curated English batch 16 past participle; invariant across pronoun slots; no conjugation library
EN,constrain,Indicative,Past Participle,they,constrained,16,reviewed,hand-curated English batch 16 past participle; invariant across pronoun slots; no conjugation library
EN,wet,Indicative,Past Participle,I,wet,16,reviewed,variant wet/wetted; chosen wet
EN,wet,Indicative,Past Participle,you,wet,16,reviewed,variant wet/wetted; chosen wet
EN,wet,Indicative,Past Participle,"he (she, it)",wet,16,reviewed,variant wet/wetted; chosen wet
EN,wet,Indicative,Past Participle,we,wet,16,reviewed,variant wet/wetted; chosen wet
EN,wet,Indicative,Past Participle,you (pl.),wet,16,reviewed,variant wet/wetted; chosen wet
EN,wet,Indicative,Past Participle,they,wet,16,reviewed,variant wet/wetted; chosen wet
EN,undress,Indicative,Past Participle,I,undressed,16,reviewed,hand-curated English batch 16 past participle; invariant across pronoun slots; no conjugation library
EN,undress,Indicative,Past Participle,you,undressed,16,reviewed,hand-curated English batch 16 past participle; invariant across pronoun slots; no conjugation library
EN,undress,Indicative,Past Participle,"he (she, it)",undressed,16,reviewed,hand-curated English batch 16 past participle; invariant across pronoun slots; no conjugation library
EN,undress,Indicative,Past Participle,we,undressed,16,reviewed,hand-curated English batch 16 past participle; invariant across pronoun slots; no conjugation library
EN,undress,Indicative,Past Participle,you (pl.),undressed,16,reviewed,hand-curated English batch 16 past participle; invariant across pronoun slots; no conjugation library
EN,undress,Indicative,Past Participle,they,undressed,16,reviewed,hand-curated English batch 16 past participle; invariant across pronoun slots; no conjugation library
EN,invoke,Indicative,Past Participle,I,invoked,16,reviewed,hand-curated English batch 16 past participle; invariant across pronoun slots; no conjugation library
EN,invoke,Indicative,Past Participle,you,invoked,16,reviewed,hand-curated English batch 16 past participle; invariant across pronoun slots; no conjugation library
EN,invoke,Indicative,Past Participle,"he (she, it)",invoked,16,reviewed,hand-curated English batch 16 past participle; invariant across pronoun slots; no conjugation library
EN,invoke,Indicative,Past Participle,we,invoked,16,reviewed,hand-curated English batch 16 past participle; invariant across pronoun slots; no conjugation library
EN,invoke,Indicative,Past Participle,you (pl.),invoked,16,reviewed,hand-curated English batch 16 past participle; invariant across pronoun slots; no conjugation library
EN,invoke,Indicative,Past Participle,they,invoked,16,reviewed,hand-curated English batch 16 past participle; invariant across pronoun slots; no conjugation library
EN,slow down,Indicative,Past Participle,I,slowed down,16,reviewed,hand-curated English batch 16 past participle; invariant across pronoun slots; no conjugation library
EN,slow down,Indicative,Past Participle,you,slowed down,16,reviewed,hand-curated English batch 16 past participle; invariant across pronoun slots; no conjugation library
EN,slow down,Indicative,Past Participle,"he (she, it)",slowed down,16,reviewed,hand-curated English batch 16 past participle; invariant across pronoun slots; no conjugation library
EN,slow down,Indicative,Past Participle,we,slowed down,16,reviewed,hand-curated English batch 16 past participle; invariant across pronoun slots; no conjugation library
EN,slow down,Indicative,Past Participle,you (pl.),slowed down,16,reviewed,hand-curated English batch 16 past participle; invariant across pronoun slots; no conjugation library
EN,slow down,Indicative,Past Participle,they,slowed down,16,reviewed,hand-curated English batch 16 past participle; invariant across pronoun slots; no conjugation library
EN,preoccupy,Indicative,Past Participle,I,preoccupied,16,reviewed,hand-curated English batch 16 past participle; invariant across pronoun slots; no conjugation library
EN,preoccupy,Indicative,Past Participle,you,preoccupied,16,reviewed,hand-curated English batch 16 past participle; invariant across pronoun slots; no conjugation library
EN,preoccupy,Indicative,Past Participle,"he (she, it)",preoccupied,16,reviewed,hand-curated English batch 16 past participle; invariant across pronoun slots; no conjugation library
EN,preoccupy,Indicative,Past Participle,we,preoccupied,16,reviewed,hand-curated English batch 16 past participle; invariant across pronoun slots; no conjugation library
EN,preoccupy,Indicative,Past Participle,you (pl.),preoccupied,16,reviewed,hand-curated English batch 16 past participle; invariant across pronoun slots; no conjugation library
EN,preoccupy,Indicative,Past Participle,they,preoccupied,16,reviewed,hand-curated English batch 16 past participle; invariant across pronoun slots; no conjugation library
EN,spend,Indicative,Past Participle,I,spent,16,reviewed,hand-curated English batch 16 past participle; invariant across pronoun slots; no conjugation library
EN,spend,Indicative,Past Participle,you,spent,16,reviewed,hand-curated English batch 16 past participle; invariant across pronoun slots; no conjugation library
EN,spend,Indicative,Past Participle,"he (she, it)",spent,16,reviewed,hand-curated English batch 16 past participle; invariant across pronoun slots; no conjugation library
EN,spend,Indicative,Past Participle,we,spent,16,reviewed,hand-curated English batch 16 past participle; invariant across pronoun slots; no conjugation library
EN,spend,Indicative,Past Participle,you (pl.),spent,16,reviewed,hand-curated English batch 16 past participle; invariant across pronoun slots; no conjugation library
EN,spend,Indicative,Past Participle,they,spent,16,reviewed,hand-curated English batch 16 past participle; invariant across pronoun slots; no conjugation library
EN,unblock,Indicative,Past Participle,I,unblocked,16,reviewed,hand-curated English batch 16 past participle; invariant across pronoun slots; no conjugation library
EN,unblock,Indicative,Past Participle,you,unblocked,16,reviewed,hand-curated English batch 16 past participle; invariant across pronoun slots; no conjugation library
EN,unblock,Indicative,Past Participle,"he (she, it)",unblocked,16,reviewed,hand-curated English batch 16 past participle; invariant across pronoun slots; no conjugation library
EN,unblock,Indicative,Past Participle,we,unblocked,16,reviewed,hand-curated English batch 16 past participle; invariant across pronoun slots; no conjugation library
EN,unblock,Indicative,Past Participle,you (pl.),unblocked,16,reviewed,hand-curated English batch 16 past participle; invariant across pronoun slots; no conjugation library
EN,unblock,Indicative,Past Participle,they,unblocked,16,reviewed,hand-curated English batch 16 past participle; invariant across pronoun slots; no conjugation library
EN,whistle,Indicative,Past Participle,I,whistled,16,reviewed,hand-curated English batch 16 past participle; invariant across pronoun slots; no conjugation library
EN,whistle,Indicative,Past Participle,you,whistled,16,reviewed,hand-curated English batch 16 past participle; invariant across pronoun slots; no conjugation library
EN,whistle,Indicative,Past Participle,"he (she, it)",whistled,16,reviewed,hand-curated English batch 16 past participle; invariant across pronoun slots; no conjugation library
EN,whistle,Indicative,Past Participle,we,whistled,16,reviewed,hand-curated English batch 16 past participle; invariant across pronoun slots; no conjugation library
EN,whistle,Indicative,Past Participle,you (pl.),whistled,16,reviewed,hand-curated English batch 16 past participle; invariant across pronoun slots; no conjugation library
EN,whistle,Indicative,Past Participle,they,whistled,16,reviewed,hand-curated English batch 16 past participle; invariant across pronoun slots; no conjugation library
EN,accumulate,Indicative,Past Participle,I,accumulated,16,reviewed,hand-curated English batch 16 past participle; invariant across pronoun slots; no conjugation library
EN,accumulate,Indicative,Past Participle,you,accumulated,16,reviewed,hand-curated English batch 16 past participle; invariant across pronoun slots; no conjugation library
EN,accumulate,Indicative,Past Participle,"he (she, it)",accumulated,16,reviewed,hand-curated English batch 16 past participle; invariant across pronoun slots; no conjugation library
EN,accumulate,Indicative,Past Participle,we,accumulated,16,reviewed,hand-curated English batch 16 past participle; invariant across pronoun slots; no conjugation library
EN,accumulate,Indicative,Past Participle,you (pl.),accumulated,16,reviewed,hand-curated English batch 16 past participle; invariant across pronoun slots; no conjugation library
EN,accumulate,Indicative,Past Participle,they,accumulated,16,reviewed,hand-curated English batch 16 past participle; invariant across pronoun slots; no conjugation library
EN,return,Indicative,Past Participle,I,returned,16,reviewed,hand-curated English batch 16 past participle; invariant across pronoun slots; no conjugation library
EN,return,Indicative,Past Participle,you,returned,16,reviewed,hand-curated English batch 16 past participle; invariant across pronoun slots; no conjugation library
EN,return,Indicative,Past Participle,"he (she, it)",returned,16,reviewed,hand-curated English batch 16 past participle; invariant across pronoun slots; no conjugation library
EN,return,Indicative,Past Participle,we,returned,16,reviewed,hand-curated English batch 16 past participle; invariant across pronoun slots; no conjugation library
EN,return,Indicative,Past Participle,you (pl.),returned,16,reviewed,hand-curated English batch 16 past participle; invariant across pronoun slots; no conjugation library
EN,return,Indicative,Past Participle,they,returned,16,reviewed,hand-curated English batch 16 past participle; invariant across pronoun slots; no conjugation library
EN,delay,Indicative,Past Participle,I,delayed,16,reviewed,hand-curated English batch 16 past participle; invariant across pronoun slots; no conjugation library
EN,delay,Indicative,Past Participle,you,delayed,16,reviewed,hand-curated English batch 16 past participle; invariant across pronoun slots; no conjugation library
EN,delay,Indicative,Past Participle,"he (she, it)",delayed,16,reviewed,hand-curated English batch 16 past participle; invariant across pronoun slots; no conjugation library
EN,delay,Indicative,Past Participle,we,delayed,16,reviewed,hand-curated English batch 16 past participle; invariant across pronoun slots; no conjugation library
EN,delay,Indicative,Past Participle,you (pl.),delayed,16,reviewed,hand-curated English batch 16 past participle; invariant across pronoun slots; no conjugation library
EN,delay,Indicative,Past Participle,they,delayed,16,reviewed,hand-curated English batch 16 past participle; invariant across pronoun slots; no conjugation library
EN,unhook,Indicative,Past Participle,I,unhooked,16,reviewed,hand-curated English batch 16 past participle; invariant across pronoun slots; no conjugation library
EN,unhook,Indicative,Past Participle,you,unhooked,16,reviewed,hand-curated English batch 16 past participle; invariant across pronoun slots; no conjugation library
EN,unhook,Indicative,Past Participle,"he (she, it)",unhooked,16,reviewed,hand-curated English batch 16 past participle; invariant across pronoun slots; no conjugation library
EN,unhook,Indicative,Past Participle,we,unhooked,16,reviewed,hand-curated English batch 16 past participle; invariant across pronoun slots; no conjugation library
EN,unhook,Indicative,Past Participle,you (pl.),unhooked,16,reviewed,hand-curated English batch 16 past participle; invariant across pronoun slots; no conjugation library
EN,unhook,Indicative,Past Participle,they,unhooked,16,reviewed,hand-curated English batch 16 past participle; invariant across pronoun slots; no conjugation library
EN,fear,Indicative,Past Participle,I,feared,16,reviewed,hand-curated English batch 16 past participle; invariant across pronoun slots; no conjugation library
EN,fear,Indicative,Past Participle,you,feared,16,reviewed,hand-curated English batch 16 past participle; invariant across pronoun slots; no conjugation library
EN,fear,Indicative,Past Participle,"he (she, it)",feared,16,reviewed,hand-curated English batch 16 past participle; invariant across pronoun slots; no conjugation library
EN,fear,Indicative,Past Participle,we,feared,16,reviewed,hand-curated English batch 16 past participle; invariant across pronoun slots; no conjugation library
EN,fear,Indicative,Past Participle,you (pl.),feared,16,reviewed,hand-curated English batch 16 past participle; invariant across pronoun slots; no conjugation library
EN,fear,Indicative,Past Participle,they,feared,16,reviewed,hand-curated English batch 16 past participle; invariant across pronoun slots; no conjugation library
EN,linger,Indicative,Past Participle,I,lingered,16,reviewed,hand-curated English batch 16 past participle; invariant across pronoun slots; no conjugation library
EN,linger,Indicative,Past Participle,you,lingered,16,reviewed,hand-curated English batch 16 past participle; invariant across pronoun slots; no conjugation library
EN,linger,Indicative,Past Participle,"he (she, it)",lingered,16,reviewed,hand-curated English batch 16 past participle; invariant across pronoun slots; no conjugation library
EN,linger,Indicative,Past Participle,we,lingered,16,reviewed,hand-curated English batch 16 past participle; invariant across pronoun slots; no conjugation library
EN,linger,Indicative,Past Participle,you (pl.),lingered,16,reviewed,hand-curated English batch 16 past participle; invariant across pronoun slots; no conjugation library
EN,linger,Indicative,Past Participle,they,lingered,16,reviewed,hand-curated English batch 16 past participle; invariant across pronoun slots; no conjugation library
EN,influence,Indicative,Past Participle,I,influenced,16,reviewed,hand-curated English batch 16 past participle; invariant across pronoun slots; no conjugation library
EN,influence,Indicative,Past Participle,you,influenced,16,reviewed,hand-curated English batch 16 past participle; invariant across pronoun slots; no conjugation library
EN,influence,Indicative,Past Participle,"he (she, it)",influenced,16,reviewed,hand-curated English batch 16 past participle; invariant across pronoun slots; no conjugation library
EN,influence,Indicative,Past Participle,we,influenced,16,reviewed,hand-curated English batch 16 past participle; invariant across pronoun slots; no conjugation library
EN,influence,Indicative,Past Participle,you (pl.),influenced,16,reviewed,hand-curated English batch 16 past participle; invariant across pronoun slots; no conjugation library
EN,influence,Indicative,Past Participle,they,influenced,16,reviewed,hand-curated English batch 16 past participle; invariant across pronoun slots; no conjugation library
EN,generalize,Indicative,Past Participle,I,generalized,16,reviewed,hand-curated English batch 16 past participle; invariant across pronoun slots; no conjugation library
EN,generalize,Indicative,Past Participle,you,generalized,16,reviewed,hand-curated English batch 16 past participle; invariant across pronoun slots; no conjugation library
EN,generalize,Indicative,Past Participle,"he (she, it)",generalized,16,reviewed,hand-curated English batch 16 past participle; invariant across pronoun slots; no conjugation library
EN,generalize,Indicative,Past Participle,we,generalized,16,reviewed,hand-curated English batch 16 past participle; invariant across pronoun slots; no conjugation library
EN,generalize,Indicative,Past Participle,you (pl.),generalized,16,reviewed,hand-curated English batch 16 past participle; invariant across pronoun slots; no conjugation library
EN,generalize,Indicative,Past Participle,they,generalized,16,reviewed,hand-curated English batch 16 past participle; invariant across pronoun slots; no conjugation library
EN,begin,Indicative,Past Participle,I,begun,16,reviewed,hand-curated English batch 16 past participle; invariant across pronoun slots; no conjugation library
EN,begin,Indicative,Past Participle,you,begun,16,reviewed,hand-curated English batch 16 past participle; invariant across pronoun slots; no conjugation library
EN,begin,Indicative,Past Participle,"he (she, it)",begun,16,reviewed,hand-curated English batch 16 past participle; invariant across pronoun slots; no conjugation library
EN,begin,Indicative,Past Participle,we,begun,16,reviewed,hand-curated English batch 16 past participle; invariant across pronoun slots; no conjugation library
EN,begin,Indicative,Past Participle,you (pl.),begun,16,reviewed,hand-curated English batch 16 past participle; invariant across pronoun slots; no conjugation library
EN,begin,Indicative,Past Participle,they,begun,16,reviewed,hand-curated English batch 16 past participle; invariant across pronoun slots; no conjugation library
EN,sweep,Indicative,Past Participle,I,swept,16,reviewed,hand-curated English batch 16 past participle; invariant across pronoun slots; no conjugation library
EN,sweep,Indicative,Past Participle,you,swept,16,reviewed,hand-curated English batch 16 past participle; invariant across pronoun slots; no conjugation library
EN,sweep,Indicative,Past Participle,"he (she, it)",swept,16,reviewed,hand-curated English batch 16 past participle; invariant across pronoun slots; no conjugation library
EN,sweep,Indicative,Past Participle,we,swept,16,reviewed,hand-curated English batch 16 past participle; invariant across pronoun slots; no conjugation library
EN,sweep,Indicative,Past Participle,you (pl.),swept,16,reviewed,hand-curated English batch 16 past participle; invariant across pronoun slots; no conjugation library
EN,sweep,Indicative,Past Participle,they,swept,16,reviewed,hand-curated English batch 16 past participle; invariant across pronoun slots; no conjugation library
EN,simplify,Indicative,Past Participle,I,simplified,16,reviewed,hand-curated English batch 16 past participle; invariant across pronoun slots; no conjugation library
EN,simplify,Indicative,Past Participle,you,simplified,16,reviewed,hand-curated English batch 16 past participle; invariant across pronoun slots; no conjugation library
EN,simplify,Indicative,Past Participle,"he (she, it)",simplified,16,reviewed,hand-curated English batch 16 past participle; invariant across pronoun slots; no conjugation library
EN,simplify,Indicative,Past Participle,we,simplified,16,reviewed,hand-curated English batch 16 past participle; invariant across pronoun slots; no conjugation library
EN,simplify,Indicative,Past Participle,you (pl.),simplified,16,reviewed,hand-curated English batch 16 past participle; invariant across pronoun slots; no conjugation library
EN,simplify,Indicative,Past Participle,they,simplified,16,reviewed,hand-curated English batch 16 past participle; invariant across pronoun slots; no conjugation library
EN,perfect,Indicative,Past Participle,I,perfected,16,reviewed,hand-curated English batch 16 past participle; invariant across pronoun slots; no conjugation library
EN,perfect,Indicative,Past Participle,you,perfected,16,reviewed,hand-curated English batch 16 past participle; invariant across pronoun slots; no conjugation library
EN,perfect,Indicative,Past Participle,"he (she, it)",perfected,16,reviewed,hand-curated English batch 16 past participle; invariant across pronoun slots; no conjugation library
EN,perfect,Indicative,Past Participle,we,perfected,16,reviewed,hand-curated English batch 16 past participle; invariant across pronoun slots; no conjugation library
EN,perfect,Indicative,Past Participle,you (pl.),perfected,16,reviewed,hand-curated English batch 16 past participle; invariant across pronoun slots; no conjugation library
EN,perfect,Indicative,Past Participle,they,perfected,16,reviewed,hand-curated English batch 16 past participle; invariant across pronoun slots; no conjugation library
EN,exhaust,Indicative,Past Participle,I,exhausted,16,reviewed,hand-curated English batch 16 past participle; invariant across pronoun slots; no conjugation library
EN,exhaust,Indicative,Past Participle,you,exhausted,16,reviewed,hand-curated English batch 16 past participle; invariant across pronoun slots; no conjugation library
EN,exhaust,Indicative,Past Participle,"he (she, it)",exhausted,16,reviewed,hand-curated English batch 16 past participle; invariant across pronoun slots; no conjugation library
EN,exhaust,Indicative,Past Participle,we,exhausted,16,reviewed,hand-curated English batch 16 past participle; invariant across pronoun slots; no conjugation library
EN,exhaust,Indicative,Past Participle,you (pl.),exhausted,16,reviewed,hand-curated English batch 16 past participle; invariant across pronoun slots; no conjugation library
EN,exhaust,Indicative,Past Participle,they,exhausted,16,reviewed,hand-curated English batch 16 past participle; invariant across pronoun slots; no conjugation library
EN,blossom,Indicative,Past Participle,I,blossomed,16,reviewed,hand-curated English batch 16 past participle; invariant across pronoun slots; no conjugation library
EN,blossom,Indicative,Past Participle,you,blossomed,16,reviewed,hand-curated English batch 16 past participle; invariant across pronoun slots; no conjugation library
EN,blossom,Indicative,Past Participle,"he (she, it)",blossomed,16,reviewed,hand-curated English batch 16 past participle; invariant across pronoun slots; no conjugation library
EN,blossom,Indicative,Past Participle,we,blossomed,16,reviewed,hand-curated English batch 16 past participle; invariant across pronoun slots; no conjugation library
EN,blossom,Indicative,Past Participle,you (pl.),blossomed,16,reviewed,hand-curated English batch 16 past participle; invariant across pronoun slots; no conjugation library
EN,blossom,Indicative,Past Participle,they,blossomed,16,reviewed,hand-curated English batch 16 past participle; invariant across pronoun slots; no conjugation library
